#{"t_start": 1770256123.9098809, "env_id": "FetchBridgeBullet7Blocks-v1"}
r,l,t,is_success
0.0,30,90.183067,False
0.0,30,152.479617,False
2.8,30,207.167952,True
0.0,30,268.873496,False
1.4,30,321.387756,True
0.0,30,381.995462,False
0.0,30,450.09562,False
0.0,30,495.300336,False
2.0,30,559.498839,True
0.0,30,625.79606,False
3.0,30,683.91854,True
2.5,30,748.074206,False
0.0,30,803.525232,False
0.9,30,859.207098,True
0.0,30,918.759506,False
0.0,30,981.178741,False
0.0,30,1043.965331,False
2.2,30,1103.893206,True
0.0,30,1173.583549,False
0.0,30,1250.663249,False
2.8,30,1321.630693,True
3.0,30,1377.574095,True
0.0,30,1434.548455,False
2.9,30,1495.680012,True
3.0,30,1563.689446,True
2.7,30,1626.46181,True
2.9,30,1690.19144,True
1.2,30,1755.546856,True
0.0,30,1817.358846,False
0.0,30,1885.613161,False
2.9,30,1957.594477,True
0.0,30,2025.990764,False
0.0,30,2091.99705,False
2.0,30,2145.880266,True
2.3,30,2555.576849,True
0.0,30,2612.656151,False
1.1,30,2676.682335,True
1.1,30,2739.843436,True
0.0,30,2797.985356,False
3.0,30,2862.334974,True
0.0,30,2922.029919,False
2.8,30,2985.339348,True
2.6,30,3051.063648,True
0.0,30,3120.681644,False
0.0,30,3184.596672,False
0.0,30,3245.735096,False
0.0,30,3312.565223,False
2.6,30,3369.225779,True
2.7,30,3437.481024,True
0.0,30,3497.366782,False
0.0,30,3562.246272,False
0.0,30,3624.497068,False
2.8,30,3682.65867,True
0.0,30,3738.275834,False
0.0,30,3800.596424,False
0.0,30,3859.836493,False
1.9,30,3922.49713,True
0.1,30,3982.965752,False
0.0,30,4035.109599,False
0.0,30,4086.924887,False
0.0,30,4150.679612,False
0.0,30,4208.921387,False
0.0,30,4273.014454,False
1.3,30,4334.803454,True
0.0,30,4403.964764,False
0.0,30,4460.170814,False
0.0,30,4517.360308,False
0.0,30,4576.588309,False
2.3,30,5056.00142,True
0.0,30,5117.652408,False
0.0,30,5165.920131,False
0.0,30,5218.677771,False
0.0,30,5286.442234,False
0.0,30,5349.75701,False
0.0,30,5411.50004,False
0.0,30,5470.686361,False
0.0,30,5525.757292,False
0.0,30,5576.309198,False
0.0,30,5633.977775,False
0.0,30,5702.04086,False
0.0,30,5756.326761,False
0.0,30,5817.228643,False
0.0,30,5871.756521,False
0.0,30,5929.414006,False
0.0,30,5984.579113,False
0.0,30,6045.924347,False
0.0,30,6097.717138,False
0.0,30,6154.911048,False
0.0,30,6220.573075,False
2.9,30,6283.137609,True
0.0,30,6346.897108,False
0.0,30,6401.990512,False
0.0,30,6457.403839,False
0.0,30,6520.350328,False
2.4,30,6584.885137,True
0.0,30,6639.423414,False
0.0,30,6694.558651,False
0.0,30,6754.644248,False
0.0,30,6829.038898,False
0.0,30,6882.451976,False
3.0,30,6938.740109,True
0.0,30,7004.292485,False
0.0,30,7422.954951,False
0.0,30,7479.457138,False
0.0,30,7541.087449,False
0.0,30,7600.13747,False
0.0,30,7647.633132,False
0.0,30,7692.911287,False
0.0,30,7749.616327,False
0.0,30,7810.592343,False
2.5,30,7859.739312,True
0.0,30,7926.747699,False
0.4,30,7984.324604,True
2.6,30,8045.318572,True
0.0,30,8106.216364,False
0.0,30,8158.317168,False
0.0,30,8220.241859,False
3.0,30,8268.582413,True
0.0,30,8333.056837,False
2.8,30,8387.70167,True
0.0,30,8448.749086,False
0.0,30,8512.096063,False
0.0,30,8569.186389,False
0.0,30,8628.624076,False
0.0,30,8687.239309,False
0.0,30,8741.040668,False
0.0,30,8802.015567,False
0.0,30,8858.163934,False
0.0,30,8919.762493,False
0.0,30,8974.424505,False
0.0,30,9045.037144,False
0.0,30,9097.73455,False
2.9,30,9170.097629,True
0.0,30,9235.326697,False
0.0,30,9281.179368,False
0.0,30,9338.845764,False
1.9,30,9717.564639,True
2.7,30,9778.739668,True
0.0,30,9842.223256,False
0.0,30,9902.260586,False
0.0,30,9964.434278,False
2.6,30,10022.172674,True
0.0,30,10094.190605,False
0.0,30,10149.861655,False
0.0,30,10201.386294,False
2.7,30,10260.002773,True
0.0,30,10321.980567,False
0.0,30,10390.208766,False
0.0,30,10448.034416,False
0.0,30,10518.03033,False
0.0,30,10587.705663,False
0.0,30,10650.444486,False
0.0,30,10717.448179,False
0.0,30,10769.317136,False
2.8,30,10832.161663,True
2.2,30,10891.542996,True
0.0,30,10950.334863,False
2.5,30,11011.074358,True
0.0,30,11073.201064,False
0.0,30,11135.406713,False
0.0,30,11195.092638,False
2.7,30,11255.718272,True
0.0,30,11308.579271,False
0.0,30,11361.970319,False
0.0,30,11418.84001,False
0.0,30,11476.939158,False
0.0,30,11538.752756,False
0.0,30,11601.827772,False
0.0,30,11655.92389,False
0.0,30,11708.227948,False
0.0,30,12123.316123,False
0.0,30,12186.700287,False
0.0,30,12251.604318,False
2.7,30,12300.074888,True
2.4,30,12359.673576,True
2.9,30,12414.410842,True
2.1,30,12485.726185,True
2.8,30,12547.246237,True
0.0,30,12603.778935,False
0.0,30,12665.362597,False
0.0,30,12721.534539,False
0.0,30,12771.989494,False
0.0,30,12831.005628,False
0.0,30,12884.613531,False
0.0,30,12946.508614,False
0.0,30,13006.012298,False
2.9,30,13070.665845,True
0.0,30,13125.610078,False
0.0,30,13175.670426,False
0.0,30,13231.042565,False
0.0,30,13282.873766,False
0.0,30,13347.322246,False
3.0,30,13407.491774,True
0.0,30,13460.216316,False
2.4,30,13524.202927,True
0.0,30,13581.469887,False
0.0,30,13640.337327,False
0.0,30,13695.236297,False
0.0,30,13759.860412,False
0.0,30,13825.10642,False
0.0,30,13883.561775,False
0.0,30,13944.009662,False
0.0,30,14005.089607,False
0.0,30,14058.811152,False
0.0,30,14471.021015,False
0.0,30,14528.040967,False
0.0,30,14591.858538,False
2.9,30,14657.594403,True
0.0,30,14706.045022,False
0.0,30,14757.387405,False
0.0,30,14807.347559,False
0.0,30,14860.22019,False
0.0,30,14919.051884,False
0.0,30,14975.306244,False
1.1,30,15033.997772,False
2.4,30,15070.667587,True
2.6,30,15126.65509,True
3.0,30,15177.733076,True
0.0,30,15233.290303,False
0.0,30,15291.71779,False
0.0,30,15344.615681,False
0.0,30,15396.82602,False
2.9,30,15453.054943,True
2.7,30,15498.840202,True
2.8,30,15551.872838,True
2.8,30,15607.305529,True
3.0,30,15672.556768,True
0.0,30,15730.177689,False
0.0,30,15792.728593,False
0.0,30,15849.160001,False
0.0,30,15905.798517,False
0.0,30,15964.598604,False
1.1,30,16024.535879,False
2.0,30,16072.350473,True
0.0,30,16135.165849,False
0.0,30,16189.508274,False
0.0,30,16251.180664,False
0.0,30,16311.502642,False
0.0,30,16735.293142,False
2.8,30,16789.152249,True
0.0,30,16850.640033,False
0.0,30,16911.917912,False
0.0,30,16966.385355,False
0.0,30,17018.234363,False
0.0,30,17075.227406,False
0.0,30,17133.795488,False
0.0,30,17194.632282,False
1.8,30,17256.60515,True
0.0,30,17318.353257,False
0.0,30,17365.956341,False
2.9,30,17417.889022,True
0.0,30,17469.991466,False
0.0,30,17528.262629,False
0.0,30,17581.505884,False
0.0,30,17654.100496,False
0.0,30,17715.287663,False
0.0,30,17776.801641,False
0.0,30,17833.978284,False
2.9,30,17884.657516,True
0.0,30,17937.441412,False
0.0,30,17997.579952,False
0.0,30,18058.550709,False
0.0,30,18120.04383,False
0.0,30,18184.961257,False
0.0,30,18235.855628,False
0.0,30,18293.546554,False
0.0,30,18353.040039,False
0.0,30,18410.960815,False
2.3,30,18471.067131,True
0.0,30,18533.385122,False
0.0,30,18587.016219,False
0.0,30,18638.115871,False
3.0,30,18705.006197,True
0.0,30,19079.805532,False
1.7,30,19133.36329,True
0.0,30,19193.45501,False
0.0,30,19245.306479,False
0.0,30,19304.510823,False
2.6,30,19359.59639,True
2.5,30,19411.824493,True
0.0,30,19466.574121,False
2.2,30,19522.765094,True
0.0,30,19572.910154,False
2.9,30,19632.904819,True
1.0,30,19698.749526,True
3.0,30,19754.514503,True
0.0,30,19803.48845,False
1.2,30,19872.961726,False
2.5,30,19930.681169,True
0.0,30,19989.0584,False
0.0,30,20040.949672,False
0.0,30,20092.951306,False
0.0,30,20154.728268,False
0.0,30,20209.290678,False
2.3,30,20270.776552,True
0.0,30,20323.11793,False
0.0,30,20381.683342,False
0.0,30,20434.473137,False
0.0,30,20497.626781,False
0.0,30,20551.475045,False
0.0,30,20608.484681,False
0.0,30,20663.151056,False
0.0,30,20717.273933,False
0.0,30,20770.419186,False
2.2,30,20818.402687,True
2.7,30,20875.068143,True
0.0,30,20933.24935,False
0.0,30,21293.788404,False
2.7,30,21349.865446,True
2.7,30,21410.371921,True
0.0,30,21467.39045,False
2.8,30,21527.514367,True
0.0,30,21583.971845,False
0.0,30,21642.499652,False
2.5,30,21702.623893,True
2.8,30,21765.095846,True
0.0,30,21819.29237,False
0.0,30,21876.252791,False
0.5,30,21933.731787,True
0.0,30,21985.738522,False
0.0,30,22044.029557,False
2.1,30,22097.046772,True
2.6,30,22158.405903,True
0.0,30,22212.461213,False
2.9,30,22271.005571,True
0.0,30,22322.139009,False
3.0,30,22388.640276,True
2.9,30,22443.293629,True
0.0,30,22503.155566,False
0.0,30,22558.588834,False
0.0,30,22604.397314,False
0.0,30,22661.934489,False
0.0,30,22724.66599,False
0.0,30,22785.831308,False
2.4,30,22847.671763,True
0.0,30,22904.775161,False
0.0,30,22960.687455,False
3.0,30,23015.992743,True
0.0,30,23076.0646,False
0.0,30,23131.062128,False
0.0,30,23181.102466,False
0.0,30,23595.174882,False
3.0,30,23657.194964,True
0.0,30,23711.957197,False
2.7,30,23771.841085,True
0.0,30,23824.042911,False
2.5,30,23876.488983,True
2.6,30,23935.910718,True
2.8,30,23990.881341,True
0.0,30,24051.930578,False
2.6,30,24102.776761,True
2.7,30,24160.992154,True
0.0,30,24214.316191,False
0.0,30,24266.273623,False
0.0,30,24321.519806,False
1.7,30,24379.31309,True
0.0,30,24429.267303,False
2.9,30,24485.631203,True
2.8,30,24543.179503,True
0.0,30,24598.700092,False
0.0,30,24654.287218,False
0.0,30,24711.794936,False
1.7,30,24779.280859,True
2.6,30,24833.266514,True
2.2,30,24886.243403,True
3.0,30,24950.887939,True
3.0,30,25004.844773,True
0.0,30,25066.817886,False
2.9,30,25119.787551,True
0.0,30,25177.668525,False
0.0,30,25235.6913,False
0.0,30,25292.008263,False
0.0,30,25343.672919,False
1.5,30,25403.512842,True
0.0,30,25459.266416,False
2.6,30,25827.641789,True
2.8,30,25887.38396,True
0.0,30,25944.271056,False
0.0,30,26006.973687,False
0.0,30,26062.039668,False
0.0,30,26115.344615,False
0.0,30,26189.265527,False
1.4,30,26253.1612,True
0.0,30,26303.400959,False
1.4,30,26350.627643,True
2.9,30,26406.099165,True
2.5,30,26489.772909,True
0.0,30,26550.342075,False
2.1,30,26604.924044,True
2.8,30,26655.199806,True
0.0,30,26719.984596,False
0.0,30,26779.763037,False
0.0,30,26842.076561,False
2.6,30,26895.303761,True
0.0,30,26958.763716,False
2.6,30,27020.889035,True
2.7,30,27076.248466,True
0.0,30,27132.640759,False
0.0,30,27189.715709,False
0.0,30,27251.151601,False
2.7,30,27306.666965,True
0.0,30,27364.835953,False
0.0,30,27419.006873,False
0.0,30,27467.585285,False
0.0,30,27546.968588,False
3.0,30,27603.280539,True
0.0,30,27662.268745,False
2.6,30,27712.74366,True
0.0,30,27776.111809,False
0.0,30,28129.55507,False
2.7,30,28179.73262,True
2.0,30,28236.014645,True
0.0,30,28296.2727,False
2.5,30,28384.043848,True
3.0,30,28448.70459,True
0.0,30,28505.526117,False
2.6,30,28571.397997,True
2.0,30,28636.284405,True
2.7,30,28692.380982,True
1.5,30,28748.115596,True
0.6,30,28820.912595,True
2.7,30,28874.156701,True
3.0,30,28930.121133,True
0.0,30,28986.139367,False
0.0,30,29046.479887,False
1.8,30,29105.378214,True
0.0,30,29154.80131,False
2.9,30,29214.088676,True
0.0,30,29282.192012,False
0.0,30,29336.383631,False
0.0,30,29394.873595,False
0.0,30,29461.239516,False
2.7,30,29511.201198,True
3.0,30,29561.47362,True
3.0,30,29617.647354,True
2.9,30,29671.814661,True
0.0,30,29724.03504,False
0.0,30,29783.555661,False
2.0,30,29838.995214,True
2.8,30,29901.213583,True
0.0,30,29959.532018,False
0.0,30,30011.967613,False
0.0,30,30065.798937,False
2.8,30,30420.142555,True
0.0,30,30474.322592,False
0.0,30,30532.306274,False
2.9,30,30591.335351,True
2.7,30,30653.428877,True
2.6,30,30715.394471,True
0.0,30,30770.653939,False
2.7,30,30828.869642,True
2.7,30,30891.729013,True
3.0,30,30954.566358,True
3.0,30,31022.504463,True
2.0,30,31077.421847,True
2.8,30,31135.867179,True
0.0,30,31194.072664,False
1.9,30,31248.893596,True
1.4,30,31316.926747,True
3.0,30,31380.150231,True
2.6,30,31437.920597,True
1.1,30,31495.891109,True
2.6,30,31559.635058,True
3.0,30,31618.353352,True
0.0,30,31681.403978,False
1.8,30,31741.900522,True
0.0,30,31796.533055,False
0.0,30,31864.226198,False
2.4,30,31915.590916,True
0.0,30,31966.499522,False
3.0,30,32024.003377,True
2.7,30,32075.2028,True
0.0,30,32128.246666,False
0.0,30,32188.525597,False
0.0,30,32244.88972,False
1.3,30,32303.816098,True
0.0,30,32361.22734,False
0.0,30,32702.426756,False
0.0,30,32767.803673,False
0.0,30,32824.629565,False
0.0,30,32879.316507,False
0.0,30,32946.775718,False
0.0,30,33008.816277,False
2.8,30,33069.86832,True
3.0,30,33123.362705,True
0.0,30,33180.708864,False
0.0,30,33243.333817,False
0.0,30,33298.056159,False
0.0,30,33350.666557,False
2.0,30,33415.302578,True
2.7,30,33470.765604,True
0.0,30,33532.879044,False
0.0,30,33595.519518,False
2.9,30,33661.731378,True
2.7,30,33721.557409,True
2.8,30,33780.162701,True
0.0,30,33831.808269,False
3.0,30,33888.061003,True
0.0,30,33951.025445,False
2.8,30,34004.011916,True
2.8,30,34059.60825,True
2.7,30,34115.223436,True
1.4,30,34169.914927,True
0.0,30,34236.03232,False
2.5,30,34296.994984,True
0.0,30,34354.318515,False
0.7,30,34410.734154,True
0.0,30,34473.916806,False
0.0,30,34537.404711,False
2.8,30,34591.007551,True
0.0,30,34647.383888,False
0.0,30,34708.810391,False
0.0,30,35081.353785,False
2.6,30,35153.036603,True
0.0,30,35209.125597,False
2.9,30,35263.95307,True
3.0,30,35325.479177,True
0.5,30,35378.694557,True
2.4,30,35444.205634,True
2.7,30,35503.654236,True
0.0,30,35558.897779,False
0.3,30,35626.100044,True
0.0,30,35691.879275,False
0.0,30,35741.823441,False
3.0,30,35801.300798,True
2.6,30,35856.053947,True
2.3,30,35914.786365,True
0.0,30,35969.487122,False
0.0,30,36026.309076,False
0.0,30,36088.376543,False
2.3,30,36151.035304,True
2.2,30,36205.037706,True
2.8,30,36266.981968,True
2.8,30,36324.052734,True
3.0,30,36393.112987,True
2.2,30,36451.415533,True
2.8,30,36507.932654,True
0.0,30,36570.891918,False
0.0,30,36633.949996,False
0.0,30,36699.527457,False
0.0,30,36754.857512,False
0.0,30,36811.639162,False
3.0,30,36867.656363,True
1.9,30,36926.914365,True
2.8,30,36996.496425,True
0.0,30,37053.687873,False
2.7,30,37432.13898,True
2.6,30,37490.929018,True
0.0,30,37556.981498,False
2.3,30,37617.450042,True
2.9,30,37669.975324,True
2.2,30,37728.204781,True
0.0,30,37791.491627,False
3.0,30,37840.327432,True
2.8,30,37893.853215,True
0.1,30,37957.483121,False
0.0,30,38016.759455,False
0.0,30,38078.021327,False
2.0,30,38135.909096,True
0.0,30,38203.417182,False
0.0,30,38259.736368,False
2.7,30,38317.02821,True
0.0,30,38386.363855,False
2.5,30,38443.400492,True
2.8,30,38505.127907,True
0.0,30,38567.470931,False
0.0,30,38626.022626,False
2.9,30,38681.804709,True
0.0,30,38740.60948,False
2.9,30,38801.34687,True
0.0,30,38877.436343,False
0.0,30,38938.223769,False
0.0,30,39002.822034,False
0.0,30,39077.459788,False
0.0,30,39147.643748,False
1.1,30,39210.616987,True
0.0,30,39272.393174,False
0.0,30,39335.636625,False
0.0,30,39400.375257,False
2.8,30,39457.751654,True
2.6,30,39862.468654,True
2.5,30,39925.687807,True
2.7,30,39988.267531,True
0.0,30,40044.220771,False
0.0,30,40102.027971,False
0.0,30,40171.283594,False
2.7,30,40231.249362,True
2.6,30,40292.239941,True
0.0,30,40354.188877,False
0.0,30,40413.941132,False
2.6,30,40482.331208,True
2.4,30,40541.787742,True
0.0,30,40604.837209,False
1.3,30,40668.539666,True
2.8,30,40725.796688,True
0.0,30,40786.156541,False
2.8,30,40841.304314,True
0.0,30,40922.888625,False
0.0,30,40978.201494,False
0.0,30,41040.600705,False
0.0,30,41102.442637,False
2.8,30,41160.3256,True
2.9,30,41218.921668,True
0.0,30,41279.506508,False
0.0,30,41340.688308,False
0.0,30,41395.817689,False
3.0,30,41461.500017,True
2.3,30,41507.980639,True
0.0,30,41561.325215,False
0.0,30,41623.821909,False
2.3,30,41681.879701,True
0.0,30,41739.60505,False
1.9,30,41804.228978,True
0.0,30,41868.307366,False
2.9,30,42281.496032,True
0.0,30,42347.276366,False
1.9,30,42409.819633,True
0.0,30,42472.178624,False
2.3,30,42533.037563,True
2.8,30,42604.132816,True
0.0,30,42672.711845,False
0.0,30,42738.962579,False
0.0,30,42797.740653,False
2.8,30,42855.894005,True
2.2,30,42935.660477,True
0.0,30,43003.280258,False
3.0,30,43066.448876,True
1.5,30,43130.698345,True
2.4,30,43189.518577,True
1.9,30,43245.473824,True
0.0,30,43307.070184,False
3.0,30,43376.245637,True
2.8,30,43424.348474,True
2.9,30,43481.78685,True
0.0,30,43544.202934,False
2.7,30,43602.575572,True
0.0,30,43664.002563,False
2.8,30,43719.218201,True
2.9,30,43775.194005,True
0.3,30,43839.167236,False
0.0,30,43894.839024,False
1.3,30,43958.469678,False
2.1,30,44028.094661,True
2.2,30,44091.411007,True
0.0,30,44156.665786,False
0.0,30,44210.478777,False
2.7,30,44258.561709,True
2.7,30,44307.602725,True
0.0,30,44635.244131,False
2.1,30,44676.542083,True
2.2,30,44722.013287,True
2.8,30,44789.035398,True
1.7,30,44839.581177,True
2.2,30,44891.468506,True
2.6,30,44937.73928,True
0.0,30,44984.49312,False
0.0,30,45025.260273,False
2.4,30,45065.043979,True
2.5,30,45112.074247,True
0.0,30,45159.161644,False
2.1,30,45204.02548,True
0.0,30,45246.999711,False
1.6,30,45295.536606,True
0.0,30,45332.36071,False
1.2,30,45374.911567,True
0.0,30,45419.027691,False
0.0,30,45465.168436,False
0.0,30,45507.00784,False
2.1,30,45553.805666,True
0.0,30,45596.832249,False
2.7,30,45637.651982,True
2.4,30,45678.58029,True
0.0,30,45723.764194,False
0.0,30,45771.368485,False
2.8,30,45821.303312,True
0.0,30,45867.729114,False
0.0,30,45920.656871,False
2.8,30,45966.720786,True
0.0,30,46011.966217,False
2.1,30,46060.361571,True
0.0,30,46101.817862,False
2.4,30,46144.993282,True
0.0,30,46485.683954,False
0.0,30,46528.430838,False
0.0,30,46569.796361,False
3.0,30,46619.267274,True
2.5,30,46668.591597,True
2.6,30,46719.815532,True
0.0,30,46758.089997,False
0.0,30,46804.202395,False
0.0,30,46853.856303,False
2.6,30,46902.209595,True
0.0,30,46948.364541,False
0.0,30,46997.899029,False
2.5,30,47060.806527,True
0.0,30,47112.728441,False
2.6,30,47156.672133,True
0.0,30,47200.708007,False
0.0,30,47247.72194,False
3.0,30,47293.993679,True
2.9,30,47340.748131,True
2.8,30,47391.250249,True
0.0,30,47441.513727,False
0.0,30,47484.83127,False
0.0,30,47536.364844,False
2.9,30,47588.20674,True
2.9,30,47635.34598,True
0.0,30,47685.910894,False
0.4,30,47746.484315,True
0.0,30,47795.807513,False
2.5,30,47837.450636,True
2.4,30,47886.169237,True
2.9,30,47939.313877,True
0.0,30,47984.90115,False
0.0,30,48031.78788,False
2.6,30,48078.754683,True
0.0,30,48370.557253,False
0.0,30,48424.202898,False
0.0,30,48466.662742,False
0.0,30,48515.593831,False
0.8,30,48562.033427,True
0.0,30,48604.139441,False
0.4,30,48659.399153,False
0.0,30,48698.393981,False
0.0,30,48747.812743,False
2.9,30,48795.326454,True
0.0,30,48851.579999,False
0.0,30,48898.440532,False
0.0,30,48948.757409,False
2.3,30,49007.042505,True
2.2,30,49050.090374,True
0.0,30,49098.907734,False
2.8,30,49138.723857,True
0.0,30,49181.542332,False
0.0,30,49223.491377,False
1.9,30,49279.205191,False
2.1,30,49324.775052,True
3.0,30,49366.319856,True
0.0,30,49446.422707,False
2.8,30,49496.671923,True
2.6,30,49539.944427,True
0.0,30,49585.027179,False
2.9,30,49631.638992,True
0.0,30,49679.661361,False
0.0,30,49732.644259,False
2.1,30,49787.694919,True
2.6,30,49835.378721,True
0.0,30,49886.240936,False
0.0,30,49937.825648,False
0.0,30,49984.747943,False
2.8,30,50308.268497,True
0.0,30,50356.50427,False
0.0,30,50400.428538,False
0.0,30,50448.558333,False
0.0,30,50494.394388,False
2.7,30,50543.953723,True
2.4,30,50599.183365,True
2.8,30,50652.576791,True
0.0,30,50697.363884,False
3.0,30,50737.464731,True
2.7,30,50787.971481,True
0.0,30,50837.292976,False
0.0,30,50881.914001,False
0.0,30,50925.683379,False
0.0,30,50973.258622,False
0.0,30,51024.385306,False
0.0,30,51071.014381,False
0.0,30,51118.256094,False
0.0,30,51167.770623,False
0.0,30,51211.894928,False
0.0,30,51256.814382,False
0.0,30,51305.493272,False
0.0,30,51353.254122,False
0.0,30,51396.173817,False
0.0,30,51437.208966,False
0.0,30,51484.599229,False
0.0,30,51528.549827,False
0.0,30,51571.282174,False
0.0,30,51613.954992,False
2.5,30,51654.735978,True
2.6,30,51701.73793,True
2.8,30,51747.782604,True
0.0,30,51799.833196,False
2.7,30,51846.439238,True
0.0,30,51894.188449,False
1.2,30,52193.443097,True
1.0,30,52235.778343,False
2.9,30,52280.742604,True
0.0,30,52329.077344,False
2.8,30,52377.274119,True
0.0,30,52415.663504,False
1.7,30,52466.907723,True
0.0,30,52525.990274,False
2.7,30,52571.260869,True
0.0,30,52617.800972,False
0.0,30,52661.996767,False
1.8,30,52706.916017,True
0.8,30,52753.956636,False
0.0,30,52801.460669,False
2.6,30,52845.167961,True
0.0,30,52889.088233,False
2.9,30,52936.189313,True
2.9,30,52984.723501,True
0.0,30,53034.896367,False
2.3,30,53077.480279,True
2.8,30,53116.563401,True
0.0,30,53161.957931,False
0.0,30,53206.624813,False
0.0,30,53257.451235,False
0.0,30,53305.191321,False
2.8,30,53353.481886,True
0.0,30,53399.921865,False
0.0,30,53444.387115,False
2.8,30,53487.382809,True
2.7,30,53527.31686,True
1.1,30,53576.747398,True
2.1,30,53620.460579,True
2.6,30,53662.190587,True
2.6,30,53706.222851,True
2.7,30,54036.232368,True
0.0,30,54090.119285,False
2.7,30,54134.805456,True
2.8,30,54177.214058,True
0.0,30,54225.498155,False
0.0,30,54273.556682,False
2.7,30,54319.050792,True
0.0,30,54361.928962,False
2.2,30,54406.38942,True
2.6,30,54454.293194,True
0.0,30,54498.766469,False
0.0,30,54543.410322,False
2.8,30,54588.898804,True
0.8,30,54637.170754,False
0.0,30,54685.267462,False
0.0,30,54733.524269,False
0.0,30,54775.212228,False
2.4,30,54824.894295,True
0.0,30,54874.91844,False
3.0,30,54919.897784,True
2.4,30,54970.211896,True
0.0,30,55019.778044,False
0.0,30,55070.400337,False
3.0,30,55114.714692,True
0.0,30,55171.396055,False
2.8,30,55217.506394,True
0.0,30,55268.392818,False
2.9,30,55316.724255,True
2.9,30,55358.798505,True
0.0,30,55405.562898,False
0.0,30,55452.359606,False
0.0,30,55507.241483,False
3.0,30,55551.285125,True
0.0,30,55599.319708,False
2.4,30,55913.484581,True
3.0,30,55962.921082,True
2.6,30,56012.627239,True
3.0,30,56057.249131,True
2.9,30,56104.80922,True
2.8,30,56150.67303,True
0.3,30,56193.434183,False
0.8,30,56240.102571,True
2.5,30,56289.193635,True
2.4,30,56332.298884,True
2.8,30,56382.498803,True
0.0,30,56426.112746,False
0.0,30,56473.28581,False
2.8,30,56515.108188,True
1.9,30,56568.062198,True
2.9,30,56606.730243,True
0.0,30,56653.994778,False
1.8,30,56702.131629,True
0.0,30,56750.924855,False
0.0,30,56796.365863,False
0.0,30,56841.073197,False
3.0,30,56892.688448,True
0.0,30,56933.193559,False
0.0,30,56981.599593,False
2.8,30,57030.560207,True
0.0,30,57075.338708,False
0.0,30,57118.058686,False
2.9,30,57159.551039,True
2.9,30,57202.896421,True
0.0,30,57248.951404,False
2.7,30,57297.983246,True
0.0,30,57345.070331,False
2.3,30,57390.363477,True
0.0,30,57447.914717,False
2.4,30,57737.55234,True
0.0,30,57782.177696,False
3.0,30,57831.982807,True
0.0,30,57875.505911,False
0.0,30,57924.058789,False
0.0,30,57970.202994,False
0.0,30,58022.652324,False
1.1,30,58075.047568,True
2.9,30,58127.368273,True
2.8,30,58183.845156,True
2.7,30,58247.752062,True
0.0,30,58295.829539,False
3.0,30,58338.218824,True
0.0,30,58379.468289,False
0.0,30,58444.945012,False
0.0,30,58490.338223,False
0.0,30,58540.769943,False
0.0,30,58586.228211,False
2.7,30,58629.941463,True
2.6,30,58670.698931,True
2.9,30,58728.2719,True
2.6,30,58773.250379,True
0.6,30,58815.66104,True
0.0,30,58863.308507,False
2.6,30,58908.719861,True
2.8,30,58959.71736,True
0.0,30,59003.747808,False
0.0,30,59052.109597,False
0.0,30,59094.419842,False
3.0,30,59134.952414,True
2.8,30,59179.39749,True
2.4,30,59219.506268,True
0.0,30,59264.149416,False
0.0,30,59314.380964,False
2.9,30,59594.354435,True
2.8,30,59639.578172,True
0.0,30,59686.473794,False
0.0,30,59738.003699,False
0.0,30,59780.034379,False
2.7,30,59816.343643,True
2.8,30,59858.814333,True
2.8,30,59903.504968,True
0.0,30,59947.671885,False
2.1,30,59995.136281,True
2.8,30,60052.743335,True
0.0,30,60099.496757,False
0.0,30,60144.46254,False
2.9,30,60190.472053,True
1.8,30,60233.842139,True
0.0,30,60288.799801,False
2.8,30,60332.358376,True
0.0,30,60389.758347,False
2.7,30,60439.542302,True
0.0,30,60490.734343,False
0.0,30,60537.39511,False
2.9,30,60585.62452,True
0.0,30,60638.600743,False
2.6,30,60687.21119,True
0.0,30,60734.37969,False
2.9,30,60787.202563,True
0.0,30,60832.146337,False
0.0,30,60878.602738,False
0.0,30,60923.102252,False
0.4,30,60970.788678,True
2.4,30,61012.586507,True
3.0,30,61060.017593,True
2.6,30,61106.07048,True
0.0,30,61165.830915,False
0.0,30,61469.464254,False
0.0,30,61510.474397,False
2.8,30,61561.634666,True
0.0,30,61601.930467,False
0.0,30,61644.348363,False
2.8,30,61682.609144,True
2.8,30,61724.818061,True
0.0,30,61765.539597,False
0.0,30,61811.489323,False
0.0,30,61853.887853,False
0.0,30,61899.711878,False
2.7,30,61942.599701,True
2.8,30,61992.426373,True
0.7,30,62046.092304,True
2.2,30,62093.039669,True
0.0,30,62140.811842,False
0.0,30,62191.679147,False
0.0,30,62241.582164,False
2.3,30,62291.498605,True
1.9,30,62356.363068,True
0.0,30,62403.399666,False
0.0,30,62450.963444,False
2.1,30,62499.505401,True
2.8,30,62546.659681,True
1.8,30,62609.554866,True
0.0,30,62660.714068,False
2.8,30,62705.067031,True
2.8,30,62751.080666,True
2.7,30,62795.95813,True
2.7,30,62843.973745,True
0.0,30,62892.723081,False
0.0,30,62939.443806,False
0.0,30,62987.623801,False
0.3,30,63039.784799,False
0.0,30,63364.126959,False
2.6,30,63412.936527,True
0.7,30,63468.304889,True
2.4,30,63511.738674,True
2.8,30,63557.068905,True
0.0,30,63600.233219,False
2.7,30,63653.213003,True
2.7,30,63700.615595,True
0.0,30,63745.74222,False
0.0,30,63794.930114,False
0.0,30,63837.564623,False
0.0,30,63884.026755,False
0.0,30,63930.801596,False
2.9,30,63978.086992,True
0.0,30,64024.170447,False
0.0,30,64082.413417,False
0.0,30,64129.983068,False
2.4,30,64177.341957,True
0.0,30,64221.239614,False
0.0,30,64265.643756,False
0.0,30,64306.050398,False
2.9,30,64356.853362,True
0.0,30,64402.643192,False
1.0,30,64455.399704,True
2.8,30,64504.824996,True
2.7,30,64550.714628,True
1.1,30,64599.970486,False
2.5,30,64648.269449,True
2.7,30,64691.416016,True
2.9,30,64753.690814,True
2.6,30,64806.780026,True
2.9,30,64845.693077,True
2.0,30,64893.047492,True
0.0,30,64944.115771,False
2.2,30,64998.263992,True
2.0,30,65297.424853,True
2.7,30,65342.096907,True
1.8,30,65387.565363,True
0.2,30,65436.244272,False
0.0,30,65485.143605,False
2.7,30,65528.171934,True
0.0,30,65577.878731,False
2.9,30,65625.957527,True
2.9,30,65671.292599,True
2.8,30,65718.632804,True
0.0,30,65763.579857,False
0.0,30,65809.9063,False
0.0,30,65863.496143,False
2.6,30,65913.474086,True
3.0,30,65963.821602,True
0.0,30,66016.508288,False
0.0,30,66062.520181,False
2.9,30,66104.62716,True
0.0,30,66153.537319,False
2.9,30,66191.926607,True
0.0,30,66241.281957,False
0.0,30,66318.133959,False
0.0,30,66402.159016,False
2.4,30,66455.704782,True
2.6,30,66518.364934,True
1.6,30,66566.493006,True
0.0,30,66609.337789,False
2.8,30,66654.360217,True
2.8,30,66702.913443,True
0.0,30,66761.4369,False
0.0,30,66805.739847,False
2.9,30,66856.89959,True
2.2,30,66909.004931,True
2.5,30,66953.80327,True
2.7,30,67248.229092,True
3.0,30,67296.81635,True
0.9,30,67344.929852,True
0.0,30,67391.938033,False
0.0,30,67435.852236,False
0.0,30,67493.281212,False
0.0,30,67535.450774,False
0.0,30,67580.763825,False
0.0,30,67626.42696,False
2.6,30,67671.480098,True
0.0,30,67717.069121,False
2.2,30,67763.795956,True
0.0,30,67814.220087,False
0.0,30,67859.284063,False
2.9,30,67918.768595,True
1.0,30,67964.825317,False
2.9,30,68013.127921,True
0.0,30,68060.556185,False
0.0,30,68106.19435,False
0.0,30,68149.713599,False
2.7,30,68200.122416,True
0.0,30,68246.595655,False
0.0,30,68290.263836,False
2.5,30,68342.27701,True
0.0,30,68390.58469,False
0.0,30,68434.996452,False
0.0,30,68478.462663,False
2.8,30,68519.472633,True
0.9,30,68560.360788,False
0.0,30,68608.115744,False
0.0,30,68656.442728,False
2.3,30,68703.155054,True
2.6,30,68749.771953,True
0.0,30,68796.166502,False
2.8,30,69123.986081,True
0.0,30,69172.859862,False
0.0,30,69218.35917,False
2.8,30,69265.597413,True
3.0,30,69313.33571,True
2.8,30,69359.027088,True
3.0,30,69407.702549,True
0.0,30,69458.088543,False
0.0,30,69504.218462,False
2.5,30,69547.039241,True
2.6,30,69597.626711,True
0.0,30,69645.364413,False
2.8,30,69691.138515,True
2.6,30,69742.097513,True
0.0,30,69792.777755,False
1.3,30,69836.844392,True
0.0,30,69883.317839,False
0.0,30,69931.550221,False
0.0,30,69977.035319,False
2.8,30,70025.900188,True
2.9,30,70079.281257,True
0.0,30,70124.981581,False
1.6,30,70168.546853,False
0.0,30,70216.508023,False
2.5,30,70264.781088,True
1.9,30,70310.424172,True
3.0,30,70360.518206,True
2.3,30,70415.639709,True
2.7,30,70469.316566,True
2.7,30,70518.652775,True
2.4,30,70564.11198,True
0.0,30,70610.634118,False
0.0,30,70655.206328,False
0.0,30,70708.107988,False
2.8,30,71021.673554,True
0.0,30,71066.713638,False
2.7,30,71120.335325,True
0.0,30,71163.118351,False
2.9,30,71210.220415,True
0.0,30,71263.339852,False
0.0,30,71312.86758,False
0.0,30,71358.429026,False
2.8,30,71403.518238,True
2.8,30,71453.007801,True
0.0,30,71504.971266,False
2.8,30,71548.564952,True
2.9,30,71594.857711,True
2.6,30,71640.645976,True
2.3,30,71693.119756,True
0.0,30,71738.49701,False
2.3,30,71779.68782,True
0.0,30,71827.449083,False
2.3,30,71871.070818,True
0.0,30,71921.157095,False
0.0,30,71968.415241,False
2.8,30,72015.679708,True
2.2,30,72072.546538,True
2.6,30,72121.934124,True
2.6,30,72170.072477,True
2.1,30,72218.732335,True
0.0,30,72287.112323,False
2.7,30,72337.327568,True
2.8,30,72381.348119,True
0.0,30,72431.894322,False
2.7,30,72479.914569,True
0.0,30,72528.96499,False
0.0,30,72580.274922,False
0.0,30,72625.589719,False
0.0,30,72963.944402,False
2.2,30,73012.892029,True
0.0,30,73071.735475,False
0.0,30,73119.656063,False
2.4,30,73166.230629,True
0.0,30,73215.81606,False
2.8,30,73263.745905,True
0.0,30,73313.542019,False
3.0,30,73364.055847,True
0.0,30,73408.968704,False
0.0,30,73456.222671,False
2.3,30,73518.319504,True
2.8,30,73564.975396,True
0.4,30,73621.55838,False
3.0,30,73672.764008,True
0.0,30,73723.929928,False
0.4,30,73771.911898,False
2.8,30,73815.523453,True
2.5,30,73864.269979,True
2.2,30,73913.226184,True
2.9,30,73961.10742,True
2.6,30,74004.694906,True
0.8,30,74062.879768,True
2.1,30,74102.731559,True
3.0,30,74148.906173,True
0.0,30,74195.47216,False
0.0,30,74241.887817,False
0.5,30,74286.664799,False
2.7,30,74333.158163,True
0.0,30,74381.826151,False
2.4,30,74425.975208,True
0.0,30,74475.821284,False
2.9,30,74523.107063,True
2.3,30,74590.373254,True
0.0,30,74918.289768,False
1.8,30,74969.712187,True
0.0,30,75019.971359,False
0.0,30,75068.911593,False
2.5,30,75117.406956,True
0.0,30,75165.693677,False
0.0,30,75208.326149,False
2.8,30,75284.520997,True
2.8,30,75332.218534,True
0.0,30,75378.188501,False
0.0,30,75425.200498,False
0.0,30,75476.102756,False
0.0,30,75525.260314,False
2.9,30,75568.3793,True
0.0,30,75614.647584,False
0.0,30,75658.351651,False
1.9,30,75711.539121,False
0.0,30,75757.952371,False
0.0,30,75812.148275,False
0.0,30,75858.526777,False
0.0,30,75908.884389,False
2.4,30,75955.63797,True
0.0,30,76002.326329,False
0.0,30,76054.34173,False
0.0,30,76100.863018,False
2.9,30,76149.572884,True
0.0,30,76195.774932,False
2.7,30,76239.611215,True
2.7,30,76285.438201,True
0.0,30,76331.872435,False
0.0,30,76382.944766,False
0.0,30,76427.084055,False
2.7,30,76472.792368,True
2.1,30,76521.79752,False
2.7,30,76876.904305,True
0.0,30,76928.534131,False
2.4,30,76980.822836,True
0.0,30,77026.6762,False
0.0,30,77076.31474,False
2.9,30,77124.141095,True
2.7,30,77174.287439,True
2.6,30,77217.974243,True
0.0,30,77265.37773,False
0.0,30,77315.420638,False
0.0,30,77371.345366,False
0.0,30,77426.061913,False
0.0,30,77473.54523,False
0.3,30,77523.44674,False
2.3,30,77573.56237,True
3.0,30,77626.308557,True
2.4,30,77672.640057,True
2.3,30,77716.698204,True
2.7,30,77763.046,True
2.8,30,77807.494785,True
0.0,30,77856.949512,False
1.2,30,77899.049129,False
0.0,30,77960.467244,False
0.0,30,78011.455851,False
0.0,30,78063.063017,False
0.0,30,78109.597674,False
0.0,30,78156.298639,False
0.0,30,78209.226603,False
0.0,30,78258.179043,False
2.7,30,78307.067248,True
0.0,30,78356.565956,False
0.0,30,78415.435512,False
2.8,30,78466.108769,True
0.0,30,78505.815192,False
0.0,30,78837.261994,False
2.7,30,78883.058926,True
2.5,30,78928.138934,True
0.0,30,78970.446583,False
0.0,30,79015.590852,False
2.7,30,79061.12121,True
0.0,30,79106.894031,False
0.0,30,79159.665945,False
0.0,30,79206.085493,False
0.0,30,79269.083686,False
0.0,30,79318.316485,False
0.0,30,79364.025006,False
2.9,30,79405.200442,True
2.5,30,79452.066173,True
2.5,30,79507.90666,True
0.0,30,79562.441799,False
0.0,30,79611.074395,False
0.0,30,79656.608823,False
2.3,30,79699.214201,True
0.0,30,79745.974583,False
0.0,30,79794.719146,False
0.0,30,79841.229805,False
0.0,30,79887.79237,False
0.0,30,79933.552314,False
2.7,30,79980.270352,True
0.0,30,80022.383037,False
2.9,30,80075.956754,True
2.5,30,80116.314632,True
2.8,30,80176.924015,True
0.0,30,80224.737728,False
2.8,30,80270.628467,True
2.8,30,80319.121707,True
2.6,30,80363.479088,True
0.0,30,80406.069241,False
2.8,30,80451.981059,True
0.0,30,80798.319954,False
2.5,30,80840.301111,True
0.0,30,80889.918338,False
0.0,30,80944.251672,False
2.8,30,80994.592918,True
2.1,30,81038.023479,True
2.7,30,81084.740061,True
0.0,30,81131.029115,False
0.0,30,81181.719389,False
2.8,30,81226.1764,True
2.8,30,81273.607293,True
0.0,30,81318.786166,False
2.3,30,81366.862592,True
2.5,30,81409.825712,True
0.0,30,81461.405355,False
0.0,30,81511.534929,False
0.0,30,81560.47534,False
0.0,30,81608.990125,False
2.9,30,81648.897993,True
0.0,30,81696.13605,False
0.0,30,81745.481578,False
3.0,30,81795.735323,True
1.8,30,81842.391584,True
0.0,30,81889.896778,False
2.9,30,81931.096914,True
0.0,30,81975.703981,False
0.0,30,82022.530587,False
2.8,30,82070.934804,True
0.0,30,82118.742756,False
0.0,30,82166.723409,False
0.0,30,82207.57795,False
2.0,30,82262.849101,True
0.0,30,82309.314092,False
0.0,30,82354.840029,False
0.0,30,82681.57962,False
0.0,30,82730.48558,False
2.6,30,82776.88304,True
0.0,30,82822.725122,False
0.0,30,82873.865688,False
3.0,30,82924.949748,True
0.0,30,82966.133205,False
2.3,30,83006.556362,True
3.0,30,83049.145593,True
0.0,30,83101.499538,False
0.0,30,83150.577552,False
2.8,30,83195.231068,True
0.0,30,83238.882132,False
0.0,30,83285.176482,False
2.3,30,83333.84885,True
0.0,30,83375.521594,False
2.7,30,83419.307865,True
0.0,30,83468.488032,False
0.9,30,83520.503026,True
2.5,30,83571.045461,True
0.8,30,83622.143957,True
2.5,30,83669.90927,True
0.0,30,83718.512362,False
0.0,30,83765.742693,False
2.7,30,83810.986451,True
2.2,30,83859.346334,True
0.0,30,83908.421711,False
0.0,30,83956.60748,False
2.7,30,84001.987829,True
0.0,30,84047.994224,False
2.7,30,84095.465877,True
0.0,30,84139.834864,False
2.9,30,84189.356465,True
2.9,30,84237.969203,True
0.0,30,84554.451017,False
0.0,30,84596.774058,False
0.1,30,84642.409585,True
0.0,30,84701.173211,False
2.4,30,84747.316336,True
0.0,30,84796.269904,False
2.2,30,84837.925404,True
2.7,30,84896.375238,True
0.0,30,84947.138354,False
0.0,30,84995.908407,False
0.8,30,85054.334755,True
0.0,30,85101.676229,False
0.0,30,85147.811415,False
0.0,30,85194.973269,False
0.0,30,85237.465305,False
3.0,30,85283.09133,True
0.0,30,85329.663601,False
0.0,30,85375.831889,False
0.0,30,85435.284547,False
2.9,30,85482.278944,True
1.8,30,85527.20252,True
0.0,30,85572.340841,False
2.8,30,85620.321822,True
2.2,30,85675.634763,True
0.0,30,85720.510903,False
0.0,30,85764.303689,False
0.6,30,85807.830467,True
0.0,30,85854.411237,False
0.0,30,85897.437774,False
0.0,30,85942.734603,False
3.0,30,85988.255875,True
0.0,30,86035.898365,False
2.8,30,86080.259243,True
3.0,30,86127.122285,True
0.0,30,86484.248568,False
2.9,30,86528.740903,True
1.9,30,86575.889997,True
0.0,30,86630.857322,False
0.0,30,86685.836798,False
1.8,30,86734.503057,True
2.8,30,86785.407058,True
0.0,30,86834.471385,False
0.0,30,86885.981517,False
2.4,30,86935.373738,True
2.7,30,86982.173391,True
2.8,30,87031.048206,True
3.0,30,87076.793427,True
0.0,30,87120.656142,False
0.0,30,87170.584235,False
2.7,30,87222.027685,True
2.6,30,87277.276871,True
0.0,30,87320.377749,False
3.0,30,87365.884387,True
0.0,30,87410.218854,False
2.7,30,87454.07883,True
0.0,30,87496.867962,False
2.3,30,87550.207823,False
0.0,30,87594.880321,False
0.0,30,87638.637843,False
2.6,30,87693.987156,True
3.0,30,87749.409616,True
3.0,30,87797.797098,True
0.0,30,87844.182699,False
3.0,30,87889.999426,True
0.0,30,87936.734636,False
0.0,30,87986.219457,False
0.0,30,88033.258969,False
0.0,30,88078.897732,False
0.0,30,88367.890956,False
2.3,30,88411.97834,True
0.0,30,88456.952375,False
0.0,30,88500.315692,False
0.0,30,88542.574984,False
0.4,30,88586.505172,True
2.9,30,88637.540907,True
0.0,30,88691.792257,False
0.3,30,88740.117471,True
2.7,30,88787.19168,True
0.0,30,88833.81605,False
0.0,30,88891.020052,False
1.6,30,88934.319333,True
0.0,30,88984.894369,False
2.1,30,89034.720613,True
0.0,30,89097.436538,False
0.0,30,89148.507786,False
0.0,30,89187.585013,False
0.0,30,89237.104539,False
2.1,30,89292.690134,True
0.0,30,89344.578361,False
0.0,30,89400.211272,False
0.0,30,89453.68451,False
0.0,30,89500.653474,False
0.0,30,89547.973072,False
3.0,30,89596.578389,True
0.0,30,89641.790329,False
0.0,30,89685.43888,False
0.0,30,89731.966148,False
0.0,30,89784.510627,False
0.0,30,89833.901752,False
2.6,30,89878.737078,True
0.0,30,89929.949244,False
0.0,30,89973.341997,False
0.0,30,90289.201005,False
2.6,30,90335.992005,True
0.0,30,90376.660784,False
0.0,30,90420.019464,False
2.5,30,90469.40803,True
0.0,30,90518.721942,False
2.4,30,90563.077684,True
3.0,30,90608.802292,True
2.1,30,90658.41726,True
0.0,30,90705.094154,False
0.0,30,90754.488604,False
0.0,30,90806.970738,False
0.0,30,90857.597036,False
0.0,30,90902.103341,False
0.0,30,90947.12319,False
0.0,30,90995.073624,False
0.0,30,91041.982781,False
0.0,30,91094.578802,False
2.6,30,91137.460056,True
0.0,30,91180.545065,False
0.0,30,91231.328048,False
2.9,30,91277.717022,True
0.0,30,91324.842089,False
0.0,30,91364.482437,False
2.9,30,91410.506988,True
3.0,30,91459.925689,True
2.4,30,91506.28882,True
0.0,30,91550.231106,False
0.0,30,91594.258277,False
0.0,30,91636.655106,False
0.0,30,91680.026689,False
0.0,30,91726.893755,False
0.0,30,91773.100672,False
2.0,30,91821.222029,True
0.0,30,92164.717307,False
2.8,30,92206.453172,True
0.0,30,92247.702173,False
0.0,30,92295.367226,False
0.0,30,92346.928962,False
1.9,30,92403.031451,True
0.0,30,92450.672448,False
0.0,30,92496.291968,False
0.0,30,92540.568882,False
0.0,30,92589.234808,False
0.0,30,92633.420393,False
0.0,30,92677.98913,False
0.0,30,92721.23734,False
0.0,30,92767.13888,False
2.4,30,92812.796795,True
2.5,30,92860.756405,True
3.0,30,92909.777897,True
3.0,30,92956.022695,True
0.0,30,93004.404088,False
3.0,30,93045.353358,True
0.0,30,93108.463699,False
2.5,30,93160.327962,True
0.0,30,93208.79506,False
0.0,30,93251.065391,False
0.0,30,93297.426454,False
0.0,30,93341.409917,False
0.0,30,93389.761271,False
0.0,30,93429.138286,False
0.0,30,93476.436571,False
0.0,30,93525.031651,False
0.0,30,93578.097563,False
1.7,30,93622.369373,True
0.0,30,93662.89653,False
2.6,30,93707.949391,True
2.3,30,93760.175358,True
2.6,30,94102.302652,True
2.5,30,94155.898854,True
0.0,30,94208.426632,False
0.0,30,94254.990404,False
0.0,30,94311.700172,False
0.0,30,94350.611373,False
0.0,30,94405.003307,False
0.0,30,94453.320314,False
0.0,30,94500.920314,False
2.7,30,94547.757153,True
0.0,30,94597.389921,False
2.8,30,94651.176309,True
3.0,30,94697.302232,True
2.9,30,94745.142875,True
0.0,30,94796.994549,False
2.8,30,94852.555238,True
2.9,30,94899.681203,True
2.7,30,94947.846504,True
0.0,30,94999.683003,False
0.0,30,95050.047002,False
0.0,30,95094.220817,False
1.7,30,95149.603079,True
0.0,30,95196.285676,False
0.0,30,95241.466002,False
0.0,30,95285.1916,False
1.7,30,95337.478438,True
2.8,30,95380.438724,True
2.3,30,95429.061638,True
0.0,30,95476.177361,False
2.8,30,95525.057508,True
0.0,30,95567.464527,False
2.7,30,95613.596159,True
0.0,30,95667.733584,False
2.5,30,95714.777995,True
2.6,30,96043.697409,True
2.5,30,96095.337312,True
0.0,30,96139.776473,False
0.0,30,96189.214956,False
2.5,30,96238.279722,True
2.8,30,96280.761034,True
2.5,30,96328.57283,True
2.6,30,96374.5141,True
2.8,30,96421.939698,True
2.6,30,96468.687993,True
2.8,30,96513.499875,True
2.7,30,96556.812314,True
0.0,30,96599.153069,False
2.8,30,96645.067031,True
2.3,30,96695.092965,True
2.3,30,96741.647581,True
0.0,30,96799.743071,False
0.7,30,96849.286523,True
0.0,30,96897.448111,False
2.4,30,96938.987483,True
0.0,30,96983.725893,False
0.0,30,97030.464439,False
1.3,30,97075.878377,False
2.8,30,97124.865629,True
0.0,30,97171.213907,False
0.0,30,97220.729211,False
0.0,30,97269.018629,False
0.6,30,97314.781282,True
0.0,30,97360.357996,False
1.8,30,97430.830707,True
0.0,30,97478.06914,False
2.9,30,97528.546253,True
0.0,30,97576.547739,False
0.0,30,97624.200796,False
0.0,30,97955.151634,False
0.0,30,97997.829188,False
0.0,30,98041.887815,False
0.0,30,98087.792578,False
0.8,30,98134.653943,False
2.5,30,98183.2292,True
1.2,30,98232.126786,True
2.8,30,98277.15924,True
2.2,30,98319.840704,True
0.0,30,98365.992585,False
0.0,30,98414.703392,False
1.9,30,98462.768915,True
2.5,30,98516.867403,True
2.7,30,98566.652171,True
2.5,30,98609.882603,True
0.0,30,98655.562016,False
0.0,30,98704.855228,False
2.6,30,98750.033621,True
0.1,30,98795.707716,True
0.0,30,98839.235189,False
0.0,30,98884.39578,False
2.3,30,98941.015402,True
0.0,30,99013.291712,False
0.0,30,99061.962896,False
2.8,30,99115.206321,True
0.0,30,99163.498443,False
2.8,30,99217.409641,True
0.0,30,99266.070955,False
1.7,30,99319.117986,True
2.4,30,99365.098331,True
2.2,30,99414.842207,False
1.7,30,99464.618003,True
2.1,30,99526.394467,True
0.0,30,99569.598823,False
1.7,30,99920.033332,True
2.4,30,99966.887134,True
0.0,30,100013.723888,False
2.3,30,100065.828297,True
2.6,30,100105.318148,True
0.1,30,100156.628928,False
0.0,30,100202.484883,False
0.0,30,100249.145949,False
2.4,30,100294.503064,True
0.0,30,100345.277546,False
0.0,30,100391.781348,False
0.0,30,100437.674768,False
0.0,30,100487.361491,False
0.0,30,100539.891149,False
0.0,30,100581.41863,False
0.0,30,100625.771957,False
0.0,30,100676.59825,False
0.0,30,100722.39978,False
2.4,30,100778.449578,True
2.7,30,100837.490013,True
2.2,30,100888.998012,True
0.0,30,100939.651437,False
0.0,30,100987.478652,False
2.8,30,101034.259782,True
2.8,30,101079.230153,True
0.0,30,101125.040972,False
2.6,30,101174.497505,True
0.0,30,101224.834782,False
0.0,30,101271.775645,False
0.0,30,101321.911391,False
2.3,30,101374.756973,True
2.7,30,101419.532507,True
2.6,30,101468.709514,True
0.0,30,101524.996804,False
2.9,30,101859.721272,True
0.0,30,101910.630023,False
2.5,30,101956.154543,True
2.8,30,102007.49805,True
2.9,30,102052.908065,True
0.0,30,102110.048265,False
2.2,30,102152.586126,True
0.0,30,102205.911499,False
1.8,30,102248.955016,True
2.6,30,102294.761618,True
2.8,30,102344.210663,True
0.0,30,102387.178285,False
2.4,30,102435.542813,True
0.0,30,102482.357179,False
0.0,30,102531.021232,False
0.0,30,102576.425564,False
2.4,30,102626.53031,True
2.9,30,102670.416857,True
2.9,30,102725.088142,True
0.0,30,102772.735919,False
0.6,30,102817.819008,True
0.0,30,102865.814267,False
2.7,30,102912.91245,True
2.7,30,102968.077799,True
0.0,30,103018.500647,False
2.8,30,103065.577275,True
0.0,30,103117.668917,False
2.8,30,103165.555953,True
3.0,30,103206.768917,True
2.0,30,103260.742029,True
0.0,30,103300.4104,False
0.0,30,103344.152736,False
2.8,30,103395.780533,True
2.6,30,103437.738654,True
2.4,30,103790.932966,True
0.0,30,103834.577341,False
2.4,30,103884.224057,True
0.0,30,103929.51356,False
0.0,30,103976.636683,False
2.8,30,104025.680578,True
2.8,30,104069.136314,True
0.0,30,104117.787489,False
0.0,30,104166.867922,False
2.6,30,104215.495052,True
0.0,30,104261.837431,False
0.0,30,104326.838454,False
2.4,30,104374.255449,True
0.0,30,104419.506666,False
0.0,30,104466.007035,False
0.0,30,104513.005546,False
0.0,30,104561.693634,False
0.0,30,104608.972925,False
1.8,30,104654.312543,True
0.0,30,104704.18933,False
0.0,30,104753.651156,False
0.0,30,104804.22401,False
0.0,30,104850.425261,False
0.0,30,104896.526447,False
2.0,30,104948.664022,True
0.0,30,104995.499492,False
0.0,30,105048.874189,False
2.9,30,105095.479016,True
0.0,30,105142.665873,False
3.0,30,105194.570431,True
2.9,30,105245.19434,True
2.5,30,105291.156028,True
0.0,30,105334.01909,False
2.6,30,105383.099191,True
0.0,30,105710.221059,False
0.0,30,105765.083807,False
2.5,30,105812.025915,True
0.0,30,105858.29793,False
2.7,30,105907.163908,True
2.2,30,105955.913721,True
0.0,30,106002.906962,False
0.0,30,106048.800058,False
0.0,30,106096.878526,False
0.0,30,106146.341027,False
2.7,30,106187.374208,True
2.3,30,106232.876462,True
2.6,30,106281.645015,True
2.9,30,106323.123834,True
2.8,30,106369.527817,True
0.0,30,106414.607632,False
2.7,30,106460.058554,True
0.0,30,106508.913621,False
0.6,30,106554.249026,True
0.0,30,106604.311429,False
0.0,30,106647.921858,False
0.0,30,106710.722943,False
1.3,30,106753.354675,True
2.6,30,106800.680176,True
0.0,30,106847.404201,False
0.0,30,106896.403503,False
1.5,30,106941.567812,True
0.0,30,106990.454507,False
2.9,30,107041.533216,True
0.0,30,107085.325205,False
0.0,30,107130.515453,False
0.0,30,107182.749686,False
0.0,30,107228.701355,False
0.0,30,107269.671227,False
2.5,30,107573.722225,True
0.0,30,107621.08375,False
0.0,30,107670.60347,False
0.0,30,107721.484456,False
2.8,30,107764.403905,True
1.2,30,107809.85778,False
0.0,30,107862.477629,False
0.0,30,107910.244958,False
0.0,30,107953.753673,False
0.0,30,108000.481378,False
0.0,30,108046.86558,False
2.8,30,108093.638377,True
0.0,30,108140.165277,False
0.0,30,108183.397058,False
0.0,30,108227.308279,False
0.0,30,108274.207148,False
3.0,30,108321.633671,True
2.7,30,108368.859177,True
0.5,30,108417.386091,True
2.7,30,108460.53646,True
0.0,30,108512.219464,False
2.8,30,108557.05693,True
0.0,30,108603.707689,False
0.0,30,108648.450671,False
2.8,30,108695.536856,True
0.0,30,108740.651849,False
0.0,30,108790.881422,False
3.0,30,108837.570663,True
2.7,30,108892.983571,True
0.0,30,108943.345685,False
0.0,30,108991.886213,False
0.0,30,109033.200945,False
0.0,30,109075.496905,False
0.0,30,109123.472037,False
0.0,30,109171.349694,False
0.0,30,109490.132948,False
2.6,30,109537.421731,True
0.0,30,109578.796093,False
2.8,30,109631.279309,True
2.8,30,109677.850428,True
0.0,30,109728.706617,False
2.2,30,109780.809082,True
0.0,30,109839.279496,False
1.9,30,109885.871914,True
0.0,30,109937.099821,False
0.0,30,109985.689973,False
0.0,30,110037.352615,False
2.8,30,110082.041344,True
0.0,30,110127.293414,False
2.8,30,110183.927565,True
2.6,30,110232.395247,True
2.9,30,110276.888277,True
0.0,30,110325.015123,False
0.0,30,110368.825926,False
2.8,30,110414.621813,True
3.0,30,110462.348611,True
2.9,30,110503.515428,True
0.0,30,110546.892344,False
2.3,30,110596.190807,True
0.0,30,110639.828651,False
0.0,30,110686.324264,False
0.0,30,110740.333621,False
2.2,30,110789.728927,True
0.0,30,110837.452425,False
3.0,30,110886.696891,True
0.0,30,110931.374073,False
2.7,30,110989.333806,True
0.0,30,111037.368606,False
0.0,30,111087.83173,False
0.0,30,111433.490794,False
2.3,30,111484.948436,True
2.9,30,111529.23472,True
2.5,30,111573.406162,True
2.7,30,111617.916575,True
2.2,30,111660.994229,True
0.0,30,111704.238987,False
2.6,30,111751.809366,True
2.8,30,111797.274255,True
2.5,30,111836.828527,True
0.0,30,111886.691379,False
1.8,30,111932.553553,False
0.0,30,111978.748312,False
0.0,30,112023.90581,False
0.0,30,112068.431378,False
2.4,30,112122.968068,True
2.0,30,112166.402515,True
0.0,30,112215.304718,False
2.9,30,112262.189338,True
0.0,30,112303.824582,False
2.7,30,112350.355774,True
0.0,30,112395.502865,False
2.5,30,112442.590214,True
1.9,30,112486.604779,True
2.6,30,112532.793106,True
0.0,30,112582.657563,False
2.7,30,112628.845543,True
2.4,30,112678.946373,True
0.0,30,112726.740698,False
3.0,30,112776.567818,True
0.0,30,112818.963776,False
2.7,30,112858.722626,True
0.0,30,112904.672879,False
2.4,30,112951.870366,True
1.7,30,113289.531387,True
0.0,30,113336.769426,False
2.8,30,113386.265638,True
2.7,30,113433.509967,True
1.8,30,113481.948585,True
2.4,30,113525.720453,True
0.0,30,113576.086117,False
0.0,30,113621.698634,False
0.0,30,113668.930263,False
2.8,30,113715.645158,True
0.0,30,113766.330679,False
2.5,30,113818.010046,True
2.9,30,113862.499744,True
2.3,30,113911.429159,True
2.7,30,113962.14834,True
0.0,30,114014.799458,False
2.7,30,114064.721529,True
0.0,30,114112.51981,False
2.5,30,114156.888904,True
0.0,30,114201.253276,False
0.0,30,114257.493184,False
2.9,30,114305.109055,True
0.0,30,114354.881723,False
0.0,30,114403.269058,False
0.0,30,114451.141202,False
2.1,30,114497.174136,True
2.4,30,114545.090803,True
0.0,30,114594.564468,False
2.6,30,114644.280496,True
3.0,30,114700.105376,True
2.7,30,114748.115204,True
2.2,30,114802.083499,True
1.4,30,114853.503623,True
2.9,30,114903.054337,True
0.0,30,115213.835241,False
0.0,30,115265.225618,False
0.0,30,115310.189235,False
0.0,30,115353.827099,False
3.0,30,115403.663653,True
2.7,30,115450.040923,True
2.9,30,115498.611175,True
0.0,30,115543.881097,False
0.0,30,115591.667977,False
2.6,30,115640.314613,True
2.8,30,115686.555559,True
2.9,30,115736.6139,True
0.0,30,115783.199556,False
2.9,30,115832.541374,True
0.0,30,115880.469966,False
2.8,30,115924.773661,True
0.4,30,115984.585849,False
1.6,30,116031.64605,True
2.9,30,116083.441273,True
0.0,30,116129.43518,False
0.0,30,116176.34675,False
2.4,30,116228.48896,True
0.0,30,116271.82919,False
2.9,30,116320.116497,True
0.0,30,116365.691809,False
0.0,30,116413.850452,False
0.0,30,116461.585137,False
0.0,30,116504.76572,False
2.3,30,116549.441778,True
0.0,30,116597.654372,False
2.9,30,116648.852349,True
0.0,30,116693.889574,False
2.9,30,116744.955023,True
2.6,30,116788.628472,True
0.0,30,117120.104242,False
0.0,30,117169.765931,False
2.8,30,117216.606919,True
2.8,30,117271.522635,True
0.0,30,117319.242973,False
0.0,30,117372.357074,False
1.6,30,117418.122988,False
0.0,30,117465.250046,False
0.0,30,117517.06701,False
0.0,30,117569.353019,False
0.0,30,117645.873402,False
2.2,30,117690.643089,True
2.7,30,117758.612562,True
0.0,30,117805.989809,False
2.9,30,117853.34469,True
1.6,30,117900.518614,True
2.9,30,117945.837059,True
2.2,30,117993.491869,True
2.7,30,118042.585901,True
2.9,30,118095.697138,True
0.0,30,118150.889811,False
2.9,30,118202.824699,True
0.0,30,118250.359174,False
0.0,30,118296.627479,False
1.7,30,118348.908862,True
2.7,30,118402.271065,True
1.7,30,118445.919242,True
0.0,30,118492.302754,False
0.0,30,118548.423027,False
0.0,30,118596.199678,False
2.3,30,118641.30418,True
2.3,30,118686.205244,True
0.0,30,118731.828807,False
2.2,30,118781.523399,True
1.2,30,119140.640728,True
2.9,30,119186.302443,True
2.2,30,119234.249258,True
1.9,30,119284.436326,True
2.9,30,119331.47047,True
2.9,30,119380.280989,True
2.7,30,119424.861911,True
2.7,30,119469.266874,True
3.0,30,119517.927768,True
2.0,30,119563.313448,True
0.0,30,119604.051727,False
0.0,30,119648.894411,False
0.0,30,119697.239386,False
1.9,30,119744.726457,True
0.0,30,119793.268045,False
2.5,30,119851.822392,True
2.9,30,119903.865929,True
2.8,30,119951.525082,True
0.0,30,119998.880454,False
2.8,30,120048.805932,True
2.8,30,120096.56488,True
1.7,30,120145.26691,True
2.5,30,120190.778389,True
0.0,30,120245.071919,False
0.0,30,120293.126887,False
1.1,30,120341.980899,True
0.0,30,120388.971465,False
2.7,30,120436.801048,True
2.3,30,120478.938378,True
2.5,30,120526.069862,True
2.9,30,120573.668525,True
1.8,30,120615.844605,False
2.7,30,120661.734567,True
1.5,30,120708.615489,True
0.0,30,121047.181712,False
3.0,30,121094.184229,True
0.0,30,121142.282712,False
0.0,30,121190.170323,False
2.7,30,121236.677508,True
2.3,30,121299.196981,True
2.4,30,121346.985502,True
0.0,30,121403.732083,False
2.8,30,121451.422906,True
0.0,30,121504.816194,False
2.6,30,121553.996605,True
3.0,30,121600.625536,True
2.1,30,121648.183202,True
2.7,30,121691.103386,True
1.9,30,121736.802845,True
0.0,30,121785.313357,False
0.7,30,121835.171875,True
2.4,30,121893.285669,True
2.9,30,121942.080791,True
0.0,30,121991.101352,False
0.7,30,122044.015344,True
0.0,30,122086.417289,False
2.6,30,122134.442791,True
3.0,30,122182.752002,True
0.0,30,122234.84563,False
0.0,30,122279.851584,False
0.0,30,122325.689565,False
0.0,30,122375.702371,False
0.0,30,122423.202358,False
0.0,30,122473.533725,False
0.0,30,122534.203802,False
0.0,30,122581.553088,False
0.0,30,122624.963079,False
0.0,30,122674.662598,False
0.0,30,122718.684954,False
0.0,30,123050.759368,False
2.5,30,123099.930781,True
0.0,30,123146.732664,False
1.6,30,123194.963642,True
0.0,30,123240.706538,False
0.0,30,123285.17201,False
0.0,30,123334.859298,False
0.0,30,123384.012503,False
0.0,30,123437.147679,False
2.6,30,123487.110472,True
0.0,30,123537.227021,False
0.0,30,123583.438932,False
0.0,30,123629.301304,False
0.0,30,123676.603381,False
0.0,30,123720.447155,False
0.0,30,123764.375672,False
0.0,30,123814.096645,False
2.6,30,123860.013338,True
0.0,30,123905.566255,False
0.0,30,123950.507141,False
0.0,30,124004.294921,False
2.1,30,124053.945662,True
0.0,30,124099.201059,False
0.0,30,124148.684095,False
0.0,30,124198.0581,False
1.3,30,124246.30563,True
0.0,30,124296.416587,False
2.8,30,124344.872872,True
2.9,30,124389.679838,True
2.8,30,124439.212558,True
2.8,30,124484.629483,True
3.0,30,124536.247125,True
0.0,30,124591.150986,False
0.0,30,124640.074826,False
2.8,30,124974.648299,True
2.6,30,125016.507406,True
2.8,30,125069.759692,True
0.0,30,125122.890635,False
2.7,30,125171.566394,True
2.3,30,125218.79713,True
1.3,30,125278.525398,True
2.0,30,125323.913754,True
2.6,30,125369.230008,True
2.8,30,125416.323464,True
3.0,30,125470.00325,True
2.2,30,125518.99004,True
0.0,30,125574.074861,False
2.0,30,125623.560564,True
2.8,30,125670.907521,True
2.7,30,125726.217493,True
0.0,30,125777.822607,False
0.0,30,125827.234209,False
2.8,30,125877.307907,True
2.3,30,125926.784341,True
2.6,30,125974.995737,True
0.0,30,126018.895598,False
0.0,30,126065.356562,False
2.1,30,126112.480569,True
0.0,30,126160.058267,False
0.0,30,126209.109521,False
2.4,30,126261.184869,True
2.4,30,126309.163773,True
0.0,30,126358.343238,False
2.8,30,126413.097149,True
0.0,30,126475.5347,False
0.0,30,126538.951096,False
2.8,30,126588.381481,True
2.9,30,126631.797471,True
1.4,30,126971.625183,True
2.3,30,127018.840342,True
0.0,30,127070.135524,False
0.0,30,127115.43237,False
2.7,30,127159.429607,True
1.0,30,127205.773717,True
3.0,30,127254.407786,True
2.9,30,127302.672976,True
3.0,30,127348.434472,True
0.0,30,127401.001038,False
2.5,30,127445.587451,True
0.1,30,127492.505589,True
0.0,30,127541.528055,False
0.0,30,127592.534132,False
0.0,30,127635.197428,False
0.0,30,127680.391113,False
1.1,30,127723.256803,True
0.9,30,127764.370521,False
0.0,30,127806.206935,False
0.0,30,127869.303347,False
1.8,30,127920.612928,True
0.0,30,127966.347396,False
2.7,30,128010.928563,True
2.2,30,128061.729651,True
2.0,30,128108.457716,True
2.8,30,128150.941474,True
2.8,30,128193.060032,True
2.2,30,128240.4908,True
3.0,30,128291.339309,True
2.8,30,128338.559618,True
3.0,30,128395.771998,True
0.0,30,128445.740931,False
0.0,30,128492.316677,False
0.0,30,128548.953237,False
0.0,30,128906.794129,False
0.0,30,128952.3966,False
0.0,30,128996.272751,False
0.0,30,129037.651546,False
0.0,30,129080.972377,False
0.0,30,129124.229784,False
2.8,30,129167.584895,True
0.0,30,129218.320026,False
2.0,30,129264.763278,True
0.0,30,129311.414325,False
2.5,30,129355.216976,True
0.7,30,129408.225166,False
2.6,30,129455.530181,True
0.0,30,129502.91218,False
2.7,30,129551.953743,True
0.0,30,129599.250745,False
0.0,30,129643.896825,False
2.0,30,129696.048232,True
0.0,30,129745.353631,False
1.6,30,129795.720623,True
2.9,30,129841.880562,True
2.9,30,129892.791657,True
0.9,30,129943.783444,True
3.0,30,129989.671604,True
0.0,30,130035.555863,False
0.0,30,130086.23347,False
0.0,30,130133.244092,False
0.0,30,130173.950462,False
0.0,30,130221.894983,False
2.8,30,130272.658635,True
0.0,30,130318.419296,False
2.9,30,130367.391552,True
3.0,30,130416.647292,True
0.5,30,130466.578107,False
0.0,30,130800.465791,False
0.0,30,130848.638787,False
2.8,30,130903.740288,True
2.7,30,130956.325177,True
0.0,30,130998.199638,False
0.0,30,131044.459737,False
2.3,30,131092.310297,True
0.0,30,131142.183237,False
0.0,30,131191.790891,False
0.0,30,131243.324378,False
0.0,30,131296.164372,False
2.8,30,131340.850365,True
2.8,30,131389.091806,True
0.0,30,131434.622156,False
0.0,30,131481.594723,False
3.0,30,131528.892708,True
2.8,30,131575.387085,True
2.4,30,131620.133827,True
0.0,30,131666.632486,False
0.0,30,131713.24239,False
0.0,30,131756.770672,False
0.0,30,131815.366231,False
2.6,30,131862.419249,True
0.0,30,131906.427425,False
2.4,30,131950.566899,True
2.8,30,132001.016774,True
2.4,30,132051.288061,True
0.0,30,132104.866867,False
0.0,30,132155.426554,False
2.7,30,132199.980053,True
2.6,30,132251.310012,True
0.0,30,132293.520008,False
0.0,30,132340.326704,False
2.2,30,132388.436619,True
3.0,30,132745.688083,True
2.7,30,132789.591393,True
2.5,30,132838.802336,True
0.0,30,132887.859649,False
0.0,30,132934.212783,False
0.6,30,132989.030407,True
2.5,30,133039.50255,True
2.6,30,133086.22629,True
3.0,30,133131.442502,True
0.0,30,133173.661876,False
2.9,30,133226.426546,True
0.0,30,133273.012169,False
0.0,30,133320.338088,False
0.0,30,133361.738616,False
2.9,30,133407.739862,True
0.0,30,133452.514603,False
0.0,30,133496.863146,False
0.0,30,133554.740802,False
0.0,30,133601.753959,False
3.0,30,133652.360704,True
2.7,30,133698.043924,True
0.0,30,133746.384164,False
0.0,30,133796.426634,False
0.0,30,133842.425951,False
2.8,30,133889.835175,True
0.0,30,133942.4009,False
0.0,30,133988.403633,False
2.6,30,134035.255575,True
2.8,30,134088.623249,True
2.6,30,134139.136072,True
0.0,30,134185.277526,False
0.0,30,134232.416931,False
0.0,30,134280.468369,False
2.7,30,134339.112931,True
3.0,30,134674.022454,True
2.8,30,134720.802436,True
0.0,30,134770.182592,False
2.5,30,134815.323925,True
3.0,30,134865.741289,True
0.0,30,134917.510868,False
2.9,30,134967.969003,True
2.4,30,135013.199589,True
2.6,30,135056.719364,True
2.7,30,135104.098279,True
0.0,30,135151.505635,False
0.0,30,135201.112151,False
2.6,30,135249.331317,True
0.0,30,135298.018655,False
0.0,30,135340.45587,False
0.0,30,135390.338717,False
3.0,30,135437.868961,True
2.6,30,135483.310541,True
0.0,30,135531.860453,False
0.0,30,135580.292264,False
2.7,30,135624.397822,True
2.7,30,135675.700007,True
0.0,30,135724.858532,False
0.0,30,135775.345746,False
1.8,30,135826.982455,True
2.8,30,135883.94582,True
0.0,30,135933.333727,False
0.0,30,135979.663434,False
2.3,30,136023.760158,True
1.5,30,136068.421272,True
2.8,30,136115.294675,True
2.8,30,136160.206631,True
2.9,30,136212.083234,True
2.9,30,136260.745391,True
0.0,30,136575.448483,False
0.0,30,136624.717455,False
0.0,30,136672.673355,False
0.0,30,136719.350732,False
2.5,30,136764.700787,True
0.0,30,136813.304215,False
0.0,30,136868.484835,False
2.8,30,136910.723677,True
0.0,30,136959.328897,False
0.0,30,137000.873544,False
0.0,30,137047.450766,False
0.0,30,137101.218193,False
0.0,30,137152.866568,False
1.5,30,137200.303437,True
2.3,30,137243.147559,True
0.0,30,137293.018998,False
0.0,30,137341.515704,False
0.0,30,137389.156019,False
0.0,30,137435.019861,False
0.0,30,137482.095337,False
0.0,30,137533.748977,False
0.0,30,137586.890582,False
3.0,30,137634.631406,True
2.9,30,137688.311493,True
0.0,30,137732.473613,False
0.0,30,137778.663739,False
2.5,30,137825.545202,True
0.0,30,137873.946493,False
0.0,30,137924.684253,False
0.0,30,137979.958629,False
0.0,30,138027.757117,False
0.0,30,138071.400182,False
0.0,30,138124.539923,False
0.0,30,138176.316789,False
0.0,30,138224.247033,False
0.0,30,138574.825963,False
0.0,30,138622.898496,False
0.0,30,138671.75821,False
2.2,30,138715.955018,True
0.0,30,138768.264112,False
2.9,30,138813.874114,True
3.0,30,138862.5685,True
0.0,30,138915.392312,False
0.0,30,138962.647352,False
0.0,30,139000.916188,False
1.0,30,139047.131751,True
0.0,30,139101.348845,False
2.8,30,139150.968012,True
2.2,30,139196.266148,True
0.0,30,139245.413973,False
3.0,30,139291.014165,True
0.0,30,139336.841605,False
2.8,30,139384.454717,True
2.5,30,139428.501277,True
0.0,30,139475.537057,False
2.7,30,139523.87968,True
0.0,30,139573.863501,False
2.7,30,139635.400325,True
2.6,30,139680.184989,True
2.9,30,139725.412097,True
0.0,30,139773.643419,False
0.9,30,139821.606504,False
1.7,30,139868.035117,True
0.0,30,139915.33923,False
2.5,30,139957.356836,True
0.0,30,140000.249156,False
0.0,30,140046.883176,False
2.8,30,140091.246426,True
0.0,30,140140.677129,False
0.0,30,140478.920938,False
0.0,30,140526.874437,False
2.9,30,140578.835939,True
2.6,30,140630.806055,True
3.0,30,140682.548823,True
0.0,30,140733.216114,False
0.0,30,140787.687131,False
0.0,30,140837.408664,False
0.0,30,140886.868485,False
0.0,30,140938.50668,False
0.0,30,140983.354826,False
0.0,30,141032.366927,False
2.8,30,141077.713807,True
0.0,30,141126.305703,False
2.7,30,141177.600622,True
0.0,30,141227.296225,False
0.0,30,141273.727262,False
2.8,30,141323.904959,True
2.2,30,141372.533216,True
0.0,30,141418.789265,False
0.0,30,141463.578163,False
0.0,30,141507.687191,False
2.8,30,141552.300832,True
2.9,30,141595.320641,True
0.0,30,141640.029824,False
0.0,30,141686.783931,False
0.0,30,141734.374203,False
0.0,30,141778.74792,False
0.0,30,141827.812252,False
0.0,30,141873.12765,False
1.8,30,141919.932495,True
2.7,30,141968.025966,True
0.0,30,142011.801409,False
2.7,30,142060.100592,True
2.8,30,142459.353138,True
2.9,30,142503.024327,True
2.6,30,142549.046917,True
2.9,30,142593.500762,True
2.8,30,142641.842841,True
3.0,30,142700.825119,True
0.0,30,142745.39508,False
1.4,30,142793.138031,True
0.0,30,142846.780033,False
2.8,30,142893.410667,True
0.0,30,142943.454615,False
1.1,30,142990.456922,False
0.0,30,143031.367579,False
0.0,30,143077.284639,False
0.0,30,143124.445615,False
0.0,30,143173.517984,False
3.0,30,143223.023919,True
0.0,30,143272.857688,False
2.4,30,143319.624688,True
0.0,30,143368.838354,False
2.6,30,143420.670034,True
2.8,30,143464.440566,True
2.8,30,143524.831092,False
2.4,30,143576.966047,True
2.5,30,143623.382648,True
2.3,30,143678.368078,True
0.0,30,143729.657112,False
2.6,30,143778.536855,True
0.0,30,143829.564829,False
2.7,30,143888.975234,True
0.0,30,143934.362046,False
2.5,30,143982.479938,True
2.5,30,144026.442306,True
2.7,30,144077.802799,True
2.8,30,144420.269689,False
0.0,30,144463.432804,False
0.0,30,144514.489283,False
2.8,30,144557.838818,True
0.0,30,144606.202961,False
3.0,30,144650.491683,True
3.0,30,144695.714761,True
0.0,30,144743.905751,False
0.5,30,144794.33057,False
0.0,30,144846.747946,False
1.1,30,144892.071268,True
0.0,30,144939.259061,False
0.0,30,144999.373649,False
2.9,30,145050.378218,True
0.0,30,145096.383578,False
0.0,30,145146.571903,False
2.7,30,145197.806597,True
2.6,30,145250.221722,True
0.0,30,145302.502593,False
0.0,30,145353.787391,False
3.0,30,145403.767666,True
1.5,30,145454.053785,True
2.1,30,145505.934815,True
3.0,30,145556.146085,True
0.0,30,145603.061507,False
2.8,30,145652.034049,True
3.0,30,145702.474812,True
0.0,30,145750.667705,False
2.4,30,145795.415673,True
0.0,30,145839.27464,False
1.9,30,145885.912601,True
0.0,30,145932.873552,False
0.0,30,145983.927217,False
0.0,30,146029.533201,False
0.0,30,146359.245927,False
2.4,30,146414.333959,True
2.7,30,146463.572837,True
2.4,30,146507.359452,True
0.0,30,146555.777655,False
2.3,30,146597.243538,True
2.9,30,146639.101263,True
2.8,30,146691.179632,True
0.0,30,146740.199345,False
3.0,30,146790.018139,True
1.5,30,146838.373588,True
0.0,30,146882.715338,False
2.8,30,146925.416268,True
2.2,30,146971.586555,True
0.0,30,147020.741005,False
0.0,30,147068.795202,False
2.6,30,147120.83917,True
3.0,30,147168.676501,True
3.0,30,147216.773441,True
3.0,30,147263.685517,True
2.8,30,147309.567022,True
2.5,30,147354.401675,True
3.0,30,147397.560997,True
3.0,30,147437.965667,True
2.5,30,147477.498645,True
2.7,30,147521.252954,True
2.8,30,147565.774035,True
1.9,30,147610.358087,True
0.0,30,147671.402116,False
0.0,30,147726.932919,False
2.2,30,147773.583941,True
2.8,30,147820.771617,True
2.8,30,147866.299836,True
0.0,30,147915.87193,False
2.9,30,148243.235584,True
0.0,30,148285.459385,False
0.0,30,148330.29866,False
2.8,30,148373.347268,True
0.3,30,148423.559741,True
2.5,30,148471.100809,True
0.0,30,148518.517336,False
2.9,30,148565.867883,True
2.7,30,148615.198089,True
2.8,30,148660.773658,True
0.0,30,148711.184803,False
0.0,30,148760.811661,False
2.9,30,148807.608198,True
0.0,30,148851.94726,False
0.0,30,148898.386708,False
2.3,30,148948.496224,True
3.0,30,149001.324415,True
0.0,30,149047.899997,False
0.0,30,149092.750586,False
0.0,30,149141.429087,False
0.0,30,149189.956336,False
0.0,30,149233.390177,False
2.9,30,149281.885924,True
0.0,30,149326.505705,False
0.0,30,149372.283948,False
2.9,30,149419.940655,True
0.0,30,149468.040972,False
0.0,30,149512.761527,False
2.5,30,149567.886832,True
0.0,30,149612.41879,False
1.9,30,149662.508517,True
2.5,30,149709.732819,True
0.0,30,149753.333793,False
2.4,30,149799.471069,True
2.4,30,150129.532017,True
0.0,30,150178.76135,False
0.0,30,150220.640592,False
0.0,30,150267.673156,False
0.0,30,150314.250201,False
0.0,30,150369.348577,False
0.0,30,150415.386976,False
0.2,30,150458.977051,False
0.0,30,150506.888612,False
0.0,30,150557.375691,False
0.0,30,150603.591758,False
0.0,30,150647.851432,False
0.0,30,150688.999459,False
2.8,30,150733.227572,True
0.5,30,150781.040588,True
1.6,30,150845.999826,True
2.5,30,150889.93549,True
0.0,30,150938.693748,False
3.0,30,150985.171352,True
0.0,30,151029.935453,False
0.0,30,151074.972573,False
2.8,30,151123.687712,True
1.4,30,151167.831924,False
0.0,30,151209.451516,False
1.7,30,151257.304374,True
0.0,30,151310.534854,False
2.3,30,151359.891934,True
2.6,30,151401.456988,True
1.6,30,151447.914563,True
2.7,30,151496.053164,True
0.0,30,151539.38349,False
0.0,30,151585.13124,False
0.0,30,151633.045545,False
1.1,30,151678.963945,True
2.5,30,151725.420184,True
0.0,30,152042.133246,False
0.0,30,152104.433543,False
2.8,30,152153.148532,True
1.7,30,152203.014374,True
2.5,30,152250.992666,True
0.0,30,152300.160086,False
0.0,30,152345.583375,False
2.8,30,152392.581373,True
0.0,30,152449.261474,False
2.8,30,152496.468469,True
0.0,30,152547.968465,False
0.0,30,152594.492617,False
2.8,30,152641.663501,True
0.0,30,152689.882093,False
3.0,30,152734.212679,True
0.0,30,152781.813335,False
0.0,30,152827.397132,False
0.0,30,152878.457651,False
2.6,30,152924.532521,True
3.0,30,152971.159629,True
0.0,30,153014.843836,False
0.0,30,153054.112072,False
0.0,30,153149.733877,False
2.7,30,153199.472045,True
0.0,30,153242.06773,False
0.0,30,153288.834789,False
2.5,30,153337.595622,True
2.1,30,153383.742149,True
2.4,30,153432.721373,True
0.2,30,153489.572252,False
0.0,30,153538.195694,False
1.7,30,153590.131708,True
0.0,30,153635.320769,False
0.0,30,153679.108546,False
0.0,30,154014.194116,False
3.0,30,154061.526557,True
0.0,30,154107.148115,False
0.0,30,154149.036395,False
0.0,30,154197.916057,False
0.5,30,154253.915308,True
2.7,30,154303.44311,True
0.0,30,154350.586331,False
2.9,30,154396.802594,True
0.0,30,154449.015248,False
3.0,30,154500.616437,True
0.0,30,154544.126134,False
2.3,30,154596.828278,True
2.3,30,154645.402628,True
2.1,30,154694.333563,True
0.0,30,154735.797678,False
0.0,30,154779.279453,False
2.8,30,154826.46446,True
2.8,30,154869.308653,True
0.0,30,154911.798188,False
0.0,30,154978.691343,False
0.0,30,155025.069465,False
2.4,30,155071.499056,True
1.4,30,155118.822473,True
0.0,30,155164.660856,False
2.8,30,155210.866516,True
0.0,30,155269.127886,False
2.8,30,155317.636347,True
2.8,30,155360.729123,True
0.0,30,155401.893338,False
2.6,30,155446.24359,True
2.0,30,155490.095441,True
0.0,30,155535.531634,False
0.0,30,155584.016225,False
0.0,30,155929.508173,False
0.0,30,155972.712027,False
0.0,30,156017.461963,False
2.6,30,156061.199543,True
0.0,30,156108.336704,False
0.0,30,156159.230697,False
2.8,30,156217.16619,True
2.8,30,156277.926611,True
2.3,30,156325.056461,True
0.0,30,156374.741277,False
2.4,30,156430.141762,True
0.0,30,156473.100353,False
2.5,30,156526.060452,True
2.9,30,156574.971192,True
2.5,30,156624.606302,True
2.8,30,156675.642509,True
2.7,30,156717.705285,True
0.0,30,156765.299006,False
3.0,30,156817.065645,True
0.2,30,156860.875796,True
0.0,30,156905.465037,False
2.9,30,156954.019147,True
0.0,30,157001.996929,False
0.3,30,157049.958592,False
0.0,30,157112.92885,False
0.0,30,157158.837203,False
0.0,30,157203.436172,False
0.0,30,157249.412097,False
2.9,30,157295.869507,True
0.0,30,157346.481067,False
0.0,30,157393.585517,False
3.0,30,157441.881232,True
0.0,30,157489.426986,False
0.0,30,157534.831086,False
0.0,30,157899.481558,False
0.0,30,157947.921879,False
0.0,30,157995.039428,False
2.8,30,158055.707572,True
0.0,30,158099.979106,False
0.0,30,158143.410241,False
0.3,30,158193.682389,False
2.7,30,158242.894229,True
2.6,30,158290.41688,True
1.3,30,158338.089788,False
2.4,30,158390.717156,True
0.0,30,158436.111565,False
2.6,30,158478.800767,True
1.7,30,158524.07603,True
0.0,30,158570.035038,False
0.0,30,158610.27804,False
2.9,30,158658.845349,True
0.0,30,158706.010502,False
0.0,30,158759.496739,False
0.0,30,158813.505318,False
1.8,30,158857.822707,True
0.0,30,158904.488043,False
2.9,30,158951.383786,True
0.0,30,159000.669909,False
2.3,30,159047.326052,True
2.9,30,159096.6874,True
2.1,30,159144.558826,True
0.0,30,159185.350659,False
0.0,30,159234.686104,False
2.1,30,159283.832922,True
0.0,30,159327.680476,False
0.0,30,159375.285283,False
0.0,30,159422.397346,False
2.1,30,159468.744447,True
2.1,30,159821.205937,True
0.0,30,159864.871924,False
1.7,30,159913.35461,True
0.0,30,159975.44159,False
0.0,30,160036.679342,False
2.4,30,160085.862817,True
0.0,30,160131.750081,False
2.9,30,160177.411972,True
2.8,30,160227.166057,True
0.0,30,160277.104697,False
1.6,30,160320.67518,True
1.7,30,160364.372674,True
0.0,30,160414.367353,False
0.0,30,160462.754338,False
0.0,30,160510.895143,False
0.0,30,160552.143,False
0.0,30,160600.546284,False
0.0,30,160646.310296,False
2.8,30,160694.923064,True
0.0,30,160749.94078,False
3.0,30,160799.963669,True
2.7,30,160848.751518,True
2.7,30,160895.990216,True
2.6,30,160943.907445,True
0.0,30,160988.608397,False
0.0,30,161035.425558,False
0.0,30,161094.653114,False
0.0,30,161138.684137,False
3.0,30,161188.205491,True
0.0,30,161233.578567,False
3.0,30,161291.255059,True
2.9,30,161332.785798,True
2.9,30,161374.254451,True
2.8,30,161447.124153,True
2.6,30,161750.932977,True
2.2,30,161798.313507,True
1.9,30,161847.507871,True
2.3,30,161891.795221,True
0.0,30,161940.32619,False
2.8,30,161989.369045,True
0.0,30,162034.887219,False
3.0,30,162082.389241,True
0.0,30,162130.659085,False
0.0,30,162178.183543,False
3.0,30,162236.758199,True
2.9,30,162286.430403,True
0.0,30,162330.305386,False
2.9,30,162381.434912,True
0.0,30,162427.88219,False
0.0,30,162474.574212,False
0.0,30,162519.575042,False
2.6,30,162567.945673,True
2.8,30,162617.107378,True
2.8,30,162662.607467,True
2.1,30,162713.792971,False
3.0,30,162762.070855,True
2.9,30,162809.863773,True
2.7,30,162855.221457,True
2.8,30,162905.888139,True
0.0,30,162955.038893,False
0.0,30,162999.292457,False
2.9,30,163055.207743,True
0.0,30,163100.099427,False
0.0,30,163147.123247,False
2.7,30,163194.724706,True
0.0,30,163238.878796,False
0.0,30,163284.398405,False
2.9,30,163331.985025,True
0.0,30,163649.705347,False
0.0,30,163693.804428,False
0.0,30,163735.602525,False
2.7,30,163783.848915,True
0.0,30,163830.968406,False
0.0,30,163878.382489,False
2.9,30,163927.766062,True
2.6,30,163977.519034,True
2.5,30,164019.394349,True
2.7,30,164063.138513,True
2.6,30,164114.237443,True
2.7,30,164162.778864,True
0.0,30,164214.78429,False
0.0,30,164261.615968,False
2.8,30,164306.405399,True
1.5,30,164350.807959,True
2.2,30,164401.137271,True
3.0,30,164449.174939,True
0.0,30,164494.541767,False
2.9,30,164544.396069,True
0.8,30,164595.476099,True
0.4,30,164641.575256,True
0.0,30,164694.841264,False
0.0,30,164743.247235,False
2.7,30,164789.10464,True
3.0,30,164840.962284,True
0.0,30,164891.694793,False
0.0,30,164946.858749,False
0.0,30,164993.294062,False
0.0,30,165046.355531,False
2.9,30,165088.930843,True
1.8,30,165133.567735,True
2.8,30,165180.535176,True
2.7,30,165231.194966,True
0.0,30,165537.258247,False
0.0,30,165582.260727,False
0.0,30,165626.987284,False
0.0,30,165670.970129,False
2.1,30,165717.945529,True
0.0,30,165772.792818,False
1.8,30,165819.390419,True
0.0,30,165873.980504,False
0.0,30,165919.783403,False
0.0,30,165964.931896,False
2.1,30,166012.677991,True
0.0,30,166069.061277,False
0.0,30,166114.900361,False
2.4,30,166161.227997,True
0.0,30,166214.574985,False
0.0,30,166268.388555,False
2.5,30,166316.773403,True
0.0,30,166364.045589,False
0.0,30,166415.945268,False
0.0,30,166467.4229,False
2.7,30,166516.110928,True
2.8,30,166560.268142,True
0.0,30,166607.784999,False
2.9,30,166655.774603,True
1.1,30,166703.325143,True
2.9,30,166748.121927,True
0.0,30,166791.947662,False
3.0,30,166834.361778,True
1.9,30,166878.572237,True
2.6,30,166924.623947,True
2.8,30,166975.193006,True
2.7,30,167020.226356,True
0.0,30,167064.740807,False
2.6,30,167112.632584,True
2.9,30,167157.024376,True
0.0,30,167467.086948,False
0.0,30,167509.90899,False
3.0,30,167554.522349,True
2.5,30,167603.259015,True
2.9,30,167649.015476,True
2.7,30,167696.639761,True
0.0,30,167743.518738,False
2.9,30,167788.270442,True
2.4,30,167830.288437,True
0.0,30,167880.218776,False
0.0,30,167923.327436,False
0.0,30,167962.843072,False
0.0,30,168007.622746,False
2.7,30,168056.30516,True
0.0,30,168104.007586,False
0.0,30,168152.717495,False
0.0,30,168201.157933,False
0.1,30,168248.731083,True
3.0,30,168292.571298,True
3.0,30,168342.270185,True
2.7,30,168386.211303,True
2.9,30,168432.872404,True
0.0,30,168485.655572,False
0.0,30,168530.332193,False
0.0,30,168573.021434,False
2.9,30,168624.417006,True
0.0,30,168667.210949,False
0.0,30,168709.244448,False
0.0,30,168755.533115,False
0.0,30,168804.565171,False
0.0,30,168850.404077,False
2.9,30,168904.798773,True
0.0,30,168947.47155,False
2.3,30,168992.075674,True
0.0,30,169293.525772,False
0.0,30,169341.731676,False
0.0,30,169387.603435,False
0.0,30,169435.360854,False
2.8,30,169477.579065,True
2.5,30,169527.010662,True
0.0,30,169573.937161,False
0.0,30,169622.619478,False
0.0,30,169666.071755,False
2.8,30,169716.014998,True
3.0,30,169762.528576,True
0.0,30,169812.508004,False
1.8,30,169856.062649,True
0.0,30,169902.041504,False
0.0,30,169954.414579,False
0.0,30,170001.354582,False
0.0,30,170045.038969,False
2.3,30,170093.207675,True
0.0,30,170139.054716,False
3.0,30,170184.631948,True
2.1,30,170231.459274,True
2.7,30,170286.501857,True
0.0,30,170334.762748,False
0.0,30,170376.212532,False
2.0,30,170419.316602,True
2.7,30,170469.029301,True
1.7,30,170513.284318,True
0.0,30,170554.249997,False
3.0,30,170601.151209,True
0.0,30,170644.260758,False
0.0,30,170711.179787,False
2.9,30,170761.579176,True
2.9,30,170807.759986,True
0.0,30,170870.525077,False
0.0,30,171159.090404,False
2.6,30,171204.871524,True
2.7,30,171249.592335,True
2.9,30,171293.360711,True
0.0,30,171341.704335,False
0.0,30,171390.487543,False
2.7,30,171434.658802,True
0.0,30,171475.646548,False
0.0,30,171521.451371,False
0.0,30,171563.353817,False
0.0,30,171606.510207,False
2.2,30,171655.303843,True
0.0,30,171702.984892,False
3.0,30,171749.791551,True
0.0,30,171801.418055,False
0.0,30,171847.388771,False
2.4,30,171893.564198,True
0.0,30,171940.648143,False
2.1,30,171993.587377,True
0.0,30,172035.790103,False
0.0,30,172090.508005,False
0.0,30,172139.21358,False
0.0,30,172186.058501,False
0.0,30,172233.266331,False
0.0,30,172288.494169,False
0.0,30,172329.59091,False
0.0,30,172376.388857,False
0.0,30,172423.082344,False
2.9,30,172469.782488,True
2.8,30,172519.235394,True
2.7,30,172575.539975,True
2.3,30,172623.861863,True
0.0,30,172671.263361,False
0.0,30,172715.316273,False
2.7,30,172989.47025,True
0.0,30,173035.342707,False
0.0,30,173083.294318,False
2.1,30,173125.634591,True
0.0,30,173169.130186,False
2.8,30,173219.635386,True
2.5,30,173264.603992,True
0.0,30,173313.613794,False
0.0,30,173358.673028,False
1.6,30,173408.922196,True
3.0,30,173451.936801,True
0.2,30,173504.727663,False
1.6,30,173552.402567,True
0.0,30,173599.573365,False
0.0,30,173645.351792,False
2.8,30,173684.662218,True
2.4,30,173729.880888,True
2.5,30,173772.459325,True
0.0,30,173818.121981,False
0.0,30,173865.271204,False
0.0,30,173901.013216,False
0.0,30,173946.015626,False
2.9,30,173989.836929,True
2.9,30,174044.275023,True
0.0,30,174084.728401,False
2.4,30,174130.209905,True
2.7,30,174175.866995,True
3.0,30,174226.972966,True
0.0,30,174280.985324,False
0.0,30,174324.673117,False
2.2,30,174378.791359,True
2.8,30,174434.001757,True
0.0,30,174485.345908,False
0.0,30,174531.296214,False
2.3,30,174818.202587,True
2.4,30,174863.511649,True
2.4,30,174907.38704,True
2.7,30,174951.298787,True
0.0,30,174996.765775,False
3.0,30,175039.746374,True
0.0,30,175085.999433,False
0.0,30,175131.652499,False
0.0,30,175188.734411,False
1.2,30,175230.484294,True
0.0,30,175276.33224,False
2.9,30,175318.240756,True
2.6,30,175362.636522,True
0.0,30,175407.893546,False
0.0,30,175452.423538,False
0.0,30,175498.449289,False
0.0,30,175540.72725,False
3.0,30,175587.625349,True
2.9,30,175634.339169,True
0.0,30,175679.538458,False
0.0,30,175724.040659,False
2.4,30,175771.284556,True
2.1,30,175815.246864,True
0.0,30,175861.779621,False
0.0,30,175904.096711,False
3.0,30,175947.58603,True
3.0,30,175993.472702,True
2.6,30,176038.756863,True
0.0,30,176087.760562,False
0.0,30,176135.376267,False
0.0,30,176178.558045,False
0.0,30,176216.363424,False
2.5,30,176261.861293,True
1.8,30,176308.397411,True
0.0,30,176580.63857,False
0.0,30,176628.975009,False
0.0,30,176675.461587,False
2.8,30,176722.8383,True
2.8,30,176765.159731,True
2.4,30,176807.208606,True
2.5,30,176856.470729,True
0.0,30,176906.674447,False
2.5,30,176951.302934,True
2.7,30,177008.766933,True
0.0,30,177056.717106,False
1.6,30,177101.448513,True
2.7,30,177144.211895,True
2.8,30,177189.113738,True
0.0,30,177235.936106,False
2.3,30,177284.699839,True
0.0,30,177333.139138,False
0.0,30,177385.488167,False
0.0,30,177432.795659,False
0.0,30,177476.473616,False
2.9,30,177524.511833,True
2.8,30,177575.272119,True
0.0,30,177616.354436,False
0.0,30,177659.231829,False
0.0,30,177700.396753,False
1.0,30,177746.054767,True
3.0,30,177785.979698,True
3.0,30,177828.221831,True
0.0,30,177872.949052,False
1.9,30,177919.809948,True
0.0,30,177965.221481,False
0.0,30,178007.104749,False
3.0,30,178049.079545,True
1.4,30,178090.545669,True
0.0,30,178389.417462,False
2.6,30,178440.886965,True
0.0,30,178490.367033,False
0.0,30,178534.776489,False
0.0,30,178585.450834,False
2.5,30,178625.143545,True
0.0,30,178670.581454,False
1.8,30,178721.180638,True
2.9,30,178781.806987,True
0.0,30,178827.128225,False
2.3,30,178878.395852,True
2.9,30,178923.645493,True
2.4,30,178967.394243,True
0.0,30,179016.063011,False
2.3,30,179059.326051,True
0.0,30,179108.852987,False
0.0,30,179159.639738,False
0.8,30,179202.16873,True
2.8,30,179252.617438,True
2.7,30,179296.615068,True
2.8,30,179337.805654,True
0.0,30,179383.212273,False
2.0,30,179433.99293,True
2.5,30,179481.529028,True
0.0,30,179525.70176,False
2.8,30,179575.986165,True
1.2,30,179624.61442,True
0.0,30,179673.989923,False
2.9,30,179713.753204,True
3.0,30,179762.742033,True
3.0,30,179807.92469,True
0.0,30,179855.89115,False
0.0,30,179904.975947,False
0.0,30,179951.191186,False
0.0,30,179999.781888,False
1.8,30,180358.5522,True
2.4,30,180406.353215,True
0.0,30,180456.858915,False
2.4,30,180501.304763,True
3.0,30,180545.997854,True
1.9,30,180594.364171,True
2.8,30,180639.667881,True
0.0,30,180686.083364,False
2.7,30,180742.518718,True
0.0,30,180787.767679,False
0.0,30,180835.282691,False
2.2,30,180883.703015,True
0.0,30,180929.340041,False
3.0,30,180978.194329,True
2.5,30,181024.814083,True
0.0,30,181073.62878,False
2.5,30,181120.187727,True
0.0,30,181167.440754,False
3.0,30,181207.622784,True
0.0,30,181256.106867,False
0.0,30,181310.26376,False
0.0,30,181354.685768,False
2.6,30,181403.480426,True
0.0,30,181449.48399,False
0.0,30,181497.216411,False
1.6,30,181541.741462,True
0.0,30,181590.853849,False
0.0,30,181632.505149,False
0.0,30,181681.220415,False
0.0,30,181726.638786,False
2.5,30,181770.19339,True
0.0,30,181816.344932,False
1.3,30,181861.215306,True
0.0,30,181906.406099,False
2.8,30,182273.441109,True
0.0,30,182323.130253,False
0.0,30,182371.887488,False
2.9,30,182422.828541,True
2.7,30,182466.04807,True
0.0,30,182506.579376,False
0.0,30,182562.905741,False
1.8,30,182608.441051,True
2.9,30,182658.999053,True
2.9,30,182706.554172,True
0.0,30,182750.85177,False
0.0,30,182795.193987,False
2.5,30,182843.986526,True
0.0,30,182894.013852,False
0.0,30,182940.037338,False
0.0,30,182982.216531,False
0.0,30,183031.814587,False
0.0,30,183077.200979,False
2.8,30,183123.320377,True
3.0,30,183171.282853,True
0.0,30,183213.904028,False
2.8,30,183259.332882,True
0.0,30,183308.130493,False
2.7,30,183354.061871,True
0.0,30,183409.263287,False
0.0,30,183482.656161,False
0.0,30,183528.896998,False
0.0,30,183575.56171,False
2.7,30,183632.354878,True
2.6,30,183683.92059,True
2.4,30,183726.964829,True
2.6,30,183775.877251,True
2.3,30,183821.055547,True
0.0,30,183872.770584,False
0.0,30,184213.512445,False
0.0,30,184254.699507,False
0.0,30,184300.14287,False
2.2,30,184344.891873,True
2.7,30,184389.070976,True
0.0,30,184434.147165,False
0.0,30,184481.191121,False
2.7,30,184526.060546,True
2.8,30,184572.406105,True
1.5,30,184621.001222,True
2.4,30,184669.936069,True
0.0,30,184713.602069,False
2.8,30,184759.240834,True
1.0,30,184800.497063,True
2.1,30,184850.898103,True
2.5,30,184907.387214,True
2.9,30,184959.025971,True
0.0,30,185005.847667,False
0.0,30,185052.922045,False
0.0,30,185098.291319,False
2.5,30,185143.630335,True
0.0,30,185190.7386,False
2.6,30,185250.638491,True
0.0,30,185310.042929,False
0.0,30,185359.707535,False
0.0,30,185404.576703,False
2.7,30,185448.875352,True
2.9,30,185490.959507,True
1.1,30,185532.158678,True
0.0,30,185576.455464,False
2.8,30,185624.28187,True
2.5,30,185670.500468,True
0.0,30,185712.264355,False
0.0,30,185758.461052,False
0.0,30,186136.959591,False
2.8,30,186182.759292,True
2.6,30,186243.653282,True
2.5,30,186290.301174,True
0.0,30,186339.289564,False
0.0,30,186385.105357,False
3.0,30,186435.21635,True
0.0,30,186477.082709,False
0.0,30,186529.30656,False
1.6,30,186582.517557,True
0.0,30,186627.996933,False
2.7,30,186683.891143,True
3.0,30,186735.851904,True
0.0,30,186788.071656,False
0.0,30,186834.579298,False
0.0,30,186878.433123,False
0.0,30,186932.119878,False
0.0,30,186976.888146,False
0.0,30,187022.664128,False
2.8,30,187066.969217,True
0.0,30,187118.580438,False
2.6,30,187161.839756,True
0.0,30,187208.01016,False
2.9,30,187270.029288,True
0.0,30,187317.579144,False
2.7,30,187362.204538,True
0.0,30,187406.828513,False
3.0,30,187456.67106,True
2.5,30,187498.357764,True
2.7,30,187542.599691,True
2.1,30,187587.932242,True
0.0,30,187632.541316,False
0.0,30,187684.74011,False
0.0,30,187729.860013,False
3.0,30,188100.252864,True
2.1,30,188151.282407,True
2.6,30,188198.361232,True
0.0,30,188246.473032,False
0.0,30,188291.8852,False
1.6,30,188334.510862,True
2.1,30,188381.52635,True
0.0,30,188431.639555,False
2.9,30,188479.648311,True
3.0,30,188527.1523,True
0.0,30,188568.130822,False
0.0,30,188618.329271,False
0.0,30,188661.817068,False
2.6,30,188712.307042,True
0.0,30,188760.343443,False
0.0,30,188811.159828,False
0.6,30,188867.291985,False
0.0,30,188912.399815,False
2.5,30,188959.88924,True
2.5,30,189008.687544,True
3.0,30,189063.580874,True
0.0,30,189111.899087,False
0.0,30,189155.407477,False
0.0,30,189206.908417,False
0.0,30,189261.029499,False
0.0,30,189307.296623,False
2.7,30,189351.078665,True
2.8,30,189401.337619,True
2.9,30,189447.312988,True
2.8,30,189493.251404,True
0.0,30,189539.105555,False
1.9,30,189589.758368,True
0.0,30,189635.896977,False
2.7,30,189686.412952,True
0.0,30,190016.909251,False
2.9,30,190061.466676,True
2.7,30,190108.81965,True
0.0,30,190156.277586,False
0.0,30,190203.161325,False
0.0,30,190246.885718,False
0.0,30,190291.54847,False
2.4,30,190337.412233,True
0.0,30,190385.19711,False
0.0,30,190442.329081,False
0.5,30,190488.806197,True
0.0,30,190534.489105,False
2.6,30,190581.675284,True
2.7,30,190628.255763,True
2.6,30,190675.256222,True
2.7,30,190727.120424,True
0.0,30,190778.298232,False
0.0,30,190826.986614,False
2.0,30,190871.068223,True
0.0,30,190919.256951,False
0.0,30,190971.597159,False
2.8,30,191012.226511,True
0.0,30,191060.299006,False
0.0,30,191106.58954,False
0.0,30,191151.049877,False
2.5,30,191198.27875,True
0.0,30,191246.190852,False
0.0,30,191290.702753,False
2.8,30,191352.154948,True
2.5,30,191407.649802,True
0.0,30,191458.881272,False
0.0,30,191506.282629,False
2.0,30,191554.65928,True
0.0,30,191601.187531,False
2.7,30,191945.152881,True
2.9,30,191995.702192,True
2.8,30,192044.403628,True
0.0,30,192091.650866,False
1.8,30,192137.265433,True
0.0,30,192179.242725,False
0.0,30,192225.465095,False
2.6,30,192268.347166,True
0.0,30,192313.263749,False
0.0,30,192356.978486,False
2.9,30,192401.600903,True
0.0,30,192444.197194,False
0.0,30,192489.181361,False
0.0,30,192531.569359,False
2.8,30,192578.242489,True
0.0,30,192626.381819,False
2.7,30,192671.996655,True
2.6,30,192716.076174,True
1.1,30,192768.466187,False
0.0,30,192814.810446,False
0.0,30,192858.903502,False
2.1,30,192900.158349,False
1.6,30,192950.103228,True
0.0,30,192999.318973,False
0.0,30,193047.966208,False
0.0,30,193093.67684,False
2.7,30,193139.17504,True
0.0,30,193186.175663,False
0.0,30,193231.061131,False
2.5,30,193275.600422,True
2.1,30,193319.867534,True
0.0,30,193364.79222,False
0.0,30,193409.343727,False
0.0,30,193472.864095,False
2.2,30,193836.589679,True
0.0,30,193880.692378,False
2.4,30,193928.679011,True
2.6,30,193974.293645,True
2.7,30,194028.047525,True
0.0,30,194079.35882,False
0.0,30,194124.9415,False
2.9,30,194175.511832,True
0.0,30,194222.921322,False
2.3,30,194272.482487,True
2.8,30,194318.705099,True
2.1,30,194362.913162,True
1.5,30,194410.84923,True
2.4,30,194462.66398,True
0.0,30,194510.381102,False
0.0,30,194556.656804,False
0.0,30,194602.311969,False
0.0,30,194652.396538,False
1.7,30,194701.585617,True
2.7,30,194746.701297,True
0.0,30,194793.020658,False
2.3,30,194844.568422,True
2.9,30,194887.310059,True
0.0,30,194932.920127,False
2.1,30,194984.134168,True
2.5,30,195026.655218,True
2.7,30,195068.766027,True
2.7,30,195122.299984,True
0.0,30,195172.209888,False
2.6,30,195220.475549,True
2.7,30,195270.149832,True
2.9,30,195323.181479,True
0.0,30,195377.488704,False
2.3,30,195423.393406,True
0.0,30,195467.001538,False
2.5,30,195814.895606,True
0.0,30,195860.451181,False
0.0,30,195910.729398,False
2.4,30,195963.481261,True
0.0,30,196018.32469,False
2.9,30,196064.394389,True
0.0,30,196110.46289,False
0.0,30,196151.992567,False
0.0,30,196200.231347,False
0.0,30,196246.70224,False
0.0,30,196309.793941,False
2.8,30,196357.675301,True
2.9,30,196416.55143,True
0.0,30,196464.69062,False
2.6,30,196512.265257,True
0.0,30,196564.16472,False
0.0,30,196609.097003,False
0.0,30,196658.886749,False
2.9,30,196708.799648,True
1.8,30,196757.236296,True
2.5,30,196807.075479,True
2.9,30,196858.242096,True
0.0,30,196903.594446,False
0.0,30,196945.407061,False
0.0,30,196990.813023,False
0.0,30,197038.954472,False
0.0,30,197087.033346,False
2.8,30,197135.130563,True
0.0,30,197186.604774,False
0.0,30,197233.60575,False
0.0,30,197285.927901,False
0.0,30,197338.261528,False
0.0,30,197392.404402,False
0.1,30,197441.603889,False
1.7,30,197756.909034,True
2.7,30,197800.93717,True
0.0,30,197845.547917,False
0.0,30,197889.234301,False
2.8,30,197935.74532,True
0.0,30,197982.573522,False
0.0,30,198024.376358,False
2.5,30,198070.93908,True
2.8,30,198113.083791,True
0.0,30,198160.311509,False
0.0,30,198210.91116,False
2.6,30,198260.787641,True
0.0,30,198313.080677,False
1.1,30,198369.31062,True
0.0,30,198420.15921,False
2.7,30,198470.384842,True
2.7,30,198518.758455,True
0.0,30,198564.551889,False
0.0,30,198611.256189,False
0.0,30,198659.375602,False
2.4,30,198718.623889,True
0.0,30,198764.362976,False
0.0,30,198820.624191,False
1.6,30,198864.642783,True
0.0,30,198913.214227,False
0.0,30,198954.572278,False
3.0,30,199002.04024,True
0.0,30,199049.95836,False
2.8,30,199099.508692,True
2.8,30,199151.397084,True
0.0,30,199204.077177,False
0.0,30,199256.211025,False
2.7,30,199307.16129,True
0.0,30,199347.689638,False
1.0,30,199683.191743,True
0.0,30,199726.639426,False
2.7,30,199782.075818,True
0.0,30,199827.230802,False
0.0,30,199876.713148,False
0.0,30,199924.601298,False
2.5,30,199967.921493,True
0.0,30,200062.537586,False
0.0,30,200108.600026,False
2.6,30,200154.095686,True
0.0,30,200199.832927,False
0.0,30,200242.721188,False
0.0,30,200288.83369,False
0.0,30,200334.119169,False
0.0,30,200381.918634,False
1.2,30,200430.742063,False
0.0,30,200477.444641,False
2.0,30,200527.280902,True
0.0,30,200572.74256,False
0.0,30,200622.792032,False
2.4,30,200669.634401,True
0.0,30,200714.795395,False
0.0,30,200768.369729,False
2.7,30,200812.061946,True
2.4,30,200856.120024,True
0.0,30,200912.062806,False
1.5,30,200967.989876,True
0.4,30,201023.030309,True
0.0,30,201073.931975,False
0.8,30,201118.816348,True
2.6,30,201164.827485,True
2.7,30,201207.931359,True
0.0,30,201253.471105,False
0.0,30,201298.956379,False
2.7,30,201648.430529,True
0.0,30,201698.761142,False
1.7,30,201752.071426,True
0.0,30,201806.807438,False
0.0,30,201856.657244,False
3.0,30,201903.097651,True
2.5,30,201941.657148,True
2.6,30,201987.35164,True
0.5,30,202032.767825,True
2.5,30,202073.345215,True
0.0,30,202124.209633,False
2.5,30,202174.354737,True
0.8,30,202220.273447,True
2.8,30,202271.694046,True
0.0,30,202318.770593,False
0.0,30,202362.078485,False
0.6,30,202404.891073,False
0.0,30,202447.378644,False
0.0,30,202500.938237,False
0.0,30,202548.180313,False
0.0,30,202591.405452,False
0.0,30,202637.78757,False
0.0,30,202682.889591,False
0.0,30,202732.31331,False
0.0,30,202785.640692,False
0.0,30,202830.395242,False
2.7,30,202871.539606,True
0.0,30,202918.656999,False
0.0,30,202960.069066,False
2.2,30,203006.3577,True
0.0,30,203052.425038,False
0.0,30,203100.700907,False
2.9,30,203146.35421,True
2.8,30,203197.935834,True
0.0,30,203544.470348,False
0.0,30,203592.999441,False
0.0,30,203648.929202,False
0.0,30,203698.047568,False
2.6,30,203765.030708,True
0.0,30,203810.781659,False
0.0,30,203864.824117,False
0.0,30,203911.159632,False
2.7,30,203960.011277,True
2.0,30,204006.849032,True
0.0,30,204052.776061,False
0.0,30,204102.673715,False
0.0,30,204144.39193,False
3.0,30,204196.878041,True
0.0,30,204240.953073,False
0.0,30,204288.836825,False
2.6,30,204335.780944,True
0.0,30,204381.677387,False
0.0,30,204427.341995,False
0.0,30,204473.170866,False
0.0,30,204519.870261,False
0.0,30,204574.576778,False
0.0,30,204620.789513,False
1.2,30,204672.68548,True
0.0,30,204719.11666,False
2.8,30,204760.102762,True
0.0,30,204806.140264,False
2.8,30,204858.456277,True
3.0,30,204905.296456,True
0.0,30,204943.83052,False
2.7,30,204985.958605,True
2.3,30,205033.640621,True
2.9,30,205080.719396,True
0.0,30,205127.962994,False
2.3,30,205462.13969,True
2.9,30,205505.692983,True
2.9,30,205555.832436,True
0.0,30,205600.486701,False
2.3,30,205648.675509,True
2.3,30,205698.147442,True
2.4,30,205746.743614,True
0.0,30,205796.548387,False
0.0,30,205843.906219,False
0.0,30,205886.199614,False
2.6,30,205932.565041,True
2.4,30,205982.78863,True
0.0,30,206032.861295,False
1.2,30,206076.702322,True
2.3,30,206123.821839,True
1.5,30,206176.544133,False
1.4,30,206221.508379,True
0.0,30,206268.374997,False
2.4,30,206315.590369,True
0.0,30,206364.500828,False
1.2,30,206414.564826,True
0.0,30,206462.602579,False
0.0,30,206505.431657,False
0.0,30,206554.109192,False
2.7,30,206609.261696,True
0.0,30,206657.155361,False
0.0,30,206700.415561,False
0.0,30,206752.770607,False
2.6,30,206797.456896,True
0.0,30,206851.669049,False
2.6,30,206897.644412,True
0.0,30,206949.889428,False
0.0,30,206996.270682,False
0.0,30,207044.924754,False
2.6,30,207377.963015,True
0.0,30,207423.890348,False
3.0,30,207470.561618,True
0.0,30,207523.621104,False
2.8,30,207568.182446,True
2.4,30,207619.659058,True
0.0,30,207665.126776,False
0.0,30,207708.649014,False
2.8,30,207754.670364,True
2.5,30,207800.643161,True
0.0,30,207847.337852,False
2.9,30,207889.813859,True
0.0,30,207944.838886,False
0.0,30,207993.933896,False
0.0,30,208036.723351,False
2.0,30,208082.223076,True
0.0,30,208127.258654,False
0.0,30,208169.964738,False
0.0,30,208210.368896,False
2.6,30,208262.186503,True
0.0,30,208309.726465,False
2.6,30,208359.850437,True
2.8,30,208405.4084,True
2.7,30,208457.207791,True
0.0,30,208503.879342,False
0.0,30,208545.152253,False
2.4,30,208589.275993,True
2.6,30,208633.902653,True
2.6,30,208684.451049,True
0.0,30,208731.651352,False
0.0,30,208775.222225,False
2.7,30,208821.792488,True
2.8,30,208863.23509,True
2.9,30,208928.850801,True
0.0,30,208976.765608,False
1.0,30,209337.068008,True
0.0,30,209384.552338,False
0.0,30,209424.507288,False
2.6,30,209470.856208,True
0.0,30,209519.795207,False
0.0,30,209562.706807,False
0.0,30,209610.427634,False
0.0,30,209656.494266,False
2.7,30,209705.560953,True
2.5,30,209751.983229,True
2.7,30,209795.64235,True
0.0,30,209843.091803,False
0.0,30,209891.444791,False
0.0,30,209939.911872,False
0.0,30,209987.537768,False
2.5,30,210039.309664,True
0.7,30,210083.16782,False
3.0,30,210129.240899,True
0.0,30,210169.552824,False
2.7,30,210225.858358,True
2.8,30,210271.284519,True
0.7,30,210320.133763,False
2.7,30,210361.771545,True
0.0,30,210410.941541,False
0.0,30,210465.55337,False
0.0,30,210518.644649,False
0.0,30,210566.636333,False
0.0,30,210617.363033,False
1.8,30,210666.358231,True
2.6,30,210713.205743,True
2.6,30,210758.153799,True
0.0,30,210804.335932,False
0.0,30,210853.210017,False
0.0,30,210898.863021,False
0.0,30,211216.480843,False
3.0,30,211262.827794,True
1.0,30,211312.739997,True
2.8,30,211356.515177,True
3.0,30,211402.170674,True
2.7,30,211447.153012,True
3.0,30,211491.932678,True
0.9,30,211534.360925,True
2.5,30,211581.64313,True
2.7,30,211630.390372,True
0.0,30,211677.110407,False
0.0,30,211721.324226,False
0.0,30,211766.776656,False
2.8,30,211814.903924,True
0.0,30,211873.705281,False
0.0,30,211919.685549,False
2.8,30,211964.593797,True
1.7,30,212011.116736,True
0.0,30,212054.065562,False
2.3,30,212116.143993,True
3.0,30,212159.760445,True
0.0,30,212207.776366,False
2.8,30,212256.046952,True
3.0,30,212301.633989,True
2.5,30,212343.815213,True
0.0,30,212392.543922,False
2.5,30,212435.687185,True
0.0,30,212484.001395,False
0.0,30,212532.568877,False
2.9,30,212587.240269,True
0.0,30,212634.198826,False
3.0,30,212677.375438,True
0.0,30,212725.736346,False
1.8,30,212768.818858,True
0.0,30,213098.646084,False
0.0,30,213147.209535,False
2.9,30,213200.160358,True
2.8,30,213250.659013,True
0.0,30,213302.044489,False
0.0,30,213347.223758,False
2.0,30,213393.8699,True
0.0,30,213442.78244,False
2.3,30,213488.0608,True
3.0,30,213531.087742,True
2.7,30,213571.172527,True
2.6,30,213651.908115,True
3.0,30,213698.654987,True
0.0,30,213743.255178,False
2.7,30,213818.20916,True
0.0,30,213862.108879,False
2.8,30,213901.531259,True
2.6,30,213959.128301,True
2.9,30,214006.41302,True
2.4,30,214055.260479,True
2.5,30,214101.942127,True
0.0,30,214148.330356,False
0.0,30,214189.134345,False
3.0,30,214229.876384,True
0.0,30,214273.608149,False
2.5,30,214328.013127,True
1.6,30,214376.608677,True
1.3,30,214416.671274,True
2.6,30,214459.505681,True
1.4,30,214513.363492,True
2.3,30,214554.401692,True
2.8,30,214602.36568,True
2.9,30,214648.169582,True
0.0,30,214690.216374,False
2.0,30,215022.941423,True
2.9,30,215069.048483,True
0.0,30,215113.911858,False
1.4,30,215158.775281,True
0.0,30,215202.483022,False
2.6,30,215242.785511,True
0.0,30,215287.699525,False
0.0,30,215374.070635,False
2.9,30,215433.297201,True
0.0,30,215479.104007,False
0.0,30,215525.759688,False
0.0,30,215573.802355,False
0.0,30,215620.340989,False
0.6,30,215665.794682,True
2.8,30,215720.084434,True
2.4,30,215771.445641,True
3.0,30,215820.129173,True
0.0,30,215864.550462,False
2.8,30,215912.060763,True
2.5,30,215959.144105,True
2.6,30,216009.037429,True
0.0,30,216051.95453,False
0.0,30,216103.00168,False
1.1,30,216152.76878,True
0.0,30,216199.752625,False
0.0,30,216245.44102,False
0.0,30,216287.427131,False
2.0,30,216336.595942,True
0.0,30,216380.924894,False
0.0,30,216421.811265,False
0.0,30,216466.109885,False
0.4,30,216518.735315,False
2.4,30,216562.456037,True
0.0,30,216613.389307,False
2.8,30,216933.569574,True
2.8,30,216976.180182,True
2.6,30,217022.151364,True
2.3,30,217069.481599,True
2.7,30,217119.095324,True
2.1,30,217165.963534,True
0.0,30,217216.544712,False
2.6,30,217266.338271,True
2.4,30,217320.91082,True
0.0,30,217368.863359,False
0.0,30,217423.031947,False
0.0,30,217468.430042,False
2.8,30,217513.109154,True
2.8,30,217561.563226,True
2.5,30,217605.190192,True
0.0,30,217648.820402,False
0.0,30,217695.675506,False
0.0,30,217739.666767,False
2.1,30,217784.705572,False
2.6,30,217836.857292,True
2.7,30,217880.6032,True
2.7,30,217922.565634,True
2.5,30,217967.113595,True
0.0,30,218019.693677,False
0.0,30,218061.647576,False
2.9,30,218110.658378,True
0.0,30,218159.198712,False
2.5,30,218209.289342,True
0.0,30,218253.716196,False
0.0,30,218298.817145,False
2.6,30,218346.919065,True
2.8,30,218390.112993,True
0.0,30,218435.068065,False
0.0,30,218478.641807,False
2.8,30,218777.301869,True
2.3,30,218827.260034,False
2.1,30,218892.899501,True
2.9,30,218930.464915,True
2.5,30,218974.599766,True
2.0,30,219020.7696,True
0.0,30,219063.84814,False
0.0,30,219118.945043,False
2.6,30,219162.449296,True
2.3,30,219211.546347,True
2.5,30,219256.129515,True
2.7,30,219302.957353,True
2.9,30,219349.921528,True
2.1,30,219400.0185,True
0.0,30,219446.11375,False
2.7,30,219496.150577,True
0.0,30,219542.669283,False
0.0,30,219590.130726,False
0.0,30,219645.363846,False
0.0,30,219694.696254,False
1.5,30,219740.660765,True
0.0,30,219785.616974,False
0.0,30,219828.058444,False
0.0,30,219875.510219,False
0.0,30,219919.187417,False
0.0,30,219970.751384,False
0.0,30,220018.302043,False
0.0,30,220066.198257,False
0.0,30,220112.199209,False
2.6,30,220154.030569,True
3.0,30,220206.151814,True
2.5,30,220251.371958,True
2.3,30,220300.007881,True
0.0,30,220354.914467,False
2.7,30,220668.33472,True
2.5,30,220722.717823,True
3.0,30,220773.944906,True
1.8,30,220828.148676,True
2.3,30,220871.293497,True
2.4,30,220915.18089,True
0.0,30,220960.433205,False
0.0,30,221003.920979,False
2.7,30,221045.248076,True
2.4,30,221087.031876,True
2.8,30,221129.019822,True
2.9,30,221167.038439,True
0.0,30,221212.261593,False
0.0,30,221257.231205,False
0.0,30,221304.601082,False
0.0,30,221352.177117,False
0.0,30,221395.377273,False
0.0,30,221442.12456,False
0.0,30,221483.158162,False
3.0,30,221526.775968,True
0.0,30,221574.179525,False
0.0,30,221620.697025,False
2.8,30,221667.162234,True
2.8,30,221711.972414,True
2.9,30,221756.540355,True
3.0,30,221809.932628,True
2.4,30,221853.377868,True
2.7,30,221897.274946,True
2.7,30,221946.641757,True
3.0,30,221995.953871,True
3.0,30,222042.925097,True
1.1,30,222085.865115,False
2.2,30,222126.711859,True
0.0,30,222172.43628,False
2.5,30,222488.973505,True
2.8,30,222536.196571,True
0.0,30,222584.449443,False
1.4,30,222626.41862,False
3.0,30,222671.015251,True
1.8,30,222714.564179,True
0.0,30,222756.246975,False
0.0,30,222799.704718,False
2.3,30,222842.435224,True
2.6,30,222888.034762,True
0.0,30,222928.95532,False
0.0,30,222977.306868,False
2.9,30,223027.581257,True
2.5,30,223070.638843,True
0.0,30,223119.112979,False
0.0,30,223166.412544,False
2.4,30,223218.208032,True
0.0,30,223266.161354,False
0.0,30,223311.094836,False
0.0,30,223362.844446,False
3.0,30,223413.136634,True
1.7,30,223463.133138,True
0.0,30,223502.781611,False
0.0,30,223543.91757,False
2.5,30,223591.037202,True
2.8,30,223638.353759,True
0.0,30,223683.106745,False
0.0,30,223728.422706,False
2.7,30,223775.68065,True
0.0,30,223820.493256,False
1.7,30,223870.639307,True
2.8,30,223919.044946,True
2.7,30,223966.584603,True
0.0,30,224016.301773,False
1.9,30,224063.328226,True
2.7,30,224398.837389,True
2.7,30,224439.110859,True
0.6,30,224483.568896,True
0.0,30,224525.750884,False
3.0,30,224573.082294,True
0.0,30,224625.16738,False
0.0,30,224671.72757,False
0.0,30,224721.758113,False
2.8,30,224764.616926,True
0.0,30,224807.621722,False
0.0,30,224852.763337,False
2.7,30,224898.373637,True
2.7,30,224947.838938,True
2.7,30,224995.084301,True
2.9,30,225041.707405,True
0.0,30,225090.176164,False
0.0,30,225137.626322,False
2.2,30,225181.083235,True
0.0,30,225228.913271,False
0.0,30,225273.768203,False
0.0,30,225316.903088,False
0.0,30,225361.042989,False
2.0,30,225407.74249,True
0.0,30,225453.312882,False
0.0,30,225499.070301,False
0.0,30,225547.701748,False
2.6,30,225595.126997,True
0.0,30,225645.951121,False
0.0,30,225694.921487,False
2.6,30,225747.121551,True
0.0,30,225797.441459,False
0.0,30,225840.777101,False
2.6,30,225884.837757,True
2.5,30,225929.864884,True
3.0,30,226216.746515,True
2.8,30,226262.766365,True
0.0,30,226304.243238,False
0.0,30,226342.942398,False
1.9,30,226390.385773,False
0.0,30,226435.114046,False
2.8,30,226487.099233,True
0.0,30,226531.893541,False
0.0,30,226578.237289,False
0.0,30,226625.827245,False
2.6,30,226673.339327,True
2.4,30,226716.963284,True
0.0,30,226760.718515,False
2.2,30,226810.44726,True
0.0,30,226856.767406,False
0.0,30,226901.064157,False
2.5,30,226944.6481,True
0.0,30,226989.169528,False
2.5,30,227047.729715,True
0.0,30,227094.679489,False
0.0,30,227145.168931,False
0.0,30,227198.750401,False
3.0,30,227250.157008,True
2.8,30,227299.578313,True
2.9,30,227343.190973,True
0.0,30,227386.086233,False
0.0,30,227434.916601,False
2.8,30,227481.565228,True
1.5,30,227526.21384,True
2.9,30,227568.498545,True
0.0,30,227610.216633,False
2.5,30,227657.355807,True
0.0,30,227702.001701,False
2.7,30,227746.552399,True
3.0,30,228043.67443,True
2.8,30,228086.284478,True
2.9,30,228135.973596,True
1.1,30,228187.402973,True
2.6,30,228231.188897,True
0.0,30,228276.027863,False
0.0,30,228322.898652,False
2.5,30,228373.239242,True
2.2,30,228414.412052,True
3.0,30,228459.764658,True
2.4,30,228507.669368,True
2.7,30,228556.204328,True
2.8,30,228603.991294,True
2.5,30,228651.612289,True
2.3,30,228697.238693,True
0.0,30,228744.430799,False
0.0,30,228801.765074,False
2.5,30,228843.67889,True
2.0,30,228889.306659,True
0.0,30,228940.536924,False
3.0,30,228991.110065,True
2.8,30,229037.197946,True
1.8,30,229081.422019,False
2.1,30,229126.960161,True
2.9,30,229172.493715,True
2.3,30,229220.326303,True
2.9,30,229258.367352,True
0.0,30,229334.234296,False
2.6,30,229385.290811,True
0.0,30,229428.861469,False
0.0,30,229470.422463,False
0.0,30,229517.675895,False
2.7,30,229566.802951,True
0.0,30,229616.949455,False
1.8,30,229920.665879,True
0.0,30,229970.942085,False
0.0,30,230015.34264,False
1.1,30,230067.823014,True
0.0,30,230112.708056,False
2.9,30,230155.91483,True
2.6,30,230201.881714,True
1.9,30,230243.073962,False
2.6,30,230293.388264,True
2.8,30,230337.252527,True
1.1,30,230390.40835,True
0.0,30,230434.762771,False
2.9,30,230476.375672,True
0.0,30,230522.144234,False
2.8,30,230569.396668,True
0.0,30,230617.604102,False
2.6,30,230663.503917,True
2.3,30,230706.195801,True
2.9,30,230750.691496,True
2.6,30,230790.299113,True
0.0,30,230838.976408,False
2.9,30,230886.160588,True
2.3,30,230934.355412,True
2.6,30,230985.008479,True
0.0,30,231045.827785,False
2.3,30,231098.074581,True
0.0,30,231152.95124,False
0.0,30,231200.835281,False
2.7,30,231240.323253,True
0.0,30,231281.329582,False
2.6,30,231335.119877,True
0.0,30,231387.33889,False
0.0,30,231435.200072,False
0.0,30,231478.654637,False
0.0,30,231754.948602,False
0.0,30,231799.158227,False
0.0,30,231845.367914,False
2.5,30,231884.120717,True
0.0,30,231926.189255,False
0.0,30,231974.65074,False
0.0,30,232018.273664,False
0.0,30,232062.322633,False
0.0,30,232107.762307,False
0.0,30,232151.010082,False
2.2,30,232203.001534,True
0.0,30,232247.978619,False
0.0,30,232293.023995,False
0.0,30,232337.303877,False
0.0,30,232388.585425,False
2.4,30,232436.158209,True
2.2,30,232483.880847,True
0.0,30,232531.732769,False
2.9,30,232580.436243,True
0.0,30,232632.092085,False
0.0,30,232671.521997,False
0.0,30,232720.105169,False
0.0,30,232764.593516,False
0.0,30,232810.096834,False
2.6,30,232852.365234,True
2.8,30,232901.488659,True
2.8,30,232944.68796,True
0.0,30,232993.481143,False
0.0,30,233041.079647,False
0.0,30,233093.330156,False
0.0,30,233136.359109,False
0.0,30,233186.092195,False
0.0,30,233239.185201,False
2.5,30,233288.77674,True
0.0,30,233594.868369,False
3.0,30,233639.162678,True
2.8,30,233682.271331,True
0.0,30,233725.315895,False
0.0,30,233767.90096,False
2.3,30,233815.93844,True
2.9,30,233866.902342,True
0.0,30,233909.659689,False
0.0,30,233954.127181,False
0.0,30,233996.973098,False
2.6,30,234045.620247,True
0.0,30,234104.837708,False
0.0,30,234158.797627,False
2.1,30,234199.2983,True
0.0,30,234243.266894,False
0.0,30,234284.284819,False
0.0,30,234332.313768,False
0.0,30,234382.710886,False
0.0,30,234432.534886,False
0.0,30,234480.766655,False
0.0,30,234522.962773,False
0.0,30,234565.760808,False
2.9,30,234614.141207,True
2.2,30,234655.297494,False
2.7,30,234704.702853,True
0.0,30,234752.614532,False
0.1,30,234795.779999,True
0.0,30,234843.665973,False
0.0,30,234888.185305,False
0.0,30,234933.337282,False
0.0,30,234985.349525,False
3.0,30,235034.442564,True
2.9,30,235081.136041,True
0.0,30,235135.041249,False
0.0,30,235422.633044,False
0.0,30,235471.881039,False
2.7,30,235517.732403,True
0.0,30,235565.857728,False
2.4,30,235609.954864,True
0.0,30,235650.351452,False
0.0,30,235698.897343,False
2.7,30,235743.386303,True
2.6,30,235790.329765,True
0.6,30,235835.160227,False
0.0,30,235880.259874,False
2.3,30,235923.230187,True
0.0,30,235964.738042,False
0.0,30,236006.344543,False
0.0,30,236049.83768,False
2.6,30,236092.930431,True
0.8,30,236139.679943,False
0.0,30,236185.898401,False
2.8,30,236228.447952,True
2.4,30,236269.843478,True
0.0,30,236319.486855,False
2.9,30,236362.825269,True
0.0,30,236407.225666,False
2.7,30,236449.542588,True
0.0,30,236494.485235,False
0.0,30,236540.209074,False
0.0,30,236595.003063,False
0.0,30,236638.580712,False
0.0,30,236680.096039,False
1.0,30,236723.193093,False
2.0,30,236772.1301,True
0.0,30,236819.249476,False
2.2,30,236863.172225,True
0.0,30,236908.131526,False
0.0,30,236952.380144,False
0.0,30,237268.751377,False
0.0,30,237311.80936,False
2.4,30,237368.200301,True
0.0,30,237415.198319,False
0.0,30,237465.67106,False
2.7,30,237513.680663,True
2.2,30,237559.258909,True
2.8,30,237606.973187,True
0.0,30,237650.133709,False
1.0,30,237696.418756,False
2.9,30,237741.924853,True
2.4,30,237794.165812,True
0.0,30,237838.198431,False
2.3,30,237886.949835,True
0.0,30,237934.32804,False
0.0,30,237979.243291,False
2.6,30,238023.633449,True
2.7,30,238067.817086,True
2.3,30,238112.228576,True
2.7,30,238155.300174,True
2.1,30,238203.374889,True
0.0,30,238248.273417,False
0.0,30,238300.900105,False
2.5,30,238346.258116,True
0.0,30,238387.58523,False
2.9,30,238430.196782,True
0.0,30,238476.209086,False
2.2,30,238526.126656,True
0.0,30,238570.328382,False
0.0,30,238622.072182,False
2.8,30,238666.930185,True
2.3,30,238715.11751,True
2.8,30,238756.182836,True
0.0,30,238801.181086,False
0.0,30,239132.301754,False
0.0,30,239170.939568,False
0.0,30,239217.433671,False
2.8,30,239264.782224,True
2.6,30,239313.944026,True
0.0,30,239361.961624,False
0.0,30,239407.299951,False
3.0,30,239454.316509,True
0.0,30,239497.518102,False
2.8,30,239545.262611,True
0.7,30,239600.387767,True
1.8,30,239644.353455,True
0.0,30,239692.648703,False
2.5,30,239740.663006,True
0.0,30,239787.83073,False
3.0,30,239840.776663,True
3.0,30,239891.971986,True
0.0,30,240002.036668,False
0.0,30,240053.408519,False
0.0,30,240108.885221,False
0.0,30,240152.110118,False
2.7,30,240197.116664,True
2.7,30,240239.170263,True
0.0,30,240287.396176,False
1.3,30,240328.240361,True
2.5,30,240374.086922,True
2.2,30,240430.566982,True
0.0,30,240481.038768,False
0.0,30,240527.386168,False
0.0,30,240575.328736,False
0.0,30,240626.301312,False
0.0,30,240670.399886,False
0.0,30,240713.531374,False
2.7,30,240763.246269,True
0.0,30,241073.923724,False
2.8,30,241119.393462,True
2.7,30,241166.339118,True
1.9,30,241213.883339,True
2.2,30,241265.120141,True
2.8,30,241317.452027,True
3.0,30,241360.328475,True
0.0,30,241403.957588,False
0.0,30,241445.399337,False
0.0,30,241490.910341,False
0.0,30,241541.652482,False
0.0,30,241583.611563,False
0.0,30,241624.87583,False
0.0,30,241666.871128,False
0.0,30,241717.529086,False
2.7,30,241768.066403,True
0.0,30,241810.233472,False
2.4,30,241854.724661,True
0.0,30,241898.651184,False
0.0,30,241947.09735,False
1.6,30,241996.721386,True
2.8,30,242039.647471,True
2.8,30,242086.51745,True
2.8,30,242134.72446,True
0.0,30,242176.972375,False
0.0,30,242223.706468,False
0.0,30,242267.000825,False
0.0,30,242324.610184,False
2.7,30,242368.812011,True
0.0,30,242442.4321,False
0.0,30,242487.620296,False
2.6,30,242534.159112,True
2.0,30,242584.556211,True
0.0,30,242627.912597,False
2.6,30,242940.539196,True
2.1,30,242985.417644,True
1.7,30,243033.453695,True
0.0,30,243080.142616,False
2.8,30,243128.180495,True
2.3,30,243165.926308,True
0.0,30,243214.351918,False
2.4,30,243256.341754,True
2.7,30,243300.415589,True
0.0,30,243348.686894,False
0.0,30,243397.6512,False
2.6,30,243442.372093,True
0.0,30,243487.844177,False
0.0,30,243528.528851,False
0.0,30,243578.920034,False
0.0,30,243645.78163,False
1.9,30,243690.959424,True
0.0,30,243738.987387,False
0.0,30,243796.775894,False
2.6,30,243842.003182,True
0.0,30,243885.944986,False
0.9,30,243929.03784,True
0.0,30,243973.574964,False
1.5,30,244026.716644,True
0.0,30,244074.411404,False
1.8,30,244116.440433,True
0.0,30,244162.671102,False
2.4,30,244209.569473,True
0.0,30,244253.64686,False
0.0,30,244301.208451,False
0.8,30,244346.351582,False
2.8,30,244389.098204,True
2.6,30,244441.248358,True
2.9,30,244485.118351,True
2.6,30,244797.927574,True
0.0,30,244842.200393,False
0.0,30,244891.70302,False
0.0,30,244945.015777,False
0.0,30,244991.465663,False
0.0,30,245036.701241,False
2.1,30,245084.731596,True
0.0,30,245130.444639,False
0.0,30,245175.715045,False
2.7,30,245218.600697,True
1.6,30,245265.580816,True
2.3,30,245310.043757,True
2.6,30,245355.646583,True
2.3,30,245398.063842,True
0.0,30,245452.693303,False
0.0,30,245503.254179,False
2.5,30,245549.795019,True
2.9,30,245593.584422,True
2.3,30,245639.919158,True
0.0,30,245687.642707,False
2.0,30,245738.450485,True
0.0,30,245788.569669,False
0.0,30,245838.627401,False
0.0,30,245885.951129,False
2.9,30,245930.801359,True
0.0,30,245988.976836,False
0.0,30,246036.650481,False
2.5,30,246079.601664,True
2.7,30,246129.362731,True
0.0,30,246177.551221,False
0.0,30,246220.533086,False
2.7,30,246263.562506,True
2.7,30,246308.150806,True
0.0,30,246359.438599,False
0.0,30,246701.692248,False
2.9,30,246750.285498,True
2.8,30,246794.147274,True
0.0,30,246837.765105,False
1.9,30,246887.757941,True
2.6,30,246936.779327,True
2.4,30,246980.787415,True
0.0,30,247030.383423,False
2.9,30,247080.268436,True
2.9,30,247125.061516,True
0.0,30,247174.837506,False
3.0,30,247219.715179,True
2.2,30,247264.22153,True
2.4,30,247306.287893,True
0.0,30,247345.95119,False
2.7,30,247392.745301,True
3.0,30,247434.356882,True
0.0,30,247481.149126,False
0.0,30,247529.997613,False
0.0,30,247580.972976,False
2.6,30,247625.054743,True
1.4,30,247672.846467,True
0.0,30,247722.998436,False
0.0,30,247769.066522,False
0.0,30,247812.650224,False
2.7,30,247858.589191,True
2.6,30,247926.467028,True
2.8,30,247969.266862,True
2.8,30,248012.543688,True
0.0,30,248058.594944,False
2.6,30,248109.683597,True
0.0,30,248161.729381,False
0.0,30,248215.238848,False
2.2,30,248267.638797,True
1.7,30,248604.560894,True
0.0,30,248648.843121,False
2.4,30,248694.006634,True
0.0,30,248741.478678,False
0.0,30,248790.145161,False
0.0,30,248833.43652,False
0.0,30,248879.495684,False
2.6,30,248927.474633,True
2.9,30,248981.678195,True
3.0,30,249033.233683,True
0.0,30,249085.366917,False
0.0,30,249127.717038,False
0.0,30,249171.024289,False
0.0,30,249222.339113,False
2.4,30,249268.177756,True
0.0,30,249315.339795,False
0.0,30,249355.567462,False
0.0,30,249409.837515,False
2.2,30,249463.060377,True
3.0,30,249508.743651,True
2.6,30,249553.199256,True
0.0,30,249626.565195,False
3.0,30,249673.324621,True
0.0,30,249717.451711,False
2.3,30,249763.027001,True
2.6,30,249808.733765,True
0.0,30,249863.137223,False
2.9,30,249909.411624,True
0.0,30,249954.377718,False
2.9,30,250003.119109,True
2.6,30,250045.991701,True
2.6,30,250090.325557,True
2.8,30,250138.941037,True
0.0,30,250185.040419,False
0.0,30,250508.144499,False
0.0,30,250551.206795,False
2.8,30,250598.556421,True
2.8,30,250647.831972,True
0.0,30,250697.151626,False
0.0,30,250742.940673,False
3.0,30,250786.238677,True
2.4,30,250836.253073,True
0.0,30,250880.844039,False
1.7,30,250923.927613,True
0.0,30,250966.339858,False
2.5,30,251010.750032,True
0.0,30,251053.450554,False
2.6,30,251097.763668,True
2.9,30,251147.16135,True
0.0,30,251196.863031,False
2.6,30,251247.02632,True
0.0,30,251300.518791,False
2.8,30,251347.98628,True
2.0,30,251399.735062,True
2.8,30,251446.861614,True
2.8,30,251489.579834,True
2.6,30,251532.591144,True
0.0,30,251578.308494,False
2.6,30,251621.354838,True
2.0,30,251669.402231,True
2.6,30,251718.600342,True
0.0,30,251766.20822,False
2.2,30,251812.340601,True
0.0,30,251853.398292,False
0.0,30,251894.548118,False
0.0,30,251937.077528,False
1.7,30,251979.702569,True
0.0,30,252029.56128,False
0.0,30,252081.326457,False
1.8,30,252405.550777,True
0.0,30,252449.775166,False
2.0,30,252496.273319,True
0.0,30,252544.9201,False
0.0,30,252591.544124,False
2.9,30,252645.450391,True
0.0,30,252691.14282,False
2.6,30,252750.592148,True
0.0,30,252795.193004,False
0.0,30,252839.05429,False
0.0,30,252887.209075,False
2.5,30,252935.201137,True
0.0,30,252983.325574,False
0.0,30,253027.68387,False
2.9,30,253070.785082,True
1.2,30,253114.057786,True
2.0,30,253160.080158,True
2.9,30,253218.208517,True
0.0,30,253264.36711,False
0.0,30,253310.490096,False
2.6,30,253354.588314,True
0.0,30,253400.750093,False
0.0,30,253454.822738,False
2.8,30,253501.811575,True
0.0,30,253548.057903,False
0.0,30,253587.47277,False
2.8,30,253634.569597,True
0.0,30,253681.508712,False
0.0,30,253724.037743,False
0.0,30,253772.135395,False
2.9,30,253818.522035,True
2.8,30,253864.512847,True
0.0,30,253919.913776,False
2.8,30,253967.784906,True
0.0,30,254294.621773,False
0.0,30,254341.550333,False
2.6,30,254387.331596,True
2.4,30,254430.36342,True
2.8,30,254475.239982,True
0.0,30,254525.938859,False
0.0,30,254574.171612,False
0.0,30,254623.913117,False
0.0,30,254668.70873,False
0.0,30,254721.172161,False
2.8,30,254764.072497,True
2.2,30,254814.051142,True
2.6,30,254855.937553,True
0.5,30,254896.391973,True
0.0,30,254943.739264,False
2.9,30,254996.118853,True
2.8,30,255040.788505,True
0.0,30,255087.17295,False
0.0,30,255131.758245,False
2.5,30,255187.672442,True
2.6,30,255233.816945,True
2.5,30,255280.905042,True
0.0,30,255326.518686,False
3.0,30,255368.591806,True
0.0,30,255411.436533,False
1.6,30,255462.887762,True
1.9,30,255511.371072,False
0.0,30,255556.758858,False
0.0,30,255602.158463,False
0.0,30,255652.004865,False
0.0,30,255705.55828,False
2.4,30,255749.110669,True
3.0,30,255795.584421,True
0.0,30,255839.687968,False
1.8,30,256179.775689,True
0.0,30,256226.911324,False
0.0,30,256278.791384,False
0.0,30,256325.904959,False
0.0,30,256373.035275,False
2.4,30,256424.319912,True
0.0,30,256472.201989,False
2.9,30,256525.127544,True
0.0,30,256576.90008,False
1.3,30,256627.874504,True
0.0,30,256677.964857,False
2.7,30,256724.980203,True
0.0,30,256772.478763,False
1.2,30,256815.38514,True
0.0,30,256857.754637,False
0.0,30,256903.593184,False
2.0,30,256947.468965,True
2.7,30,256996.512904,True
1.2,30,257045.309176,True
0.0,30,257095.148738,False
1.5,30,257161.688923,True
2.2,30,257210.995244,True
3.0,30,257258.710566,True
2.4,30,257309.114179,True
0.0,30,257356.647305,False
3.0,30,257404.860025,True
0.0,30,257452.157685,False
2.5,30,257505.44768,True
0.0,30,257552.416783,False
0.0,30,257594.82521,False
0.0,30,257635.183968,False
0.0,30,257679.036772,False
0.0,30,257723.275365,False
2.3,30,257778.567571,True
1.5,30,258112.349606,True
0.0,30,258159.036607,False
1.9,30,258215.469057,True
2.8,30,258263.652395,True
2.1,30,258310.173168,True
1.6,30,258358.85147,True
2.5,30,258405.804649,True
0.0,30,258456.558842,False
0.0,30,258503.872651,False
0.0,30,258548.429774,False
2.4,30,258594.21378,True
2.7,30,258640.01603,True
1.8,30,258682.475901,True
0.0,30,258729.312811,False
2.9,30,258787.935881,True
0.0,30,258832.914219,False
0.0,30,258883.336835,False
0.0,30,258925.643323,False
0.0,30,258977.174293,False
2.9,30,259020.421822,True
2.7,30,259072.187669,True
0.0,30,259113.607862,False
0.0,30,259158.7655,False
2.8,30,259204.594566,True
2.7,30,259254.988075,True
2.9,30,259302.850332,True
3.0,30,259352.641322,True
0.0,30,259402.996463,False
0.0,30,259455.018181,False
0.0,30,259499.754199,False
0.0,30,259543.923008,False
0.0,30,259595.682999,False
2.3,30,259641.322587,True
0.0,30,259688.789346,False
0.0,30,260048.594255,False
2.9,30,260098.447037,True
2.1,30,260147.187176,True
2.3,30,260200.015055,True
3.0,30,260244.960385,True
0.0,30,260299.752084,False
2.8,30,260348.849098,True
0.0,30,260406.860392,False
2.6,30,260457.841875,True
2.6,30,260505.438262,True
0.0,30,260564.840749,False
0.0,30,260606.665169,False
2.7,30,260652.282535,True
0.0,30,260697.803346,False
3.0,30,260742.93955,True
0.0,30,260791.121277,False
1.1,30,260839.656182,True
0.0,30,260884.745561,False
0.0,30,260934.291775,False
2.7,30,260984.267773,True
0.0,30,261034.193335,False
0.0,30,261080.993859,False
2.8,30,261133.597821,True
2.9,30,261183.196113,True
2.2,30,261230.744171,True
2.5,30,261282.183558,True
1.7,30,261322.341724,True
2.7,30,261365.195336,True
0.0,30,261408.262056,False
0.0,30,261463.843179,False
0.0,30,261512.369754,False
0.0,30,261560.477886,False
2.8,30,261606.585129,True
0.0,30,261652.378489,False
0.0,30,261984.662043,False
1.4,30,262028.189807,True
0.0,30,262078.867038,False
3.0,30,262124.267219,True
2.7,30,262172.381891,True
2.5,30,262217.672161,True
0.0,30,262264.470196,False
0.0,30,262308.463152,False
2.8,30,262355.031534,True
0.0,30,262405.457132,False
0.0,30,262453.534462,False
2.6,30,262494.868709,True
0.0,30,262548.829537,False
0.0,30,262593.378155,False
0.0,30,262640.895916,False
0.4,30,262686.248807,False
0.0,30,262733.739367,False
0.0,30,262777.660265,False
0.0,30,262828.459431,False
3.0,30,262869.901555,True
0.0,30,262912.974893,False
0.0,30,262959.257482,False
2.9,30,263009.079885,True
0.0,30,263055.161476,False
2.6,30,263094.91205,True
0.0,30,263138.381838,False
2.2,30,263192.488308,True
2.7,30,263235.48531,True
0.0,30,263278.049877,False
0.0,30,263325.520403,False
0.0,30,263375.191839,False
0.0,30,263419.219338,False
2.6,30,263472.936452,True
0.0,30,263515.484794,False
0.0,30,263866.631464,False
2.4,30,263919.278167,True
0.0,30,263972.458139,False
2.9,30,264018.187316,True
2.7,30,264065.175759,True
0.0,30,264119.763208,False
2.6,30,264169.174502,True
0.0,30,264216.139189,False
0.0,30,264267.251984,False
0.0,30,264312.449061,False
0.0,30,264357.548115,False
2.1,30,264402.552438,True
2.8,30,264443.262084,True
0.0,30,264491.764115,False
0.0,30,264543.042136,False
2.8,30,264599.717387,True
0.0,30,264645.621634,False
0.0,30,264693.157966,False
1.0,30,264738.702389,True
0.0,30,264787.279958,False
0.0,30,264833.115409,False
1.3,30,264882.681722,True
2.8,30,264936.755059,True
2.7,30,264983.405724,True
2.8,30,265029.614268,True
0.0,30,265075.074712,False
0.0,30,265118.135927,False
0.0,30,265162.272161,False
1.9,30,265217.033835,True
0.0,30,265271.957674,False
0.0,30,265315.809932,False
0.0,30,265360.727396,False
2.2,30,265409.812681,True
0.0,30,265458.112452,False
3.0,30,265504.060041,True
1.9,30,265844.453543,True
0.0,30,265894.081239,False
0.0,30,265938.977966,False
0.0,30,265983.812162,False
0.0,30,266029.873525,False
2.4,30,266080.544486,True
2.8,30,266126.834101,True
2.2,30,266172.367061,True
0.0,30,266214.453075,False
2.5,30,266261.878349,True
0.0,30,266303.950722,False
0.0,30,266357.250634,False
2.8,30,266398.493259,True
0.0,30,266447.316833,False
2.4,30,266492.718999,True
0.0,30,266539.509808,False
0.0,30,266579.994612,False
1.8,30,266627.343046,True
0.0,30,266678.035282,False
0.0,30,266726.721558,False
0.5,30,266771.552434,True
0.0,30,266819.680338,False
2.5,30,266865.995913,True
2.5,30,266914.189861,True
0.0,30,266958.165448,False
0.0,30,267001.919977,False
0.0,30,267043.302151,False
0.0,30,267087.219361,False
0.0,30,267132.490379,False
2.3,30,267176.129961,True
2.6,30,267223.957149,True
0.0,30,267272.603365,False
2.6,30,267320.981937,True
0.0,30,267368.51018,False
2.6,30,267730.556584,True
3.0,30,267781.832822,True
0.0,30,267825.011011,False
2.3,30,267872.917356,True
2.7,30,267918.131784,True
0.0,30,267967.796946,False
0.0,30,268016.277347,False
0.0,30,268060.111764,False
2.5,30,268106.576293,True
0.0,30,268155.172538,False
0.0,30,268200.859046,False
2.4,30,268245.164046,True
0.0,30,268290.563097,False
2.0,30,268334.272759,True
1.8,30,268387.948355,True
0.0,30,268434.869826,False
0.0,30,268477.170821,False
2.7,30,268523.561691,True
0.0,30,268571.279825,False
2.8,30,268621.152977,True
0.0,30,268664.136993,False
0.0,30,268706.278129,False
0.0,30,268752.974472,False
0.0,30,268799.36477,False
2.6,30,268847.205343,True
0.0,30,268892.285738,False
0.0,30,268936.098712,False
0.0,30,268977.339813,False
0.0,30,269029.915694,False
2.7,30,269074.807885,True
2.8,30,269125.457892,True
0.0,30,269174.163622,False
0.0,30,269220.103744,False
0.0,30,269268.365086,False
0.0,30,269609.847775,False
0.0,30,269660.103652,False
1.5,30,269705.956653,False
2.9,30,269752.349463,True
0.0,30,269800.806601,False
2.7,30,269847.383309,True
2.2,30,269901.900239,True
2.1,30,269947.640829,True
1.9,30,269991.301337,True
3.0,30,270035.172239,True
3.0,30,270085.629836,True
0.0,30,270130.831026,False
0.0,30,270176.442409,False
0.0,30,270231.556936,False
0.0,30,270275.719286,False
0.0,30,270322.262633,False
2.9,30,270365.653152,True
0.0,30,270416.168907,False
0.0,30,270462.45488,False
2.4,30,270511.729339,True
0.0,30,270567.019189,False
2.6,30,270611.269459,True
0.0,30,270665.770635,False
2.8,30,270714.060759,True
0.0,30,270764.921564,False
2.6,30,270822.613362,True
1.7,30,270871.747493,True
0.0,30,270918.453954,False
2.4,30,270967.998165,True
0.0,30,271013.943033,False
0.0,30,271061.742749,False
0.0,30,271109.680927,False
0.0,30,271161.642975,False
2.4,30,271217.630118,True
2.8,30,271547.04339,True
2.6,30,271600.231065,True
2.1,30,271654.492329,True
0.0,30,271694.52511,False
0.0,30,271741.43663,False
0.0,30,271793.548033,False
2.5,30,271836.949359,True
0.0,30,271879.489785,False
2.7,30,271926.606184,True
0.0,30,271975.885787,False
0.0,30,272022.170324,False
2.7,30,272066.359589,True
2.7,30,272111.407947,True
0.0,30,272161.723516,False
0.0,30,272217.582991,False
2.4,30,272261.842946,True
0.0,30,272305.069595,False
3.0,30,272352.305497,True
0.0,30,272395.463032,False
0.0,30,272444.238672,False
0.0,30,272489.402938,False
2.8,30,272532.425422,True
0.0,30,272583.219059,False
0.0,30,272625.451789,False
0.0,30,272671.392751,False
0.0,30,272717.624306,False
0.0,30,272770.801512,False
1.7,30,272816.813447,True
0.0,30,272867.31344,False
0.7,30,272909.928065,False
2.7,30,272952.563703,True
2.4,30,272995.943385,True
2.6,30,273041.771643,True
2.1,30,273087.93258,True
0.0,30,273383.126808,False
2.8,30,273436.653377,True
2.6,30,273487.87552,True
2.5,30,273538.382899,True
0.0,30,273584.662255,False
0.0,30,273630.591859,False
0.0,30,273673.577035,False
1.7,30,273724.837037,True
1.2,30,273772.456291,True
2.0,30,273817.495455,True
2.9,30,273861.617761,True
2.9,30,273906.461124,True
2.6,30,273949.668291,True
0.0,30,274001.302749,False
2.7,30,274048.547081,True
0.0,30,274092.161083,False
2.7,30,274138.983622,True
0.0,30,274200.330276,False
2.7,30,274244.470354,True
0.0,30,274290.065708,False
0.0,30,274333.526525,False
0.0,30,274382.079612,False
0.0,30,274429.057986,False
0.0,30,274475.293615,False
0.0,30,274524.222561,False
2.7,30,274568.761775,True
0.0,30,274610.127223,False
0.0,30,274652.84088,False
2.3,30,274702.647139,True
0.0,30,274747.3455,False
0.0,30,274795.86734,False
2.0,30,274839.983993,True
2.4,30,274883.538479,True
0.0,30,274927.408539,False
2.4,30,275239.080247,True
0.0,30,275286.383298,False
2.6,30,275327.951657,True
0.0,30,275372.224628,False
0.0,30,275420.923079,False
0.0,30,275470.599373,False
2.6,30,275512.617211,True
2.5,30,275558.142956,True
2.4,30,275598.922987,True
0.0,30,275644.155324,False
1.8,30,275688.32895,True
2.5,30,275738.229057,True
2.6,30,275787.514513,True
0.0,30,275831.524965,False
0.0,30,275871.552245,False
2.9,30,275911.832743,True
2.9,30,275955.148937,True
1.7,30,275999.663426,True
1.9,30,276049.659537,True
2.0,30,276095.910412,True
1.6,30,276145.474245,True
2.8,30,276194.982258,True
0.0,30,276246.52329,False
0.7,30,276295.173973,False
2.4,30,276347.648455,True
2.6,30,276393.686453,True
0.0,30,276437.640797,False
1.7,30,276483.391885,True
0.0,30,276533.108914,False
0.0,30,276577.945497,False
0.0,30,276629.694382,False
0.0,30,276672.726904,False
2.1,30,276722.785492,True
0.0,30,276770.244411,False
0.0,30,277060.459994,False
2.8,30,277108.901136,True
2.6,30,277151.449865,True
2.0,30,277194.056368,True
2.8,30,277246.061471,True
2.5,30,277292.059808,True
2.7,30,277334.608685,True
0.0,30,277382.680682,False
2.6,30,277424.604348,True
0.0,30,277474.891052,False
0.0,30,277524.804113,False
0.0,30,277569.55234,False
0.0,30,277625.666771,False
0.0,30,277673.449891,False
2.5,30,277715.667644,True
2.3,30,277763.62776,True
0.0,30,277810.565425,False
0.5,30,277861.412332,True
0.0,30,277907.324182,False
0.0,30,277950.817073,False
2.5,30,278004.888179,True
0.0,30,278064.285687,False
1.9,30,278109.912753,True
2.7,30,278156.891554,True
2.7,30,278198.363473,True
0.0,30,278250.349215,False
0.0,30,278301.384239,False
2.3,30,278349.05104,True
0.0,30,278391.114141,False
3.0,30,278439.92352,True
0.0,30,278488.347331,False
0.0,30,278535.58392,False
0.0,30,278577.972137,False
2.5,30,278621.338131,True
0.0,30,278940.977337,False
0.0,30,278988.918845,False
0.0,30,279043.023819,False
1.3,30,279088.117603,True
2.6,30,279131.298801,True
0.0,30,279181.922765,False
0.0,30,279228.515385,False
3.0,30,279275.650038,True
0.5,30,279328.174477,True
0.0,30,279369.66417,False
3.0,30,279410.818556,True
0.0,30,279461.070727,False
0.0,30,279503.035129,False
3.0,30,279546.918093,True
3.0,30,279593.388408,True
0.4,30,279644.467423,False
0.0,30,279689.985951,False
0.0,30,279740.196072,False
3.0,30,279791.7355,True
0.0,30,279840.297955,False
2.9,30,279886.879038,True
0.0,30,279931.356197,False
2.4,30,279974.738183,True
0.0,30,280023.051503,False
0.0,30,280069.932261,False
2.0,30,280119.997776,True
1.5,30,280163.896391,True
3.0,30,280215.501899,True
2.3,30,280258.213329,True
2.4,30,280312.360021,True
1.3,30,280357.369505,False
3.0,30,280400.301599,True
0.0,30,280455.570144,False
0.0,30,280500.08159,False
0.0,30,280546.664781,False
2.2,30,280839.929301,True
0.0,30,280885.86515,False
2.1,30,280929.877282,True
2.6,30,280979.527914,True
0.0,30,281028.064742,False
2.5,30,281073.789694,True
2.3,30,281118.781456,True
0.0,30,281162.972099,False
2.6,30,281213.481833,True
0.0,30,281257.254994,False
3.0,30,281305.990505,True
2.5,30,281351.369525,True
2.7,30,281396.35034,True
1.7,30,281437.512438,True
2.9,30,281481.478415,True
1.3,30,281536.172632,True
0.0,30,281582.195641,False
0.0,30,281629.176339,False
2.7,30,281676.404739,True
2.5,30,281726.072317,True
2.4,30,281771.000612,True
2.6,30,281816.544819,True
3.0,30,281863.385022,True
3.0,30,281913.154898,True
0.0,30,281961.088362,False
2.8,30,282010.720889,True
0.0,30,282056.307146,False
2.1,30,282101.233336,True
0.0,30,282148.538382,False
0.0,30,282194.940419,False
0.0,30,282244.175686,False
2.8,30,282295.461366,True
2.8,30,282343.393007,True
2.7,30,282398.368629,True
2.8,30,282736.064974,True
0.0,30,282782.6483,False
0.0,30,282833.884126,False
0.0,30,282892.780878,False
2.8,30,282937.884846,True
2.3,30,282986.71265,True
1.5,30,283033.657928,True
0.0,30,283081.918083,False
2.6,30,283131.675908,True
2.8,30,283184.726835,True
0.0,30,283239.272957,False
3.0,30,283287.212893,True
2.6,30,283337.429844,True
1.5,30,283380.829218,True
0.0,30,283435.731493,False
0.0,30,283486.11071,False
2.3,30,283533.754317,True
0.7,30,283583.373404,False
2.7,30,283626.38734,True
1.3,30,283678.110027,False
2.9,30,283722.193513,True
2.5,30,283772.771394,True
0.0,30,283821.743396,False
2.4,30,283866.777043,True
0.0,30,283915.213807,False
0.0,30,283961.817937,False
0.0,30,284009.579365,False
0.0,30,284055.964585,False
0.9,30,284106.001037,False
0.0,30,284152.030889,False
2.8,30,284200.418238,True
2.9,30,284251.430476,True
0.0,30,284301.237292,False
1.6,30,284347.617228,True
0.0,30,284685.821857,False
0.0,30,284736.828306,False
0.0,30,284790.183472,False
0.0,30,284840.770392,False
0.0,30,284891.305828,False
0.0,30,284939.210352,False
2.2,30,284986.571003,True
0.0,30,285031.131674,False
3.0,30,285077.924993,True
3.0,30,285129.614236,True
2.9,30,285178.000617,True
1.9,30,285219.020355,True
0.0,30,285267.200921,False
2.4,30,285314.11563,True
0.0,30,285357.789448,False
2.8,30,285411.42317,True
0.0,30,285461.598627,False
2.4,30,285509.195166,True
0.0,30,285553.803419,False
2.7,30,285598.256122,True
0.0,30,285648.628355,False
0.0,30,285700.229151,False
0.0,30,285747.125841,False
0.0,30,285794.118256,False
2.8,30,285844.783728,True
3.0,30,285894.276903,True
2.6,30,285937.488418,True
2.8,30,285986.411299,True
0.0,30,286029.936419,False
0.0,30,286082.051548,False
0.0,30,286127.125907,False
2.7,30,286179.519093,True
2.3,30,286222.954202,True
0.0,30,286276.716389,False
2.7,30,286638.662598,True
2.6,30,286692.334937,True
2.8,30,286736.401808,True
0.0,30,286785.83554,False
0.0,30,286836.008192,False
0.0,30,286879.886068,False
0.0,30,286930.46284,False
2.5,30,286977.431287,True
0.0,30,287021.804192,False
0.0,30,287065.563433,False
2.6,30,287112.19738,True
0.0,30,287157.730397,False
0.0,30,287205.405672,False
0.0,30,287258.663369,False
0.0,30,287308.453866,False
0.0,30,287359.959066,False
0.0,30,287402.324183,False
0.0,30,287451.327849,False
0.0,30,287501.089679,False
2.6,30,287550.621686,True
1.8,30,287600.905917,True
0.0,30,287647.778721,False
2.1,30,287698.407409,True
0.0,30,287741.883353,False
0.0,30,287788.662,False
0.0,30,287838.65254,False
0.0,30,287880.155001,False
2.4,30,287922.639964,True
2.7,30,287962.984235,True
0.0,30,288011.873706,False
0.0,30,288056.801269,False
0.0,30,288106.943773,False
0.0,30,288152.583381,False
1.8,30,288196.575906,True
2.5,30,288505.730587,True
1.7,30,288553.634632,True
3.0,30,288595.341361,True
0.0,30,288634.058307,False
0.0,30,288683.63491,False
0.0,30,288731.369324,False
0.0,30,288806.122093,False
0.0,30,288854.217068,False
0.0,30,288902.541073,False
0.0,30,288945.977195,False
0.6,30,288991.808471,False
0.0,30,289039.655148,False
0.0,30,289091.516665,False
3.0,30,289135.290922,True
0.0,30,289186.767093,False
2.5,30,289240.107181,True
2.5,30,289287.885975,True
0.0,30,289334.22781,False
2.4,30,289382.418424,True
0.8,30,289422.542964,True
2.6,30,289466.380152,True
0.0,30,289516.751714,False
0.0,30,289571.22857,False
0.0,30,289610.854341,False
0.0,30,289657.95768,False
2.9,30,289702.313352,True
2.6,30,289746.373738,True
2.9,30,289795.795947,True
0.0,30,289844.861344,False
2.7,30,289903.825167,True
3.0,30,289951.147977,True
2.2,30,289998.162099,True
2.4,30,290043.919678,True
0.0,30,290101.855253,False
0.0,30,290452.204294,False
2.2,30,290496.781567,True
1.7,30,290547.156406,True
0.0,30,290594.85151,False
2.3,30,290643.686652,True
0.0,30,290687.450575,False
0.0,30,290736.151742,False
3.0,30,290778.948298,True
1.3,30,290825.184609,True
0.0,30,290873.559466,False
2.6,30,290924.558522,True
2.4,30,290988.198502,True
2.7,30,291037.005095,True
0.0,30,291084.063462,False
2.7,30,291125.968183,True
0.0,30,291169.61874,False
2.8,30,291218.973096,True
2.8,30,291261.558378,True
0.0,30,291304.291806,False
0.0,30,291354.466325,False
0.0,30,291400.69239,False
0.0,30,291442.543712,False
0.0,30,291485.528016,False
0.0,30,291533.448764,False
0.8,30,291581.890639,True
2.9,30,291624.753945,True
2.6,30,291673.50068,True
2.6,30,291723.82943,True
2.7,30,291772.621353,True
2.0,30,291824.235242,True
1.5,30,291872.789362,True
0.0,30,291915.999895,False
0.0,30,291957.596421,False
0.0,30,292004.498327,False
2.8,30,292377.706852,True
2.3,30,292435.171688,True
2.1,30,292484.112465,True
2.0,30,292529.39431,True
1.8,30,292572.64029,True
0.7,30,292630.618343,True
0.0,30,292681.823473,False
2.7,30,292732.49688,True
0.0,30,292779.416517,False
1.3,30,292819.772595,False
3.0,30,292865.703614,True
2.6,30,292906.961274,True
2.6,30,292951.913096,True
0.0,30,292993.297774,False
0.0,30,293041.011249,False
0.0,30,293090.602336,False
2.9,30,293139.929007,True
0.0,30,293191.321929,False
2.6,30,293234.100728,True
2.7,30,293279.907603,True
2.0,30,293327.069055,True
0.0,30,293374.816926,False
2.2,30,293420.712061,True
0.0,30,293464.776438,False
0.0,30,293506.455377,False
2.3,30,293549.235857,True
2.5,30,293594.356689,True
1.5,30,293642.893536,True
0.0,30,293684.046447,False
2.6,30,293735.706054,True
0.0,30,293783.412407,False
2.7,30,293832.487322,True
0.0,30,293874.284441,False
0.0,30,293922.38466,False
2.7,30,293971.772551,True
0.0,30,294284.776835,False
2.6,30,294324.419157,True
2.7,30,294366.579177,True
2.7,30,294414.962718,True
0.0,30,294457.427851,False
0.0,30,294504.148768,False
1.2,30,294554.459333,True
2.5,30,294601.773575,True
0.0,30,294646.885303,False
2.6,30,294698.478247,True
0.0,30,294741.173002,False
0.0,30,294784.111188,False
0.0,30,294833.499022,False
0.0,30,294875.573097,False
2.7,30,294924.010667,True
0.0,30,294972.589473,False
2.6,30,295020.596656,True
2.5,30,295064.276942,True
0.0,30,295109.492105,False
2.2,30,295157.798092,True
2.3,30,295203.392677,True
0.0,30,295251.796595,False
0.0,30,295294.135041,False
0.0,30,295339.850633,False
0.0,30,295387.057716,False
2.9,30,295434.001803,True
0.0,30,295478.865568,False
2.3,30,295537.268749,True
0.0,30,295580.895512,False
3.0,30,295621.540924,True
0.0,30,295663.363633,False
2.9,30,295709.863712,True
2.6,30,295753.571626,True
2.7,30,295805.549908,True
0.0,30,296113.240465,False
0.0,30,296157.647672,False
2.8,30,296202.066863,True
2.1,30,296247.121499,True
0.0,30,296290.555901,False
0.0,30,296331.473257,False
2.7,30,296377.77331,True
0.0,30,296424.458905,False
1.0,30,296467.276932,True
2.8,30,296515.646248,True
0.0,30,296556.836123,False
0.0,30,296604.376474,False
0.0,30,296651.477445,False
2.4,30,296697.672475,True
0.0,30,296740.663512,False
1.6,30,296783.6941,True
2.4,30,296834.506153,True
1.5,30,296879.165891,True
0.0,30,296921.619279,False
2.6,30,296971.67616,True
0.0,30,297019.10235,False
2.8,30,297062.959771,True
0.0,30,297108.452998,False
2.7,30,297155.794369,True
0.0,30,297199.668775,False
0.0,30,297245.973041,False
0.0,30,297301.10897,False
2.9,30,297350.407811,True
2.6,30,297393.411665,True
0.0,30,297435.562138,False
2.3,30,297473.935335,True
2.3,30,297519.671358,True
0.0,30,297570.451967,False
0.0,30,297618.475286,False
3.0,30,297896.146797,True
0.0,30,297940.148586,False
2.5,30,297987.999834,True
2.8,30,298037.148619,True
3.0,30,298079.709343,True
0.9,30,298126.706517,False
0.0,30,298169.576427,False
0.0,30,298214.116307,False
2.4,30,298259.536006,True
0.0,30,298304.359506,False
2.0,30,298347.968363,True
0.0,30,298403.649411,False
2.8,30,298449.374671,True
0.0,30,298503.346197,False
2.8,30,298543.589119,True
0.0,30,298588.813597,False
2.8,30,298644.9162,True
2.9,30,298691.229649,True
0.0,30,298735.249202,False
3.0,30,298774.112275,True
0.0,30,298818.963289,False
2.5,30,298868.18481,True
0.0,30,298909.611877,False
2.5,30,298956.459967,True
0.0,30,299001.49456,False
2.5,30,299042.702709,True
3.0,30,299091.337686,True
2.9,30,299135.796967,True
0.0,30,299181.590311,False
0.0,30,299227.258418,False
2.0,30,299272.014985,True
2.7,30,299322.98331,True
2.7,30,299369.389159,True
0.0,30,299410.182749,False
1.4,30,299695.910338,True
0.0,30,299746.761661,False
3.0,30,299791.97437,True
0.0,30,299840.316295,False
2.8,30,299890.434042,True
2.9,30,299935.652798,True
2.0,30,299976.478162,True
0.0,30,300023.3644,False
0.0,30,300070.80111,False
2.3,30,300118.475675,True
2.8,30,300168.193456,True
2.4,30,300212.563331,True
0.0,30,300256.206727,False
2.7,30,300304.456757,True
2.6,30,300347.350666,True
2.7,30,300398.732426,True
0.0,30,300447.809982,False
2.4,30,300485.640661,True
0.0,30,300530.294128,False
3.0,30,300578.230314,True
2.6,30,300623.06553,True
2.7,30,300662.079016,True
0.8,30,300714.400616,True
3.0,30,300755.097921,True
3.0,30,300800.389828,True
0.0,30,300843.804163,False
2.9,30,300895.845899,True
2.7,30,300941.319946,True
0.0,30,300982.409979,False
1.4,30,301032.953237,True
0.0,30,301076.801425,False
0.0,30,301121.94375,False
2.1,30,301168.663343,True
0.0,30,301216.407585,False
0.0,30,301509.93659,False
2.2,30,301558.340921,True
2.7,30,301606.592509,True
3.0,30,301658.378369,True
3.0,30,301704.821774,True
1.4,30,301753.626609,True
2.5,30,301802.11114,True
0.0,30,301847.756035,False
0.0,30,301921.274084,False
0.0,30,301980.848725,False
0.0,30,302023.91598,False
0.0,30,302068.874051,False
0.0,30,302116.270537,False
2.6,30,302167.57692,True
0.0,30,302212.492253,False
3.0,30,302257.898177,True
3.0,30,302309.571515,True
2.0,30,302355.918737,True
0.0,30,302402.971998,False
0.0,30,302444.271389,False
2.5,30,302490.406029,True
0.0,30,302536.671095,False
2.8,30,302576.726253,True
0.0,30,302624.121427,False
2.8,30,302674.407739,True
2.6,30,302715.659326,True
0.0,30,302760.73166,False
0.0,30,302809.295967,False
2.8,30,302856.063694,True
0.0,30,302898.504549,False
0.0,30,302937.961458,False
2.9,30,302984.602562,True
0.0,30,303033.004959,False
0.0,30,303075.362262,False
2.6,30,303371.591377,True
2.6,30,303416.427649,True
2.8,30,303458.52563,True
2.1,30,303505.902089,True
1.4,30,303547.867415,True
0.7,30,303585.573332,True
2.1,30,303628.110773,True
0.0,30,303675.961514,False
0.0,30,303716.633874,False
0.0,30,303760.747247,False
2.7,30,303805.536326,True
2.6,30,303850.519597,True
0.0,30,303894.573107,False
2.8,30,303940.874092,True
0.0,30,303978.427001,False
2.7,30,304032.886436,True
2.8,30,304078.992055,True
3.0,30,304123.524653,True
1.9,30,304169.834327,True
0.0,30,304215.30805,False
2.5,30,304258.631503,True
0.0,30,304298.850053,False
2.5,30,304342.991763,True
2.8,30,304386.126837,True
2.7,30,304428.200525,True
2.5,30,304475.19309,True
2.8,30,304517.982274,True
2.7,30,304565.435687,True
0.0,30,304603.050124,False
0.0,30,304654.547117,False
2.7,30,304696.49303,True
0.0,30,304735.989784,False
3.0,30,304778.513028,True
2.4,30,304825.748937,True
2.8,30,305114.867979,True
0.0,30,305158.999948,False
2.5,30,305209.480314,True
2.5,30,305252.792626,True
0.0,30,305291.505185,False
3.0,30,305335.10639,True
0.0,30,305377.890226,False
3.0,30,305431.45748,True
0.0,30,305477.274459,False
0.0,30,305523.537222,False
0.0,30,305571.945358,False
0.0,30,305617.125342,False
0.0,30,305661.33152,False
3.0,30,305708.321662,True
0.0,30,305758.366727,False
3.0,30,305808.805243,True
0.0,30,305852.309579,False
0.0,30,305897.143836,False
0.0,30,305937.975642,False
2.3,30,305981.015485,True
2.0,30,306022.551426,True
0.0,30,306074.4668,False
0.0,30,306119.414755,False
0.0,30,306166.990453,False
0.0,30,306212.3605,False
2.7,30,306256.54468,True
0.0,30,306300.69845,False
2.8,30,306348.032274,True
0.0,30,306393.678003,False
0.0,30,306449.132347,False
0.3,30,306501.052993,False
0.0,30,306549.596868,False
2.7,30,306594.817055,True
0.0,30,306638.689679,False
0.0,30,306947.605801,False
0.0,30,306991.238346,False
0.0,30,307034.471437,False
0.0,30,307081.21873,False
2.7,30,307128.723763,True
2.7,30,307172.649708,True
0.0,30,307222.431784,False
0.0,30,307269.282572,False
2.3,30,307317.264678,True
2.3,30,307362.624121,True
2.8,30,307413.618551,True
0.0,30,307454.675629,False
0.0,30,307499.054501,False
0.0,30,307544.491718,False
0.0,30,307587.393544,False
2.6,30,307637.584248,True
0.0,30,307680.458393,False
0.0,30,307729.416374,False
0.0,30,307772.849061,False
0.0,30,307816.117745,False
0.0,30,307862.561028,False
2.9,30,307911.068685,True
0.0,30,307962.258785,False
0.0,30,308010.742145,False
2.2,30,308054.932707,True
2.6,30,308099.260068,True
0.0,30,308143.175122,False
0.0,30,308191.056047,False
0.0,30,308232.434742,False
0.0,30,308278.801642,False
0.0,30,308323.537332,False
0.0,30,308367.788455,False
0.0,30,308410.195883,False
0.0,30,308455.681845,False
0.0,30,308496.017516,False
2.2,30,308821.729415,True
2.6,30,308865.732527,True
0.0,30,308914.334125,False
2.9,30,308962.754837,True
0.0,30,309004.692714,False
1.5,30,309050.187573,True
0.0,30,309100.922633,False
1.8,30,309145.297985,True
0.0,30,309186.975116,False
0.0,30,309237.908128,False
0.0,30,309291.605822,False
3.0,30,309335.680174,True
1.8,30,309381.927694,True
0.0,30,309424.566243,False
2.5,30,309471.681543,True
0.0,30,309518.991157,False
2.7,30,309563.427379,True
0.0,30,309610.71169,False
2.8,30,309666.798466,True
2.7,30,309710.192387,True
2.5,30,309756.512879,True
3.0,30,309801.705263,True
2.8,30,309845.738446,True
2.9,30,309891.955073,True
0.0,30,309938.888498,False
2.8,30,309983.751968,True
0.0,30,310029.342682,False
2.5,30,310074.354312,True
2.6,30,310124.57311,True
0.0,30,310169.002335,False
2.6,30,310215.589637,True
0.0,30,310265.377683,False
2.6,30,310312.213586,True
2.7,30,310356.404915,True
0.0,30,310689.318246,False
2.5,30,310733.737904,True
0.0,30,310784.759026,False
2.7,30,310827.354682,True
2.3,30,310878.085399,True
2.8,30,310924.967472,True
2.8,30,310973.607385,True
0.0,30,311025.064003,False
3.0,30,311071.577988,True
2.9,30,311120.6212,True
3.0,30,311166.728889,True
2.6,30,311210.023568,True
0.0,30,311254.549238,False
2.8,30,311300.338765,True
2.9,30,311344.884676,True
2.7,30,311389.686692,True
0.0,30,311435.57798,False
2.7,30,311480.888496,True
2.6,30,311526.176534,True
2.6,30,311575.963892,True
2.1,30,311618.371482,True
2.6,30,311670.927402,True
2.6,30,311718.377038,True
0.0,30,311798.571468,False
0.0,30,311847.350604,False
2.1,30,311891.362615,True
2.9,30,311939.120058,True
0.0,30,311981.075776,False
2.7,30,312028.071035,True
0.0,30,312075.227854,False
0.0,30,312137.548738,False
3.0,30,312189.810814,True
0.0,30,312246.512309,False
2.5,30,312308.810942,True
0.0,30,312604.22562,False
1.7,30,312650.939225,True
0.0,30,312695.875207,False
2.7,30,312740.555339,True
2.3,30,312788.730504,True
2.6,30,312830.33962,True
2.5,30,312875.068354,True
2.9,30,312919.93687,True
0.0,30,312970.36095,False
2.4,30,313016.384536,True
2.7,30,313061.536546,True
2.8,30,313107.738853,True
0.0,30,313155.511765,False
0.0,30,313196.809392,False
0.0,30,313245.145325,False
2.8,30,313290.72394,True
0.0,30,313335.865325,False
0.0,30,313378.432633,False
2.5,30,313424.16958,True
2.5,30,313475.96139,True
0.0,30,313523.606433,False
0.0,30,313565.552131,False
2.7,30,313612.629946,True
2.7,30,313664.130065,True
0.0,30,313708.646491,False
2.6,30,313756.268898,True
0.0,30,313802.374598,False
2.5,30,313847.019913,True
0.0,30,313894.900549,False
0.0,30,313943.834832,False
0.0,30,313994.526938,False
2.8,30,314036.098815,True
2.9,30,314085.576631,True
2.9,30,314132.733068,True
2.1,30,314439.109896,True
0.0,30,314483.194306,False
0.0,30,314531.904164,False
0.0,30,314573.952773,False
2.8,30,314621.519009,True
3.0,30,314668.449532,True
1.8,30,314715.161846,True
0.0,30,314772.337972,False
0.0,30,314817.304141,False
0.0,30,314864.486501,False
2.6,30,314908.901784,True
1.8,30,314956.436174,True
2.6,30,315003.018904,True
2.6,30,315046.17629,True
2.7,30,315082.773443,True
2.7,30,315129.893313,True
0.0,30,315176.46255,False
0.0,30,315224.057064,False
2.8,30,315272.730639,True
2.8,30,315315.838438,True
0.0,30,315358.61225,False
2.8,30,315401.760783,True
0.0,30,315446.492233,False
2.0,30,315487.304314,True
2.1,30,315533.600481,True
3.0,30,315582.533423,True
0.0,30,315622.613272,False
0.0,30,315672.953112,False
2.5,30,315715.123935,True
2.4,30,315771.497737,True
2.3,30,315813.472279,True
0.0,30,315857.832183,False
0.0,30,315902.305966,False
0.0,30,315946.68911,False
2.6,30,316263.530762,True
2.5,30,316312.254252,True
0.0,30,316354.384683,False
0.0,30,316401.227014,False
0.0,30,316442.960682,False
0.0,30,316490.375593,False
0.0,30,316534.017372,False
0.0,30,316580.756095,False
0.0,30,316623.339741,False
0.0,30,316668.352137,False
0.0,30,316716.648777,False
2.8,30,316763.853076,True
0.0,30,316808.835203,False
0.0,30,316854.402566,False
0.0,30,316898.629265,False
0.0,30,316941.694548,False
0.0,30,316989.055543,False
2.8,30,317035.376812,True
2.6,30,317086.674618,True
0.0,30,317134.245581,False
1.5,30,317178.143424,True
0.0,30,317223.950992,False
0.0,30,317271.639733,False
2.9,30,317319.016043,True
0.0,30,317362.693203,False
2.5,30,317406.561763,True
0.0,30,317447.771678,False
0.0,30,317489.741915,False
0.0,30,317537.013893,False
0.0,30,317584.718627,False
2.3,30,317636.462093,True
0.0,30,317679.230881,False
0.0,30,317718.51938,False
0.0,30,317770.162208,False
2.7,30,318084.783273,True
0.0,30,318133.730394,False
2.3,30,318174.611903,True
0.0,30,318218.590902,False
2.8,30,318259.5948,True
1.9,30,318302.96312,True
3.0,30,318342.93113,True
2.7,30,318386.978146,True
2.9,30,318431.553417,True
3.0,30,318477.87202,True
2.7,30,318521.331507,True
0.0,30,318564.273626,False
0.0,30,318607.270947,False
0.0,30,318648.992483,False
2.7,30,318693.985357,True
2.9,30,318742.860013,True
0.0,30,318788.336532,False
0.0,30,318836.188116,False
0.0,30,318886.004713,False
2.5,30,318937.320008,True
0.0,30,318983.611984,False
2.7,30,319021.957096,True
2.7,30,319068.329528,True
2.5,30,319115.811442,True
0.0,30,319159.930047,False
2.8,30,319202.492249,True
2.5,30,319244.176362,True
0.0,30,319283.919251,False
2.8,30,319328.881099,True
0.0,30,319372.475638,False
2.1,30,319418.837176,True
2.3,30,319464.039949,True
0.0,30,319513.819855,False
0.0,30,319558.07484,False
2.2,30,319860.346368,True
2.1,30,319903.803793,True
0.0,30,319949.752714,False
2.8,30,319999.36322,True
2.5,30,320047.93948,True
0.0,30,320095.323521,False
0.0,30,320142.542285,False
0.0,30,320187.715773,False
2.7,30,320236.267277,True
0.3,30,320282.178201,False
0.0,30,320326.905789,False
0.0,30,320369.103444,False
0.0,30,320413.878603,False
0.0,30,320460.14537,False
2.8,30,320504.478545,True
2.9,30,320548.315072,True
2.9,30,320593.706885,True
0.3,30,320639.201964,False
0.0,30,320689.318056,False
2.6,30,320732.913899,True
0.0,30,320777.044051,False
0.0,30,320823.666833,False
0.0,30,320869.127262,False
0.0,30,320909.959974,False
0.0,30,320957.568394,False
0.0,30,321002.709779,False
0.0,30,321048.092861,False
2.2,30,321094.359831,True
0.0,30,321143.127959,False
0.1,30,321184.809477,False
2.2,30,321241.869052,True
0.0,30,321289.648364,False
3.0,30,321333.733821,True
0.8,30,321401.515829,True
3.0,30,321447.860571,True
2.9,30,321743.574069,True
2.1,30,321788.953607,True
1.7,30,321834.452896,True
2.8,30,321880.249415,True
2.3,30,321935.029428,True
2.1,30,321982.100762,True
2.8,30,322023.402686,True
0.0,30,322070.360652,False
2.2,30,322121.351132,True
0.0,30,322168.29758,False
2.5,30,322209.252733,True
2.9,30,322255.658828,True
0.0,30,322298.126285,False
0.0,30,322341.56067,False
0.0,30,322393.228982,False
0.0,30,322442.130126,False
0.0,30,322485.532192,False
0.0,30,322530.57705,False
0.0,30,322579.27109,False
0.0,30,322626.463874,False
0.0,30,322685.300277,False
2.2,30,322729.805571,True
2.3,30,322774.476197,True
0.0,30,322818.95187,False
2.3,30,322861.070998,True
2.3,30,322913.658222,True
2.5,30,322961.473124,True
0.0,30,323020.524599,False
0.0,30,323069.913418,False
2.8,30,323117.60836,True
0.0,30,323166.912054,False
2.6,30,323222.913315,True
0.0,30,323263.545084,False
0.0,30,323314.58937,False
0.0,30,323645.863846,False
0.6,30,323695.712184,True
0.0,30,323740.03314,False
2.4,30,323784.106976,True
2.9,30,323827.559156,True
2.8,30,323872.120081,True
2.4,30,323918.620351,True
0.0,30,323962.508965,False
0.0,30,324005.891713,False
2.8,30,324048.707451,True
0.0,30,324092.63139,False
1.7,30,324152.095175,True
2.2,30,324199.647568,True
3.0,30,324252.038242,True
2.8,30,324301.614494,True
2.5,30,324341.593536,True
2.7,30,324386.478746,True
2.8,30,324430.395811,True
2.9,30,324475.302037,True
0.0,30,324519.613229,False
0.0,30,324564.503247,False
0.0,30,324613.303085,False
0.2,30,324662.85591,False
2.8,30,324708.465845,True
0.2,30,324753.186074,False
2.4,30,324804.771561,True
2.9,30,324846.455145,True
0.0,30,324890.30683,False
2.4,30,324949.266409,True
0.0,30,324990.139844,False
0.0,30,325032.28877,False
2.7,30,325083.999653,True
3.0,30,325128.066699,True
0.0,30,325175.376702,False
0.0,30,325508.616989,False
0.0,30,325550.771811,False
2.4,30,325595.795994,True
2.9,30,325661.404027,True
2.5,30,325712.677376,True
2.9,30,325758.536055,True
2.9,30,325805.857958,True
0.0,30,325852.38098,False
2.8,30,325896.591446,True
2.3,30,325943.782483,True
2.8,30,325989.96297,True
2.6,30,326041.270899,True
2.8,30,326092.560393,True
1.6,30,326143.56981,True
3.0,30,326188.79382,True
2.7,30,326228.49616,True
0.0,30,326273.538731,False
0.0,30,326321.103005,False
0.0,30,326365.152158,False
2.5,30,326414.560697,True
2.8,30,326465.039418,True
2.4,30,326510.642551,True
0.0,30,326555.73769,False
2.0,30,326603.66231,True
0.0,30,326651.239636,False
2.7,30,326696.286408,True
0.0,30,326737.374124,False
0.0,30,326795.959303,False
2.5,30,326835.923295,True
0.0,30,326883.59686,False
0.0,30,326928.96159,False
0.0,30,326986.732425,False
2.8,30,327034.166512,True
2.5,30,327078.149503,True
0.0,30,327391.248918,False
0.0,30,327435.898139,False
0.0,30,327481.77792,False
1.9,30,327528.694222,True
3.0,30,327570.677062,True
2.7,30,327623.326534,True
1.2,30,327668.086447,True
0.0,30,327713.824305,False
0.0,30,327762.703009,False
2.9,30,327804.390034,True
2.6,30,327850.6523,True
2.3,30,327894.829418,True
0.0,30,327942.941198,False
2.7,30,327989.872407,True
2.2,30,328038.662527,True
2.7,30,328086.590202,True
0.0,30,328133.697567,False
2.2,30,328178.648988,True
0.0,30,328227.302122,False
0.0,30,328278.085263,False
0.0,30,328319.995197,False
1.5,30,328366.470716,True
2.8,30,328410.498538,True
0.0,30,328450.154222,False
0.0,30,328494.338441,False
0.0,30,328534.903326,False
0.0,30,328577.173126,False
0.0,30,328625.682561,False
2.8,30,328670.201022,True
2.5,30,328716.090692,True
2.8,30,328764.907232,True
2.3,30,328807.505612,True
2.8,30,328848.004545,True
2.6,30,328898.304895,True
1.6,30,329186.26816,True
2.4,30,329232.552671,True
2.6,30,329271.738709,True
2.6,30,329315.112509,True
2.6,30,329360.050479,True
2.8,30,329405.538889,True
2.7,30,329449.935581,True
2.6,30,329496.088695,True
0.0,30,329544.360417,False
2.7,30,329588.785819,True
0.0,30,329631.836054,False
2.4,30,329679.66279,True
0.0,30,329730.632704,False
0.0,30,329770.870101,False
2.6,30,329815.308499,True
2.4,30,329867.269771,True
1.6,30,329912.138694,True
3.0,30,329957.712948,True
0.0,30,330011.521171,False
0.1,30,330057.630866,False
2.4,30,330097.21592,True
0.0,30,330142.345626,False
0.0,30,330183.023424,False
0.0,30,330229.740314,False
2.9,30,330275.402203,True
0.0,30,330321.555069,False
0.0,30,330363.073391,False
0.0,30,330411.529631,False
2.8,30,330462.048909,True
3.0,30,330500.495204,True
2.0,30,330544.161346,True
0.0,30,330593.447856,False
2.8,30,330641.486839,True
2.2,30,330686.650055,True
0.0,30,330988.134988,False
0.4,30,331030.24036,True
2.9,30,331077.688428,True
2.5,30,331118.847009,True
0.0,30,331173.762164,False
2.8,30,331225.603131,True
0.0,30,331270.211382,False
0.0,30,331315.535735,False
2.5,30,331362.715227,True
3.0,30,331406.79278,True
1.2,30,331450.042108,False
0.0,30,331500.751084,False
2.8,30,331543.7037,True
0.0,30,331600.575727,False
2.6,30,331650.233914,True
0.0,30,331691.554335,False
0.0,30,331729.968281,False
2.2,30,331774.223742,True
2.5,30,331822.555288,True
2.5,30,331868.261135,True
0.0,30,331918.316556,False
2.4,30,331961.692628,True
0.0,30,332007.417367,False
2.6,30,332058.056191,True
0.0,30,332104.031559,False
0.0,30,332152.536173,False
0.0,30,332196.940579,False
0.0,30,332239.024279,False
2.6,30,332282.75775,True
0.0,30,332322.469715,False
0.0,30,332363.838141,False
2.9,30,332404.818105,True
0.0,30,332449.443133,False
2.9,30,332496.325064,True
0.0,30,332808.70443,False
0.0,30,332851.461241,False
2.8,30,332898.289389,True
2.9,30,332942.02439,True
2.8,30,332987.422064,True
2.6,30,333034.226933,True
2.9,30,333076.456086,True
2.9,30,333124.96729,True
0.0,30,333173.029606,False
0.0,30,333216.979796,False
0.0,30,333261.774049,False
2.4,30,333308.758743,True
2.9,30,333361.681762,True
0.0,30,333402.473089,False
0.0,30,333459.100554,False
2.6,30,333504.825095,True
0.0,30,333551.267317,False
2.7,30,333600.215745,True
0.0,30,333646.846571,False
2.0,30,333689.865548,True
0.0,30,333738.896401,False
2.9,30,333792.887176,True
2.0,30,333849.780344,True
0.0,30,333895.919358,False
2.9,30,333936.182042,True
3.0,30,333988.28148,True
2.8,30,334029.956474,True
1.1,30,334072.910341,False
2.4,30,334115.541704,True
2.6,30,334161.967473,True
2.6,30,334206.04136,True
2.5,30,334251.001806,True
2.5,30,334296.357203,True
2.7,30,334341.318049,True
3.0,30,334639.797389,True
0.0,30,334684.533158,False
3.0,30,334731.879955,True
2.7,30,334787.550387,True
2.6,30,334831.092771,True
0.0,30,334876.924183,False
1.9,30,334920.930482,False
2.8,30,334965.617893,True
0.0,30,335015.854192,False
0.0,30,335061.296473,False
2.4,30,335105.838545,True
0.0,30,335148.840085,False
0.0,30,335194.830962,False
1.9,30,335245.361491,True
1.6,30,335296.79936,True
0.0,30,335343.772846,False
0.0,30,335385.411885,False
1.1,30,335426.629738,False
2.2,30,335471.428553,True
0.0,30,335518.504376,False
0.0,30,335563.287004,False
0.0,30,335623.811224,False
0.0,30,335667.775689,False
2.6,30,335714.767318,True
2.7,30,335772.633495,True
0.0,30,335818.863912,False
0.0,30,335864.411157,False
0.0,30,335906.20455,False
0.0,30,335953.854731,False
2.5,30,336001.949067,True
2.3,30,336049.046087,True
2.4,30,336099.055983,True
0.4,30,336144.743902,False
0.0,30,336190.13623,False
2.6,30,336232.665054,True
2.8,30,336496.430366,True
0.0,30,336542.943161,False
2.5,30,336587.32594,True
0.1,30,336653.765148,False
0.0,30,336695.726634,False
2.8,30,336742.292673,True
0.0,30,336789.436121,False
2.6,30,336832.715905,True
0.0,30,336875.777448,False
0.0,30,336921.369643,False
2.3,30,336961.347199,True
0.0,30,337007.71228,False
0.0,30,337053.521037,False
0.0,30,337096.358255,False
2.8,30,337143.054491,True
0.0,30,337182.842274,False
0.0,30,337230.396136,False
3.0,30,337272.054179,True
2.2,30,337318.729382,True
0.0,30,337358.344324,False
0.0,30,337401.746711,False
0.0,30,337445.189153,False
2.9,30,337488.059035,True
0.0,30,337538.452475,False
2.8,30,337578.476508,True
2.7,30,337623.489626,True
0.0,30,337661.166023,False
1.4,30,337704.243901,True
0.0,30,337747.909229,False
2.7,30,337798.757778,True
0.0,30,337842.423557,False
0.0,30,337886.695937,False
2.7,30,337927.49569,True
0.0,30,337969.804683,False
0.0,30,338264.23823,False
2.7,30,338313.897236,True
2.8,30,338362.85299,True
0.0,30,338413.128119,False
2.8,30,338476.768067,True
2.4,30,338519.955107,True
0.0,30,338567.688807,False
0.0,30,338607.511717,False
0.0,30,338649.002233,False
2.8,30,338693.430821,True
3.0,30,338735.768171,True
0.0,30,338781.434609,False
0.0,30,338829.184059,False
0.0,30,338874.589375,False
2.9,30,338916.224149,True
3.0,30,338958.785361,True
0.0,30,339002.781484,False
0.0,30,339048.758981,False
0.0,30,339092.210121,False
0.0,30,339141.085893,False
0.0,30,339186.693367,False
2.9,30,339232.491027,True
0.0,30,339274.388563,False
2.8,30,339315.003129,True
2.9,30,339355.959385,True
3.0,30,339400.520589,True
0.0,30,339449.473147,False
0.0,30,339493.963342,False
0.0,30,339536.974282,False
0.0,30,339583.475471,False
2.7,30,339627.184699,True
2.5,30,339671.796437,True
0.0,30,339719.074743,False
0.0,30,339759.138857,False
2.1,30,340050.878566,True
0.0,30,340098.91775,False
2.6,30,340141.160459,True
0.0,30,340186.447548,False
2.5,30,340229.780312,True
0.0,30,340276.933551,False
2.7,30,340324.309095,True
0.5,30,340373.207025,False
2.7,30,340419.178048,True
0.0,30,340466.100063,False
0.0,30,340516.28074,False
2.5,30,340563.397756,True
2.5,30,340608.922158,True
0.0,30,340651.738157,False
0.0,30,340694.226715,False
0.0,30,340739.110035,False
2.5,30,340785.776893,True
2.3,30,340831.012744,True
0.0,30,340875.20992,False
0.0,30,340926.865042,False
2.7,30,340972.874291,True
0.0,30,341017.852777,False
0.0,30,341064.943588,False
0.0,30,341102.203248,False
1.9,30,341144.139935,True
0.0,30,341190.338067,False
2.6,30,341236.432808,True
0.0,30,341280.839,False
0.0,30,341326.831894,False
0.0,30,341378.106711,False
2.9,30,341423.619516,True
0.0,30,341467.738681,False
0.0,30,341513.803011,False
0.0,30,341555.246027,False
0.0,30,341859.743945,False
2.5,30,341908.282218,True
2.7,30,341957.41538,True
0.0,30,342005.75011,False
0.0,30,342057.16474,False
0.0,30,342104.105596,False
0.0,30,342150.09026,False
0.0,30,342192.997788,False
2.4,30,342238.64671,True
0.0,30,342277.386583,False
2.6,30,342321.406654,True
0.0,30,342364.347716,False
2.7,30,342407.569866,True
2.8,30,342453.113218,True
0.0,30,342494.844603,False
2.8,30,342543.616601,True
2.9,30,342587.691495,True
1.7,30,342633.606905,True
0.0,30,342681.331057,False
0.0,30,342727.591403,False
2.4,30,342772.008285,True
0.0,30,342811.488479,False
0.0,30,342857.179482,False
2.5,30,342906.650715,True
2.1,30,342952.394214,True
0.0,30,342996.299561,False
3.0,30,343041.979577,True
0.0,30,343091.179901,False
0.9,30,343134.690645,True
0.0,30,343180.666919,False
3.0,30,343224.575304,True
0.0,30,343270.301943,False
0.0,30,343315.165872,False
0.0,30,343363.790073,False
2.7,30,343667.16475,False
3.0,30,343718.384683,True
2.8,30,343764.354003,True
0.0,30,343817.408949,False
0.0,30,343863.04569,False
2.1,30,343909.643952,True
2.4,30,343953.675701,True
0.0,30,343999.813169,False
0.0,30,344044.526202,False
0.0,30,344094.881323,False
0.0,30,344139.514956,False
2.7,30,344183.407418,True
0.0,30,344233.741599,False
2.8,30,344283.787482,True
0.0,30,344331.157799,False
2.6,30,344375.999355,True
2.2,30,344422.264076,True
0.0,30,344466.368803,False
2.5,30,344510.188903,True
0.0,30,344557.44543,False
0.0,30,344604.1724,False
2.9,30,344652.607761,True
2.9,30,344694.810547,True
2.3,30,344746.813195,True
0.0,30,344789.242776,False
0.0,30,344835.97822,False
2.9,30,344874.939484,True
0.0,30,344918.875555,False
0.0,30,344970.538084,False
0.0,30,345012.625309,False
2.5,30,345059.963225,True
2.8,30,345103.004637,True
0.0,30,345142.375478,False
0.0,30,345184.730936,False
2.1,30,345462.227631,True
0.0,30,345506.246972,False
2.2,30,345552.083518,True
2.2,30,345603.483139,True
0.6,30,345648.581608,False
0.0,30,345692.632875,False
0.0,30,345737.912664,False
2.8,30,345789.69337,True
2.5,30,345831.141391,True
2.5,30,345875.953099,True
2.9,30,345915.552115,True
2.2,30,345961.336747,True
2.7,30,346002.605294,True
0.0,30,346042.659973,False
0.0,30,346090.24548,False
2.9,30,346135.620343,True
0.0,30,346196.247846,False
2.8,30,346242.5479,True
2.1,30,346285.218714,True
3.0,30,346327.388088,True
2.4,30,346372.890203,True
0.0,30,346421.232481,False
0.0,30,346463.659195,False
2.5,30,346511.372585,True
2.8,30,346557.929562,True
0.0,30,346610.089441,False
2.8,30,346659.240268,True
0.0,30,346707.147355,False
0.0,30,346754.970808,False
0.0,30,346799.909724,False
2.6,30,346847.895965,True
2.7,30,346888.904963,True
0.0,30,346928.979092,False
0.0,30,346973.159713,False
2.6,30,347290.523745,True
2.3,30,347334.346514,True
0.0,30,347380.622317,False
0.0,30,347424.794373,False
2.9,30,347480.000496,True
0.0,30,347526.202024,False
2.4,30,347570.855778,True
2.6,30,347612.87607,True
0.0,30,347654.614851,False
2.1,30,347703.532411,True
0.0,30,347748.969,False
2.7,30,347795.266787,True
2.3,30,347835.460704,True
0.0,30,347883.713835,False
0.0,30,347930.278805,False
0.0,30,347976.211865,False
2.4,30,348024.202526,True
2.6,30,348068.386286,True
0.0,30,348115.648657,False
2.7,30,348160.981984,True
0.0,30,348206.285109,False
0.0,30,348254.020858,False
2.8,30,348297.892442,True
2.4,30,348344.248525,True
0.0,30,348390.246508,False
0.0,30,348438.618379,False
0.0,30,348487.226218,False
2.3,30,348534.086405,True
0.0,30,348572.553287,False
0.0,30,348622.231886,False
2.0,30,348663.437512,True
0.0,30,348706.33619,False
0.0,30,348752.198238,False
2.5,30,348796.226654,True
3.0,30,348838.905331,True
0.0,30,349168.485797,False
2.9,30,349214.042588,True
3.0,30,349262.740662,True
2.6,30,349332.069535,True
0.0,30,349381.581774,False
2.7,30,349428.278889,True
3.0,30,349473.046884,True
3.0,30,349519.504947,True
2.4,30,349569.030561,True
2.8,30,349609.047114,True
0.0,30,349659.600309,False
0.0,30,349708.650738,False
2.8,30,349752.579626,True
0.0,30,349818.454786,False
0.0,30,349860.574123,False
0.0,30,349908.774955,False
0.0,30,349954.101877,False
0.0,30,350003.970763,False
3.0,30,350051.189667,True
2.9,30,350092.017455,True
0.0,30,350135.028321,False
2.6,30,350183.163289,True
2.5,30,350224.815348,True
1.7,30,350270.8067,True
0.0,30,350326.17646,False
0.0,30,350377.731893,False
0.0,30,350427.015997,False
0.3,30,350468.500174,True
0.0,30,350513.372072,False
0.0,30,350555.11587,False
1.9,30,350599.205382,True
1.5,30,350643.911255,True
0.0,30,350691.710241,False
1.8,30,350734.77672,True
0.0,30,351034.833302,False
2.8,30,351077.509554,True
3.0,30,351125.900051,True
2.6,30,351172.55946,True
3.0,30,351223.008425,True
0.0,30,351269.370466,False
0.0,30,351315.327387,False
2.9,30,351364.533765,True
0.0,30,351414.050181,False
0.0,30,351455.988724,False
0.0,30,351506.780404,False
2.9,30,351554.240575,True
2.7,30,351603.49944,True
2.3,30,351652.247916,True
0.0,30,351697.92415,False
2.6,30,351749.502958,True
2.5,30,351792.464842,True
2.4,30,351835.238359,True
0.0,30,351877.1346,False
2.6,30,351927.057064,True
0.0,30,351983.685985,False
0.0,30,352025.702907,False
0.0,30,352071.436791,False
2.8,30,352117.49575,True
2.6,30,352163.211848,True
1.0,30,352209.630693,True
0.0,30,352257.207061,False
2.7,30,352300.028506,True
0.0,30,352347.927685,False
2.5,30,352388.969929,True
0.0,30,352439.160187,False
0.0,30,352484.350588,False
2.9,30,352530.145714,True
0.0,30,352578.792862,False
0.0,30,352879.458851,False
2.7,30,352921.874885,True
2.8,30,352971.242298,True
2.5,30,353019.205048,True
2.7,30,353065.17996,True
2.9,30,353101.750388,True
0.0,30,353147.214194,False
0.0,30,353193.270168,False
2.8,30,353236.528793,True
0.4,30,353291.140138,False
0.0,30,353337.739713,False
2.8,30,353386.214173,True
0.0,30,353430.048356,False
0.0,30,353480.642263,False
0.0,30,353524.570351,False
2.9,30,353567.696609,True
2.5,30,353613.301812,True
2.7,30,353661.30523,True
0.0,30,353706.621555,False
0.0,30,353748.572927,False
2.4,30,353795.181102,False
0.8,30,353842.928857,False
0.0,30,353887.058969,False
2.8,30,353928.484127,True
2.7,30,353975.955822,True
0.0,30,354017.465348,False
0.0,30,354065.441376,False
2.5,30,354113.358575,True
2.7,30,354158.290697,True
2.9,30,354205.82845,True
2.0,30,354253.742509,True
2.3,30,354292.761223,True
2.9,30,354340.340764,True
0.0,30,354385.786151,False
2.5,30,354717.109948,True
2.6,30,354766.786124,True
2.8,30,354809.569027,True
0.0,30,354855.075698,False
0.0,30,354903.793144,False
3.0,30,354946.599178,True
0.0,30,354993.206583,False
0.0,30,355038.464436,False
0.0,30,355090.206753,False
2.8,30,355132.52132,True
2.7,30,355179.324873,True
2.9,30,355222.984705,True
2.8,30,355275.281986,True
3.0,30,355314.80083,True
2.9,30,355359.44314,True
0.0,30,355403.474662,False
2.6,30,355450.422977,True
2.0,30,355495.56861,True
0.0,30,355548.134427,False
0.0,30,355591.983344,False
0.0,30,355634.281724,False
0.0,30,355677.070744,False
0.0,30,355723.782723,False
0.0,30,355786.612321,False
2.5,30,355831.297339,True
2.8,30,355876.167165,True
2.8,30,355920.504337,True
2.6,30,355964.277554,True
0.0,30,356018.330504,False
0.0,30,356066.014903,False
0.0,30,356111.425579,False
0.0,30,356158.165673,False
2.6,30,356202.11365,True
2.8,30,356248.82505,True
2.1,30,356561.647746,True
0.0,30,356604.432677,False
0.0,30,356648.444287,False
0.0,30,356690.396851,False
2.5,30,356737.209013,True
0.0,30,356784.040943,False
0.0,30,356827.709615,False
0.0,30,356879.475822,False
2.5,30,356925.377908,True
3.0,30,356969.143308,True
0.0,30,357025.964397,False
1.1,30,357072.723182,True
0.0,30,357124.200981,False
1.9,30,357170.144443,True
0.0,30,357219.497773,False
0.0,30,357270.099035,False
2.2,30,357319.361265,True
2.5,30,357374.260817,True
2.8,30,357424.902575,True
0.0,30,357469.016575,False
2.3,30,357517.888192,True
0.0,30,357564.58807,False
2.7,30,357612.018247,True
3.0,30,357658.606495,True
0.0,30,357707.362748,False
2.3,30,357751.82599,True
2.6,30,357793.803782,True
0.0,30,357836.969598,False
2.8,30,357879.693219,True
0.0,30,357923.566496,False
2.8,30,357978.149518,True
0.0,30,358022.991362,False
0.0,30,358069.106469,False
2.5,30,358120.120866,False
2.4,30,358445.057343,True
0.0,30,358493.046623,False
0.0,30,358539.371215,False
2.6,30,358582.953664,True
0.0,30,358634.391303,False
0.0,30,358680.818694,False
0.0,30,358721.781987,False
2.1,30,358767.863678,True
0.0,30,358809.37976,False
0.0,30,358853.899295,False
0.0,30,358903.019243,False
2.7,30,358951.667646,True
0.0,30,358996.097256,False
3.0,30,359039.285724,True
0.0,30,359083.513078,False
0.0,30,359126.096376,False
0.0,30,359174.206434,False
0.0,30,359220.67038,False
2.9,30,359276.836313,True
2.5,30,359323.341138,True
2.4,30,359367.468313,True
1.7,30,359417.842964,True
3.0,30,359457.012243,True
0.0,30,359502.996577,False
2.0,30,359546.615329,True
0.0,30,359590.419608,False
0.0,30,359637.113066,False
2.5,30,359679.349787,True
0.0,30,359725.960028,False
2.2,30,359768.043561,True
0.0,30,359820.103366,False
2.9,30,359866.77191,True
0.5,30,359911.800202,True
2.8,30,359967.988386,True
0.0,30,360288.136527,False
2.9,30,360327.774289,True
2.2,30,360378.728858,True
2.8,30,360423.87979,True
0.0,30,360473.397138,False
0.0,30,360521.649228,False
2.8,30,360566.10992,True
0.0,30,360611.810081,False
1.1,30,360661.170518,True
0.0,30,360704.357044,False
0.0,30,360743.217815,False
2.8,30,360787.870285,True
0.0,30,360834.281508,False
0.0,30,360884.478245,False
0.0,30,360931.437921,False
0.1,30,360976.096298,False
2.8,30,361020.189764,True
0.0,30,361068.61457,False
0.0,30,361114.87908,False
2.7,30,361163.27274,True
0.0,30,361208.643251,False
3.0,30,361249.736158,True
0.0,30,361296.808498,False
0.0,30,361341.148824,False
0.0,30,361385.57937,False
2.8,30,361428.386579,True
2.8,30,361473.435809,True
2.4,30,361519.415596,True
2.7,30,361566.53475,True
2.5,30,361615.493116,True
1.2,30,361659.703157,True
2.6,30,361706.553467,True
3.0,30,361751.690406,True
0.0,30,361799.063079,False
0.0,30,362116.071227,False
2.6,30,362160.322022,True
0.0,30,362204.498035,False
0.0,30,362266.155875,False
2.3,30,362311.137991,True
1.2,30,362355.547418,True
2.4,30,362403.466659,True
2.4,30,362448.383504,True
3.0,30,362498.179174,True
2.3,30,362547.227634,True
0.0,30,362595.122645,False
0.0,30,362645.272477,False
2.6,30,362686.947244,True
0.0,30,362735.582656,False
3.0,30,362775.958673,True
0.0,30,362815.354795,False
0.8,30,362861.650952,False
0.0,30,362910.811661,False
0.0,30,362958.832121,False
0.0,30,363002.541584,False
2.8,30,363052.168132,True
2.1,30,363103.349345,True
2.7,30,363146.54362,True
0.0,30,363191.346686,False
0.0,30,363240.194974,False
0.0,30,363289.051398,False
0.0,30,363338.453859,False
0.0,30,363386.544276,False
0.0,30,363434.92343,False
2.5,30,363487.427687,True
2.9,30,363531.067871,True
2.5,30,363578.984931,True
0.0,30,363628.130757,False
2.3,30,363674.938706,False
2.8,30,363720.370136,True
0.0,30,364023.857931,False
0.0,30,364071.090265,False
0.0,30,364115.498267,False
0.0,30,364163.74349,False
0.0,30,364208.306304,False
0.0,30,364248.86755,False
0.0,30,364296.800356,False
2.8,30,364348.197016,True
0.0,30,364396.554125,False
0.0,30,364440.6056,False
2.6,30,364483.252212,True
0.0,30,364532.027874,False
2.5,30,364578.463364,True
0.0,30,364629.143644,False
2.4,30,364673.566857,True
0.0,30,364715.800625,False
0.0,30,364758.452156,False
0.0,30,364803.875397,False
0.0,30,364842.705507,False
0.0,30,364892.123893,False
0.0,30,364938.589388,False
0.0,30,364982.523592,False
0.0,30,365031.083161,False
0.0,30,365076.794085,False
1.3,30,365116.628712,False
2.2,30,365164.798985,True
2.7,30,365210.962837,True
0.0,30,365255.184345,False
0.0,30,365293.012061,False
0.2,30,365337.877671,False
2.9,30,365380.391545,True
0.0,30,365422.358822,False
2.7,30,365468.095942,True
2.0,30,365513.938982,True
2.2,30,365826.730322,True
2.3,30,365875.339101,True
2.5,30,365920.457451,True
2.7,30,365963.645316,True
2.7,30,366009.654686,True
0.0,30,366052.096647,False
0.0,30,366102.175674,False
0.0,30,366147.717851,False
0.0,30,366197.828373,False
2.4,30,366237.190036,True
3.0,30,366278.36054,True
0.0,30,366321.57311,False
0.0,30,366369.904691,False
2.7,30,366412.683917,True
2.9,30,366457.419456,True
0.0,30,366504.852996,False
0.0,30,366551.936393,False
2.8,30,366601.466549,True
0.0,30,366646.219805,False
0.0,30,366696.348608,False
0.0,30,366740.222424,False
2.3,30,366783.056984,True
0.0,30,366823.031251,False
0.0,30,366872.565037,False
0.0,30,366918.774289,False
2.4,30,366973.501761,True
0.0,30,367015.76923,False
2.6,30,367073.360948,True
2.9,30,367120.087616,True
0.0,30,367190.089419,False
2.7,30,367240.906699,True
0.0,30,367287.577331,False
2.6,30,367330.054828,True
2.7,30,367380.31872,True
2.7,30,367677.23902,True
0.0,30,367724.540638,False
0.0,30,367768.149696,False
2.6,30,367811.359394,True
2.2,30,367857.23303,True
2.1,30,367900.895003,True
2.0,30,367945.280172,True
2.8,30,367989.33067,True
0.0,30,368035.734697,False
2.3,30,368081.339539,True
0.0,30,368122.99272,False
0.0,30,368166.024811,False
2.5,30,368210.897686,True
2.7,30,368256.241166,True
2.3,30,368305.57764,True
2.8,30,368350.442135,True
0.0,30,368389.633664,False
0.0,30,368436.782138,False
2.6,30,368491.036922,True
0.0,30,368535.455009,False
2.9,30,368580.87601,True
2.4,30,368626.980119,True
2.6,30,368673.64109,True
2.1,30,368717.918969,True
2.7,30,368763.489749,True
2.9,30,368813.913821,True
2.6,30,368860.530562,True
2.3,30,368906.941901,True
2.9,30,368952.166969,True
2.8,30,368995.769055,True
0.0,30,369044.391346,False
0.0,30,369085.621493,False
2.8,30,369129.810328,True
2.8,30,369180.565566,True
3.0,30,369499.687466,True
0.0,30,369544.6164,False
2.7,30,369591.338967,True
2.7,30,369638.506979,True
2.7,30,369683.3324,True
0.0,30,369727.197197,False
2.9,30,369774.614159,True
2.6,30,369821.466629,True
2.8,30,369874.379668,True
0.0,30,369922.260918,False
0.0,30,369966.952453,False
2.6,30,370009.969126,True
0.0,30,370057.102257,False
0.0,30,370106.948677,False
3.0,30,370153.411813,True
2.4,30,370202.76562,True
2.9,30,370248.411569,True
2.1,30,370298.915386,True
0.0,30,370349.790343,False
2.5,30,370394.757915,True
2.5,30,370436.493663,True
2.8,30,370483.802489,True
0.0,30,370529.782225,False
0.0,30,370578.122705,False
0.0,30,370624.631036,False
2.9,30,370674.401577,True
2.3,30,370718.807493,True
2.9,30,370767.191859,True
2.6,30,370815.691127,True
2.2,30,370858.778802,True
3.0,30,370905.807241,True
2.5,30,370950.261893,True
0.0,30,370991.523167,False
0.0,30,371041.941102,False
2.7,30,371353.035326,True
1.4,30,371400.339986,True
0.0,30,371444.609497,False
2.5,30,371487.425304,True
2.1,30,371533.865167,True
0.0,30,371575.807546,False
2.8,30,371622.561838,True
0.0,30,371670.992121,False
2.7,30,371717.635986,True
0.0,30,371766.951134,False
2.9,30,371811.306084,True
0.0,30,371865.03134,False
0.0,30,371913.144839,False
1.6,30,371962.014709,True
2.5,30,372016.14112,True
0.0,30,372059.652754,False
2.6,30,372109.398521,True
2.6,30,372151.125718,True
1.8,30,372196.782044,True
0.0,30,372241.941987,False
0.0,30,372280.161143,False
2.2,30,372332.378093,True
1.4,30,372383.845153,False
2.9,30,372429.079548,True
0.0,30,372479.519289,False
2.3,30,372522.681441,True
2.8,30,372566.149824,True
2.6,30,372616.569843,True
2.5,30,372665.66381,True
2.6,30,372713.152572,True
2.4,30,372759.465519,True
0.0,30,372809.954638,False
2.0,30,372860.076313,True
0.0,30,372908.72867,False
2.5,30,373211.876286,True
0.0,30,373254.766477,False
2.8,30,373300.701753,True
0.0,30,373344.294605,False
2.8,30,373389.709121,True
2.7,30,373435.698498,True
2.7,30,373480.985463,True
0.0,30,373533.178333,False
0.0,30,373577.032381,False
2.6,30,373623.766164,True
3.0,30,373670.648928,True
2.4,30,373718.512341,True
1.7,30,373765.639414,True
0.0,30,373811.450337,False
0.0,30,373855.23804,False
0.0,30,373896.937991,False
0.0,30,373940.03617,False
3.0,30,373987.813543,True
2.9,30,374033.542708,True
0.0,30,374080.253036,False
2.9,30,374124.214801,True
0.0,30,374170.289895,False
0.0,30,374219.298625,False
2.7,30,374267.208136,True
2.4,30,374307.979366,True
2.6,30,374356.723244,True
2.6,30,374443.930817,True
0.0,30,374484.624095,False
2.9,30,374536.916147,True
0.0,30,374585.216942,False
2.5,30,374630.594133,True
2.4,30,374672.686395,True
0.0,30,374725.421992,False
0.0,30,374769.722453,False
1.4,30,375090.953732,False
0.0,30,375139.084977,False
2.4,30,375185.525521,True
0.0,30,375236.822642,False
0.0,30,375280.926843,False
0.0,30,375325.817314,False
0.0,30,375373.922617,False
0.0,30,375417.65647,False
0.0,30,375466.075928,False
2.8,30,375514.868359,True
0.0,30,375562.300389,False
2.8,30,375608.639845,True
0.0,30,375659.461856,False
2.6,30,375707.342874,True
0.0,30,375751.320321,False
1.6,30,375793.819235,True
3.0,30,375840.047225,True
0.0,30,375884.260431,False
0.0,30,375930.274351,False
3.0,30,375977.656219,True
0.0,30,376027.330922,False
0.0,30,376075.761513,False
0.5,30,376128.600654,True
0.0,30,376180.416932,False
0.0,30,376226.26838,False
0.0,30,376270.370105,False
0.0,30,376316.081228,False
2.7,30,376356.831691,True
2.5,30,376408.856005,True
1.0,30,376455.536125,False
0.0,30,376508.245059,False
0.0,30,376558.435426,False
0.3,30,376600.805194,False
2.9,30,376649.428505,True
2.8,30,376694.034122,True
0.0,30,376996.714302,False
2.9,30,377036.86516,True
2.2,30,377081.595701,True
0.0,30,377127.233217,False
0.2,30,377173.720764,True
2.1,30,377221.376031,True
2.5,30,377270.088827,True
0.0,30,377316.000203,False
0.0,30,377358.832893,False
0.0,30,377405.157163,False
2.7,30,377448.456022,True
0.0,30,377491.653311,False
2.4,30,377537.231715,True
0.0,30,377587.901433,False
2.8,30,377637.30828,True
0.0,30,377688.385438,False
2.4,30,377736.372333,True
2.9,30,377800.807321,True
1.4,30,377847.339401,False
3.0,30,377894.02414,True
0.0,30,377941.165725,False
2.5,30,377984.541509,True
2.6,30,378028.085804,True
2.8,30,378074.627816,True
2.7,30,378129.211025,True
0.0,30,378180.672865,False
0.0,30,378224.161435,False
2.0,30,378272.293539,False
2.7,30,378316.460644,True
0.0,30,378365.565013,False
2.1,30,378414.601533,True
2.5,30,378460.332016,True
0.0,30,378507.25822,False
0.0,30,378555.311853,False
0.0,30,378890.227287,False
0.0,30,378936.510752,False
0.0,30,378982.329938,False
0.0,30,379029.786882,False
2.2,30,379072.924605,True
2.6,30,379119.394586,True
2.6,30,379166.066565,True
1.6,30,379209.674648,True
3.0,30,379259.318634,True
1.8,30,379307.012807,True
0.0,30,379354.891864,False
2.6,30,379401.458766,True
2.5,30,379447.827108,True
2.6,30,379493.616807,True
0.0,30,379542.959188,False
0.0,30,379591.052419,False
0.0,30,379638.41702,False
2.2,30,379684.904285,True
2.6,30,379734.765519,True
0.0,30,379785.155664,False
2.5,30,379829.972845,True
0.0,30,379871.976588,False
3.0,30,379921.073219,True
2.7,30,379967.347128,True
0.0,30,380015.941682,False
2.9,30,380062.986888,True
2.3,30,380107.461494,True
0.0,30,380155.506146,False
0.0,30,380200.954237,False
0.0,30,380252.329908,False
0.0,30,380296.805303,False
2.7,30,380342.64571,True
0.0,30,380391.685983,False
2.7,30,380432.854275,True
0.0,30,380751.544762,False
0.0,30,380798.505444,False
0.0,30,380848.390593,False
0.0,30,380897.618212,False
0.0,30,380940.047173,False
0.0,30,380984.979113,False
2.8,30,381030.266804,True
2.8,30,381076.602923,True
3.0,30,381123.492534,True
1.8,30,381165.371467,True
2.8,30,381210.821377,True
2.6,30,381263.044602,True
3.0,30,381305.688514,True
2.9,30,381352.483817,True
0.0,30,381395.103625,False
2.6,30,381439.843347,True
2.4,30,381485.987389,True
3.0,30,381529.670715,True
2.5,30,381574.312758,True
1.4,30,381621.297821,False
2.4,30,381669.204884,True
0.0,30,381715.140942,False
0.0,30,381761.070349,False
2.9,30,381806.665906,True
2.1,30,381855.646094,True
0.0,30,381899.708195,False
0.0,30,381951.086659,False
0.0,30,381997.924291,False
0.0,30,382042.819085,False
2.9,30,382087.978859,True
2.4,30,382129.47637,False
2.6,30,382173.959799,True
2.9,30,382217.625489,True
0.0,30,382258.348353,False
2.4,30,382615.712834,True
0.0,30,382656.134706,False
0.0,30,382704.079984,False
0.0,30,382754.979599,False
0.0,30,382792.200384,False
0.0,30,382841.427726,False
0.0,30,382889.315061,False
2.4,30,382936.742729,True
0.0,30,382984.139967,False
2.1,30,383029.976825,True
2.8,30,383074.670244,True
2.6,30,383121.714597,True
0.0,30,383165.233877,False
2.4,30,383206.414934,True
2.9,30,383251.531991,True
0.0,30,383299.693664,False
2.7,30,383347.073982,True
2.5,30,383396.939862,True
0.0,30,383443.038319,False
2.6,30,383488.201362,True
2.5,30,383534.329558,True
0.0,30,383586.324033,False
0.0,30,383631.659329,False
2.7,30,383672.368369,True
0.0,30,383721.369533,False
0.0,30,383774.456204,False
2.7,30,383816.862293,True
2.5,30,383868.834698,True
2.7,30,383921.205639,True
1.7,30,383969.943908,True
2.6,30,384017.666245,True
0.0,30,384059.276537,False
2.1,30,384111.601913,True
0.0,30,384156.000698,False
2.2,30,384468.219613,True
2.5,30,384520.156332,True
0.0,30,384565.433344,False
0.0,30,384608.291408,False
2.4,30,384656.223827,True
2.5,30,384731.745851,True
0.0,30,384776.845313,False
2.6,30,384831.436512,True
2.8,30,384880.703391,True
0.1,30,384923.154539,False
2.5,30,384966.700076,True
2.7,30,385018.709524,True
0.0,30,385071.232657,False
2.2,30,385117.179061,True
2.6,30,385158.668529,True
0.0,30,385205.602283,False
2.2,30,385250.244334,True
1.9,30,385307.484799,True
2.7,30,385353.270058,True
0.0,30,385401.635368,False
2.2,30,385450.528754,True
0.0,30,385495.891107,False
0.0,30,385542.672968,False
2.4,30,385587.637768,True
2.7,30,385631.030932,True
2.7,30,385678.552554,True
0.0,30,385720.275181,False
0.0,30,385764.566532,False
2.0,30,385806.595494,True
1.0,30,385851.213397,True
2.8,30,385895.618638,True
2.2,30,385949.964415,True
2.7,30,385992.612023,True
2.7,30,386037.177417,True
2.4,30,386367.998548,True
0.0,30,386412.529937,False
2.7,30,386457.289273,True
0.0,30,386497.610765,False
2.7,30,386545.766876,True
2.9,30,386588.066124,True
0.0,30,386634.579779,False
0.0,30,386679.232578,False
0.0,30,386720.023036,False
2.7,30,386764.365588,True
1.2,30,386812.129283,False
2.7,30,386861.295083,True
2.3,30,386908.550684,True
0.0,30,386954.05022,False
0.0,30,387011.983306,False
2.9,30,387059.816888,True
0.0,30,387106.132215,False
0.0,30,387177.127201,False
0.0,30,387230.324719,False
2.8,30,387275.761155,True
2.4,30,387321.562894,True
2.2,30,387364.571581,False
2.9,30,387412.339966,True
3.0,30,387455.213852,True
2.3,30,387500.638896,True
0.0,30,387545.720796,False
2.9,30,387592.307751,True
0.0,30,387637.575076,False
0.0,30,387679.785828,False
0.0,30,387722.06011,False
0.0,30,387766.901958,False
0.0,30,387809.794724,False
0.0,30,387862.248332,False
2.2,30,387903.416604,True
2.7,30,388210.910664,True
3.0,30,388260.037911,True
2.4,30,388303.702415,True
0.0,30,388348.436605,False
0.0,30,388397.24811,False
0.0,30,388446.263409,False
0.6,30,388490.797786,False
0.0,30,388537.250372,False
1.8,30,388583.787642,True
1.6,30,388628.297838,True
3.0,30,388674.883779,True
0.0,30,388721.615523,False
0.0,30,388766.505085,False
2.5,30,388808.98059,True
0.0,30,388854.400683,False
2.1,30,388901.771247,True
2.3,30,388945.641621,True
0.0,30,388992.280528,False
0.0,30,389036.926838,False
0.0,30,389080.708265,False
2.9,30,389126.601859,True
0.0,30,389176.545729,False
1.1,30,389223.423261,True
0.0,30,389267.543779,False
2.2,30,389321.660024,True
2.2,30,389366.297012,True
2.8,30,389413.616366,True
0.0,30,389470.979422,False
2.4,30,389520.026976,True
0.0,30,389564.731927,False
2.1,30,389614.164544,True
2.7,30,389659.737827,True
0.0,30,389702.172342,False
2.8,30,389742.69563,True
0.0,30,390035.425941,False
0.0,30,390084.819413,False
0.0,30,390132.297402,False
2.8,30,390175.022117,True
0.0,30,390222.757199,False
0.0,30,390266.615001,False
0.0,30,390315.933179,False
0.0,30,390360.630445,False
0.0,30,390406.287336,False
0.0,30,390452.415993,False
0.0,30,390499.828575,False
2.7,30,390544.062667,True
0.0,30,390591.910494,False
0.0,30,390634.597652,False
0.0,30,390679.816548,False
2.7,30,390718.859997,True
1.7,30,390764.472336,True
0.0,30,390811.82094,False
2.8,30,390856.200218,True
0.0,30,390899.603408,False
0.0,30,390944.264132,False
0.0,30,390996.029259,False
0.5,30,391039.673431,True
0.0,30,391084.304424,False
0.0,30,391129.838156,False
2.3,30,391180.375724,True
0.0,30,391225.244641,False
2.3,30,391277.22702,True
2.4,30,391327.744287,True
2.5,30,391376.022998,True
0.0,30,391427.13729,False
2.4,30,391469.963254,True
0.0,30,391512.627383,False
0.0,30,391559.611916,False
0.0,30,391600.533544,False
0.0,30,391903.141629,False
0.0,30,391948.282097,False
0.0,30,391989.748086,False
2.9,30,392031.436409,True
2.3,30,392071.022049,True
0.4,30,392118.879626,True
2.8,30,392165.490903,True
2.9,30,392209.739826,True
0.0,30,392254.090806,False
2.6,30,392301.7598,True
2.7,30,392346.522422,True
0.0,30,392391.751471,False
0.0,30,392436.763663,False
2.3,30,392488.03174,True
2.8,30,392532.975401,True
0.0,30,392575.476872,False
2.7,30,392624.242962,True
1.4,30,392669.900836,True
0.0,30,392718.001714,False
0.0,30,392760.45284,False
2.8,30,392805.619136,True
0.0,30,392850.361585,False
0.0,30,392889.976813,False
3.0,30,392935.498887,True
2.8,30,392978.302557,True
2.9,30,393028.871008,True
0.0,30,393076.779918,False
0.0,30,393124.865404,False
2.7,30,393173.646649,True
0.0,30,393221.908882,False
2.6,30,393268.21043,True
0.0,30,393314.183296,False
0.0,30,393359.375571,False
2.8,30,393409.636842,True
0.0,30,393710.728542,False
2.6,30,393764.108276,True
2.5,30,393808.198704,True
0.0,30,393862.833822,False
3.0,30,393913.333641,True
1.1,30,393957.004065,True
0.0,30,394002.426847,False
2.8,30,394047.955302,True
2.9,30,394089.391593,True
1.3,30,394135.335711,True
0.0,30,394179.474348,False
0.0,30,394227.313003,False
2.9,30,394271.304984,True
0.0,30,394318.025745,False
2.6,30,394360.052822,True
2.9,30,394403.361755,True
2.4,30,394441.66779,True
2.7,30,394483.547797,True
2.7,30,394531.298998,True
2.4,30,394576.863314,True
2.2,30,394620.621105,True
0.0,30,394666.002813,False
2.8,30,394705.754142,True
0.0,30,394751.717591,False
2.4,30,394799.382438,True
3.0,30,394841.58526,True
0.0,30,394884.286564,False
0.0,30,394928.419044,False
2.7,30,394977.828485,True
2.1,30,395024.191467,True
2.6,30,395070.539172,True
0.0,30,395115.563589,False
0.0,30,395156.71622,False
0.0,30,395201.168311,False
2.8,30,395487.866722,True
0.0,30,395530.012065,False
2.7,30,395572.826227,True
1.2,30,395617.445186,True
3.0,30,395663.245105,True
0.0,30,395713.162644,False
2.6,30,395756.438325,True
0.0,30,395805.096008,False
0.0,30,395848.504949,False
3.0,30,395893.239995,True
2.6,30,395935.322683,True
2.7,30,395982.014673,True
0.0,30,396033.273737,False
0.0,30,396079.745494,False
0.0,30,396137.636211,False
0.0,30,396182.932315,False
0.0,30,396226.284106,False
3.0,30,396274.021451,True
1.0,30,396317.353896,True
0.0,30,396362.072924,False
0.0,30,396410.230978,False
0.0,30,396456.246551,False
2.6,30,396501.482022,True
3.0,30,396544.973621,True
2.6,30,396584.714107,True
0.0,30,396627.986046,False
0.0,30,396676.171458,False
2.7,30,396717.854677,True
2.8,30,396767.961225,True
0.7,30,396822.108306,True
0.0,30,396862.455151,False
0.0,30,396911.59154,False
0.0,30,396954.301314,False
0.0,30,397001.481164,False
0.0,30,397314.332406,False
2.8,30,397355.559882,True
2.5,30,397404.439504,True
2.7,30,397445.070336,True
2.5,30,397489.672546,True
2.8,30,397535.457247,True
0.0,30,397581.769193,False
1.4,30,397626.464251,True
0.0,30,397678.078572,False
0.0,30,397724.865762,False
2.7,30,397767.071837,True
2.9,30,397814.36441,True
0.0,30,397856.717787,False
2.8,30,397905.004207,True
0.0,30,397952.881872,False
0.0,30,398004.629511,False
0.0,30,398050.950675,False
0.0,30,398091.850359,False
2.5,30,398132.504107,True
0.0,30,398176.541114,False
1.4,30,398222.451953,True
0.0,30,398267.071859,False
2.6,30,398314.511986,True
1.6,30,398357.025892,True
3.0,30,398407.201965,True
0.0,30,398452.187976,False
1.7,30,398499.071498,True
2.0,30,398543.747473,True
2.6,30,398588.338539,True
0.0,30,398646.932774,False
0.0,30,398694.716532,False
2.9,30,398734.481152,True
3.0,30,398780.04593,True
2.9,30,398830.392771,True
0.0,30,399122.113232,False
0.0,30,399168.43199,False
0.0,30,399217.1757,False
3.0,30,399266.827469,True
0.0,30,399310.018373,False
2.9,30,399360.138571,True
2.5,30,399405.007915,True
2.4,30,399445.814799,True
2.8,30,399493.275886,True
1.1,30,399542.169055,True
0.0,30,399584.850329,False
1.9,30,399633.093987,True
2.8,30,399690.145889,True
0.0,30,399733.284496,False
2.8,30,399781.179791,True
0.0,30,399824.992604,False
0.0,30,399874.179515,False
2.0,30,399921.074333,True
2.6,30,399964.738986,True
0.0,30,400011.901864,False
0.0,30,400056.612587,False
2.8,30,400101.976836,True
1.6,30,400151.02043,True
2.8,30,400197.293394,True
0.0,30,400241.915189,False
2.6,30,400283.346683,True
0.0,30,400330.022885,False
2.5,30,400375.402501,True
2.8,30,400422.628664,True
0.0,30,400496.724527,False
2.3,30,400545.590812,True
0.0,30,400589.899559,False
0.0,30,400639.460952,False
0.0,30,400689.51473,False
2.1,30,400961.828304,True
2.0,30,401004.570697,True
2.7,30,401047.432397,True
0.0,30,401091.570975,False
0.0,30,401134.008329,False
0.0,30,401183.872825,False
0.0,30,401230.710096,False
0.9,30,401279.06463,False
0.0,30,401323.088084,False
2.7,30,401369.690542,True
0.0,30,401407.403761,False
2.0,30,401452.129442,True
0.0,30,401498.469119,False
0.0,30,401541.528492,False
0.0,30,401586.257678,False
0.0,30,401632.206073,False
2.6,30,401677.415185,True
0.0,30,401726.221935,False
0.0,30,401769.684537,False
0.0,30,401810.9844,False
0.0,30,401854.66928,False
0.0,30,401898.322432,False
0.0,30,401939.159718,False
0.0,30,401982.414227,False
2.3,30,402025.18891,True
2.6,30,402071.001981,True
2.9,30,402116.533391,True
1.5,30,402166.77441,True
0.0,30,402215.150945,False
2.2,30,402256.773075,True
2.8,30,402303.671346,True
0.0,30,402345.17129,False
2.5,30,402386.055879,True
0.0,30,402431.143079,False
2.5,30,402727.318945,True
0.0,30,402772.82626,False
2.2,30,402820.512933,True
1.9,30,402868.027217,True
2.2,30,402914.328485,True
2.7,30,402963.88254,True
2.3,30,403008.134659,True
2.5,30,403053.189996,True
0.0,30,403097.776726,False
2.2,30,403143.076111,True
2.6,30,403192.543019,True
2.0,30,403231.89535,True
2.9,30,403274.66015,True
1.9,30,403322.997928,False
0.0,30,403366.507455,False
0.0,30,403408.955985,False
0.0,30,403457.811175,False
1.8,30,403500.363667,True
2.9,30,403543.636449,True
2.4,30,403587.652528,True
2.9,30,403629.276198,True
0.0,30,403691.796191,False
0.0,30,403741.152133,False
0.0,30,403783.653673,False
2.5,30,403827.875686,True
1.9,30,403869.20921,True
0.0,30,403926.085278,False
0.0,30,403970.723935,False
0.0,30,404016.05614,False
0.0,30,404056.156101,False
2.5,30,404100.290978,True
2.5,30,404150.313234,True
0.0,30,404194.061417,False
2.0,30,404252.061404,True
2.6,30,404295.462838,True
1.1,30,404545.570282,True
0.8,30,404605.668802,False
2.0,30,404656.510872,True
0.0,30,404701.820206,False
2.8,30,404741.42478,True
0.0,30,404783.799818,False
2.6,30,404826.89,True
1.0,30,404872.761941,True
0.0,30,404911.320191,False
2.4,30,404955.340322,True
2.2,30,405003.46243,True
2.7,30,405043.233024,True
0.0,30,405086.274266,False
2.6,30,405130.430319,True
2.7,30,405174.796906,True
2.8,30,405219.734409,True
2.2,30,405263.472649,True
0.0,30,405308.392877,False
0.0,30,405355.333001,False
2.5,30,405414.029452,True
2.8,30,405456.185404,True
0.0,30,405500.359332,False
2.5,30,405539.905918,True
1.8,30,405586.266306,True
0.8,30,405632.3083,True
0.0,30,405682.80278,False
2.7,30,405728.219332,True
2.4,30,405774.282369,True
2.2,30,405823.407885,True
0.0,30,405869.708146,False
2.7,30,405916.284923,True
0.0,30,405960.34866,False
0.0,30,406003.566143,False
0.0,30,406045.735688,False
0.0,30,406328.976042,False
2.7,30,406374.881134,True
2.7,30,406421.170741,True
0.0,30,406469.142283,False
2.3,30,406512.944678,True
0.0,30,406555.380231,False
2.4,30,406596.756636,True
0.6,30,406643.524131,False
0.0,30,406688.262622,False
0.0,30,406738.187345,False
0.0,30,406783.887892,False
0.0,30,406832.576191,False
2.9,30,406880.458529,True
2.8,30,406926.575678,True
0.0,30,406967.20239,False
2.6,30,407014.712051,True
0.0,30,407056.220666,False
0.0,30,407099.376963,False
2.6,30,407147.106317,True
3.0,30,407196.939059,True
2.4,30,407241.934083,True
2.5,30,407290.049508,True
0.0,30,407335.996303,False
2.7,30,407391.32839,True
2.1,30,407437.389428,True
0.0,30,407487.007451,False
2.6,30,407541.980508,True
2.3,30,407588.554873,True
0.0,30,407633.37782,False
0.0,30,407674.378385,False
2.3,30,407719.859348,True
2.5,30,407762.626294,True
0.0,30,407805.174299,False
0.0,30,407861.268284,False
0.0,30,408143.681417,False
2.8,30,408188.580941,True
3.0,30,408233.410708,True
2.5,30,408283.257439,True
2.8,30,408329.523042,True
2.5,30,408377.302572,True
2.3,30,408429.387575,True
0.0,30,408474.130119,False
0.0,30,408516.468091,False
2.9,30,408563.271943,True
0.0,30,408611.172662,False
2.7,30,408656.57364,True
0.0,30,408701.410402,False
0.0,30,408746.830534,False
2.1,30,408787.703663,True
0.0,30,408831.182136,False
0.0,30,408874.676426,False
0.0,30,408917.660292,False
1.6,30,408977.079908,True
2.3,30,409026.47483,True
2.2,30,409077.127386,True
2.5,30,409117.680601,True
2.3,30,409161.982784,True
2.6,30,409206.959235,True
0.0,30,409255.77237,False
0.0,30,409304.58828,False
0.0,30,409350.365414,False
0.0,30,409392.226969,False
2.9,30,409442.117611,True
2.7,30,409485.808585,True
2.8,30,409531.534356,True
2.2,30,409574.138897,True
0.0,30,409615.282081,False
2.5,30,409661.219516,True
0.0,30,409943.974725,False
0.0,30,409987.134297,False
0.0,30,410032.322396,False
3.0,30,410076.003308,True
2.7,30,410127.352574,True
0.0,30,410173.644357,False
2.8,30,410215.757584,True
2.9,30,410260.833151,True
2.3,30,410312.287721,True
0.0,30,410357.728283,False
0.0,30,410408.534271,False
0.0,30,410455.343737,False
0.0,30,410506.304469,False
0.0,30,410545.430871,False
2.7,30,410591.567107,True
0.0,30,410638.405567,False
2.9,30,410683.279737,True
3.0,30,410724.987901,True
0.0,30,410767.791502,False
0.0,30,410815.937951,False
2.3,30,410860.098061,True
2.8,30,410905.28685,True
2.8,30,410957.627491,True
0.0,30,411000.65296,False
2.5,30,411048.437425,True
2.2,30,411093.607516,True
0.0,30,411132.906868,False
2.2,30,411177.365566,True
0.0,30,411227.838226,False
0.0,30,411274.657909,False
2.3,30,411320.220794,True
2.6,30,411365.024298,True
2.2,30,411413.934679,True
0.0,30,411459.019263,False
2.9,30,411776.188676,True
2.6,30,411819.222401,True
0.0,30,411869.172004,False
2.8,30,411914.218517,True
0.0,30,411962.069806,False
0.0,30,412007.674925,False
0.0,30,412055.424961,False
0.0,30,412097.563954,False
0.0,30,412142.450629,False
0.0,30,412191.917603,False
0.0,30,412236.154838,False
0.0,30,412285.184936,False
2.6,30,412331.816313,True
2.8,30,412376.695163,True
2.8,30,412417.122859,True
0.0,30,412463.478146,False
2.9,30,412516.505228,True
2.6,30,412563.548129,True
2.6,30,412607.422634,True
2.7,30,412661.53146,True
0.0,30,412710.586116,False
2.0,30,412759.264282,True
2.5,30,412803.848819,True
0.0,30,412847.351748,False
0.0,30,412892.676756,False
0.0,30,412936.830549,False
0.0,30,412979.348585,False
0.0,30,413020.275958,False
2.6,30,413064.390265,True
2.8,30,413114.906394,True
2.9,30,413163.953399,True
0.0,30,413221.771326,False
0.0,30,413267.446385,False
0.0,30,413317.13452,False
0.0,30,413592.989097,False
3.0,30,413637.642187,True
0.0,30,413687.160052,False
2.6,30,413738.719079,True
2.9,30,413781.852418,True
2.4,30,413826.598922,True
2.3,30,413867.01658,True
0.0,30,413917.645004,False
2.3,30,413960.544866,True
3.0,30,414010.100333,True
0.0,30,414060.106155,False
2.0,30,414104.470625,True
2.5,30,414143.892842,True
0.0,30,414187.773598,False
0.0,30,414234.88873,False
0.0,30,414276.941769,False
0.0,30,414320.689136,False
2.8,30,414363.119472,True
0.4,30,414413.234275,True
0.0,30,414457.278344,False
0.0,30,414498.97363,False
0.6,30,414543.205242,True
2.7,30,414591.245065,True
0.0,30,414637.335211,False
0.0,30,414685.137733,False
0.0,30,414731.966723,False
2.3,30,414771.012497,True
0.0,30,414818.359177,False
2.8,30,414861.80906,True
1.3,30,414905.985005,False
0.0,30,414955.865286,False
2.3,30,414997.681864,True
0.0,30,415044.99025,False
2.6,30,415088.948604,True
0.0,30,415378.112888,False
2.0,30,415421.694915,True
2.8,30,415469.102933,True
2.5,30,415517.415915,True
2.4,30,415560.299001,True
2.6,30,415606.739292,True
2.0,30,415650.119739,True
2.9,30,415695.955762,True
0.0,30,415740.072533,False
2.7,30,415784.411015,True
2.1,30,415827.643313,True
2.7,30,415870.258107,True
2.3,30,415922.803642,True
0.0,30,415965.113249,False
0.0,30,416012.026105,False
0.0,30,416052.542555,False
0.0,30,416097.437035,False
0.0,30,416153.472286,False
2.6,30,416201.859311,True
2.9,30,416249.583938,True
2.6,30,416296.15177,True
0.0,30,416341.531616,False
0.0,30,416382.781667,False
2.5,30,416424.191927,True
2.6,30,416476.490666,True
0.0,30,416521.478613,False
0.0,30,416566.811836,False
0.0,30,416612.221434,False
0.0,30,416654.686454,False
0.0,30,416699.119558,False
2.8,30,416744.506287,True
2.7,30,416797.855044,True
2.5,30,416846.807748,True
2.6,30,416890.499492,True
0.0,30,417192.738332,False
2.7,30,417237.393685,True
0.0,30,417285.530481,False
0.0,30,417331.87991,False
0.0,30,417378.380321,False
2.2,30,417425.892941,True
0.0,30,417465.378199,False
0.0,30,417513.837137,False
2.6,30,417564.133978,True
2.4,30,417607.939342,True
0.0,30,417647.915531,False
2.6,30,417693.414304,True
1.7,30,417738.545303,True
0.0,30,417782.121234,False
0.0,30,417827.624275,False
0.0,30,417883.593173,False
0.0,30,417932.32618,False
0.0,30,417975.257529,False
2.2,30,418021.325078,True
0.0,30,418062.343303,False
2.3,30,418103.667096,True
2.5,30,418153.909953,True
0.0,30,418192.80241,False
2.9,30,418231.045627,True
0.0,30,418279.235873,False
0.0,30,418320.936919,False
2.5,30,418369.124346,True
0.0,30,418410.662614,False
2.8,30,418454.870672,True
2.6,30,418497.769475,True
2.8,30,418542.533231,True
2.7,30,418583.036161,True
2.4,30,418627.118365,True
2.4,30,418673.853626,True
2.8,30,418718.081719,True
0.0,30,418999.91718,False
2.8,30,419045.571311,True
2.2,30,419093.470859,True
0.0,30,419143.665746,False
2.3,30,419187.521919,True
2.6,30,419232.857682,True
1.7,30,419283.066821,True
0.0,30,419331.337517,False
2.8,30,419379.360498,True
2.8,30,419436.954051,True
2.7,30,419482.789012,True
0.0,30,419529.143579,False
2.8,30,419570.567838,True
0.0,30,419617.08847,False
3.0,30,419661.283184,True
1.6,30,419705.925356,True
0.0,30,419748.509758,False
0.0,30,419791.15633,False
0.0,30,419833.402391,False
0.0,30,419875.524708,False
2.2,30,419926.06988,True
0.0,30,419970.729422,False
2.3,30,420013.630188,True
1.1,30,420056.044373,True
0.0,30,420099.529426,False
0.0,30,420146.783012,False
0.0,30,420193.74731,False
2.8,30,420233.633237,True
2.9,30,420278.468252,True
2.7,30,420324.138459,True
0.0,30,420364.300242,False
1.2,30,420409.377088,True
2.5,30,420466.633045,True
0.8,30,420508.477871,False
0.0,30,420818.842983,False
2.9,30,420864.58578,True
0.0,30,420907.409647,False
2.6,30,420957.561594,True
0.0,30,420997.804972,False
2.5,30,421052.746723,True
0.0,30,421096.707302,False
2.7,30,421146.16717,True
2.8,30,421193.144309,True
2.7,30,421236.567312,True
2.7,30,421284.05687,True
2.6,30,421327.801804,True
2.7,30,421374.956473,True
2.2,30,421423.552787,True
2.8,30,421473.815504,True
0.0,30,421519.191245,False
0.0,30,421563.767239,False
2.7,30,421612.401389,True
0.0,30,421649.817372,False
2.7,30,421692.014901,True
0.0,30,421737.019932,False
0.0,30,421783.171963,False
2.6,30,421830.497102,True
0.0,30,421881.537856,False
2.7,30,421924.283877,True
1.0,30,421971.677178,True
2.1,30,422017.548061,True
2.8,30,422064.694787,True
2.8,30,422112.656978,True
0.0,30,422159.617569,False
0.0,30,422202.789968,False
0.0,30,422251.324693,False
2.8,30,422293.371283,True
0.0,30,422338.219305,False
0.0,30,422671.493679,False
2.6,30,422715.817342,True
0.0,30,422763.908082,False
0.0,30,422826.923047,False
0.0,30,422870.493184,False
2.6,30,422917.066265,True
0.0,30,422959.660938,False
0.0,30,423003.350203,False
0.0,30,423050.312505,False
2.6,30,423098.217188,True
0.0,30,423142.258807,False
0.0,30,423185.723767,False
2.5,30,423231.148524,True
0.0,30,423270.500287,False
2.5,30,423316.390542,True
2.8,30,423363.465147,True
0.0,30,423411.573219,False
0.0,30,423452.62979,False
0.0,30,423494.232683,False
0.0,30,423540.784491,False
0.0,30,423588.637054,False
0.0,30,423633.862346,False
3.0,30,423675.745839,True
3.0,30,423717.650452,True
2.7,30,423757.555069,True
0.0,30,423797.970847,False
2.3,30,423840.69784,True
2.7,30,423886.730482,True
1.9,30,423937.352975,True
0.0,30,423976.360307,False
0.0,30,424020.327315,False
2.3,30,424075.984818,True
2.4,30,424117.351856,True
0.0,30,424161.515515,False
0.0,30,424488.796982,False
0.0,30,424536.225898,False
2.4,30,424580.910268,True
0.0,30,424629.046937,False
0.9,30,424678.997238,False
2.0,30,424729.131174,True
0.0,30,424771.555762,False
2.6,30,424815.725658,True
0.0,30,424858.116246,False
2.4,30,424904.572839,True
2.7,30,424955.677082,True
0.0,30,424997.76438,False
3.0,30,425044.049399,True
0.0,30,425090.198139,False
0.0,30,425129.845882,False
2.8,30,425172.832448,True
2.8,30,425218.442943,True
2.5,30,425261.601075,True
0.0,30,425307.484161,False
1.5,30,425352.819119,True
0.0,30,425393.900207,False
3.0,30,425436.16744,True
0.0,30,425478.657342,False
0.0,30,425527.380671,False
2.2,30,425575.233857,True
2.4,30,425617.598679,True
2.7,30,425672.97574,True
2.8,30,425716.377155,True
2.5,30,425762.753955,True
0.0,30,425801.831788,False
0.0,30,425848.689032,False
3.0,30,425891.504124,True
0.0,30,425935.458989,False
2.5,30,425984.047385,True
0.0,30,426298.352562,False
3.0,30,426342.431141,True
2.8,30,426388.775166,True
2.8,30,426459.595487,True
2.3,30,426512.487286,True
2.4,30,426556.58325,True
2.9,30,426601.430276,True
0.0,30,426655.64721,False
2.5,30,426704.220261,True
0.0,30,426751.280841,False
3.0,30,426799.95916,True
2.7,30,426846.8606,True
2.6,30,426893.926296,True
1.8,30,426941.303584,True
2.5,30,426988.757973,True
0.0,30,427031.259796,False
0.0,30,427076.862962,False
0.0,30,427119.78193,False
0.0,30,427166.050468,False
2.7,30,427211.93169,True
0.0,30,427260.197711,False
0.0,30,427308.891069,False
2.8,30,427358.997568,True
2.7,30,427401.464859,True
0.0,30,427447.380045,False
2.6,30,427495.676898,True
2.8,30,427538.143589,True
0.0,30,427585.201607,False
2.5,30,427630.374288,True
0.0,30,427678.835915,False
2.4,30,427724.475871,True
2.8,30,427771.275891,True
2.8,30,427821.118085,True
0.0,30,427862.805349,False
0.0,30,428217.807841,False
0.0,30,428262.744975,False
0.0,30,428307.873987,False
2.6,30,428350.744857,True
2.3,30,428400.441336,True
0.0,30,428448.040027,False
0.0,30,428492.502273,False
0.0,30,428538.981524,False
2.2,30,428583.442089,True
2.2,30,428626.975269,True
0.0,30,428679.161566,False
0.0,30,428728.073748,False
0.0,30,428773.672015,False
2.7,30,428817.918167,True
3.0,30,428863.772992,True
2.5,30,428906.961612,True
0.0,30,428950.604557,False
2.6,30,428995.81542,True
2.4,30,429042.723102,True
1.3,30,429085.472155,True
2.3,30,429128.155496,True
2.6,30,429181.896974,True
0.0,30,429230.555984,False
2.4,30,429276.209476,True
2.6,30,429319.858631,True
2.9,30,429361.609922,True
2.9,30,429411.929878,True
2.7,30,429455.625853,True
2.2,30,429501.873156,True
3.0,30,429549.286401,True
1.6,30,429594.397735,True
3.0,30,429638.227913,True
0.0,30,429692.471536,False
2.7,30,429738.998807,True
2.9,30,430091.239963,True
0.0,30,430132.939012,False
2.8,30,430177.489105,True
2.7,30,430227.098801,True
1.0,30,430275.958413,True
0.0,30,430319.818519,False
3.0,30,430368.147575,True
1.3,30,430416.018137,True
0.0,30,430460.902893,False
2.7,30,430512.442464,True
0.0,30,430558.379622,False
0.0,30,430610.235801,False
2.5,30,430663.455426,True
2.8,30,430711.884155,True
2.7,30,430760.516932,True
2.8,30,430808.752528,True
3.0,30,430861.329265,True
2.8,30,430901.96686,True
2.6,30,430949.873532,True
0.0,30,430993.636133,False
0.0,30,431037.452694,False
2.3,30,431085.181973,True
2.5,30,431136.3898,True
0.0,30,431188.309851,False
2.9,30,431234.064321,True
3.0,30,431277.61143,True
2.7,30,431327.860306,True
3.0,30,431371.138993,True
2.6,30,431419.396604,False
2.7,30,431468.109408,True
2.6,30,431518.210199,True
2.6,30,431568.006294,True
2.5,30,431616.440634,True
1.6,30,431662.617136,True
0.0,30,431705.957428,False
2.3,30,432042.192731,True
0.0,30,432084.954154,False
0.0,30,432132.527536,False
0.0,30,432186.51285,False
1.8,30,432231.016244,True
3.0,30,432278.990081,True
0.0,30,432328.466863,False
2.6,30,432375.9394,True
0.0,30,432423.960584,False
2.6,30,432466.973596,True
2.7,30,432514.804559,True
2.4,30,432564.39194,True
0.0,30,432606.404869,False
3.0,30,432663.060354,True
2.7,30,432708.883062,True
0.0,30,432755.519447,False
0.0,30,432802.572959,False
0.0,30,432850.532028,False
1.4,30,432891.994869,True
0.0,30,432936.689426,False
0.0,30,432979.939313,False
2.1,30,433026.658433,True
2.6,30,433075.742713,True
0.0,30,433123.177292,False
0.0,30,433168.781437,False
2.6,30,433212.758136,True
0.0,30,433252.362796,False
0.0,30,433300.483569,False
0.0,30,433345.489143,False
0.0,30,433390.347771,False
0.0,30,433438.602064,False
0.0,30,433487.052515,False
2.6,30,433534.75811,True
0.0,30,433578.25395,False
0.0,30,433933.348388,False
0.0,30,433981.080372,False
0.0,30,434028.657452,False
2.8,30,434074.03229,True
0.0,30,434114.920622,False
0.0,30,434163.21688,False
0.0,30,434210.381217,False
0.0,30,434254.197302,False
2.7,30,434298.354837,True
0.9,30,434346.616302,True
0.0,30,434396.093866,False
0.0,30,434444.664932,False
2.7,30,434495.009956,True
0.0,30,434543.030286,False
2.7,30,434589.000744,True
2.4,30,434631.350415,True
2.1,30,434681.065288,True
0.0,30,434733.575888,False
0.0,30,434777.449134,False
0.0,30,434824.199644,False
2.6,30,434868.237431,True
0.0,30,434912.116218,False
0.0,30,434963.213061,False
2.4,30,435009.887646,True
2.9,30,435057.138159,True
2.1,30,435104.899267,True
0.0,30,435149.17829,False
2.8,30,435194.27125,True
0.0,30,435237.84526,False
0.0,30,435286.425186,False
0.0,30,435335.551632,False
0.0,30,435383.197888,False
3.0,30,435430.282312,True
0.0,30,435476.586089,False
0.0,30,435827.365657,False
2.6,30,435872.324777,True
2.6,30,435920.067061,True
0.0,30,435963.952743,False
3.0,30,436015.300864,True
2.7,30,436061.896915,True
0.0,30,436109.724033,False
2.3,30,436151.836349,True
0.0,30,436197.957191,False
2.8,30,436245.081351,True
2.5,30,436287.016825,True
2.4,30,436332.719242,True
2.3,30,436384.758674,True
2.8,30,436434.604095,True
0.0,30,436482.645929,False
3.0,30,436531.161819,True
0.0,30,436585.687365,False
2.7,30,436630.33068,True
1.5,30,436674.150074,True
0.0,30,436725.256079,False
0.0,30,436769.593921,False
0.0,30,436819.403459,False
2.8,30,436863.152683,True
0.0,30,436916.249608,False
2.6,30,436961.948565,True
0.0,30,437012.174404,False
2.4,30,437060.591171,True
2.9,30,437106.177005,True
2.9,30,437148.815123,True
2.6,30,437200.974533,True
2.6,30,437247.638575,True
2.9,30,437296.982752,True
2.3,30,437339.907916,True
1.9,30,437387.701955,True
2.6,30,437725.913007,True
0.0,30,437779.500799,False
0.0,30,437830.03374,False
2.2,30,437889.122517,True
0.0,30,437936.79051,False
0.0,30,437981.292362,False
0.0,30,438030.649374,False
2.6,30,438078.00926,True
0.4,30,438125.716325,False
2.7,30,438169.868419,True
0.0,30,438217.279995,False
0.0,30,438265.484644,False
2.2,30,438308.980502,True
3.0,30,438355.246222,True
2.7,30,438406.546722,True
2.6,30,438452.019167,True
0.0,30,438498.602909,False
0.0,30,438546.144358,False
1.7,30,438590.247456,True
3.0,30,438639.695932,True
0.2,30,438684.959968,False
2.3,30,438731.004237,True
0.0,30,438782.210662,False
2.9,30,438826.937242,True
2.8,30,438872.709175,False
2.7,30,438920.501187,True
2.6,30,438969.149216,True
0.0,30,439022.51219,False
0.0,30,439068.059851,False
0.0,30,439119.563955,False
2.5,30,439168.041228,True
0.0,30,439218.773428,False
0.0,30,439271.118245,False
1.7,30,439318.357121,True
2.7,30,439643.43678,True
3.0,30,439686.851665,True
2.9,30,439740.065295,True
3.0,30,439792.451334,True
2.8,30,439844.594651,True
2.5,30,439891.019246,True
0.0,30,439936.61098,False
0.0,30,439983.358055,False
0.0,30,440039.849039,False
2.9,30,440088.493599,True
2.8,30,440137.123423,True
0.0,30,440189.399706,False
0.0,30,440235.759773,False
2.6,30,440281.064304,True
0.0,30,440330.210143,False
0.0,30,440374.141613,False
2.4,30,440418.235726,True
0.7,30,440464.228766,False
0.0,30,440510.396914,False
2.8,30,440555.22278,True
0.0,30,440599.433823,False
0.0,30,440650.836259,False
0.0,30,440696.885928,False
3.0,30,440747.397059,True
0.0,30,440797.308722,False
0.0,30,440838.957984,False
2.4,30,440887.772138,False
0.0,30,440938.747674,False
2.5,30,440980.965261,True
0.0,30,441030.886571,False
2.5,30,441088.493258,True
2.5,30,441133.796733,True
2.5,30,441186.166819,True
1.6,30,441233.355481,True
2.8,30,441573.089118,True
0.0,30,441621.371079,False
0.0,30,441671.071784,False
0.0,30,441721.219561,False
0.0,30,441766.717839,False
2.8,30,441810.98634,True
2.5,30,441861.048715,True
2.1,30,441908.143567,True
2.4,30,441955.549064,True
2.9,30,442001.569014,True
0.0,30,442053.07628,False
2.4,30,442094.611064,True
2.9,30,442143.013853,True
2.8,30,442190.669209,True
0.0,30,442233.011999,False
0.0,30,442277.173927,False
0.0,30,442331.168674,False
2.6,30,442377.126989,True
2.9,30,442422.913079,True
2.7,30,442477.3541,True
0.0,30,442521.181303,False
2.6,30,442565.388457,True
2.6,30,442613.530178,True
0.0,30,442656.546517,False
0.0,30,442697.816895,False
2.9,30,442742.99918,True
0.0,30,442788.07733,False
2.3,30,442828.526142,True
2.3,30,442872.152731,True
2.4,30,442909.686449,True
2.6,30,442954.254977,True
2.4,30,443000.580016,True
0.0,30,443043.68714,False
0.0,30,443091.43017,False
2.6,30,443440.41849,True
0.0,30,443489.566739,False
0.0,30,443533.246673,False
0.0,30,443582.578954,False
0.0,30,443629.76539,False
0.0,30,443676.346665,False
0.0,30,443725.629228,False
0.0,30,443768.553816,False
2.7,30,443815.506844,True
0.0,30,443861.688829,False
0.0,30,443908.271714,False
2.6,30,443955.12589,True
0.0,30,443997.556577,False
2.8,30,444045.86616,True
3.0,30,444095.558271,True
3.0,30,444151.017747,True
2.6,30,444199.312747,True
0.0,30,444242.672728,False
2.8,30,444288.193611,True
2.7,30,444334.245753,True
0.5,30,444381.440846,True
2.6,30,444421.997354,True
2.0,30,444465.970707,True
0.0,30,444514.845955,False
2.8,30,444564.771257,True
2.3,30,444609.369048,True
0.0,30,444654.330762,False
0.0,30,444701.407183,False
2.9,30,444750.508647,True
0.0,30,444798.083819,False
0.0,30,444850.789882,False
0.0,30,444896.405397,False
0.4,30,444947.322613,True
2.0,30,444992.36132,True
2.8,30,445335.368396,True
1.6,30,445382.755617,True
0.0,30,445429.045745,False
3.0,30,445479.290133,True
0.0,30,445527.162723,False
0.0,30,445571.812537,False
0.0,30,445612.075075,False
0.0,30,445654.877053,False
2.7,30,445699.285859,True
0.0,30,445746.907413,False
2.4,30,445792.096851,True
2.5,30,445845.251704,True
3.0,30,445891.843436,True
2.6,30,445940.384484,True
2.8,30,445987.812314,True
1.5,30,446031.802483,True
2.9,30,446075.928553,True
2.7,30,446132.56415,True
2.8,30,446177.606046,True
2.8,30,446223.73291,True
2.6,30,446266.947904,True
2.4,30,446309.959502,True
2.6,30,446358.631781,True
2.9,30,446402.818851,True
0.0,30,446446.535383,False
2.7,30,446491.015213,True
2.7,30,446530.256819,True
1.4,30,446577.124058,True
2.5,30,446621.405185,True
2.5,30,446665.373664,True
0.0,30,446709.051482,False
1.8,30,446753.978362,False
0.0,30,446799.492761,False
2.8,30,446847.707441,True
0.0,30,446894.093682,False
0.0,30,447242.618525,False
0.0,30,447285.779291,False
0.0,30,447332.612808,False
3.0,30,447383.159195,True
0.0,30,447425.237145,False
0.0,30,447472.332882,False
0.0,30,447516.014504,False
2.8,30,447560.427406,True
2.7,30,447616.690185,True
2.2,30,447659.633339,True
2.5,30,447704.612581,True
2.6,30,447753.378654,True
2.5,30,447801.043572,True
2.7,30,447847.481635,True
2.8,30,447894.328289,True
0.0,30,447938.364904,False
2.8,30,447987.116019,True
2.4,30,448031.187639,True
0.0,30,448074.356465,False
2.8,30,448119.133861,True
0.0,30,448171.946708,False
2.4,30,448223.981986,True
2.1,30,448264.644172,True
0.0,30,448308.691715,False
2.5,30,448358.667751,True
0.0,30,448405.72686,False
0.0,30,448459.046797,False
2.0,30,448510.611576,True
0.0,30,448555.030306,False
0.0,30,448605.367124,False
0.0,30,448653.706002,False
2.6,30,448703.265953,True
0.0,30,448750.594303,False
2.7,30,448793.43205,True
2.5,30,449147.93756,True
2.7,30,449196.001836,True
2.8,30,449242.226739,True
2.4,30,449286.95932,True
0.0,30,449336.880485,False
0.0,30,449376.232043,False
2.5,30,449422.955171,True
0.0,30,449464.065216,False
0.0,30,449509.327357,False
2.7,30,449556.764298,True
0.0,30,449599.903092,False
2.9,30,449641.886896,True
0.0,30,449695.188899,False
2.3,30,449742.29256,True
0.0,30,449785.839885,False
0.0,30,449825.549023,False
2.8,30,449873.848662,True
0.0,30,449915.963757,False
0.0,30,449963.440841,False
0.0,30,450007.102084,False
2.5,30,450054.782755,False
0.0,30,450100.138838,False
2.8,30,450142.350488,True
0.0,30,450187.153438,False
0.0,30,450235.660279,False
2.6,30,450280.557759,True
2.9,30,450325.513058,True
2.3,30,450370.202891,True
2.4,30,450420.64081,True
2.4,30,450465.817717,True
0.0,30,450507.164573,False
2.7,30,450550.453968,True
2.5,30,450593.659425,True
0.0,30,450643.780472,False
0.0,30,450984.709795,False
2.8,30,451031.286221,True
0.0,30,451074.333646,False
0.0,30,451120.349618,False
0.0,30,451168.641516,False
0.0,30,451215.640957,False
0.0,30,451262.039676,False
2.4,30,451308.184406,True
0.0,30,451350.499517,False
0.0,30,451391.555098,False
2.3,30,451437.313621,True
2.4,30,451477.396342,True
0.0,30,451524.668498,False
0.0,30,451572.509644,False
2.5,30,451626.697779,True
2.7,30,451669.373375,True
2.5,30,451709.750305,True
0.0,30,451754.095647,False
0.0,30,451794.130853,False
0.0,30,451841.034346,False
2.4,30,451888.740987,True
2.7,30,451938.325669,True
0.0,30,451984.290113,False
2.8,30,452023.325781,True
0.0,30,452066.394826,False
0.0,30,452118.991765,False
2.7,30,452165.466688,True
2.3,30,452214.096966,True
0.0,30,452255.023254,False
0.0,30,452300.37348,False
0.0,30,452346.328684,False
0.0,30,452394.498439,False
1.6,30,452443.678025,True
2.8,30,452490.501481,True
3.0,30,452823.940752,True
2.9,30,452875.55595,True
2.6,30,452920.140211,True
0.0,30,452965.555193,False
0.0,30,453011.366689,False
0.0,30,453052.792533,False
3.0,30,453094.381516,True
2.5,30,453146.346956,True
2.8,30,453191.762891,True
0.3,30,453237.312211,False
0.0,30,453284.38582,False
0.0,30,453329.517811,False
0.0,30,453379.48145,False
0.0,30,453427.644153,False
1.6,30,453475.041042,True
0.0,30,453521.870277,False
2.5,30,453571.966205,True
2.4,30,453622.421173,True
2.3,30,453666.538937,True
0.0,30,453711.195503,False
0.0,30,453753.956871,False
0.0,30,453796.658205,False
0.0,30,453839.929842,False
0.0,30,453882.492338,False
0.0,30,453930.226585,False
2.8,30,453978.981222,True
0.0,30,454035.382311,False
0.0,30,454081.957034,False
2.7,30,454129.655856,True
2.9,30,454173.816782,True
0.0,30,454219.700184,False
2.8,30,454268.025622,True
2.5,30,454318.314714,True
2.6,30,454363.679564,True
0.0,30,454705.476229,False
2.7,30,454753.302488,True
2.5,30,454799.872497,True
2.5,30,454841.579908,True
0.0,30,454883.076332,False
0.0,30,454929.078513,False
1.0,30,454979.698715,False
2.1,30,455023.309798,True
2.6,30,455068.742384,True
2.5,30,455113.428528,True
0.0,30,455163.727701,False
2.9,30,455208.640253,True
0.0,30,455250.604131,False
0.0,30,455300.889715,False
3.0,30,455343.854514,True
0.6,30,455391.731055,True
0.0,30,455434.605805,False
2.7,30,455479.446055,True
0.0,30,455522.373612,False
2.6,30,455566.646102,True
2.6,30,455613.793228,True
3.0,30,455664.345547,True
0.0,30,455712.015983,False
2.0,30,455756.514988,True
0.0,30,455805.005238,False
0.0,30,455855.055044,False
0.0,30,455900.349758,False
2.4,30,455946.511476,True
2.6,30,455992.196323,True
0.0,30,456039.684998,False
0.0,30,456085.169607,False
0.0,30,456128.638813,False
2.6,30,456174.491851,True
0.0,30,456223.762986,False
2.7,30,456559.988933,True
0.0,30,456605.762271,False
0.0,30,456647.310617,False
0.0,30,456693.967922,False
2.6,30,456737.293094,True
0.0,30,456779.721441,False
3.0,30,456827.427322,True
2.6,30,456869.150119,True
0.0,30,456915.19719,False
2.7,30,456960.728565,False
3.0,30,457009.00796,True
0.0,30,457057.157185,False
2.1,30,457104.648257,True
0.0,30,457152.181978,False
0.0,30,457195.95099,False
0.0,30,457239.707077,False
2.6,30,457291.342284,True
2.9,30,457336.598505,True
0.0,30,457386.662195,False
0.0,30,457434.649258,False
0.0,30,457480.787395,False
2.6,30,457525.72942,True
2.7,30,457571.160528,True
0.0,30,457616.96556,False
2.7,30,457659.779322,True
2.7,30,457707.832501,True
0.0,30,457756.909656,False
3.0,30,457800.10966,True
2.9,30,457847.92822,True
2.4,30,457898.631813,True
0.0,30,457940.715997,False
2.7,30,457982.501332,True
2.7,30,458025.570913,True
0.0,30,458073.829857,False
0.0,30,458394.94777,False
2.5,30,458437.118288,True
0.0,30,458486.616028,False
0.0,30,458531.88179,False
0.0,30,458577.771331,False
2.3,30,458624.884118,True
0.0,30,458673.062374,False
2.8,30,458724.534155,True
0.0,30,458775.307249,False
0.9,30,458818.171424,True
2.6,30,458862.876621,True
0.0,30,458908.172252,False
0.0,30,458952.130065,False
0.0,30,458992.171036,False
0.0,30,459035.076974,False
2.6,30,459084.593121,True
0.0,30,459135.574881,False
2.5,30,459183.55167,True
0.0,30,459230.322627,False
0.0,30,459278.42072,False
0.0,30,459326.022421,False
0.0,30,459367.237837,False
0.0,30,459417.795799,False
2.5,30,459468.600207,True
2.6,30,459515.690203,True
2.7,30,459554.285338,True
0.0,30,459598.411781,False
0.0,30,459644.279737,False
0.0,30,459688.069956,False
2.7,30,459734.976666,True
0.0,30,459781.628414,False
2.8,30,459827.708541,True
0.0,30,459870.434823,False
3.0,30,459922.073858,True
2.6,30,459966.085392,True
0.0,30,460306.632391,False
0.0,30,460350.347899,False
0.0,30,460396.549665,False
0.0,30,460448.208856,False
2.1,30,460491.916124,True
2.6,30,460532.570799,True
0.0,30,460575.279986,False
1.5,30,460622.826469,True
0.0,30,460668.344117,False
2.7,30,460722.686484,True
3.0,30,460769.758945,True
2.6,30,460818.834501,True
2.7,30,460866.666973,True
2.7,30,460909.398936,True
0.0,30,460955.479379,False
1.8,30,461005.034456,True
0.0,30,461051.624887,False
0.0,30,461094.561919,False
0.0,30,461142.607926,False
0.0,30,461197.864714,False
2.8,30,461244.619128,True
0.0,30,461293.929607,False
0.0,30,461339.346168,False
0.0,30,461381.284741,False
0.0,30,461423.230958,False
0.0,30,461468.091809,False
2.6,30,461511.742222,True
2.5,30,461552.736142,True
2.8,30,461600.84781,True
0.0,30,461649.248872,False
0.0,30,461694.76265,False
2.4,30,461743.661435,True
0.0,30,461793.1719,False
0.0,30,461837.564659,False
2.7,30,462170.398675,True
2.3,30,462218.35456,True
0.0,30,462262.844594,False
0.0,30,462307.374337,False
2.4,30,462360.19276,True
0.0,30,462408.910579,False
2.5,30,462466.412145,True
0.0,30,462514.162946,False
0.0,30,462559.978068,False
2.8,30,462604.180116,True
0.0,30,462650.621197,False
0.0,30,462693.976305,False
2.9,30,462740.742836,False
0.0,30,462783.405223,False
2.8,30,462832.662036,True
2.8,30,462884.559407,True
2.7,30,462930.797679,True
3.0,30,462969.550184,True
2.7,30,463009.2999,True
2.7,30,463053.129611,True
2.7,30,463102.567224,True
2.9,30,463146.728621,True
2.7,30,463191.80209,True
0.0,30,463237.759887,False
2.7,30,463286.770789,True
2.6,30,463329.953911,True
2.7,30,463373.491618,True
0.0,30,463418.058913,False
2.4,30,463461.427115,True
2.7,30,463506.348921,True
0.0,30,463554.66857,False
1.0,30,463614.047907,True
2.8,30,463658.466712,True
3.0,30,463706.652883,True
2.7,30,464052.748072,True
0.0,30,464101.420919,False
0.0,30,464145.19408,False
0.0,30,464191.607359,False
2.4,30,464234.779615,True
0.0,30,464280.456217,False
2.0,30,464320.396298,True
0.0,30,464367.482505,False
0.0,30,464414.364494,False
0.0,30,464461.260929,False
1.9,30,464503.408565,True
0.0,30,464546.950966,False
2.8,30,464592.859061,True
2.9,30,464638.739634,True
2.5,30,464685.281342,True
0.0,30,464729.917055,False
0.0,30,464778.026613,False
2.5,30,464826.81308,True
2.8,30,464871.142458,True
0.0,30,464922.433166,False
0.0,30,464969.117167,False
2.8,30,465018.548871,True
0.0,30,465064.615569,False
0.0,30,465119.392282,False
2.7,30,465166.637219,True
2.7,30,465207.260732,True
0.0,30,465247.317512,False
2.2,30,465293.576464,True
2.9,30,465338.523137,True
2.7,30,465382.836102,True
0.0,30,465425.816165,False
2.5,30,465470.673727,True
0.0,30,465515.223536,False
2.7,30,465564.404441,True
3.0,30,465917.921965,True
0.0,30,465964.085622,False
2.8,30,466008.097273,True
0.0,30,466054.303961,False
2.6,30,466104.715767,True
0.0,30,466151.804356,False
2.5,30,466201.9738,True
0.0,30,466248.716806,False
0.0,30,466296.220752,False
0.0,30,466340.698141,False
2.7,30,466386.097767,True
2.7,30,466429.945277,True
0.0,30,466480.620276,False
2.7,30,466529.469021,True
0.0,30,466573.464309,False
0.0,30,466625.660074,False
0.0,30,466665.157081,False
2.9,30,466716.211955,True
0.2,30,466765.749656,False
2.1,30,466809.168199,True
2.8,30,466857.190702,True
0.0,30,466903.705426,False
2.9,30,466951.815045,True
2.6,30,466998.101785,True
0.0,30,467040.25502,False
0.0,30,467085.237452,False
1.8,30,467134.738513,True
0.0,30,467179.450703,False
0.0,30,467226.679721,False
2.4,30,467273.647298,True
0.0,30,467320.520832,False
0.0,30,467364.985317,False
0.0,30,467406.314929,False
0.0,30,467451.421473,False
0.0,30,467813.706651,False
2.8,30,467860.324263,True
2.9,30,467908.63139,True
0.0,30,467953.6022,False
0.0,30,468001.297396,False
2.6,30,468051.556189,True
2.6,30,468102.234636,True
0.0,30,468143.629016,False
0.0,30,468191.75308,False
2.9,30,468236.666423,True
1.2,30,468281.960172,True
2.6,30,468324.06023,True
0.0,30,468374.279107,False
2.6,30,468419.149657,True
2.1,30,468468.192128,True
0.0,30,468513.276981,False
2.8,30,468561.000387,True
2.7,30,468604.778869,True
0.0,30,468655.410274,False
2.3,30,468701.868821,True
0.0,30,468746.511891,False
0.0,30,468789.005966,False
2.5,30,468833.827266,True
0.0,30,468879.98105,False
2.3,30,468933.627044,False
2.7,30,468983.879257,True
0.0,30,469028.390409,False
2.6,30,469075.810365,True
0.0,30,469118.55156,False
0.0,30,469165.934891,False
0.3,30,469223.421288,False
0.3,30,469272.921458,True
2.4,30,469317.060943,True
0.0,30,469361.335491,False
2.7,30,469702.869892,True
2.8,30,469751.510925,True
2.8,30,469802.679116,True
2.5,30,469848.966584,True
0.0,30,469888.642361,False
0.0,30,469937.22968,False
0.0,30,469986.750614,False
2.6,30,470036.402067,True
2.5,30,470094.109033,True
2.6,30,470140.396392,True
0.0,30,470204.512352,False
0.0,30,470251.186122,False
2.6,30,470295.504371,True
2.6,30,470339.093833,True
2.7,30,470387.612687,True
0.0,30,470437.194092,False
2.3,30,470490.05032,True
1.5,30,470535.720686,True
0.0,30,470583.978577,False
2.6,30,470632.77225,True
0.0,30,470682.082698,False
0.0,30,470733.824151,False
0.0,30,470784.696418,False
0.0,30,470831.202489,False
0.0,30,470874.182497,False
0.0,30,470931.627128,False
0.0,30,470974.207501,False
2.5,30,471019.549412,True
2.9,30,471065.424772,True
2.7,30,471132.669679,True
0.0,30,471180.668234,False
0.0,30,471229.512883,False
2.5,30,471275.086082,True
2.8,30,471320.397437,True
0.0,30,471646.073201,False
0.0,30,471693.378728,False
1.1,30,471744.303867,True
3.0,30,471792.422753,True
0.0,30,471839.786545,False
0.0,30,471889.167697,False
0.0,30,471934.074642,False
0.0,30,471978.425354,False
2.8,30,472024.003289,True
2.6,30,472070.635195,True
1.6,30,472114.383617,True
3.0,30,472166.488358,True
0.0,30,472211.628023,False
0.0,30,472279.900856,False
0.0,30,472330.015914,False
0.0,30,472383.501869,False
0.0,30,472429.359139,False
2.7,30,472475.22895,True
2.7,30,472518.649378,True
0.0,30,472566.324659,False
0.0,30,472609.733394,False
0.0,30,472656.301913,False
0.0,30,472701.848952,False
2.8,30,472753.082145,True
1.1,30,472806.33409,False
0.0,30,472860.164366,False
2.1,30,472906.96757,True
2.8,30,472955.592794,True
2.1,30,473005.958356,True
3.0,30,473054.378242,True
2.1,30,473104.523565,True
2.9,30,473152.008403,True
3.0,30,473200.405159,True
0.0,30,473245.934814,False
0.0,30,473572.480083,False
0.0,30,473621.60253,False
0.0,30,473668.849629,False
2.7,30,473715.82164,True
2.7,30,473763.741527,True
0.0,30,473804.420404,False
2.9,30,473850.271776,True
2.7,30,473892.360784,True
2.4,30,473936.930482,True
2.0,30,473986.324699,True
0.0,30,474033.720959,False
2.3,30,474082.025918,True
1.9,30,474130.447965,True
2.2,30,474177.03926,True
3.0,30,474221.685613,True
2.6,30,474266.156646,True
0.0,30,474312.253605,False
2.6,30,474355.01857,True
0.0,30,474399.835523,False
3.0,30,474449.078963,True
0.0,30,474496.290383,False
0.0,30,474544.491634,False
0.0,30,474591.496789,False
2.7,30,474633.482126,True
3.0,30,474692.270399,True
2.4,30,474738.628105,True
0.0,30,474785.899909,False
0.0,30,474832.344742,False
0.0,30,474883.404489,False
2.8,30,474932.001354,True
2.6,30,474981.862362,True
3.0,30,475032.665553,True
0.0,30,475077.111573,False
2.6,30,475135.928611,True
2.7,30,475184.889331,True
0.0,30,475523.549097,False
2.9,30,475569.961692,True
2.5,30,475616.518469,True
2.4,30,475667.338357,True
2.7,30,475716.324918,True
2.8,30,475763.181365,True
2.6,30,475811.338148,True
2.5,30,475854.627446,True
1.8,30,475905.273989,False
0.0,30,475948.995894,False
2.8,30,475993.345957,True
2.7,30,476033.967886,True
2.6,30,476082.752063,True
2.7,30,476133.206892,True
0.0,30,476177.949006,False
0.0,30,476223.336908,False
0.0,30,476270.149207,False
0.0,30,476316.752146,False
0.0,30,476363.158443,False
3.0,30,476412.871889,True
2.3,30,476463.616721,True
2.4,30,476508.329331,True
0.0,30,476556.336801,False
3.0,30,476603.024841,True
2.8,30,476646.641954,True
0.0,30,476693.144782,False
0.0,30,476738.289324,False
0.0,30,476781.897688,False
2.5,30,476827.941802,True
1.7,30,476875.018461,True
2.7,30,476919.07717,True
2.7,30,476967.775573,True
2.8,30,477013.169047,True
2.6,30,477066.637768,True
2.1,30,477377.57,True
0.0,30,477425.73909,False
2.8,30,477474.74264,True
2.5,30,477519.204371,True
2.4,30,477560.55152,True
0.0,30,477603.950841,False
2.8,30,477649.493764,True
3.0,30,477695.13167,True
0.0,30,477741.80409,False
2.8,30,477794.034666,True
2.8,30,477843.323765,True
0.0,30,477882.978415,False
2.5,30,477923.29634,True
2.8,30,477967.7035,True
2.8,30,478011.601349,True
1.1,30,478071.629371,False
2.7,30,478114.70096,True
2.6,30,478172.746337,True
2.5,30,478225.638873,True
2.7,30,478271.526387,True
1.4,30,478315.577934,True
0.0,30,478361.549072,False
2.7,30,478410.687351,True
2.7,30,478467.497594,True
0.0,30,478515.161978,False
0.0,30,478556.969244,False
2.0,30,478601.483446,True
0.0,30,478641.719326,False
0.0,30,478686.386844,False
2.8,30,478730.299291,True
2.9,30,478775.260031,True
2.6,30,478822.155757,True
2.7,30,478866.497962,True
2.7,30,478919.055305,True
1.6,30,479239.383468,True
0.0,30,479281.677725,False
0.0,30,479324.702174,False
2.6,30,479369.177952,True
0.0,30,479411.522002,False
1.8,30,479458.60482,True
2.7,30,479501.497647,True
2.3,30,479546.120461,True
0.0,30,479592.814987,False
0.0,30,479640.238206,False
2.2,30,479693.065718,True
2.9,30,479742.711306,True
2.8,30,479789.061643,True
2.6,30,479834.481843,True
2.5,30,479878.613246,True
0.0,30,479926.325485,False
2.8,30,479971.441562,True
2.4,30,480014.980521,True
2.2,30,480064.044413,True
2.8,30,480112.828067,True
0.0,30,480156.741222,False
0.0,30,480205.058108,False
2.4,30,480253.833637,True
2.6,30,480298.230773,True
2.1,30,480342.761029,True
2.6,30,480385.592057,True
2.4,30,480429.589727,True
0.0,30,480471.080923,False
2.3,30,480516.652265,True
0.0,30,480584.007123,False
0.0,30,480626.445409,False
2.9,30,480670.173379,True
2.4,30,480723.511686,True
2.4,30,480769.695487,True
2.8,30,481111.738118,True
2.7,30,481154.647564,True
2.6,30,481203.200555,True
2.7,30,481249.822923,True
0.0,30,481298.967231,False
1.8,30,481344.123548,True
2.6,30,481392.764924,True
2.6,30,481440.98313,True
2.8,30,481481.420331,True
2.8,30,481527.433774,True
2.9,30,481579.79147,True
0.0,30,481623.554525,False
2.1,30,481672.368546,True
2.8,30,481716.225909,True
2.5,30,481765.469555,True
3.0,30,481819.013926,True
1.9,30,481865.965122,True
0.0,30,481911.451894,False
2.9,30,481958.292743,True
0.0,30,482005.123772,False
0.0,30,482048.09056,False
2.4,30,482101.393872,True
0.0,30,482152.090731,False
2.7,30,482196.887057,True
2.4,30,482240.695993,True
0.0,30,482281.742739,False
2.2,30,482325.595876,True
2.2,30,482369.266784,True
2.0,30,482414.377891,True
2.6,30,482459.613981,True
0.0,30,482507.026043,False
2.6,30,482554.475699,True
0.0,30,482602.273422,False
2.7,30,482649.652655,True
0.0,30,482981.551786,False
2.4,30,483027.93193,True
2.0,30,483073.642611,False
2.9,30,483122.965382,True
0.0,30,483166.959567,False
0.0,30,483215.357117,False
2.7,30,483257.313262,True
0.0,30,483297.034725,False
0.4,30,483354.999635,False
0.0,30,483397.449233,False
0.0,30,483441.531804,False
2.6,30,483486.854485,True
0.0,30,483533.212422,False
2.4,30,483577.905222,True
2.7,30,483622.002243,True
0.0,30,483669.065278,False
0.0,30,483714.54304,False
2.7,30,483763.786627,True
3.0,30,483808.606816,True
2.5,30,483856.283249,True
2.5,30,483903.040526,True
2.5,30,483954.736626,True
1.7,30,483997.626859,True
3.0,30,484046.308027,True
3.0,30,484097.753539,True
2.6,30,484146.367298,True
3.0,30,484195.603885,True
0.0,30,484243.692994,False
1.4,30,484292.317522,True
2.2,30,484334.772005,True
0.0,30,484379.247284,False
0.0,30,484428.798876,False
0.0,30,484473.570972,False
2.8,30,484518.262673,True
2.4,30,484861.4175,True
0.0,30,484909.840895,False
0.0,30,484955.803617,False
0.0,30,485005.149548,False
2.8,30,485048.723414,True
0.0,30,485094.763287,False
2.8,30,485140.881555,True
1.8,30,485187.24162,True
0.0,30,485236.286292,False
0.0,30,485284.190228,False
0.0,30,485328.494019,False
2.6,30,485372.178461,True
0.0,30,485413.690071,False
2.5,30,485463.104262,True
0.0,30,485509.288834,False
1.6,30,485559.081872,True
0.0,30,485603.20406,False
2.9,30,485648.147618,True
2.9,30,485697.333712,True
1.8,30,485740.301734,True
2.5,30,485791.876252,True
3.0,30,485839.037804,True
0.0,30,485883.460777,False
2.6,30,485925.115287,True
0.0,30,485968.573237,False
3.0,30,486017.432156,True
1.7,30,486067.150074,True
2.5,30,486119.466482,True
0.0,30,486165.22076,False
0.0,30,486213.796334,False
0.0,30,486264.59908,False
0.0,30,486307.604173,False
2.4,30,486354.725664,True
0.0,30,486396.462543,False
0.0,30,486730.300035,False
1.9,30,486772.798743,True
0.0,30,486818.163273,False
2.7,30,486861.839635,True
0.0,30,486907.868887,False
2.8,30,486954.714713,True
0.0,30,487002.200494,False
0.0,30,487041.346063,False
0.0,30,487084.316915,False
2.7,30,487136.591838,True
2.8,30,487185.136254,True
2.3,30,487229.614978,True
2.9,30,487275.491631,True
2.8,30,487324.189945,True
2.6,30,487373.616037,True
0.4,30,487418.870983,True
0.0,30,487465.195371,False
2.5,30,487507.754922,True
2.6,30,487554.061546,True
0.0,30,487600.146747,False
3.0,30,487660.001033,True
2.6,30,487708.278894,True
2.9,30,487748.222348,True
2.7,30,487794.193196,True
0.0,30,487841.520335,False
2.5,30,487884.81803,True
0.0,30,487937.321487,False
3.0,30,487992.304954,True
0.0,30,488039.803321,False
2.7,30,488084.073539,True
0.0,30,488132.630137,False
0.0,30,488181.699575,False
2.0,30,488230.067415,True
2.5,30,488280.605102,True
0.0,30,488322.261834,False
2.2,30,488624.131918,True
0.0,30,488670.11892,False
1.5,30,488715.401937,True
0.0,30,488759.497606,False
2.3,30,488801.940168,True
2.7,30,488848.803018,True
0.0,30,488900.933277,False
0.0,30,488944.068682,False
2.1,30,488994.833097,True
0.0,30,489036.454868,False
2.8,30,489081.422703,True
2.7,30,489130.986667,True
0.0,30,489179.092689,False
2.5,30,489226.821398,True
2.7,30,489278.628417,True
2.3,30,489325.540601,True
2.7,30,489367.262522,True
0.0,30,489411.56793,False
2.6,30,489454.463954,True
0.0,30,489506.609235,False
3.0,30,489549.302706,True
2.3,30,489602.541271,True
2.6,30,489644.904611,True
2.7,30,489686.418285,True
0.0,30,489738.93231,False
1.5,30,489783.477613,True
0.0,30,489829.424753,False
0.0,30,489870.563988,False
0.0,30,489916.324891,False
0.0,30,489964.536787,False
0.0,30,490010.95662,False
2.8,30,490058.703475,True
2.2,30,490102.879429,True
2.8,30,490143.453246,True
2.7,30,490453.562461,True
0.0,30,490498.550342,False
2.4,30,490552.920573,True
0.0,30,490597.686198,False
0.0,30,490644.522883,False
0.0,30,490701.140555,False
3.0,30,490749.421535,True
2.8,30,490799.490349,True
2.9,30,490842.003033,True
2.6,30,490888.412216,True
2.7,30,490938.057351,True
2.9,30,490983.764122,True
2.8,30,491027.276743,True
0.0,30,491073.026967,False
0.0,30,491127.635964,False
2.8,30,491175.680851,True
0.0,30,491225.834722,False
2.7,30,491272.986799,True
2.9,30,491325.54144,True
0.0,30,491366.937338,False
2.8,30,491417.718296,True
0.0,30,491464.220262,False
0.0,30,491510.993212,False
2.4,30,491558.086991,True
2.7,30,491608.814302,True
2.5,30,491655.325802,True
2.7,30,491706.803864,True
1.9,30,491747.077902,True
2.8,30,491792.729495,True
2.7,30,491836.22239,True
0.0,30,491886.000467,False
2.8,30,491931.829555,True
0.0,30,491973.437605,False
2.9,30,492018.036747,True
0.0,30,492344.950143,False
0.0,30,492395.402525,False
2.7,30,492447.227233,True
2.7,30,492509.293385,True
0.0,30,492550.095145,False
2.9,30,492594.78692,True
2.8,30,492640.639596,True
2.6,30,492686.284939,True
2.8,30,492740.924387,True
0.0,30,492785.272727,False
2.5,30,492832.856629,True
0.0,30,492874.258898,False
0.0,30,492919.817003,False
0.0,30,492975.648286,False
2.5,30,493018.551647,True
0.0,30,493062.659838,False
2.9,30,493107.076298,True
0.0,30,493152.164736,False
2.8,30,493196.796557,True
2.5,30,493246.585932,True
0.0,30,493290.544964,False
2.9,30,493337.217316,True
2.9,30,493385.232167,True
3.0,30,493430.426597,True
0.0,30,493475.362659,False
0.0,30,493530.045235,False
0.0,30,493578.538573,False
0.0,30,493620.969565,False
1.5,30,493666.428813,True
2.6,30,493714.535295,True
2.8,30,493756.502677,True
0.0,30,493801.512001,False
2.9,30,493844.849234,True
2.2,30,493887.704307,True
0.0,30,494231.658325,False
0.0,30,494285.707212,False
2.9,30,494328.435634,True
0.0,30,494371.021536,False
0.0,30,494427.866101,False
2.2,30,494476.54513,True
2.5,30,494521.969127,True
2.8,30,494566.186026,True
2.1,30,494613.031631,True
2.6,30,494659.883861,True
0.0,30,494701.54517,False
0.0,30,494746.047789,False
2.5,30,494811.873835,True
0.0,30,494866.891738,False
2.6,30,494913.388653,True
0.0,30,494960.278972,False
0.0,30,495006.333732,False
0.0,30,495049.650109,False
0.0,30,495097.467733,False
1.5,30,495149.858279,False
0.0,30,495196.398,False
2.2,30,495243.451141,True
2.4,30,495286.986917,True
0.0,30,495339.159818,False
0.0,30,495381.820587,False
3.0,30,495433.532416,True
0.0,30,495474.913823,False
0.0,30,495518.746727,False
0.0,30,495564.348037,False
0.0,30,495609.214666,False
2.6,30,495659.522568,True
0.0,30,495704.944304,False
2.8,30,495756.251096,True
2.4,30,495800.97824,True
2.8,30,496131.988232,True
0.0,30,496175.335673,False
0.0,30,496222.002913,False
2.6,30,496267.319276,True
0.0,30,496310.136525,False
2.7,30,496352.862243,True
2.1,30,496399.929707,True
3.0,30,496441.641788,True
0.0,30,496490.18066,False
0.0,30,496536.706733,False
2.7,30,496583.320361,True
2.8,30,496627.946516,True
2.4,30,496679.561558,True
0.0,30,496732.176935,False
0.0,30,496779.779994,False
2.9,30,496820.896819,True
0.0,30,496867.267149,False
3.0,30,496910.966255,True
1.9,30,496965.404039,True
0.0,30,497010.065362,False
0.0,30,497057.567812,False
2.6,30,497101.990651,True
0.0,30,497146.237418,False
2.5,30,497199.02833,True
2.7,30,497242.94696,True
2.4,30,497293.074473,True
2.7,30,497340.478135,True
0.0,30,497388.734648,False
0.0,30,497436.850215,False
0.0,30,497485.68051,False
2.6,30,497530.350246,True
0.0,30,497572.153408,False
2.5,30,497623.742841,True
2.8,30,497666.59122,True
2.8,30,497985.727438,True
2.8,30,498030.368303,True
0.0,30,498076.226825,False
0.0,30,498120.222134,False
0.0,30,498162.390679,False
0.0,30,498205.093913,False
2.7,30,498263.510891,True
2.5,30,498308.144762,True
0.0,30,498356.05965,False
0.0,30,498401.523743,False
0.0,30,498443.039752,False
0.0,30,498488.119391,False
0.0,30,498531.048251,False
2.9,30,498582.044395,True
0.0,30,498630.964779,False
0.0,30,498675.152728,False
0.0,30,498718.817366,False
0.0,30,498758.487248,False
2.3,30,498797.637503,True
0.0,30,498842.512642,False
2.7,30,498889.71768,True
2.5,30,498930.821651,True
2.7,30,498977.215288,True
2.8,30,499019.912504,True
2.9,30,499064.138533,True
2.9,30,499108.038816,True
2.4,30,499156.812413,True
0.0,30,499203.274514,False
0.0,30,499242.510985,False
0.3,30,499288.327396,False
1.7,30,499326.73839,True
2.8,30,499372.941148,True
2.5,30,499423.191673,True
2.8,30,499472.056185,True
2.6,30,499810.126939,True
2.7,30,499854.754879,True
2.9,30,499898.902301,True
2.6,30,499945.066163,True
2.1,30,500001.835166,True
0.0,30,500041.204448,False
2.7,30,500083.256602,True
0.0,30,500129.532594,False
2.1,30,500176.314677,True
2.8,30,500221.93559,True
0.0,30,500269.866261,False
2.6,30,500313.220247,True
2.6,30,500356.60013,True
2.6,30,500403.893182,True
2.9,30,500454.869463,True
0.0,30,500499.334532,False
2.8,30,500548.107184,True
2.1,30,500593.085731,True
2.9,30,500641.544795,True
2.8,30,500690.347591,True
2.8,30,500737.211745,True
0.0,30,500784.020546,False
2.6,30,500824.525256,True
0.1,30,500879.043511,False
2.5,30,500923.047558,True
2.8,30,500976.650535,True
2.4,30,501022.052412,True
2.1,30,501065.471937,True
0.0,30,501105.343263,False
2.3,30,501154.696097,True
2.9,30,501200.962418,True
2.7,30,501246.474606,True
2.9,30,501286.427484,True
0.0,30,501328.865369,False
2.9,30,501698.184097,True
0.0,30,501747.145592,False
2.9,30,501795.658198,True
2.9,30,501849.572829,True
2.3,30,501895.718039,True
2.8,30,501946.19163,True
2.8,30,501997.024549,True
3.0,30,502048.117954,True
0.0,30,502093.369791,False
2.7,30,502143.303961,True
2.6,30,502190.476207,True
2.8,30,502235.268385,True
0.0,30,502282.870487,False
2.3,30,502332.06955,True
2.9,30,502375.932974,True
0.0,30,502428.814484,False
2.0,30,502473.628138,True
0.0,30,502523.474723,False
0.0,30,502567.433988,False
2.8,30,502610.419484,True
1.1,30,502654.245715,True
2.4,30,502700.186832,True
3.0,30,502751.14844,True
2.3,30,502797.881382,True
2.8,30,502846.002067,True
0.0,30,502889.255621,False
0.0,30,502934.410843,False
3.0,30,502978.095757,True
0.0,30,503022.926175,False
0.0,30,503069.511611,False
2.8,30,503123.622293,True
0.0,30,503166.971628,False
0.0,30,503214.28123,False
3.0,30,503260.270097,True
0.0,30,503298.769378,False
0.0,30,503650.503379,False
0.0,30,503699.658896,False
2.3,30,503752.905234,True
2.6,30,503804.337771,True
2.7,30,503855.998729,True
0.0,30,503902.694529,False
2.1,30,503952.713147,True
2.4,30,503998.61469,True
0.0,30,504042.777255,False
0.0,30,504088.498096,False
0.0,30,504137.20178,False
2.5,30,504185.140617,True
2.6,30,504233.167388,True
2.3,30,504276.279253,True
2.8,30,504323.497811,True
0.0,30,504369.92016,False
0.0,30,504420.344766,False
2.6,30,504466.423323,True
0.0,30,504518.165018,False
2.5,30,504565.935811,True
2.4,30,504617.964848,True
2.5,30,504660.615194,True
2.9,30,504704.929898,True
2.8,30,504751.22766,True
2.6,30,504798.547011,True
2.1,30,504855.707699,True
2.8,30,504902.994617,True
0.0,30,504949.106279,False
0.0,30,504991.744251,False
0.0,30,505036.624748,False
0.0,30,505086.424272,False
0.0,30,505131.641467,False
0.0,30,505179.271164,False
2.4,30,505222.670524,True
2.3,30,505568.68233,True
2.6,30,505615.132843,True
0.0,30,505662.477253,False
1.8,30,505710.386649,True
0.0,30,505754.545919,False
0.0,30,505802.294,False
2.8,30,505845.11324,True
2.9,30,505895.844145,True
0.6,30,505946.366241,True
2.3,30,505990.309727,True
0.0,30,506036.461087,False
2.0,30,506083.068889,True
0.0,30,506127.502114,False
2.7,30,506166.594003,True
0.0,30,506214.543024,False
2.7,30,506267.40014,True
2.9,30,506312.902806,True
0.0,30,506369.921815,False
0.0,30,506417.231837,False
0.0,30,506460.909228,False
0.0,30,506503.26464,False
0.0,30,506558.363796,False
2.7,30,506606.056966,True
0.0,30,506655.064274,False
0.0,30,506701.386558,False
2.8,30,506745.868359,True
0.0,30,506791.579875,False
2.5,30,506857.618804,True
2.9,30,506908.795784,True
2.9,30,506957.681431,True
0.0,30,507002.817778,False
2.6,30,507051.132587,True
0.0,30,507098.622725,False
0.0,30,507146.344869,False
2.5,30,507506.940478,True
0.0,30,507552.439695,False
2.7,30,507601.167132,True
2.3,30,507651.416928,True
0.0,30,507709.619408,False
2.5,30,507759.801144,True
0.0,30,507803.284059,False
0.0,30,507848.70932,False
2.3,30,507899.714432,True
2.6,30,507943.970908,True
2.2,30,507986.683935,True
0.0,30,508030.96978,False
0.0,30,508073.5647,False
0.0,30,508119.585884,False
2.3,30,508165.399258,False
0.0,30,508216.422046,False
2.0,30,508260.430315,True
0.0,30,508300.902643,False
2.5,30,508349.380097,True
0.0,30,508399.552026,False
2.4,30,508443.650446,True
2.9,30,508491.872245,True
2.8,30,508537.010336,True
2.7,30,508587.629692,True
0.0,30,508636.74843,False
2.9,30,508685.835062,True
0.0,30,508729.616512,False
2.0,30,508768.702225,True
0.0,30,508819.474935,False
0.0,30,508872.433027,False
2.6,30,508916.966918,True
0.0,30,508956.770779,False
2.6,30,509001.924558,True
2.1,30,509043.461374,True
0.0,30,509433.303556,False
2.4,30,509480.997179,True
2.2,30,509536.42066,True
2.8,30,509596.829002,True
0.0,30,509645.669593,False
2.9,30,509693.817688,True
2.1,30,509746.691994,True
0.0,30,509798.491306,False
2.6,30,509865.25767,True
0.0,30,509910.139798,False
2.8,30,509956.758418,True
2.8,30,510009.422628,True
0.0,30,510053.263358,False
0.0,30,510095.770301,False
2.9,30,510140.807124,True
0.0,30,510185.341705,False
2.6,30,510229.252979,True
2.3,30,510274.015521,True
0.0,30,510315.494239,False
2.2,30,510361.798511,True
0.0,30,510411.633556,False
0.0,30,510466.536297,False
0.0,30,510513.520268,False
2.7,30,510560.816677,True
0.0,30,510604.709044,False
1.8,30,510652.934178,True
2.8,30,510700.92747,True
0.0,30,510740.906219,False
0.0,30,510785.70838,False
0.0,30,510829.359039,False
0.0,30,510874.35651,False
2.3,30,510917.172609,True
2.8,30,510966.13398,True
0.0,30,511015.139349,False
0.0,30,511389.696845,False
2.4,30,511437.57372,True
2.4,30,511482.743245,True
2.0,30,511532.384269,True
2.9,30,511575.556536,True
0.0,30,511626.022202,False
3.0,30,511672.942923,True
2.8,30,511719.980767,True
2.7,30,511776.377743,True
0.0,30,511818.093528,False
2.5,30,511862.216079,True
0.0,30,511909.079793,False
0.0,30,511955.012868,False
2.4,30,512003.293601,True
2.6,30,512046.4203,True
2.5,30,512093.11164,True
2.6,30,512138.168067,True
2.3,30,512187.911575,True
0.0,30,512242.770439,False
0.0,30,512298.025335,False
0.0,30,512339.876145,False
0.0,30,512390.150632,False
0.0,30,512438.503369,False
2.4,30,512490.599296,True
2.7,30,512537.377986,True
1.8,30,512587.56391,True
2.3,30,512636.126556,True
0.0,30,512682.120738,False
2.4,30,512727.454004,True
2.7,30,512770.4382,True
0.0,30,512822.89771,False
2.8,30,512873.039798,True
2.8,30,512921.902082,True
2.3,30,512968.177024,True
0.0,30,513323.405828,False
0.0,30,513362.905011,False
2.8,30,513410.301216,True
2.5,30,513458.228573,True
1.8,30,513513.335267,True
2.8,30,513561.690809,True
0.0,30,513606.256608,False
1.8,30,513652.91414,True
0.0,30,513702.049721,False
0.0,30,513751.645398,False
0.0,30,513798.847184,False
2.0,30,513842.452881,True
2.1,30,513887.676291,True
2.6,30,513930.854303,True
0.0,30,513975.45498,False
0.0,30,514027.193924,False
2.5,30,514075.360776,True
0.0,30,514128.661965,False
2.5,30,514177.642261,True
0.0,30,514227.45791,False
3.0,30,514275.588832,True
2.5,30,514319.378829,True
0.0,30,514367.446061,False
2.8,30,514416.214035,True
1.6,30,514464.68078,True
0.0,30,514508.903576,False
2.7,30,514554.544231,True
0.0,30,514597.396152,False
0.0,30,514644.201117,False
0.0,30,514696.222466,False
0.0,30,514747.349012,False
0.5,30,514793.417353,True
2.8,30,514855.961046,True
2.3,30,514903.583166,True
1.8,30,515269.767106,True
2.4,30,515316.372749,True
2.6,30,515361.83834,True
2.2,30,515407.785109,True
2.7,30,515456.172978,True
2.6,30,515502.051516,True
2.4,30,515549.178541,True
2.9,30,515597.181553,True
0.0,30,515649.224643,False
0.0,30,515692.438819,False
2.9,30,515744.760746,True
2.9,30,515790.334546,True
0.0,30,515837.628107,False
2.6,30,515887.713332,True
2.8,30,515935.470546,True
2.0,30,515980.310783,True
0.0,30,516029.115628,False
2.3,30,516079.568203,True
2.5,30,516125.759163,True
2.9,30,516167.685386,True
0.0,30,516209.974606,False
2.8,30,516256.916356,True
2.5,30,516328.891107,True
2.8,30,516380.369414,True
1.9,30,516422.92169,True
2.7,30,516467.899657,True
0.0,30,516519.974257,False
0.0,30,516571.799905,False
2.3,30,516633.003462,True
2.1,30,516675.052009,True
0.7,30,516720.815809,False
0.0,30,516771.596708,False
0.0,30,516820.893483,False
0.0,30,516875.451169,False
2.8,30,516923.794363,True
2.9,30,517283.400096,True
0.0,30,517330.155548,False
0.0,30,517376.034602,False
0.0,30,517419.518416,False
0.0,30,517463.531962,False
0.0,30,517510.217727,False
2.8,30,517550.660311,True
3.0,30,517596.834043,True
2.7,30,517644.402756,True
2.5,30,517704.354066,True
0.0,30,517750.073997,False
0.0,30,517798.16347,False
2.6,30,517843.267031,True
2.5,30,517891.015239,True
2.9,30,517937.43754,True
0.0,30,517986.790382,False
2.2,30,518036.030842,True
0.0,30,518083.111465,False
0.0,30,518133.959418,False
2.3,30,518187.185393,True
2.9,30,518234.523903,True
1.3,30,518279.270065,True
0.0,30,518325.12718,False
0.0,30,518370.423882,False
2.3,30,518420.976138,True
2.9,30,518467.509985,True
0.0,30,518518.356207,False
0.0,30,518567.678558,False
0.0,30,518613.146424,False
0.0,30,518661.334525,False
0.0,30,518707.015852,False
2.6,30,518756.007662,True
2.7,30,518805.714474,True
2.1,30,518854.324655,True
0.0,30,519211.634344,False
0.0,30,519263.540621,False
2.6,30,519305.27873,True
0.0,30,519349.084705,False
0.0,30,519398.389064,False
3.0,30,519439.701723,True
0.0,30,519483.451651,False
0.0,30,519531.49244,False
0.0,30,519577.069662,False
2.6,30,519626.250039,True
0.0,30,519672.835574,False
2.1,30,519720.40862,True
0.0,30,519764.842265,False
0.0,30,519816.359921,False
2.0,30,519865.245658,True
0.0,30,519918.522671,False
2.8,30,519967.727743,True
0.0,30,520016.636563,False
0.0,30,520056.986567,False
0.0,30,520103.554775,False
2.3,30,520153.374773,True
2.5,30,520196.645613,True
0.0,30,520243.703105,False
2.5,30,520300.443889,True
0.0,30,520347.810132,False
2.4,30,520396.811523,True
2.3,30,520457.642868,True
2.5,30,520508.036328,True
2.3,30,520551.357811,True
2.3,30,520605.573296,True
2.9,30,520651.565741,True
1.4,30,520701.145125,True
0.0,30,520741.067625,False
0.0,30,520786.79106,False
1.2,30,521148.517303,True
2.1,30,521192.130607,True
2.8,30,521236.232663,True
2.2,30,521279.6834,True
0.0,30,521322.694998,False
2.8,30,521379.351148,True
0.0,30,521430.324919,False
2.8,30,521473.530019,True
2.4,30,521517.963847,True
2.2,30,521571.296621,True
3.0,30,521617.346648,True
2.7,30,521657.251429,True
2.7,30,521705.700212,True
2.1,30,521750.152021,True
2.4,30,521804.429398,True
0.0,30,521845.7698,False
2.9,30,521891.942275,True
2.7,30,521941.501843,True
0.0,30,521987.709578,False
0.0,30,522033.35884,False
0.0,30,522083.346295,False
0.0,30,522127.66224,False
0.0,30,522174.687887,False
0.0,30,522221.684463,False
0.0,30,522270.869459,False
2.0,30,522314.269314,True
0.0,30,522364.038824,False
0.0,30,522412.801797,False
2.5,30,522458.644033,True
0.0,30,522502.120127,False
2.6,30,522548.423043,True
0.0,30,522593.546657,False
0.0,30,522638.6242,False
2.8,30,522688.968117,True
0.0,30,523038.041795,False
0.0,30,523083.689997,False
0.0,30,523129.840306,False
2.5,30,523177.142482,True
2.6,30,523226.289219,True
0.0,30,523272.744853,False
2.4,30,523322.650687,True
0.0,30,523389.149946,False
2.7,30,523439.943132,True
0.0,30,523488.692805,False
2.7,30,523532.373258,True
2.7,30,523580.277033,True
2.5,30,523624.866165,True
2.6,30,523671.019594,True
2.6,30,523721.408432,True
0.0,30,523765.267921,False
2.5,30,523810.211302,True
0.0,30,523858.620499,False
0.0,30,523909.048296,False
2.0,30,523956.414562,True
2.2,30,524004.938715,True
0.0,30,524049.66422,False
0.0,30,524091.322099,False
2.8,30,524139.063154,True
2.8,30,524183.249735,True
2.1,30,524225.728933,True
2.2,30,524273.009097,True
0.0,30,524317.297878,False
2.6,30,524363.165998,True
0.0,30,524405.616621,False
2.4,30,524456.482633,True
0.0,30,524498.272915,False
0.0,30,524551.577989,False
2.8,30,524597.80361,True
0.6,30,524949.91724,False
2.7,30,524991.957322,True
2.4,30,525039.222435,True
2.7,30,525087.960506,True
2.5,30,525133.047894,True
2.3,30,525180.719149,True
2.9,30,525234.233668,True
0.0,30,525280.849953,False
0.0,30,525327.429237,False
2.8,30,525373.275976,True
0.0,30,525418.493659,False
1.5,30,525461.763223,True
2.3,30,525503.841699,True
2.7,30,525550.102137,True
2.9,30,525600.755373,True
2.0,30,525642.594623,True
0.0,30,525683.752409,False
2.7,30,525732.447773,True
2.8,30,525776.505915,True
2.7,30,525827.58266,True
0.0,30,525870.678454,False
1.9,30,525915.646131,True
1.8,30,525960.55655,True
0.0,30,526007.465181,False
0.0,30,526055.215139,False
0.0,30,526100.250325,False
2.1,30,526145.143721,True
2.7,30,526202.614267,True
0.0,30,526244.108922,False
2.7,30,526287.296648,True
0.2,30,526333.653638,False
2.6,30,526380.438648,True
1.5,30,526424.657882,True
3.0,30,526473.072914,True
1.7,30,526825.289215,True
2.8,30,526872.108991,True
2.8,30,526925.528638,True
2.8,30,526972.172497,True
0.0,30,527016.140156,False
2.1,30,527064.99026,True
0.0,30,527113.06078,False
2.6,30,527158.025347,True
2.5,30,527200.171207,True
0.0,30,527255.477404,False
2.6,30,527301.292884,True
2.0,30,527347.082564,True
2.8,30,527391.883037,True
2.6,30,527440.26189,True
0.0,30,527486.854917,False
0.0,30,527528.647741,False
0.0,30,527570.854197,False
2.8,30,527615.090429,True
2.6,30,527658.146597,True
2.6,30,527704.050238,True
0.0,30,527751.919282,False
0.0,30,527799.864885,False
2.8,30,527844.951605,True
0.0,30,527891.029498,False
3.0,30,527938.027862,True
2.9,30,527988.658827,True
0.3,30,528035.997687,True
2.3,30,528086.947961,True
2.8,30,528135.057908,True
2.6,30,528182.163633,True
2.8,30,528227.089238,True
0.0,30,528272.832018,False
2.6,30,528320.087894,True
0.0,30,528367.25399,False
2.5,30,528727.484652,True
0.0,30,528778.076403,False
2.1,30,528823.433815,True
0.0,30,528867.26333,False
2.7,30,528916.101224,True
0.0,30,528977.308007,False
2.7,30,529022.68366,True
2.8,30,529072.294683,True
0.0,30,529116.008796,False
2.6,30,529164.457353,True
0.0,30,529210.26358,False
3.0,30,529256.312886,True
0.0,30,529313.897366,False
1.6,30,529358.289008,True
0.3,30,529406.136403,True
0.0,30,529448.79313,False
2.8,30,529495.387464,True
2.6,30,529542.105322,True
2.8,30,529591.485029,True
2.4,30,529635.547693,True
0.0,30,529681.263467,False
0.7,30,529730.170876,True
2.1,30,529775.449212,True
0.0,30,529821.282427,False
2.3,30,529872.02993,True
3.0,30,529918.882249,True
2.9,30,529966.08677,True
0.0,30,530016.182794,False
1.3,30,530061.858348,False
0.0,30,530114.074067,False
2.3,30,530158.706123,True
2.7,30,530210.540605,True
2.7,30,530261.414613,True
2.7,30,530302.886714,True
0.0,30,530675.814979,False
2.5,30,530723.755958,True
0.0,30,530773.590289,False
0.0,30,530823.128748,False
2.9,30,530869.814092,True
2.8,30,530912.056279,True
1.3,30,530957.100386,True
1.7,30,530998.844945,False
0.0,30,531040.996775,False
1.3,30,531089.758897,True
3.0,30,531135.79659,True
2.7,30,531184.032753,True
2.4,30,531229.57945,True
3.0,30,531274.777484,True
2.9,30,531318.581463,True
0.5,30,531367.398361,False
1.1,30,531414.251815,True
2.7,30,531464.383769,True
0.0,30,531504.896577,False
0.0,30,531558.087449,False
2.4,30,531607.09689,True
0.0,30,531655.004688,False
1.9,30,531700.233764,True
0.0,30,531745.317078,False
0.0,30,531795.968437,False
0.0,30,531840.729298,False
2.1,30,531890.152753,True
2.8,30,531933.310561,True
2.4,30,531977.962716,True
0.0,30,532026.661755,False
2.5,30,532078.01884,True
2.5,30,532132.668229,True
2.8,30,532177.190675,True
1.8,30,532225.97236,True
2.3,30,532274.033239,True
2.8,30,532624.049276,True
0.0,30,532673.079962,False
0.0,30,532719.653866,False
0.0,30,532765.552358,False
0.0,30,532811.429115,False
2.6,30,532852.939661,True
0.0,30,532896.424053,False
0.0,30,532944.220356,False
1.9,30,532989.172193,True
0.0,30,533036.449101,False
2.7,30,533081.220894,True
0.0,30,533122.776764,False
0.0,30,533166.801466,False
2.6,30,533221.294482,True
2.6,30,533273.078562,True
0.0,30,533328.787436,False
2.4,30,533378.435884,True
0.0,30,533419.323905,False
0.0,30,533472.893748,False
2.5,30,533519.967864,True
0.0,30,533564.973537,False
0.0,30,533615.166252,False
2.6,30,533661.133868,True
2.7,30,533709.023591,True
0.0,30,533758.356183,False
2.7,30,533804.841307,True
2.8,30,533846.048634,True
2.6,30,533891.961,True
2.9,30,533936.036956,True
2.6,30,533980.62089,True
0.0,30,534028.900912,False
2.7,30,534072.806322,True
0.0,30,534126.125785,False
0.0,30,534180.771587,False
0.0,30,534497.896808,False
2.8,30,534542.704681,True
2.8,30,534588.853864,True
3.0,30,534637.855832,True
2.8,30,534678.866728,True
2.8,30,534733.449554,True
0.0,30,534777.775611,False
0.0,30,534828.794628,False
2.6,30,534877.918815,True
2.7,30,534921.725728,True
2.9,30,534964.044958,True
0.0,30,535012.753735,False
1.9,30,535057.102532,True
2.2,30,535103.658537,True
2.5,30,535154.820884,True
2.2,30,535197.130708,True
0.0,30,535243.887546,False
2.4,30,535291.110175,True
2.3,30,535334.641778,True
0.0,30,535378.776212,False
0.0,30,535425.589436,False
0.0,30,535476.211599,False
2.9,30,535523.313728,True
2.4,30,535568.413149,True
2.7,30,535607.062165,True
0.0,30,535664.177627,False
2.9,30,535709.042691,True
3.0,30,535751.193908,True
0.0,30,535794.14963,False
2.9,30,535838.063169,True
0.0,30,535880.499055,False
0.0,30,535953.403928,False
1.4,30,536006.35096,True
0.0,30,536052.870675,False
0.0,30,536370.024572,False
2.7,30,536421.651638,True
2.8,30,536467.160257,True
0.0,30,536512.411205,False
0.0,30,536558.515964,False
2.1,30,536601.81988,True
0.0,30,536645.353868,False
3.0,30,536690.250168,True
2.4,30,536737.60396,True
2.8,30,536775.812601,True
2.5,30,536822.483079,True
0.0,30,536874.29896,False
2.8,30,536915.444371,True
0.0,30,536960.825629,False
2.7,30,537013.011603,True
2.9,30,537054.592901,True
0.0,30,537099.345158,False
2.7,30,537141.41791,True
0.0,30,537191.13317,False
0.0,30,537235.048256,False
2.4,30,537285.58653,True
2.6,30,537331.262462,True
2.1,30,537374.323073,True
0.0,30,537417.473176,False
3.0,30,537463.21277,True
0.0,30,537513.329769,False
2.7,30,537556.673247,True
2.4,30,537603.85397,True
0.0,30,537650.776078,False
0.0,30,537701.856031,False
0.0,30,537758.572274,False
2.9,30,537803.026558,True
0.0,30,537850.627754,False
2.4,30,537897.172579,True
2.1,30,538193.176378,True
0.0,30,538241.234828,False
0.8,30,538283.929379,True
0.0,30,538330.345918,False
0.0,30,538373.094912,False
0.0,30,538418.224631,False
0.0,30,538461.73535,False
0.0,30,538509.845834,False
0.0,30,538559.429051,False
0.0,30,538617.208988,False
0.0,30,538663.151057,False
0.0,30,538703.622634,False
0.0,30,538751.934978,False
0.0,30,538794.11682,False
0.0,30,538836.776577,False
0.0,30,538879.243304,False
2.7,30,538928.933805,True
0.0,30,538971.099533,False
2.8,30,539020.251988,True
0.0,30,539067.733553,False
2.0,30,539116.676416,True
0.0,30,539159.231142,False
0.0,30,539203.300208,False
2.6,30,539247.247792,True
0.9,30,539297.40179,False
1.3,30,539348.135479,True
2.7,30,539392.668911,True
0.0,30,539439.025786,False
2.8,30,539480.606313,True
2.7,30,539528.251128,True
1.7,30,539576.092192,True
3.0,30,539618.174321,True
2.6,30,539667.837307,True
0.0,30,539708.719882,False
2.2,30,540080.397826,True
0.0,30,540126.376143,False
1.9,30,540171.545234,False
0.0,30,540219.485451,False
2.4,30,540266.311228,True
2.6,30,540310.430035,True
2.7,30,540356.870158,True
0.0,30,540398.334904,False
2.9,30,540449.473074,True
1.7,30,540493.051253,True
0.0,30,540538.682148,False
0.0,30,540583.8915,False
0.0,30,540630.270786,False
2.8,30,540678.122241,True
2.8,30,540725.774886,True
0.9,30,540779.22246,True
3.0,30,540835.174545,True
2.9,30,540880.329535,True
2.5,30,540926.0615,True
2.9,30,540978.273337,True
2.7,30,541023.416614,True
0.0,30,541074.044024,False
0.0,30,541117.343628,False
2.4,30,541160.900594,True
0.0,30,541211.530955,False
0.0,30,541254.388312,False
0.0,30,541298.482745,False
2.7,30,541341.173213,True
0.0,30,541386.157401,False
2.3,30,541430.611008,True
0.0,30,541476.187316,False
2.8,30,541525.118815,True
0.0,30,541573.882729,False
0.0,30,541620.087059,False
2.9,30,541982.261955,True
2.2,30,542028.993309,True
2.8,30,542074.405677,True
2.7,30,542116.74414,True
2.0,30,542161.407883,True
2.2,30,542202.308618,True
2.4,30,542247.284492,True
0.0,30,542293.495209,False
2.9,30,542339.114394,True
0.0,30,542381.662736,False
0.0,30,542428.33672,False
1.4,30,542474.685951,True
2.8,30,542525.922141,True
2.5,30,542573.548716,True
2.5,30,542631.64373,True
2.8,30,542677.345265,True
2.9,30,542722.106775,True
0.0,30,542769.313569,False
2.5,30,542826.406826,True
0.0,30,542868.965131,False
2.6,30,542915.044281,True
0.0,30,542964.647233,False
2.8,30,543007.822093,True
0.0,30,543060.431479,False
0.0,30,543110.999681,False
0.0,30,543160.087079,False
0.0,30,543203.112728,False
0.0,30,543250.437849,False
0.0,30,543293.286964,False
1.9,30,543342.355654,True
2.1,30,543395.426804,True
2.8,30,543442.741202,True
0.0,30,543488.02986,False
2.3,30,543537.313436,True
2.8,30,543874.592979,True
0.0,30,543921.187697,False
2.6,30,543968.98108,True
0.0,30,544009.60176,False
2.8,30,544058.084354,True
2.7,30,544099.34723,True
2.9,30,544144.849846,True
0.0,30,544193.613839,False
0.0,30,544240.841845,False
2.7,30,544290.070249,True
0.0,30,544332.427713,False
1.7,30,544379.420945,True
0.5,30,544424.575042,False
2.9,30,544479.115092,True
2.7,30,544546.601971,True
0.0,30,544590.912309,False
0.0,30,544634.995236,False
2.6,30,544679.156154,True
0.0,30,544726.46858,False
2.4,30,544772.300083,True
1.5,30,544816.375723,True
0.0,30,544866.216119,False
2.8,30,544909.9665,True
0.3,30,544951.524398,False
0.0,30,544996.689879,False
0.0,30,545044.296058,False
2.2,30,545088.651458,True
0.0,30,545138.803562,False
0.0,30,545182.230387,False
2.9,30,545233.427926,True
2.3,30,545279.351799,True
2.7,30,545326.289677,True
0.0,30,545370.705768,False
2.4,30,545414.998675,True
2.7,30,545462.653362,True
0.0,30,545809.802117,False
0.0,30,545857.856822,False
0.0,30,545905.300536,False
2.3,30,545956.104082,True
0.0,30,546003.061947,False
1.6,30,546044.979551,True
2.7,30,546096.289825,True
2.8,30,546138.584084,True
0.0,30,546186.77794,False
2.2,30,546235.149479,True
0.0,30,546278.134875,False
2.9,30,546318.218883,True
0.0,30,546366.340444,False
0.0,30,546407.919516,False
2.3,30,546453.185166,True
0.0,30,546499.54353,False
2.5,30,546545.25391,True
2.7,30,546592.305891,True
2.2,30,546635.613617,True
2.7,30,546690.768392,True
2.7,30,546736.368479,True
2.7,30,546781.700999,True
2.7,30,546826.289263,True
0.0,30,546872.203335,False
2.9,30,546919.460978,True
2.5,30,546966.859249,True
2.8,30,547016.035342,True
0.0,30,547063.19478,False
1.7,30,547114.366321,True
2.7,30,547162.339153,True
2.4,30,547205.550536,True
2.7,30,547249.087169,True
2.7,30,547294.602034,True
0.0,30,547339.618378,False
0.0,30,547719.010086,False
2.9,30,547766.261406,True
0.0,30,547807.827655,False
0.0,30,547856.514118,False
2.8,30,547900.702985,True
2.8,30,547951.370758,True
0.0,30,547995.10511,False
0.0,30,548081.110604,False
0.0,30,548131.110057,False
2.5,30,548181.694618,True
1.2,30,548232.568148,True
0.0,30,548271.452634,False
2.3,30,548321.680737,True
2.9,30,548368.235801,True
0.0,30,548411.897331,False
0.0,30,548454.807669,False
2.6,30,548506.361437,True
2.4,30,548553.099352,True
0.6,30,548598.240733,True
0.0,30,548644.389446,False
1.8,30,548687.950269,True
0.0,30,548731.064066,False
0.8,30,548787.05331,True
0.0,30,548829.817838,False
2.9,30,548880.808494,True
2.7,30,548931.68231,True
2.4,30,548978.082514,True
0.0,30,549027.669978,False
2.7,30,549075.277642,True
2.7,30,549120.444337,True
2.4,30,549176.063224,True
0.6,30,549222.041256,False
2.8,30,549264.914746,True
0.0,30,549304.382088,False
0.0,30,549650.929972,False
2.3,30,549691.177638,True
0.0,30,549733.654543,False
0.0,30,549779.771308,False
2.7,30,549823.752771,True
2.4,30,549866.245197,True
0.0,30,549911.210172,False
1.1,30,549956.19946,True
1.8,30,549998.327378,True
0.0,30,550043.363583,False
2.8,30,550090.154462,True
2.4,30,550135.500481,True
0.0,30,550176.169947,False
0.2,30,550225.769155,False
2.1,30,550271.755473,True
0.5,30,550312.995699,False
2.7,30,550354.316804,True
0.0,30,550398.283823,False
2.7,30,550447.729428,True
0.0,30,550492.697643,False
2.8,30,550543.718716,True
2.7,30,550590.906243,True
0.0,30,550635.532808,False
0.0,30,550682.115538,False
2.5,30,550728.773827,True
2.2,30,550780.318383,True
3.0,30,550826.505152,True
2.6,30,550873.279422,True
2.2,30,550923.548105,True
0.6,30,550969.966523,False
2.3,30,551019.259302,True
3.0,30,551060.086452,True
0.0,30,551105.848574,False
0.0,30,551149.530609,False
2.5,30,551524.906644,True
0.0,30,551570.502303,False
3.0,30,551621.688046,True
2.6,30,551670.597481,True
2.8,30,551721.057841,True
0.0,30,551765.254586,False
2.9,30,551810.630134,True
2.0,30,551863.029139,True
2.7,30,551905.963799,True
2.9,30,551952.751649,True
0.0,30,551998.938771,False
0.0,30,552047.436364,False
2.8,30,552094.517348,True
0.0,30,552137.443923,False
2.9,30,552182.316514,True
0.0,30,552226.853992,False
2.8,30,552269.292716,True
2.7,30,552312.248679,True
2.7,30,552364.666131,True
2.4,30,552413.224123,True
0.0,30,552457.709582,False
2.8,30,552505.294913,True
2.1,30,552548.966835,True
2.7,30,552594.082839,True
2.3,30,552638.4807,True
0.0,30,552681.745116,False
2.2,30,552728.262405,True
2.9,30,552776.786047,True
0.0,30,552822.931536,False
0.0,30,552872.169055,False
0.0,30,552920.986177,False
2.6,30,552970.865745,True
0.0,30,553015.687175,False
2.1,30,553060.361856,True
2.9,30,553391.878151,True
0.0,30,553448.926309,False
2.8,30,553492.285779,True
0.5,30,553535.163709,True
2.7,30,553581.869838,True
0.0,30,553627.882024,False
0.0,30,553671.666181,False
0.0,30,553718.134855,False
0.0,30,553764.632313,False
2.6,30,553806.968719,True
2.6,30,553854.311085,True
2.8,30,553896.919184,True
2.6,30,553947.721617,True
2.1,30,553990.983133,True
2.9,30,554037.154254,True
2.9,30,554081.283265,True
2.2,30,554129.87754,True
0.0,30,554173.183367,False
0.0,30,554217.945488,False
2.1,30,554285.32088,True
2.8,30,554328.406377,True
0.0,30,554371.986326,False
1.6,30,554417.872027,True
2.9,30,554462.150761,True
2.8,30,554508.603993,True
2.7,30,554554.731157,True
1.3,30,554604.324834,True
0.0,30,554654.806657,False
0.0,30,554701.398968,False
1.0,30,554748.970869,True
0.0,30,554793.983223,False
2.8,30,554837.901157,True
0.0,30,554880.691492,False
2.8,30,554929.417069,True
1.7,30,555300.776441,True
2.7,30,555343.011887,True
2.8,30,555396.002663,True
2.2,30,555442.172812,True
1.6,30,555498.328618,True
2.9,30,555542.098709,True
0.0,30,555587.020853,False
0.0,30,555637.036289,False
0.0,30,555680.99895,False
0.0,30,555728.059332,False
0.0,30,555776.79528,False
1.8,30,555827.809737,True
0.0,30,555873.076658,False
2.8,30,555918.290002,True
2.6,30,555965.6452,True
2.5,30,556013.978957,True
2.0,30,556059.672225,False
2.5,30,556107.478459,True
2.6,30,556149.409289,True
2.6,30,556194.476278,True
0.0,30,556245.198662,False
0.0,30,556293.61804,False
0.0,30,556336.87353,False
3.0,30,556383.994699,True
0.0,30,556439.359849,False
0.0,30,556482.894681,False
2.9,30,556527.164532,True
2.6,30,556576.311535,True
2.8,30,556620.582354,True
0.0,30,556670.542195,False
0.0,30,556715.009758,False
2.5,30,556757.559129,True
2.7,30,556807.636947,True
0.0,30,556857.595612,False
2.1,30,557206.833917,True
0.0,30,557254.688894,False
0.0,30,557305.748313,False
3.0,30,557360.27881,True
2.0,30,557405.838467,True
0.0,30,557455.094448,False
2.7,30,557505.159923,True
0.0,30,557548.39421,False
2.9,30,557598.783136,True
0.0,30,557645.498905,False
0.0,30,557689.180795,False
0.0,30,557737.197599,False
2.7,30,557782.268639,True
0.0,30,557827.8162,False
2.8,30,557873.859858,True
2.1,30,557921.09638,True
2.5,30,557971.151292,True
2.0,30,558015.090575,True
0.0,30,558065.105655,False
0.0,30,558112.438883,False
2.6,30,558162.481016,True
0.0,30,558214.347987,False
0.0,30,558261.008118,False
0.0,30,558309.026846,False
2.7,30,558352.905512,True
2.5,30,558400.114527,True
0.0,30,558442.831822,False
2.2,30,558492.006127,True
0.0,30,558537.95614,False
3.0,30,558586.824188,True
0.0,30,558629.416072,False
0.0,30,558676.187104,False
2.5,30,558719.229622,True
2.5,30,558765.910777,True
0.0,30,559101.060829,False
2.3,30,559150.214072,True
0.0,30,559196.509033,False
2.7,30,559240.960315,True
2.7,30,559296.454516,True
2.8,30,559338.421493,True
2.6,30,559381.726327,True
0.0,30,559426.590706,False
2.6,30,559471.584889,True
2.9,30,559520.50301,True
0.0,30,559566.696184,False
0.0,30,559613.735773,False
0.0,30,559657.049771,False
2.6,30,559707.193152,True
0.0,30,559752.859868,False
2.8,30,559798.367176,True
2.9,30,559845.271731,True
0.0,30,559894.036591,False
0.0,30,559937.890865,False
2.8,30,559982.750286,True
0.0,30,560028.302872,False
0.0,30,560096.083486,False
0.0,30,560140.518369,False
0.0,30,560185.751669,False
2.9,30,560229.87104,True
2.9,30,560276.942665,True
2.8,30,560325.383061,True
2.5,30,560373.695082,True
2.8,30,560422.804876,True
2.9,30,560471.00599,True
0.0,30,560532.989212,False
2.9,30,560578.439041,True
0.0,30,560631.047369,False
0.0,30,560673.561043,False
0.0,30,560722.357722,False
0.0,30,561072.833124,False
0.0,30,561116.968414,False
2.8,30,561163.876725,True
2.7,30,561209.574647,True
2.1,30,561256.49864,True
2.7,30,561304.800395,True
0.0,30,561352.38576,False
2.5,30,561398.59241,True
0.0,30,561443.482771,False
2.6,30,561489.505847,True
2.8,30,561532.516854,True
1.0,30,561585.463435,False
2.5,30,561632.796504,True
2.9,30,561674.511818,True
2.8,30,561722.493386,True
2.8,30,561769.882151,True
0.0,30,561822.84341,False
0.0,30,561869.528533,False
0.0,30,561916.11728,False
2.5,30,561958.4244,True
2.3,30,562005.391314,True
2.7,30,562052.438168,True
0.0,30,562101.567184,False
0.0,30,562148.411473,False
2.7,30,562192.147659,True
0.0,30,562236.75564,False
2.3,30,562282.244253,True
0.0,30,562346.621528,False
2.8,30,562393.157535,True
2.5,30,562436.310047,True
2.3,30,562485.031742,True
0.0,30,562532.093974,False
2.5,30,562578.997349,True
0.0,30,562624.673114,False
2.9,30,562963.237109,True
0.0,30,563011.598533,False
2.5,30,563057.390327,True
2.3,30,563105.770702,True
2.9,30,563158.002822,True
0.0,30,563205.255955,False
0.0,30,563247.24134,False
2.7,30,563297.180628,True
2.9,30,563343.272899,True
0.0,30,563389.909468,False
0.0,30,563434.149128,False
0.0,30,563479.820271,False
0.0,30,563523.850064,False
2.3,30,563569.649648,True
2.5,30,563618.943792,True
0.0,30,563661.239294,False
2.7,30,563706.321607,True
0.0,30,563750.461155,False
0.0,30,563794.29195,False
2.9,30,563837.389463,True
0.3,30,563883.186488,True
2.6,30,563928.054248,True
0.0,30,563975.997198,False
2.9,30,564025.117557,True
1.8,30,564071.230683,True
0.0,30,564120.152272,False
2.8,30,564163.917323,True
2.7,30,564218.322898,True
2.4,30,564263.080175,True
0.0,30,564310.418525,False
0.0,30,564356.088549,False
2.7,30,564404.868932,True
0.0,30,564455.616194,False
2.7,30,564506.213267,True
2.6,30,564847.573265,True
2.8,30,564889.084336,True
0.0,30,564931.156173,False
0.0,30,564974.140366,False
2.5,30,565023.029777,True
2.6,30,565075.689991,True
0.0,30,565122.625287,False
0.0,30,565168.680849,False
2.9,30,565215.689721,True
2.7,30,565259.846061,True
2.7,30,565306.691132,True
2.8,30,565350.548046,True
2.5,30,565393.344129,True
0.0,30,565437.531771,False
0.0,30,565484.502399,False
2.4,30,565535.652875,True
0.0,30,565580.426283,False
2.5,30,565628.570943,True
0.0,30,565680.672088,False
2.6,30,565727.459893,True
2.6,30,565774.097534,True
2.4,30,565822.029931,True
3.0,30,565863.620111,True
2.2,30,565913.511044,True
0.0,30,565966.58882,False
0.0,30,566009.004445,False
0.0,30,566069.344558,False
0.9,30,566117.389567,True
2.7,30,566162.911663,True
0.0,30,566215.027069,False
2.8,30,566262.096783,True
0.0,30,566303.239439,False
0.0,30,566349.464797,False
0.0,30,566398.340849,False
2.6,30,566768.317462,True
0.0,30,566812.928794,False
0.0,30,566858.210902,False
2.6,30,566901.507912,True
2.2,30,566941.989108,True
2.5,30,566989.771666,True
0.0,30,567036.277059,False
0.0,30,567083.518638,False
2.8,30,567131.420725,True
2.8,30,567177.563794,True
0.0,30,567227.038392,False
2.6,30,567269.422982,True
2.6,30,567319.385927,True
1.3,30,567366.549667,True
0.0,30,567413.928388,False
0.0,30,567463.551513,False
2.5,30,567502.473946,True
0.0,30,567550.544348,False
0.0,30,567602.439692,False
1.9,30,567642.695248,True
0.0,30,567691.862352,False
3.0,30,567742.802585,True
0.0,30,567789.111868,False
0.0,30,567833.419348,False
2.6,30,567876.40703,True
0.0,30,567916.683852,False
0.0,30,567974.167652,False
0.0,30,568018.675691,False
0.0,30,568063.957939,False
2.2,30,568103.506589,True
2.7,30,568152.232546,True
2.7,30,568198.280433,True
0.0,30,568243.153575,False
0.0,30,568287.187866,False
2.7,30,568640.63762,True
0.0,30,568690.027392,False
2.6,30,568737.025917,True
2.8,30,568784.165158,True
2.5,30,568832.255327,True
0.0,30,568881.551445,False
2.8,30,568926.10191,True
0.0,30,568977.147857,False
0.0,30,569022.037459,False
2.4,30,569065.311599,True
0.0,30,569110.22142,False
0.0,30,569155.964848,False
2.8,30,569207.062637,True
0.0,30,569255.671783,False
0.0,30,569304.331341,False
2.5,30,569347.724612,True
0.0,30,569391.823566,False
0.0,30,569436.8955,False
3.0,30,569489.75499,True
0.0,30,569538.310768,False
2.5,30,569585.556543,True
0.0,30,569630.643856,False
2.5,30,569679.272672,True
0.0,30,569725.788228,False
0.0,30,569794.798753,False
2.5,30,569840.395628,True
2.5,30,569881.872133,True
0.0,30,569926.736265,False
2.6,30,569970.815,True
0.0,30,570023.419899,False
2.6,30,570099.348296,True
0.0,30,570143.340356,False
2.9,30,570199.390522,True
2.8,30,570245.649601,True
0.0,30,570593.353941,False
2.5,30,570635.828893,True
0.0,30,570686.126903,False
0.0,30,570738.497893,False
2.6,30,570785.370507,True
2.8,30,570833.768476,True
3.0,30,570881.011852,True
0.0,30,570922.126731,False
0.0,30,570971.517446,False
0.0,30,571013.935585,False
0.0,30,571060.963976,False
0.0,30,571104.981226,False
2.6,30,571155.311218,True
2.6,30,571200.080354,True
0.0,30,571244.658694,False
0.0,30,571288.793782,False
2.4,30,571339.914385,True
0.0,30,571395.535,False
0.0,30,571439.54569,False
2.6,30,571490.673119,True
0.0,30,571542.766094,False
0.0,30,571588.99126,False
2.8,30,571636.824702,True
2.5,30,571690.444199,True
0.0,30,571737.195825,False
3.0,30,571781.996267,True
2.8,30,571827.786425,True
0.0,30,571870.637415,False
0.0,30,571919.08327,False
0.0,30,571969.348078,False
0.0,30,572012.310144,False
2.8,30,572056.935004,True
2.6,30,572103.813437,True
2.8,30,572154.174106,True
2.7,30,572525.669025,True
2.7,30,572572.920319,True
0.0,30,572621.111053,False
2.2,30,572667.511578,True
0.0,30,572718.617142,False
2.7,30,572768.671212,True
2.4,30,572810.31181,True
0.0,30,572854.390097,False
0.0,30,572901.777132,False
2.7,30,572951.902261,True
2.7,30,572999.734337,True
2.9,30,573049.34633,True
2.8,30,573095.322106,True
1.0,30,573147.391893,True
0.0,30,573194.170206,False
0.0,30,573242.465386,False
0.0,30,573296.124524,False
2.9,30,573339.384222,True
2.9,30,573390.451747,True
2.8,30,573442.256116,True
3.0,30,573487.017634,True
2.8,30,573536.371304,True
2.1,30,573587.32261,True
3.0,30,573636.232132,True
2.7,30,573683.300842,True
2.5,30,573728.520854,True
0.6,30,573776.61482,True
3.0,30,573824.103766,True
3.0,30,573876.353552,True
2.8,30,573923.482275,True
2.4,30,573968.21,True
1.2,30,574013.885751,True
2.8,30,574057.943453,True
2.7,30,574110.355069,True
2.7,30,574153.057111,True
0.8,30,574512.856481,True
0.0,30,574556.933562,False
0.0,30,574601.28073,False
0.0,30,574649.543308,False
2.9,30,574698.45703,True
2.5,30,574744.386019,True
0.0,30,574793.837496,False
0.0,30,574840.280779,False
2.8,30,574886.900786,True
0.0,30,574931.730726,False
2.6,30,574981.92842,True
2.7,30,575030.61569,True
0.0,30,575079.893072,False
0.0,30,575126.359986,False
0.0,30,575174.007101,False
0.0,30,575223.417918,False
0.0,30,575268.379457,False
0.0,30,575315.564675,False
0.0,30,575360.192716,False
2.8,30,575405.798546,True
0.0,30,575459.13032,False
2.9,30,575504.149539,True
0.0,30,575574.179731,False
2.8,30,575618.572815,True
0.0,30,575670.430075,False
0.0,30,575712.620704,False
2.9,30,575756.53808,True
2.8,30,575802.736045,True
3.0,30,575847.951709,True
2.8,30,575894.139682,True
0.0,30,575942.055892,False
2.9,30,575985.982481,True
2.0,30,576031.493289,True
2.9,30,576076.447605,True
2.7,30,576411.738962,True
0.0,30,576454.334275,False
2.6,30,576501.909443,True
0.0,30,576560.785409,False
0.0,30,576604.13776,False
0.0,30,576655.203239,False
0.0,30,576701.194555,False
0.0,30,576754.114895,False
2.6,30,576798.112796,True
0.8,30,576848.385887,True
2.6,30,576899.832636,True
2.9,30,576947.838581,True
3.0,30,577004.533706,True
2.6,30,577052.858686,True
0.0,30,577097.924248,False
0.0,30,577146.431118,False
0.0,30,577193.207406,False
1.9,30,577242.904344,True
0.0,30,577288.50551,False
0.0,30,577334.296415,False
0.0,30,577376.256783,False
2.8,30,577419.215331,True
0.0,30,577469.936094,False
2.8,30,577520.014599,True
0.0,30,577569.437197,False
0.0,30,577618.079289,False
0.0,30,577662.708494,False
2.7,30,577706.833425,True
0.0,30,577755.455075,False
0.0,30,577805.708139,False
0.0,30,577852.742212,False
0.0,30,577899.272966,False
0.0,30,577944.691064,False
1.7,30,577993.414825,True
2.8,30,578372.549028,True
0.0,30,578419.136796,False
0.0,30,578466.006558,False
0.0,30,578520.504216,False
0.0,30,578567.396281,False
2.5,30,578615.070311,True
0.0,30,578662.408653,False
2.6,30,578713.221181,True
0.9,30,578762.029846,True
3.0,30,578804.66859,True
2.7,30,578849.496328,True
2.6,30,578899.107761,True
2.6,30,578942.180827,True
3.0,30,578994.10212,True
0.0,30,579047.460351,False
0.0,30,579092.807083,False
2.7,30,579142.042132,True
0.0,30,579189.049005,False
0.0,30,579237.816848,False
0.0,30,579288.784797,False
3.0,30,579333.209712,True
0.0,30,579388.376899,False
2.8,30,579430.287949,True
2.6,30,579473.190578,True
0.0,30,579519.213791,False
0.0,30,579568.229798,False
2.5,30,579613.342193,True
2.6,30,579661.27134,True
2.8,30,579709.044974,True
2.9,30,579764.298928,True
0.0,30,579812.333282,False
3.0,30,579858.037557,True
2.7,30,579905.682678,True
2.3,30,579954.693921,True
2.8,30,580291.796356,True
0.0,30,580347.745948,False
2.7,30,580392.474628,True
2.6,30,580438.313966,True
0.0,30,580482.726722,False
1.2,30,580542.129091,True
2.8,30,580592.49343,True
0.0,30,580663.489576,False
0.0,30,580713.733893,False
2.5,30,580760.646703,True
0.0,30,580806.855392,False
3.0,30,580857.946952,True
2.8,30,580919.635944,True
0.0,30,580968.621225,False
2.7,30,581018.879127,True
3.0,30,581071.267196,True
0.0,30,581121.607035,False
2.8,30,581172.903133,True
2.5,30,581221.542808,True
2.7,30,581271.284379,True
2.6,30,581320.163839,True
0.0,30,581365.492676,False
2.8,30,581416.624522,True
1.2,30,581466.163785,False
0.0,30,581517.303824,False
0.0,30,581562.583519,False
2.2,30,581611.960692,True
2.8,30,581654.436564,True
0.0,30,581705.354292,False
1.4,30,581752.240067,True
2.2,30,581801.115059,True
1.5,30,581854.66268,True
0.0,30,581901.001785,False
3.0,30,581979.006827,True
2.6,30,582340.081092,True
2.7,30,582385.243905,True
0.0,30,582428.331789,False
0.0,30,582480.926874,False
0.0,30,582525.170025,False
0.0,30,582574.151438,False
1.7,30,582622.290205,True
0.0,30,582677.943788,False
2.0,30,582727.373055,True
2.7,30,582780.80325,True
2.6,30,582823.110404,True
0.0,30,582870.367239,False
2.8,30,582925.067683,True
0.0,30,582969.661978,False
0.0,30,583015.280311,False
0.0,30,583064.294597,False
0.0,30,583116.364495,False
0.0,30,583161.074698,False
2.8,30,583209.010172,True
2.6,30,583250.542803,True
0.0,30,583295.073328,False
2.0,30,583345.773119,True
2.3,30,583396.044482,True
0.0,30,583440.18586,False
0.0,30,583482.661421,False
0.0,30,583528.093904,False
0.0,30,583582.354973,False
2.6,30,583632.570835,True
2.8,30,583677.436106,True
2.7,30,583731.39217,True
0.0,30,583779.588133,False
0.0,30,583824.030767,False
2.6,30,583880.82791,True
2.7,30,583927.347995,True
