#{"t_start": 1770256119.7648242, "env_id": "FetchBridgeBullet7Blocks-v1"}
r,l,t,is_success
2.9,30,94.545679,True
2.9,30,156.828325,True
0.0,30,211.700634,False
0.0,30,273.007421,False
0.0,30,324.887078,False
1.2,30,386.478639,True
0.0,30,454.503152,False
0.0,30,499.343521,False
0.0,30,563.297851,False
1.7,30,630.21544,True
2.7,30,688.065154,True
0.0,30,752.947402,False
0.0,30,807.274385,False
0.0,30,863.071702,False
0.0,30,922.577207,False
0.0,30,984.8166,False
0.0,30,1047.579049,False
2.7,30,1108.036347,True
0.0,30,1178.500455,False
2.9,30,1253.627299,True
0.0,30,1325.8435,False
0.0,30,1379.168799,False
0.0,30,1438.717225,False
0.0,30,1500.470519,False
0.0,30,1566.950542,False
0.0,30,1632.332439,False
0.0,30,1694.439212,False
3.0,30,1759.92767,True
0.0,30,1821.449216,False
1.9,30,1889.528832,True
0.0,30,1961.950742,False
1.1,30,2030.038386,True
2.9,30,2095.745659,True
0.0,30,2149.27401,False
3.0,30,2559.721474,True
1.8,30,2616.733904,True
0.0,30,2681.439972,False
0.0,30,2744.238612,False
2.4,30,2801.878865,True
2.8,30,2867.287415,True
1.7,30,2927.257081,True
2.4,30,2988.749218,True
0.0,30,3055.482126,False
1.8,30,3124.746515,True
0.0,30,3189.149338,False
0.0,30,3249.647532,False
2.9,30,3317.539902,True
0.0,30,3373.522007,False
0.0,30,3442.298559,False
0.0,30,3500.820524,False
0.0,30,3566.492665,False
0.0,30,3628.751913,False
0.0,30,3686.599548,False
0.0,30,3743.249267,False
2.8,30,3804.528873,True
0.0,30,3864.124783,False
0.0,30,3926.915152,False
3.0,30,3986.95901,True
0.0,30,4039.698682,False
0.0,30,4091.88641,False
0.0,30,4155.185713,False
0.5,30,4212.451444,True
0.0,30,4277.453088,False
0.0,30,4339.566499,False
3.0,30,4407.766555,True
0.0,30,4464.8679,False
0.0,30,4521.574731,False
0.0,30,4581.008587,False
0.0,30,5061.512054,False
0.0,30,5122.336268,False
0.0,30,5169.955933,False
0.0,30,5222.95542,False
0.0,30,5291.157469,False
0.0,30,5353.967605,False
0.0,30,5414.854629,False
0.0,30,5474.693763,False
0.0,30,5530.10628,False
0.0,30,5580.825871,False
0.0,30,5638.139368,False
1.5,30,5707.408637,True
2.9,30,5761.530729,True
0.0,30,5821.513126,False
0.0,30,5876.030746,False
0.0,30,5933.438244,False
0.0,30,5988.653273,False
1.9,30,6049.745162,True
0.0,30,6103.144578,False
0.0,30,6159.026331,False
0.0,30,6224.736769,False
0.0,30,6286.094924,False
0.0,30,6351.095247,False
0.0,30,6406.02407,False
0.0,30,6461.874784,False
0.0,30,6524.754093,False
0.0,30,6587.825172,False
0.0,30,6643.976937,False
0.0,30,6697.963774,False
0.0,30,6759.369194,False
3.0,30,6832.978269,True
2.9,30,6886.312178,True
0.0,30,6942.099758,False
0.0,30,7007.743921,False
0.0,30,7428.206523,False
0.0,30,7483.599624,False
0.0,30,7545.324953,False
0.0,30,7604.244592,False
3.0,30,7651.635051,True
2.2,30,7696.758652,True
0.0,30,7753.71119,False
0.0,30,7814.49919,False
0.0,30,7862.596904,False
0.0,30,7930.900351,False
0.0,30,7988.787051,False
0.0,30,8049.620779,False
0.0,30,8109.686834,False
0.0,30,8162.673281,False
0.0,30,8224.093815,False
2.9,30,8272.740771,True
0.0,30,8337.35684,False
0.0,30,8392.138592,False
0.0,30,8452.665985,False
0.0,30,8516.263249,False
2.8,30,8573.425895,True
0.0,30,8633.981741,False
0.0,30,8691.489841,False
0.0,30,8745.256339,False
2.8,30,8805.336174,True
0.0,30,8862.544944,False
0.0,30,8923.364908,False
0.0,30,8978.498986,False
3.0,30,9048.743113,True
0.0,30,9102.143269,False
0.0,30,9173.069259,False
2.8,30,9239.242146,True
0.0,30,9285.374976,False
0.0,30,9342.34819,False
2.2,30,9721.721703,True
2.7,30,9782.886497,True
0.0,30,9846.455369,False
2.9,30,9905.904678,True
0.0,30,9968.692592,False
0.0,30,10027.261658,False
0.0,30,10098.968831,False
0.0,30,10154.053877,False
2.2,30,10206.504663,False
2.8,30,10263.861596,True
0.0,30,10325.645908,False
2.7,30,10394.079325,True
0.0,30,10452.971734,False
2.8,30,10522.031311,True
0.0,30,10591.979637,False
0.0,30,10654.470277,False
0.0,30,10721.807175,False
0.0,30,10773.479878,False
0.0,30,10836.674991,False
0.0,30,10895.847759,False
0.0,30,10954.496085,False
0.0,30,11015.442236,False
0.0,30,11077.385588,False
0.0,30,11139.639447,False
0.0,30,11199.062335,False
2.7,30,11260.269199,True
0.0,30,11312.569063,False
0.0,30,11365.887787,False
0.0,30,11422.887002,False
0.0,30,11480.662516,False
0.0,30,11542.601969,False
0.0,30,11605.801522,False
3.0,30,11659.967282,True
0.0,30,11712.803932,False
0.0,30,12127.452926,False
1.7,30,12190.352147,True
0.0,30,12256.161966,False
0.0,30,12304.475674,False
0.0,30,12364.043165,False
2.9,30,12418.581995,True
0.0,30,12490.301208,False
0.0,30,12551.579522,False
0.0,30,12607.805491,False
0.0,30,12669.41783,False
0.0,30,12725.380378,False
0.0,30,12776.089386,False
2.1,30,12835.15352,True
0.7,30,12888.644529,True
0.0,30,12949.347805,False
2.9,30,13011.227695,True
2.9,30,13073.532626,True
0.0,30,13129.579985,False
0.0,30,13179.858787,False
0.0,30,13235.146853,False
0.0,30,13287.465609,False
0.0,30,13351.721376,False
0.0,30,13411.75089,False
0.0,30,13464.414543,False
0.0,30,13528.471227,False
2.6,30,13585.831235,True
0.0,30,13644.75009,False
1.9,30,13699.258914,True
0.0,30,13763.361807,False
0.0,30,13829.238053,False
2.7,30,13887.641557,True
0.0,30,13948.214174,False
0.0,30,14009.35234,False
0.0,30,14062.838525,False
0.0,30,14475.130615,False
1.0,30,14532.088594,True
3.0,30,14596.569017,True
0.0,30,14662.152451,False
2.4,30,14710.071177,True
2.6,30,14761.154819,True
0.0,30,14811.341111,False
2.4,30,14865.831594,True
0.0,30,14924.327424,False
0.0,30,14979.52775,False
0.0,30,15038.427138,False
2.7,30,15074.812478,True
2.2,30,15130.8039,True
0.0,30,15182.098005,False
2.8,30,15237.165154,True
3.0,30,15296.66084,True
0.0,30,15347.502582,False
2.7,30,15401.319091,True
2.7,30,15457.206007,True
0.0,30,15503.812505,False
0.0,30,15555.898957,False
0.0,30,15611.802355,False
0.0,30,15676.93856,False
0.0,30,15734.103428,False
0.0,30,15798.577496,False
0.0,30,15853.400522,False
0.0,30,15910.046395,False
0.0,30,15969.297089,False
0.0,30,16028.634636,False
0.0,30,16076.618673,False
0.0,30,16139.421839,False
2.9,30,16191.777032,True
2.1,30,16255.04545,True
0.0,30,16315.612854,False
0.0,30,16739.294474,False
0.0,30,16794.478272,False
0.0,30,16854.510393,False
3.0,30,16915.878017,True
2.5,30,16969.923672,True
0.0,30,17022.256232,False
2.7,30,17079.85209,True
0.0,30,17138.508695,False
0.0,30,17198.948938,False
0.0,30,17261.204897,False
0.0,30,17322.487661,False
0.0,30,17369.744164,False
0.0,30,17422.259983,False
0.0,30,17474.128314,False
0.0,30,17533.100553,False
0.0,30,17585.974121,False
0.0,30,17657.353623,False
0.0,30,17720.138644,False
1.8,30,17780.371954,True
2.7,30,17838.00581,True
0.0,30,17889.527818,False
0.0,30,17941.52927,False
0.0,30,18002.086387,False
0.0,30,18060.955591,False
0.0,30,18124.009007,False
2.5,30,18189.03135,True
2.9,30,18239.736356,True
0.0,30,18297.820286,False
2.8,30,18356.28655,True
0.0,30,18415.904778,False
2.8,30,18475.239408,True
0.0,30,18537.640233,False
1.4,30,18591.483708,False
0.0,30,18642.109675,False
0.0,30,18709.649385,False
2.3,30,19083.613827,True
2.6,30,19137.531284,True
0.0,30,19198.030193,False
1.8,30,19249.283114,True
2.9,30,19308.498706,True
0.0,30,19363.968705,False
0.0,30,19416.127791,False
0.0,30,19471.480963,False
0.0,30,19526.967787,False
0.0,30,19577.877701,False
2.3,30,19639.238168,True
0.0,30,19703.046329,False
0.0,30,19758.747707,False
0.0,30,19807.584935,False
0.0,30,19876.571194,False
0.0,30,19935.635772,False
0.0,30,19993.232337,False
0.0,30,20044.800956,False
1.8,30,20097.24826,True
0.0,30,20158.515752,False
2.0,30,20212.796043,True
0.0,30,20274.949475,False
0.0,30,20327.104135,False
0.0,30,20384.978923,False
0.0,30,20438.399984,False
3.0,30,20501.617066,True
0.0,30,20555.667671,False
0.0,30,20612.663626,False
0.0,30,20666.996028,False
0.0,30,20721.493375,False
0.0,30,20774.622231,False
0.0,30,20823.193682,False
1.6,30,20878.587625,True
1.4,30,20937.293197,True
0.0,30,21297.923835,False
0.0,30,21355.135788,False
0.0,30,21414.656871,False
0.0,30,21471.653602,False
2.8,30,21532.680563,True
0.0,30,21588.00706,False
0.0,30,21646.051501,False
2.6,30,21706.803062,True
2.8,30,21769.291759,True
0.0,30,21823.39367,False
0.0,30,21880.472396,False
1.9,30,21937.500414,True
0.0,30,21989.867596,False
0.0,30,22047.743245,False
2.7,30,22101.206935,True
0.4,30,22162.557957,True
0.0,30,22216.694501,False
0.0,30,22275.411733,False
2.4,30,22326.189604,True
3.0,30,22391.564915,True
0.0,30,22447.616018,False
0.0,30,22506.97571,False
2.5,30,22562.565056,True
0.0,30,22609.941805,False
0.0,30,22666.160995,False
2.7,30,22728.704884,True
0.0,30,22789.874381,False
2.9,30,22851.834271,True
3.0,30,22908.805094,True
0.0,30,22965.117806,False
2.8,30,23020.352344,True
0.0,30,23080.076512,False
0.0,30,23135.207184,False
0.0,30,23185.234529,False
0.0,30,23599.672048,False
2.8,30,23660.330571,True
2.9,30,23717.383626,True
1.4,30,23776.345114,True
2.9,30,23827.957043,True
0.0,30,23881.542866,False
0.0,30,23940.577167,False
2.8,30,23995.351785,True
0.0,30,24056.215954,False
0.0,30,24107.616753,False
2.8,30,24165.138694,True
1.8,30,24218.046388,True
2.8,30,24270.236206,True
0.0,30,24325.679361,False
0.0,30,24383.712096,False
2.8,30,24433.273747,True
0.0,30,24490.015155,False
0.6,30,24546.710771,True
2.4,30,24602.988355,False
2.7,30,24657.89079,True
0.0,30,24716.415228,False
2.6,30,24783.444802,True
0.0,30,24837.98691,False
2.8,30,24890.392529,True
0.0,30,24956.144736,False
0.0,30,25008.746746,False
1.9,30,25070.148834,True
0.0,30,25124.089746,False
2.4,30,25181.710828,True
2.8,30,25239.7243,True
2.6,30,25296.03566,True
0.0,30,25347.932279,False
2.9,30,25407.656546,True
0.0,30,25463.468683,False
2.9,30,25831.823565,True
2.6,30,25893.012634,True
3.0,30,25948.000385,True
0.0,30,26010.812692,False
1.1,30,26065.141271,True
2.6,30,26119.050622,True
0.0,30,26193.405925,False
2.6,30,26257.308836,True
2.6,30,26306.96648,True
0.0,30,26354.971579,False
0.0,30,26409.55604,False
0.0,30,26493.708282,False
0.0,30,26554.481078,False
0.0,30,26609.586696,False
2.9,30,26659.360181,True
2.5,30,26723.990373,True
2.8,30,26783.821892,True
0.0,30,26845.624289,False
0.0,30,26899.224231,False
0.0,30,26963.091651,False
0.0,30,27025.188774,False
0.0,30,27080.647318,False
0.0,30,27136.807938,False
0.0,30,27193.736675,False
0.0,30,27255.350957,False
2.9,30,27311.423365,True
2.8,30,27368.690725,True
2.8,30,27422.817116,True
0.0,30,27471.836914,False
0.0,30,27550.547515,False
0.0,30,27607.887504,False
0.0,30,27666.999469,False
0.3,30,27716.885803,True
0.0,30,27780.760583,False
0.0,30,28133.577444,False
0.0,30,28184.654663,False
2.7,30,28240.172629,True
0.0,30,28300.443162,False
2.5,30,28388.200584,True
0.0,30,28453.003875,False
0.0,30,28509.901043,False
0.0,30,28577.045963,False
0.0,30,28640.614083,False
0.0,30,28696.77881,False
2.8,30,28752.656434,True
0.0,30,28825.264184,False
0.0,30,28878.49377,False
0.0,30,28935.844087,False
0.0,30,28990.198223,False
2.8,30,29051.231315,True
0.0,30,29110.061491,False
0.0,30,29159.114262,False
0.0,30,29218.451468,False
1.6,30,29285.106316,True
0.0,30,29340.442632,False
1.3,30,29398.899219,True
2.9,30,29465.216773,True
0.0,30,29515.548069,False
0.0,30,29565.928056,False
1.6,30,29621.808264,True
0.0,30,29676.43416,False
2.6,30,29728.120079,True
2.7,30,29788.040774,True
0.0,30,29843.287216,False
2.2,30,29905.423064,True
0.0,30,29964.220946,False
2.8,30,30016.941463,True
2.6,30,30069.742332,True
0.0,30,30424.856769,False
2.6,30,30479.73123,True
0.0,30,30536.47244,False
2.8,30,30598.113154,True
0.0,30,30657.747955,False
0.0,30,30720.13175,False
0.0,30,30774.773514,False
0.0,30,30833.252156,False
0.0,30,30896.258317,False
3.0,30,30958.577033,True
2.7,30,31026.367455,True
2.7,30,31081.574497,True
2.6,30,31139.273765,True
0.0,30,31198.331661,False
0.0,30,31253.559739,False
0.0,30,31321.930988,False
2.7,30,31384.335343,True
0.0,30,31442.59193,False
0.0,30,31500.440151,False
0.0,30,31562.37008,False
0.0,30,31622.619393,False
0.0,30,31685.576389,False
2.8,30,31746.09161,True
0.0,30,31799.770303,False
2.9,30,31868.89822,True
3.0,30,31920.764627,True
0.0,30,31970.648952,False
0.0,30,32028.887331,False
2.3,30,32079.198739,True
2.9,30,32132.252312,True
2.9,30,32192.496433,True
2.8,30,32248.872467,True
0.0,30,32306.787637,False
3.0,30,32365.288955,True
2.7,30,32706.538132,True
0.0,30,32771.73877,False
0.0,30,32828.826356,False
2.6,30,32883.176802,True
3.0,30,32950.707444,True
0.0,30,33013.323168,False
2.2,30,33074.014185,True
2.9,30,33126.288796,True
3.0,30,33185.320193,True
0.0,30,33247.541601,False
0.0,30,33302.300146,False
2.8,30,33354.658758,True
0.0,30,33419.755703,False
3.0,30,33475.790295,True
1.3,30,33537.191652,True
0.0,30,33599.800517,False
0.0,30,33666.466916,False
0.0,30,33725.993422,False
2.6,30,33784.33948,True
0.0,30,33836.45583,False
0.0,30,33892.392292,False
2.9,30,33955.005344,True
0.0,30,34008.211709,False
2.9,30,34063.782354,True
2.5,30,34119.36652,True
1.1,30,34174.058169,True
2.8,30,34240.125137,True
2.5,30,34300.045392,True
0.0,30,34358.657183,False
1.5,30,34415.022309,True
1.7,30,34478.342902,True
2.8,30,34541.465996,True
2.4,30,34595.865411,True
0.0,30,34651.563133,False
2.3,30,34713.742614,True
0.0,30,35086.617019,False
2.8,30,35157.196809,True
2.5,30,35212.135551,True
0.0,30,35268.423508,False
0.0,30,35330.102398,False
2.5,30,35382.812948,True
2.2,30,35448.360433,True
0.0,30,35507.183164,False
2.7,30,35562.966651,True
0.0,30,35630.256692,False
0.0,30,35695.701171,False
0.0,30,35746.047325,False
0.0,30,35805.655245,False
0.0,30,35860.513558,False
0.0,30,35918.790411,False
0.0,30,35974.325355,False
0.0,30,36030.758594,False
0.0,30,36091.771063,False
2.9,30,36155.031678,True
0.0,30,36209.352057,False
0.0,30,36271.328537,False
0.0,30,36327.733356,False
0.0,30,36396.086562,False
0.0,30,36456.072527,False
0.0,30,36512.268111,False
0.5,30,36575.089947,False
0.0,30,36638.043889,False
2.7,30,36703.897138,True
2.4,30,36758.901741,True
3.0,30,36815.600918,True
2.3,30,36871.915912,True
3.0,30,36932.207121,True
2.3,30,37000.665434,True
3.0,30,37058.14345,True
0.0,30,37435.409389,False
2.8,30,37495.128818,True
3.0,30,37561.830492,True
0.0,30,37621.853624,False
2.6,30,37674.132294,True
0.0,30,37732.714859,False
0.0,30,37795.695797,False
0.0,30,37845.312759,False
0.0,30,37898.200524,False
2.4,30,37961.015659,True
0.0,30,38020.249739,False
2.8,30,38081.465698,True
2.8,30,38140.071282,True
2.9,30,38207.054052,True
0.0,30,38264.376183,False
2.6,30,38320.402656,True
0.0,30,38390.31756,False
0.0,30,38448.488278,False
0.0,30,38510.689251,False
0.0,30,38570.915876,False
3.0,30,38630.039984,True
2.6,30,38686.465316,True
3.0,30,38746.230108,True
1.8,30,38805.103877,True
2.7,30,38881.398483,True
0.0,30,38942.627171,False
2.9,30,39006.664873,True
3.0,30,39081.134851,True
0.0,30,39152.480123,False
0.0,30,39215.695333,False
0.0,30,39276.774558,False
2.5,30,39339.581742,True
2.8,30,39404.400745,True
0.0,30,39462.102528,False
0.0,30,39866.757786,False
0.0,30,39930.038606,False
0.0,30,39991.792765,False
2.4,30,40048.042112,True
0.0,30,40106.355942,False
2.8,30,40175.02969,True
3.0,30,40235.417717,True
2.9,30,40297.499342,True
2.8,30,40357.650373,True
0.0,30,40417.96081,False
0.0,30,40486.680876,False
0.0,30,40546.104982,False
0.0,30,40607.829383,False
0.0,30,40673.472477,False
0.0,30,40730.787062,False
0.0,30,40790.373842,False
0.0,30,40845.673561,False
0.0,30,40925.723383,False
0.0,30,40983.032359,False
0.0,30,41044.681475,False
2.8,30,41106.419574,True
0.0,30,41165.318342,False
2.3,30,41223.083885,True
2.8,30,41283.57027,True
0.0,30,41344.798575,False
2.7,30,41401.10306,True
0.0,30,41464.667806,False
3.0,30,41512.962555,True
0.0,30,41565.485695,False
0.0,30,41625.131773,False
2.9,30,41686.024412,True
0.0,30,41744.137086,False
2.9,30,41807.836612,True
0.0,30,41872.299428,False
0.0,30,42285.834774,False
2.8,30,42352.015379,True
3.0,30,42413.979474,True
2.7,30,42476.350673,True
2.7,30,42537.167679,True
1.8,30,42608.297625,True
0.0,30,42676.856531,False
0.0,30,42743.826443,False
0.0,30,42801.923514,False
0.0,30,42861.553116,False
2.4,30,42939.832645,True
2.0,30,43007.423898,True
2.8,30,43069.494725,True
0.0,30,43136.006343,False
2.8,30,43193.976206,True
0.0,30,43251.227406,False
0.0,30,43311.261532,False
2.8,30,43380.948904,True
0.0,30,43428.894935,False
0.0,30,43485.659894,False
0.0,30,43548.932209,False
0.0,30,43606.897997,False
0.0,30,43667.705945,False
2.7,30,43723.399453,True
0.0,30,43779.601883,False
3.0,30,43842.967899,True
0.0,30,43899.178214,False
0.0,30,43962.469087,False
0.0,30,44031.186089,False
3.0,30,44095.521951,True
0.0,30,44161.402059,False
0.0,30,44214.629176,False
0.8,30,44262.69651,True
3.0,30,44312.286143,True
2.9,30,44639.226844,True
2.8,30,44680.689393,True
0.0,30,44726.303333,False
2.8,30,44793.746559,True
0.0,30,44843.502613,False
0.0,30,44895.62458,False
0.0,30,44942.155546,False
3.0,30,44988.588227,True
0.0,30,45028.756633,False
0.0,30,45069.310942,False
0.0,30,45116.800044,False
0.1,30,45162.407613,False
0.0,30,45208.105694,False
0.0,30,45251.262422,False
2.8,30,45300.397264,True
0.0,30,45336.309409,False
0.0,30,45379.025829,False
2.9,30,45422.997404,True
0.0,30,45470.286242,False
2.7,30,45509.901882,True
0.0,30,45558.151614,False
0.0,30,45600.836913,False
0.0,30,45641.944603,False
3.0,30,45682.756047,True
2.9,30,45727.761429,True
2.7,30,45775.363318,True
1.7,30,45825.340754,True
2.8,30,45872.03098,True
1.7,30,45924.668452,True
2.5,30,45970.561905,True
0.0,30,46016.14081,False
2.7,30,46064.190044,True
2.8,30,46106.125677,True
2.8,30,46149.118859,True
0.0,30,46489.553766,False
3.0,30,46532.37976,True
3.0,30,46574.111743,True
0.0,30,46623.94787,False
2.6,30,46672.738055,True
0.0,30,46723.103846,False
0.0,30,46762.272888,False
2.6,30,46807.792665,True
2.8,30,46857.88889,True
0.0,30,46905.807663,False
0.0,30,46952.50982,False
2.5,30,47002.285615,True
0.0,30,47065.086094,False
0.0,30,47116.815573,False
2.4,30,47160.405243,True
2.8,30,47204.725296,True
2.8,30,47251.869503,True
2.7,30,47298.239778,True
0.0,30,47344.335034,False
2.5,30,47394.933828,True
0.0,30,47445.703663,False
0.0,30,47488.995089,False
3.0,30,47541.111823,True
2.9,30,47592.149582,True
0.0,30,47639.711957,False
2.8,30,47689.912969,True
0.0,30,47749.243399,False
2.7,30,47799.574685,True
0.0,30,47841.502726,False
2.7,30,47890.464307,True
0.0,30,47941.335438,False
0.0,30,47989.051212,False
0.0,30,48035.342403,False
2.7,30,48083.072581,True
2.6,30,48374.676645,True
0.0,30,48427.769775,False
0.0,30,48470.758334,False
0.0,30,48518.869288,False
1.4,30,48566.177764,True
0.0,30,48608.687631,False
0.0,30,48663.294275,False
2.8,30,48702.518189,True
2.9,30,48751.545626,True
0.0,30,48799.617396,False
0.0,30,48855.637028,False
1.2,30,48902.425918,True
2.8,30,48952.679033,True
0.0,30,49011.197861,False
2.0,30,49054.245163,True
2.7,30,49102.824775,True
2.6,30,49143.244462,True
0.0,30,49186.277693,False
2.0,30,49227.371645,True
2.4,30,49282.678728,True
0.0,30,49328.975293,False
0.0,30,49370.66861,False
0.0,30,49450.600664,False
1.9,30,49500.532647,True
2.4,30,49544.087834,True
0.0,30,49589.203412,False
0.0,30,49636.396328,False
2.9,30,49684.205341,True
0.0,30,49736.813511,False
2.8,30,49791.846802,True
3.0,30,49840.721354,True
0.0,30,49890.304181,False
0.0,30,49941.687052,False
2.7,30,49988.916467,True
0.0,30,50312.548814,False
1.4,30,50360.941898,True
1.9,30,50404.811638,True
1.3,30,50452.567207,True
3.0,30,50498.212891,True
0.0,30,50549.257246,False
0.0,30,50603.620648,False
0.0,30,50657.161807,False
0.0,30,50701.479429,False
2.9,30,50741.954817,True
0.0,30,50792.741138,False
2.7,30,50840.58172,True
1.6,30,50886.437726,True
0.0,30,50929.716776,False
0.0,30,50977.547745,False
0.0,30,51028.626952,False
2.7,30,51076.260417,True
2.9,30,51122.24837,True
0.0,30,51171.881566,False
0.0,30,51217.272449,False
2.7,30,51260.426775,True
2.6,30,51309.186288,True
2.0,30,51356.811278,True
0.0,30,51400.324285,False
0.0,30,51441.089802,False
0.0,30,51488.66757,False
2.5,30,51532.597123,True
2.7,30,51575.08086,True
0.0,30,51618.02912,False
2.6,30,51659.194411,True
0.0,30,51706.336455,False
0.0,30,51752.259182,False
0.0,30,51803.061677,False
2.3,30,51850.575119,True
0.0,30,51898.175637,False
0.0,30,52197.62187,False
0.0,30,52240.089405,False
2.7,30,52285.149938,True
2.4,30,52333.083468,True
0.0,30,52381.453418,False
0.0,30,52419.832325,False
2.7,30,52470.036791,True
0.0,30,52530.259362,False
0.0,30,52575.761436,False
0.0,30,52621.945853,False
2.7,30,52666.698768,True
0.0,30,52711.10151,False
0.0,30,52757.982064,False
2.9,30,52805.855141,True
2.4,30,52849.302183,True
2.3,30,52893.113963,True
0.0,30,52940.459974,False
0.0,30,52989.042001,False
0.0,30,53040.077991,False
2.8,30,53081.413758,True
1.8,30,53120.134899,True
0.0,30,53166.221487,False
2.6,30,53211.011348,True
2.4,30,53261.522399,True
2.5,30,53309.022686,True
0.0,30,53356.590893,False
2.9,30,53403.684679,True
2.8,30,53448.372536,True
0.0,30,53491.261729,False
0.0,30,53531.917629,False
0.0,30,53580.175416,False
2.6,30,53624.760407,True
0.0,30,53667.049354,False
0.0,30,53711.225791,False
0.0,30,54040.574202,False
2.7,30,54094.37237,True
0.0,30,54139.156302,False
2.6,30,54181.451206,True
0.0,30,54229.2155,False
0.0,30,54277.105394,False
2.8,30,54323.195149,True
2.2,30,54365.388101,True
2.8,30,54410.915577,True
0.1,30,54458.225013,False
0.0,30,54503.081755,False
0.0,30,54547.602377,False
1.0,30,54593.558561,True
0.0,30,54641.50282,False
0.7,30,54689.018821,True
3.0,30,54737.509832,True
0.0,30,54779.155457,False
2.6,30,54829.136687,True
2.5,30,54878.857659,True
0.0,30,54924.591297,False
0.0,30,54974.645172,False
0.0,30,55023.943555,False
0.0,30,55074.640548,False
0.0,30,55119.066993,False
0.0,30,55175.535303,False
0.0,30,55221.366096,False
0.1,30,55272.872502,False
0.0,30,55321.156259,False
2.4,30,55362.951707,True
3.0,30,55409.847965,True
0.0,30,55456.679391,False
0.0,30,55511.279322,False
0.0,30,55555.527731,False
0.0,30,55603.449427,False
0.0,30,55917.728417,False
0.0,30,55966.809988,False
0.0,30,56016.922144,False
0.0,30,56060.682268,False
3.0,30,56109.41986,True
2.9,30,56155.618652,True
2.3,30,56197.372056,True
2.5,30,56243.987924,True
2.8,30,56292.973161,True
0.0,30,56336.771541,False
2.5,30,56386.811471,True
0.0,30,56430.443237,False
0.0,30,56477.863267,False
0.0,30,56519.896074,False
2.3,30,56571.454601,True
1.9,30,56610.869834,True
2.4,30,56658.117136,True
0.0,30,56706.368696,False
0.0,30,56755.369735,False
0.0,30,56800.1664,False
2.6,30,56844.834924,True
0.0,30,56897.127588,False
0.0,30,56937.65826,False
0.0,30,56985.887447,False
0.0,30,57034.852146,False
0.0,30,57079.987095,False
0.0,30,57122.077341,False
0.0,30,57163.821547,False
0.0,30,57207.162546,False
0.0,30,57254.116274,False
0.0,30,57302.104489,False
2.7,30,57348.798468,True
0.0,30,57394.603352,False
3.0,30,57452.788455,True
0.0,30,57741.752693,False
1.0,30,57785.768622,True
2.9,30,57836.583272,True
2.5,30,57879.473319,True
2.8,30,57927.809608,True
2.6,30,57974.250885,True
2.6,30,58026.208983,True
2.8,30,58079.129759,True
1.8,30,58130.596413,True
3.0,30,58188.288052,True
2.5,30,58251.708033,True
0.8,30,58300.282521,False
2.8,30,58342.367977,True
0.0,30,58383.722045,False
2.8,30,58448.691938,True
0.0,30,58495.050719,False
0.0,30,58544.856566,False
0.0,30,58590.171167,False
0.0,30,58633.868539,False
2.8,30,58674.436491,True
3.0,30,58731.860966,True
0.0,30,58778.087476,False
2.8,30,58819.79052,True
0.0,30,58866.848612,False
0.0,30,58912.943674,False
0.0,30,58963.083652,False
0.0,30,59007.060045,False
0.0,30,59056.256638,False
2.9,30,59098.403391,True
0.0,30,59139.512121,False
0.0,30,59182.172416,False
0.0,30,59224.121523,False
2.8,30,59268.100608,True
0.0,30,59318.448061,False
0.0,30,59598.189637,False
0.0,30,59643.738771,False
3.0,30,59691.060275,True
0.0,30,59741.981663,False
0.0,30,59784.110356,False
0.0,30,59820.419659,False
2.0,30,59863.74223,True
2.4,30,59907.084543,True
0.0,30,59951.832231,False
0.0,30,60000.027499,False
2.3,30,60056.558112,True
0.0,30,60104.334323,False
0.0,30,60148.988058,False
2.9,30,60195.047817,True
0.0,30,60238.259609,False
0.0,30,60293.130706,False
0.0,30,60336.678238,False
2.4,30,60394.140786,True
3.0,30,60444.050518,True
2.2,30,60495.540161,True
0.0,30,60541.404029,False
3.0,30,60589.770724,True
2.9,30,60641.779248,True
2.9,30,60690.881582,True
2.7,30,60738.467886,True
0.0,30,60790.064441,False
2.8,30,60836.130405,True
2.6,30,60883.259152,True
0.0,30,60927.590305,False
3.0,30,60975.094375,True
2.3,30,61016.309656,True
0.0,30,61064.338047,False
0.0,30,61110.254829,False
0.0,30,61169.842602,False
0.0,30,61472.407779,False
0.0,30,61514.350557,False
0.0,30,61564.741532,False
2.0,30,61606.265046,True
0.0,30,61648.452559,False
2.7,30,61686.7876,True
2.6,30,61729.018514,True
2.9,30,61768.99113,True
2.3,30,61815.64831,True
0.0,30,61858.461138,False
0.0,30,61904.095748,False
0.0,30,61946.724924,False
2.4,30,61996.210989,True
0.0,30,62050.291971,False
2.3,30,62097.173779,True
0.0,30,62144.948718,False
0.0,30,62195.755359,False
0.0,30,62245.92685,False
0.0,30,62295.739445,False
2.6,30,62359.991701,True
0.0,30,62408.301769,False
0.0,30,62454.951781,False
0.0,30,62503.847336,False
0.0,30,62549.996757,False
0.0,30,62614.053019,False
2.7,30,62664.356714,True
2.3,30,62709.357587,True
1.6,30,62755.146526,True
0.0,30,62799.609719,False
2.8,30,62847.561334,True
1.9,30,62896.723288,True
2.9,30,62943.437953,True
2.0,30,62990.779782,True
0.0,30,63043.682304,False
0.0,30,63367.972154,False
0.0,30,63417.607638,False
2.7,30,63472.37999,True
2.3,30,63516.011509,True
0.0,30,63561.664119,False
2.0,30,63605.60324,True
2.7,30,63657.767173,True
2.8,30,63704.408664,True
2.6,30,63750.050797,True
0.0,30,63798.775974,False
0.0,30,63841.998665,False
0.0,30,63888.199083,False
2.7,30,63936.490796,True
0.0,30,63982.257837,False
2.5,30,64027.413196,True
2.5,30,64085.716683,True
2.3,30,64134.581196,True
2.0,30,64181.581628,True
2.7,30,64226.66782,True
2.8,30,64268.654566,True
0.0,30,64310.713816,False
0.0,30,64361.405542,False
0.0,30,64406.406062,False
2.7,30,64459.18334,True
0.0,30,64509.405293,False
0.0,30,64554.880225,False
0.0,30,64604.19667,False
2.5,30,64652.452152,True
0.0,30,64695.712731,False
0.0,30,64758.262663,False
2.0,30,64810.01473,True
2.8,30,64849.656137,True
3.0,30,64897.172429,True
0.0,30,64948.890361,False
0.0,30,65002.832396,False
3.0,30,65301.707747,True
0.0,30,65346.188846,False
0.0,30,65391.658502,False
0.0,30,65440.476274,False
0.0,30,65488.964684,False
2.2,30,65532.281524,True
2.9,30,65582.482903,True
2.8,30,65629.911495,True
2.7,30,65675.395484,True
2.7,30,65722.928048,True
0.0,30,65767.488855,False
3.0,30,65813.602041,True
0.3,30,65868.303088,False
2.4,30,65917.758106,True
2.7,30,65967.960482,True
2.9,30,66021.944551,True
2.7,30,66066.169227,True
0.0,30,66108.888632,False
0.0,30,66157.159975,False
2.7,30,66195.978982,True
0.0,30,66245.349514,False
0.0,30,66322.076735,False
2.6,30,66406.28221,True
2.9,30,66460.623934,True
2.8,30,66522.337278,True
3.0,30,66570.70571,True
0.0,30,66613.498591,False
0.0,30,66658.615569,False
2.3,30,66707.065701,True
1.7,30,66764.56009,True
0.0,30,66810.423408,False
2.2,30,66861.48366,True
2.6,30,66912.853008,True
0.0,30,66957.594134,False
0.0,30,67252.364009,False
2.7,30,67300.95286,True
1.5,30,67349.5614,True
0.0,30,67396.601811,False
0.0,30,67440.005287,False
0.0,30,67497.406147,False
0.0,30,67539.577067,False
2.6,30,67585.975899,True
0.0,30,67630.603969,False
2.8,30,67675.631786,True
2.3,30,67721.742317,True
0.0,30,67768.044869,False
0.0,30,67818.33817,False
2.1,30,67863.598886,True
2.6,30,67922.354065,True
1.2,30,67968.194317,True
0.0,30,68017.435617,False
0.0,30,68065.177658,False
0.0,30,68110.203314,False
0.0,30,68153.365525,False
0.0,30,68204.812829,False
2.7,30,68251.077975,True
1.9,30,68295.108702,True
2.8,30,68346.657765,False
2.3,30,68394.938107,True
2.8,30,68439.759136,True
0.0,30,68482.735843,False
1.7,30,68523.651305,True
2.8,30,68564.13309,True
0.0,30,68612.192748,False
0.0,30,68660.586991,False
2.9,30,68706.875613,True
2.1,30,68753.525846,True
0.0,30,68800.543478,False
0.0,30,69128.225616,False
0.0,30,69177.247208,False
0.0,30,69222.708386,False
3.0,30,69269.628243,True
2.8,30,69317.73185,True
0.0,30,69363.275836,False
0.0,30,69411.3508,False
0.0,30,69461.902087,False
2.0,30,69508.646323,True
0.0,30,69551.626167,False
2.0,30,69602.588127,True
1.8,30,69649.40069,True
0.0,30,69695.400375,False
0.0,30,69746.099225,False
2.4,30,69797.821887,True
2.3,30,69841.167572,True
2.1,30,69887.13326,True
0.0,30,69936.459718,False
2.0,30,69981.080554,True
2.7,30,70030.047528,True
0.0,30,70084.348013,False
0.0,30,70129.409796,False
0.0,30,70171.933332,False
0.0,30,70220.636622,False
0.0,30,70269.017419,False
0.0,30,70314.527967,False
0.0,30,70364.822055,False
0.0,30,70419.802226,False
0.0,30,70472.97777,False
2.9,30,70523.272725,True
2.4,30,70567.89894,True
0.0,30,70614.649731,False
0.0,30,70659.020009,False
0.0,30,70712.128456,False
0.0,30,71026.08089,False
1.7,30,71070.111386,True
2.9,30,71124.484965,True
0.0,30,71167.337681,False
0.0,30,71214.366726,False
0.0,30,71267.802974,False
2.7,30,71315.835919,True
2.8,30,71362.506834,True
0.0,30,71408.124552,False
0.0,30,71457.661295,False
0.0,30,71510.146426,False
0.0,30,71552.910314,False
2.1,30,71599.122699,True
2.4,30,71644.655936,True
2.5,30,71697.344489,True
2.1,30,71743.050074,True
0.0,30,71784.307166,False
0.0,30,71831.609228,False
0.0,30,71875.108266,False
2.3,30,71925.116476,True
0.0,30,71972.508459,False
2.8,30,72019.75018,True
2.4,30,72076.47015,True
2.8,30,72126.083856,True
2.8,30,72174.219745,True
0.0,30,72223.457857,False
0.0,30,72291.386276,False
3.0,30,72342.50921,True
2.9,30,72385.22561,True
2.3,30,72436.291143,True
2.8,30,72484.110862,True
0.0,30,72533.063741,False
2.2,30,72584.206523,True
0.0,30,72630.078511,False
2.7,30,72968.006629,True
2.2,30,73016.967733,True
0.0,30,73076.869428,False
0.0,30,73123.269543,False
0.0,30,73170.196959,False
0.0,30,73220.105332,False
2.6,30,73267.98329,True
0.0,30,73318.649169,False
3.0,30,73368.198278,True
0.0,30,73413.029646,False
0.0,30,73460.241844,False
0.0,30,73522.761482,False
2.5,30,73569.460959,True
0.0,30,73626.235223,False
2.8,30,73677.821251,True
0.0,30,73727.906649,False
0.0,30,73776.161017,False
0.0,30,73820.067677,False
2.7,30,73868.379766,True
0.0,30,73917.507371,False
0.0,30,73965.30789,False
0.0,30,74008.899844,False
0.0,30,74067.026951,False
2.7,30,74106.936939,True
2.7,30,74151.751441,True
2.7,30,74200.050155,True
0.0,30,74245.731959,False
2.8,30,74290.276035,True
0.5,30,74337.492513,True
0.0,30,74386.055228,False
0.0,30,74430.222417,False
0.0,30,74479.733301,False
0.0,30,74527.652187,False
3.0,30,74594.51032,True
2.7,30,74922.376983,True
0.0,30,74973.650151,False
0.0,30,75023.792006,False
3.0,30,75073.100454,True
0.5,30,75121.677807,True
2.4,30,75169.410184,True
2.3,30,75212.405916,True
2.8,30,75288.843759,True
3.0,30,75337.023995,True
2.9,30,75382.280077,True
0.0,30,75428.822767,False
2.8,30,75480.090409,True
2.1,30,75529.862944,True
1.5,30,75572.1235,True
0.1,30,75618.858489,False
0.0,30,75662.189952,False
0.0,30,75715.075165,False
0.0,30,75762.052492,False
0.0,30,75816.190866,False
3.0,30,75862.552593,True
2.6,30,75912.064087,True
2.7,30,75959.769336,True
2.8,30,76006.852118,True
0.0,30,76058.455028,False
0.0,30,76105.504444,False
3.0,30,76154.096081,True
0.0,30,76200.208386,False
0.0,30,76243.856698,False
2.8,30,76289.691453,True
0.0,30,76336.29012,False
0.0,30,76387.465664,False
0.0,30,76431.031951,False
2.7,30,76476.697033,True
0.3,30,76526.84719,False
0.0,30,76881.294228,False
1.4,30,76932.552212,True
0.0,30,76984.811801,False
2.5,30,77030.844411,True
0.0,30,77080.507944,False
2.2,30,77128.633974,True
2.7,30,77178.280202,True
0.0,30,77222.63378,False
0.0,30,77270.18734,False
0.0,30,77319.792361,False
0.0,30,77375.483974,False
0.0,30,77430.060309,False
2.8,30,77477.671276,True
0.0,30,77527.912992,False
2.6,30,77578.270591,True
2.7,30,77630.119238,True
0.0,30,77677.182286,False
0.0,30,77721.192058,False
2.5,30,77767.514344,True
2.8,30,77811.837703,True
0.0,30,77860.502628,False
0.0,30,77903.087827,False
2.4,30,77964.401015,True
2.7,30,78015.507388,True
2.0,30,78067.29311,True
2.2,30,78113.539504,True
2.7,30,78160.357591,True
0.0,30,78213.104399,False
0.0,30,78262.263063,False
0.0,30,78311.449458,False
0.0,30,78361.372102,False
0.0,30,78419.188405,False
2.5,30,78471.713136,True
1.9,30,78509.525513,False
0.0,30,78841.355775,False
0.0,30,78887.369891,False
2.8,30,78932.709483,True
3.0,30,78974.587646,True
0.0,30,79019.837074,False
0.0,30,79065.639396,False
0.0,30,79110.946084,False
2.9,30,79163.617764,True
2.9,30,79210.239349,True
2.8,30,79272.828232,True
0.0,30,79322.245704,False
2.8,30,79368.435742,True
2.4,30,79409.834374,True
0.0,30,79456.564196,False
2.6,30,79511.685683,True
2.8,30,79566.27523,True
0.0,30,79615.342368,False
0.0,30,79660.445892,False
0.0,30,79703.295182,False
0.0,30,79750.088068,False
0.0,30,79798.866363,False
2.4,30,79845.191612,True
2.9,30,79891.123216,True
2.5,30,79937.969825,True
2.9,30,79984.902367,True
0.0,30,80026.590781,False
0.0,30,80079.215114,False
0.0,30,80120.593873,False
2.4,30,80179.960744,True
3.0,30,80229.105743,True
2.6,30,80275.48669,True
2.5,30,80323.723931,True
3.0,30,80366.872789,True
0.0,30,80410.076017,False
0.0,30,80456.581263,False
0.0,30,80802.413003,False
0.0,30,80844.829618,False
2.8,30,80893.445602,True
0.0,30,80948.032072,False
0.0,30,80999.629489,False
0.0,30,81042.29021,False
0.0,30,81089.031544,False
2.3,30,81135.001396,True
0.0,30,81185.928615,False
2.3,30,81230.356913,True
2.3,30,81277.778153,True
0.0,30,81322.361212,False
0.0,30,81371.643851,False
0.0,30,81414.130848,False
1.8,30,81465.254985,True
3.0,30,81515.667013,True
0.0,30,81564.746172,False
2.7,30,81613.32928,True
0.0,30,81652.843287,False
0.0,30,81699.993124,False
0.0,30,81750.094392,False
1.8,30,81800.359263,True
2.5,30,81846.035519,True
2.4,30,81893.598029,True
2.5,30,81935.502167,True
2.7,30,81979.94988,True
2.6,30,82026.51133,True
2.5,30,82075.954533,True
0.0,30,82123.25261,False
0.0,30,82170.902698,False
2.8,30,82211.770741,True
0.0,30,82266.837407,False
1.3,30,82313.502627,False
3.0,30,82359.170032,True
0.0,30,82685.586683,False
0.0,30,82734.168677,False
0.8,30,82780.99749,True
0.0,30,82826.733273,False
2.3,30,82878.029438,True
3.0,30,82929.710698,True
3.0,30,82970.058257,True
0.0,30,83011.265711,False
0.0,30,83053.772348,False
2.4,30,83105.549228,True
0.0,30,83154.984915,False
2.7,30,83199.436475,True
2.6,30,83242.934996,True
0.0,30,83289.688401,False
0.0,30,83338.395715,False
2.8,30,83379.651402,True
0.0,30,83424.879817,False
0.0,30,83471.822134,False
1.5,30,83525.457618,True
3.0,30,83575.624125,True
2.8,30,83626.306053,True
0.0,30,83673.854493,False
0.0,30,83723.036086,False
0.0,30,83770.069562,False
0.0,30,83815.704994,False
2.9,30,83864.349312,True
3.0,30,83912.925758,True
2.3,30,83960.800654,True
2.6,30,84005.738231,True
2.9,30,84052.021805,True
0.8,30,84099.502126,True
2.7,30,84143.978566,True
2.6,30,84193.770723,True
0.0,30,84242.343578,False
2.5,30,84558.421373,True
2.8,30,84600.754034,True
0.0,30,84646.233302,False
0.0,30,84706.047425,False
2.3,30,84751.940614,True
0.0,30,84799.856302,False
0.0,30,84842.621153,False
0.0,30,84900.097954,False
2.7,30,84951.252791,True
3.0,30,85000.372721,True
0.0,30,85057.822998,False
1.9,30,85105.510657,True
2.6,30,85151.577106,True
0.0,30,85199.310555,False
0.0,30,85242.316178,False
0.0,30,85287.421802,False
2.2,30,85333.186222,True
3.0,30,85380.050188,True
0.0,30,85439.64153,False
2.7,30,85486.443729,True
0.0,30,85531.503101,False
0.0,30,85576.736427,False
2.6,30,85625.384583,True
2.7,30,85680.832548,True
0.0,30,85724.597587,False
0.0,30,85767.592605,False
3.0,30,85812.338914,True
2.5,30,85858.238779,True
0.0,30,85901.597521,False
0.0,30,85947.039265,False
0.0,30,85992.590458,False
2.8,30,86040.18327,True
2.9,30,86084.802068,True
2.9,30,86131.270995,True
1.8,30,86488.206888,True
0.0,30,86532.57248,False
0.0,30,86580.525812,False
0.0,30,86635.019444,False
2.3,30,86690.23709,True
0.0,30,86738.472131,False
0.0,30,86790.412757,False
2.2,30,86837.4691,True
0.0,30,86890.384984,False
2.7,30,86939.980884,True
2.6,30,86985.548083,True
1.6,30,87034.935226,False
0.0,30,87080.438672,False
0.0,30,87125.336737,False
0.0,30,87174.145193,False
2.4,30,87225.997755,True
0.0,30,87281.359719,False
2.8,30,87324.331844,True
0.0,30,87370.121615,False
0.0,30,87414.395771,False
0.0,30,87458.944442,False
0.0,30,87501.194714,False
0.0,30,87554.775059,False
0.0,30,87599.015618,False
2.0,30,87642.747358,True
0.0,30,87697.876947,False
0.0,30,87752.424712,False
0.0,30,87802.101422,False
2.1,30,87848.806142,True
0.0,30,87894.333321,False
2.7,30,87941.192593,True
2.5,30,87989.945629,True
0.0,30,88037.620511,False
2.9,30,88082.728682,True
2.9,30,88371.914837,True
2.5,30,88417.074558,True
0.0,30,88460.494395,False
0.0,30,88505.089641,False
0.0,30,88546.756138,False
2.9,30,88591.013426,True
1.3,30,88639.565979,True
0.0,30,88695.896971,False
2.6,30,88743.947024,True
0.0,30,88791.372858,False
0.0,30,88837.827928,False
0.0,30,88894.866577,False
0.0,30,88938.153022,False
2.8,30,88988.995368,True
0.0,30,89039.251965,False
1.4,30,89101.478799,True
2.8,30,89152.448618,True
2.4,30,89191.823227,True
2.8,30,89240.785381,True
0.0,30,89297.495448,False
0.0,30,89348.909959,False
2.9,30,89404.937131,True
0.0,30,89457.59943,False
2.7,30,89504.596649,True
1.4,30,89551.267842,True
1.8,30,89600.262831,True
0.0,30,89645.695451,False
2.8,30,89689.407379,True
0.0,30,89736.128345,False
0.2,30,89788.629565,False
2.4,30,89838.091908,True
0.0,30,89882.972047,False
2.5,30,89934.041963,True
2.4,30,89977.372,True
0.0,30,90293.229848,False
2.6,30,90339.523675,True
2.9,30,90381.182564,True
3.0,30,90423.873904,True
0.0,30,90474.020404,False
2.7,30,90522.890717,True
0.0,30,90567.880083,False
2.8,30,90613.082424,True
2.0,30,90662.008205,True
0.0,30,90709.472596,False
0.0,30,90759.493818,False
1.8,30,90811.364605,True
0.0,30,90862.170228,False
2.8,30,90907.126311,True
2.9,30,90951.014366,True
2.0,30,90999.932914,True
0.0,30,91045.89347,False
2.6,30,91098.970488,True
2.8,30,91140.689808,True
2.9,30,91184.489841,True
0.0,30,91235.046554,False
0.0,30,91282.669426,False
0.0,30,91329.035111,False
3.0,30,91368.696874,True
0.0,30,91414.759108,False
0.0,30,91463.639214,False
0.0,30,91510.691301,False
2.4,30,91553.984323,True
2.8,30,91598.734368,True
2.4,30,91640.5673,True
1.4,30,91683.616313,True
0.0,30,91730.475842,False
2.7,30,91777.581467,True
0.0,30,91826.177288,False
0.0,30,92168.88062,False
2.2,30,92211.043674,True
0.0,30,92251.63069,False
0.0,30,92299.466964,False
0.0,30,92350.933654,False
0.0,30,92408.153069,False
0.0,30,92454.48576,False
2.7,30,92499.937825,True
3.0,30,92544.709444,True
3.0,30,92593.044994,True
0.0,30,92637.397109,False
2.8,30,92682.08315,True
0.0,30,92726.515228,False
2.3,30,92771.924858,True
0.0,30,92817.348732,False
0.0,30,92863.549917,False
2.8,30,92913.41174,True
2.8,30,92959.965714,True
2.5,30,93007.84222,True
1.7,30,93049.503057,True
2.8,30,93112.94436,True
0.0,30,93164.936548,False
0.0,30,93212.695009,False
0.0,30,93255.082254,False
2.4,30,93301.290728,True
0.0,30,93345.557074,False
2.7,30,93393.871221,True
2.5,30,93433.177441,True
0.0,30,93481.165527,False
0.0,30,93529.839459,False
2.8,30,93581.809746,True
0.0,30,93626.743687,False
1.8,30,93667.234525,True
0.0,30,93712.715562,False
2.9,30,93763.456758,True
2.8,30,94106.905467,True
2.9,30,94161.206778,True
2.8,30,94212.141274,True
0.0,30,94259.931681,False
0.0,30,94315.803201,False
2.5,30,94354.673279,True
1.9,30,94408.998298,True
0.0,30,94457.377711,False
0.0,30,94505.508172,False
0.0,30,94551.595174,False
0.0,30,94601.798342,False
1.5,30,94655.865794,True
2.8,30,94702.251499,True
2.6,30,94749.384441,True
0.0,30,94801.687919,False
0.0,30,94856.418908,False
0.0,30,94902.521856,False
0.0,30,94952.547153,False
3.0,30,95002.532366,True
0.0,30,95054.212572,False
0.3,30,95097.898404,True
0.0,30,95154.259038,False
2.8,30,95200.11946,True
0.0,30,95245.404328,False
0.0,30,95289.271312,False
0.0,30,95341.651326,False
0.0,30,95384.862287,False
1.2,30,95434.000129,False
1.6,30,95480.272473,True
2.3,30,95528.776285,True
0.0,30,95571.313529,False
2.6,30,95616.739781,True
2.6,30,95671.621739,True
0.0,30,95719.034787,False
1.6,30,96047.83552,True
2.0,30,96099.956604,True
2.6,30,96143.393529,True
0.0,30,96192.740154,False
0.0,30,96242.130205,False
2.3,30,96284.793859,True
0.0,30,96333.271573,False
0.0,30,96378.862392,False
0.0,30,96425.410166,False
2.4,30,96472.691662,True
2.7,30,96517.667727,True
2.2,30,96560.812482,True
2.8,30,96604.034923,True
0.0,30,96649.359867,False
2.8,30,96698.929361,True
2.2,30,96745.36757,True
0.0,30,96804.625207,False
0.0,30,96853.538228,False
1.1,30,96901.579242,True
2.8,30,96942.263602,True
0.1,30,96988.090147,False
0.0,30,97034.627469,False
0.0,30,97080.240703,False
2.1,30,97128.913305,True
0.0,30,97175.837726,False
2.1,30,97224.978366,True
0.0,30,97272.845259,False
0.0,30,97319.65255,False
0.0,30,97364.708002,False
0.3,30,97435.193961,True
0.0,30,97481.819306,False
2.5,30,97532.587254,True
0.0,30,97580.585124,False
2.9,30,97628.525099,True
0.0,30,97959.32229,False
0.0,30,98001.714163,False
0.0,30,98046.370365,False
2.8,30,98091.42905,True
1.2,30,98138.721535,True
0.0,30,98188.049506,False
3.0,30,98235.53629,True
2.6,30,98280.920232,True
2.5,30,98323.940835,True
2.6,30,98369.985152,True
2.6,30,98418.67247,True
2.4,30,98467.193301,True
2.1,30,98521.003083,True
2.9,30,98572.228932,True
2.5,30,98614.029813,True
2.7,30,98658.913452,True
2.6,30,98709.2992,True
0.0,30,98754.657161,False
3.0,30,98798.983874,True
0.0,30,98843.572414,False
0.0,30,98888.233664,False
2.9,30,98947.163007,True
2.6,30,99017.443311,True
0.0,30,99066.096958,False
0.0,30,99119.486231,False
0.0,30,99167.754925,False
0.0,30,99220.686666,False
0.0,30,99269.934524,False
2.8,30,99322.807654,True
2.8,30,99368.706143,True
3.0,30,99418.696156,True
1.8,30,99468.88782,True
0.0,30,99529.443525,False
0.0,30,99573.847618,False
2.4,30,99923.401341,True
2.3,30,99971.063934,True
2.7,30,100018.109841,True
2.5,30,100069.589161,True
0.0,30,100109.154533,False
2.1,30,100160.547546,True
3.0,30,100206.626627,True
0.5,30,100254.482441,False
2.6,30,100299.070942,True
1.4,30,100349.241948,True
2.5,30,100395.817414,True
0.2,30,100441.88268,False
3.0,30,100491.245411,True
2.9,30,100543.442623,True
0.0,30,100585.559147,False
0.0,30,100630.063968,False
0.0,30,100680.828446,False
3.0,30,100726.524169,True
0.0,30,100783.416182,False
2.3,30,100841.831938,True
2.3,30,100892.509744,True
0.0,30,100943.817893,False
2.7,30,100991.432044,True
0.0,30,101037.205377,False
0.0,30,101084.206687,False
2.5,30,101128.520769,True
2.3,30,101178.572438,True
2.4,30,101229.162266,True
1.7,30,101276.037892,True
2.5,30,101325.476514,True
2.1,30,101378.688944,False
2.9,30,101424.001119,True
2.9,30,101472.730813,True
0.0,30,101529.168342,False
0.0,30,101864.01571,False
2.5,30,101915.576344,True
2.5,30,101959.482707,True
2.8,30,102012.186905,True
0.0,30,102057.243224,False
0.0,30,102114.835375,False
0.0,30,102156.556754,False
2.8,30,102209.916991,True
0.0,30,102253.047999,False
0.0,30,102299.250041,False
0.0,30,102348.756545,False
2.8,30,102391.173517,True
0.0,30,102439.540643,False
2.7,30,102486.114878,True
2.8,30,102535.13877,True
2.0,30,102581.034075,True
2.6,30,102631.109427,True
2.5,30,102675.210597,True
2.8,30,102728.661195,True
0.0,30,102776.452844,False
2.0,30,102822.877621,True
2.7,30,102869.582422,True
2.7,30,102916.865108,True
0.0,30,102971.722508,False
2.8,30,103022.684975,True
2.3,30,103070.337956,True
0.0,30,103121.877599,False
0.0,30,103169.729049,False
0.0,30,103210.832335,False
0.0,30,103265.011533,False
2.7,30,103304.713965,True
0.0,30,103348.31574,False
0.0,30,103400.965046,False
0.0,30,103441.59723,False
2.8,30,103795.18964,True
2.8,30,103838.886994,True
2.6,30,103887.833209,True
0.0,30,103933.669255,False
2.3,30,103980.619546,True
2.0,30,104030.283274,True
0.0,30,104073.218713,False
0.0,30,104122.700282,False
0.0,30,104171.444487,False
3.0,30,104219.762788,True
0.0,30,104265.800793,False
0.0,30,104331.771076,False
2.8,30,104377.791416,True
0.0,30,104423.475096,False
2.9,30,104470.546165,True
1.9,30,104517.206955,False
2.4,30,104566.813377,True
0.0,30,104612.84919,False
0.0,30,104658.420089,False
2.7,30,104708.389544,True
2.3,30,104757.902531,True
2.3,30,104808.438271,True
3.0,30,104854.46148,True
3.0,30,104900.285819,True
0.0,30,104952.718439,False
0.7,30,104999.87206,False
0.0,30,105054.228903,False
2.7,30,105099.065073,True
2.0,30,105146.775179,True
0.0,30,105199.060604,False
0.0,30,105250.116124,False
0.0,30,105295.427783,False
0.0,30,105337.952932,False
2.6,30,105387.242713,True
0.0,30,105714.405968,False
0.0,30,105769.29022,False
2.6,30,105816.368358,True
2.8,30,105862.27473,True
0.0,30,105911.078629,False
0.0,30,105960.162967,False
0.0,30,106006.941337,False
0.0,30,106052.946618,False
0.0,30,106100.184474,False
0.0,30,106150.193778,False
2.6,30,106191.521806,True
2.6,30,106236.118896,True
2.7,30,106285.644718,True
0.0,30,106327.557851,False
1.9,30,106373.106864,True
0.0,30,106418.562142,False
0.0,30,106464.546138,False
0.0,30,106513.338506,False
0.0,30,106558.383409,False
0.0,30,106608.313635,False
2.7,30,106651.933157,True
2.8,30,106714.708008,True
3.0,30,106757.571963,True
2.5,30,106805.348653,True
3.0,30,106851.605728,True
0.0,30,106899.982172,False
0.0,30,106946.112446,False
0.0,30,106995.770099,False
0.0,30,107046.313959,False
0.0,30,107089.646559,False
0.0,30,107135.075045,False
1.9,30,107187.129725,True
3.0,30,107233.769089,True
0.0,30,107273.803877,False
2.4,30,107578.136753,True
0.0,30,107624.546659,False
0.0,30,107674.752616,False
0.0,30,107725.299304,False
2.5,30,107768.632703,True
0.0,30,107814.545994,False
0.0,30,107866.58041,False
0.0,30,107914.511068,False
2.7,30,107957.693954,True
0.0,30,108004.436039,False
0.0,30,108051.112034,False
0.0,30,108097.935425,False
0.0,30,108144.322132,False
2.4,30,108187.40515,True
0.0,30,108231.208012,False
0.0,30,108279.227676,False
0.0,30,108325.547746,False
2.7,30,108373.107091,True
2.7,30,108421.978508,True
2.7,30,108465.422147,True
0.0,30,108515.90706,False
0.0,30,108561.469077,False
0.0,30,108607.855241,False
0.0,30,108653.097913,False
2.5,30,108700.175258,True
2.4,30,108744.039616,True
2.7,30,108795.014928,True
2.4,30,108841.631272,True
1.3,30,108897.126848,True
0.0,30,108947.483109,False
3.0,30,108996.066262,True
0.0,30,109037.442502,False
0.0,30,109079.429852,False
2.0,30,109127.344338,True
1.6,30,109175.920728,True
0.0,30,109494.348464,False
0.0,30,109541.587012,False
2.5,30,109583.252405,True
0.0,30,109635.816092,False
2.8,30,109682.421891,True
0.0,30,109733.351085,False
2.7,30,109785.433818,True
2.9,30,109842.859014,True
2.2,30,109890.343038,True
2.4,30,109941.165748,True
2.4,30,109989.481931,True
0.0,30,110041.004309,False
3.0,30,110086.273478,True
0.0,30,110131.4376,False
2.8,30,110187.599618,True
3.0,30,110236.125114,True
0.0,30,110281.091036,False
2.5,30,110328.907109,True
2.6,30,110373.000345,True
2.3,30,110419.10908,True
3.0,30,110466.539398,True
2.7,30,110507.829062,True
0.0,30,110551.017108,False
0.0,30,110599.965138,False
0.0,30,110643.57775,False
0.0,30,110690.009768,False
1.1,30,110744.392721,True
0.0,30,110793.853373,False
2.6,30,110841.602466,True
2.3,30,110890.790969,True
0.0,30,110935.914526,False
2.7,30,110993.430603,True
3.0,30,111041.320825,True
2.5,30,111092.595125,True
2.8,30,111438.670412,True
0.0,30,111488.905796,False
0.0,30,111533.395984,False
0.0,30,111577.675643,False
2.0,30,111621.744465,True
2.8,30,111664.978016,True
1.5,30,111708.483907,False
0.0,30,111755.51394,False
0.0,30,111802.02927,False
2.9,30,111840.886075,True
2.4,30,111891.372506,True
2.8,30,111936.615155,True
2.8,30,111982.934226,True
2.9,30,112028.218151,True
0.2,30,112072.894531,False
2.5,30,112126.598552,True
2.0,30,112171.258691,True
2.9,30,112220.43304,True
0.0,30,112265.845388,False
0.0,30,112307.798243,False
0.0,30,112355.403481,False
2.4,30,112399.362818,True
2.6,30,112447.17622,True
2.5,30,112491.446076,True
0.0,30,112536.592305,False
1.9,30,112587.962881,True
0.0,30,112633.115889,False
0.0,30,112682.603631,False
2.9,30,112730.670449,True
2.6,30,112780.346782,True
2.0,30,112822.572329,True
3.0,30,112863.49194,True
2.6,30,112908.781457,True
0.0,30,112956.371234,False
0.0,30,113293.739202,False
0.0,30,113341.345622,False
0.0,30,113391.08923,False
0.0,30,113437.682808,False
2.5,30,113485.412784,True
2.6,30,113529.888922,True
2.7,30,113580.294729,True
0.0,30,113626.229633,False
0.0,30,113673.090973,False
0.0,30,113720.047137,False
0.0,30,113770.883956,False
0.0,30,113821.895204,False
0.0,30,113866.23359,False
0.0,30,113916.484906,False
0.0,30,113966.487546,False
0.0,30,114019.157465,False
0.0,30,114069.131491,False
0.0,30,114116.391639,False
0.0,30,114160.302202,False
0.0,30,114205.545273,False
0.0,30,114261.572912,False
2.6,30,114309.60871,True
1.5,30,114358.528489,True
2.5,30,114406.679713,True
3.0,30,114455.292557,True
0.0,30,114501.586901,False
2.4,30,114549.467959,True
2.6,30,114598.718523,True
0.0,30,114648.650314,False
0.0,30,114704.152626,False
2.0,30,114752.264698,True
2.7,30,114806.657037,True
2.0,30,114857.422374,True
3.0,30,114907.276886,True
0.0,30,115217.96917,False
2.6,30,115269.214498,True
0.0,30,115314.968653,False
0.0,30,115357.990356,False
3.0,30,115407.707279,True
2.8,30,115453.975809,True
0.0,30,115503.112601,False
3.0,30,115547.087478,True
0.0,30,115595.738744,False
2.8,30,115644.12186,True
1.8,30,115690.711211,True
2.5,30,115740.901651,True
0.0,30,115787.504503,False
0.0,30,115836.670163,False
2.8,30,115884.308118,True
2.4,30,115929.073475,True
0.0,30,115987.656901,False
2.7,30,116035.794251,True
2.7,30,116087.716984,True
2.5,30,116133.703256,True
2.5,30,116180.67889,True
3.0,30,116233.302636,True
1.3,30,116275.852212,True
0.0,30,116323.408366,False
2.4,30,116369.811589,True
2.6,30,116417.559607,True
0.0,30,116465.271791,False
2.1,30,116509.055741,True
0.0,30,116553.816335,False
2.5,30,116601.57006,True
0.4,30,116652.018941,False
2.2,30,116698.376051,True
2.2,30,116749.174837,True
2.0,30,116792.888857,True
0.0,30,117123.975086,False
2.7,30,117173.600903,True
2.6,30,117221.384003,True
2.8,30,117275.67476,True
0.0,30,117323.655824,False
0.0,30,117377.176529,False
2.1,30,117422.705975,True
2.5,30,117469.579662,True
2.6,30,117520.768993,True
2.8,30,117573.459673,True
0.0,30,117649.869089,False
2.2,30,117694.190887,True
0.0,30,117762.590257,False
3.0,30,117810.060159,True
2.2,30,117857.967628,True
0.0,30,117903.574517,False
2.5,30,117950.144927,True
0.0,30,117997.377074,False
0.0,30,118046.375483,False
0.0,30,118099.449003,False
2.9,30,118154.143902,True
0.0,30,118206.358474,False
2.9,30,118253.802908,True
0.0,30,118300.732723,False
2.8,30,118352.895283,True
2.7,30,118406.786314,True
3.0,30,118450.289755,True
0.0,30,118496.378277,False
0.0,30,118552.52714,False
0.0,30,118600.225465,False
0.0,30,118645.511406,False
2.6,30,118690.066747,True
3.0,30,118735.582935,True
0.0,30,118785.877004,False
2.8,30,119144.081589,True
0.0,30,119190.490154,False
0.0,30,119238.136328,False
0.0,30,119289.368368,False
0.0,30,119335.604556,False
0.0,30,119384.157659,False
2.6,30,119428.275023,True
0.0,30,119473.549536,False
0.0,30,119521.855937,False
0.0,30,119567.594594,False
0.0,30,119608.204563,False
2.7,30,119652.97058,True
2.1,30,119700.84205,True
0.0,30,119749.451798,False
0.0,30,119797.474444,False
0.0,30,119856.170976,False
2.7,30,119907.250618,True
2.7,30,119955.370228,True
2.1,30,120002.562069,True
0.0,30,120053.488206,False
0.0,30,120101.2322,False
2.6,30,120149.509778,True
0.0,30,120195.701666,False
2.9,30,120249.741231,True
0.0,30,120296.377151,False
0.0,30,120345.685151,False
0.7,30,120392.775414,True
0.0,30,120441.326537,False
2.7,30,120482.630747,True
0.0,30,120529.573989,False
0.0,30,120578.091263,False
0.0,30,120619.749745,False
2.3,30,120665.756828,True
0.0,30,120712.838913,False
0.0,30,121051.291151,False
2.4,30,121098.342931,True
2.0,30,121146.881988,True
0.0,30,121194.084517,False
2.4,30,121240.797171,True
0.0,30,121303.616112,False
1.7,30,121351.619855,False
2.8,30,121407.828296,True
0.0,30,121454.956849,False
0.0,30,121508.656789,False
2.4,30,121558.16971,True
0.0,30,121604.465136,False
3.0,30,121653.203169,True
2.6,30,121695.260552,True
0.0,30,121741.268318,False
0.0,30,121788.442531,False
0.0,30,121839.440436,False
2.7,30,121897.171584,True
0.0,30,121946.369642,False
0.0,30,121995.365033,False
3.0,30,122047.382824,True
0.0,30,122090.40227,False
0.0,30,122139.28055,False
2.3,30,122186.901489,True
2.7,30,122239.174268,True
0.0,30,122283.831731,False
1.4,30,122329.442384,True
0.0,30,122380.691948,False
2.6,30,122427.183531,True
2.8,30,122477.722374,True
0.7,30,122538.008528,True
0.0,30,122585.394843,False
0.0,30,122629.435152,False
2.3,30,122678.408177,True
2.1,30,122722.451761,True
2.6,30,123055.325144,True
0.0,30,123103.65187,False
2.5,30,123150.954353,True
0.0,30,123198.926697,False
2.6,30,123244.734918,True
0.0,30,123288.911235,False
0.0,30,123339.408235,False
0.0,30,123388.102459,False
2.8,30,123439.821076,True
2.8,30,123490.495856,True
0.0,30,123541.191911,False
0.0,30,123587.500944,False
0.0,30,123633.602824,False
2.8,30,123681.973572,True
2.0,30,123725.334554,True
2.5,30,123768.303108,True
2.6,30,123818.160134,True
0.0,30,123864.722398,False
2.8,30,123909.850274,True
3.0,30,123955.833614,True
0.0,30,124008.38301,False
0.0,30,124057.081568,False
2.3,30,124103.894228,True
0.0,30,124153.028427,False
2.6,30,124201.228847,True
2.6,30,124250.255958,True
2.4,30,124300.744546,True
2.7,30,124348.619289,True
2.7,30,124393.853823,True
2.5,30,124443.340156,True
2.4,30,124488.640834,True
2.4,30,124540.272101,True
0.0,30,124595.308738,False
0.0,30,124644.433309,False
0.0,30,124979.592206,False
0.0,30,125020.658554,False
2.8,30,125073.209438,True
0.0,30,125126.205465,False
3.0,30,125176.730117,True
1.5,30,125223.079302,True
2.7,30,125283.310053,True
2.5,30,125327.764889,True
2.8,30,125373.369435,True
2.8,30,125420.492484,True
3.0,30,125474.641122,True
2.9,30,125522.223452,True
0.0,30,125578.200041,False
2.4,30,125628.449414,True
2.6,30,125675.666721,False
0.0,30,125730.17207,False
0.0,30,125781.792722,False
0.0,30,125831.407828,False
0.0,30,125881.090793,False
3.0,30,125932.389416,True
1.5,30,125979.143148,False
0.0,30,126023.092299,False
0.0,30,126069.538055,False
0.3,30,126116.225921,True
2.7,30,126165.203024,True
2.5,30,126213.480554,True
3.0,30,126265.279223,True
2.0,30,126312.290239,True
2.8,30,126362.368187,True
0.0,30,126416.833119,False
3.0,30,126480.288266,True
3.0,30,126542.965886,True
2.8,30,126592.549936,True
0.0,30,126635.690367,False
0.0,30,126976.205361,False
0.0,30,127022.895034,False
0.0,30,127075.114143,False
0.0,30,127119.392064,False
2.4,30,127164.036986,True
0.0,30,127209.877251,False
0.0,30,127257.996552,False
0.0,30,127306.822069,False
0.0,30,127352.591025,False
0.0,30,127404.42379,False
0.0,30,127449.671819,False
0.0,30,127495.245074,False
2.7,30,127545.405498,True
2.8,30,127596.352994,True
0.0,30,127639.406896,False
2.0,30,127683.738414,True
0.0,30,127728.147641,False
0.0,30,127769.3115,False
0.0,30,127810.354398,False
0.0,30,127873.36965,False
0.0,30,127925.010858,False
0.0,30,127970.256672,False
0.0,30,128015.004446,False
0.0,30,128065.305124,False
2.3,30,128112.637336,True
2.9,30,128155.456765,True
3.0,30,128197.099435,True
2.5,30,128244.552389,True
3.0,30,128294.15624,True
0.0,30,128342.604417,False
2.6,30,128400.412756,True
2.6,30,128449.834977,True
2.6,30,128496.624842,True
0.0,30,128552.813437,False
0.0,30,128911.100207,False
0.0,30,128956.438489,False
2.9,30,129000.942011,True
2.6,30,129041.222924,True
0.0,30,129084.85807,False
0.2,30,129128.597496,True
0.0,30,129172.001731,False
0.0,30,129222.822705,False
2.9,30,129268.317512,True
0.0,30,129315.731966,False
2.3,30,129359.367963,True
0.0,30,129412.21346,False
2.8,30,129459.14178,True
3.0,30,129506.568944,True
0.0,30,129556.26293,False
2.2,30,129602.898285,True
0.0,30,129648.155215,False
0.0,30,129700.338108,False
0.0,30,129749.614249,False
2.4,30,129800.099743,True
0.0,30,129846.247155,False
0.0,30,129897.741647,False
2.8,30,129948.043319,True
0.0,30,129993.286624,False
0.8,30,130039.713589,True
0.0,30,130090.440317,False
0.0,30,130137.751022,False
2.6,30,130178.275668,True
0.0,30,130226.370986,False
2.8,30,130277.151332,True
0.0,30,130322.296201,False
1.4,30,130371.856005,True
0.0,30,130420.937828,False
2.6,30,130470.286358,True
2.6,30,130804.33331,True
2.8,30,130852.221838,True
0.0,30,130907.953948,False
2.9,30,130960.475728,True
0.0,30,131002.03131,False
0.6,30,131048.585247,True
0.0,30,131096.525684,False
2.6,30,131145.953891,True
1.6,30,131195.891971,True
2.7,30,131247.602948,True
2.5,30,131300.184589,True
2.6,30,131344.327788,True
0.0,30,131393.348752,False
0.0,30,131438.696251,False
2.7,30,131484.962155,True
2.7,30,131533.043546,True
0.0,30,131579.852593,False
0.0,30,131624.358576,False
2.6,30,131670.70953,True
2.7,30,131717.273746,True
2.8,30,131760.844501,True
0.0,30,131819.828581,False
2.6,30,131866.712168,True
0.0,30,131910.747339,False
0.0,30,131954.648489,False
0.0,30,132004.384966,False
0.0,30,132054.989159,False
2.6,30,132108.675137,True
2.8,30,132158.620063,True
2.5,30,132203.966972,True
0.0,30,132255.877194,False
2.4,30,132297.647147,True
2.4,30,132344.490621,True
2.3,30,132392.579848,True
3.0,30,132750.16908,True
0.0,30,132793.86603,False
2.8,30,132841.369943,True
0.0,30,132891.794148,False
2.6,30,132938.372676,True
0.0,30,132993.357031,False
0.6,30,133043.6811,True
0.0,30,133090.440171,False
0.0,30,133135.313608,False
0.0,30,133177.478376,False
0.0,30,133229.859406,False
0.0,30,133277.272382,False
0.0,30,133325.333375,False
0.0,30,133365.902701,False
0.0,30,133412.552326,False
2.3,30,133456.463043,True
0.0,30,133501.032538,False
2.6,30,133558.502962,True
0.0,30,133605.910204,False
2.8,30,133656.521466,True
2.7,30,133702.244143,True
2.7,30,133750.111341,True
2.7,30,133800.146459,True
0.0,30,133846.419199,False
2.0,30,133893.981622,True
2.6,30,133946.282303,True
0.0,30,133993.197363,False
0.0,30,134039.313222,False
0.0,30,134093.012727,False
0.0,30,134143.511868,False
2.7,30,134189.164644,True
2.5,30,134237.067688,True
2.5,30,134284.605876,True
0.0,30,134343.523332,False
2.1,30,134678.182859,True
0.0,30,134725.608508,False
0.0,30,134774.479603,False
0.0,30,134819.305113,False
2.8,30,134870.007027,True
0.0,30,134922.003847,False
0.0,30,134971.729853,False
1.9,30,135017.864688,True
2.8,30,135060.70709,True
0.0,30,135108.882571,False
0.0,30,135155.560597,False
3.0,30,135205.47733,True
2.8,30,135254.04266,True
0.0,30,135302.084208,False
0.0,30,135344.471202,False
0.0,30,135394.620296,False
0.0,30,135442.043398,False
2.5,30,135487.150083,True
0.0,30,135536.412422,False
0.0,30,135583.829953,False
2.4,30,135628.700324,True
0.0,30,135679.53858,False
0.0,30,135729.061001,False
0.0,30,135779.35417,False
0.0,30,135831.53016,False
0.0,30,135888.264609,False
0.0,30,135937.483695,False
0.0,30,135983.912706,False
2.6,30,136027.489365,True
2.5,30,136072.318947,True
0.0,30,136118.914699,False
0.0,30,136165.047835,False
2.5,30,136216.478386,True
2.6,30,136264.914852,True
0.0,30,136579.037153,False
3.0,30,136629.660238,True
0.0,30,136677.435739,False
2.9,30,136723.73358,True
2.7,30,136768.613679,True
0.0,30,136817.484758,False
0.0,30,136872.714044,False
0.4,30,136914.86209,False
2.8,30,136963.504675,True
2.8,30,137004.887128,True
3.0,30,137051.422339,True
0.0,30,137105.285343,False
2.8,30,137157.442082,True
0.0,30,137204.609762,False
2.8,30,137246.771515,True
2.4,30,137296.950243,True
0.0,30,137345.662219,False
0.0,30,137392.961843,False
0.0,30,137439.234047,False
0.0,30,137486.254396,False
2.2,30,137537.837227,True
2.6,30,137589.994087,True
2.7,30,137639.274025,True
0.0,30,137691.394856,False
2.8,30,137736.484602,True
0.0,30,137782.778249,False
0.0,30,137829.348411,False
0.0,30,137878.260178,False
2.8,30,137929.466038,True
0.8,30,137983.987859,True
2.3,30,138032.236259,True
0.0,30,138076.035647,False
0.0,30,138127.557343,False
0.0,30,138180.382424,False
0.0,30,138228.601148,False
0.0,30,138578.907851,False
2.8,30,138626.693907,True
3.0,30,138675.79812,True
0.0,30,138720.107138,False
2.6,30,138772.766275,True
0.0,30,138818.248419,False
0.0,30,138866.415605,False
0.0,30,138919.476928,False
0.0,30,138966.673005,False
0.0,30,139004.925876,False
0.0,30,139051.677498,False
2.9,30,139106.062671,True
3.0,30,139155.147357,True
0.0,30,139200.741344,False
2.4,30,139249.721026,True
0.0,30,139294.61886,False
2.1,30,139340.899207,True
0.0,30,139388.972276,False
2.7,30,139432.467722,True
2.8,30,139479.575461,True
0.0,30,139528.661086,False
0.0,30,139579.150942,False
0.0,30,139639.114238,False
1.5,30,139684.44002,True
0.0,30,139729.673108,False
1.8,30,139778.044121,True
2.7,30,139825.762686,True
2.7,30,139871.880575,True
2.5,30,139919.412948,True
0.0,30,139961.793237,False
2.7,30,140004.43641,True
1.5,30,140051.042031,True
2.4,30,140096.787921,True
0.0,30,140144.746108,False
0.0,30,140483.131917,False
0.0,30,140531.71214,False
2.7,30,140582.11532,True
0.0,30,140635.026068,False
0.0,30,140686.774798,False
0.0,30,140737.668895,False
1.5,30,140792.098163,True
2.5,30,140841.643853,False
2.2,30,140890.91,True
3.0,30,140942.644279,True
3.0,30,140987.169753,True
2.5,30,141036.686007,True
0.0,30,141081.684721,False
3.0,30,141130.432862,True
2.4,30,141181.745861,True
0.0,30,141231.381659,False
2.3,30,141278.054852,True
0.0,30,141328.204805,False
2.8,30,141376.667559,True
2.4,30,141422.482827,True
0.0,30,141467.638145,False
0.0,30,141511.986783,False
2.9,30,141555.814477,True
0.0,30,141599.443011,False
2.7,30,141644.088837,True
2.6,30,141690.18611,True
1.9,30,141738.486445,True
0.0,30,141782.851202,False
0.0,30,141832.223708,False
2.0,30,141877.200532,True
2.8,30,141923.949962,True
2.8,30,141971.890428,True
2.7,30,142016.334684,True
0.0,30,142064.381609,False
0.0,30,142463.810057,False
2.6,30,142507.520608,True
2.5,30,142552.524724,True
2.8,30,142597.528651,True
0.0,30,142645.696201,False
2.8,30,142704.84153,True
0.0,30,142749.796818,False
1.7,30,142797.540312,True
2.6,30,142850.757371,True
2.8,30,142897.693784,True
0.0,30,142947.326528,False
0.0,30,142994.107936,False
2.0,30,143035.570419,True
3.0,30,143081.362649,True
2.5,30,143129.176069,True
2.6,30,143177.471339,True
2.6,30,143226.567315,True
2.6,30,143276.703493,True
0.0,30,143324.360449,False
1.4,30,143372.793232,True
3.0,30,143424.489807,True
0.0,30,143468.716182,False
0.0,30,143528.619655,False
2.9,30,143581.454299,True
0.0,30,143628.144531,False
0.0,30,143682.046608,False
0.0,30,143733.005768,False
2.8,30,143783.889632,True
0.0,30,143834.390112,False
2.1,30,143893.28908,True
2.5,30,143938.42708,True
0.0,30,143986.520463,False
0.0,30,144030.814255,False
2.9,30,144082.787071,True
3.0,30,144423.708755,True
3.0,30,144468.036672,True
2.4,30,144518.025825,True
0.0,30,144562.078102,False
0.0,30,144610.06206,False
2.7,30,144654.101461,True
3.0,30,144700.5142,True
2.4,30,144748.082257,True
0.0,30,144798.810564,False
0.0,30,144850.954397,False
0.0,30,144896.46718,False
2.8,30,144944.025013,True
0.0,30,145003.04741,False
2.4,30,145054.198852,True
2.9,30,145100.19433,True
2.6,30,145149.833595,True
0.0,30,145201.463757,False
0.0,30,145254.86408,False
1.5,30,145306.910706,True
2.6,30,145358.023663,True
2.8,30,145408.282218,True
0.0,30,145458.699034,False
3.0,30,145510.078555,True
2.7,30,145560.275269,True
0.0,30,145607.236999,False
2.5,30,145656.718494,True
2.8,30,145706.653057,True
0.0,30,145755.204615,False
2.6,30,145799.990538,True
0.0,30,145843.990579,False
2.3,30,145889.914915,True
0.0,30,145937.135993,False
0.4,30,145987.900001,True
0.0,30,146033.718514,False
0.0,30,146363.471172,False
0.0,30,146418.222106,False
2.7,30,146468.012994,True
0.0,30,146511.745181,False
0.0,30,146559.306935,False
2.7,30,146601.007269,True
0.0,30,146643.194082,False
0.0,30,146696.087661,False
0.0,30,146744.416688,False
0.0,30,146794.981853,False
0.0,30,146842.600512,False
0.0,30,146886.983199,False
2.6,30,146928.691303,True
0.9,30,146975.746482,False
2.3,30,147025.293546,True
2.6,30,147072.682814,True
2.6,30,147123.555611,True
1.8,30,147172.48366,True
0.0,30,147220.855454,False
0.0,30,147266.861864,False
0.0,30,147313.920145,False
2.5,30,147358.711523,True
2.8,30,147402.783499,True
0.0,30,147442.200239,False
2.7,30,147481.698293,True
2.6,30,147525.264088,True
0.0,30,147570.446974,False
0.0,30,147614.542284,False
2.1,30,147675.511457,True
0.0,30,147730.975634,False
2.7,30,147778.013635,True
0.0,30,147824.415104,False
3.0,30,147870.100768,True
0.0,30,147920.249968,False
0.0,30,148247.429894,False
0.0,30,148289.750435,False
2.6,30,148335.136247,True
2.4,30,148377.493832,True
3.0,30,148426.4877,True
2.1,30,148475.348749,True
2.8,30,148521.708545,True
2.4,30,148570.007152,True
2.1,30,148618.426801,True
2.8,30,148664.552139,True
3.0,30,148715.157912,True
0.0,30,148764.777936,False
0.0,30,148811.721247,False
0.0,30,148856.841979,False
2.9,30,148902.51743,True
3.0,30,148953.033386,True
0.0,30,149005.392476,False
2.3,30,149052.048578,True
2.6,30,149097.036017,True
2.7,30,149145.461401,True
2.8,30,149193.932524,True
0.0,30,149237.479724,False
2.4,30,149285.087714,True
0.0,30,149331.045153,False
2.8,30,149376.440269,True
0.0,30,149424.229828,False
0.0,30,149472.616857,False
0.0,30,149516.919319,False
1.3,30,149571.491076,True
0.0,30,149616.548191,False
2.2,30,149666.694554,True
2.5,30,149713.532553,True
2.8,30,149756.85876,True
0.0,30,149804.047697,False
0.0,30,150133.845874,False
0.0,30,150183.11964,False
0.0,30,150225.21408,False
2.4,30,150272.083755,True
2.7,30,150318.168149,True
0.0,30,150373.824051,False
3.0,30,150418.934654,True
0.0,30,150463.334738,False
0.0,30,150511.001651,False
0.0,30,150561.739651,False
0.0,30,150607.6438,False
0.0,30,150651.703435,False
0.0,30,150693.177844,False
2.5,30,150737.219148,True
0.0,30,150785.437111,False
2.8,30,150850.29297,True
2.3,30,150893.496001,True
2.5,30,150943.18107,True
0.0,30,150989.531725,False
0.0,30,151034.090096,False
2.7,30,151079.262283,True
0.0,30,151127.966157,False
0.0,30,151171.416826,False
2.3,30,151213.762513,True
0.0,30,151261.597792,False
0.0,30,151314.927855,False
0.0,30,151363.292973,False
0.0,30,151405.475859,False
0.0,30,151452.143031,False
2.4,30,151500.26113,True
0.0,30,151543.886622,False
0.0,30,151589.71397,False
2.5,30,151637.422671,True
0.0,30,151683.319816,False
0.0,30,151729.485253,False
2.7,30,152045.918649,True
0.0,30,152108.390664,False
0.0,30,152157.669966,False
0.0,30,152207.505661,False
0.0,30,152255.330695,False
0.0,30,152304.342736,False
0.0,30,152349.880662,False
2.5,30,152396.892121,True
2.2,30,152453.053679,True
2.9,30,152501.036071,True
0.0,30,152552.725609,False
0.0,30,152598.704693,False
2.3,30,152645.906943,True
2.9,30,152693.941642,True
0.0,30,152738.598569,False
2.6,30,152785.87765,True
2.8,30,152830.925243,True
0.0,30,152882.463462,False
0.0,30,152929.019458,False
2.2,30,152975.266694,True
0.0,30,153018.614685,False
3.0,30,153058.338601,True
0.0,30,153153.773876,False
0.0,30,153202.821482,False
2.8,30,153245.846613,True
2.6,30,153293.026624,True
0.0,30,153341.772531,False
0.0,30,153388.270163,False
0.0,30,153437.46071,False
0.0,30,153493.583914,False
0.0,30,153541.989689,False
0.0,30,153594.503787,False
0.0,30,153639.685608,False
2.5,30,153683.2263,True
0.0,30,154018.377017,False
0.0,30,154064.685935,False
1.7,30,154111.146687,True
2.7,30,154152.535724,True
2.5,30,154201.454807,True
0.0,30,154257.890081,False
0.0,30,154307.76409,False
0.0,30,154354.829864,False
2.5,30,154401.131807,True
0.0,30,154453.567353,False
3.0,30,154504.359982,True
1.7,30,154548.266865,True
2.8,30,154600.433355,True
0.3,30,154649.759056,True
2.8,30,154698.97461,True
2.8,30,154739.932962,True
2.4,30,154783.780399,True
3.0,30,154830.032138,True
0.0,30,154874.914548,False
0.0,30,154916.093589,False
2.7,30,154982.777344,True
2.4,30,155029.066556,True
2.8,30,155075.012603,True
2.5,30,155122.970639,True
0.0,30,155169.055928,False
0.0,30,155215.357953,False
0.0,30,155273.419735,False
0.0,30,155321.552797,False
0.0,30,155365.383793,False
1.4,30,155406.17017,True
0.0,30,155450.074129,False
2.3,30,155493.414474,True
1.9,30,155539.499285,True
2.8,30,155588.288493,True
0.0,30,155933.622966,False
0.0,30,155976.885542,False
2.8,30,156021.474587,True
0.0,30,156065.736502,False
1.7,30,156111.851377,True
0.0,30,156163.588237,False
2.8,30,156221.305311,True
2.1,30,156281.938742,False
1.4,30,156329.379386,True
2.4,30,156378.756353,True
2.5,30,156434.713532,True
0.0,30,156477.245566,False
0.0,30,156530.351698,False
0.0,30,156579.131067,False
0.0,30,156628.998426,False
2.9,30,156680.173987,True
2.9,30,156722.271623,True
2.6,30,156769.073353,True
2.6,30,156821.35523,True
2.6,30,156864.653399,True
0.0,30,156909.367863,False
0.0,30,156957.653872,False
0.0,30,157005.806681,False
2.2,30,157053.675541,True
0.0,30,157117.407454,False
2.4,30,157164.534525,True
0.0,30,157207.383884,False
2.3,30,157254.219462,True
0.0,30,157300.51516,False
2.8,30,157350.809133,True
2.6,30,157398.492656,True
0.0,30,157446.192844,False
2.0,30,157493.38598,True
3.0,30,157538.659904,True
2.7,30,157903.481491,True
1.4,30,157951.849208,True
0.0,30,157998.895217,False
2.0,30,158060.553986,True
0.0,30,158104.493134,False
0.0,30,158147.740433,False
1.8,30,158197.196535,True
0.0,30,158247.096007,False
0.0,30,158295.257411,False
2.7,30,158342.562505,True
0.0,30,158394.880187,False
1.9,30,158439.808274,True
0.0,30,158483.106142,False
1.4,30,158528.218255,True
0.5,30,158574.095936,False
0.8,30,158614.733114,True
2.8,30,158662.766093,True
0.0,30,158710.042205,False
2.6,30,158763.722358,True
0.0,30,158817.139448,False
0.0,30,158862.19032,False
2.9,30,158908.819077,True
0.0,30,158955.576924,False
2.8,30,159004.413326,True
0.0,30,159050.813534,False
2.6,30,159100.833147,True
2.8,30,159149.067207,True
2.8,30,159189.258459,True
2.7,30,159238.19728,True
0.0,30,159287.719088,False
2.9,30,159332.055165,True
0.0,30,159379.827774,False
0.0,30,159426.876374,False
0.0,30,159472.958044,False
2.4,30,159825.605658,True
2.9,30,159869.220289,True
2.2,30,159917.031782,True
0.0,30,159979.675422,False
0.0,30,160041.281435,False
0.0,30,160090.385919,False
0.0,30,160135.416762,False
0.0,30,160181.993434,False
0.0,30,160229.549886,False
0.0,30,160281.38954,False
2.7,30,160324.875446,True
2.8,30,160368.505813,True
2.5,30,160418.829704,True
0.0,30,160467.073084,False
2.8,30,160514.951662,True
0.0,30,160556.358619,False
0.0,30,160604.476786,False
2.6,30,160650.271722,True
2.8,30,160699.004629,True
0.0,30,160754.233602,False
2.0,30,160803.87882,True
2.4,30,160852.949467,True
0.0,30,160900.226962,False
0.0,30,160948.037432,False
2.8,30,160992.57187,True
0.0,30,161039.32576,False
0.0,30,161099.035098,False
0.0,30,161142.398482,False
0.0,30,161191.777831,False
0.0,30,161238.273175,False
2.9,30,161295.371611,True
2.6,30,161336.939274,True
0.0,30,161378.039842,False
2.3,30,161450.648096,True
2.2,30,161754.365627,True
2.8,30,161802.326135,True
0.0,30,161851.539058,False
2.6,30,161896.847935,True
0.0,30,161944.531297,False
0.0,30,161993.748918,False
2.8,30,162039.256242,True
2.4,30,162087.160946,True
0.0,30,162134.829665,False
0.0,30,162182.283987,False
1.8,30,162240.038369,True
2.2,30,162291.175204,False
3.0,30,162333.830377,True
0.0,30,162385.086715,False
2.9,30,162431.945356,True
2.6,30,162478.070907,True
2.2,30,162523.805045,True
2.5,30,162572.609285,True
2.9,30,162621.266479,True
2.5,30,162667.263907,True
2.8,30,162717.827482,True
0.0,30,162766.522244,False
0.0,30,162814.156285,False
0.0,30,162859.575468,False
3.0,30,162910.71403,True
2.5,30,162959.732331,True
2.7,30,163003.062202,True
0.0,30,163059.494625,False
2.9,30,163104.950605,True
1.2,30,163151.241411,False
2.8,30,163199.498067,True
0.0,30,163243.213813,False
2.6,30,163288.561831,True
0.0,30,163336.30726,False
0.0,30,163653.892821,False
2.4,30,163698.323848,True
2.7,30,163739.656021,True
2.0,30,163788.004129,True
2.9,30,163834.561017,True
2.4,30,163882.668015,True
2.8,30,163931.788648,True
2.9,30,163981.466536,True
2.7,30,164023.945567,True
0.0,30,164067.345172,False
2.5,30,164118.060831,True
0.0,30,164167.250801,False
2.1,30,164218.656328,True
0.0,30,164265.681398,False
0.0,30,164310.675486,False
0.0,30,164354.815123,False
0.0,30,164405.25712,False
3.0,30,164453.748365,True
2.5,30,164498.708814,True
0.0,30,164548.957176,False
2.5,30,164599.356044,True
0.0,30,164645.952138,False
2.7,30,164698.625478,True
0.0,30,164747.662017,False
0.0,30,164793.564871,False
2.3,30,164844.95962,True
0.0,30,164895.892645,False
2.6,30,164950.974945,True
0.0,30,164998.855455,False
0.0,30,165050.29476,False
2.5,30,165092.847555,True
0.9,30,165138.475493,True
2.0,30,165183.971694,True
0.0,30,165235.979077,False
0.0,30,165541.39478,False
1.6,30,165586.939203,True
0.0,30,165631.095031,False
0.0,30,165675.381996,False
0.0,30,165721.97741,False
2.6,30,165777.270155,True
0.0,30,165823.947376,False
2.8,30,165877.973644,True
0.0,30,165923.572843,False
2.6,30,165969.663492,True
0.0,30,166017.428337,False
0.0,30,166073.103819,False
2.8,30,166118.742922,True
0.0,30,166165.551165,False
2.0,30,166219.078684,True
2.8,30,166272.566451,True
2.4,30,166321.450925,True
2.6,30,166367.986904,True
0.0,30,166419.850595,False
0.0,30,166471.6348,False
2.8,30,166519.730535,True
2.7,30,166564.572227,True
0.0,30,166612.029704,False
0.0,30,166660.05619,False
0.0,30,166707.539884,False
2.8,30,166752.462492,True
3.0,30,166796.105031,True
3.0,30,166837.997375,True
0.0,30,166882.813856,False
0.0,30,166928.433761,False
2.7,30,166979.396683,True
2.7,30,167023.829353,True
0.0,30,167069.265638,False
0.0,30,167117.29874,False
0.0,30,167160.817477,False
2.6,30,167471.095097,True
0.0,30,167513.90191,False
0.0,30,167558.629197,False
0.0,30,167607.375764,False
0.0,30,167654.194849,False
2.7,30,167700.78479,True
0.0,30,167747.699131,False
2.9,30,167792.847169,True
2.3,30,167833.893705,True
0.0,30,167884.083479,False
2.9,30,167928.138129,True
0.0,30,167967.108237,False
2.9,30,168011.58236,True
2.6,30,168060.163883,True
0.0,30,168108.067489,False
2.2,30,168156.362211,True
0.0,30,168205.484719,False
2.6,30,168252.111961,True
0.0,30,168296.888086,False
0.0,30,168346.116662,False
2.8,30,168389.768045,True
0.0,30,168437.255102,False
0.0,30,168491.015422,False
0.0,30,168533.798224,False
0.0,30,168577.281413,False
2.6,30,168628.553188,True
2.4,30,168671.158304,True
0.0,30,168713.339476,False
1.7,30,168759.733974,True
0.0,30,168808.837196,False
2.6,30,168853.684313,True
2.9,30,168909.125262,True
0.0,30,168951.599953,False
2.6,30,168997.385648,True
0.0,30,169297.644094,False
0.0,30,169345.955892,False
2.7,30,169391.892447,True
2.6,30,169440.17921,True
2.7,30,169482.210188,True
1.7,30,169532.043891,False
0.0,30,169577.376193,False
2.3,30,169626.647089,True
0.0,30,169670.215086,False
2.9,30,169720.032749,True
2.6,30,169767.152334,True
2.7,30,169816.05795,True
2.8,30,169860.689908,True
0.0,30,169906.543535,False
0.0,30,169958.465387,False
2.7,30,170005.428986,True
2.5,30,170049.445144,True
0.0,30,170097.839259,False
2.7,30,170142.884207,True
0.0,30,170188.141151,False
0.0,30,170235.909539,False
3.0,30,170291.218248,True
0.9,30,170339.32055,True
0.0,30,170379.883886,False
0.0,30,170423.617262,False
3.0,30,170473.118535,True
0.0,30,170517.417925,False
1.9,30,170559.805533,True
3.0,30,170605.965656,True
2.7,30,170648.131654,True
2.9,30,170714.672222,True
2.5,30,170765.683388,True
2.2,30,170811.7935,True
1.0,30,170875.245899,False
2.7,30,171163.008811,True
0.0,30,171209.595058,False
0.0,30,171253.767634,False
2.6,30,171297.366112,True
2.7,30,171345.685608,True
0.0,30,171394.81244,False
2.7,30,171438.801123,True
0.0,30,171479.739612,False
2.8,30,171525.314145,True
2.6,30,171567.372112,True
3.0,30,171610.159714,True
2.6,30,171659.916931,True
2.8,30,171706.378261,True
0.0,30,171754.239733,False
0.0,30,171804.979529,False
0.0,30,171851.416983,False
1.6,30,171897.363577,True
0.0,30,171944.718756,False
0.0,30,171997.930051,False
2.1,30,172039.840868,True
0.0,30,172094.570679,False
3.0,30,172143.168142,True
1.7,30,172190.603397,True
2.5,30,172237.243409,True
0.0,30,172293.216387,False
0.0,30,172333.696028,False
2.4,30,172380.077542,True
2.1,30,172427.930059,True
0.0,30,172473.602122,False
1.5,30,172523.709506,True
0.0,30,172580.326065,False
0.0,30,172627.944772,False
0.0,30,172675.105695,False
2.4,30,172719.906065,True
2.4,30,172993.610722,True
0.0,30,173039.513585,False
2.4,30,173087.525875,True
0.0,30,173129.577889,False
1.9,30,173173.137527,True
0.0,30,173224.130546,False
0.0,30,173269.3108,False
2.5,30,173317.382842,True
0.0,30,173362.947833,False
0.0,30,173413.21479,False
0.0,30,173456.167972,False
2.8,30,173509.259612,True
2.6,30,173556.638901,True
0.0,30,173602.852087,False
2.2,30,173649.051,True
0.0,30,173689.736594,False
2.6,30,173734.028209,True
2.0,30,173776.963383,True
0.0,30,173822.289984,False
0.0,30,173869.809163,False
2.6,30,173905.34205,True
0.0,30,173949.625942,False
0.0,30,173994.079967,False
3.0,30,174049.068156,True
0.0,30,174088.737852,False
0.0,30,174134.632004,False
0.0,30,174180.880567,False
0.0,30,174231.037526,False
0.0,30,174285.161995,False
0.0,30,174328.745929,False
2.9,30,174382.18876,True
2.7,30,174437.848365,True
0.0,30,174489.326329,False
0.0,30,174535.277886,False
0.0,30,174822.624157,False
2.7,30,174867.379946,True
0.0,30,174911.699505,False
2.1,30,174955.348294,True
0.0,30,175000.856192,False
2.3,30,175043.884954,True
0.0,30,175090.151389,False
0.0,30,175135.963541,False
0.0,30,175192.512141,False
1.8,30,175234.849725,True
0.0,30,175280.295392,False
0.0,30,175322.559266,False
0.0,30,175367.022597,False
0.0,30,175412.043585,False
0.0,30,175456.818493,False
0.0,30,175502.083335,False
0.0,30,175545.224298,False
0.0,30,175592.149593,False
2.5,30,175637.026856,True
0.0,30,175682.578415,False
3.0,30,175728.054368,True
0.0,30,175775.347388,False
0.0,30,175819.371441,False
2.4,30,175865.955358,True
2.4,30,175907.663819,True
2.2,30,175951.7205,True
2.8,30,175997.702068,True
0.0,30,176042.991453,False
2.8,30,176091.958274,True
0.0,30,176139.791323,False
0.0,30,176182.675633,False
2.7,30,176220.082033,True
3.0,30,176266.007089,True
0.0,30,176312.386806,False
0.0,30,176585.516662,False
0.0,30,176632.871968,False
2.9,30,176678.652234,True
2.8,30,176726.60115,True
2.1,30,176769.64111,True
2.9,30,176810.981851,True
0.8,30,176861.683898,False
2.7,30,176910.40892,True
2.9,30,176956.061141,True
0.0,30,177012.86908,False
2.8,30,177061.011461,True
0.0,30,177105.590039,False
2.5,30,177148.320039,True
2.7,30,177193.209223,True
0.0,30,177239.611564,False
0.0,30,177288.491963,False
0.0,30,177337.798274,False
2.9,30,177391.01384,True
0.8,30,177436.295483,True
0.9,30,177480.690259,False
2.5,30,177528.738011,True
0.0,30,177579.143776,False
0.0,30,177619.435127,False
0.0,30,177663.364775,False
2.6,30,177704.353101,True
2.1,30,177750.224549,True
2.0,30,177789.792205,True
0.0,30,177832.48512,False
2.6,30,177875.960518,True
2.7,30,177923.918654,True
3.0,30,177969.340718,True
0.0,30,178011.508829,False
0.0,30,178054.71987,False
0.0,30,178095.190252,False
0.0,30,178393.510855,False
0.0,30,178445.049605,False
2.6,30,178493.941017,True
0.0,30,178538.980058,False
0.0,30,178589.234083,False
0.0,30,178629.423039,False
0.0,30,178674.702442,False
2.8,30,178725.350716,True
2.4,30,178786.655754,True
0.0,30,178831.390053,False
0.0,30,178882.683812,False
0.0,30,178927.273682,False
0.0,30,178970.673193,False
2.1,30,179021.118807,True
0.0,30,179063.750783,False
1.8,30,179113.4375,True
0.0,30,179163.918732,False
0.0,30,179206.653364,False
2.6,30,179257.299727,True
0.0,30,179300.546895,False
0.0,30,179341.47399,False
0.0,30,179387.321293,False
0.0,30,179437.409575,False
1.5,30,179485.433207,True
0.0,30,179529.793642,False
3.0,30,179580.135254,True
2.9,30,179628.598778,True
0.0,30,179675.528021,False
3.0,30,179718.407514,True
2.8,30,179766.388571,True
0.0,30,179812.263186,False
1.6,30,179860.062762,True
2.8,30,179908.853338,True
0.0,30,179955.44654,False
2.2,30,180004.047889,True
0.0,30,180362.008388,False
1.8,30,180410.794168,True
2.6,30,180461.017891,True
2.6,30,180505.714762,True
0.0,30,180549.774088,False
0.0,30,180597.778148,False
2.6,30,180643.754683,True
2.6,30,180690.072755,True
0.0,30,180746.564447,False
2.0,30,180791.917462,True
2.5,30,180839.35746,True
2.7,30,180888.706282,True
0.0,30,180933.517494,False
2.5,30,180982.375718,True
2.7,30,181028.868759,True
0.0,30,181078.735668,False
0.0,30,181124.447933,False
0.0,30,181171.230767,False
2.2,30,181211.776831,True
0.0,30,181260.514633,False
0.0,30,181314.648711,False
0.0,30,181359.026702,False
2.2,30,181407.377793,True
0.0,30,181453.777798,False
2.1,30,181500.993127,True
0.0,30,181545.805062,False
2.6,30,181594.758338,True
0.0,30,181638.24701,False
0.0,30,181685.391927,False
0.0,30,181730.589058,False
2.7,30,181774.429726,True
0.0,30,181821.09393,False
2.8,30,181865.004718,True
2.3,30,181910.966356,True
0.0,30,182277.386013,False
2.9,30,182327.606591,True
2.5,30,182375.66401,True
1.0,30,182426.980605,True
0.0,30,182470.362357,False
0.0,30,182510.708595,False
2.7,30,182566.880449,True
2.8,30,182613.213864,True
0.0,30,182663.085305,False
2.6,30,182709.253198,True
0.0,30,182754.837151,False
0.0,30,182799.664165,False
0.0,30,182848.281743,False
0.0,30,182898.372241,False
2.5,30,182944.060363,True
0.0,30,182986.119797,False
0.0,30,183035.792578,False
0.0,30,183081.508687,False
1.9,30,183127.05364,True
2.9,30,183174.746688,True
2.3,30,183218.36363,True
0.0,30,183263.444034,False
0.0,30,183312.037899,False
0.0,30,183357.906102,False
2.8,30,183413.22238,True
0.0,30,183486.519297,False
0.0,30,183532.905995,False
0.0,30,183579.79528,False
0.0,30,183637.091278,False
2.9,30,183687.495148,True
0.0,30,183730.808415,False
2.9,30,183780.024167,True
0.0,30,183825.258023,False
0.0,30,183876.054523,False
2.8,30,184217.605009,True
3.0,30,184258.038556,True
2.7,30,184304.207953,True
0.0,30,184348.838093,False
2.6,30,184391.882174,True
0.8,30,184438.032824,False
2.5,30,184485.161027,True
2.6,30,184529.616884,True
0.0,30,184576.557495,False
0.7,30,184624.857733,False
0.0,30,184674.460402,False
0.0,30,184718.22108,False
1.9,30,184763.54443,True
0.0,30,184804.957434,False
0.0,30,184854.715691,False
0.0,30,184911.140359,False
0.0,30,184962.453984,False
1.2,30,185009.879836,True
0.0,30,185056.750553,False
0.0,30,185102.446188,False
0.0,30,185148.102411,False
0.0,30,185194.289159,False
2.3,30,185254.163299,True
2.8,30,185313.832215,True
0.0,30,185363.850945,False
2.7,30,185407.807907,True
0.8,30,185452.209004,True
0.0,30,185495.207274,False
2.4,30,185536.157738,True
0.0,30,185580.583369,False
0.0,30,185628.602017,False
0.0,30,185673.686658,False
0.0,30,185716.286372,False
0.0,30,185763.175267,False
2.7,30,186141.566519,True
0.0,30,186186.98531,False
0.0,30,186247.730134,False
2.8,30,186294.163784,True
0.0,30,186343.730142,False
2.5,30,186389.173615,True
2.6,30,186438.454212,True
2.5,30,186481.151458,True
0.0,30,186533.576341,False
0.0,30,186586.379641,False
0.0,30,186632.299231,False
2.7,30,186688.18975,True
0.0,30,186739.904798,False
2.6,30,186792.11014,True
2.4,30,186838.571189,True
2.7,30,186882.628869,True
2.0,30,186936.378745,True
0.0,30,186980.734302,False
0.0,30,187026.943728,False
0.0,30,187070.880611,False
2.5,30,187121.812736,True
0.0,30,187165.655905,False
2.6,30,187212.029113,True
1.1,30,187274.11486,True
2.7,30,187321.731664,True
2.5,30,187366.312911,True
0.0,30,187411.159686,False
0.0,30,187460.911427,False
0.0,30,187502.51712,False
0.0,30,187546.79053,False
2.1,30,187590.955203,True
2.9,30,187636.701623,True
0.0,30,187688.799592,False
2.2,30,187734.097984,True
0.0,30,188104.715537,False
2.6,30,188155.32148,True
0.0,30,188202.627971,False
0.0,30,188250.723525,False
0.0,30,188296.032061,False
2.7,30,188338.561378,True
0.0,30,188385.987458,False
2.5,30,188435.602794,True
0.0,30,188483.748089,False
0.0,30,188530.606761,False
2.3,30,188572.390521,True
0.0,30,188623.19558,False
0.0,30,188665.940947,False
2.1,30,188716.136876,True
0.0,30,188764.638138,False
0.0,30,188815.180845,False
0.0,30,188871.451804,False
0.0,30,188916.400707,False
2.5,30,188963.42549,True
2.8,30,189013.547769,True
2.6,30,189067.724518,True
2.6,30,189115.95028,True
2.7,30,189159.780378,True
0.8,30,189211.111982,True
0.0,30,189265.721264,False
0.5,30,189311.571902,True
2.5,30,189355.124645,True
2.8,30,189405.678319,True
2.7,30,189451.924225,True
0.0,30,189497.908467,False
2.8,30,189541.254635,True
0.0,30,189593.656108,False
2.8,30,189639.602116,True
0.0,30,189690.588574,False
0.0,30,190021.211111,False
0.0,30,190065.66814,False
2.8,30,190112.78289,True
0.0,30,190160.493677,False
0.0,30,190207.979156,False
0.2,30,190250.865534,False
2.6,30,190296.008676,True
2.1,30,190341.655376,True
0.0,30,190389.259289,False
0.0,30,190445.914921,False
0.0,30,190493.347202,False
2.9,30,190538.673267,True
2.9,30,190585.468622,True
2.7,30,190632.399126,True
0.0,30,190679.240883,False
0.0,30,190731.75754,False
2.8,30,190782.730292,True
2.4,30,190830.885523,True
0.0,30,190875.551962,False
0.0,30,190923.974773,False
0.0,30,190976.04055,False
2.4,30,191016.38872,True
0.0,30,191064.463508,False
0.0,30,191110.894288,False
0.0,30,191155.847623,False
2.9,30,191202.493152,True
2.4,30,191250.167721,True
0.0,30,191294.895979,False
0.0,30,191356.402906,False
0.0,30,191411.905273,False
1.6,30,191463.28717,True
0.0,30,191510.446166,False
0.0,30,191558.822586,False
0.0,30,191605.055916,False
0.0,30,191949.433855,False
0.0,30,192000.025014,False
2.2,30,192047.946319,True
2.7,30,192095.558458,True
2.8,30,192141.290335,True
0.0,30,192183.667659,False
0.0,30,192230.42296,False
2.5,30,192272.668486,True
2.0,30,192317.87731,False
0.0,30,192361.200002,False
0.0,30,192405.7605,False
2.3,30,192448.298708,True
0.0,30,192493.335145,False
0.0,30,192535.510997,False
2.0,30,192582.32075,True
2.7,30,192630.524509,True
0.0,30,192676.213421,False
0.0,30,192720.425505,False
0.0,30,192772.331598,False
2.8,30,192818.957447,True
1.7,30,192862.598408,True
0.0,30,192904.460168,False
2.7,30,192953.479111,True
0.0,30,193003.74881,False
2.9,30,193051.656772,True
2.6,30,193098.204221,True
0.0,30,193143.428436,False
2.7,30,193189.73258,True
2.6,30,193235.130046,True
2.6,30,193279.88949,True
2.7,30,193324.253279,True
2.6,30,193368.396214,True
2.4,30,193414.708048,True
2.6,30,193476.708538,True
0.0,30,193841.109284,False
0.0,30,193884.781636,False
0.0,30,193932.839303,False
0.0,30,193978.138336,False
3.0,30,194031.297987,True
2.5,30,194083.516749,True
0.0,30,194129.029188,False
2.8,30,194180.34583,True
0.0,30,194227.158384,False
2.8,30,194275.651264,True
0.0,30,194322.329531,False
2.3,30,194367.411038,True
1.4,30,194414.883136,True
0.0,30,194465.221372,False
0.0,30,194514.336416,False
2.0,30,194561.097384,True
2.9,30,194606.472065,True
0.0,30,194656.430455,False
0.0,30,194705.6961,False
1.9,30,194751.59378,True
0.0,30,194796.844643,False
2.8,30,194847.968622,True
2.6,30,194890.753938,True
2.8,30,194937.59749,True
0.0,30,194987.49488,False
2.7,30,195030.812742,True
2.3,30,195073.247452,True
2.2,30,195127.102545,True
2.9,30,195176.688174,True
0.0,30,195224.80324,False
2.8,30,195275.161994,True
0.0,30,195326.657805,False
0.0,30,195382.321994,False
2.5,30,195427.891489,True
0.0,30,195471.084062,False
0.0,30,195818.686727,False
0.0,30,195864.680054,False
0.0,30,195914.427577,False
0.0,30,195967.932876,False
0.0,30,196022.394504,False
2.3,30,196068.213317,True
0.0,30,196115.06951,False
0.0,30,196156.232491,False
2.7,30,196204.91821,True
3.0,30,196251.426967,True
0.0,30,196313.582679,False
1.6,30,196362.081037,True
0.0,30,196419.870458,False
2.4,30,196469.025428,True
2.8,30,196515.841094,True
0.0,30,196568.651561,False
3.0,30,196613.508775,True
0.0,30,196663.833481,False
0.0,30,196712.207775,False
1.7,30,196761.61533,True
2.7,30,196811.235685,True
2.7,30,196862.749,True
0.0,30,196908.158032,False
0.0,30,196950.003571,False
2.8,30,196994.968384,True
0.0,30,197043.520625,False
0.0,30,197091.058368,False
3.0,30,197139.507146,True
2.6,30,197190.475675,True
0.0,30,197237.237454,False
2.8,30,197289.764829,True
0.0,30,197341.669228,False
0.0,30,197396.607513,False
0.0,30,197445.933375,False
0.0,30,197760.903189,False
0.7,30,197805.111171,True
0.0,30,197849.985271,False
2.8,30,197893.238728,True
2.8,30,197939.879815,True
2.2,30,197986.088238,True
0.0,30,198028.391628,False
0.0,30,198074.688271,False
0.0,30,198117.899461,False
2.0,30,198163.992564,True
0.0,30,198214.831053,False
2.4,30,198264.508404,True
2.8,30,198317.183121,True
0.0,30,198373.225699,False
0.0,30,198424.435013,False
0.9,30,198474.074489,True
0.0,30,198522.77644,False
2.5,30,198569.059878,True
0.0,30,198615.558329,False
1.0,30,198663.953587,True
0.0,30,198722.130599,False
2.9,30,198769.123844,True
0.0,30,198824.906548,False
2.4,30,198869.54053,True
2.9,30,198917.723495,True
2.8,30,198957.985038,True
0.0,30,199007.017749,False
0.0,30,199054.928637,False
0.0,30,199103.762967,False
2.8,30,199155.537675,True
0.4,30,199207.926855,True
0.0,30,199260.215644,False
0.0,30,199311.730923,False
0.0,30,199352.110623,False
2.4,30,199687.167768,True
0.0,30,199731.11315,False
2.5,30,199786.50048,True
0.0,30,199831.322033,False
2.5,30,199880.858903,True
2.6,30,199928.575706,True
0.0,30,199972.125998,False
0.0,30,200066.64264,False
0.0,30,200113.345314,False
0.0,30,200158.249393,False
0.0,30,200203.877945,False
0.0,30,200246.811804,False
0.0,30,200292.707428,False
2.5,30,200337.980081,True
0.0,30,200386.12729,False
0.0,30,200434.060185,False
0.0,30,200481.885896,False
0.0,30,200531.088828,False
1.7,30,200577.338448,True
0.0,30,200627.06151,False
2.9,30,200674.113595,True
0.0,30,200718.689437,False
0.0,30,200772.296793,False
0.0,30,200816.763642,False
0.0,30,200860.625526,False
0.0,30,200916.224922,False
2.6,30,200972.067797,True
0.0,30,201027.473207,False
0.9,30,201077.671081,True
0.0,30,201122.323537,False
2.9,30,201168.641957,True
0.0,30,201212.180416,False
0.0,30,201257.436956,False
0.0,30,201303.216296,False
2.0,30,201652.949383,True
0.0,30,201702.775338,False
0.0,30,201756.19323,False
3.0,30,201812.055957,True
0.0,30,201861.223629,False
2.4,30,201906.888792,True
2.3,30,201946.288384,True
0.0,30,201991.163259,False
2.5,30,202037.061245,True
0.0,30,202077.639639,False
0.0,30,202128.65019,False
2.2,30,202178.629891,True
0.0,30,202223.488135,False
0.0,30,202275.99532,False
2.5,30,202322.935235,True
0.0,30,202366.114066,False
2.2,30,202408.720019,True
0.0,30,202451.571566,False
2.6,30,202504.971611,True
0.0,30,202552.546324,False
2.3,30,202595.657645,True
0.0,30,202641.99512,False
2.7,30,202687.631669,True
2.9,30,202735.847296,True
0.0,30,202789.437395,False
0.0,30,202834.095681,False
0.0,30,202876.076282,False
0.0,30,202922.551815,False
1.7,30,202964.368372,False
2.6,30,203010.461564,True
0.0,30,203056.60625,False
0.0,30,203104.528138,False
0.0,30,203150.78253,False
0.0,30,203201.048308,False
0.0,30,203548.219114,False
2.8,30,203595.878925,True
2.5,30,203653.232435,True
0.0,30,203702.699629,False
0.0,30,203769.24447,False
1.5,30,203815.296707,True
0.0,30,203869.929713,False
0.0,30,203915.090834,False
2.3,30,203963.625566,True
0.0,30,204010.756829,False
0.0,30,204057.309563,False
0.0,30,204106.90698,False
0.0,30,204148.814236,False
0.0,30,204201.697999,False
0.0,30,204245.924664,False
1.9,30,204292.670036,True
2.2,30,204340.628851,True
1.2,30,204387.14765,True
0.0,30,204432.173215,False
0.0,30,204477.122894,False
2.7,30,204524.172985,True
2.9,30,204579.412461,True
2.2,30,204625.08323,True
0.0,30,204677.874103,False
2.1,30,204723.136351,True
0.0,30,204764.606297,False
0.0,30,204809.683333,False
2.8,30,204862.948524,True
0.0,30,204909.765612,False
0.0,30,204948.80265,False
0.0,30,204990.442308,False
1.3,30,205037.71184,True
2.7,30,205083.825515,True
0.0,30,205132.150195,False
0.0,30,205466.029025,False
2.5,30,205509.33686,True
0.7,30,205558.812082,True
2.7,30,205604.510173,True
2.4,30,205652.750151,True
2.4,30,205702.475613,True
2.3,30,205751.375465,True
0.0,30,205800.634476,False
2.3,30,205847.924901,True
0.0,30,205890.331556,False
0.0,30,205936.655049,False
1.6,30,205987.357276,True
0.0,30,206036.157774,False
2.7,30,206081.391614,True
2.7,30,206127.962129,True
0.0,30,206180.53826,False
2.5,30,206225.261531,True
0.0,30,206272.300005,False
0.0,30,206319.499857,False
2.6,30,206368.478446,True
0.0,30,206417.724875,False
2.5,30,206466.826873,True
2.4,30,206509.537969,True
0.0,30,206557.89187,False
2.8,30,206613.433835,True
0.0,30,206661.002332,False
2.9,30,206704.729871,True
1.3,30,206756.924336,True
0.0,30,206801.98416,False
0.2,30,206856.614724,True
0.0,30,206901.721873,False
0.0,30,206954.178246,False
0.0,30,207000.774221,False
0.0,30,207048.909292,False
3.0,30,207381.780042,True
2.4,30,207428.48112,True
0.0,30,207474.465617,False
2.8,30,207527.374154,True
2.8,30,207571.999708,True
0.0,30,207623.494972,False
0.0,30,207669.921342,False
0.0,30,207712.732907,False
2.7,30,207759.86672,True
0.0,30,207804.520049,False
0.0,30,207852.726129,False
3.0,30,207893.82473,True
0.0,30,207949.605077,False
2.3,30,207997.70696,True
0.0,30,208040.093326,False
2.2,30,208087.082838,True
2.6,30,208131.644674,True
2.5,30,208174.491018,True
1.7,30,208214.502359,True
2.7,30,208266.399717,True
0.0,30,208313.748066,False
2.3,30,208364.076957,True
0.0,30,208409.828849,False
2.7,30,208461.421372,True
2.3,30,208507.654734,True
2.8,30,208549.207715,True
1.6,30,208593.24773,True
2.9,30,208638.724038,True
1.8,30,208688.272118,True
0.0,30,208735.814262,False
0.0,30,208779.691208,False
2.7,30,208825.476575,True
2.4,30,208867.807966,True
2.8,30,208932.42341,True
0.0,30,208981.067421,False
0.0,30,209341.625183,False
0.0,30,209388.82623,False
0.0,30,209428.946371,False
0.5,30,209474.91684,True
0.0,30,209523.927299,False
0.0,30,209567.05491,False
0.0,30,209613.818424,False
2.6,30,209660.958848,True
0.3,30,209709.726908,False
2.3,30,209756.028742,True
0.0,30,209800.101511,False
2.9,30,209847.066996,True
0.0,30,209895.798179,False
2.8,30,209944.755847,True
2.2,30,209991.649776,True
2.9,30,210043.156492,True
2.5,30,210087.545942,True
0.0,30,210132.954222,False
0.0,30,210173.548538,False
0.0,30,210229.670806,False
2.4,30,210275.821917,True
2.6,30,210324.024765,True
0.0,30,210365.825743,False
0.0,30,210414.771588,False
0.0,30,210469.815882,False
2.8,30,210522.787419,True
2.3,30,210570.527458,True
0.0,30,210622.1256,False
0.0,30,210670.913919,False
0.0,30,210718.193708,False
0.0,30,210762.015635,False
0.0,30,210808.282885,False
0.5,30,210856.707951,True
0.0,30,210903.006586,False
2.8,30,211220.524763,True
2.5,30,211264.904048,True
2.4,30,211316.916558,True
2.7,30,211360.912288,True
2.7,30,211406.096795,True
0.0,30,211451.295947,False
0.0,30,211495.300067,False
2.4,30,211538.463075,True
0.0,30,211585.154762,False
0.0,30,211634.46164,False
2.9,30,211681.006802,True
0.0,30,211725.872078,False
0.0,30,211771.029837,False
2.0,30,211817.310595,True
3.0,30,211877.96031,True
0.0,30,211923.578236,False
0.0,30,211968.92134,False
0.0,30,212015.930199,False
2.8,30,212058.491771,True
2.8,30,212120.17341,True
0.0,30,212164.115649,False
2.7,30,212211.945038,True
2.6,30,212260.583808,True
0.0,30,212305.126559,False
2.2,30,212347.628797,True
0.0,30,212396.653932,False
2.5,30,212440.056153,True
0.0,30,212488.384946,False
2.5,30,212536.549011,True
0.0,30,212590.489276,False
0.0,30,212638.267496,False
2.7,30,212681.50371,True
0.0,30,212729.952661,False
2.9,30,212772.72098,True
0.5,30,213103.920169,False
0.0,30,213151.712013,False
0.0,30,213203.784681,False
2.7,30,213254.287235,True
2.7,30,213306.049309,True
0.0,30,213351.084264,False
2.7,30,213398.173482,True
2.8,30,213447.278687,True
2.5,30,213492.120885,True
1.6,30,213534.536561,True
0.0,30,213576.301659,False
2.7,30,213656.147113,True
2.5,30,213703.053908,True
0.0,30,213747.530515,False
2.6,30,213821.309529,True
2.2,30,213865.93131,True
0.0,30,213905.726774,False
2.8,30,213962.995176,True
0.0,30,214010.529113,False
0.0,30,214058.962288,False
1.8,30,214106.068726,True
0.0,30,214151.959552,False
2.6,30,214193.551468,True
2.7,30,214234.124487,True
2.1,30,214277.619748,True
2.5,30,214333.280443,True
0.0,30,214379.937769,False
0.0,30,214421.125392,False
0.0,30,214463.769965,False
0.0,30,214517.577754,False
2.5,30,214558.088895,True
0.0,30,214606.728331,False
2.4,30,214653.42346,True
0.0,30,214695.24396,False
2.2,30,215026.515518,True
0.0,30,215072.976398,False
2.4,30,215117.685491,True
0.0,30,215162.762521,False
2.8,30,215206.237098,True
0.0,30,215246.907025,False
2.0,30,215292.275074,True
0.0,30,215378.798257,False
2.4,30,215436.857853,True
2.4,30,215483.163365,True
2.8,30,215529.820638,True
0.0,30,215577.893703,False
2.8,30,215623.728093,True
2.5,30,215670.357245,True
0.0,30,215724.660551,False
3.0,30,215775.958069,True
0.0,30,215823.61237,False
0.0,30,215868.658391,False
2.7,30,215916.305422,True
2.7,30,215962.874098,True
0.0,30,216012.772533,False
2.8,30,216055.610235,True
1.9,30,216106.462117,True
0.0,30,216157.092785,False
2.7,30,216203.758588,True
0.0,30,216249.243595,False
2.8,30,216291.68142,True
0.0,30,216340.464957,False
0.0,30,216385.630677,False
0.0,30,216425.960514,False
2.5,30,216470.577509,True
2.8,30,216522.320509,True
0.0,30,216566.608256,False
0.0,30,216617.728225,False
0.0,30,216938.975415,False
2.1,30,216980.178027,True
2.1,30,217027.278654,True
0.0,30,217073.167198,False
2.5,30,217122.588788,True
2.6,30,217170.125237,True
2.5,30,217220.278938,True
2.5,30,217270.636266,True
2.7,30,217325.064009,True
0.0,30,217372.974177,False
2.6,30,217426.914465,True
2.5,30,217472.026437,True
0.0,30,217517.529942,False
0.0,30,217565.155944,False
2.6,30,217608.798091,True
2.6,30,217652.61482,True
2.5,30,217699.743899,True
0.0,30,217743.85777,False
2.9,30,217789.611879,True
2.2,30,217841.357979,True
2.7,30,217884.954739,True
3.0,30,217926.716754,True
0.0,30,217971.537345,False
2.4,30,218023.14783,True
2.3,30,218065.579559,True
2.8,30,218115.100809,True
2.9,30,218163.373194,True
0.0,30,218213.085503,False
0.0,30,218257.9342,False
2.6,30,218303.117367,True
0.0,30,218351.431743,False
0.0,30,218394.618291,False
0.0,30,218439.726956,False
0.0,30,218482.716784,False
2.6,30,218781.458108,True
0.0,30,218830.365803,False
2.0,30,218897.365455,True
2.6,30,218934.446027,True
2.8,30,218978.629182,True
2.6,30,219024.936033,True
0.0,30,219068.166398,False
0.0,30,219122.803225,False
2.6,30,219166.679458,True
0.0,30,219215.846467,False
0.0,30,219260.564031,False
0.0,30,219306.878986,False
2.8,30,219353.815371,True
0.0,30,219403.554039,False
2.5,30,219450.236102,True
0.0,30,219500.036051,False
0.0,30,219546.998515,False
0.0,30,219594.007364,False
2.3,30,219649.510719,True
2.6,30,219698.187283,True
0.0,30,219745.356966,False
2.6,30,219789.565851,True
2.7,30,219831.822068,True
2.7,30,219879.367748,True
0.0,30,219923.232684,False
2.6,30,219975.471218,True
0.0,30,220022.562947,False
0.0,30,220070.653939,False
0.0,30,220116.494656,False
2.7,30,220158.276753,True
1.0,30,220210.395094,True
0.0,30,220255.891171,False
0.0,30,220304.017112,False
0.0,30,220358.947283,False
0.0,30,220672.504192,False
1.9,30,220726.992743,True
0.0,30,220777.727109,False
0.0,30,220832.306839,False
0.1,30,220875.564744,False
0.0,30,220919.338181,False
0.0,30,220964.888973,False
2.6,30,221007.520976,True
0.0,30,221050.111795,False
0.0,30,221091.945104,False
0.0,30,221133.590169,False
2.5,30,221171.096295,True
0.0,30,221216.577894,False
2.6,30,221261.289598,True
0.0,30,221308.380647,False
0.0,30,221356.010206,False
0.0,30,221399.502865,False
2.5,30,221446.173347,True
0.0,30,221487.410304,False
2.8,30,221531.077802,True
0.0,30,221578.26356,False
0.0,30,221625.299921,False
2.7,30,221671.30758,True
0.0,30,221715.430573,False
2.4,30,221760.689595,True
2.4,30,221813.85767,True
2.5,30,221857.219177,True
0.0,30,221901.174348,False
0.0,30,221950.832287,False
0.0,30,222000.187384,False
3.0,30,222047.763609,True
2.4,30,222089.960257,True
0.0,30,222130.964525,False
2.7,30,222176.384378,True
0.0,30,222492.45749,False
0.0,30,222540.678409,False
2.8,30,222589.099147,True
2.7,30,222630.346023,True
1.3,30,222674.490856,False
0.0,30,222718.104686,False
0.0,30,222760.438462,False
0.0,30,222803.838109,False
2.3,30,222846.706717,True
0.0,30,222892.443147,False
0.0,30,222933.044751,False
2.2,30,222981.407887,True
0.0,30,223031.410467,False
2.5,30,223074.904039,True
0.0,30,223123.345464,False
0.0,30,223170.04222,False
3.0,30,223221.109102,True
0.0,30,223270.858482,False
0.0,30,223315.149606,False
0.0,30,223366.290195,False
0.0,30,223417.730145,False
0.0,30,223466.99629,False
2.6,30,223506.405691,True
2.5,30,223547.858391,True
2.8,30,223594.727327,True
0.0,30,223642.469071,False
0.0,30,223687.23661,False
0.0,30,223732.501222,False
0.0,30,223777.512806,False
2.8,30,223824.545113,True
2.7,30,223874.452508,True
2.7,30,223923.062354,True
2.7,30,223970.644847,True
0.0,30,224020.297095,False
0.0,30,224067.266404,False
1.5,30,224402.980554,True
0.0,30,224442.99025,False
0.0,30,224489.3081,False
2.7,30,224531.115621,True
0.0,30,224577.203533,False
0.0,30,224629.465803,False
0.0,30,224675.921329,False
0.0,30,224726.173829,False
0.0,30,224768.826251,False
0.0,30,224811.778551,False
0.0,30,224856.470347,False
0.0,30,224902.676235,False
2.3,30,224951.850713,True
0.0,30,224999.569916,False
0.0,30,225046.674249,False
0.0,30,225095.021802,False
0.3,30,225141.604221,True
0.0,30,225184.945413,False
0.4,30,225233.895643,False
0.0,30,225277.744602,False
0.0,30,225321.137509,False
0.0,30,225365.107144,False
1.4,30,225411.794872,True
0.0,30,225456.636563,False
0.0,30,225503.307181,False
0.0,30,225552.241868,False
0.0,30,225599.178733,False
0.0,30,225650.113469,False
0.0,30,225699.081497,False
2.9,30,225751.099364,True
0.0,30,225801.168222,False
2.6,30,225844.962039,True
0.0,30,225889.231502,False
3.0,30,225934.877851,True
0.0,30,226221.212225,False
2.7,30,226267.212091,True
2.1,30,226308.448958,True
0.0,30,226347.110954,False
0.0,30,226394.273627,False
0.0,30,226439.199853,False
2.5,30,226490.610728,True
0.0,30,226535.561311,False
2.3,30,226582.532182,True
2.6,30,226629.884245,True
2.8,30,226678.007648,True
0.0,30,226721.41153,False
3.0,30,226764.918735,True
0.0,30,226815.101033,False
0.0,30,226860.8504,False
2.9,30,226905.232142,True
2.7,30,226948.756369,True
2.4,30,226993.333327,True
2.5,30,227052.274724,True
0.0,30,227098.836293,False
0.0,30,227149.619919,False
0.0,30,227202.909944,False
1.6,30,227254.306261,True
0.0,30,227304.021225,False
0.0,30,227347.515723,False
2.8,30,227390.619842,True
2.8,30,227439.069558,True
2.9,30,227485.707246,True
0.0,30,227530.906869,False
0.0,30,227573.473492,False
0.0,30,227614.434104,False
2.2,30,227661.091712,True
0.0,30,227706.024737,False
2.8,30,227749.996005,True
2.8,30,228046.456044,True
2.7,30,228090.628808,True
2.4,30,228140.282701,True
0.0,30,228191.001233,False
2.0,30,228235.700455,True
0.0,30,228281.254813,False
2.6,30,228326.827478,True
2.7,30,228377.694443,True
0.0,30,228419.134375,False
2.1,30,228463.430307,True
2.6,30,228511.387022,True
0.0,30,228560.792605,False
2.6,30,228608.402956,True
2.5,30,228655.646016,True
0.0,30,228701.427538,False
2.6,30,228748.660012,True
2.5,30,228805.239651,True
0.0,30,228847.964921,False
1.8,30,228893.446297,True
0.0,30,228945.274571,False
0.0,30,228995.465962,False
2.8,30,229041.2882,True
0.0,30,229085.485907,False
0.0,30,229131.194722,False
2.4,30,229176.746275,True
1.6,30,229224.486663,True
0.0,30,229262.645031,False
2.4,30,229337.819896,True
2.8,30,229389.205559,True
0.0,30,229432.931609,False
2.5,30,229474.567917,True
0.0,30,229522.337963,False
2.3,30,229570.960154,True
2.3,30,229620.674382,True
0.0,30,229924.921138,False
0.1,30,229975.653018,True
0.0,30,230019.80349,False
0.0,30,230070.191845,False
2.3,30,230117.374053,True
3.0,30,230160.243381,True
0.0,30,230205.368026,False
2.7,30,230247.0275,True
2.7,30,230298.000287,True
2.9,30,230341.301169,True
0.0,30,230394.443635,False
2.7,30,230438.675212,True
0.0,30,230480.437374,False
2.7,30,230525.28746,True
0.0,30,230573.931424,False
2.1,30,230621.560255,True
0.0,30,230667.526073,False
2.7,30,230710.77878,True
0.0,30,230756.01475,False
2.5,30,230795.24714,True
0.0,30,230843.518341,False
2.8,30,230890.309253,True
2.4,30,230938.746481,True
0.0,30,230989.198401,False
2.7,30,231050.154987,True
1.6,30,231102.503177,True
0.0,30,231157.158555,False
0.0,30,231204.902842,False
2.8,30,231244.184224,True
2.6,30,231284.986483,True
0.0,30,231339.399301,False
2.4,30,231392.031399,True
2.7,30,231438.961783,True
1.5,30,231482.781671,True
0.0,30,231758.819108,False
1.5,30,231803.762914,True
2.8,30,231848.861432,True
2.0,30,231887.922754,True
0.0,30,231930.37396,False
0.0,30,231978.602035,False
2.4,30,232022.774008,True
2.7,30,232066.939687,True
0.0,30,232112.096672,False
2.1,30,232155.151827,True
1.8,30,232207.616697,True
0.0,30,232252.611007,False
0.0,30,232297.311004,False
0.0,30,232341.737504,False
2.5,30,232392.613157,True
0.0,30,232439.124134,False
2.9,30,232487.905059,True
0.0,30,232535.879704,False
1.1,30,232584.589163,True
0.0,30,232636.414057,False
2.4,30,232675.352249,True
0.0,30,232724.403117,False
0.0,30,232768.6411,False
0.0,30,232814.509188,False
0.0,30,232857.067829,False
0.0,30,232906.624741,False
0.0,30,232949.918085,False
0.0,30,232997.045854,False
2.4,30,233045.588779,True
0.0,30,233097.432988,False
2.6,30,233140.742675,True
0.0,30,233190.845768,False
0.0,30,233243.153716,False
2.5,30,233292.671864,True
2.2,30,233599.362507,True
0.0,30,233642.905113,False
2.6,30,233686.424918,True
2.6,30,233730.166564,True
0.0,30,233771.861406,False
2.1,30,233820.429439,True
0.0,30,233870.47913,False
0.0,30,233913.994454,False
2.9,30,233958.64425,True
2.5,30,234000.245112,True
0.0,30,234049.974331,False
1.1,30,234108.693197,True
0.0,30,234162.515833,False
0.0,30,234203.397154,False
0.0,30,234247.020597,False
0.0,30,234288.204564,False
2.7,30,234335.810484,True
2.8,30,234387.018887,True
0.0,30,234436.942771,False
2.5,30,234485.374292,True
2.7,30,234527.129803,True
0.0,30,234569.97085,False
0.0,30,234618.191389,False
2.4,30,234658.847336,True
2.0,30,234709.488535,True
0.0,30,234757.767215,False
2.3,30,234799.364278,True
0.0,30,234847.792789,False
2.5,30,234892.290998,True
2.9,30,234937.061617,True
0.0,30,234989.313579,False
0.0,30,235038.676864,False
2.7,30,235085.507099,True
2.4,30,235139.055621,True
0.0,30,235426.719797,False
2.5,30,235476.223644,True
0.0,30,235521.48417,False
0.0,30,235569.3916,False
1.9,30,235613.724532,True
2.8,30,235654.503593,True
2.8,30,235702.511762,True
0.6,30,235747.828451,True
0.0,30,235795.030585,False
2.9,30,235838.932642,True
0.0,30,235884.052439,False
2.6,30,235927.68624,True
0.0,30,235968.756607,False
0.0,30,236010.36695,False
2.8,30,236053.782685,True
1.7,30,236097.498268,True
0.0,30,236144.012647,False
0.0,30,236189.790059,False
0.0,30,236232.733531,False
0.0,30,236274.227286,False
0.0,30,236323.315295,False
3.0,30,236366.922968,True
0.6,30,236411.700362,True
0.0,30,236453.695807,False
3.0,30,236498.570848,True
2.7,30,236543.75181,True
2.8,30,236598.316771,True
2.3,30,236642.313928,True
0.0,30,236684.057064,False
0.0,30,236727.473773,False
2.4,30,236776.770294,True
2.7,30,236823.49939,True
0.0,30,236867.419439,False
0.0,30,236912.190992,False
2.7,30,236956.057553,True
0.0,30,237271.876511,False
0.0,30,237316.160694,False
0.0,30,237372.162707,False
2.6,30,237419.397525,True
1.9,30,237470.27321,True
2.6,30,237517.363668,True
0.0,30,237563.356949,False
2.5,30,237611.537802,True
0.0,30,237654.533725,False
0.0,30,237699.793974,False
2.5,30,237746.072046,True
2.8,30,237798.605777,True
0.0,30,237842.301633,False
2.6,30,237890.778416,True
2.6,30,237938.183412,True
0.0,30,237983.583915,False
0.0,30,238027.901967,False
0.0,30,238071.863168,False
0.0,30,238115.928646,False
0.0,30,238159.553853,False
0.0,30,238207.685406,False
2.4,30,238252.552566,True
0.0,30,238305.11103,False
2.5,30,238350.464272,True
1.9,30,238391.375647,True
0.0,30,238434.297671,False
0.0,30,238480.094723,False
0.0,30,238530.495731,False
0.0,30,238574.91991,False
1.7,30,238626.556601,True
0.0,30,238670.796762,False
2.6,30,238719.205794,True
2.7,30,238760.313439,True
2.7,30,238804.985237,True
2.5,30,239136.67631,True
0.0,30,239175.217204,False
2.2,30,239221.470528,True
0.0,30,239269.80875,False
2.7,30,239317.782878,True
3.0,30,239366.416175,True
2.2,30,239411.318165,True
2.6,30,239459.171767,True
0.0,30,239501.206417,False
2.0,30,239549.518426,True
0.8,30,239605.030069,True
2.0,30,239647.716471,True
2.5,30,239697.343842,True
0.0,30,239744.945707,False
2.6,30,239791.822008,True
2.3,30,239844.875737,True
2.8,30,239897.424527,True
0.0,30,240005.278289,False
2.7,30,240057.94785,True
2.2,30,240112.984001,True
0.0,30,240156.708874,False
0.0,30,240201.105304,False
0.0,30,240243.161876,False
0.0,30,240291.524276,False
2.8,30,240332.914066,True
2.0,30,240377.971785,True
0.0,30,240435.148192,False
2.9,30,240485.061911,True
2.9,30,240531.770297,True
2.8,30,240579.944535,True
2.6,30,240630.619416,True
0.0,30,240674.53836,False
2.8,30,240717.618725,True
0.0,30,240767.199624,False
0.0,30,241078.066331,False
0.0,30,241123.306138,False
0.0,30,241169.49788,False
0.0,30,241217.656763,False
2.8,30,241269.310678,True
2.8,30,241321.643897,True
0.0,30,241364.082659,False
0.0,30,241407.514297,False
2.8,30,241449.898534,True
0.0,30,241494.854955,False
0.0,30,241546.045412,False
2.5,30,241587.756452,True
2.6,30,241628.934859,True
0.0,30,241670.996956,False
2.6,30,241721.622276,True
1.2,30,241772.204942,True
2.8,30,241813.940076,True
2.6,30,241858.979441,True
2.2,30,241902.775034,True
0.0,30,241950.912822,False
0.0,30,242001.028959,False
0.0,30,242044.24314,False
0.0,30,242090.497213,False
2.7,30,242138.950406,True
2.5,30,242180.705758,True
0.0,30,242227.886058,False
0.0,30,242271.066519,False
0.0,30,242328.837984,False
3.0,30,242372.937365,True
0.0,30,242446.160248,False
2.9,30,242491.698926,True
0.0,30,242537.964923,False
0.0,30,242588.705508,False
2.4,30,242631.796634,True
2.7,30,242945.123856,True
0.0,30,242989.681362,False
0.0,30,243038.172086,False
2.8,30,243084.340296,True
2.6,30,243131.396603,True
0.0,30,243170.379575,False
0.0,30,243217.940719,False
2.8,30,243260.920332,True
2.1,30,243305.061843,True
0.0,30,243352.989265,False
0.0,30,243402.159622,False
2.6,30,243446.091957,True
1.3,30,243492.591046,True
0.0,30,243532.515518,False
0.0,30,243582.770169,False
1.1,30,243649.425305,True
0.0,30,243695.974595,False
2.9,30,243743.057371,True
0.0,30,243801.195031,False
2.5,30,243845.773077,True
2.2,30,243889.457662,True
0.0,30,243932.615393,False
0.0,30,243977.68102,False
2.5,30,244031.265345,True
2.6,30,244078.65682,True
3.0,30,244121.211409,True
0.0,30,244167.119449,False
0.0,30,244213.625948,False
1.9,30,244258.167202,True
0.0,30,244305.417136,False
2.5,30,244351.430999,True
2.4,30,244392.564263,True
3.0,30,244445.207416,True
0.0,30,244489.304485,False
2.2,30,244802.323855,True
0.0,30,244846.265018,False
2.6,30,244896.631288,True
0.0,30,244948.916492,False
0.8,30,244995.822136,False
2.8,30,245040.719725,True
0.0,30,245089.042751,False
2.5,30,245133.979513,True
2.9,30,245180.358202,True
0.0,30,245222.546624,False
0.0,30,245269.859792,False
2.0,30,245314.086561,True
2.9,30,245360.689199,True
0.0,30,245401.487258,False
0.0,30,245457.290614,False
1.3,30,245506.298719,True
2.2,30,245554.380055,True
0.0,30,245597.700919,False
2.2,30,245644.770482,True
3.0,30,245691.325175,True
0.0,30,245742.174186,False
1.7,30,245793.130644,True
2.0,30,245842.585444,True
0.0,30,245890.331997,False
2.7,30,245935.106048,True
0.0,30,245993.617673,False
0.0,30,246040.669092,False
0.0,30,246084.620291,False
0.0,30,246133.612611,False
0.0,30,246182.287945,False
1.8,30,246224.60024,True
2.3,30,246267.256069,True
0.0,30,246313.638975,False
0.0,30,246363.597205,False
2.9,30,246706.143027,True
1.9,30,246753.823456,True
0.0,30,246798.828844,False
2.6,30,246841.588777,True
0.0,30,246891.453955,False
0.0,30,246941.053683,False
0.0,30,246985.467315,False
0.0,30,247034.543499,False
0.3,30,247084.796596,True
2.1,30,247129.210983,True
0.0,30,247178.701666,False
0.0,30,247224.175965,False
0.0,30,247268.371834,False
0.0,30,247310.600114,False
2.6,30,247349.851904,True
3.0,30,247396.346302,True
2.2,30,247438.604873,True
0.0,30,247485.446518,False
0.0,30,247535.26264,False
2.5,30,247585.0419,True
3.0,30,247629.256466,True
2.8,30,247676.842984,True
0.0,30,247727.116875,False
2.3,30,247773.783447,True
0.0,30,247816.701152,False
0.0,30,247863.463157,False
3.0,30,247930.653069,True
1.7,30,247972.343688,True
3.0,30,248016.853199,True
0.0,30,248062.685075,False
2.7,30,248114.163002,True
2.4,30,248165.547694,True
1.7,30,248219.640305,True
0.1,30,248271.905421,True
3.0,30,248608.588651,True
2.5,30,248653.387286,True
2.5,30,248698.783639,True
3.0,30,248745.011059,True
2.8,30,248793.634887,True
0.0,30,248837.526863,False
2.3,30,248883.496109,True
2.2,30,248931.745674,True
0.0,30,248986.324927,False
0.5,30,249037.714172,True
3.0,30,249089.234505,True
2.8,30,249131.810217,True
2.5,30,249174.454627,True
2.7,30,249226.504021,True
2.8,30,249271.437759,True
0.0,30,249319.522741,False
2.9,30,249360.129025,True
2.8,30,249413.692875,True
0.0,30,249466.381278,False
0.0,30,249512.626359,False
2.7,30,249557.341388,True
2.7,30,249631.924472,True
0.0,30,249676.739304,False
0.0,30,249722.022684,False
2.4,30,249767.036761,True
0.0,30,249812.366124,False
0.0,30,249867.520828,False
2.2,30,249913.565683,True
2.0,30,249958.508638,True
0.0,30,250007.202886,False
2.6,30,250050.245403,True
0.0,30,250093.880562,False
0.0,30,250142.801351,False
2.4,30,250188.864435,True
2.0,30,250511.756319,True
2.0,30,250554.803515,True
2.6,30,250602.296017,True
0.0,30,250651.948728,False
0.0,30,250701.346115,False
0.0,30,250747.187344,False
2.8,30,250790.065153,True
0.0,30,250841.602225,False
3.0,30,250885.062115,True
0.0,30,250928.751201,False
0.0,30,250970.855197,False
0.0,30,251014.89063,False
2.8,30,251058.022684,True
0.0,30,251102.01607,False
0.0,30,251151.410882,False
0.0,30,251200.985267,False
0.0,30,251251.615636,False
2.9,30,251304.314282,True
1.1,30,251352.154685,True
0.0,30,251404.384477,False
2.8,30,251450.653889,True
2.7,30,251493.576772,True
2.6,30,251536.733872,True
2.4,30,251582.350628,True
0.0,30,251625.540657,False
0.0,30,251674.536405,False
0.0,30,251722.860882,False
2.0,30,251770.692773,True
0.0,30,251816.053631,False
0.0,30,251857.704071,False
0.0,30,251898.836015,False
0.0,30,251941.312505,False
0.0,30,251983.928885,False
0.0,30,252033.752712,False
0.0,30,252085.261792,False
2.8,30,252409.340595,True
2.3,30,252453.844288,True
2.8,30,252500.468392,True
1.9,30,252549.422893,True
0.0,30,252596.263025,False
0.0,30,252649.328368,False
0.0,30,252695.488066,False
0.0,30,252755.004253,False
3.0,30,252798.61941,True
0.0,30,252843.262465,False
3.0,30,252891.829667,True
2.8,30,252939.368753,True
2.3,30,252987.428971,True
0.0,30,253031.577112,False
2.3,30,253075.628365,False
2.8,30,253118.439835,True
2.7,30,253163.620791,True
0.0,30,253223.433416,False
2.1,30,253268.984431,True
0.0,30,253314.013757,False
2.2,30,253358.072339,True
0.0,30,253403.926502,False
0.0,30,253458.784123,False
0.0,30,253506.318814,False
2.6,30,253551.882879,True
2.8,30,253591.533416,True
0.0,30,253638.099277,False
1.3,30,253686.656404,True
0.0,30,253728.170217,False
0.0,30,253776.307713,False
2.5,30,253823.133186,True
2.4,30,253868.675479,True
2.6,30,253924.095742,True
0.0,30,253971.474071,False
2.8,30,254298.763138,True
0.0,30,254345.709317,False
2.5,30,254391.823137,True
0.0,30,254433.580448,False
0.0,30,254480.026047,False
2.3,30,254531.21671,True
2.8,30,254578.122217,True
3.0,30,254627.841285,True
2.3,30,254672.883832,True
0.0,30,254724.350793,False
0.0,30,254768.32905,False
0.5,30,254818.067996,True
0.0,30,254860.067012,False
0.0,30,254900.60109,False
2.8,30,254947.133029,True
2.6,30,254999.971299,True
0.0,30,255045.453024,False
2.6,30,255091.185813,True
3.0,30,255135.883295,True
0.0,30,255192.633928,False
0.0,30,255237.930486,False
2.3,30,255284.520148,True
0.0,30,255330.2187,False
0.0,30,255373.383638,False
0.0,30,255415.177513,False
1.6,30,255467.043616,True
0.0,30,255515.15394,False
2.5,30,255561.585107,True
0.0,30,255606.486754,False
0.0,30,255656.349055,False
2.8,30,255709.405685,True
0.0,30,255753.454083,False
0.0,30,255800.519614,False
0.0,30,255843.819045,False
0.3,30,256183.98964,True
0.0,30,256231.44041,False
0.0,30,256284.209202,False
0.0,30,256330.226555,False
2.8,30,256376.629159,True
2.9,30,256428.47703,True
2.2,30,256476.927175,True
2.8,30,256529.15649,True
0.0,30,256580.667893,False
0.0,30,256632.159003,False
0.0,30,256682.055599,False
0.0,30,256729.337582,False
0.0,30,256777.247372,False
2.2,30,256819.773708,True
0.0,30,256862.273678,False
2.1,30,256908.179567,True
0.0,30,256951.74131,False
0.0,30,257000.9255,False
2.5,30,257049.412205,True
0.0,30,257099.33268,False
2.3,30,257166.307253,True
0.0,30,257215.670621,False
2.7,30,257262.638555,True
2.8,30,257314.54218,True
0.0,30,257361.157523,False
0.0,30,257408.95192,False
3.0,30,257456.405638,True
0.0,30,257509.233098,False
2.8,30,257557.09353,True
2.9,30,257598.965524,True
2.5,30,257638.742409,True
2.2,30,257683.599386,True
0.0,30,257727.67849,False
2.4,30,257782.498077,True
0.0,30,258117.092497,False
0.0,30,258163.12376,False
0.0,30,258219.717936,False
0.0,30,258267.516666,False
0.0,30,258314.603491,False
0.0,30,258362.967605,False
2.5,30,258410.422163,True
0.0,30,258460.601285,False
0.0,30,258507.889566,False
2.8,30,258551.817489,True
2.7,30,258598.587207,True
2.7,30,258644.7045,True
3.0,30,258686.28861,True
2.9,30,258733.311761,True
1.9,30,258792.101944,True
2.3,30,258837.365217,True
0.0,30,258887.117691,False
2.5,30,258929.690909,True
0.0,30,258981.039002,False
2.6,30,259024.511823,True
0.0,30,259075.852503,False
0.0,30,259117.685803,False
0.0,30,259162.387136,False
0.0,30,259208.060403,False
0.0,30,259258.4815,False
2.7,30,259307.387313,True
0.0,30,259356.908776,False
0.0,30,259407.019643,False
2.4,30,259458.764862,True
2.6,30,259503.954495,True
2.4,30,259548.072784,True
0.0,30,259599.706331,False
2.8,30,259645.552767,True
0.0,30,259692.798514,False
2.8,30,260052.37408,True
0.0,30,260102.895294,False
0.0,30,260151.487614,False
2.7,30,260203.43708,True
2.8,30,260249.240491,True
2.8,30,260304.225625,True
2.8,30,260353.509236,True
2.8,30,260410.855038,True
0.0,30,260462.106773,False
1.8,30,260509.569651,True
0.0,30,260568.825489,False
0.0,30,260610.196703,False
0.7,30,260656.727244,True
0.0,30,260701.8679,False
0.0,30,260747.792588,False
0.0,30,260795.132205,False
0.0,30,260843.865706,False
0.0,30,260890.191492,False
2.6,30,260938.45395,True
2.8,30,260988.64774,True
0.0,30,261038.446559,False
0.0,30,261084.782725,False
2.3,30,261137.313609,True
3.0,30,261186.768512,True
2.8,30,261234.527951,True
3.0,30,261286.032865,True
2.1,30,261326.421262,True
2.8,30,261369.372279,True
0.0,30,261412.173117,False
0.0,30,261468.861965,False
2.8,30,261516.299676,True
0.4,30,261564.4537,True
0.0,30,261610.618705,False
0.0,30,261656.356144,False
0.0,30,261988.312537,False
2.4,30,262032.533287,True
2.5,30,262082.525107,True
0.0,30,262128.33899,False
2.2,30,262176.708532,True
2.6,30,262221.870752,True
0.0,30,262268.336303,False
2.2,30,262312.933037,True
0.0,30,262359.543031,False
2.7,30,262409.232033,True
2.6,30,262458.175864,True
0.0,30,262499.252567,False
0.0,30,262552.792847,False
0.0,30,262598.332523,False
0.0,30,262644.647797,False
0.0,30,262690.829232,False
2.4,30,262736.90344,True
0.0,30,262781.797253,False
2.3,30,262832.625925,True
2.3,30,262874.503909,True
0.0,30,262917.544434,False
2.6,30,262963.480137,True
0.0,30,263012.379148,False
2.5,30,263058.65857,True
0.0,30,263099.072353,False
0.0,30,263142.579996,False
2.8,30,263196.452545,True
0.0,30,263239.551512,False
2.7,30,263282.065609,True
0.0,30,263329.431869,False
0.0,30,263379.070963,False
0.0,30,263423.952606,False
2.7,30,263476.897454,True
3.0,30,263519.816108,True
0.0,30,263871.05003,False
2.9,30,263923.231652,True
0.0,30,263977.040791,False
2.8,30,264021.52772,True
0.0,30,264068.073823,False
0.0,30,264123.624052,False
2.4,30,264174.709544,True
2.4,30,264220.570657,True
0.0,30,264271.250451,False
0.0,30,264316.248586,False
2.7,30,264361.53197,True
1.9,30,264406.417566,True
2.3,30,264447.538717,True
2.0,30,264495.051737,True
2.8,30,264547.035583,True
2.8,30,264603.865436,True
0.0,30,264650.209678,False
2.8,30,264698.352118,True
2.6,30,264743.077143,True
2.6,30,264791.188577,True
2.5,30,264837.227225,True
2.8,30,264886.840761,True
0.0,30,264940.305135,False
0.0,30,264986.984291,False
2.6,30,265033.37582,True
0.0,30,265079.019227,False
0.0,30,265122.517799,False
1.9,30,265166.065119,False
2.5,30,265221.233844,True
0.0,30,265276.03605,False
2.9,30,265319.559777,True
2.8,30,265364.943376,True
2.0,30,265413.713481,True
0.0,30,265461.880884,False
2.6,30,265508.507041,True
0.0,30,265849.148505,False
0.2,30,265897.737287,True
0.0,30,265942.811975,False
0.0,30,265989.212505,False
0.0,30,266033.946936,False
2.7,30,266085.23537,True
2.6,30,266131.160924,True
0.0,30,266175.795638,False
0.0,30,266219.489979,False
0.0,30,266266.252738,False
2.8,30,266309.635621,True
2.5,30,266361.069897,True
0.0,30,266402.749035,False
0.0,30,266451.34119,False
2.9,30,266496.154269,True
0.0,30,266543.731164,False
0.0,30,266584.359032,False
2.6,30,266631.096323,True
0.0,30,266682.514228,False
0.0,30,266730.731906,False
2.7,30,266775.875638,True
0.0,30,266823.740808,False
2.4,30,266869.67953,True
2.7,30,266918.311139,True
0.0,30,266962.490809,False
2.9,30,267006.897066,True
0.0,30,267047.06224,False
0.8,30,267091.561771,True
3.0,30,267136.315592,True
0.0,30,267180.649141,False
0.0,30,267228.449368,False
0.0,30,267276.801595,False
0.0,30,267324.483414,False
0.0,30,267372.88907,False
2.8,30,267735.456614,True
0.0,30,267786.671662,False
2.6,30,267829.095841,True
0.0,30,267876.964326,False
2.8,30,267921.945484,True
0.0,30,267971.60734,False
2.4,30,268021.081034,True
2.8,30,268063.849089,True
2.7,30,268110.946615,True
0.0,30,268159.276031,False
0.0,30,268205.176033,False
2.6,30,268249.324131,True
0.0,30,268294.328211,False
2.6,30,268338.236337,True
2.4,30,268390.944085,True
2.6,30,268439.163152,True
2.4,30,268480.9357,True
2.0,30,268527.633948,True
2.7,30,268576.761211,True
2.7,30,268625.42114,True
2.4,30,268668.194505,True
0.0,30,268710.450332,False
0.0,30,268757.847395,False
2.6,30,268802.952169,True
2.7,30,268851.3352,True
0.0,30,268896.479464,False
0.0,30,268940.333715,False
2.5,30,268981.325892,True
0.0,30,269034.175536,False
0.0,30,269079.359295,False
2.8,30,269129.928375,True
2.4,30,269177.922556,True
2.6,30,269224.262029,True
2.0,30,269272.64184,True
2.5,30,269614.266089,True
0.0,30,269664.361905,False
0.0,30,269710.59864,False
2.8,30,269755.794271,True
1.1,30,269805.215778,True
0.0,30,269851.959775,False
3.0,30,269907.070389,True
1.6,30,269952.58393,True
3.0,30,269995.770467,True
2.5,30,270040.131832,True
2.4,30,270089.812289,True
2.4,30,270134.652563,True
0.0,30,270180.493617,False
0.0,30,270235.468416,False
0.0,30,270279.723272,False
0.0,30,270326.623211,False
0.0,30,270370.02442,False
0.0,30,270419.919812,False
2.1,30,270466.440767,True
0.0,30,270515.71632,False
1.5,30,270571.199167,True
2.2,30,270615.323737,True
2.7,30,270671.33467,True
2.1,30,270718.172396,True
0.0,30,270769.265022,False
0.0,30,270826.576042,False
2.3,30,270876.887732,True
0.9,30,270921.291044,True
2.5,30,270971.218328,True
2.9,30,271017.825136,True
0.0,30,271065.564888,False
0.0,30,271113.767306,False
0.0,30,271165.489028,False
0.0,30,271220.78598,False
0.2,30,271551.276519,True
0.0,30,271603.967954,False
0.0,30,271658.073044,False
1.0,30,271698.290948,False
2.3,30,271745.492238,True
0.0,30,271797.562914,False
0.0,30,271841.081035,False
0.0,30,271883.99518,False
0.0,30,271930.469575,False
2.7,30,271980.005202,True
2.4,30,272026.522413,True
2.8,30,272071.359425,True
0.0,30,272115.692909,False
0.0,30,272166.778154,False
2.6,30,272221.150844,True
1.9,30,272266.142662,True
0.0,30,272309.226407,False
2.4,30,272355.811416,True
2.3,30,272399.959204,True
0.0,30,272449.102375,False
0.0,30,272493.019115,False
2.8,30,272536.69299,True
2.8,30,272586.92932,True
2.5,30,272629.757478,True
0.0,30,272676.315398,False
2.5,30,272721.179705,True
0.0,30,272775.027411,False
0.0,30,272820.3033,False
2.1,30,272871.648227,True
0.0,30,272913.412904,False
0.0,30,272957.095407,False
0.0,30,273000.087372,False
0.0,30,273046.612754,False
0.0,30,273092.086209,False
0.0,30,273387.048801,False
3.0,30,273441.579833,True
0.0,30,273492.060119,False
0.0,30,273542.677442,False
0.0,30,273588.67575,False
0.0,30,273634.380759,False
0.0,30,273678.101875,False
0.0,30,273729.770171,False
0.0,30,273776.691477,False
0.0,30,273821.393003,False
2.7,30,273865.705035,True
0.0,30,273910.1943,False
0.0,30,273953.596831,False
2.7,30,274005.393038,True
0.0,30,274053.169222,False
2.7,30,274096.759333,True
3.0,30,274144.310332,True
0.0,30,274204.637742,False
0.0,30,274248.888075,False
2.2,30,274293.878287,True
0.7,30,274337.736083,True
2.5,30,274385.46345,True
2.6,30,274433.293371,True
0.0,30,274479.521724,False
0.0,30,274528.317749,False
0.0,30,274572.910619,False
1.1,30,274614.531495,True
2.6,30,274656.84519,True
0.0,30,274706.915458,False
2.6,30,274751.104368,True
0.0,30,274800.077219,False
0.0,30,274844.314422,False
3.0,30,274887.511223,True
2.6,30,274931.128832,True
2.9,30,275243.569505,True
0.0,30,275290.785912,False
2.5,30,275331.710493,True
2.1,30,275376.763773,True
2.8,30,275424.135666,True
0.0,30,275475.39885,False
2.4,30,275516.774222,True
2.4,30,275562.038796,True
1.4,30,275603.488115,True
2.9,30,275648.222112,True
2.8,30,275692.932236,True
0.0,30,275742.609167,False
0.0,30,275791.950908,False
0.0,30,275835.350671,False
0.0,30,275876.121267,False
0.0,30,275914.821247,False
0.0,30,275959.423801,False
2.7,30,276003.114645,True
0.0,30,276053.626396,False
0.1,30,276100.932869,False
2.8,30,276149.746463,True
2.2,30,276199.791957,True
1.2,30,276251.151422,True
1.8,30,276300.72672,True
0.0,30,276352.275888,False
2.8,30,276397.804555,True
0.0,30,276441.791961,False
1.8,30,276487.212808,True
2.8,30,276536.216578,True
3.0,30,276582.021212,True
0.0,30,276633.778285,False
2.6,30,276677.032436,True
2.7,30,276727.077131,True
0.0,30,276774.125255,False
0.0,30,277064.343134,False
2.2,30,277112.944957,True
2.3,30,277155.912473,True
0.0,30,277198.477505,False
2.5,30,277249.70024,True
2.5,30,277295.798071,True
0.0,30,277339.122793,False
2.6,30,277386.433282,True
2.3,30,277428.75653,True
2.9,30,277479.143016,True
2.7,30,277528.952822,True
0.0,30,277574.304507,False
0.0,30,277629.250996,False
0.0,30,277677.250023,False
0.0,30,277718.899879,False
0.0,30,277767.626716,False
1.3,30,277814.464786,True
0.0,30,277865.634638,False
2.6,30,277911.360235,True
0.0,30,277955.080056,False
0.0,30,278009.534968,False
3.0,30,278068.652948,True
0.0,30,278113.265623,False
3.0,30,278161.076187,True
2.5,30,278202.176845,True
2.9,30,278254.456929,True
0.0,30,278306.483695,False
0.0,30,278352.30283,False
0.0,30,278395.158077,False
0.0,30,278444.278181,False
0.0,30,278492.720864,False
1.6,30,278539.724422,True
0.0,30,278582.909735,False
0.6,30,278625.550758,True
0.0,30,278945.239166,False
2.7,30,278992.912827,True
1.1,30,279047.016696,True
2.5,30,279092.221475,True
2.0,30,279135.396628,True
2.2,30,279185.736143,True
0.0,30,279233.095915,False
0.0,30,279279.896239,False
0.0,30,279332.77063,False
3.0,30,279373.183736,True
2.8,30,279414.940205,True
0.0,30,279465.628531,False
0.0,30,279507.47876,False
0.0,30,279551.434905,False
2.5,30,279597.431585,True
2.8,30,279648.761445,True
2.1,30,279694.759863,True
3.0,30,279743.700425,True
2.8,30,279795.589136,True
0.0,30,279844.862152,False
0.0,30,279891.298771,False
0.0,30,279935.369703,False
2.5,30,279979.637999,True
2.6,30,280026.678008,True
0.0,30,280073.880094,False
0.0,30,280124.62008,False
2.9,30,280168.075145,True
2.3,30,280218.510759,True
0.0,30,280262.360739,False
2.8,30,280317.595889,True
0.0,30,280361.458292,False
1.9,30,280404.664801,True
3.0,30,280459.064802,True
2.6,30,280503.775842,True
2.8,30,280550.689919,True
0.0,30,280844.20399,False
2.1,30,280889.963644,True
2.7,30,280934.6709,True
2.8,30,280984.462906,True
0.0,30,281031.818757,False
2.6,30,281077.247805,True
2.2,30,281122.755744,True
0.0,30,281167.111707,False
2.7,30,281217.541322,True
3.0,30,281261.583179,True
0.0,30,281309.87599,False
2.0,30,281355.315748,False
0.0,30,281400.436911,False
0.0,30,281441.423147,False
3.0,30,281485.945364,True
2.3,30,281540.686172,True
2.7,30,281587.296376,True
0.0,30,281633.227822,False
0.0,30,281680.429558,False
0.0,30,281730.129408,False
2.5,30,281775.01553,True
2.8,30,281820.68306,True
2.7,30,281867.42115,True
2.6,30,281917.638569,True
3.0,30,281965.249609,True
2.6,30,282014.862417,True
0.0,30,282060.515756,False
0.2,30,282105.472198,False
0.0,30,282152.898332,False
0.0,30,282199.468708,False
1.9,30,282249.022249,True
0.2,30,282300.162523,True
2.6,30,282347.529419,True
0.0,30,282402.731388,False
2.8,30,282740.210818,True
2.9,30,282786.373372,True
2.2,30,282837.703928,True
0.0,30,282897.006708,False
2.6,30,282942.254807,True
0.0,30,282990.885497,False
2.0,30,283038.066484,True
1.6,30,283086.33127,True
2.3,30,283136.336012,True
0.0,30,283189.049061,False
2.3,30,283243.381177,True
2.9,30,283290.836262,True
2.6,30,283341.686363,True
0.0,30,283385.309912,False
0.0,30,283440.305815,False
2.8,30,283490.250313,True
0.0,30,283538.191501,False
2.6,30,283587.339125,True
0.0,30,283630.776301,False
0.0,30,283682.351771,False
0.0,30,283726.049648,False
0.0,30,283776.926213,False
1.8,30,283825.834385,True
0.0,30,283871.14644,False
3.0,30,283919.389383,True
0.0,30,283966.024043,False
0.0,30,284013.451707,False
0.0,30,284059.911013,False
1.6,30,284110.372724,True
0.0,30,284156.526899,False
2.6,30,284205.331122,True
2.7,30,284255.482548,True
2.7,30,284305.210011,True
0.0,30,284351.929265,False
2.8,30,284690.195272,True
2.9,30,284740.613165,True
0.0,30,284794.167022,False
0.0,30,284845.067227,False
0.0,30,284894.641774,False
2.9,30,284944.306909,True
0.0,30,284990.550374,False
0.0,30,285035.422409,False
2.7,30,285081.830863,True
0.0,30,285133.757443,False
0.0,30,285181.674503,False
0.0,30,285223.322552,False
1.6,30,285271.53487,True
2.0,30,285318.364429,True
0.0,30,285361.828594,False
0.0,30,285415.431491,False
3.0,30,285466.818333,True
0.0,30,285513.544091,False
2.3,30,285559.046251,True
0.0,30,285602.929351,False
0.0,30,285652.367661,False
0.1,30,285704.935183,False
1.6,30,285751.189843,True
2.8,30,285797.619349,True
2.5,30,285848.140996,True
1.7,30,285899.193681,False
2.4,30,285941.794835,True
2.5,30,285991.058973,True
0.6,30,286034.53826,True
0.0,30,286086.602221,False
3.0,30,286131.261591,True
1.1,30,286183.531346,True
0.0,30,286227.121083,False
0.0,30,286280.947708,False
2.4,30,286642.470923,True
0.0,30,286697.266147,False
0.0,30,286740.795147,False
0.0,30,286791.006083,False
0.0,30,286840.244212,False
0.0,30,286884.50585,False
0.8,30,286934.830429,True
2.9,30,286981.851481,True
2.3,30,287026.348987,True
0.0,30,287069.629314,False
0.0,30,287116.236626,False
0.0,30,287162.188393,False
0.0,30,287211.13486,False
2.4,30,287263.189252,True
2.6,30,287312.824156,True
3.0,30,287363.252444,True
0.0,30,287406.266526,False
2.6,30,287455.888429,True
1.1,30,287504.88753,True
2.8,30,287555.082676,True
2.5,30,287605.596517,True
0.0,30,287652.341253,False
2.1,30,287702.545365,True
2.6,30,287745.287416,True
2.6,30,287792.447615,True
2.6,30,287842.782432,True
0.0,30,287884.340765,False
2.0,30,287927.206803,True
0.0,30,287967.625672,False
0.0,30,288016.019107,False
2.1,30,288061.020561,True
0.0,30,288110.989995,False
0.0,30,288156.331787,False
2.8,30,288199.840054,True
0.0,30,288510.838942,False
2.7,30,288557.185762,True
2.5,30,288599.503572,True
3.0,30,288638.215838,True
1.4,30,288688.828208,False
2.8,30,288734.809948,True
0.0,30,288809.981409,False
2.6,30,288858.797082,True
0.0,30,288907.081114,False
2.4,30,288949.955796,True
0.0,30,288995.825957,False
2.9,30,289043.528517,True
2.9,30,289095.827904,True
0.0,30,289138.9183,False
0.0,30,289190.44498,False
2.8,30,289244.384354,True
0.0,30,289291.702677,False
2.3,30,289338.765235,True
0.0,30,289388.097836,False
0.0,30,289426.886849,False
0.0,30,289470.639839,False
0.0,30,289520.929327,False
2.3,30,289575.142635,True
0.0,30,289614.060421,False
2.6,30,289662.11612,True
2.9,30,289706.022696,True
2.7,30,289750.365945,True
0.0,30,289799.848357,False
2.0,30,289848.691146,True
0.0,30,289908.129042,False
0.0,30,289954.972601,False
0.0,30,290001.887822,False
0.0,30,290048.668691,False
0.0,30,290106.501172,False
0.0,30,290455.734932,False
2.2,30,290501.300555,True
0.0,30,290550.482762,False
2.4,30,290599.069114,True
0.0,30,290647.558396,False
0.0,30,290691.869082,False
0.0,30,290740.488615,False
2.5,30,290783.236514,True
1.0,30,290829.663002,True
2.4,30,290876.248134,True
2.7,30,290929.104373,True
0.0,30,290992.528936,False
2.7,30,291040.663944,True
2.2,30,291086.792534,True
2.3,30,291130.808743,True
2.9,30,291173.707924,True
2.4,30,291223.137148,True
0.0,30,291266.321722,False
0.0,30,291308.658619,False
0.0,30,291358.618952,False
1.2,30,291405.277174,True
2.1,30,291446.723077,True
2.5,30,291489.564696,True
2.8,30,291538.3959,True
2.1,30,291585.862475,True
2.5,30,291629.01357,True
2.7,30,291677.849513,True
0.0,30,291728.094386,False
2.5,30,291776.829948,True
2.9,30,291828.517864,True
0.9,30,291877.044564,True
0.0,30,291920.021068,False
0.0,30,291962.248976,False
0.0,30,292008.130245,False
0.0,30,292381.763934,False
0.0,30,292439.895975,False
2.7,30,292488.936402,True
0.0,30,292534.278986,False
0.2,30,292577.653159,False
2.3,30,292634.560625,True
2.6,30,292685.844906,True
0.0,30,292736.56125,False
0.0,30,292783.564709,False
0.0,30,292824.137039,False
0.0,30,292870.033936,False
3.0,30,292911.67153,True
0.0,30,292956.498485,False
0.0,30,292997.463553,False
2.4,30,293045.35544,True
0.0,30,293094.579152,False
2.7,30,293144.153143,True
1.8,30,293195.489834,True
0.0,30,293238.385363,False
2.0,30,293284.469888,True
0.0,30,293331.382059,False
2.2,30,293378.722553,True
0.0,30,293424.546692,False
2.8,30,293468.526691,True
0.0,30,293510.053606,False
0.0,30,293553.475881,False
1.8,30,293599.144461,True
2.5,30,293647.051578,True
0.0,30,293688.583963,False
0.0,30,293738.591533,False
2.9,30,293787.030685,True
0.0,30,293836.740171,False
0.0,30,293878.953793,False
0.0,30,293926.50152,False
2.8,30,293976.069859,True
0.0,30,294288.843762,False
1.4,30,294327.772109,True
2.4,30,294371.175175,True
2.6,30,294419.205982,True
1.1,30,294461.359574,True
0.0,30,294508.433453,False
0.0,30,294558.538927,False
2.8,30,294605.88609,True
0.0,30,294651.444828,False
1.4,30,294702.293172,True
2.3,30,294744.483091,True
0.0,30,294788.995839,False
1.0,30,294837.776419,True
2.3,30,294879.74189,True
0.0,30,294928.169943,False
2.7,30,294976.098405,True
2.6,30,295024.193078,True
2.5,30,295068.351446,True
0.0,30,295113.704298,False
0.0,30,295161.345091,False
0.0,30,295207.958378,False
2.6,30,295255.764957,True
0.0,30,295297.595274,False
0.0,30,295344.554587,False
3.0,30,295391.709124,True
0.0,30,295437.381627,False
1.8,30,295482.948622,True
3.0,30,295541.420241,True
2.8,30,295585.387144,True
0.0,30,295625.88614,False
2.4,30,295668.226194,True
0.0,30,295714.013943,False
2.7,30,295757.746318,True
2.5,30,295809.317199,True
0.0,30,296117.261223,False
0.0,30,296161.733094,False
2.8,30,296206.209876,True
2.6,30,296251.295502,True
0.0,30,296295.100218,False
0.0,30,296335.739125,False
3.0,30,296381.558362,True
0.0,30,296428.724125,False
2.8,30,296471.411052,True
2.6,30,296519.136859,True
0.0,30,296561.595278,False
0.0,30,296608.617165,False
3.0,30,296655.456995,True
0.0,30,296701.958163,False
0.0,30,296745.017373,False
1.8,30,296788.564518,True
1.6,30,296839.48889,True
2.7,30,296883.101221,True
0.0,30,296926.202542,False
0.0,30,296975.366568,False
2.8,30,297023.221636,True
0.0,30,297067.644173,False
0.0,30,297112.862475,False
2.7,30,297160.102456,True
0.0,30,297203.329994,False
0.0,30,297249.745109,False
2.8,30,297305.355688,True
2.8,30,297353.669916,True
0.0,30,297397.335748,False
0.0,30,297439.880014,False
0.0,30,297478.000746,False
0.0,30,297524.395174,False
0.0,30,297574.519741,False
0.0,30,297623.125067,False
0.0,30,297900.767601,False
0.0,30,297945.563509,False
2.6,30,297992.334071,True
0.0,30,298041.169655,False
2.8,30,298083.626782,True
0.0,30,298131.394663,False
2.6,30,298173.840598,True
2.7,30,298218.104045,True
2.2,30,298263.331633,True
0.0,30,298309.125866,False
2.4,30,298351.912819,True
0.0,30,298408.246765,False
0.0,30,298453.786436,False
2.2,30,298508.057514,True
0.0,30,298548.386164,False
0.0,30,298593.106532,False
0.0,30,298648.456225,False
2.4,30,298694.314018,True
0.0,30,298739.470197,False
0.0,30,298777.769784,False
0.0,30,298823.127531,False
2.9,30,298871.878195,True
0.0,30,298913.532985,False
0.0,30,298961.008045,False
1.1,30,299005.433503,True
0.0,30,299046.705086,False
2.8,30,299095.478265,True
2.1,30,299139.510625,True
0.0,30,299186.408782,False
0.0,30,299231.777276,False
2.2,30,299276.039895,True
2.6,30,299326.869725,True
2.3,30,299373.28911,True
0.0,30,299414.317353,False
2.0,30,299700.321814,True
2.6,30,299752.627885,True
0.0,30,299796.330301,False
2.0,30,299844.164805,True
0.0,30,299893.712477,False
0.0,30,299939.92449,False
2.1,30,299980.034852,True
2.8,30,300027.51297,True
0.0,30,300074.761894,False
0.0,30,300123.538617,False
2.3,30,300172.6744,True
0.0,30,300216.896785,False
0.0,30,300259.925196,False
0.0,30,300309.289079,False
0.0,30,300351.763281,False
1.7,30,300402.902505,True
2.7,30,300451.870565,True
0.0,30,300490.095483,False
1.9,30,300534.950362,True
0.0,30,300582.843722,False
2.7,30,300627.237265,True
0.0,30,300665.99785,False
0.0,30,300719.135411,False
1.6,30,300759.38671,True
0.0,30,300804.438574,False
2.5,30,300847.818892,True
2.5,30,300899.692474,True
0.0,30,300945.276869,False
3.0,30,300987.253726,True
0.9,30,301036.751941,True
0.0,30,301080.923027,False
0.0,30,301125.95452,False
0.0,30,301172.958646,False
2.7,30,301220.498328,True
2.6,30,301513.920009,True
2.6,30,301562.133151,True
2.5,30,301610.65622,True
2.7,30,301662.90552,True
1.5,30,301708.641042,True
2.8,30,301757.877325,True
0.0,30,301806.402596,False
0.0,30,301851.356071,False
0.6,30,301925.218467,True
0.0,30,301985.15277,False
2.4,30,302028.050141,True
0.0,30,302073.14297,False
0.0,30,302120.265694,False
2.8,30,302171.728628,True
2.8,30,302215.7983,True
0.0,30,302261.506477,False
2.5,30,302313.770344,True
2.4,30,302360.167436,True
0.0,30,302407.097993,False
0.0,30,302448.28061,False
0.0,30,302494.079121,False
2.8,30,302541.251433,True
1.7,30,302580.877118,True
2.9,30,302628.5912,True
2.7,30,302678.632865,True
3.0,30,302720.079794,True
2.2,30,302764.72638,True
2.4,30,302814.017752,True
0.0,30,302860.946682,False
2.8,30,302902.475931,True
0.0,30,302942.897748,False
2.8,30,302988.730094,True
0.0,30,303037.298325,False
2.7,30,303079.502387,True
0.0,30,303376.335593,False
0.0,30,303420.583413,False
0.0,30,303462.76912,False
1.4,30,303510.021818,True
2.5,30,303552.552231,True
0.0,30,303590.338236,False
2.6,30,303632.528412,True
1.4,30,303679.925111,True
2.0,30,303720.836591,True
0.9,30,303765.79104,False
0.0,30,303809.847284,False
2.7,30,303854.759235,True
2.4,30,303899.261268,True
2.8,30,303945.235545,True
2.7,30,303982.614064,True
0.0,30,304037.189382,False
1.4,30,304083.145655,True
0.0,30,304127.982668,False
1.7,30,304173.843807,True
0.0,30,304219.756414,False
0.0,30,304263.435488,False
2.3,30,304303.023342,True
2.4,30,304347.214782,True
2.2,30,304390.272823,True
2.5,30,304432.209647,True
3.0,30,304479.346526,True
0.0,30,304521.943629,False
0.0,30,304569.682731,False
2.6,30,304607.470647,True
0.0,30,304659.250111,False
2.6,30,304700.383134,True
2.5,30,304739.792091,True
0.0,30,304781.966898,False
3.0,30,304830.030554,True
2.8,30,305119.013347,True
0.0,30,305163.440136,False
0.0,30,305212.196666,False
2.8,30,305256.647084,True
0.0,30,305296.06398,False
0.0,30,305338.75119,False
0.0,30,305382.139216,False
1.9,30,305434.427312,True
2.0,30,305481.966964,True
1.5,30,305528.127306,True
0.0,30,305575.782917,False
0.0,30,305621.09703,False
0.0,30,305665.749754,False
0.0,30,305712.665189,False
2.4,30,305762.379118,True
2.5,30,305812.664124,True
2.3,30,305856.652352,True
2.5,30,305900.859654,True
2.8,30,305941.599708,True
2.7,30,305985.789204,True
0.0,30,306027.044799,False
1.4,30,306078.850417,True
3.0,30,306123.638051,True
2.1,30,306171.101274,True
0.0,30,306216.201308,False
3.0,30,306260.558941,True
0.0,30,306304.986952,False
1.1,30,306352.008723,True
0.0,30,306397.692301,False
2.0,30,306453.154649,True
0.0,30,306505.189865,False
0.0,30,306554.249463,False
3.0,30,306599.306337,True
2.1,30,306642.633876,True
0.0,30,306951.699302,False
0.0,30,306995.503566,False
0.0,30,307038.482372,False
2.1,30,307085.487882,True
2.0,30,307133.142138,True
0.0,30,307176.542702,False
0.0,30,307226.697802,False
2.7,30,307273.85448,True
0.0,30,307321.517004,False
2.6,30,307366.893312,True
2.3,30,307418.048288,True
3.0,30,307458.671092,True
1.9,30,307502.805459,True
2.4,30,307548.765542,True
2.7,30,307591.216946,True
0.0,30,307641.73031,False
0.0,30,307684.684748,False
0.0,30,307733.176404,False
0.0,30,307776.563364,False
0.0,30,307820.275329,False
0.0,30,307866.982708,False
2.2,30,307914.859956,True
1.5,30,307966.702396,True
2.9,30,308015.225568,True
0.0,30,308058.92894,False
1.9,30,308103.81452,True
2.9,30,308147.075261,True
0.0,30,308194.975599,False
1.6,30,308236.449359,True
0.0,30,308283.384784,False
2.1,30,308327.969038,True
0.0,30,308372.459882,False
2.9,30,308414.857552,True
2.7,30,308459.923396,True
0.0,30,308500.396856,False
0.0,30,308826.661621,False
2.9,30,308869.597706,True
0.0,30,308918.92169,False
0.0,30,308967.14633,False
2.1,30,309008.580051,True
0.0,30,309053.909441,False
2.7,30,309105.104948,True
0.0,30,309149.315907,False
0.0,30,309190.974069,False
2.6,30,309241.888798,True
0.0,30,309296.215425,False
2.8,30,309340.088949,True
0.0,30,309386.236918,False
2.8,30,309429.042094,True
2.2,30,309476.12558,True
2.6,30,309523.961058,True
0.0,30,309567.542742,False
2.4,30,309614.711743,True
0.0,30,309671.092078,False
2.5,30,309713.820302,True
0.0,30,309760.184551,False
2.6,30,309805.703199,True
2.7,30,309850.289371,True
0.0,30,309896.398855,False
0.0,30,309943.212728,False
2.6,30,309988.666219,True
0.0,30,310033.488408,False
0.0,30,310078.180235,False
0.0,30,310128.593318,False
0.0,30,310173.570677,False
2.5,30,310219.73638,True
2.5,30,310269.273138,True
3.0,30,310316.470434,True
0.0,30,310360.582619,False
0.0,30,310692.657102,False
0.0,30,310738.641255,False
2.9,30,310788.906393,True
0.0,30,310831.504951,False
0.0,30,310883.118364,False
2.9,30,310929.09229,True
1.9,30,310979.724297,True
2.4,30,311028.989091,True
0.0,30,311075.302524,False
0.0,30,311124.920006,False
0.0,30,311170.780913,False
0.0,30,311213.974736,False
0.0,30,311258.867546,False
2.7,30,311304.447094,True
0.0,30,311349.013118,False
2.5,30,311394.310051,True
0.0,30,311439.783576,False
2.7,30,311485.611439,True
0.0,30,311530.874674,False
2.5,30,311579.72388,True
2.5,30,311622.449638,True
1.9,30,311675.32,True
1.4,30,311722.620579,True
2.3,30,311802.417646,True
0.0,30,311850.972049,False
0.0,30,311895.804509,False
0.0,30,311942.832854,False
1.7,30,311984.720558,True
0.0,30,312032.704947,False
2.5,30,312079.185301,True
2.6,30,312141.721942,True
1.7,30,312194.766874,True
2.6,30,312250.244983,True
3.0,30,312312.527539,True
0.0,30,312608.085382,False
2.2,30,312655.567937,True
2.5,30,312700.033643,True
2.9,30,312745.388768,True
0.0,30,312792.789096,False
2.7,30,312834.401998,True
2.5,30,312879.644341,True
0.0,30,312924.30647,False
2.8,30,312974.186778,True
1.4,30,313021.152318,True
0.0,30,313066.726053,False
2.3,30,313111.704,True
0.0,30,313158.53353,False
2.7,30,313200.954138,True
0.0,30,313249.339602,False
0.0,30,313294.869265,False
1.5,30,313340.021595,True
0.0,30,313383.385568,False
0.0,30,313428.501331,False
2.7,30,313479.586762,True
2.1,30,313527.663728,True
2.1,30,313569.848443,True
2.2,30,313616.096807,True
0.0,30,313668.559768,False
3.0,30,313713.109026,True
1.7,30,313760.341421,True
3.0,30,313806.786238,True
0.0,30,313851.314883,False
2.8,30,313899.492136,True
2.7,30,313947.866187,True
0.0,30,313998.84735,False
2.6,30,314040.246753,True
0.0,30,314089.807225,False
0.0,30,314136.378496,False
0.0,30,314442.897182,False
0.0,30,314487.592429,False
1.9,30,314536.883447,True
0.0,30,314577.678507,False
0.0,30,314625.719338,False
0.0,30,314671.803404,False
2.8,30,314719.538029,False
0.0,30,314776.198495,False
3.0,30,314821.329506,True
2.6,30,314868.220907,True
0.0,30,314913.218224,False
2.9,30,314959.161735,True
0.0,30,315006.782104,False
0.0,30,315050.059854,False
2.5,30,315086.909031,True
0.0,30,315133.382744,False
1.9,30,315181.266997,True
2.9,30,315227.864177,True
2.6,30,315276.705517,True
0.0,30,315319.815146,False
2.2,30,315363.125068,True
1.9,30,315406.064927,True
2.6,30,315450.670058,True
0.0,30,315491.198165,False
0.0,30,315537.88417,False
0.0,30,315586.023331,False
0.0,30,315626.692105,False
0.0,30,315676.698149,False
0.0,30,315719.269277,False
0.0,30,315775.416823,False
2.6,30,315817.277355,True
0.0,30,315861.896998,False
0.0,30,315906.907911,False
0.0,30,315950.988579,False
2.2,30,316267.736843,True
0.0,30,316316.384883,False
2.7,30,316358.750134,True
2.9,30,316405.698382,True
0.0,30,316447.323867,False
1.8,30,316494.682884,True
2.7,30,316538.116287,True
1.8,30,316585.076493,True
0.0,30,316627.173836,False
0.0,30,316672.656939,False
0.0,30,316721.265867,False
0.0,30,316768.118292,False
0.0,30,316812.976736,False
2.6,30,316858.471539,True
0.0,30,316902.680044,False
2.5,30,316945.75217,True
2.7,30,316993.006695,True
0.0,30,317039.389786,False
0.0,30,317090.864133,False
0.0,30,317137.323631,False
2.5,30,317182.332861,True
1.6,30,317228.073898,True
2.7,30,317275.924543,True
2.7,30,317322.913378,True
0.0,30,317367.254422,False
0.0,30,317410.968868,False
0.0,30,317451.917931,False
2.6,30,317494.208996,True
2.9,30,317541.428041,True
2.5,30,317588.851483,True
0.0,30,317640.932311,False
2.4,30,317683.765893,True
2.5,30,317723.037081,True
0.0,30,317774.454014,False
0.0,30,318089.1847,False
0.0,30,318137.677967,False
2.0,30,318178.476487,True
0.0,30,318222.976206,False
0.0,30,318263.043772,False
0.0,30,318307.529341,False
0.0,30,318347.569345,False
2.4,30,318391.44397,True
0.0,30,318435.69321,False
0.0,30,318481.714439,False
2.8,30,318525.343138,True
0.4,30,318568.407557,False
0.0,30,318610.424178,False
2.8,30,318652.782662,True
1.3,30,318699.040662,True
2.7,30,318747.059876,True
0.0,30,318792.368938,False
0.0,30,318840.302737,False
2.7,30,318890.02065,True
1.3,30,318941.67636,True
0.0,30,318988.023639,False
0.0,30,319026.263778,False
2.0,30,319072.177835,True
0.6,30,319120.064976,False
2.9,30,319164.6745,True
2.6,30,319206.58356,True
0.0,30,319248.292048,False
0.0,30,319288.401805,False
0.2,30,319332.938402,True
0.0,30,319376.775161,False
1.8,30,319422.09281,True
0.0,30,319468.036474,False
0.0,30,319517.879997,False
2.7,30,319562.319483,True
0.0,30,319864.833276,False
0.0,30,319907.906874,False
2.7,30,319954.389045,True
2.4,30,320002.900412,True
3.0,30,320053.13725,True
2.7,30,320099.903172,True
2.9,30,320147.217474,True
0.0,30,320192.431202,False
2.7,30,320240.156471,True
0.0,30,320286.331617,False
2.2,30,320331.091552,True
0.0,30,320373.395264,False
2.5,30,320416.808944,True
0.0,30,320464.367507,False
2.8,30,320508.638261,True
3.0,30,320552.258196,True
0.0,30,320598.476513,False
0.0,30,320643.38943,False
0.0,30,320693.116134,False
3.0,30,320736.667427,True
0.0,30,320780.846019,False
1.7,30,320827.658252,True
2.7,30,320873.170724,True
2.3,30,320914.092322,True
2.6,30,320961.531822,True
0.0,30,321006.944478,False
2.8,30,321052.951816,True
2.5,30,321097.659762,True
0.0,30,321147.297539,False
2.7,30,321188.404467,True
2.6,30,321245.090281,True
2.4,30,321293.457891,True
1.2,30,321338.582347,False
0.0,30,321406.101249,False
0.0,30,321451.908905,False
2.9,30,321747.447817,True
2.2,30,321793.284793,True
1.4,30,321839.102156,True
2.3,30,321884.296212,True
2.7,30,321938.904725,True
2.9,30,321985.088647,True
0.0,30,322027.792173,False
2.6,30,322074.725382,True
2.8,30,322124.436056,True
0.0,30,322172.613767,False
2.6,30,322213.286073,True
2.9,30,322259.613047,True
2.9,30,322301.759799,True
2.1,30,322347.073096,True
0.0,30,322398.127318,False
1.5,30,322446.340635,True
0.0,30,322489.41425,False
2.7,30,322535.15274,True
2.8,30,322583.140505,True
2.2,30,322630.567714,True
2.5,30,322689.664537,True
2.2,30,322733.477681,True
1.2,30,322778.496458,True
2.4,30,322822.922718,True
2.3,30,322865.122035,True
2.7,30,322917.689818,True
2.7,30,322965.624577,True
2.8,30,323024.279506,True
2.5,30,323073.96012,True
2.5,30,323121.634806,True
0.0,30,323170.413572,False
0.0,30,323227.18723,False
0.0,30,323267.74555,False
0.0,30,323319.495636,False
0.0,30,323650.325768,False
2.2,30,323700.219556,True
2.5,30,323744.164432,True
3.0,30,323788.252085,True
0.0,30,323831.710112,False
0.0,30,323876.251956,False
0.0,30,323922.913068,False
2.5,30,323966.937509,True
3.0,30,324009.730862,True
2.9,30,324053.254059,True
0.0,30,324096.727048,False
2.8,30,324156.101897,True
0.0,30,324202.722797,False
2.6,30,324256.088405,True
0.5,30,324306.581937,True
2.6,30,324345.738244,True
0.0,30,324390.812725,False
2.8,30,324434.659671,True
2.5,30,324479.315313,True
2.3,30,324524.34065,True
2.7,30,324570.116155,True
2.6,30,324617.189895,True
0.0,30,324667.284162,False
2.7,30,324713.026196,True
2.7,30,324757.681612,True
2.9,30,324808.841979,True
2.8,30,324850.739899,True
2.5,30,324893.81093,True
2.4,30,324952.994716,True
0.0,30,324994.420568,False
1.8,30,325036.25565,True
2.2,30,325088.480635,True
0.0,30,325132.072491,False
0.0,30,325179.499541,False
0.0,30,325512.781483,False
2.8,30,325555.699203,True
2.3,30,325599.867093,True
2.6,30,325666.059005,True
0.0,30,325716.619443,False
2.9,30,325761.768288,True
0.0,30,325809.502457,False
2.5,30,325856.619447,True
2.7,30,325899.920838,True
2.3,30,325947.592903,True
3.0,30,325993.562042,True
0.0,30,326045.758326,False
1.2,30,326097.763952,False
0.0,30,326147.90327,False
0.0,30,326192.023926,False
2.8,30,326232.13206,True
0.6,30,326277.688225,True
0.0,30,326325.248878,False
0.0,30,326369.361357,False
1.1,30,326419.216752,True
0.0,30,326469.29167,False
2.6,30,326514.687564,True
3.0,30,326560.104811,True
0.0,30,326607.315884,False
0.0,30,326655.329584,False
0.0,30,326700.31368,False
2.8,30,326741.182939,True
2.7,30,326800.153573,True
2.8,30,326839.694323,True
2.1,30,326887.891177,True
0.0,30,326933.45955,False
2.5,30,326990.857759,True
0.0,30,327038.592585,False
0.0,30,327082.168738,False
2.8,30,327395.859344,True
0.0,30,327440.658479,False
2.6,30,327486.363619,True
2.8,30,327533.863591,True
0.0,30,327574.753589,False
1.6,30,327627.940511,True
0.0,30,327673.555577,False
0.0,30,327718.632442,False
2.5,30,327767.465538,True
2.8,30,327808.695819,True
0.0,30,327854.373407,False
0.0,30,327898.990786,False
0.0,30,327947.069028,False
3.0,30,327993.619968,True
0.0,30,328042.859626,False
0.0,30,328090.649771,False
2.1,30,328138.866491,True
2.5,30,328182.828663,True
0.0,30,328232.104329,False
2.6,30,328281.766228,True
0.0,30,328323.651366,False
0.0,30,328370.213497,False
0.0,30,328413.684241,False
2.5,30,328454.250564,True
0.0,30,328498.498102,False
0.0,30,328538.566126,False
0.0,30,328581.086306,False
0.0,30,328629.36182,False
0.0,30,328674.522074,False
0.0,30,328720.063003,False
2.7,30,328768.566428,True
2.3,30,328811.653131,True
0.0,30,328852.721112,False
0.0,30,328902.394744,False
2.5,30,329189.847439,True
2.4,30,329236.536705,True
2.7,30,329276.295228,True
0.0,30,329320.452111,False
1.8,30,329363.130097,True
2.4,30,329409.558354,True
2.6,30,329453.931739,True
2.8,30,329499.825229,True
0.0,30,329548.688057,False
0.0,30,329593.239175,False
0.0,30,329635.790611,False
0.0,30,329683.763221,False
0.0,30,329734.327475,False
0.0,30,329775.625636,False
2.1,30,329819.404929,True
0.0,30,329871.64571,False
0.0,30,329915.954425,False
0.0,30,329962.263669,False
0.0,30,330015.383471,False
2.6,30,330062.250493,True
2.5,30,330101.687152,True
2.0,30,330146.482947,True
0.0,30,330187.212925,False
2.8,30,330233.902152,True
0.0,30,330280.223135,False
0.0,30,330325.473468,False
2.4,30,330367.086352,True
2.7,30,330415.297236,True
0.0,30,330465.820486,False
0.0,30,330504.770051,False
2.5,30,330548.235299,True
2.7,30,330597.199493,True
0.0,30,330645.610999,False
1.4,30,330691.171224,True
2.8,30,330992.299808,True
2.4,30,331034.472452,True
3.0,30,331082.160151,True
1.1,30,331123.805438,True
0.0,30,331177.944629,False
0.0,30,331229.396167,False
0.0,30,331274.503755,False
0.0,30,331319.243428,False
1.7,30,331366.992009,True
0.0,30,331410.742668,False
0.0,30,331454.51985,False
2.8,30,331505.276372,True
2.5,30,331548.540658,True
0.0,30,331604.665356,False
0.0,30,331654.886597,False
0.0,30,331695.426146,False
2.6,30,331734.169528,True
0.0,30,331778.770032,False
2.8,30,331826.666622,True
0.0,30,331871.860696,False
0.0,30,331922.321115,False
0.0,30,331966.193091,False
2.6,30,332011.487364,True
2.4,30,332061.957514,True
0.0,30,332108.087218,False
2.8,30,332156.685293,True
0.0,30,332201.297515,False
0.0,30,332242.791869,False
0.0,30,332286.99395,False
2.8,30,332327.111988,True
0.0,30,332368.073793,False
2.9,30,332408.30506,True
0.0,30,332453.454611,False
0.0,30,332500.235782,False
0.0,30,332812.567823,False
0.0,30,332855.823815,False
2.5,30,332902.251034,True
0.0,30,332946.020417,False
2.6,30,332991.998109,True
0.0,30,333038.527115,False
1.3,30,333080.144165,False
0.0,30,333128.95122,False
0.0,30,333176.885931,False
0.0,30,333221.359981,False
2.7,30,333267.088186,True
2.7,30,333312.239083,True
0.0,30,333363.14846,False
0.0,30,333406.774407,False
0.0,30,333463.728055,False
0.0,30,333509.177877,False
2.6,30,333555.290287,True
0.0,30,333604.889831,False
0.0,30,333651.446989,False
0.0,30,333693.080785,False
2.5,30,333743.018924,True
2.2,30,333796.709397,True
2.4,30,333854.117635,True
3.0,30,333900.128586,True
0.0,30,333940.539955,False
2.6,30,333992.546579,True
0.0,30,334033.971313,False
0.7,30,334077.373926,False
0.0,30,334119.251407,False
0.0,30,334166.55265,False
0.0,30,334209.886178,False
2.6,30,334255.544841,True
0.0,30,334300.291799,False
3.0,30,334345.386658,True
1.5,30,334644.276783,True
0.0,30,334688.722147,False
0.0,30,334736.159876,False
2.4,30,334791.833939,True
1.6,30,334835.231938,True
0.0,30,334880.918514,False
0.0,30,334925.562447,False
1.9,30,334970.150427,True
2.6,30,335020.327776,True
2.7,30,335064.990088,True
0.0,30,335110.396267,False
0.0,30,335152.55545,False
2.9,30,335199.990759,True
0.0,30,335249.72412,False
0.0,30,335300.944323,False
2.7,30,335347.974247,True
0.0,30,335389.737579,False
0.0,30,335430.665389,False
2.6,30,335475.152875,True
0.0,30,335522.252217,False
0.0,30,335567.452972,False
0.0,30,335627.376628,False
2.8,30,335672.368316,True
0.6,30,335719.704873,True
0.0,30,335776.81781,False
0.0,30,335822.467418,False
2.8,30,335868.561422,True
0.0,30,335910.175578,False
0.0,30,335958.456449,False
2.5,30,336005.978473,True
0.0,30,336053.977843,False
0.0,30,336102.8412,False
0.0,30,336148.426638,False
2.7,30,336194.187645,True
1.9,30,336236.981165,True
2.2,30,336499.741458,True
0.0,30,336546.860689,False
2.5,30,336591.477856,True
2.5,30,336657.310201,True
0.0,30,336700.530963,False
0.0,30,336746.523615,False
0.0,30,336793.337461,False
0.0,30,336836.924196,False
0.0,30,336879.613214,False
0.0,30,336925.654543,False
0.0,30,336965.121249,False
2.7,30,337011.795173,True
0.0,30,337058.076106,False
0.0,30,337100.591426,False
0.0,30,337146.370328,False
0.0,30,337187.171222,False
0.0,30,337234.838569,False
2.5,30,337276.907894,True
0.0,30,337322.425894,False
0.0,30,337362.472083,False
0.0,30,337405.776345,False
2.9,30,337449.128982,True
0.0,30,337492.327455,False
2.4,30,337542.472518,True
1.6,30,337583.202965,True
2.5,30,337628.267324,True
0.0,30,337665.166543,False
2.5,30,337709.235432,True
0.0,30,337752.034972,False
0.0,30,337802.636492,False
1.9,30,337845.81547,True
0.0,30,337890.930172,False
0.0,30,337930.792509,False
0.0,30,337974.113622,False
2.5,30,338268.872149,True
0.0,30,338318.164748,False
0.0,30,338366.439008,False
0.0,30,338417.332919,False
0.0,30,338480.795264,False
0.0,30,338524.648125,False
2.4,30,338571.787182,True
0.0,30,338611.341949,False
2.8,30,338652.875158,True
0.0,30,338697.479826,False
3.0,30,338739.698097,True
0.0,30,338785.41146,False
2.4,30,338833.751267,True
0.0,30,338878.99221,False
2.8,30,338921.137625,True
3.0,30,338963.310647,True
0.0,30,339007.105394,False
2.8,30,339052.607448,True
2.8,30,339096.453754,True
2.8,30,339144.980978,True
0.0,30,339190.61432,False
2.3,30,339236.493248,True
2.9,30,339278.055298,True
2.5,30,339319.458523,True
0.4,30,339360.655287,True
2.6,30,339404.434947,True
0.0,30,339452.988926,False
0.0,30,339497.674486,False
2.6,30,339541.002731,True
2.4,30,339587.644936,True
2.1,30,339631.257698,True
0.0,30,339676.111624,False
3.0,30,339722.650961,True
0.0,30,339762.993549,False
0.0,30,340055.13663,False
0.0,30,340102.619701,False
2.4,30,340145.587135,True
0.0,30,340190.660748,False
1.3,30,340233.921422,True
0.0,30,340281.648803,False
0.0,30,340329.014766,False
2.6,30,340376.527593,True
0.0,30,340423.478093,False
2.4,30,340470.358395,True
0.0,30,340520.962165,False
0.0,30,340568.080037,False
2.8,30,340612.686349,True
0.0,30,340655.97386,False
0.0,30,340698.48313,False
0.0,30,340743.721138,False
2.1,30,340790.371367,True
0.0,30,340834.438082,False
0.0,30,340879.380721,False
2.7,30,340931.046258,True
2.7,30,340976.834983,True
2.5,30,341021.994145,True
0.2,30,341068.946718,False
0.0,30,341106.778555,False
0.0,30,341148.42945,False
0.0,30,341194.669771,False
2.4,30,341241.165205,True
2.4,30,341285.206128,False
2.9,30,341332.365724,True
0.0,30,341382.760747,False
2.8,30,341428.223665,True
0.0,30,341472.375619,False
2.7,30,341517.983415,True
0.0,30,341560.595819,False
2.7,30,341863.894928,True
0.0,30,341912.172431,False
0.0,30,341960.876742,False
2.8,30,342009.961379,True
2.6,30,342060.884647,True
2.7,30,342107.919266,True
0.0,30,342154.025112,False
0.0,30,342196.632083,False
2.8,30,342242.783481,True
0.0,30,342281.666053,False
0.0,30,342325.610142,False
0.0,30,342368.741079,False
0.6,30,342411.825717,True
0.0,30,342456.864942,False
0.0,30,342499.43035,False
0.0,30,342547.548606,False
0.5,30,342591.926258,True
0.0,30,342637.944256,False
0.0,30,342684.91532,False
0.0,30,342731.32623,False
0.0,30,342776.04053,False
0.0,30,342815.337876,False
0.0,30,342861.509557,False
2.9,30,342911.112595,True
2.8,30,342956.705854,True
0.0,30,343000.192949,False
0.0,30,343046.180882,False
2.8,30,343094.875905,True
0.0,30,343138.905793,False
0.0,30,343184.610587,False
2.8,30,343228.727857,True
3.0,30,343274.141156,True
2.4,30,343319.314875,True
0.0,30,343368.560257,False
0.0,30,343671.520832,False
0.0,30,343721.460515,False
2.7,30,343767.927896,True
2.8,30,343822.415049,True
0.0,30,343867.330323,False
3.0,30,343913.943737,True
0.0,30,343957.667827,False
0.0,30,344004.738342,False
0.0,30,344048.464956,False
2.9,30,344098.420335,True
0.0,30,344143.885922,False
2.6,30,344187.249198,True
0.0,30,344238.126895,False
2.2,30,344288.087819,True
0.0,30,344335.287719,False
2.9,30,344380.905117,True
0.0,30,344426.171357,False
0.0,30,344470.63636,False
0.0,30,344514.191899,False
0.2,30,344561.230042,True
0.0,30,344608.203732,False
1.3,30,344656.246736,True
2.5,30,344698.961095,True
2.7,30,344751.393046,True
2.9,30,344793.336586,True
0.0,30,344840.314359,False
2.9,30,344879.084329,True
1.8,30,344922.75961,True
0.0,30,344975.013499,False
0.6,30,345016.591836,True
0.0,30,345064.766376,False
0.0,30,345106.24347,False
0.0,30,345145.908748,False
3.0,30,345189.589934,True
0.0,30,345465.943879,False
0.0,30,345510.601688,False
2.5,30,345555.918438,True
2.6,30,345608.502223,True
2.9,30,345652.941216,True
0.1,30,345697.68808,True
2.6,30,345742.652764,True
3.0,30,345793.890748,True
2.8,30,345835.211782,True
0.0,30,345879.713213,False
0.0,30,345919.154528,False
2.4,30,345965.921307,True
0.0,30,346006.762913,False
2.7,30,346046.735016,True
2.6,30,346094.540675,True
2.5,30,346139.312623,True
0.0,30,346200.660283,False
0.0,30,346246.183429,False
0.0,30,346289.577549,False
0.0,30,346331.536595,False
2.2,30,346376.878286,True
2.8,30,346425.747732,True
2.5,30,346467.360723,True
0.0,30,346515.103431,False
2.6,30,346561.841845,True
0.0,30,346614.071125,False
2.2,30,346663.520594,True
3.0,30,346711.465411,True
2.7,30,346759.129297,True
3.0,30,346804.513215,True
0.0,30,346852.037712,False
0.0,30,346892.517391,False
0.0,30,346932.909407,False
2.9,30,346977.051733,True
2.2,30,347294.146714,True
0.0,30,347338.73347,False
2.4,30,347384.975873,True
2.7,30,347428.812762,True
2.8,30,347484.147024,True
0.0,30,347529.794043,False
0.0,30,347575.477349,False
0.0,30,347617.273988,False
0.0,30,347658.599183,False
2.8,30,347707.988892,True
0.0,30,347753.484893,False
0.0,30,347799.89068,False
2.1,30,347839.592052,True
2.8,30,347888.195882,True
2.6,30,347934.158899,True
0.0,30,347980.918903,False
2.4,30,348028.542,True
0.0,30,348072.814255,False
0.0,30,348119.95273,False
0.0,30,348164.937396,False
1.7,30,348210.249799,False
0.0,30,348257.927378,False
0.0,30,348301.924601,False
2.6,30,348347.938438,True
2.2,30,348394.405921,True
0.0,30,348442.668619,False
2.6,30,348491.739544,True
2.7,30,348537.959891,True
2.8,30,348576.954395,True
2.3,30,348626.377717,True
0.0,30,348667.589599,False
0.0,30,348711.272661,False
2.5,30,348756.204214,True
2.6,30,348800.416223,True
0.0,30,348843.772187,False
0.0,30,349172.435012,False
0.0,30,349217.394305,False
0.0,30,349266.049515,False
0.0,30,349336.596019,False
2.6,30,349385.285163,True
2.9,30,349432.132643,True
2.7,30,349477.279046,True
0.0,30,349523.270171,False
2.3,30,349573.016764,True
0.0,30,349613.060325,False
0.0,30,349663.164117,False
0.0,30,349712.222881,False
0.0,30,349756.920404,False
2.6,30,349822.643805,True
0.0,30,349864.372508,False
0.0,30,349913.11274,False
0.0,30,349958.094284,False
0.0,30,350008.52836,False
2.2,30,350055.170303,True
0.0,30,350096.171851,False
0.0,30,350139.447489,False
2.4,30,350187.528354,True
0.0,30,350228.568798,False
2.6,30,350275.55025,True
2.0,30,350330.113649,True
0.0,30,350381.881835,False
2.5,30,350430.763178,True
0.0,30,350472.463724,False
0.0,30,350517.595735,False
0.0,30,350558.939611,False
0.0,30,350602.796773,False
2.3,30,350648.366468,True
0.0,30,350696.213872,False
0.0,30,350738.967475,False
2.4,30,351038.820375,True
0.0,30,351081.689863,False
2.5,30,351130.400259,True
2.8,30,351176.258676,True
1.9,30,351226.48567,True
0.0,30,351273.657869,False
0.0,30,351320.056201,False
3.0,30,351369.386271,True
2.6,30,351417.95627,True
0.0,30,351460.139551,False
0.0,30,351510.56459,False
2.0,30,351559.015167,True
2.4,30,351607.973575,True
2.3,30,351656.387293,True
2.4,30,351701.912977,True
2.2,30,351752.776981,True
0.0,30,351796.604536,False
1.4,30,351839.079904,True
0.0,30,351881.085905,False
2.5,30,351931.311093,True
2.5,30,351987.730281,True
2.8,30,352029.734203,True
0.0,30,352076.207553,False
2.7,30,352121.158247,True
0.0,30,352167.593298,False
1.7,30,352214.338691,True
0.0,30,352261.75605,False
0.0,30,352304.522507,False
0.0,30,352351.419502,False
0.0,30,352393.48488,False
0.0,30,352442.97241,False
0.0,30,352488.726169,False
0.0,30,352534.871193,False
1.9,30,352582.333046,True
0.0,30,352883.308965,False
2.4,30,352925.9264,True
1.6,30,352975.297806,True
0.0,30,353023.37913,False
0.0,30,353069.173311,False
2.6,30,353106.016414,True
2.3,30,353151.125177,True
0.0,30,353197.288555,False
0.0,30,353241.005942,False
2.6,30,353295.103625,True
2.4,30,353342.360841,True
0.0,30,353391.273556,False
2.7,30,353433.908723,True
0.0,30,353484.280721,False
0.2,30,353528.817772,True
0.0,30,353572.699329,False
0.0,30,353617.280442,False
0.0,30,353665.758105,False
0.0,30,353711.112061,False
2.9,30,353752.892722,True
0.0,30,353799.609706,False
1.0,30,353847.15394,True
0.0,30,353891.581389,False
2.6,30,353933.037788,True
0.0,30,353980.113493,False
2.7,30,354021.507748,True
0.0,30,354069.029064,False
0.0,30,354117.502813,False
0.0,30,354162.470463,False
0.0,30,354209.150645,False
0.0,30,354258.155296,False
0.0,30,354296.752055,False
0.0,30,354344.616483,False
0.4,30,354389.861992,True
0.0,30,354720.752461,False
0.0,30,354770.22392,False
0.0,30,354813.447893,False
2.3,30,354859.636997,True
0.0,30,354908.392467,False
0.0,30,354950.415909,False
0.0,30,354997.365489,False
2.9,30,355042.829904,True
2.8,30,355094.362854,True
2.6,30,355137.142089,True
0.0,30,355183.437611,False
0.0,30,355227.071195,False
2.6,30,355278.867353,True
0.0,30,355318.943918,False
2.7,30,355363.113183,True
2.7,30,355407.840766,True
0.9,30,355453.108645,False
2.6,30,355499.177757,True
2.3,30,355551.960574,True
2.4,30,355596.738026,True
0.0,30,355637.880737,False
2.8,30,355680.857334,True
2.9,30,355728.931928,True
0.0,30,355790.2671,False
0.0,30,355835.433509,False
0.1,30,355879.672136,False
2.9,30,355924.692857,True
0.0,30,355968.316502,False
2.6,30,356021.03353,True
2.4,30,356070.631151,True
0.0,30,356116.015504,False
0.0,30,356161.550753,False
2.7,30,356206.203137,True
0.0,30,356253.363206,False
2.7,30,356565.212278,True
0.0,30,356608.191622,False
0.0,30,356652.147618,False
2.8,30,356694.644493,True
0.0,30,356741.615525,False
0.0,30,356788.871456,False
2.9,30,356831.78808,True
0.0,30,356883.797972,False
2.8,30,356928.834941,True
1.1,30,356973.151957,True
0.0,30,357030.009942,False
0.0,30,357077.254238,False
1.6,30,357128.70264,False
0.3,30,357174.591084,False
2.5,30,357224.023202,True
0.0,30,357274.156706,False
0.0,30,357323.514765,False
2.6,30,357378.160843,True
2.6,30,357429.030139,True
0.0,30,357473.093931,False
2.6,30,357522.254472,True
2.8,30,357569.393653,True
2.5,30,357615.787341,True
2.3,30,357662.676724,True
2.6,30,357711.759203,True
0.0,30,357756.213651,False
2.8,30,357797.777943,True
2.6,30,357840.294741,True
0.0,30,357883.748668,False
3.0,30,357928.048761,True
0.0,30,357982.015601,False
2.2,30,358027.397401,True
2.8,30,358073.020727,True
0.0,30,358123.911871,False
0.0,30,358448.980668,False
0.0,30,358497.596025,False
0.0,30,358543.26837,False
0.0,30,358587.167781,False
2.6,30,358638.353723,True
0.0,30,358685.162908,False
0.0,30,358726.270079,False
2.5,30,358772.170807,True
0.0,30,358813.275099,False
0.0,30,358857.80694,False
0.0,30,358907.158637,False
2.9,30,358955.8099,True
0.0,30,359000.301147,False
2.9,30,359043.297655,True
0.0,30,359087.022351,False
3.0,30,359130.396751,True
0.0,30,359178.642057,False
2.5,30,359225.098368,True
2.5,30,359278.721278,True
2.8,30,359326.961586,True
2.7,30,359371.816384,True
2.8,30,359421.530481,True
0.0,30,359461.173907,False
2.5,30,359507.578838,True
0.0,30,359550.817623,False
2.4,30,359594.502867,True
2.4,30,359641.790807,True
2.6,30,359683.613404,True
2.8,30,359730.141431,True
0.0,30,359772.706576,False
2.4,30,359824.068291,True
0.0,30,359872.082328,False
2.8,30,359915.773904,True
0.0,30,359972.158673,False
2.8,30,360292.567477,True
1.4,30,360331.814122,False
2.9,30,360382.886865,True
3.0,30,360428.250042,True
0.6,30,360477.12475,False
0.0,30,360526.778446,False
0.0,30,360570.252746,False
0.0,30,360615.48887,False
2.1,30,360665.407271,True
0.0,30,360708.182322,False
0.0,30,360747.703053,False
0.0,30,360791.642569,False
2.2,30,360838.81736,True
2.3,30,360889.030361,True
2.1,30,360936.081922,True
2.5,30,360979.467588,True
0.0,30,361024.094722,False
2.6,30,361072.252076,True
0.0,30,361119.195749,False
2.3,30,361167.973903,True
0.0,30,361213.068542,False
0.0,30,361254.071502,False
2.3,30,361301.086364,True
2.8,30,361345.291218,True
0.0,30,361389.707666,False
2.3,30,361432.366429,True
2.9,30,361477.111785,True
2.4,30,361523.557574,True
2.3,30,361570.59197,True
2.7,30,361620.14161,True
2.9,30,361663.701516,True
2.7,30,361711.042261,True
0.0,30,361755.96737,False
2.4,30,361803.849355,True
1.3,30,362120.191977,True
0.0,30,362165.242744,False
2.4,30,362208.874402,True
0.0,30,362270.194995,False
0.0,30,362315.479091,False
3.0,30,362359.370099,True
2.8,30,362407.988766,True
0.0,30,362452.528334,False
2.4,30,362502.495419,True
2.6,30,362550.933035,True
2.9,30,362599.493562,True
2.9,30,362649.379408,True
0.0,30,362691.072924,False
2.3,30,362740.066251,True
2.5,30,362780.254944,True
0.0,30,362819.636556,False
2.4,30,362865.863266,True
2.8,30,362915.046593,True
1.1,30,362962.845001,True
2.5,30,363006.968466,True
2.4,30,363056.299628,True
0.0,30,363108.102575,False
2.5,30,363151.101138,True
0.0,30,363196.104864,False
2.6,30,363244.152292,True
0.0,30,363293.029239,False
0.0,30,363342.157958,False
2.8,30,363390.28305,True
2.6,30,363439.419662,True
0.0,30,363490.795161,False
0.0,30,363534.767793,False
2.4,30,363583.081923,True
2.6,30,363633.261367,True
0.0,30,363678.520254,False
0.0,30,363725.046907,False
2.9,30,364027.7388,True
0.0,30,364074.949575,False
0.0,30,364119.237076,False
0.0,30,364167.972028,False
0.0,30,364212.444484,False
2.6,30,364253.269855,True
0.0,30,364301.486386,False
0.0,30,364352.778908,False
0.0,30,364401.301137,False
2.8,30,364445.004973,True
0.0,30,364487.234257,False
2.8,30,364536.035839,True
0.0,30,364582.786535,False
0.0,30,364632.969562,False
0.0,30,364677.282017,False
0.0,30,364719.943475,False
0.0,30,364762.864214,False
0.0,30,364808.153574,False
2.7,30,364846.856062,True
2.2,30,364896.855469,True
2.8,30,364942.505882,True
3.0,30,364986.804892,True
2.7,30,365036.074357,True
2.6,30,365081.161639,True
0.0,30,365120.495492,False
2.7,30,365168.819993,True
0.0,30,365215.423517,False
0.0,30,365259.428602,False
0.0,30,365297.084812,False
2.7,30,365342.021869,True
0.0,30,365384.665497,False
2.4,30,365426.459041,True
0.0,30,365472.050781,False
0.0,30,365517.601797,False
0.0,30,365831.065632,False
0.0,30,365879.390985,False
0.0,30,365925.005064,False
0.0,30,365967.791892,False
3.0,30,366013.446978,True
2.6,30,366056.254257,True
2.4,30,366106.449238,True
2.7,30,366151.652743,True
2.5,30,366202.219737,True
0.0,30,366241.328383,False
0.0,30,366283.036979,False
0.0,30,366325.732399,False
2.5,30,366373.503423,True
0.0,30,366416.745147,False
0.0,30,366462.098735,False
2.8,30,366508.255332,True
0.1,30,366555.995672,False
0.0,30,366605.157532,False
2.8,30,366649.983199,True
0.0,30,366700.798363,False
0.0,30,366744.586526,False
2.5,30,366787.473167,True
2.4,30,366826.69592,True
2.8,30,366876.73023,True
0.0,30,366922.633714,False
2.5,30,366978.477319,True
3.0,30,367019.822559,True
2.7,30,367077.508167,True
2.7,30,367124.179913,True
2.6,30,367193.839578,True
2.8,30,367244.991929,True
2.3,30,367292.136049,True
0.0,30,367334.273665,False
2.0,30,367384.466114,True
0.0,30,367681.475378,False
0.0,30,367728.603489,False
2.9,30,367773.770535,True
0.0,30,367815.647077,False
0.0,30,367861.133179,False
0.1,30,367905.064992,False
0.0,30,367949.674742,False
2.9,30,367995.316878,True
2.6,30,368039.396408,True
0.0,30,368086.005929,False
2.5,30,368128.006911,True
2.5,30,368170.531574,True
2.8,30,368214.312999,True
0.0,30,368259.933819,False
0.0,30,368309.495291,False
0.0,30,368353.877883,False
2.2,30,368394.06207,True
2.4,30,368441.068085,True
0.0,30,368494.999713,False
0.0,30,368539.564507,False
2.5,30,368584.685658,True
2.8,30,368631.402494,True
0.0,30,368677.422113,False
0.0,30,368722.391133,False
0.0,30,368767.385923,False
0.0,30,368817.388292,False
2.5,30,368864.386562,True
0.0,30,368910.414662,False
3.0,30,368956.335915,True
2.6,30,369000.24393,True
0.0,30,369048.400667,False
2.8,30,369089.592231,True
0.0,30,369134.610109,False
0.0,30,369184.718977,False
2.7,30,369504.534836,True
0.0,30,369548.744842,False
2.9,30,369595.905499,True
2.8,30,369642.835843,True
0.0,30,369687.218259,False
0.0,30,369731.338494,False
0.0,30,369778.004482,False
0.0,30,369825.638741,False
0.0,30,369878.583222,False
0.0,30,369926.396657,False
0.0,30,369971.227772,False
2.7,30,370014.213291,True
2.7,30,370061.025337,True
0.0,30,370111.20098,False
0.9,30,370158.056391,True
2.2,30,370206.01688,True
0.0,30,370252.923011,False
1.2,30,370302.895752,False
0.0,30,370354.174167,False
2.6,30,370398.585441,True
2.9,30,370441.852576,True
2.5,30,370488.860452,True
0.0,30,370534.086508,False
2.8,30,370582.741689,True
0.0,30,370628.916666,False
2.7,30,370678.082769,True
0.0,30,370722.967409,False
2.6,30,370770.079077,True
1.8,30,370820.100878,True
0.0,30,370862.969311,False
2.9,30,370909.588983,True
0.0,30,370954.474754,False
0.0,30,370995.742239,False
0.0,30,371045.979468,False
2.5,30,371357.31901,True
2.6,30,371404.083026,True
0.0,30,371448.313411,False
2.5,30,371491.516648,False
2.8,30,371538.012764,True
2.8,30,371579.928804,True
2.1,30,371626.56976,True
2.5,30,371675.706147,True
0.0,30,371721.671493,False
0.0,30,371770.88013,False
2.7,30,371815.513772,True
0.0,30,371869.683662,False
2.4,30,371917.019489,True
3.0,30,371966.244134,True
2.6,30,372020.297578,True
0.0,30,372063.948544,False
2.5,30,372114.059427,True
0.9,30,372154.841406,True
2.0,30,372201.491267,True
3.0,30,372246.061653,True
0.0,30,372284.411884,False
0.0,30,372336.667501,False
2.2,30,372388.309469,True
2.4,30,372433.098512,True
2.5,30,372483.356619,True
2.2,30,372526.275948,True
0.0,30,372570.57088,False
2.8,30,372620.910751,True
0.0,30,372669.767051,False
2.4,30,372717.393373,True
0.0,30,372763.642561,False
1.6,30,372813.71375,True
2.9,30,372864.897784,True
0.0,30,372912.610789,False
2.5,30,373216.248442,True
2.6,30,373258.898115,True
2.8,30,373304.328014,True
2.7,30,373348.39172,True
0.0,30,373393.68058,False
2.8,30,373439.844242,True
2.8,30,373484.961385,True
2.8,30,373536.222625,True
2.8,30,373580.870719,True
2.5,30,373627.937024,True
0.0,30,373674.60776,False
2.4,30,373722.665652,True
0.0,30,373769.409426,False
2.8,30,373816.397001,True
2.3,30,373859.534803,True
2.9,30,373900.895522,True
2.8,30,373944.335518,True
1.6,30,373991.522135,True
0.0,30,374037.36594,False
0.1,30,374084.194041,False
0.0,30,374128.368023,False
2.6,30,374174.429784,True
0.0,30,374223.453753,False
3.0,30,374271.508833,True
0.0,30,374312.276742,False
2.4,30,374360.365426,True
2.0,30,374448.44248,True
0.0,30,374489.196374,False
0.0,30,374541.10294,False
0.0,30,374589.26019,False
2.7,30,374634.535841,True
0.3,30,374676.864876,False
0.0,30,374729.402317,False
2.8,30,374773.936488,True
0.0,30,375094.686442,False
2.9,30,375140.223992,True
2.7,30,375189.553343,True
0.0,30,375240.822159,False
2.0,30,375285.257376,True
2.6,30,375330.042475,True
0.0,30,375377.988697,False
2.4,30,375421.807164,True
2.8,30,375470.021607,True
0.0,30,375519.819592,False
1.2,30,375565.827489,False
0.0,30,375612.82201,False
0.0,30,375663.96158,False
2.9,30,375710.72531,True
2.9,30,375754.874525,True
0.0,30,375798.189827,False
0.0,30,375844.455934,False
2.6,30,375888.753655,True
1.5,30,375934.759534,True
2.9,30,375982.00008,True
2.8,30,376031.742242,True
2.8,30,376079.770798,True
0.0,30,376132.621969,False
0.0,30,376184.581666,False
2.1,30,376230.330643,True
0.0,30,376275.022098,False
2.5,30,376320.180732,True
0.0,30,376361.237656,False
2.4,30,376413.478862,True
2.7,30,376459.604619,True
0.0,30,376512.21372,False
2.5,30,376563.227912,True
2.3,30,376604.836423,True
2.4,30,376653.638875,True
2.4,30,376698.610531,True
2.6,30,377000.789344,True
2.4,30,377041.146351,True
2.6,30,377084.982052,True
2.7,30,377131.503404,True
0.0,30,377177.342986,False
1.7,30,377225.648922,True
2.6,30,377273.768605,True
3.0,30,377320.394426,True
0.0,30,377362.499875,False
0.0,30,377409.693857,False
2.6,30,377452.643058,True
0.0,30,377495.493576,False
2.5,30,377540.970228,True
2.6,30,377591.677979,True
0.0,30,377641.46411,False
0.0,30,377692.407192,False
2.6,30,377740.389697,True
0.0,30,377804.579293,False
0.0,30,377851.167501,False
0.0,30,377898.140121,False
3.0,30,377945.522549,True
2.4,30,377989.362962,True
0.0,30,378032.868723,False
2.4,30,378078.016249,True
2.5,30,378133.465684,True
0.0,30,378185.197078,False
0.0,30,378228.619259,False
2.6,30,378276.551487,True
1.8,30,378320.846951,True
0.0,30,378369.685793,False
0.0,30,378418.349215,False
0.0,30,378464.509828,False
2.7,30,378511.498574,True
2.8,30,378559.609884,True
0.0,30,378894.365635,False
2.4,30,378940.602724,True
0.0,30,378986.36477,False
2.7,30,379033.873283,True
0.0,30,379076.493781,False
0.0,30,379123.736311,False
0.0,30,379170.296274,False
2.6,30,379213.637176,True
0.0,30,379262.03424,False
0.0,30,379311.309111,False
1.8,30,379359.038689,True
0.0,30,379405.772811,False
0.0,30,379452.325214,False
0.0,30,379497.919714,False
2.2,30,379546.881631,True
0.0,30,379595.369286,False
0.0,30,379642.718436,False
0.0,30,379689.701455,False
0.0,30,379738.567134,False
1.8,30,379789.336982,True
0.0,30,379834.623915,False
0.0,30,379876.13321,False
2.8,30,379925.677054,True
2.8,30,379971.321895,True
0.0,30,380020.040243,False
2.1,30,380067.030395,True
3.0,30,380111.49984,True
2.7,30,380159.65356,True
0.0,30,380204.908452,False
0.0,30,380256.451885,False
0.8,30,380301.814621,True
2.9,30,380347.361865,True
0.4,30,380395.960216,True
2.6,30,380436.449081,True
2.7,30,380755.600732,True
1.7,30,380803.193686,False
0.0,30,380852.350873,False
2.8,30,380902.038695,True
0.0,30,380944.050342,False
2.7,30,380988.952355,True
2.9,30,381034.854928,True
0.8,30,381080.265229,True
2.5,30,381126.703823,True
0.0,30,381169.847059,False
0.0,30,381215.595221,False
0.0,30,381267.500149,False
0.0,30,381309.232642,False
0.0,30,381356.696883,False
0.0,30,381399.717125,False
1.2,30,381444.109321,True
1.8,30,381490.444396,True
2.5,30,381533.421061,True
0.0,30,381578.462725,False
3.0,30,381624.906889,True
2.9,30,381673.896892,True
0.0,30,381719.4042,False
0.0,30,381765.278873,False
2.3,30,381810.982839,True
0.0,30,381859.495396,False
2.3,30,381904.117782,True
0.0,30,381954.771981,False
2.2,30,382001.759232,True
2.6,30,382046.711186,True
0.0,30,382091.415902,False
0.0,30,382133.644627,False
0.0,30,382178.804126,False
2.7,30,382221.344857,True
0.0,30,382262.93169,False
0.0,30,382620.450833,False
0.0,30,382660.430023,False
0.0,30,382708.939389,False
2.5,30,382759.03916,True
1.5,30,382796.66368,True
2.6,30,382846.120717,True
2.4,30,382893.025979,True
2.3,30,382941.419786,True
0.0,30,382988.260639,False
0.0,30,383034.611241,False
2.6,30,383078.34895,True
3.0,30,383126.655005,True
0.0,30,383169.151041,False
2.6,30,383210.673913,True
0.0,30,383255.808071,False
0.0,30,383304.457929,False
0.0,30,383350.937354,False
2.4,30,383400.836401,True
2.6,30,383447.394099,True
0.0,30,383491.911385,False
0.0,30,383538.503458,False
0.0,30,383591.070757,False
0.0,30,383636.15688,False
0.0,30,383677.297512,False
0.0,30,383725.756164,False
3.0,30,383778.793878,True
0.0,30,383820.936737,False
2.6,30,383872.471801,True
2.8,30,383925.681729,True
0.0,30,383973.826938,False
2.5,30,384022.096132,True
2.5,30,384063.415347,True
2.6,30,384116.344166,True
2.3,30,384159.852639,True
2.3,30,384472.25362,True
2.5,30,384524.465943,True
2.4,30,384569.432872,True
2.1,30,384612.103782,True
0.0,30,384660.181611,False
0.0,30,384736.090466,False
0.0,30,384780.822273,False
0.0,30,384835.645743,False
2.6,30,384884.513299,True
2.7,30,384928.016598,True
0.0,30,384971.211668,False
2.1,30,385022.959227,True
0.0,30,385075.651033,False
0.0,30,385121.364315,False
0.0,30,385163.158738,False
1.6,30,385210.175225,True
0.0,30,385254.650074,False
2.3,30,385311.545866,True
0.5,30,385358.226166,True
0.8,30,385405.502853,True
2.6,30,385454.367577,True
1.8,30,385499.931748,True
0.0,30,385546.444706,False
0.0,30,385591.15106,False
2.8,30,385634.724528,True
0.0,30,385683.141232,False
0.0,30,385725.057167,False
2.9,30,385768.535292,True
0.0,30,385810.837055,False
0.0,30,385855.028876,False
0.0,30,385899.80346,False
2.9,30,385953.865307,True
2.1,30,385997.314628,True
1.7,30,386041.528973,True
3.0,30,386372.114333,True
2.8,30,386416.675638,True
0.4,30,386461.031481,True
0.0,30,386501.81642,False
0.0,30,386549.273029,False
2.6,30,386592.105271,True
2.3,30,386638.485546,True
0.0,30,386683.487634,False
2.9,30,386724.144642,True
0.0,30,386768.678523,False
2.7,30,386815.941007,True
2.2,30,386865.617724,True
2.9,30,386912.266074,True
0.0,30,386958.594294,False
0.0,30,387016.69545,False
0.0,30,387063.964975,False
2.5,30,387109.852214,True
2.3,30,387181.56086,True
2.1,30,387234.394042,True
2.3,30,387279.373324,True
0.0,30,387325.92376,False
0.0,30,387368.308012,False
2.9,30,387417.912748,True
2.5,30,387459.433361,True
0.0,30,387503.970804,False
0.0,30,387549.572519,False
0.0,30,387596.577528,False
0.0,30,387641.383904,False
2.9,30,387683.870561,True
2.9,30,387726.160623,True
0.0,30,387770.79706,False
0.0,30,387814.471327,False
0.0,30,387866.429043,False
2.6,30,387908.112896,True
0.0,30,388215.370976,False
0.0,30,388265.324845,False
2.6,30,388308.110327,True
0.0,30,388353.246856,False
2.5,30,388401.111588,True
0.0,30,388450.294615,False
0.0,30,388495.041047,False
2.6,30,388541.873248,True
2.2,30,388587.58224,True
1.5,30,388631.974923,True
0.0,30,388678.730974,False
2.7,30,388725.424601,True
2.8,30,388770.370018,True
2.6,30,388813.121301,True
2.9,30,388858.876954,True
2.6,30,388905.310703,True
2.6,30,388949.632246,True
1.5,30,388995.619125,True
3.0,30,389041.34868,True
0.0,30,389084.904336,False
0.0,30,389131.493829,False
2.6,30,389180.461459,True
2.5,30,389227.5437,True
3.0,30,389271.852973,True
0.0,30,389326.411994,False
0.0,30,389370.162803,False
0.0,30,389417.306063,False
0.0,30,389474.748544,False
0.0,30,389525.308744,False
2.2,30,389568.547744,True
0.0,30,389617.785375,False
0.0,30,389663.896384,False
1.6,30,389706.651964,True
2.8,30,389747.210979,True
2.2,30,390039.596364,True
3.0,30,390089.119595,True
0.0,30,390136.445256,False
2.6,30,390179.701199,True
3.0,30,390226.616202,True
0.0,30,390271.251911,False
0.0,30,390320.630474,False
2.4,30,390365.216676,True
0.0,30,390410.774253,False
0.0,30,390456.466302,False
1.4,30,390503.97739,True
0.0,30,390548.283685,False
2.8,30,390595.936575,True
0.0,30,390638.660559,False
0.0,30,390683.5313,False
0.0,30,390722.850747,False
1.1,30,390768.869244,True
2.8,30,390815.673329,True
3.0,30,390860.904201,True
0.0,30,390903.755078,False
1.8,30,390948.270516,True
0.0,30,391000.325036,False
0.0,30,391044.577463,False
3.0,30,391088.255509,True
2.8,30,391133.782594,True
2.7,30,391183.787656,True
0.0,30,391229.668122,False
2.8,30,391281.184522,True
2.2,30,391331.888206,True
0.0,30,391380.144954,False
2.5,30,391430.988924,True
0.0,30,391474.153467,False
0.0,30,391516.769415,False
2.1,30,391563.793442,True
0.0,30,391604.495839,False
0.0,30,391907.213862,False
0.0,30,391952.792116,False
3.0,30,391993.446924,True
2.7,30,392035.838264,True
2.6,30,392075.063684,True
2.8,30,392123.454828,True
2.1,30,392169.812952,True
2.8,30,392214.873815,True
2.3,30,392258.281811,True
0.0,30,392305.663026,False
0.0,30,392351.181725,False
2.6,30,392396.439116,True
0.0,30,392440.622957,False
0.0,30,392492.173716,False
0.0,30,392537.03341,False
3.0,30,392579.465786,True
1.7,30,392628.606114,True
2.0,30,392674.329879,True
3.0,30,392723.379047,True
0.0,30,392764.237627,False
1.1,30,392810.018589,True
2.9,30,392854.705607,True
0.0,30,392893.555893,False
2.3,30,392937.429166,True
2.9,30,392982.272556,True
2.2,30,393033.025559,True
0.0,30,393081.205283,False
0.0,30,393128.982699,False
2.9,30,393177.115057,True
0.0,30,393226.068449,False
0.0,30,393272.710016,False
2.6,30,393318.477838,True
2.8,30,393363.633982,True
2.3,30,393413.434479,True
0.0,30,393715.248983,False
0.0,30,393768.736168,False
0.0,30,393810.879288,False
2.3,30,393867.082529,True
2.7,30,393916.3057,True
0.0,30,393960.749854,False
0.0,30,394006.499078,False
0.0,30,394052.188353,False
0.0,30,394094.124721,False
2.5,30,394138.990754,True
2.8,30,394183.233307,True
0.0,30,394231.217397,False
1.6,30,394275.600121,True
3.0,30,394322.370598,True
2.5,30,394364.478038,True
2.4,30,394406.916781,True
0.0,30,394445.293942,False
2.2,30,394488.363616,True
2.6,30,394536.169113,True
2.9,30,394581.677841,True
2.7,30,394624.124134,True
2.2,30,394670.091847,True
3.0,30,394709.668468,True
2.8,30,394756.136659,True
2.1,30,394803.619246,True
2.1,30,394844.85194,True
0.0,30,394888.569869,False
1.4,30,394932.29531,True
2.0,30,394982.428941,True
0.0,30,395028.164481,False
2.5,30,395074.548852,False
2.3,30,395119.140606,True
0.0,30,395160.94721,False
0.0,30,395205.322806,False
0.0,30,395492.51988,False
2.8,30,395534.125766,True
2.8,30,395576.627573,True
0.0,30,395622.90176,False
2.7,30,395667.33666,True
0.0,30,395717.629801,False
0.0,30,395760.430769,False
1.8,30,395809.805073,True
0.0,30,395852.868164,False
2.7,30,395898.42933,True
1.8,30,395939.205892,True
0.0,30,395986.147789,False
1.7,30,396037.448438,False
2.7,30,396083.449263,True
0.0,30,396141.891687,False
0.0,30,396187.523619,False
3.0,30,396231.349957,True
0.0,30,396277.387917,False
0.0,30,396321.172029,False
2.2,30,396366.226444,True
0.0,30,396415.045649,False
2.9,30,396460.985246,True
2.7,30,396505.593126,True
2.2,30,396549.269146,True
0.0,30,396589.027912,False
0.0,30,396631.385845,False
0.0,30,396680.505383,False
2.9,30,396721.786891,True
0.0,30,396772.508792,False
0.0,30,396826.374339,False
0.0,30,396866.891491,False
0.0,30,396914.317659,False
3.0,30,396958.642126,True
0.0,30,397005.861375,False
0.0,30,397318.772645,False
0.0,30,397359.405369,False
0.0,30,397408.713907,False
0.0,30,397448.887706,False
0.0,30,397493.826641,False
0.0,30,397539.959422,False
1.9,30,397585.798377,True
2.8,30,397629.44431,True
0.0,30,397682.128656,False
3.0,30,397729.163732,True
2.7,30,397771.231791,True
0.0,30,397818.765033,False
0.6,30,397860.561757,True
0.0,30,397909.195586,False
0.0,30,397957.647788,False
2.9,30,398008.425116,True
2.5,30,398054.844869,True
0.0,30,398095.780565,False
0.0,30,398136.415181,False
2.3,30,398180.760052,True
0.0,30,398226.142125,False
0.0,30,398271.046342,False
0.0,30,398318.512915,False
2.7,30,398361.003101,True
3.0,30,398411.777351,True
0.0,30,398456.55892,False
2.1,30,398503.156758,True
2.5,30,398548.046064,True
2.9,30,398592.82345,True
2.0,30,398650.400512,True
0.0,30,398698.573773,False
0.0,30,398739.113738,False
2.6,30,398783.78228,True
0.0,30,398834.709564,False
1.5,30,399125.67777,True
0.0,30,399172.309624,False
0.0,30,399220.645549,False
2.4,30,399270.131326,True
0.0,30,399313.56574,False
0.0,30,399364.290829,False
0.0,30,399408.782544,False
1.9,30,399450.329433,True
2.4,30,399497.382362,True
0.0,30,399545.789734,False
2.3,30,399589.356578,True
3.0,30,399636.590304,True
2.8,30,399694.16045,True
3.0,30,399738.012365,True
0.0,30,399785.48241,False
2.0,30,399829.002768,True
0.0,30,399877.665556,False
0.0,30,399926.035313,False
0.0,30,399968.804137,False
2.7,30,400016.316028,True
2.9,30,400061.034529,True
0.0,30,400106.236704,False
2.2,30,400155.151023,True
0.0,30,400200.820507,False
0.4,30,400245.075367,True
3.0,30,400287.086419,True
2.7,30,400334.527118,True
2.7,30,400379.262192,True
1.8,30,400427.610909,True
3.0,30,400500.911745,True
0.0,30,400549.578575,False
0.0,30,400594.258416,False
3.0,30,400643.246542,True
0.0,30,400694.31571,False
0.0,30,400965.485171,False
2.5,30,401008.240067,True
2.5,30,401051.134467,True
0.0,30,401095.308788,False
1.8,30,401138.46419,True
2.6,30,401188.726827,True
1.6,30,401234.770404,True
1.3,30,401282.588974,True
0.0,30,401327.743725,False
0.0,30,401374.041242,False
0.0,30,401411.748887,False
0.0,30,401456.4259,False
0.0,30,401502.712798,False
0.0,30,401546.439388,False
0.0,30,401590.346065,False
0.3,30,401636.234991,False
0.0,30,401682.250044,False
2.3,30,401729.986937,True
2.0,30,401773.838455,True
0.2,30,401815.33485,True
0.0,30,401858.733458,False
2.6,30,401902.097393,True
2.5,30,401943.459144,True
0.9,30,401986.40251,False
0.0,30,402029.035331,False
0.0,30,402075.022085,False
0.0,30,402120.756193,False
2.1,30,402170.643556,True
1.7,30,402218.986459,True
2.1,30,402260.852199,True
0.0,30,402308.013798,False
0.0,30,402348.858446,False
0.0,30,402390.059632,False
2.8,30,402435.008424,True
2.7,30,402730.566578,True
0.0,30,402776.739887,False
0.0,30,402824.145748,False
0.0,30,402872.294651,False
0.0,30,402918.527717,False
0.0,30,402969.493755,False
0.0,30,403012.262778,False
1.6,30,403057.376507,True
2.7,30,403101.895214,True
2.8,30,403146.785984,True
0.5,30,403196.345815,True
0.0,30,403235.624381,False
0.0,30,403278.432914,False
2.3,30,403327.497532,True
2.0,30,403370.920678,True
2.4,30,403412.969422,True
0.0,30,403461.859857,False
0.0,30,403504.279994,False
0.0,30,403548.025017,False
2.5,30,403591.710607,True
0.0,30,403633.720046,False
0.0,30,403695.660181,False
2.1,30,403745.110256,True
0.0,30,403787.881355,False
0.0,30,403831.679385,False
2.8,30,403873.12782,True
2.3,30,403930.248688,True
0.0,30,403975.045215,False
0.0,30,404020.25044,False
2.5,30,404060.559581,True
0.0,30,404104.148513,False
0.0,30,404154.386011,False
0.0,30,404198.254117,False
0.0,30,404255.61439,False
1.0,30,404299.635968,False
0.0,30,404549.69612,False
2.7,30,404609.478101,True
2.4,30,404660.178298,True
1.4,30,404706.249371,True
2.6,30,404745.631962,True
0.0,30,404788.391855,False
0.0,30,404831.605088,False
0.0,30,404877.064348,False
3.0,30,404915.270459,True
0.0,30,404959.39289,False
0.0,30,405007.922524,False
2.8,30,405047.462626,True
0.0,30,405090.366614,False
1.2,30,405135.944598,True
2.6,30,405179.409847,True
2.8,30,405223.784934,True
0.0,30,405267.191174,False
0.0,30,405311.841528,False
0.0,30,405359.327249,False
0.0,30,405417.431892,False
0.0,30,405461.654543,False
2.3,30,405503.962979,True
2.6,30,405543.620585,True
2.6,30,405590.686059,True
0.0,30,405636.300485,False
0.0,30,405686.864356,False
2.5,30,405732.762226,True
0.0,30,405778.745057,False
2.2,30,405827.998961,True
2.7,30,405873.533686,True
0.0,30,405920.139426,False
0.0,30,405964.475302,False
2.7,30,406007.626899,True
3.0,30,406050.125114,True
0.0,30,406333.146247,False
2.8,30,406377.353008,True
0.0,30,406425.510976,False
2.4,30,406473.507449,True
0.0,30,406516.447032,False
0.0,30,406560.295544,False
2.9,30,406600.519786,True
0.0,30,406648.132403,False
2.8,30,406692.683076,True
2.3,30,406742.316255,True
2.4,30,406787.729887,True
0.0,30,406836.762834,False
2.7,30,406884.855668,True
0.6,30,406931.311905,True
2.6,30,406971.132786,True
0.0,30,407018.828238,False
0.0,30,407060.422162,False
2.9,30,407103.593333,True
0.0,30,407151.910727,False
0.0,30,407201.195828,False
2.8,30,407246.381548,True
0.0,30,407293.592623,False
0.0,30,407339.93554,False
2.8,30,407395.750243,True
2.2,30,407441.758347,True
0.0,30,407491.542095,False
0.0,30,407545.981923,False
2.7,30,407592.602908,True
0.4,30,407637.864527,False
0.0,30,407678.344207,False
0.0,30,407723.892519,False
0.0,30,407767.513628,False
2.6,30,407809.006763,True
2.5,30,407865.853858,True
0.0,30,408148.203969,False
2.5,30,408192.842401,True
2.6,30,408237.860057,True
0.0,30,408287.344823,False
0.0,30,408333.657762,False
2.3,30,408381.837718,True
0.0,30,408434.401037,False
2.6,30,408478.571863,True
0.0,30,408521.106644,False
0.0,30,408567.479147,False
3.0,30,408615.791314,True
2.7,30,408660.298435,True
1.1,30,408705.502657,False
2.4,30,408750.790408,True
2.5,30,408791.691947,True
0.0,30,408835.045007,False
0.0,30,408878.39725,False
1.7,30,408922.012617,True
3.0,30,408980.730328,True
2.3,30,409030.455414,True
0.0,30,409080.55279,False
2.9,30,409122.352895,True
0.0,30,409165.714989,False
2.8,30,409210.953783,True
0.0,30,409259.90482,False
3.0,30,409308.599111,True
0.0,30,409354.447557,False
2.2,30,409396.280327,True
0.0,30,409446.391907,False
0.0,30,409489.709477,False
2.9,30,409535.540991,True
0.0,30,409578.576172,False
1.7,30,409619.490475,True
0.0,30,409665.793947,False
1.7,30,409947.814543,True
0.0,30,409991.099823,False
2.2,30,410036.855649,True
2.5,30,410079.892708,True
0.0,30,410131.741877,False
2.5,30,410177.408737,True
2.7,30,410219.522971,True
2.4,30,410265.1927,True
0.0,30,410316.288047,False
2.6,30,410362.314099,True
0.0,30,410412.531041,False
0.0,30,410459.290051,False
2.3,30,410510.398033,True
0.0,30,410549.125314,False
2.9,30,410596.158845,True
0.0,30,410642.799878,False
3.0,30,410687.585289,True
0.0,30,410729.320004,False
2.6,30,410772.16748,True
2.1,30,410820.080889,True
0.0,30,410863.969286,False
0.0,30,410909.163577,False
2.2,30,410962.151278,True
2.6,30,411004.106011,True
2.9,30,411053.352328,True
2.1,30,411097.832482,True
2.6,30,411136.764502,True
0.0,30,411181.512328,False
0.0,30,411231.843846,False
2.5,30,411277.985105,True
2.2,30,411325.106983,True
2.2,30,411370.098555,True
0.0,30,411418.510824,False
2.9,30,411464.273127,True
0.0,30,411779.994768,False
0.0,30,411823.513382,False
0.6,30,411872.980767,True
0.2,30,411918.786825,True
0.0,30,411966.24127,False
0.0,30,412011.405375,False
2.9,30,412058.995778,True
1.5,30,412100.844746,True
2.2,30,412146.609116,True
0.0,30,412195.678859,False
2.7,30,412240.410097,True
0.0,30,412288.961078,False
2.6,30,412335.061035,True
2.9,30,412380.99408,True
0.0,30,412421.259906,False
0.6,30,412468.834223,False
0.0,30,412520.053193,False
0.0,30,412567.720344,False
0.0,30,412611.046215,False
0.0,30,412666.220299,False
0.0,30,412714.508912,False
0.0,30,412764.165919,False
2.7,30,412807.927284,True
0.0,30,412851.472099,False
0.0,30,412896.66406,False
2.4,30,412941.116635,True
0.0,30,412983.343484,False
2.6,30,413024.301893,True
2.7,30,413068.470109,True
2.4,30,413118.764174,True
0.0,30,413167.702685,False
2.9,30,413225.38861,True
2.7,30,413272.041905,True
0.0,30,413321.646794,False
0.0,30,413596.808259,False
1.7,30,413641.436459,True
0.0,30,413691.242136,False
0.0,30,413743.255149,False
2.3,30,413785.222942,True
3.0,30,413831.520462,True
2.9,30,413871.61055,True
2.7,30,413921.803079,True
2.0,30,413965.138119,True
2.5,30,414014.957098,True
2.9,30,414064.036743,True
2.8,30,414108.523611,True
0.0,30,414148.774391,False
2.8,30,414191.972357,True
0.0,30,414239.190314,False
0.7,30,414281.137445,True
2.3,30,414325.922285,True
0.0,30,414367.332674,False
2.8,30,414417.362226,True
0.0,30,414461.208077,False
0.0,30,414503.105434,False
2.2,30,414547.176328,True
0.0,30,414595.833817,False
2.6,30,414641.554267,True
0.0,30,414689.273336,False
2.5,30,414736.169268,True
2.8,30,414775.028399,True
0.0,30,414822.584322,False
0.0,30,414866.237359,False
0.0,30,414909.864355,False
0.0,30,414959.058245,False
0.0,30,415000.931763,False
0.0,30,415049.12162,False
0.0,30,415093.333247,False
2.4,30,415382.154842,True
0.0,30,415425.882514,False
0.0,30,415473.566255,False
2.1,30,415522.059673,True
3.0,30,415564.719533,True
0.0,30,415611.258727,False
0.0,30,415654.205686,False
2.4,30,415699.169142,True
2.7,30,415744.255782,True
0.0,30,415788.731474,False
0.0,30,415831.594332,False
2.7,30,415874.244015,True
2.8,30,415926.915619,True
0.0,30,415968.809963,False
0.0,30,416016.490119,False
0.0,30,416056.889372,False
2.7,30,416101.497901,True
3.0,30,416157.616665,True
0.0,30,416205.716864,False
0.0,30,416254.521775,False
0.0,30,416300.66017,False
0.0,30,416345.84553,False
0.0,30,416386.269073,False
0.0,30,416428.094859,False
0.0,30,416480.635621,False
0.0,30,416525.094706,False
2.6,30,416570.996815,True
0.0,30,416616.260017,False
1.8,30,416659.297622,True
3.0,30,416703.186139,True
1.1,30,416748.376022,True
0.0,30,416801.439138,False
0.0,30,416851.199646,False
2.2,30,416894.720341,True
0.0,30,417197.043625,False
0.0,30,417241.579331,False
2.5,30,417289.843014,True
2.7,30,417336.395453,True
2.5,30,417382.412826,True
0.0,30,417430.134022,False
0.0,30,417469.441446,False
2.7,30,417517.734544,True
2.0,30,417568.53346,True
3.0,30,417611.237169,True
2.4,30,417653.541932,True
0.0,30,417697.790676,False
2.5,30,417742.369709,True
2.9,30,417786.524595,True
0.0,30,417831.005569,False
1.3,30,417887.318028,True
0.0,30,417936.285261,False
2.7,30,417979.184909,True
0.0,30,418024.488329,False
2.7,30,418066.258096,True
0.0,30,418107.795088,False
2.7,30,418157.630553,True
0.0,30,418196.759453,False
2.6,30,418235.313502,True
2.5,30,418284.341057,True
3.0,30,418325.308412,True
2.6,30,418373.175048,True
2.5,30,418414.735929,True
1.3,30,418458.862467,True
2.5,30,418502.370533,True
2.8,30,418546.217195,True
2.9,30,418586.712971,True
2.5,30,418631.686547,True
0.0,30,418677.543744,False
0.0,30,418722.575359,False
2.8,30,419004.565707,True
0.0,30,419050.379133,False
2.7,30,419097.650937,True
2.5,30,419147.793296,True
2.4,30,419191.872575,True
2.9,30,419237.731895,True
0.0,30,419287.222198,False
1.2,30,419335.02464,True
1.8,30,419383.717324,True
2.8,30,419441.902456,True
2.5,30,419486.820282,True
0.0,30,419533.341118,False
2.5,30,419574.716783,True
0.0,30,419620.798814,False
3.0,30,419664.871504,True
0.0,30,419709.668977,False
0.0,30,419751.415412,False
2.8,30,419795.60488,True
2.8,30,419837.925253,True
2.8,30,419880.428441,True
3.0,30,419930.114562,True
2.6,30,419974.879745,True
2.7,30,420017.92247,True
0.0,30,420060.655763,False
0.0,30,420103.756147,False
1.5,30,420150.932101,False
2.7,30,420197.849677,True
2.6,30,420238.693784,True
2.4,30,420283.809994,True
0.0,30,420328.682523,False
2.7,30,420368.886763,True
2.9,30,420413.892052,True
0.0,30,420471.086696,False
0.0,30,420512.647734,False
2.9,30,420822.664865,True
2.4,30,420867.996395,True
0.0,30,420911.649897,False
2.7,30,420961.138821,True
2.5,30,421001.668381,True
2.8,30,421057.543376,True
0.0,30,421100.698338,False
0.0,30,421150.374983,False
2.9,30,421197.474512,True
2.9,30,421240.71411,True
0.0,30,421288.086578,False
0.0,30,421331.386591,False
2.9,30,421378.829689,True
1.9,30,421427.654912,True
0.0,30,421477.908296,False
0.0,30,421523.079667,False
0.0,30,421568.178162,False
2.8,30,421617.560443,True
3.0,30,421653.988361,True
0.0,30,421696.289861,False
2.8,30,421741.063263,True
2.3,30,421787.567496,True
0.3,30,421834.646204,False
0.9,30,421885.804625,True
0.0,30,421928.263814,False
0.0,30,421975.625507,False
2.8,30,422021.637695,True
2.7,30,422068.639413,True
2.4,30,422116.811503,True
2.6,30,422164.253613,True
0.0,30,422206.540951,False
0.0,30,422256.02106,False
2.6,30,422296.720752,True
0.0,30,422342.598756,False
0.0,30,422675.595989,False
2.6,30,422719.440992,True
0.0,30,422767.913344,False
0.0,30,422831.15741,False
2.5,30,422875.109157,True
0.0,30,422921.186604,False
0.0,30,422964.018762,False
1.6,30,423007.190125,True
0.0,30,423054.115831,False
2.8,30,423102.191797,True
0.0,30,423146.301718,False
0.0,30,423190.119832,False
2.1,30,423234.855432,True
0.0,30,423275.124181,False
2.5,30,423318.50664,True
0.0,30,423368.017078,False
0.0,30,423415.94706,False
0.0,30,423456.740214,False
2.8,30,423499.139473,True
2.7,30,423544.581778,True
2.7,30,423592.926096,True
2.6,30,423637.862809,True
2.1,30,423680.206233,True
0.5,30,423722.036273,False
0.0,30,423761.78106,False
2.8,30,423801.690195,True
0.0,30,423845.423749,False
2.2,30,423890.903327,True
0.0,30,423942.1211,False
0.0,30,423980.299438,False
2.6,30,424024.313713,True
2.8,30,424079.996296,True
0.0,30,424120.978587,False
0.0,30,424165.649873,False
2.7,30,424493.059239,True
3.0,30,424540.507892,True
2.9,30,424585.60454,True
2.5,30,424633.249997,True
0.0,30,424683.520082,False
0.0,30,424733.759023,False
1.9,30,424776.063919,False
0.0,30,424819.929032,False
0.0,30,424862.260618,False
1.3,30,424908.473773,False
2.9,30,424960.172048,True
2.3,30,425002.24403,True
0.0,30,425048.538431,False
0.0,30,425094.487619,False
2.6,30,425133.681748,True
2.6,30,425177.562416,True
0.0,30,425222.339612,False
0.0,30,425265.250711,False
2.5,30,425311.721655,True
0.0,30,425356.980011,False
2.5,30,425397.866261,True
2.6,30,425440.628802,True
2.8,30,425482.860831,True
0.0,30,425532.226387,False
2.9,30,425579.1033,True
2.9,30,425622.661998,True
0.0,30,425676.467754,False
0.0,30,425720.428743,False
2.2,30,425767.326649,True
0.0,30,425806.03094,False
0.0,30,425853.763406,False
2.8,30,425896.089437,True
0.0,30,425939.696876,False
0.0,30,425988.201551,False
2.9,30,426302.579922,True
2.0,30,426346.64798,True
0.0,30,426392.880303,False
0.0,30,426464.142583,False
2.1,30,426516.162801,True
2.5,30,426560.120255,True
2.9,30,426605.072731,True
0.0,30,426660.519171,False
2.5,30,426708.453028,True
2.6,30,426755.689381,True
3.0,30,426805.558813,True
2.4,30,426850.206689,True
0.0,30,426897.332536,False
0.0,30,426945.592767,False
2.0,30,426993.076731,True
2.7,30,427036.058377,True
0.0,30,427080.511542,False
2.6,30,427123.612253,True
2.8,30,427170.589494,True
2.5,30,427214.841547,True
1.6,30,427264.356005,True
2.6,30,427312.858396,True
2.7,30,427363.615034,True
0.0,30,427405.894593,False
2.7,30,427451.429853,True
0.0,30,427499.905078,False
0.0,30,427542.350015,False
2.7,30,427588.855593,True
2.3,30,427634.40579,True
0.0,30,427682.686663,False
0.0,30,427729.048071,False
0.0,30,427775.883743,False
1.0,30,427825.478883,True
2.2,30,427867.231349,True
0.0,30,428222.87624,False
0.0,30,428267.302921,False
0.0,30,428312.561133,False
1.9,30,428354.891288,True
2.6,30,428405.118584,True
2.9,30,428451.746233,True
2.5,30,428496.664089,True
1.1,30,428543.251915,True
1.9,30,428587.271859,True
3.0,30,428630.715838,True
2.4,30,428683.979025,True
0.0,30,428732.017918,False
2.4,30,428777.922431,True
0.0,30,428821.619281,False
1.9,30,428867.890691,True
2.6,30,428909.448517,True
2.8,30,428954.404603,True
0.0,30,428999.519928,False
2.5,30,429047.1966,True
0.0,30,429090.064091,False
0.0,30,429132.651862,False
2.3,30,429185.906725,True
2.6,30,429233.93164,True
0.0,30,429279.092732,False
3.0,30,429324.582343,True
3.0,30,429366.027514,True
2.5,30,429415.168954,True
2.7,30,429460.52827,True
3.0,30,429505.119748,True
2.8,30,429553.454265,True
0.0,30,429598.64697,False
0.0,30,429642.147701,False
2.6,30,429697.308676,True
2.6,30,429742.582312,True
2.5,30,430095.668299,True
0.0,30,430136.781965,False
0.0,30,430181.46694,False
2.6,30,430231.331567,True
0.0,30,430279.928201,False
3.0,30,430324.168363,True
0.0,30,430371.750014,False
2.8,30,430419.704663,True
0.0,30,430464.268066,False
1.8,30,430516.582367,False
3.0,30,430562.946373,True
2.8,30,430614.505735,True
0.0,30,430667.479417,False
2.7,30,430716.062136,True
2.6,30,430764.994022,True
2.3,30,430812.484255,True
0.5,30,430865.721541,True
0.0,30,430906.376499,False
0.0,30,430954.184522,False
0.0,30,430997.91818,False
2.3,30,431041.486948,True
2.3,30,431088.680733,True
2.5,30,431141.219212,True
0.0,30,431192.475937,False
0.0,30,431238.499186,False
2.4,30,431282.273801,True
2.8,30,431331.598844,True
1.8,30,431375.272595,True
2.4,30,431422.430859,True
0.0,30,431471.82216,False
0.0,30,431522.85348,False
0.0,30,431574.042662,False
0.0,30,431620.295353,False
0.0,30,431667.386708,False
2.5,30,431709.981477,True
0.0,30,432046.409929,False
2.0,30,432088.939817,True
2.1,30,432136.246924,True
2.5,30,432191.115918,True
2.6,30,432235.170031,True
0.0,30,432283.002889,False
0.0,30,432332.707757,False
0.0,30,432380.09888,False
2.3,30,432428.045323,True
0.0,30,432470.877229,False
0.0,30,432519.104339,False
2.5,30,432568.329074,True
2.4,30,432611.085872,True
2.7,30,432666.841145,True
0.0,30,432713.067193,False
0.0,30,432759.564569,False
0.0,30,432806.812475,False
0.0,30,432854.367397,False
2.3,30,432896.729593,True
2.9,30,432940.810947,True
2.9,30,432984.300556,True
2.4,30,433030.812997,True
0.0,30,433080.002914,False
0.0,30,433127.117935,False
2.2,30,433173.378977,True
0.0,30,433217.339975,False
0.0,30,433257.126254,False
3.0,30,433304.445725,True
2.4,30,433352.125097,True
0.0,30,433395.81374,False
0.0,30,433442.745675,False
0.0,30,433490.856938,False
2.5,30,433539.047124,True
0.0,30,433582.022377,False
0.0,30,433937.112223,False
2.2,30,433985.123652,True
2.8,30,434032.887172,True
0.0,30,434078.284819,False
0.0,30,434119.068892,False
2.9,30,434167.501088,True
2.7,30,434214.846696,True
2.9,30,434258.277646,True
0.0,30,434303.500849,False
2.8,30,434351.244242,True
0.0,30,434400.6013,False
3.0,30,434448.806792,True
2.7,30,434499.694966,True
0.0,30,434547.809733,False
0.0,30,434592.579293,False
2.0,30,434635.551593,True
3.0,30,434685.787919,True
2.5,30,434737.798125,True
2.4,30,434781.591922,True
0.0,30,434828.509079,False
2.7,30,434872.636983,True
2.5,30,434916.372366,True
2.2,30,434967.492092,True
2.5,30,435014.143407,True
2.5,30,435061.714821,True
2.2,30,435108.956907,True
0.0,30,435153.349817,False
2.9,30,435198.196459,True
0.0,30,435242.493965,False
0.0,30,435290.495939,False
2.2,30,435339.089769,True
0.1,30,435388.344325,True
3.0,30,435434.878379,True
2.9,30,435481.005045,True
2.2,30,435831.62303,True
2.7,30,435875.947691,True
0.0,30,435923.899765,False
0.0,30,435968.181392,False
2.5,30,436019.596521,True
0.0,30,436065.862828,False
3.0,30,436114.620844,True
0.0,30,436156.912038,False
0.0,30,436202.109416,False
0.0,30,436249.349485,False
2.5,30,436291.315909,True
0.0,30,436336.745484,False
3.0,30,436389.146877,True
2.5,30,436438.237289,True
2.9,30,436486.933256,True
0.0,30,436535.48785,False
0.0,30,436588.349676,False
2.4,30,436633.993957,True
0.0,30,436678.162199,False
2.5,30,436729.604829,True
2.2,30,436773.541591,True
2.5,30,436823.414329,True
2.8,30,436868.072734,True
2.7,30,436920.858456,True
0.0,30,436966.471189,False
2.9,30,437016.260139,True
0.0,30,437064.462199,False
2.3,30,437110.241268,True
2.8,30,437152.64089,True
0.0,30,437204.868988,False
2.6,30,437251.51223,True
1.2,30,437301.685506,False
0.0,30,437344.225479,False
0.0,30,437391.64097,False
2.9,30,437730.232496,True
0.0,30,437783.304066,False
0.0,30,437834.529257,False
0.0,30,437893.353074,False
2.6,30,437941.729027,True
0.0,30,437985.972417,False
2.9,30,438035.196869,True
3.0,30,438082.180625,True
0.0,30,438129.888289,False
2.4,30,438175.092589,True
3.0,30,438221.206301,True
0.0,30,438269.812864,False
2.6,30,438313.058349,True
0.0,30,438360.129447,False
0.0,30,438410.096784,False
0.0,30,438456.25271,False
2.2,30,438502.495118,True
0.0,30,438550.216706,False
0.0,30,438594.078027,False
2.3,30,438644.742865,True
2.2,30,438689.359129,True
3.0,30,438735.10211,True
2.8,30,438786.854767,True
0.0,30,438831.217981,False
2.6,30,438876.321183,True
2.8,30,438924.414797,True
0.0,30,438973.842152,False
0.0,30,439025.92018,False
2.4,30,439072.106318,True
0.0,30,439123.445802,False
2.8,30,439172.133635,True
0.0,30,439223.020137,False
2.6,30,439275.973581,True
2.8,30,439322.516045,True
0.0,30,439647.47956,False
0.0,30,439691.12629,False
3.0,30,439744.212173,True
2.2,30,439796.768563,True
2.7,30,439848.768856,True
2.2,30,439894.700474,True
0.8,30,439941.067341,True
0.0,30,439987.447556,False
0.0,30,440043.70748,False
2.7,30,440092.946557,True
0.0,30,440141.834855,False
2.4,30,440193.358062,True
1.9,30,440240.331818,True
2.7,30,440284.624505,True
0.0,30,440333.715387,False
2.8,30,440378.289846,True
0.0,30,440422.617031,False
2.1,30,440468.658975,True
0.0,30,440514.098083,False
2.6,30,440559.421805,True
3.0,30,440603.17371,True
0.3,30,440654.56571,True
2.9,30,440701.10982,True
2.7,30,440751.117768,True
2.8,30,440801.610693,True
0.0,30,440842.445963,False
0.0,30,440891.473718,False
0.0,30,440942.646492,False
2.8,30,440986.411607,True
0.0,30,441035.438864,False
2.6,30,441092.94115,True
3.0,30,441138.080652,True
3.0,30,441189.658053,True
2.3,30,441237.957085,True
0.0,30,441577.26461,False
0.0,30,441625.935905,False
2.8,30,441675.204549,True
2.6,30,441726.313589,True
2.4,30,441771.122834,True
2.7,30,441815.193111,True
0.0,30,441865.188144,False
0.0,30,441912.365159,False
0.0,30,441959.552738,False
2.6,30,442006.211833,True
2.1,30,442057.510408,True
1.9,30,442099.173871,True
2.6,30,442147.584766,True
2.3,30,442194.115308,True
0.0,30,442236.6571,False
1.7,30,442281.126093,True
3.0,30,442335.000432,True
1.2,30,442381.465566,True
2.7,30,442427.050988,True
0.0,30,442481.503913,False
0.0,30,442524.846107,False
2.6,30,442569.888699,True
0.0,30,442618.003113,False
2.7,30,442660.965906,True
2.6,30,442701.814064,True
0.0,30,442747.886037,False
0.0,30,442792.719474,False
0.0,30,442833.010785,False
2.9,30,442876.020658,True
0.0,30,442913.640836,False
0.0,30,442957.665085,False
0.0,30,443004.690212,False
0.0,30,443047.690264,False
0.0,30,443095.36327,False
0.0,30,443444.374976,False
0.0,30,443494.127667,False
3.0,30,443537.562985,True
1.6,30,443586.837602,True
2.8,30,443634.333536,True
3.0,30,443680.379059,True
1.8,30,443730.05491,True
2.6,30,443773.960029,True
2.4,30,443819.522632,True
0.0,30,443865.981314,False
1.9,30,443911.42574,True
0.0,30,443958.784049,False
0.0,30,444001.62485,False
0.0,30,444050.531385,False
1.4,30,444099.971778,False
0.0,30,444155.400429,False
0.0,30,444203.172619,False
2.8,30,444247.230815,True
2.4,30,444292.328681,True
0.0,30,444338.522403,False
2.5,30,444384.42093,True
0.0,30,444426.313646,False
0.0,30,444470.030494,False
0.0,30,444518.973223,False
2.6,30,444569.508479,True
0.0,30,444613.221528,False
1.7,30,444659.063615,True
2.7,30,444705.277039,True
0.0,30,444754.122888,False
0.0,30,444801.777858,False
0.0,30,444854.91122,False
2.5,30,444901.254677,True
0.0,30,444951.713173,False
0.0,30,444995.908482,False
2.7,30,445339.027618,True
2.9,30,445386.675639,True
2.8,30,445433.783394,True
2.9,30,445483.511086,True
0.0,30,445531.002255,False
2.5,30,445576.403096,True
0.0,30,445616.402898,False
2.8,30,445659.219887,True
0.0,30,445703.668264,False
2.9,30,445750.952011,True
2.6,30,445796.005548,True
2.7,30,445849.678705,True
2.3,30,445896.198238,False
1.5,30,445944.564647,True
0.0,30,445992.086175,False
0.0,30,446036.40249,False
2.9,30,446080.500766,True
1.7,30,446136.763754,True
0.0,30,446181.869498,False
0.0,30,446227.60604,False
3.0,30,446270.688146,True
2.7,30,446313.904861,True
1.6,30,446362.805236,True
0.0,30,446406.621558,False
0.0,30,446450.694972,False
0.0,30,446494.03402,False
0.0,30,446533.986052,False
2.4,30,446581.290457,True
2.5,30,446625.540067,True
0.0,30,446669.673376,False
0.7,30,446713.201633,True
0.0,30,446757.385215,False
2.8,30,446804.214728,True
2.9,30,446851.335897,True
0.0,30,446898.78251,False
0.0,30,447246.984381,False
0.0,30,447290.100871,False
0.0,30,447336.842463,False
0.0,30,447386.658976,False
0.0,30,447429.874957,False
2.1,30,447476.886585,True
2.5,30,447520.238374,True
0.0,30,447564.724082,False
2.7,30,447620.458722,True
2.2,30,447664.260962,True
3.0,30,447708.472488,True
2.8,30,447757.001359,True
2.9,30,447805.698674,True
2.4,30,447851.143368,True
2.6,30,447898.432089,True
0.0,30,447942.226721,False
2.6,30,447990.889771,True
2.6,30,448034.549247,True
0.0,30,448079.201516,False
2.2,30,448123.669249,True
2.1,30,448176.679034,True
0.8,30,448227.0184,True
0.0,30,448268.448425,False
0.0,30,448312.955433,False
2.2,30,448362.333423,True
0.0,30,448410.321722,False
0.0,30,448463.50085,False
0.0,30,448513.953006,False
2.7,30,448558.763882,True
2.5,30,448609.391342,True
2.5,30,448658.06704,True
2.8,30,448707.417493,True
0.0,30,448755.110713,False
2.0,30,448798.11807,True
2.7,30,449151.834251,True
0.0,30,449200.787679,False
2.7,30,449246.690106,True
0.4,30,449291.821784,True
0.0,30,449340.852157,False
0.0,30,449380.656409,False
2.6,30,449426.668858,True
0.5,30,449467.182786,False
0.0,30,449513.95727,False
0.0,30,449561.356688,False
3.0,30,449604.924886,True
2.7,30,449646.409404,True
1.9,30,449698.827511,True
1.9,30,449747.444629,True
2.6,30,449790.117873,True
0.0,30,449829.524841,False
2.6,30,449877.684988,True
2.6,30,449921.088087,True
2.9,30,449967.73488,True
2.5,30,450011.429597,True
2.0,30,450059.439147,True
2.4,30,450104.728343,True
0.0,30,450146.683773,False
0.0,30,450191.317196,False
0.0,30,450239.476576,False
3.0,30,450284.184871,True
0.0,30,450329.774765,False
2.7,30,450373.684078,True
3.0,30,450424.61668,True
2.4,30,450468.569634,True
2.6,30,450511.223608,True
2.7,30,450554.043277,True
2.5,30,450597.173397,True
2.8,30,450648.201383,True
2.6,30,450989.229338,True
0.0,30,451035.134922,False
2.3,30,451078.484781,True
3.0,30,451124.242815,True
2.5,30,451172.805569,True
0.0,30,451219.642353,False
3.0,30,451266.871118,True
1.6,30,451311.857351,True
0.0,30,451354.954171,False
2.9,30,451396.058316,True
0.0,30,451441.488595,False
3.0,30,451481.98021,True
2.5,30,451528.32381,True
3.0,30,451576.590449,True
2.6,30,451631.128326,True
0.0,30,451672.180618,False
2.7,30,451714.141435,True
0.0,30,451758.527183,False
2.6,30,451798.593129,False
0.0,30,451844.739868,False
3.0,30,451892.55016,True
2.2,30,451942.368327,True
2.8,30,451989.23805,True
0.0,30,452027.712738,False
0.0,30,452070.510023,False
0.0,30,452122.945215,False
1.3,30,452170.351406,True
1.7,30,452217.752789,True
0.0,30,452259.441616,False
2.7,30,452304.7863,True
2.4,30,452350.858149,True
1.9,30,452398.231881,True
0.0,30,452448.183333,False
2.7,30,452494.486449,True
0.0,30,452826.805201,False
0.0,30,452879.466557,False
0.0,30,452924.345816,False
0.0,30,452968.660595,False
3.0,30,453015.602054,True
0.0,30,453057.163604,False
0.0,30,453098.988665,False
2.1,30,453151.357716,True
3.0,30,453196.054177,True
2.8,30,453241.165244,True
2.6,30,453289.100721,True
0.0,30,453333.649823,False
0.0,30,453383.947047,False
2.6,30,453431.627048,True
3.0,30,453480.066516,True
0.0,30,453526.135187,False
0.0,30,453576.768385,False
0.0,30,453626.496423,False
1.9,30,453670.082697,True
3.0,30,453715.068763,True
1.3,30,453758.174391,True
2.3,30,453800.699609,True
2.8,30,453843.772012,True
3.0,30,453886.648113,True
0.0,30,453934.486678,False
2.9,30,453983.14078,True
2.9,30,454039.274224,True
2.2,30,454085.5793,True
2.6,30,454133.677282,True
2.8,30,454178.133726,True
0.0,30,454224.007442,False
0.0,30,454272.490736,False
2.9,30,454322.645348,True
2.8,30,454367.343056,True
0.0,30,454708.449004,False
2.7,30,454757.569859,True
0.0,30,454804.473208,False
3.0,30,454845.967247,True
1.0,30,454886.965282,True
2.7,30,454932.745739,True
2.7,30,454983.95805,True
0.0,30,455027.593709,False
2.6,30,455073.974455,True
2.3,30,455117.188145,True
2.7,30,455167.621779,True
0.0,30,455212.812485,False
0.0,30,455254.972149,False
2.5,30,455305.235826,True
2.7,30,455347.740087,True
0.0,30,455395.936532,False
0.0,30,455438.8425,False
0.0,30,455483.319924,False
2.8,30,455526.356153,True
0.0,30,455570.58845,False
0.0,30,455617.816227,False
0.0,30,455667.633747,False
3.0,30,455716.367295,True
2.5,30,455760.584743,True
0.0,30,455809.288394,False
2.5,30,455859.106574,True
2.3,30,455904.510869,True
0.0,30,455950.887473,False
2.9,30,455995.824951,True
2.4,30,456044.164185,True
2.5,30,456089.475077,True
0.0,30,456133.401188,False
0.0,30,456178.595024,False
0.0,30,456229.077289,False
0.0,30,456564.134376,False
0.0,30,456609.428317,False
0.0,30,456651.460555,False
0.0,30,456698.270489,False
2.7,30,456741.941346,True
2.6,30,456783.849169,True
0.0,30,456831.531477,False
0.0,30,456873.604285,False
2.1,30,456919.690427,False
2.6,30,456964.15258,True
0.0,30,457013.5549,False
2.8,30,457061.328921,True
2.9,30,457109.109076,True
0.0,30,457156.419395,False
0.0,30,457200.387995,False
0.0,30,457243.844227,False
0.0,30,457296.388568,False
0.0,30,457340.327681,False
0.0,30,457390.419245,False
3.0,30,457438.437521,True
0.0,30,457485.286499,False
2.3,30,457530.440606,True
2.7,30,457575.737305,True
0.8,30,457620.951085,True
2.3,30,457663.6041,True
2.8,30,457711.740987,True
2.6,30,457760.835345,True
0.0,30,457804.219259,False
2.4,30,457851.896482,True
0.0,30,457902.41492,False
0.0,30,457945.423183,False
2.8,30,457986.877664,True
2.3,30,458030.502059,True
2.4,30,458078.137868,True
0.0,30,458399.165468,False
3.0,30,458442.667175,True
2.7,30,458490.911299,True
1.2,30,458536.062233,True
0.0,30,458581.391061,False
2.8,30,458629.178336,True
0.0,30,458676.669818,False
2.6,30,458729.436742,True
0.0,30,458780.262016,False
0.0,30,458822.479268,False
0.0,30,458866.976892,False
2.7,30,458912.366357,True
2.3,30,458956.72634,True
2.6,30,458996.305174,True
0.0,30,459039.910639,False
0.0,30,459088.556398,False
0.0,30,459139.597897,False
2.5,30,459187.558282,True
0.0,30,459234.412365,False
0.0,30,459282.101288,False
0.0,30,459329.728631,False
0.0,30,459371.665184,False
0.0,30,459422.061252,False
2.7,30,459472.607202,True
2.5,30,459520.116368,True
0.0,30,459558.518847,False
2.3,30,459602.556432,True
2.2,30,459648.637892,True
0.0,30,459692.366352,False
0.0,30,459739.155493,False
0.0,30,459786.234461,False
0.0,30,459831.322848,False
0.0,30,459874.435985,False
2.8,30,459926.044269,True
2.8,30,459968.83115,True
2.6,30,460310.660804,True
0.0,30,460354.475624,False
2.7,30,460400.582405,True
3.0,30,460452.354442,True
0.0,30,460494.434142,False
3.0,30,460536.947855,True
2.0,30,460579.418103,True
2.9,30,460627.004003,True
0.0,30,460672.418694,False
2.6,30,460726.869462,True
2.3,30,460773.767531,True
0.0,30,460823.451379,False
0.0,30,460869.424647,False
0.0,30,460913.867037,False
2.6,30,460959.396223,True
0.0,30,461008.926668,False
0.0,30,461054.969937,False
2.7,30,461098.738492,True
2.8,30,461146.314704,True
2.0,30,461202.872976,True
2.9,30,461248.766679,True
2.5,30,461298.320368,True
2.7,30,461343.611359,True
0.0,30,461385.653569,False
3.0,30,461427.389143,True
0.0,30,461472.243406,False
2.7,30,461515.095575,True
0.0,30,461557.269089,False
0.0,30,461605.056731,False
0.0,30,461653.461193,False
0.0,30,461699.266849,False
0.0,30,461748.443478,False
0.0,30,461797.473019,False
0.0,30,461841.92318,False
0.0,30,462174.45844,False
1.4,30,462221.84378,True
0.0,30,462267.243236,False
2.3,30,462312.081486,True
2.7,30,462363.770856,True
2.5,30,462412.744242,True
0.0,30,462471.03913,False
2.3,30,462518.355239,True
0.0,30,462563.854152,False
2.6,30,462608.333285,True
0.0,30,462654.716943,False
2.3,30,462697.624045,True
1.8,30,462743.857868,True
0.0,30,462787.838168,False
0.0,30,462837.201206,False
0.0,30,462888.436594,False
2.4,30,462934.294759,True
0.0,30,462973.921284,False
2.6,30,463013.433596,True
2.3,30,463057.149737,True
0.0,30,463106.156765,False
3.0,30,463151.348942,True
2.5,30,463195.998246,True
3.0,30,463242.263886,True
0.0,30,463291.045722,False
2.7,30,463333.753952,True
2.6,30,463377.829262,True
0.0,30,463422.294473,False
1.9,30,463465.932944,True
0.0,30,463510.242138,False
2.5,30,463558.946513,True
0.0,30,463618.338288,False
2.7,30,463662.46979,True
0.0,30,463710.174361,False
3.0,30,464057.317605,True
0.0,30,464105.538338,False
2.6,30,464149.33101,True
2.7,30,464196.193953,True
0.6,30,464238.24962,True
2.8,30,464284.497471,True
2.5,30,464324.320061,True
2.5,30,464372.377963,True
3.0,30,464418.423265,True
2.6,30,464464.943943,True
0.0,30,464507.814355,False
2.8,30,464551.262502,True
2.4,30,464596.78576,True
2.6,30,464642.879505,True
0.0,30,464689.355528,False
2.5,30,464734.695199,True
0.0,30,464782.713095,False
0.5,30,464831.187673,False
0.0,30,464874.816573,False
3.0,30,464925.654062,True
0.0,30,464972.852521,False
0.0,30,465021.78792,False
0.4,30,465068.794286,False
2.5,30,465123.597166,True
2.4,30,465171.141643,True
0.0,30,465211.471058,False
0.0,30,465251.810551,False
0.0,30,465297.729483,False
0.0,30,465342.856672,False
2.4,30,465388.582808,True
2.8,30,465429.826678,True
0.0,30,465474.415638,False
0.0,30,465518.963372,False
0.0,30,465568.585405,False
0.0,30,465921.810318,False
2.6,30,465967.784009,True
2.7,30,466012.242985,True
0.0,30,466058.971799,False
2.8,30,466109.547169,True
2.7,30,466156.117634,True
2.5,30,466206.738195,True
0.0,30,466252.697779,False
1.9,30,466301.28297,True
0.0,30,466344.605668,False
0.0,30,466390.666601,False
2.9,30,466433.994644,True
0.0,30,466484.77125,False
0.0,30,466532.999055,False
2.8,30,466577.569501,True
2.8,30,466629.806212,True
2.8,30,466669.411267,True
0.0,30,466720.565473,False
2.8,30,466768.974078,True
0.0,30,466813.0623,False
2.7,30,466861.112211,True
3.0,30,466908.219837,True
0.0,30,466956.012641,False
3.0,30,467002.201514,True
0.0,30,467044.213378,False
0.0,30,467088.840783,False
0.0,30,467138.931006,False
2.0,30,467183.98874,True
0.0,30,467231.261166,False
3.0,30,467277.45086,True
3.0,30,467325.177082,True
2.4,30,467369.592157,True
2.9,30,467410.506353,True
0.0,30,467455.257588,False
0.0,30,467818.198981,False
2.7,30,467864.271845,True
0.0,30,467911.705226,False
0.0,30,467957.604692,False
2.5,30,468005.173107,True
2.8,30,468055.80255,True
0.0,30,468105.772241,False
0.0,30,468148.40453,False
0.0,30,468195.525122,False
0.0,30,468240.712786,False
0.0,30,468285.938926,False
2.5,30,468327.800662,True
0.0,30,468378.3296,False
0.0,30,468423.648035,False
2.8,30,468472.783187,True
2.6,30,468517.566887,True
2.9,30,468566.098795,False
2.5,30,468609.222422,True
0.0,30,468658.523422,False
2.8,30,468706.596613,True
0.0,30,468750.597804,False
0.0,30,468793.069712,False
2.6,30,468838.631549,True
2.9,30,468883.853504,True
0.0,30,468938.275934,False
2.4,30,468988.396435,True
1.5,30,469033.237416,False
2.7,30,469079.499966,True
2.8,30,469122.827058,True
2.8,30,469170.080915,True
0.0,30,469227.926857,False
2.5,30,469276.746232,True
2.8,30,469321.468302,True
2.8,30,469365.690613,True
1.5,30,469707.292795,True
2.1,30,469756.163669,True
2.5,30,469806.812166,True
2.5,30,469853.14594,True
0.7,30,469893.543928,False
2.6,30,469940.917759,True
0.0,30,469990.74944,False
3.0,30,470039.841856,True
2.8,30,470100.347966,True
2.9,30,470144.314622,True
2.2,30,470207.729987,True
0.5,30,470254.909423,False
2.3,30,470300.001214,True
0.0,30,470343.821636,False
0.0,30,470391.879968,False
0.0,30,470441.667691,False
0.0,30,470495.263597,False
0.0,30,470539.49501,False
2.7,30,470588.516171,True
2.4,30,470636.804741,True
0.0,30,470686.340492,False
2.9,30,470737.777929,True
0.0,30,470788.733822,False
0.0,30,470835.042257,False
2.6,30,470878.737131,True
0.0,30,470935.271723,False
1.9,30,470978.454742,True
0.0,30,471023.763359,False
0.0,30,471069.177263,False
2.7,30,471135.350154,True
0.0,30,471184.719273,False
2.0,30,471234.050028,True
0.0,30,471279.24717,False
0.0,30,471324.189135,False
2.5,30,471650.88017,True
2.4,30,471697.377721,True
0.5,30,471748.275606,True
2.7,30,471797.145026,True
0.0,30,471843.91548,False
2.2,30,471893.103693,True
0.0,30,471938.426511,False
3.0,30,471982.861158,True
2.5,30,472027.798727,True
0.0,30,472075.006759,False
2.8,30,472118.387513,True
2.5,30,472172.736803,True
2.8,30,472214.753227,True
0.0,30,472283.776041,False
0.0,30,472334.369349,False
3.0,30,472387.651218,True
2.6,30,472433.564475,True
2.5,30,472479.21251,True
1.9,30,472522.95575,True
0.0,30,472570.505597,False
0.0,30,472613.941674,False
0.0,30,472659.723265,False
0.0,30,472705.58533,False
2.7,30,472757.450734,True
2.5,30,472810.050831,True
0.0,30,472864.441582,False
0.0,30,472910.8918,False
0.0,30,472959.272433,False
0.0,30,473009.983448,False
3.0,30,473059.306654,True
2.2,30,473109.233855,True
2.2,30,473156.035868,True
2.9,30,473205.067544,True
0.0,30,473249.510797,False
0.0,30,473576.880414,False
0.0,30,473625.588747,False
2.7,30,473672.78782,True
2.8,30,473719.957141,True
0.0,30,473768.279288,False
0.0,30,473808.642743,False
0.0,30,473854.248948,False
0.0,30,473897.170046,False
1.7,30,473941.129995,True
2.4,30,473990.17526,True
2.9,30,474038.524257,True
2.7,30,474085.562633,True
2.2,30,474134.768501,True
2.7,30,474181.330196,True
0.0,30,474226.357154,False
2.8,30,474270.139243,True
0.0,30,474316.406811,False
0.0,30,474358.903549,False
2.7,30,474403.653533,True
0.0,30,474452.781927,False
0.0,30,474500.622809,False
2.5,30,474549.060761,True
2.3,30,474594.834756,True
0.0,30,474637.630108,False
0.0,30,474696.16094,False
0.0,30,474742.411045,False
0.0,30,474789.828847,False
0.0,30,474836.072248,False
0.0,30,474887.63911,False
2.7,30,474936.255267,True
0.0,30,474985.976663,False
0.0,30,475036.93091,False
0.0,30,475081.801441,False
2.6,30,475139.267203,True
0.0,30,475188.515487,False
2.6,30,475527.548589,True
2.6,30,475573.957959,True
2.9,30,475619.865173,True
2.5,30,475670.758431,True
0.0,30,475720.668258,False
0.1,30,475767.323429,True
2.6,30,475813.267189,True
0.0,30,475859.370616,False
2.6,30,475908.943266,True
2.3,30,475952.997053,True
2.6,30,475997.864811,True
0.0,30,476037.669464,False
0.0,30,476086.165311,False
0.0,30,476137.52365,False
2.9,30,476182.150932,True
0.0,30,476227.360281,False
0.0,30,476274.741029,False
0.0,30,476320.670263,False
0.5,30,476366.990884,False
2.7,30,476417.80146,True
0.0,30,476467.68964,False
1.8,30,476511.933576,True
0.0,30,476560.815088,False
1.8,30,476606.566092,False
2.8,30,476650.664338,True
0.0,30,476697.934205,False
2.7,30,476742.739514,True
0.0,30,476786.961207,False
2.9,30,476832.642,True
1.9,30,476879.553154,True
2.8,30,476923.239674,True
2.8,30,476971.650527,True
2.7,30,477017.193712,True
3.0,30,477070.271353,True
0.5,30,477382.112787,False
2.6,30,477430.319142,True
2.6,30,477478.623781,True
2.6,30,477523.940466,True
2.8,30,477565.049051,True
2.9,30,477607.662868,True
2.8,30,477653.28997,True
2.8,30,477699.508837,True
2.2,30,477745.533769,True
0.0,30,477798.650439,False
0.0,30,477848.120836,False
0.0,30,477886.84109,False
0.0,30,477927.442223,False
0.0,30,477971.312586,False
2.9,30,478015.619658,True
1.9,30,478076.35254,True
2.6,30,478118.632742,True
0.0,30,478177.161641,False
2.4,30,478230.893452,True
0.0,30,478275.245198,False
0.0,30,478319.455333,False
2.2,30,478365.06929,True
2.2,30,478414.63754,True
2.3,30,478471.553643,True
2.7,30,478519.451743,True
0.0,30,478561.105786,False
0.0,30,478605.206684,False
0.0,30,478645.415951,False
2.7,30,478690.642838,True
0.0,30,478734.312268,False
0.0,30,478779.003744,False
2.7,30,478826.680477,True
0.0,30,478870.280145,False
3.0,30,478923.269938,True
0.0,30,479242.353573,False
3.0,30,479285.473491,True
0.0,30,479328.226921,False
0.0,30,479373.183501,False
0.0,30,479415.794129,False
0.0,30,479462.36158,False
2.0,30,479505.939699,True
2.8,30,479549.873136,True
1.1,30,479596.75797,True
2.7,30,479644.223006,True
2.6,30,479696.7086,True
2.5,30,479747.001848,True
2.8,30,479792.585971,True
0.0,30,479838.253055,False
2.3,30,479882.806711,True
0.0,30,479930.916,False
2.9,30,479975.054502,True
0.0,30,480019.561973,False
1.8,30,480068.314006,True
2.8,30,480117.361791,True
2.3,30,480161.013364,True
0.0,30,480208.499141,False
2.7,30,480257.412266,True
0.0,30,480302.343613,False
1.2,30,480346.306684,True
3.0,30,480390.334116,True
2.1,30,480433.644812,True
2.6,30,480475.575286,True
0.0,30,480520.390025,False
2.6,30,480588.316466,True
0.0,30,480630.685986,False
2.2,30,480674.672355,True
2.1,30,480727.667971,True
0.0,30,480774.08118,False
0.0,30,481115.45317,False
0.0,30,481159.137851,False
1.5,30,481206.864397,True
0.0,30,481253.452162,False
0.0,30,481302.986632,False
2.6,30,481348.211132,True
0.0,30,481396.905057,False
0.0,30,481445.157817,False
0.0,30,481484.522663,False
0.0,30,481531.073627,False
0.0,30,481583.767525,False
2.9,30,481627.697028,True
0.0,30,481676.310066,False
2.6,30,481720.297964,True
0.0,30,481768.9155,False
3.0,30,481824.168734,True
2.9,30,481870.025683,True
0.0,30,481915.431566,False
3.0,30,481962.10631,True
0.0,30,482009.51216,False
2.4,30,482052.089569,True
2.7,30,482106.242451,True
2.3,30,482156.337238,True
0.0,30,482200.520893,False
0.0,30,482244.912423,False
2.6,30,482285.714354,True
2.8,30,482329.719994,True
0.0,30,482373.326196,False
2.8,30,482418.875538,True
2.6,30,482463.415169,True
0.0,30,482511.087683,False
0.0,30,482558.620911,False
0.0,30,482606.921342,False
1.9,30,482653.861984,True
0.5,30,482985.379705,False
2.9,30,483031.573818,True
0.0,30,483077.679557,False
2.5,30,483127.607653,True
2.7,30,483171.163707,True
3.0,30,483219.339993,True
2.8,30,483260.776869,True
2.8,30,483301.673165,True
2.9,30,483359.381978,True
0.0,30,483401.639506,False
2.7,30,483445.481757,True
1.9,30,483491.378407,True
2.1,30,483537.334517,True
0.4,30,483582.14377,True
2.7,30,483626.199757,True
2.2,30,483672.557396,True
2.0,30,483719.017965,True
0.0,30,483768.040051,False
0.0,30,483812.316511,False
0.0,30,483860.187228,False
0.0,30,483907.030315,False
2.8,30,483958.22697,True
0.0,30,484001.865554,False
2.2,30,484050.929028,True
0.0,30,484101.737112,False
2.7,30,484150.214882,True
1.3,30,484199.775615,True
2.5,30,484248.015373,True
2.1,30,484296.328559,False
0.0,30,484339.232217,False
0.0,30,484383.5276,False
2.8,30,484432.941067,True
3.0,30,484477.375551,True
0.0,30,484522.394062,False
2.8,30,484866.503394,True
2.8,30,484913.649241,True
2.7,30,484960.112056,True
2.8,30,485009.123937,True
2.6,30,485053.228705,True
0.0,30,485098.997698,False
2.4,30,485144.767437,True
2.9,30,485191.793491,True
2.8,30,485240.944636,True
2.8,30,485288.070431,True
3.0,30,485332.453524,True
2.0,30,485375.943057,True
0.0,30,485417.620311,False
2.8,30,485468.170712,True
0.0,30,485513.32168,False
0.0,30,485563.439481,False
2.2,30,485607.429736,True
0.0,30,485652.125237,False
2.8,30,485700.850102,True
0.0,30,485744.390608,False
2.3,30,485795.523813,True
2.9,30,485842.222611,True
2.8,30,485886.796005,False
0.0,30,485929.485476,False
2.3,30,485972.268889,True
1.2,30,486021.588588,True
0.0,30,486070.87321,False
0.0,30,486123.160415,False
2.8,30,486169.4227,True
0.0,30,486219.072852,False
2.7,30,486269.122239,True
2.4,30,486312.12142,True
2.6,30,486358.361295,True
0.0,30,486400.68121,False
2.2,30,486734.690638,True
0.0,30,486776.867918,False
0.0,30,486821.996119,False
2.9,30,486865.866681,True
2.4,30,486912.296997,True
2.8,30,486958.009604,True
3.0,30,487006.062888,True
2.5,30,487045.737521,True
0.0,30,487088.392012,False
2.5,30,487140.987115,True
0.0,30,487188.909228,False
2.6,30,487234.153572,True
0.0,30,487279.689473,False
2.2,30,487328.821073,True
0.5,30,487378.729675,False
2.6,30,487423.5506,True
2.9,30,487469.228134,True
0.0,30,487511.800431,False
0.0,30,487558.633604,False
0.0,30,487603.940095,False
2.9,30,487663.816798,True
2.5,30,487712.1189,True
0.0,30,487752.59371,False
2.7,30,487797.910751,True
2.8,30,487845.433027,True
1.7,30,487888.893142,True
2.4,30,487941.448136,True
0.0,30,487996.149771,False
0.0,30,488043.712132,False
0.0,30,488087.87154,False
0.0,30,488137.017936,False
0.0,30,488186.290093,False
2.5,30,488233.808134,True
0.0,30,488285.449148,False
0.0,30,488326.565035,False
2.6,30,488628.882647,True
2.6,30,488674.295018,True
0.0,30,488719.395005,False
0.0,30,488763.566903,False
3.0,30,488806.257809,True
0.0,30,488852.878789,False
2.6,30,488904.245794,True
0.0,30,488949.573962,False
0.0,30,488999.213752,False
2.3,30,489040.351097,True
2.8,30,489086.019425,True
2.7,30,489135.509321,True
0.0,30,489183.128448,False
0.0,30,489230.833594,False
3.0,30,489282.770199,True
2.6,30,489329.184119,True
2.6,30,489372.001633,True
0.0,30,489414.936517,False
0.0,30,489458.551228,False
0.0,30,489510.750655,False
1.6,30,489553.448576,True
2.5,30,489606.762826,True
0.0,30,489649.272258,False
3.0,30,489691.512838,True
3.0,30,489743.504278,True
2.7,30,489786.845649,True
2.5,30,489833.95701,True
0.0,30,489874.758205,False
2.4,30,489921.160697,True
0.0,30,489968.52726,False
0.0,30,490015.105093,False
0.0,30,490062.894987,False
2.5,30,490106.990714,True
2.3,30,490147.993503,True
2.6,30,490457.071909,True
0.0,30,490502.928795,False
1.4,30,490555.223179,True
2.5,30,490601.844799,True
0.0,30,490649.060024,False
2.5,30,490705.436489,True
2.6,30,490753.476451,True
2.9,30,490804.008931,True
0.0,30,490846.248989,False
2.4,30,490892.978667,True
0.0,30,490942.347823,False
2.9,30,490987.980633,True
0.0,30,491031.297721,False
0.0,30,491077.785642,False
2.6,30,491132.060077,True
2.4,30,491180.251606,True
0.0,30,491230.392034,False
0.0,30,491276.501945,False
2.5,30,491329.789953,True
2.8,30,491371.766361,True
0.0,30,491421.659667,False
2.2,30,491468.945565,True
2.8,30,491515.785493,True
0.0,30,491562.248025,False
0.0,30,491612.930274,False
2.8,30,491659.416962,True
0.0,30,491711.117678,False
2.8,30,491751.914594,True
2.8,30,491797.384294,True
1.3,30,491840.823738,True
2.6,30,491889.830772,True
0.0,30,491936.877886,False
0.0,30,491978.328014,False
0.3,30,492022.723711,True
2.3,30,492349.354633,True
2.6,30,492399.800578,True
2.7,30,492451.172968,True
0.0,30,492513.576824,False
0.0,30,492554.104093,False
0.0,30,492599.144372,False
0.0,30,492644.399673,False
2.2,30,492690.08458,True
2.6,30,492745.815964,True
3.0,30,492789.296271,True
0.0,30,492837.146567,False
0.0,30,492878.257634,False
0.0,30,492923.95052,False
0.0,30,492979.883417,False
2.5,30,493022.657361,True
2.8,30,493066.435822,True
0.0,30,493111.379853,False
2.5,30,493156.406151,True
2.7,30,493201.532038,True
2.9,30,493250.816296,True
0.0,30,493295.08724,False
2.4,30,493341.350495,True
2.2,30,493389.783242,True
0.0,30,493434.048938,False
2.9,30,493480.212361,True
2.5,30,493534.088639,True
0.2,30,493582.704851,False
2.8,30,493626.412215,True
1.2,30,493670.888108,True
2.4,30,493718.323094,True
2.8,30,493760.546903,True
1.8,30,493806.334714,True
2.7,30,493848.513653,True
2.6,30,493891.480045,True
0.0,30,494236.012991,False
1.9,30,494290.042555,True
0.0,30,494332.876237,False
0.0,30,494375.229796,False
0.0,30,494432.108355,False
0.0,30,494480.86355,False
2.5,30,494526.32483,True
0.0,30,494570.750663,False
0.0,30,494617.97853,False
2.2,30,494664.455841,True
0.0,30,494705.364915,False
0.0,30,494750.422752,False
0.0,30,494815.115686,False
0.0,30,494870.202747,False
2.8,30,494917.542091,True
0.0,30,494964.508161,False
2.3,30,495010.051367,True
2.8,30,495053.561378,True
0.0,30,495101.283013,False
2.8,30,495154.467422,True
1.0,30,495200.989937,True
0.0,30,495247.183508,False
0.0,30,495290.661988,False
2.7,30,495343.222656,True
1.8,30,495386.005844,True
0.0,30,495437.545915,False
0.9,30,495478.725405,True
2.1,30,495522.927852,True
0.0,30,495568.800535,False
2.4,30,495613.005022,True
0.0,30,495663.773845,False
0.0,30,495708.46359,False
2.1,30,495760.404533,True
0.0,30,495805.415592,False
0.0,30,496136.04102,False
0.0,30,496180.106541,False
0.0,30,496226.140812,False
0.0,30,496271.006459,False
0.0,30,496314.373075,False
0.0,30,496357.620313,False
0.0,30,496404.281067,False
0.0,30,496445.52222,False
0.0,30,496494.588702,False
0.0,30,496540.913072,False
0.0,30,496587.658076,False
0.0,30,496632.245158,False
2.8,30,496684.038315,True
2.7,30,496736.134866,True
0.0,30,496784.482557,False
0.0,30,496824.673822,False
0.0,30,496870.650357,False
2.9,30,496915.154684,True
0.0,30,496969.245226,False
0.0,30,497013.851466,False
2.1,30,497060.806541,True
2.8,30,497106.514138,True
2.9,30,497150.683448,True
2.3,30,497203.148018,True
0.0,30,497246.943128,False
0.0,30,497297.239452,False
0.0,30,497344.627239,False
0.0,30,497392.854643,False
0.0,30,497440.12841,False
2.6,30,497489.688975,False
0.0,30,497534.157794,False
0.0,30,497576.307641,False
2.9,30,497627.883917,True
0.0,30,497670.438854,False
0.4,30,497988.959973,False
1.9,30,498034.611351,True
0.0,30,498080.21619,False
0.0,30,498124.739985,False
0.0,30,498166.672775,False
0.0,30,498208.68195,False
0.0,30,498267.437515,False
0.0,30,498312.399543,False
2.8,30,498360.450052,True
2.8,30,498405.533456,True
0.0,30,498447.48217,False
2.4,30,498492.298274,True
0.0,30,498535.010788,False
0.0,30,498586.105457,False
2.8,30,498635.286993,True
0.0,30,498679.495786,False
2.7,30,498722.958769,True
2.4,30,498762.630868,True
0.0,30,498803.251672,False
0.3,30,498846.769007,True
0.0,30,498893.298587,False
1.4,30,498934.843584,True
2.2,30,498981.224944,True
2.2,30,499024.244827,True
2.6,30,499068.610837,True
0.0,30,499112.156713,False
0.0,30,499160.79895,False
2.2,30,499207.514057,True
0.0,30,499246.877633,False
2.7,30,499291.606652,True
2.1,30,499331.143588,True
2.2,30,499377.30687,True
3.0,30,499427.332946,True
2.2,30,499476.131505,True
1.8,30,499814.288829,True
2.6,30,499858.983785,True
0.0,30,499903.409961,False
2.5,30,499949.496409,True
2.6,30,500005.436638,True
0.0,30,500045.471538,False
2.7,30,500087.294911,True
2.7,30,500133.84201,True
0.0,30,500180.237637,False
0.0,30,500226.131741,False
0.0,30,500273.803525,False
2.5,30,500317.67284,True
0.8,30,500360.749382,False
2.0,30,500408.56851,True
0.0,30,500458.5044,False
0.0,30,500503.448441,False
2.4,30,500552.251969,True
2.6,30,500597.342271,True
0.0,30,500645.382153,False
2.8,30,500694.253491,True
0.0,30,500741.824168,False
1.2,30,500788.209409,True
1.7,30,500828.568656,True
1.9,30,500883.246329,True
0.0,30,500927.489299,False
0.0,30,500981.082563,False
0.0,30,501026.08754,False
2.8,30,501070.029989,True
0.0,30,501110.432287,False
2.4,30,501159.432767,True
1.6,30,501205.502769,True
0.0,30,501250.272031,False
1.7,30,501291.219655,False
2.8,30,501333.334049,True
0.0,30,501702.138259,False
0.0,30,501750.822095,False
3.0,30,501800.135687,True
0.0,30,501853.536103,False
2.9,30,501899.242525,True
3.0,30,501950.188762,True
2.9,30,502000.651949,True
1.9,30,502052.066395,True
0.0,30,502097.676627,False
0.0,30,502147.620483,False
2.6,30,502194.642658,True
2.9,30,502239.74656,True
2.6,30,502286.951788,True
1.8,30,502335.309059,True
2.9,30,502379.763272,True
0.0,30,502432.593537,False
0.0,30,502477.071727,False
2.5,30,502527.183975,True
2.5,30,502570.802263,True
2.9,30,502614.358033,True
2.6,30,502658.104016,True
2.6,30,502703.746265,True
2.2,30,502753.694074,True
0.0,30,502802.00153,False
2.9,30,502850.02177,True
3.0,30,502893.636616,True
0.0,30,502938.747663,False
2.7,30,502981.411194,True
2.8,30,503027.130902,True
2.8,30,503073.63755,True
0.0,30,503127.700984,False
0.0,30,503171.356761,False
2.5,30,503218.548746,True
2.1,30,503264.237931,True
0.0,30,503302.697023,False
2.3,30,503654.622075,True
2.3,30,503704.190445,True
0.0,30,503757.207851,False
1.3,30,503808.855223,True
0.0,30,503860.267021,False
0.0,30,503907.036397,False
1.0,30,503957.391802,True
2.6,30,504001.534067,True
1.8,30,504047.002536,True
2.6,30,504092.718699,True
0.0,30,504141.306186,False
0.0,30,504189.578213,False
0.0,30,504237.373332,False
0.7,30,504280.115005,False
0.0,30,504326.989489,False
0.0,30,504373.758072,False
2.8,30,504424.303582,True
2.9,30,504470.129385,True
2.9,30,504522.292767,True
2.3,30,504569.717957,True
2.1,30,504622.158072,True
2.2,30,504665.044701,True
2.4,30,504709.130738,True
2.6,30,504755.257217,True
2.6,30,504802.403869,True
2.5,30,504859.182689,True
2.5,30,504907.802794,True
2.2,30,504953.252881,True
0.0,30,504995.20597,False
2.5,30,505040.892059,True
2.7,30,505091.078327,True
0.0,30,505135.030967,False
0.0,30,505183.290477,False
0.0,30,505227.377076,False
2.8,30,505572.363915,True
0.0,30,505618.526896,False
0.0,30,505666.170564,False
2.4,30,505714.25159,True
2.8,30,505758.491602,True
1.3,30,505806.713569,True
0.0,30,505849.274078,False
0.0,30,505899.117718,False
2.3,30,505950.31262,True
0.0,30,505995.077001,False
2.5,30,506040.451955,True
0.0,30,506087.21374,False
2.4,30,506132.112605,True
0.0,30,506170.988052,False
1.5,30,506219.04666,True
2.1,30,506271.319247,True
0.0,30,506317.012733,False
0.0,30,506374.073738,False
2.8,30,506421.231354,True
2.3,30,506464.58428,True
0.0,30,506507.507579,False
0.0,30,506562.870758,False
2.7,30,506609.971134,True
0.0,30,506659.351651,False
2.1,30,506705.815656,True
2.9,30,506751.553609,True
0.0,30,506795.072796,False
2.9,30,506862.417895,True
3.0,30,506913.177706,True
0.0,30,506961.991018,False
0.0,30,507007.698564,False
2.1,30,507054.932878,True
0.0,30,507103.328129,False
1.4,30,507150.264487,True
2.4,30,507510.96242,True
2.9,30,507556.68549,True
2.5,30,507605.417863,True
2.8,30,507655.394509,True
2.8,30,507713.959137,True
0.0,30,507763.2704,False
0.2,30,507807.977571,True
2.3,30,507852.925189,True
0.0,30,507903.880553,False
0.7,30,507947.839291,False
0.0,30,507990.770905,False
2.4,30,508035.200689,True
2.6,30,508077.450094,True
2.9,30,508123.858478,True
0.0,30,508169.951178,False
2.1,30,508220.842993,True
2.0,30,508264.739174,True
2.2,30,508305.454428,True
0.0,30,508352.966677,False
2.8,30,508403.441298,True
0.0,30,508448.724779,False
2.5,30,508495.945729,True
2.9,30,508541.089907,True
2.9,30,508591.927316,True
2.8,30,508640.135285,True
2.2,30,508689.95796,True
2.7,30,508733.622573,True
0.0,30,508773.140814,False
0.0,30,508823.633104,False
2.8,30,508875.599006,True
2.7,30,508921.341908,True
0.0,30,508961.189767,False
0.0,30,509006.116532,False
2.4,30,509047.828764,True
0.0,30,509437.358034,False
0.5,30,509484.851432,True
2.8,30,509542.34107,True
0.0,30,509600.726146,False
0.0,30,509649.344415,False
2.6,30,509697.943317,True
1.7,30,509750.280631,False
2.6,30,509802.63035,True
2.7,30,509869.423802,True
0.0,30,509915.184727,False
2.6,30,509960.569051,True
2.9,30,510013.254796,True
0.0,30,510056.476707,False
0.0,30,510099.764426,False
2.3,30,510144.811879,True
3.0,30,510189.158055,True
0.0,30,510233.025496,False
2.5,30,510278.460855,True
0.0,30,510319.846211,False
0.0,30,510365.641461,False
2.9,30,510415.319513,True
2.6,30,510471.307472,True
0.0,30,510517.130147,False
0.0,30,510565.118903,False
0.0,30,510609.623392,False
2.8,30,510657.500166,True
2.8,30,510704.90326,True
2.8,30,510745.214866,True
2.1,30,510789.828175,True
2.5,30,510833.637089,True
0.0,30,510878.540731,False
2.0,30,510920.945676,True
2.0,30,510970.40144,True
2.7,30,511018.877289,True
0.0,30,511394.232968,False
0.0,30,511441.790754,False
2.6,30,511486.668578,True
2.8,30,511536.380564,True
0.0,30,511579.132062,False
2.6,30,511630.040169,True
1.9,30,511677.603624,True
0.0,30,511723.632883,False
3.0,30,511780.761908,True
2.8,30,511822.217609,True
0.0,30,511867.038119,False
2.7,30,511913.300116,True
0.0,30,511957.757835,False
2.7,30,512006.857181,True
2.5,30,512051.176508,True
2.9,30,512097.269574,True
0.0,30,512142.285603,False
3.0,30,512192.887595,True
1.2,30,512247.216124,False
0.0,30,512302.091203,False
3.0,30,512343.728572,True
0.0,30,512394.484826,False
0.0,30,512441.510334,False
2.4,30,512496.295209,True
0.0,30,512541.297192,False
0.0,30,512592.571405,False
1.5,30,512639.995595,True
2.8,30,512686.420636,True
2.5,30,512730.692299,True
2.8,30,512775.28846,False
3.0,30,512827.247772,True
2.5,30,512877.499181,True
0.0,30,512926.315296,False
0.0,30,512972.586516,False
0.0,30,513327.500134,False
0.0,30,513367.073749,False
0.8,30,513415.432676,True
1.3,30,513463.451244,False
2.4,30,513517.939117,False
2.9,30,513564.986581,True
1.8,30,513610.388591,True
2.4,30,513656.998306,True
2.7,30,513705.96507,True
0.0,30,513755.799485,False
0.0,30,513803.1037,False
0.0,30,513846.509978,False
2.8,30,513891.612778,True
0.0,30,513935.226424,False
2.8,30,513980.289788,True
2.0,30,514031.312518,True
0.0,30,514080.156087,False
2.6,30,514132.827553,True
0.0,30,514182.077857,False
2.1,30,514231.006274,True
0.0,30,514279.261089,False
2.5,30,514323.520012,True
2.6,30,514371.137119,True
0.1,30,514420.657958,False
3.0,30,514469.181341,True
1.7,30,514513.451695,True
0.0,30,514558.667039,False
2.3,30,514601.619956,True
2.3,30,514648.365932,True
0.0,30,514700.889118,False
2.7,30,514751.329154,True
2.8,30,514797.579171,True
0.0,30,514860.452357,False
1.8,30,514907.645854,True
0.0,30,515273.382935,False
2.5,30,515320.896926,True
0.0,30,515366.193183,False
2.3,30,515411.750336,True
0.2,30,515462.113674,True
0.0,30,515506.510375,False
0.0,30,515553.597253,False
2.5,30,515601.207251,True
2.8,30,515652.678219,True
2.6,30,515697.927337,True
0.0,30,515748.54893,False
0.0,30,515795.204886,False
0.0,30,515842.344556,False
2.5,30,515891.319727,True
0.0,30,515940.200675,False
2.6,30,515984.316179,True
0.0,30,516033.232262,False
2.7,30,516083.972686,True
0.0,30,516129.223102,False
2.8,30,516171.8405,True
2.9,30,516214.403248,True
0.0,30,516261.123162,False
0.0,30,516332.933889,False
0.0,30,516384.643868,False
1.7,30,516427.539348,True
0.0,30,516472.002722,False
0.0,30,516524.505139,False
0.0,30,516576.223979,False
0.0,30,516636.711787,False
2.4,30,516679.535452,True
2.6,30,516725.026203,True
0.0,30,516776.010594,False
0.0,30,516824.686144,False
0.0,30,516880.019302,False
2.8,30,516928.07065,True
0.0,30,517287.019653,False
1.0,30,517334.413915,True
2.8,30,517380.105077,True
2.4,30,517423.05123,True
2.4,30,517467.693334,True
2.2,30,517514.589075,True
0.0,30,517554.902277,False
0.0,30,517600.661079,False
0.0,30,517648.054712,False
0.0,30,517707.837149,False
0.0,30,517754.784826,False
0.0,30,517802.490912,False
3.0,30,517847.669076,True
0.0,30,517895.527241,False
2.0,30,517941.809091,True
2.8,30,517990.822628,True
2.3,30,518040.167991,True
0.0,30,518086.833112,False
1.5,30,518138.112793,False
2.7,30,518190.927114,True
0.0,30,518239.152379,False
3.0,30,518283.649153,True
0.0,30,518329.371543,False
2.8,30,518373.924987,True
2.3,30,518424.515464,True
1.7,30,518471.703858,True
0.0,30,518522.760697,False
2.5,30,518572.088407,True
0.0,30,518616.873624,False
0.0,30,518665.76843,False
0.0,30,518710.753553,False
2.7,30,518760.251108,True
0.0,30,518809.833946,False
0.0,30,518858.491092,False
2.2,30,519215.232658,True
3.0,30,519267.797885,True
2.7,30,519309.330037,True
0.0,30,519353.763788,False
2.2,30,519402.318963,True
2.6,30,519443.613378,True
2.4,30,519487.240661,True
2.8,30,519534.232063,True
0.0,30,519581.233272,False
2.3,30,519630.398096,True
0.0,30,519676.990939,False
2.9,30,519724.883708,True
2.6,30,519768.654376,True
0.8,30,519820.097026,True
3.0,30,519869.859638,True
2.8,30,519923.144152,True
0.0,30,519971.47433,False
1.4,30,520020.197515,True
0.0,30,520060.816782,False
0.0,30,520107.651801,False
2.4,30,520157.340188,True
2.3,30,520200.781583,True
2.9,30,520247.661863,True
1.6,30,520303.736984,True
2.4,30,520352.293551,True
2.3,30,520400.504659,True
2.6,30,520462.382722,True
2.8,30,520511.888118,True
0.0,30,520555.46273,False
1.1,30,520609.275765,True
2.4,30,520655.987767,True
0.0,30,520703.510484,False
0.0,30,520745.631995,False
2.2,30,520791.139179,True
2.5,30,521152.466815,True
2.6,30,521196.214284,True
2.3,30,521240.22454,True
0.0,30,521283.831304,False
0.0,30,521326.903394,False
1.7,30,521383.503157,True
2.9,30,521434.654302,True
0.0,30,521478.506712,False
1.1,30,521522.295032,True
1.3,30,521575.927287,False
2.8,30,521621.637695,True
0.0,30,521661.307957,False
2.8,30,521710.006305,True
2.5,30,521754.171415,True
0.0,30,521809.060515,False
2.9,30,521849.872709,True
0.0,30,521895.921211,False
0.0,30,521945.57591,False
2.5,30,521991.443508,True
2.6,30,522037.508272,True
0.0,30,522087.418552,False
0.0,30,522131.575516,False
2.9,30,522178.478016,True
2.0,30,522226.278351,True
2.2,30,522276.110538,True
0.0,30,522317.685526,False
0.0,30,522367.59889,False
0.0,30,522416.871518,False
2.3,30,522461.400424,True
1.6,30,522504.935938,True
0.6,30,522552.683048,True
3.0,30,522597.953554,True
2.6,30,522643.173088,True
0.0,30,522692.678375,False
2.5,30,523042.663892,True
2.6,30,523088.547158,True
0.0,30,523133.573398,False
0.0,30,523181.009158,False
1.4,30,523230.444632,True
2.7,30,523277.605804,True
0.0,30,523326.876053,False
0.0,30,523393.538597,False
2.5,30,523442.370765,True
2.6,30,523492.839464,True
2.8,30,523536.020266,True
0.0,30,523584.394438,False
2.8,30,523629.03738,True
0.0,30,523674.792318,False
2.7,30,523725.921848,True
2.6,30,523769.938863,True
0.9,30,523815.21473,False
2.6,30,523862.96356,True
0.0,30,523913.514567,False
3.0,30,523960.672836,True
2.8,30,524009.403636,True
3.0,30,524053.795674,True
0.0,30,524095.411816,False
2.0,30,524143.38661,True
0.0,30,524186.375776,False
2.2,30,524229.6388,True
0.0,30,524277.212915,False
0.0,30,524321.562644,False
0.0,30,524367.395361,False
3.0,30,524409.826993,True
3.0,30,524460.688735,True
0.0,30,524502.381335,False
2.7,30,524556.07297,True
0.0,30,524602.014675,False
0.0,30,524954.566179,False
2.9,30,524995.259968,True
0.0,30,525044.240524,False
2.0,30,525092.111229,True
0.0,30,525137.306389,False
2.7,30,525184.441539,True
2.7,30,525238.837744,True
0.0,30,525285.48242,False
0.0,30,525331.171649,False
0.0,30,525377.950044,False
0.0,30,525422.590436,False
0.0,30,525465.884644,False
2.9,30,525507.51745,True
0.0,30,525554.432857,False
3.0,30,525604.93123,True
3.0,30,525646.8385,True
2.4,30,525688.120929,True
3.0,30,525736.940717,True
0.7,30,525780.609671,True
0.0,30,525831.82128,False
2.8,30,525875.304059,True
2.3,30,525919.960066,True
0.0,30,525965.037805,False
0.0,30,526011.718782,False
0.0,30,526059.501065,False
2.7,30,526104.435652,True
0.0,30,526149.617966,False
0.0,30,526206.88905,False
0.0,30,526248.246799,False
0.0,30,526290.91456,False
2.3,30,526338.311401,True
0.0,30,526384.220416,False
0.0,30,526428.42221,False
0.0,30,526476.807433,False
0.0,30,526829.056118,False
0.0,30,526876.198981,False
2.4,30,526929.626935,True
0.0,30,526976.879991,False
1.1,30,527020.721776,True
0.0,30,527066.667373,False
1.4,30,527117.404564,True
3.0,30,527161.718149,True
0.0,30,527204.384821,False
0.0,30,527259.672845,False
2.8,30,527304.531565,True
2.9,30,527351.44697,True
0.0,30,527395.924358,False
2.6,30,527444.665277,True
2.8,30,527491.011036,True
0.0,30,527532.406546,False
2.9,30,527575.153191,True
2.5,30,527619.065994,True
0.0,30,527662.009132,False
2.2,30,527707.617629,True
3.0,30,527756.177583,True
0.0,30,527804.092345,False
2.8,30,527849.966068,True
0.0,30,527895.161779,False
2.7,30,527942.584687,True
0.0,30,527993.124129,False
0.0,30,528040.715091,False
2.6,30,528091.226867,True
1.0,30,528138.330771,True
3.0,30,528186.214309,True
1.8,30,528231.121044,False
2.7,30,528276.983941,True
0.0,30,528323.748423,False
0.0,30,528370.695463,False
2.7,30,528731.417162,True
0.0,30,528782.381043,False
2.5,30,528827.117432,True
2.6,30,528871.725985,True
1.1,30,528920.011408,True
0.0,30,528981.855433,False
2.8,30,529026.295198,True
2.6,30,529076.409887,True
2.2,30,529120.796724,True
0.0,30,529168.818645,False
2.6,30,529214.208896,True
0.0,30,529260.755461,False
2.4,30,529317.757871,True
2.1,30,529362.392072,True
2.6,30,529410.355006,True
0.0,30,529452.823954,False
2.6,30,529499.703505,True
3.0,30,529546.265735,True
0.0,30,529595.572234,False
0.0,30,529639.270725,False
0.0,30,529685.306331,False
0.0,30,529734.69118,False
2.3,30,529779.079345,True
2.1,30,529824.562719,False
2.3,30,529876.162182,True
2.4,30,529923.588629,True
0.0,30,529969.666233,False
0.0,30,530020.412807,False
2.6,30,530066.00696,True
2.6,30,530118.587276,True
0.0,30,530162.618394,False
2.7,30,530215.743106,True
2.8,30,530265.537884,True
2.5,30,530307.559994,True
2.6,30,530680.521344,False
0.0,30,530728.130169,False
0.0,30,530777.180774,False
0.0,30,530826.00095,False
2.7,30,530872.759413,True
3.0,30,530916.636433,True
0.0,30,530961.093403,False
0.0,30,531002.869973,False
2.6,30,531045.153244,True
2.5,30,531093.974765,True
2.2,30,531140.395454,True
2.3,30,531188.920068,True
0.0,30,531233.306488,False
0.0,30,531278.229607,False
0.0,30,531323.562732,False
2.7,30,531370.764586,True
2.4,30,531418.695852,True
0.0,30,531467.976664,False
2.6,30,531509.217926,True
2.0,30,531562.442883,True
0.0,30,531611.445769,False
2.0,30,531659.634173,True
2.7,30,531705.002955,True
2.5,30,531749.425128,True
0.0,30,531799.838156,False
0.0,30,531844.884302,False
2.2,30,531894.596211,True
0.0,30,531937.523921,False
2.8,30,531981.384428,True
0.0,30,532030.934254,False
0.0,30,532081.513487,False
2.0,30,532136.924509,False
3.0,30,532181.177935,True
2.4,30,532231.024385,True
2.6,30,532278.001948,True
1.9,30,532628.588661,True
0.0,30,532676.824611,False
0.0,30,532722.979208,False
0.0,30,532769.939652,False
2.6,30,532815.468801,True
3.0,30,532857.077932,True
2.4,30,532900.581791,True
2.9,30,532948.314325,True
1.8,30,532993.587571,True
0.0,30,533041.054476,False
2.7,30,533085.698372,True
2.5,30,533127.213892,True
2.9,30,533171.372212,True
2.5,30,533226.517735,True
0.0,30,533276.821931,False
0.0,30,533332.871961,False
0.0,30,533383.061357,False
2.7,30,533424.163234,True
2.5,30,533477.46047,True
2.8,30,533524.248734,True
0.0,30,533569.071091,False
0.0,30,533619.411684,False
2.2,30,533665.032426,True
3.0,30,533713.534093,True
2.6,30,533762.328212,True
0.0,30,533808.640436,False
2.7,30,533850.358281,True
1.3,30,533896.502767,True
0.0,30,533940.01118,False
0.0,30,533984.842497,False
2.6,30,534032.9051,True
2.9,30,534076.615156,True
0.0,30,534129.98826,False
1.7,30,534184.722764,True
0.0,30,534501.880973,False
0.0,30,534546.938108,False
0.0,30,534593.013721,False
0.0,30,534642.014109,False
2.1,30,534682.983096,True
0.0,30,534736.458009,False
2.4,30,534781.083385,True
0.0,30,534832.776775,False
0.0,30,534882.209878,False
1.3,30,534925.89483,True
2.7,30,534967.621496,True
2.9,30,535017.726027,True
0.0,30,535061.042341,False
0.0,30,535107.488421,False
0.0,30,535158.900155,False
0.0,30,535201.547557,False
0.0,30,535247.806893,False
0.0,30,535294.600907,False
2.2,30,535339.226605,True
2.8,30,535383.23134,True
1.8,30,535430.224224,True
0.0,30,535479.865329,False
0.0,30,535527.715363,False
2.3,30,535572.080754,True
0.0,30,535611.295794,False
0.0,30,535667.770219,False
0.0,30,535713.864936,False
0.0,30,535755.422966,False
2.9,30,535798.807094,True
2.5,30,535841.84394,True
2.8,30,535884.901403,True
2.8,30,535957.235323,True
0.0,30,536010.188904,False
0.0,30,536057.474777,False
2.8,30,536373.633584,True
2.7,30,536425.830721,True
0.0,30,536471.075849,False
0.0,30,536516.447897,False
2.7,30,536562.731753,True
3.0,30,536605.468355,True
0.0,30,536649.679748,False
0.0,30,536695.025171,False
0.0,30,536742.049942,False
0.0,30,536779.966015,False
0.0,30,536826.675504,False
3.0,30,536878.813275,True
2.6,30,536919.588551,True
0.0,30,536964.554571,False
0.0,30,537016.415782,False
2.8,30,537058.923571,True
0.0,30,537103.682016,False
0.0,30,537146.083405,False
0.0,30,537194.748773,False
2.9,30,537238.797363,True
2.2,30,537289.937521,True
0.0,30,537335.917684,False
0.0,30,537378.925279,False
0.0,30,537421.816723,False
2.4,30,537467.694938,True
2.8,30,537516.97644,True
0.4,30,537560.872964,True
2.5,30,537607.996777,True
2.7,30,537655.556859,True
3.0,30,537706.303044,True
2.5,30,537763.037625,True
0.0,30,537807.352573,False
0.0,30,537854.415954,False
2.5,30,537900.934939,True
2.3,30,538197.214051,True
2.7,30,538245.02968,True
3.0,30,538287.274936,True
3.0,30,538335.767615,True
1.2,30,538377.244587,True
0.0,30,538422.117232,False
2.4,30,538466.111141,True
0.0,30,538513.870766,False
0.0,30,538563.400323,False
2.7,30,538621.15059,True
0.0,30,538667.29933,False
0.0,30,538708.135262,False
2.8,30,538756.507999,True
0.0,30,538797.536646,False
2.9,30,538841.417466,True
0.0,30,538884.028898,False
2.6,30,538932.901758,True
0.5,30,538975.077427,True
0.0,30,539024.922885,False
0.0,30,539071.8425,False
2.9,30,539120.793005,True
0.0,30,539163.158891,False
0.0,30,539207.747417,False
2.3,30,539251.230157,True
2.3,30,539301.842527,True
2.7,30,539352.009768,True
0.0,30,539397.416649,False
2.7,30,539442.940733,False
0.0,30,539484.599028,False
0.0,30,539532.697788,False
0.0,30,539580.181126,False
2.5,30,539622.343082,True
2.5,30,539671.92868,True
2.8,30,539712.731137,True
1.8,30,540083.755772,True
0.0,30,540130.330217,False
0.0,30,540175.48047,False
3.0,30,540222.945945,True
2.5,30,540270.604105,True
2.4,30,540314.199787,True
2.6,30,540361.329655,True
3.0,30,540401.878066,True
0.0,30,540453.362668,False
0.0,30,540497.17715,False
2.5,30,540541.78078,True
0.0,30,540588.439368,False
0.0,30,540634.080837,False
2.5,30,540681.9079,True
2.3,30,540732.158418,True
2.8,30,540783.85063,True
0.0,30,540838.977755,False
0.0,30,540884.4016,False
2.8,30,540931.504554,True
2.1,30,540982.854414,True
0.0,30,541027.676983,False
2.1,30,541076.065662,True
2.1,30,541121.457182,True
0.0,30,541165.045816,False
1.5,30,541216.667185,True
2.9,30,541258.89519,True
2.8,30,541302.029403,True
0.0,30,541344.965608,False
0.0,30,541391.082901,False
2.4,30,541434.75308,True
2.8,30,541480.513559,True
0.0,30,541529.273324,False
2.8,30,541578.301669,True
0.0,30,541624.15288,False
0.0,30,541986.796677,False
0.0,30,542033.27321,False
0.0,30,542078.574909,False
2.9,30,542120.954051,True
0.0,30,542165.085006,False
2.8,30,542206.926869,True
2.6,30,542251.641163,True
0.0,30,542298.080259,False
2.8,30,542343.698745,True
0.0,30,542386.045462,False
3.0,30,542431.902349,True
2.6,30,542479.322055,True
3.0,30,542530.417271,True
0.0,30,542577.740723,False
2.7,30,542635.186952,True
2.8,30,542680.641288,True
0.0,30,542726.36614,False
0.0,30,542773.983785,False
0.0,30,542830.00513,False
1.5,30,542873.522509,False
2.4,30,542918.869575,True
2.3,30,542968.980277,True
2.7,30,543012.29518,True
2.9,30,543065.135511,True
2.7,30,543114.941509,True
0.6,30,543164.32323,False
0.0,30,543206.855404,False
0.0,30,543253.904246,False
0.0,30,543297.976339,False
2.6,30,543346.469235,True
1.7,30,543398.896707,True
0.0,30,543446.224505,False
0.0,30,543492.151312,False
0.0,30,543540.996242,False
2.3,30,543879.384412,True
0.0,30,543925.52717,False
2.5,30,543973.388697,True
1.6,30,544013.920571,True
2.9,30,544061.769969,True
2.6,30,544103.885899,True
0.0,30,544150.072667,False
2.5,30,544198.104001,True
1.8,30,544244.240621,True
2.3,30,544293.715003,True
3.0,30,544337.156405,True
0.0,30,544383.865963,False
0.0,30,544429.498019,False
2.6,30,544483.316731,True
0.0,30,544550.344036,False
0.0,30,544594.984404,False
2.1,30,544639.236499,True
0.0,30,544683.567254,False
0.3,30,544730.885923,True
0.0,30,544776.511547,False
2.3,30,544820.832395,True
1.1,30,544869.814393,False
3.0,30,544913.428103,True
0.0,30,544956.04246,False
2.5,30,545000.1945,True
0.0,30,545048.152574,False
2.5,30,545093.034691,True
2.6,30,545142.78756,True
2.5,30,545187.121968,True
2.6,30,545237.570779,True
2.3,30,545284.187746,True
2.7,30,545330.587414,True
2.7,30,545375.240729,True
2.1,30,545419.39374,True
2.6,30,545466.972785,True
2.6,30,545814.490674,True
1.3,30,545861.962607,True
0.0,30,545909.844853,False
1.7,30,545959.915257,True
0.0,30,546006.963248,False
1.2,30,546049.300465,True
2.7,30,546100.270429,True
0.0,30,546143.082499,False
3.0,30,546190.351027,True
2.6,30,546239.421731,True
2.9,30,546282.367956,True
2.8,30,546322.406579,True
1.4,30,546371.133772,True
2.1,30,546411.204991,True
2.4,30,546457.239898,True
0.0,30,546503.381691,False
2.8,30,546549.635172,True
2.1,30,546596.088296,True
2.7,30,546640.138058,True
0.0,30,546695.16245,False
2.5,30,546740.028727,True
0.0,30,546785.206082,False
3.0,30,546830.703852,True
0.0,30,546876.523398,False
1.4,30,546922.840519,True
2.2,30,546970.811433,True
2.7,30,547020.737902,True
0.0,30,547067.674751,False
2.8,30,547118.639966,True
0.0,30,547166.601137,False
2.8,30,547210.085743,True
0.0,30,547253.640981,False
0.0,30,547298.744874,False
2.8,30,547343.699486,True
1.6,30,547723.305246,True
2.7,30,547770.405407,True
0.0,30,547812.115687,False
2.7,30,547860.921146,True
0.0,30,547904.615706,False
2.5,30,547956.001044,True
0.0,30,547999.735207,False
2.2,30,548085.853244,True
0.0,30,548135.080157,False
2.6,30,548184.894583,True
1.4,30,548236.882376,True
0.0,30,548276.041617,False
0.0,30,548325.832062,False
2.7,30,548372.58659,True
0.0,30,548415.69562,False
0.0,30,548458.208552,False
0.0,30,548510.581362,False
2.7,30,548557.082584,True
2.7,30,548601.981598,True
0.0,30,548648.5743,False
2.6,30,548691.539533,True
2.6,30,548735.368621,True
0.0,30,548791.008062,False
0.0,30,548834.191237,False
2.2,30,548885.048453,True
1.7,30,548935.844017,True
2.8,30,548981.731375,True
0.0,30,549032.383895,False
1.8,30,549079.606213,True
2.7,30,549124.254176,True
2.6,30,549180.193686,True
0.0,30,549227.245096,False
2.6,30,549269.453689,True
0.0,30,549308.026267,False
0.0,30,549654.946084,False
2.1,30,549695.407672,True
3.0,30,549738.11703,True
2.9,30,549784.723329,True
0.0,30,549828.30569,False
0.0,30,549869.855616,False
0.0,30,549915.717716,False
0.0,30,549960.651644,False
2.7,30,550002.454742,True
2.8,30,550048.011321,True
0.0,30,550094.490223,False
2.8,30,550138.716479,True
1.0,30,550180.870032,True
2.3,30,550229.758914,True
1.5,30,550276.468252,True
0.4,30,550316.699195,False
0.0,30,550358.619026,False
2.1,30,550402.176969,True
0.0,30,550451.843898,False
0.1,30,550497.585551,True
0.0,30,550547.32217,False
0.0,30,550595.877321,False
2.6,30,550640.11053,True
0.0,30,550686.414024,False
1.9,30,550732.850363,True
0.0,30,550783.368362,False
0.0,30,550830.643519,False
0.0,30,550876.863024,False
0.0,30,550926.803107,False
2.7,30,550973.24505,True
2.8,30,551022.820262,True
0.0,30,551064.551436,False
0.0,30,551110.060336,False
0.0,30,551153.995415,False
0.0,30,551529.283294,False
2.6,30,551574.644164,True
2.5,30,551625.728169,True
0.0,30,551674.71562,False
0.0,30,551725.668551,False
2.3,30,551769.796629,True
2.8,30,551815.008243,True
0.0,30,551866.673861,False
2.7,30,551909.759935,True
0.0,30,551956.317023,False
2.8,30,552003.071437,True
0.0,30,552051.680604,False
0.0,30,552098.729938,False
0.0,30,552141.781502,False
2.6,30,552186.66631,True
2.6,30,552231.193735,True
0.0,30,552272.792033,False
0.0,30,552316.952064,False
2.7,30,552368.722715,True
0.0,30,552417.255554,False
0.0,30,552462.322463,False
2.8,30,552509.624082,True
1.9,30,552552.774824,True
2.7,30,552598.336022,True
0.0,30,552642.328612,False
0.0,30,552686.104187,False
0.0,30,552732.318245,False
3.0,30,552781.533628,True
2.4,30,552827.300647,True
0.0,30,552875.095015,False
0.0,30,552925.947786,False
2.6,30,552975.223147,True
3.0,30,553020.997585,True
2.1,30,553064.524873,True
2.5,30,553395.620478,True
2.8,30,553453.118671,True
2.4,30,553497.262008,True
0.0,30,553539.464068,False
2.8,30,553586.576005,True
2.6,30,553632.066622,True
2.8,30,553675.904474,True
2.6,30,553722.351183,True
0.0,30,553769.137914,False
2.9,30,553811.25067,True
0.0,30,553858.722571,False
0.0,30,553901.809233,False
2.6,30,553951.861011,True
2.4,30,553995.448092,True
2.6,30,554041.455494,True
2.8,30,554085.429588,True
2.8,30,554133.923296,True
0.0,30,554177.154189,False
0.0,30,554222.05531,False
0.0,30,554290.019831,False
2.4,30,554333.1302,True
3.0,30,554376.22592,True
0.0,30,554421.695632,False
2.6,30,554466.648971,True
2.8,30,554512.088073,True
0.0,30,554558.583199,False
2.8,30,554608.480924,True
2.9,30,554659.185466,True
0.0,30,554705.467856,False
0.0,30,554752.663657,False
2.2,30,554798.482243,True
2.7,30,554841.271472,True
0.0,30,554884.956338,False
0.0,30,554933.603863,False
1.5,30,555304.910645,True
2.8,30,555347.190668,True
0.0,30,555399.708358,False
2.6,30,555446.626411,True
0.0,30,555502.471825,False
3.0,30,555546.881238,True
0.0,30,555590.774304,False
0.0,30,555640.91264,False
2.4,30,555685.742356,True
2.3,30,555732.410217,True
2.5,30,555781.455572,True
0.0,30,555831.545372,False
0.0,30,555877.076652,False
0.0,30,555922.288803,False
2.8,30,555970.053348,True
2.8,30,556017.823956,True
0.0,30,556063.891505,False
3.0,30,556112.725076,True
2.4,30,556153.427644,True
2.1,30,556198.498329,True
0.0,30,556249.296195,False
2.7,30,556298.275234,True
2.3,30,556340.946783,True
2.6,30,556388.596371,True
0.0,30,556443.73369,False
0.9,30,556486.697193,True
0.0,30,556531.586529,False
2.0,30,556580.464761,True
0.0,30,556624.738436,False
0.4,30,556675.394912,True
0.8,30,556719.126022,False
0.0,30,556761.216316,False
2.5,30,556812.324529,True
2.8,30,556863.001629,True
0.0,30,557210.440371,False
0.0,30,557259.301415,False
0.0,30,557310.449441,False
0.0,30,557364.264579,False
1.8,30,557409.990362,True
3.0,30,557459.924335,True
2.3,30,557509.461488,True
1.0,30,557552.855201,True
0.0,30,557603.282207,False
2.3,30,557649.523244,True
2.7,30,557693.751781,True
2.7,30,557741.605609,True
0.0,30,557786.015494,False
2.9,30,557831.697932,True
0.0,30,557878.713541,False
0.3,30,557925.066764,True
0.0,30,557974.968399,False
2.1,30,558019.26278,True
2.9,30,558069.135972,True
0.0,30,558116.781902,False
2.5,30,558167.169611,True
2.8,30,558218.37447,True
2.6,30,558265.125681,True
2.8,30,558313.115703,True
2.2,30,558357.867939,True
3.0,30,558404.260508,True
0.0,30,558446.694847,False
0.0,30,558496.156823,False
3.0,30,558542.334653,True
2.6,30,558590.913452,True
0.0,30,558633.395407,False
0.4,30,558679.532683,True
0.7,30,558723.077481,True
1.3,30,558770.739317,False
0.0,30,559105.7608,False
0.0,30,559154.343394,False
2.5,30,559200.135945,True
0.0,30,559244.872007,False
2.8,30,559299.596067,True
0.0,30,559342.516067,False
0.0,30,559386.676981,False
3.0,30,559431.109647,True
2.6,30,559475.197419,True
0.0,30,559524.933347,False
0.0,30,559570.466043,False
2.8,30,559617.55805,True
0.4,30,559660.907267,True
2.0,30,559711.921398,True
3.0,30,559757.141348,True
0.0,30,559802.857599,False
0.0,30,559848.942132,False
0.0,30,559898.067981,False
3.0,30,559942.108041,True
0.0,30,559986.586593,False
0.0,30,560032.016809,False
2.7,30,560099.997672,True
0.0,30,560144.52983,False
0.0,30,560189.993563,False
0.0,30,560234.361578,False
0.0,30,560280.828985,False
0.0,30,560330.117742,False
1.8,30,560377.479908,True
0.0,30,560427.17434,False
1.7,30,560475.344353,False
0.0,30,560536.755989,False
0.0,30,560582.313289,False
2.6,30,560635.056773,True
0.0,30,560677.232676,False
0.0,30,560727.056231,False
2.5,30,561077.363972,True
0.0,30,561120.980161,False
2.5,30,561167.445055,True
2.8,30,561214.460686,True
2.8,30,561260.821801,True
2.2,30,561308.230098,True
2.9,30,561356.450988,True
0.0,30,561402.745627,False
0.0,30,561447.636074,False
0.0,30,561494.264817,False
2.8,30,561536.394018,True
2.5,30,561589.882057,True
0.0,30,561636.663257,False
0.6,30,561678.182057,True
2.6,30,561726.229681,True
3.0,30,561773.67401,True
2.6,30,561827.419792,True
0.0,30,561873.35735,False
2.7,30,561920.502342,True
0.0,30,561962.414167,False
2.4,30,562009.670893,True
0.0,30,562056.63514,False
2.7,30,562106.119285,True
0.7,30,562153.057265,True
2.0,30,562196.191356,True
0.0,30,562240.862897,False
2.9,30,562285.976843,True
0.0,30,562351.136381,False
0.0,30,562398.813335,False
3.0,30,562440.253462,True
0.0,30,562489.345915,False
2.1,30,562536.392399,True
2.7,30,562582.797062,True
0.0,30,562629.102229,False
1.8,30,562967.60594,True
2.7,30,563015.432747,True
2.6,30,563061.423853,True
2.8,30,563109.796395,True
2.2,30,563162.175989,True
0.0,30,563209.643442,False
2.3,30,563250.872097,True
2.8,30,563300.763668,True
0.0,30,563347.422095,False
1.3,30,563393.809366,True
0.0,30,563438.237424,False
2.5,30,563483.736064,True
0.0,30,563527.435807,False
0.0,30,563574.141932,False
1.5,30,563623.053236,True
2.9,30,563665.40105,True
2.1,30,563710.975192,True
1.5,30,563756.142956,True
0.0,30,563798.54862,False
1.7,30,563841.425399,True
2.6,30,563887.763342,True
0.0,30,563932.316533,False
0.0,30,563980.246158,False
2.9,30,564029.294116,True
0.0,30,564075.496165,False
2.7,30,564124.500068,True
0.0,30,564167.864774,False
1.7,30,564222.92023,True
0.0,30,564265.941417,False
0.0,30,564314.372299,False
2.0,30,564360.276475,True
0.0,30,564408.558609,False
2.6,30,564459.934529,True
1.2,30,564510.882984,True
0.0,30,564851.872126,False
2.8,30,564893.73004,True
2.8,30,564934.945211,True
2.4,30,564978.973143,True
3.0,30,565026.653269,True
0.0,30,565080.244792,False
0.0,30,565126.77415,False
2.9,30,565172.234738,True
0.0,30,565219.180759,False
0.0,30,565263.714227,False
2.5,30,565311.202505,True
1.0,30,565354.486096,True
2.7,30,565396.979109,True
2.9,30,565441.527728,True
2.2,30,565488.75139,True
2.5,30,565539.508763,True
0.0,30,565584.624318,False
0.0,30,565632.122086,False
2.6,30,565685.309798,True
0.0,30,565731.91721,False
2.8,30,565778.874723,True
0.0,30,565826.229698,False
0.0,30,565868.254279,False
0.0,30,565917.462962,False
0.0,30,565970.06626,False
0.0,30,566013.324101,False
2.7,30,566073.43636,True
0.0,30,566121.772411,False
0.0,30,566167.031108,False
2.2,30,566218.71846,True
3.0,30,566265.780634,True
0.0,30,566307.519443,False
0.0,30,566353.804771,False
2.2,30,566402.893688,True
0.0,30,566771.841564,False
2.5,30,566816.898147,True
2.4,30,566862.819822,True
2.9,30,566905.152007,True
0.0,30,566946.363775,False
2.3,30,566993.899463,True
2.9,30,567041.883599,True
3.0,30,567088.05757,True
0.0,30,567136.137038,False
2.2,30,567182.151014,True
2.3,30,567231.101218,True
2.7,30,567273.567374,True
0.0,30,567323.383868,False
0.0,30,567370.905798,False
2.1,30,567418.00787,True
2.9,30,567468.211615,True
0.9,30,567506.319265,True
2.6,30,567554.648024,True
0.0,30,567607.237955,False
2.5,30,567646.728158,True
0.0,30,567696.135419,False
0.0,30,567746.603029,False
0.0,30,567793.129618,False
2.3,30,567838.05884,True
2.6,30,567879.344227,True
2.9,30,567921.02593,True
2.6,30,567978.64026,True
2.3,30,568022.9715,True
2.8,30,568068.029457,True
2.3,30,568108.007119,True
0.0,30,568156.68049,False
2.8,30,568203.130385,True
2.7,30,568246.790374,True
0.0,30,568291.359855,False
2.3,30,568645.199434,True
0.0,30,568694.556494,False
0.0,30,568740.791425,False
0.0,30,568787.554685,False
2.1,30,568836.563323,True
0.0,30,568885.92072,False
2.2,30,568930.58066,True
0.0,30,568981.581303,False
2.4,30,569025.878654,True
0.0,30,569069.300663,False
0.0,30,569114.661479,False
2.6,30,569160.962998,True
0.0,30,569210.61869,False
0.0,30,569259.610834,False
2.5,30,569308.440145,True
2.0,30,569351.969445,True
3.0,30,569395.974353,True
0.0,30,569441.201113,False
0.0,30,569493.603184,False
0.0,30,569542.478239,False
0.0,30,569589.743715,False
0.0,30,569634.831516,False
0.6,30,569683.034051,False
2.8,30,569729.293885,True
0.0,30,569798.254829,False
0.0,30,569843.780065,False
0.0,30,569885.896158,False
2.7,30,569931.837295,True
2.8,30,569975.596403,True
2.8,30,570027.477696,True
0.0,30,570103.098926,False
0.0,30,570147.662142,False
0.1,30,570203.539213,False
0.0,30,570249.882992,False
0.0,30,570597.917322,False
0.0,30,570639.69182,False
2.8,30,570690.599155,True
0.0,30,570743.156942,False
2.4,30,570789.176322,True
0.0,30,570837.440078,False
2.7,30,570885.027887,True
2.7,30,570926.571496,True
0.0,30,570975.540242,False
2.4,30,571018.181969,False
0.0,30,571063.274878,False
2.9,30,571109.540241,True
3.0,30,571160.166492,True
3.0,30,571203.984341,True
0.0,30,571248.989901,False
2.9,30,571293.103936,True
2.7,30,571345.126589,True
2.2,30,571399.101183,True
0.0,30,571442.611951,False
0.0,30,571494.313411,False
2.9,30,571546.681648,True
2.8,30,571593.548349,True
1.9,30,571640.970676,True
0.0,30,571694.365408,False
3.0,30,571741.392378,True
0.0,30,571785.849928,False
2.9,30,571832.75367,True
2.7,30,571875.258526,True
0.0,30,571922.261449,False
2.6,30,571973.743868,True
0.0,30,572016.174178,False
3.0,30,572060.711669,True
2.5,30,572108.279828,True
0.0,30,572158.05264,False
3.0,30,572530.062187,True
2.8,30,572576.561872,True
2.8,30,572626.232383,True
0.0,30,572671.41761,False
2.6,30,572722.770428,True
0.0,30,572772.815488,False
2.9,30,572815.065985,True
0.0,30,572858.536944,False
2.8,30,572906.476548,True
1.7,30,572955.887188,True
0.0,30,573004.604955,False
2.6,30,573053.375215,True
0.0,30,573100.561542,False
0.0,30,573152.115791,False
0.0,30,573197.849022,False
2.3,30,573246.247659,True
2.8,30,573300.382461,True
0.4,30,573343.447975,False
1.8,30,573394.179429,True
0.0,30,573446.808208,False
0.0,30,573490.710912,False
2.2,30,573540.475523,True
2.8,30,573593.01978,True
0.0,30,573640.620627,False
0.0,30,573686.969551,False
2.8,30,573731.932108,True
1.4,30,573781.042671,True
0.0,30,573827.663625,False
1.5,30,573879.710854,True
3.0,30,573927.671805,True
3.0,30,573971.975095,True
0.0,30,574018.253999,False
2.5,30,574061.940208,True
0.0,30,574114.25829,False
0.0,30,574156.903577,False
3.0,30,574517.842062,True
0.0,30,574560.68584,False
2.3,30,574605.036006,True
2.8,30,574654.699935,True
0.0,30,574702.424128,False
2.8,30,574748.872967,True
0.0,30,574797.491893,False
0.0,30,574844.474177,False
3.0,30,574890.477565,True
2.8,30,574936.260062,True
0.0,30,574987.002661,False
0.0,30,575034.90197,False
2.8,30,575083.46703,True
2.7,30,575130.877283,True
0.0,30,575178.04281,False
2.8,30,575227.849611,True
0.0,30,575272.44528,False
0.0,30,575320.490954,False
0.0,30,575364.277491,False
1.0,30,575410.366711,True
2.6,30,575462.994361,True
2.7,30,575508.92117,True
0.0,30,575577.810219,False
2.8,30,575622.884361,True
0.0,30,575674.237074,False
0.0,30,575715.70062,False
0.0,30,575760.5343,False
0.0,30,575807.078616,False
3.0,30,575852.127785,True
2.5,30,575898.555619,True
1.4,30,575947.078124,False
2.6,30,575990.124274,True
0.0,30,576035.337193,False
0.0,30,576080.76179,False
2.4,30,576415.196784,True
0.0,30,576458.289842,False
0.0,30,576505.759892,False
2.8,30,576565.078354,True
2.7,30,576608.773344,True
0.0,30,576659.860178,False
0.0,30,576705.301702,False
2.5,30,576758.544472,True
0.0,30,576801.848923,False
2.5,30,576853.445155,True
0.0,30,576903.623352,False
2.6,30,576952.367573,True
0.0,30,577009.131514,False
0.0,30,577057.904706,False
0.0,30,577101.512868,False
3.0,30,577150.628432,True
0.0,30,577197.661304,False
2.8,30,577247.710013,True
0.0,30,577292.517436,False
2.7,30,577340.758748,True
2.0,30,577380.701534,True
2.3,30,577423.382211,True
0.0,30,577474.120292,False
0.0,30,577524.394766,False
0.0,30,577573.58043,False
0.0,30,577622.127229,False
3.0,30,577666.50576,True
2.4,30,577710.640194,True
1.9,30,577759.191859,True
0.0,30,577809.601305,False
1.9,30,577856.978138,True
2.8,30,577903.765495,True
2.8,30,577948.842513,True
0.0,30,577996.955392,False
0.0,30,578376.942336,False
2.0,30,578423.592451,True
3.0,30,578470.945014,True
2.2,30,578525.26036,True
2.8,30,578571.367096,True
0.0,30,578619.20407,False
2.7,30,578666.55425,True
2.7,30,578716.572747,True
3.0,30,578765.794641,True
2.3,30,578808.915076,True
2.5,30,578853.711871,True
2.8,30,578903.807261,True
2.7,30,578946.0716,True
0.9,30,578998.541239,True
0.0,30,579051.821835,False
2.4,30,579097.841896,True
2.5,30,579146.472562,True
0.0,30,579193.131988,False
0.0,30,579241.178965,False
2.6,30,579293.381409,True
2.6,30,579337.037121,True
0.0,30,579392.07578,False
2.9,30,579434.96785,True
2.6,30,579477.052812,True
2.0,30,579523.205874,True
2.8,30,579572.378754,True
2.5,30,579617.421034,True
0.0,30,579665.799377,False
0.0,30,579712.812768,False
1.9,30,579767.991037,True
2.6,30,579816.971092,True
3.0,30,579861.284103,True
2.6,30,579909.153031,True
2.5,30,579958.884858,True
2.7,30,580296.273033,True
0.0,30,580351.884631,False
2.8,30,580397.776144,True
2.7,30,580442.312748,True
0.0,30,580487.561817,False
2.6,30,580545.727676,True
2.3,30,580596.060394,True
0.0,30,580667.97854,False
0.0,30,580718.404722,False
0.3,30,580765.290382,True
0.0,30,580810.159824,False
2.6,30,580861.789566,True
2.7,30,580923.663251,True
0.0,30,580972.424814,False
2.6,30,581023.688247,True
0.0,30,581074.428862,False
0.0,30,581125.771937,False
0.0,30,581177.840759,False
0.0,30,581225.970278,False
2.5,30,581275.360193,True
1.9,30,581324.426955,True
0.0,30,581369.136785,False
3.0,30,581421.107805,True
2.5,30,581470.330105,True
0.0,30,581521.407231,False
0.0,30,581566.693227,False
2.7,30,581614.956535,True
2.7,30,581658.223419,True
2.8,30,581709.381066,True
0.0,30,581754.969464,False
0.0,30,581805.290123,False
0.0,30,581858.570728,False
0.0,30,581905.159536,False
2.8,30,581982.605765,True
0.0,30,582344.391,False
2.7,30,582389.460634,True
0.0,30,582432.752426,False
2.6,30,582485.225028,True
2.5,30,582529.828229,True
2.6,30,582577.92098,True
0.0,30,582626.629231,False
0.0,30,582682.660654,False
0.0,30,582731.421562,False
1.7,30,582784.669271,True
0.0,30,582826.624812,False
3.0,30,582873.254589,True
0.0,30,582927.564311,False
0.0,30,582973.485583,False
2.6,30,583019.821999,True
2.3,30,583068.998499,True
0.0,30,583120.364728,False
1.5,30,583165.207567,True
0.0,30,583212.911611,False
0.0,30,583254.389988,False
2.9,30,583299.517341,True
2.8,30,583350.108533,True
2.3,30,583400.746217,True
0.0,30,583444.460617,False
0.0,30,583486.371345,False
0.0,30,583531.980429,False
0.0,30,583586.257747,False
0.0,30,583636.682626,False
0.0,30,583681.988957,False
2.5,30,583735.928042,True
2.8,30,583783.661117,True
0.0,30,583828.537203,False
0.0,30,583884.779464,False
2.8,30,583931.385231,True
