#{"t_start": 1770256124.7068987, "env_id": "FetchBridgeBullet7Blocks-v1"}
r,l,t,is_success
0.0,30,89.511765,False
0.0,30,151.817141,False
2.5,30,207.041003,True
0.0,30,267.995849,False
0.0,30,319.879231,False
0.0,30,381.282479,False
0.0,30,449.848757,False
2.9,30,494.308562,True
0.0,30,558.366687,False
0.0,30,624.28012,False
0.0,30,683.36145,False
3.0,30,748.72612,True
1.3,30,802.262609,True
0.0,30,858.186213,False
2.6,30,918.481686,True
0.0,30,980.103039,False
0.0,30,1042.775055,False
2.9,30,1103.108474,True
0.0,30,1172.960492,False
2.2,30,1248.684736,True
0.0,30,1321.675898,False
0.0,30,1374.254163,False
2.3,30,1434.256831,True
0.0,30,1495.17801,False
0.0,30,1562.891893,False
1.4,30,1625.662887,True
0.0,30,1690.421662,False
0.0,30,1754.024605,False
0.0,30,1816.910917,False
3.0,30,1884.584426,True
0.0,30,1957.418917,False
0.0,30,2025.236546,False
0.0,30,2092.45331,False
0.0,30,2144.348524,False
0.0,30,2555.126693,False
0.0,30,2612.173195,False
0.0,30,2676.247099,False
0.0,30,2739.215349,False
0.0,30,2797.100969,False
0.8,30,2860.018791,True
0.2,30,2921.10613,True
0.0,30,2984.080432,False
0.0,30,3052.429116,False
0.0,30,3120.243084,False
0.0,30,3183.267648,False
0.0,30,3244.67984,False
0.0,30,3312.366072,False
0.0,30,3368.608746,False
2.8,30,3436.118596,True
2.6,30,3495.77204,True
0.0,30,3561.182485,False
0.0,30,3624.04568,False
0.0,30,3681.711709,False
3.0,30,3737.401791,True
2.0,30,3799.574187,True
0.0,30,3859.060615,False
1.4,30,3923.03181,True
0.0,30,3982.185595,False
0.0,30,4034.574825,False
0.0,30,4086.013686,False
0.0,30,4149.89327,False
0.0,30,4207.91409,False
0.0,30,4272.333639,False
2.8,30,4334.005885,True
1.1,30,4403.61335,False
0.0,30,4459.277036,False
0.0,30,4516.698164,False
0.0,30,4576.69549,False
0.0,30,5056.221908,False
0.9,30,5116.672321,True
0.0,30,5165.394891,False
0.0,30,5217.793312,False
0.0,30,5285.764665,False
3.0,30,5348.891006,True
0.0,30,5410.091537,False
2.9,30,5469.637577,True
0.0,30,5524.94444,False
0.0,30,5575.840463,False
0.0,30,5633.13373,False
0.0,30,5701.2383,False
0.0,30,5756.078009,False
0.0,30,5816.430845,False
2.9,30,5870.917537,True
0.0,30,5928.468724,False
2.8,30,5983.544468,True
0.0,30,6044.926312,False
0.0,30,6096.967246,False
2.8,30,6153.997275,True
0.0,30,6219.971661,False
2.9,30,6280.966387,True
0.0,30,6346.507907,False
0.0,30,6401.169244,False
0.0,30,6456.716038,False
1.6,30,6519.552792,False
2.7,30,6584.068769,True
0.0,30,6638.626212,False
0.0,30,6692.899283,False
3.0,30,6754.103989,True
0.0,30,6828.89719,False
0.0,30,6881.495956,False
0.0,30,6937.521823,False
0.0,30,7002.25566,False
0.0,30,7421.854964,False
0.0,30,7478.718986,False
0.0,30,7540.376729,False
0.0,30,7600.406435,False
2.4,30,7646.698098,True
2.6,30,7691.823182,True
0.0,30,7748.393974,False
0.0,30,7809.698107,False
0.0,30,7857.685041,False
0.0,30,7926.091408,False
0.0,30,7983.650448,False
0.0,30,8045.124383,False
0.0,30,8104.521157,False
0.0,30,8157.605791,False
0.0,30,8219.73313,False
0.0,30,8267.868407,False
0.0,30,8331.903813,False
0.0,30,8387.117376,False
0.0,30,8447.875464,False
0.0,30,8511.297076,False
0.0,30,8568.16047,False
0.0,30,8627.78653,False
0.0,30,8686.586785,False
0.0,30,8740.301179,False
0.0,30,8801.088953,False
0.0,30,8858.58635,False
0.0,30,8918.541667,False
0.0,30,8973.568742,False
0.0,30,9044.134338,False
0.0,30,9097.055326,False
0.0,30,9168.194365,False
0.0,30,9234.727888,False
0.0,30,9280.663086,False
0.0,30,9337.23508,False
0.0,30,9716.951883,False
0.0,30,9778.129919,False
2.4,30,9841.276497,True
0.0,30,9901.212673,False
0.0,30,9963.430951,False
0.0,30,10021.862845,False
0.0,30,10093.637997,False
0.0,30,10149.124723,False
0.0,30,10200.48579,False
0.0,30,10259.087485,False
2.4,30,10320.513169,True
0.0,30,10389.485114,False
0.0,30,10448.368545,False
0.0,30,10517.82987,False
0.0,30,10586.822461,False
0.0,30,10649.627586,False
3.0,30,10718.490021,True
2.1,30,10768.180248,True
0.0,30,10831.658695,False
0.0,30,10890.927887,False
0.0,30,10949.502112,False
0.0,30,11010.382188,False
0.0,30,11072.372209,False
0.0,30,11134.739721,False
0.0,30,11194.139217,False
0.0,30,11255.043456,False
0.0,30,11307.393176,False
0.0,30,11361.43644,False
0.0,30,11418.029074,False
0.0,30,11476.015569,False
0.0,30,11537.648549,False
0.0,30,11600.596469,False
2.3,30,11655.023346,True
0.0,30,11707.808076,False
0.0,30,12122.869403,False
0.0,30,12185.65871,False
0.0,30,12250.964897,False
0.0,30,12299.395883,False
1.3,30,12358.913111,True
0.0,30,12413.81268,False
0.0,30,12485.024541,False
2.6,30,12546.475804,True
0.0,30,12602.946352,False
2.8,30,12664.065395,True
0.0,30,12720.435606,False
0.0,30,12771.218113,False
0.0,30,12830.463921,False
0.0,30,12883.889004,False
0.0,30,12944.287537,False
0.0,30,13005.374076,False
0.0,30,13068.777451,False
0.0,30,13124.166686,False
0.0,30,13175.006166,False
0.0,30,13230.236247,False
0.0,30,13282.596778,False
0.0,30,13346.947002,False
0.0,30,13407.665496,False
0.0,30,13459.271876,False
0.0,30,13524.081774,False
0.0,30,13580.6967,False
0.0,30,13640.176072,False
1.8,30,13694.364161,True
0.0,30,13759.31354,False
0.0,30,13824.341764,False
0.0,30,13883.035306,False
0.0,30,13943.173278,False
0.0,30,14004.298501,False
3.0,30,14059.601056,True
0.0,30,14470.752023,False
0.0,30,14527.150285,False
0.0,30,14591.423627,False
2.4,30,14656.810699,True
0.0,30,14705.281244,False
2.9,30,14756.211099,True
3.0,30,14806.227136,True
0.0,30,14859.504982,False
0.0,30,14918.241399,False
2.7,30,14974.964141,True
0.0,30,15033.248129,False
0.0,30,15070.201139,False
0.0,30,15126.157675,False
0.0,30,15177.291661,False
2.0,30,15232.219715,True
2.6,30,15290.485994,True
0.0,30,15342.324284,False
0.7,30,15395.855558,True
0.0,30,15452.736321,False
0.0,30,15498.42328,False
2.9,30,15550.816286,True
0.0,30,15607.046803,False
0.0,30,15670.253572,False
0.0,30,15729.223052,False
0.0,30,15792.04391,False
0.0,30,15849.049619,False
0.0,30,15904.772906,False
0.0,30,15964.991831,False
0.0,30,16023.157767,False
0.0,30,16072.994001,False
3.0,30,16135.150922,True
0.0,30,16187.379943,False
2.5,30,16250.892771,True
0.0,30,16311.061221,False
0.0,30,16734.327776,False
0.0,30,16788.668869,False
0.0,30,16850.663985,False
0.0,30,16911.046343,False
0.0,30,16964.728114,False
0.0,30,17017.742639,False
2.0,30,17074.315077,True
2.0,30,17132.822449,True
0.0,30,17194.114974,False
2.4,30,17255.806667,True
0.0,30,17318.462333,False
0.0,30,17364.881888,False
0.0,30,17417.982676,False
0.0,30,17469.830607,False
2.7,30,17527.323614,True
0.0,30,17580.688596,False
0.6,30,17652.036457,True
2.5,30,17714.403695,True
0.0,30,17775.827083,False
0.0,30,17834.127171,False
0.0,30,17884.036951,False
0.0,30,17936.6785,False
0.0,30,17996.688856,False
1.9,30,18056.016445,True
2.7,30,18118.897142,True
2.7,30,18184.08604,True
0.0,30,18235.03276,False
0.0,30,18292.902732,False
2.6,30,18351.368125,True
0.0,30,18411.228728,False
0.9,30,18470.311665,True
0.0,30,18532.968391,False
2.1,30,18585.84377,False
2.6,30,18637.072484,True
0.0,30,18704.376939,False
0.0,30,19078.920325,False
2.3,30,19132.588002,True
2.4,30,19192.561012,True
2.8,30,19244.347535,True
0.0,30,19303.688499,False
0.0,30,19358.933046,False
0.0,30,19411.894514,False
0.0,30,19465.431397,False
2.4,30,19521.957329,True
0.0,30,19572.134532,False
2.8,30,19632.119522,True
0.0,30,19698.367701,False
0.0,30,19753.841061,False
0.0,30,19803.0442,False
2.9,30,19871.412202,True
0.0,30,19930.594931,False
2.6,30,19988.02653,True
0.0,30,20040.346493,False
2.9,30,20091.613353,True
0.0,30,20153.649016,False
0.0,30,20208.116434,False
2.7,30,20270.018862,True
2.7,30,20322.051772,True
0.0,30,20380.141448,False
0.0,30,20433.352574,False
0.0,30,20496.837056,False
0.0,30,20550.60622,False
0.0,30,20608.517376,False
0.0,30,20662.516801,False
0.0,30,20716.492067,False
2.8,30,20769.490195,True
2.9,30,20817.635721,True
0.9,30,20873.644937,True
0.0,30,20933.14152,False
0.0,30,21293.086215,False
1.8,30,21349.068796,True
2.0,30,21409.604346,True
0.0,30,21467.163862,False
2.7,30,21527.140079,True
0.0,30,21582.982807,False
2.9,30,21640.929228,True
2.3,30,21701.862539,True
0.0,30,21764.699223,False
0.0,30,21818.479414,False
2.9,30,21875.386721,True
0.5,30,21932.544909,True
2.9,30,21984.806551,True
0.0,30,22043.715738,False
2.9,30,22096.267512,True
0.0,30,22157.856325,False
0.0,30,22211.93258,False
0.0,30,22270.473439,False
0.7,30,22321.211867,True
0.0,30,22386.959544,False
0.0,30,22442.763265,False
0.0,30,22501.883824,False
2.7,30,22557.621849,True
0.0,30,22603.053576,False
0.0,30,22661.199024,False
0.0,30,22724.290346,False
2.5,30,22784.700866,True
0.0,30,22847.098112,False
3.0,30,22903.850999,True
0.0,30,22959.691824,False
2.5,30,23015.196897,True
0.0,30,23075.343953,False
0.0,30,23130.229319,False
0.0,30,23180.35291,False
0.0,30,23594.749162,False
0.0,30,23655.558635,False
0.0,30,23711.259654,False
2.9,30,23771.059761,True
0.0,30,23823.389212,False
0.0,30,23876.30889,False
0.0,30,23935.048005,False
1.1,30,23990.945759,True
0.0,30,24051.202292,False
2.0,30,24102.199636,True
0.0,30,24160.338291,False
0.0,30,24213.197341,False
0.0,30,24265.46636,False
0.0,30,24320.592686,False
0.0,30,24378.815456,False
2.5,30,24428.326643,True
0.0,30,24485.33192,False
2.8,30,24541.768912,True
3.0,30,24597.832242,True
0.0,30,24653.089133,False
0.0,30,24711.065235,False
0.0,30,24778.708497,False
0.0,30,24833.255669,False
0.0,30,24885.7135,False
2.8,30,24950.099568,True
0.0,30,25003.801596,False
2.7,30,25065.206768,True
2.9,30,25119.064109,True
0.0,30,25177.021097,False
0.0,30,25234.919853,False
0.0,30,25291.14324,False
0.0,30,25342.893458,False
2.7,30,25402.710229,True
2.4,30,25457.801701,True
0.0,30,25827.821221,False
2.8,30,25886.586747,True
2.4,30,25943.047575,True
2.7,30,26005.8025,True
0.0,30,26060.317782,False
3.0,30,26115.165545,True
2.3,30,26188.279684,True
0.0,30,26252.502196,False
0.0,30,26302.188967,False
0.0,30,26350.028896,False
2.8,30,26404.368439,True
0.0,30,26488.724874,False
2.9,30,26549.353496,True
0.0,30,26604.201701,False
2.9,30,26654.749784,True
0.0,30,26719.191693,False
0.0,30,26779.931977,False
0.0,30,26840.273472,False
0.8,30,26894.200148,True
2.5,30,26957.979624,True
0.0,30,27021.112654,False
0.0,30,27075.604678,False
0.0,30,27132.238115,False
0.0,30,27190.05099,False
0.0,30,27250.238421,False
2.8,30,27305.918056,True
0.0,30,27363.979254,False
3.0,30,27418.23246,True
2.6,30,27466.627438,True
0.0,30,27545.260095,False
0.0,30,27603.231146,False
2.4,30,27661.379466,True
2.9,30,27711.945125,True
2.4,30,27775.329625,True
2.7,30,28128.98582,True
3.0,30,28178.957336,True
0.0,30,28235.304494,False
2.7,30,28295.217972,True
0.0,30,28383.356206,False
0.0,30,28447.992889,False
0.0,30,28504.62116,False
1.6,30,28571.513982,True
0.0,30,28636.428938,False
0.0,30,28691.851357,False
1.9,30,28747.333697,True
0.0,30,28820.260496,False
2.3,30,28873.353937,True
1.5,30,28929.34425,True
3.0,30,28986.405389,True
0.0,30,29046.930422,False
0.0,30,29104.787018,False
0.0,30,29154.153035,False
1.0,30,29213.322231,True
0.1,30,29281.899127,True
2.5,30,29335.436919,True
0.0,30,29394.813291,False
0.0,30,29460.452915,False
0.0,30,29510.900143,False
2.4,30,29560.67117,True
1.6,30,29617.458942,True
0.8,30,29671.046543,True
0.0,30,29723.866198,False
2.8,30,29782.436334,True
0.0,30,29838.233462,False
0.0,30,29900.650429,False
2.7,30,29958.636668,True
0.0,30,30011.653946,False
2.7,30,30064.766352,True
0.0,30,30419.411188,False
0.0,30,30473.762252,False
0.8,30,30531.271368,True
2.2,30,30590.573823,True
0.0,30,30652.819638,False
0.9,30,30714.608784,True
0.0,30,30770.33374,False
0.0,30,30828.199996,False
2.2,30,30890.73778,True
0.0,30,30953.92508,False
1.8,30,31021.444436,True
2.5,30,31076.627806,True
2.8,30,31135.666459,True
1.8,30,31193.179202,True
0.0,30,31248.240516,False
0.0,30,31316.457323,False
0.0,30,31379.398973,False
2.3,30,31437.167417,True
0.0,30,31495.302363,False
2.9,30,31557.360035,True
3.0,30,31617.570151,True
3.0,30,31680.82913,True
0.0,30,31741.444337,False
2.8,30,31794.633244,True
1.0,30,31864.624909,True
0.0,30,31914.883823,False
2.8,30,31966.066045,True
0.0,30,32024.871629,False
0.0,30,32075.112082,False
0.0,30,32127.483997,False
0.0,30,32187.719411,False
0.0,30,32244.030219,False
2.7,30,32301.734421,True
3.0,30,32360.344665,True
0.2,30,32701.629459,False
2.8,30,32766.465984,True
3.0,30,32823.729155,True
0.0,30,32878.490331,False
1.4,30,32945.75944,True
0.0,30,33008.127562,False
3.0,30,33069.093548,True
3.0,30,33121.351006,True
0.0,30,33179.97279,False
2.7,30,33242.109355,True
0.0,30,33297.601146,False
0.6,30,33349.733242,True
2.6,30,33414.218669,True
0.0,30,33470.164484,False
2.6,30,33533.169019,True
0.0,30,33595.68624,False
0.0,30,33661.991805,False
0.0,30,33720.942961,False
0.0,30,33779.514081,False
2.5,30,33830.982542,True
2.9,30,33888.256448,True
3.0,30,33950.073405,True
2.8,30,34003.228594,True
0.0,30,34059.720683,False
0.0,30,34114.910394,False
3.0,30,34169.116924,True
2.7,30,34235.179484,True
3.0,30,34294.318923,True
2.3,30,34352.744395,True
2.6,30,34409.939206,True
0.0,30,34472.837081,False
2.2,30,34536.555179,True
0.0,30,34589.785581,False
0.0,30,34646.617073,False
2.7,30,34707.957087,True
2.4,30,35079.631948,True
2.8,30,35152.257874,True
2.6,30,35207.640017,True
0.0,30,35264.038572,False
0.0,30,35325.241921,False
2.8,30,35377.882704,True
0.0,30,35444.193142,False
0.0,30,35503.676616,False
2.8,30,35558.024288,True
2.7,30,35626.943744,True
2.6,30,35690.96067,True
0.0,30,35741.177657,False
0.0,30,35800.663059,False
2.7,30,35855.276608,True
0.0,30,35914.117043,False
0.0,30,35968.897384,False
2.7,30,36024.91653,True
2.9,30,36087.663953,True
0.0,30,36150.170982,False
0.0,30,36204.393456,False
0.6,30,36266.530362,True
2.4,30,36322.552993,True
0.0,30,36391.047008,False
2.5,30,36450.664878,True
0.0,30,36507.338993,False
0.3,30,36570.059346,False
0.0,30,36633.168011,False
3.0,30,36699.128646,True
0.0,30,36754.023649,False
0.0,30,36810.962989,False
0.0,30,36867.182977,False
0.0,30,36926.307828,False
1.1,30,36995.722653,True
2.7,30,37052.796322,True
0.0,30,37430.469509,False
0.0,30,37490.320902,False
0.0,30,37556.651631,False
2.9,30,37617.725251,True
0.0,30,37669.90604,False
2.8,30,37727.771816,True
0.0,30,37791.762161,False
2.5,30,37839.546738,True
1.5,30,37893.563257,True
0.0,30,37956.232688,False
3.0,30,38015.185595,True
0.0,30,38076.872515,False
3.0,30,38135.422264,True
2.8,30,38202.109079,True
0.0,30,38259.231568,False
2.7,30,38315.456471,True
0.0,30,38385.16856,False
1.9,30,38442.5935,True
0.0,30,38504.572512,False
0.0,30,38566.517948,False
0.0,30,38625.333694,False
0.0,30,38681.65742,False
0.0,30,38739.894207,False
0.3,30,38801.237248,True
2.2,30,38876.812029,True
1.7,30,38937.445062,False
0.0,30,39002.368743,False
0.0,30,39076.679243,False
1.9,30,39146.563407,True
2.5,30,39209.833992,True
2.6,30,39271.379312,True
2.5,30,39336.179377,True
0.0,30,39399.66663,False
2.8,30,39456.98397,True
0.0,30,39861.843719,False
2.6,30,39924.913074,True
2.7,30,39986.647901,True
0.0,30,40043.710222,False
2.3,30,40102.555039,True
2.9,30,40170.087876,True
0.0,30,40230.896392,False
0.0,30,40291.752179,False
1.2,30,40352.708567,True
0.0,30,40412.98365,False
2.7,30,40481.537756,True
0.0,30,40541.062453,False
2.6,30,40602.694435,True
0.0,30,40669.446142,False
0.0,30,40725.144873,False
2.9,30,40785.226877,True
0.0,30,40841.696721,False
1.1,30,40920.729105,True
2.0,30,40977.77541,True
1.3,30,41039.556038,True
0.0,30,41101.978978,False
2.4,30,41159.62529,True
2.8,30,41218.143432,True
0.0,30,41278.684126,False
3.0,30,41339.842812,True
2.2,30,41396.275057,False
2.2,30,41459.896113,True
1.1,30,41507.200578,True
0.0,30,41560.574542,False
2.7,30,41619.923545,True
0.0,30,41681.469144,False
2.7,30,41738.661652,True
2.9,30,41802.481704,True
2.9,30,41867.229401,True
2.8,30,42280.703567,True
0.0,30,42347.488907,False
0.0,30,42409.235174,False
1.9,30,42471.396374,True
2.7,30,42532.56182,True
2.9,30,42603.348887,True
2.6,30,42671.814406,True
0.5,30,42738.090941,True
0.0,30,42796.76292,False
0.0,30,42855.27914,False
0.0,30,42935.121286,False
1.1,30,43002.372782,True
0.7,30,43064.935761,True
3.0,30,43131.714185,True
2.6,30,43188.740917,True
2.8,30,43244.676829,True
2.6,30,43306.167532,True
2.7,30,43375.452723,True
0.0,30,43424.214416,False
2.8,30,43480.129842,True
2.7,30,43544.010783,True
0.0,30,43601.937259,False
2.5,30,43663.502147,True
0.0,30,43718.601383,False
2.9,30,43774.911534,True
0.0,30,43838.032284,False
0.0,30,43894.880923,False
0.0,30,43957.817174,False
0.0,30,44026.219448,False
0.0,30,44091.235894,False
2.7,30,44155.711453,True
0.0,30,44209.969346,False
0.0,30,44257.87703,False
0.0,30,44307.010126,False
0.0,30,44634.864274,False
0.0,30,44675.925512,False
2.8,30,44721.222977,True
0.0,30,44788.347361,False
0.0,30,44838.756022,False
3.0,30,44890.657331,True
2.2,30,44936.949563,True
0.0,30,44983.804204,False
2.7,30,45023.68321,True
2.7,30,45064.249361,True
2.8,30,45111.243894,True
2.1,30,45157.269135,True
0.0,30,45203.184204,False
0.0,30,45246.461581,False
2.7,30,45294.856469,True
0.0,30,45331.490635,False
2.6,30,45374.027363,True
2.8,30,45418.887639,True
2.7,30,45464.019443,True
0.0,30,45505.145452,False
1.1,30,45553.423367,False
0.0,30,45596.253641,False
2.8,30,45637.179759,True
2.9,30,45677.781757,True
0.3,30,45722.964663,False
3.0,30,45770.754164,True
0.0,30,45820.554279,False
0.0,30,45867.113916,False
1.7,30,45920.006078,True
0.0,30,45966.374903,False
2.8,30,46011.095285,True
2.1,30,46060.025216,False
0.0,30,46101.024141,False
0.0,30,46144.463543,False
0.0,30,46484.649087,False
0.0,30,46527.092544,False
0.9,30,46568.792599,True
2.6,30,46618.729196,True
1.7,30,46667.812668,True
2.9,30,46718.636173,True
0.0,30,46757.287287,False
0.0,30,46803.00671,False
2.6,30,46852.964557,True
0.0,30,46900.913524,False
2.9,30,46947.419065,True
0.0,30,46997.109471,False
2.7,30,47060.368659,True
0.0,30,47111.472876,False
0.0,30,47156.660486,False
0.0,30,47199.962164,False
0.0,30,47247.227083,False
0.0,30,47293.349349,False
0.0,30,47339.402768,False
1.5,30,47389.473801,True
0.9,30,47440.635096,True
0.0,30,47484.089087,False
2.5,30,47537.051512,True
2.8,30,47586.59527,True
2.9,30,47634.562052,True
0.0,30,47685.019679,False
2.8,30,47744.128042,True
0.0,30,47794.749784,False
2.4,30,47836.346575,True
0.0,30,47885.752532,False
0.0,30,47936.380037,False
0.0,30,47984.145352,False
2.5,30,48030.253633,True
0.0,30,48078.137848,False
0.0,30,48369.724501,False
2.8,30,48422.820148,True
0.0,30,48465.847537,False
0.0,30,48514.113938,False
0.0,30,48561.415284,False
2.8,30,48603.275937,True
1.8,30,48658.052711,True
0.0,30,48697.970498,False
0.0,30,48746.876209,False
0.0,30,48794.792426,False
0.0,30,48851.721059,False
2.7,30,48897.940679,True
0.0,30,48947.857301,False
0.0,30,49006.155284,False
0.0,30,49049.466043,False
0.0,30,49098.03776,False
0.0,30,49138.361879,False
2.6,30,49180.977224,True
2.4,30,49222.805534,True
0.0,30,49277.943058,False
0.0,30,49323.744621,False
2.6,30,49366.077952,True
0.0,30,49445.776369,False
0.9,30,49495.933836,True
0.0,30,49539.262791,False
2.4,30,49584.460437,True
3.0,30,49631.120215,True
3.0,30,49679.7904,True
0.0,30,49731.974267,False
3.0,30,49788.053988,True
2.8,30,49834.582365,True
2.9,30,49885.092654,True
0.0,30,49936.363859,False
0.0,30,49984.102858,False
0.0,30,50307.744814,False
1.8,30,50355.648484,True
0.0,30,50399.608494,False
0.0,30,50447.517828,False
0.0,30,50493.650615,False
0.0,30,50543.333878,False
2.8,30,50599.00546,True
0.0,30,50652.254509,False
0.0,30,50696.717464,False
0.0,30,50736.933273,False
2.7,30,50787.338625,True
0.0,30,50835.407421,False
2.3,30,50880.818722,True
0.0,30,50924.908854,False
2.2,30,50972.317903,True
1.5,30,51023.513801,True
0.0,30,51070.28481,False
2.3,30,51117.770907,True
1.2,30,51166.815268,True
2.8,30,51210.954358,True
0.0,30,51255.63132,False
0.0,30,51304.357944,False
2.7,30,51351.84832,True
0.0,30,51395.789241,False
1.5,30,51436.098122,True
0.0,30,51483.900026,False
0.0,30,51528.348773,False
0.0,30,51569.875079,False
0.0,30,51612.867845,False
2.4,30,51654.205614,True
0.0,30,51701.390419,False
0.0,30,51747.051337,False
0.0,30,51797.8642,False
0.0,30,51845.771481,False
2.9,30,51893.157046,True
0.0,30,52192.722791,False
2.7,30,52234.826523,True
2.9,30,52279.940096,True
2.7,30,52328.132239,True
0.0,30,52376.489889,False
0.0,30,52415.116852,False
0.0,30,52464.854725,False
2.9,30,52525.414163,True
0.0,30,52570.622278,False
0.0,30,52617.503967,False
0.0,30,52661.28995,False
0.0,30,52706.420474,False
0.0,30,52753.089189,False
0.0,30,52800.793842,False
0.0,30,52844.477818,False
2.3,30,52888.217833,True
0.0,30,52935.573229,False
2.5,30,52983.925993,True
0.0,30,53034.504979,False
0.0,30,53076.545573,False
2.5,30,53115.193502,True
2.9,30,53161.45021,True
0.0,30,53205.92014,False
0.0,30,53256.750846,False
2.6,30,53303.916252,True
2.5,30,53351.468191,True
0.0,30,53398.980338,False
0.0,30,53443.677471,False
0.0,30,53486.309166,False
2.8,30,53526.435608,True
0.0,30,53575.513115,False
2.8,30,53620.253435,True
2.6,30,53661.693069,True
0.0,30,53706.115387,False
2.2,30,54035.455123,True
2.2,30,54089.256605,True
2.4,30,54133.867985,True
2.5,30,54176.492057,True
0.0,30,54224.227802,False
0.0,30,54272.139043,False
0.0,30,54318.485947,False
2.0,30,54360.795962,True
0.0,30,54406.748014,False
0.0,30,54453.523787,False
2.5,30,54498.009276,True
2.9,30,54542.806272,True
0.0,30,54588.396804,False
0.0,30,54636.578417,False
2.9,30,54685.008109,True
0.0,30,54732.738062,False
2.9,30,54774.472248,True
0.0,30,54824.03536,False
2.9,30,54875.101296,True
2.7,30,54918.789789,True
0.0,30,54970.081765,False
0.0,30,55019.223511,False
0.0,30,55069.781502,False
2.7,30,55113.241296,True
2.7,30,55171.175773,True
2.5,30,55216.509871,True
2.7,30,55267.594104,True
0.0,30,55316.963671,False
2.7,30,55358.257192,True
1.4,30,55405.199831,True
2.8,30,55451.423333,True
0.0,30,55506.508682,False
0.0,30,55550.572803,False
0.0,30,55598.688659,False
0.0,30,55913.929404,False
0.0,30,55962.285759,False
2.5,30,56011.843873,True
2.3,30,56055.664212,False
0.0,30,56104.40595,False
2.8,30,56150.044153,True
0.0,30,56192.444164,False
2.8,30,56239.423893,True
0.0,30,56288.46827,False
2.6,30,56331.501225,True
0.0,30,56381.874012,False
2.8,30,56426.02255,True
0.0,30,56472.247566,False
0.0,30,56514.583828,False
0.0,30,56566.701839,False
1.7,30,56605.937762,True
2.6,30,56653.040186,True
0.0,30,56701.464957,False
0.0,30,56750.034484,False
2.1,30,56795.072823,True
0.0,30,56840.228128,False
2.6,30,56891.899128,True
0.0,30,56932.33364,False
2.9,30,56980.523744,True
0.0,30,57029.863409,False
2.6,30,57074.914236,True
2.4,30,57116.906464,True
2.0,30,57159.269785,True
2.3,30,57202.100943,True
2.8,30,57248.686424,True
0.0,30,57297.271211,False
2.4,30,57344.209869,True
1.1,30,57389.75036,True
1.4,30,57446.963527,True
1.8,30,57737.36843,True
2.5,30,57780.58837,True
0.0,30,57831.011896,False
0.0,30,57874.683566,False
2.9,30,57922.986503,True
0.0,30,57969.808538,False
2.8,30,58021.606966,True
0.0,30,58074.45817,False
0.0,30,58125.443506,False
2.8,30,58182.320006,True
2.7,30,58247.184464,True
0.0,30,58295.111954,False
0.0,30,58337.830859,False
0.0,30,58379.926256,False
2.5,30,58444.31018,True
0.0,30,58489.690444,False
2.8,30,58539.713345,True
0.0,30,58585.42921,False
0.0,30,58628.875258,False
2.9,30,58669.498904,True
2.7,30,58726.529423,True
0.0,30,58772.550551,False
0.0,30,58815.398291,False
0.0,30,58861.701972,False
2.8,30,58907.586522,True
2.9,30,58957.990066,True
0.0,30,59002.341967,False
0.2,30,59051.383356,True
0.0,30,59093.693101,False
0.0,30,59134.306718,False
0.0,30,59177.314839,False
2.3,30,59218.758934,True
2.9,30,59263.194502,True
2.5,30,59313.86799,True
1.8,30,59593.805225,True
0.0,30,59638.714604,False
0.0,30,59685.739071,False
0.0,30,59737.282104,False
0.0,30,59779.404465,False
0.0,30,59815.443055,False
0.0,30,59858.568165,False
2.4,30,59901.775757,True
0.0,30,59946.47389,False
2.8,30,59994.323629,True
0.0,30,60052.543769,False
2.5,30,60098.882198,True
0.0,30,60143.75165,False
0.0,30,60190.015856,False
2.5,30,60233.217967,True
0.0,30,60288.926368,False
2.9,30,60331.551226,True
0.0,30,60389.152038,False
2.8,30,60438.796759,True
2.2,30,60489.918701,True
2.6,30,60536.36662,True
2.7,30,60585.353963,True
2.8,30,60636.918831,True
0.0,30,60686.145154,False
0.0,30,60733.624181,False
0.0,30,60785.185517,False
1.8,30,60831.563149,True
1.6,30,60878.610832,False
0.0,30,60922.416818,False
3.0,30,60969.557782,True
0.0,30,61012.251952,False
2.3,30,61059.405406,True
2.4,30,61105.723918,True
0.0,30,61165.079395,False
0.0,30,61467.611542,False
3.0,30,61509.360725,True
0.7,30,61559.605982,True
0.0,30,61600.926114,False
2.1,30,61643.415371,True
0.0,30,61682.108586,False
2.7,30,61724.04739,True
1.6,30,61764.04293,True
0.0,30,61810.706076,False
2.5,30,61853.505783,True
0.0,30,61899.174606,False
2.7,30,61941.691108,True
3.0,30,61991.717692,True
0.0,30,62045.441298,False
0.0,30,62092.355505,False
2.4,30,62139.974774,True
0.0,30,62190.455254,False
2.9,30,62240.778207,True
2.4,30,62290.851756,True
0.0,30,62355.342953,False
3.0,30,62402.532555,True
2.8,30,62449.857388,True
0.0,30,62498.490182,False
2.3,30,62544.872431,True
0.0,30,62608.635735,False
0.0,30,62659.527989,False
2.4,30,62704.272251,True
2.9,30,62750.571402,True
0.0,30,62794.758971,False
2.8,30,62842.930289,True
0.0,30,62892.038593,False
0.0,30,62938.496594,False
0.0,30,62986.345455,False
3.0,30,63039.539227,True
0.0,30,63363.58073,False
2.6,30,63412.217205,True
0.0,30,63467.575063,False
2.4,30,63511.16885,True
2.0,30,63556.278228,True
0.0,30,63600.569625,False
2.3,30,63652.791225,True
0.0,30,63700.026336,False
0.0,30,63745.523651,False
0.0,30,63793.882011,False
3.0,30,63836.778511,True
0.0,30,63883.707514,False
0.0,30,63930.866677,False
2.4,30,63977.138202,True
3.0,30,64022.47368,True
2.3,30,64080.663241,True
0.0,30,64129.335587,False
0.0,30,64176.465477,False
2.7,30,64220.434951,True
3.0,30,64263.656737,True
0.0,30,64305.149518,False
2.6,30,64356.194812,True
0.2,30,64401.344467,True
0.0,30,64455.170437,False
0.0,30,64504.20699,False
2.5,30,64549.897429,True
0.0,30,64599.293258,False
0.0,30,64647.598326,False
0.0,30,64691.056567,False
2.8,30,64752.877382,True
2.7,30,64806.258006,True
0.0,30,64844.859179,False
0.0,30,64892.455222,False
2.9,30,64943.012779,True
2.8,30,64997.459982,True
0.0,30,65296.767648,False
3.0,30,65341.45047,True
2.8,30,65386.336593,True
0.0,30,65435.40984,False
2.8,30,65483.914019,True
2.5,30,65527.399544,True
1.8,30,65576.823658,True
0.0,30,65625.643387,False
2.8,30,65671.036463,True
0.1,30,65718.736901,True
2.8,30,65762.345748,True
2.3,30,65808.89451,True
0.0,30,65862.490226,False
0.0,30,65913.252522,False
1.4,30,65963.671948,False
2.9,30,66015.947763,True
0.0,30,66061.571476,False
2.3,30,66103.857386,True
0.0,30,66152.223675,False
2.5,30,66191.125833,True
0.0,30,66240.740034,False
0.0,30,66317.850127,False
1.4,30,66401.208967,True
2.8,30,66455.029771,True
0.9,30,66517.593014,False
2.1,30,66565.861271,False
2.8,30,66608.139457,True
2.6,30,66653.649362,True
2.6,30,66702.237493,True
0.0,30,66759.423941,False
0.0,30,66804.903671,False
0.0,30,66856.22487,False
2.6,30,66908.087106,True
0.0,30,66952.772497,False
2.0,30,67247.283397,True
0.0,30,67296.127912,False
2.4,30,67344.718184,True
0.0,30,67391.075192,False
0.0,30,67435.234964,False
0.0,30,67492.474225,False
0.0,30,67534.681479,False
2.8,30,67579.862658,True
2.9,30,67625.299901,True
2.3,30,67671.221193,True
2.8,30,67716.410021,True
0.0,30,67763.735875,False
2.9,30,67814.846302,True
0.0,30,67858.488796,False
1.8,30,67917.428576,True
0.0,30,67963.559537,False
1.4,30,68012.18907,True
2.3,30,68060.458044,True
2.9,30,68105.318479,True
2.7,30,68149.196817,True
0.0,30,68200.207698,False
3.0,30,68246.198765,True
0.0,30,68290.265529,False
2.4,30,68341.475992,True
0.0,30,68389.603005,False
0.0,30,68434.1407,False
2.4,30,68477.627542,True
1.9,30,68519.098608,True
0.0,30,68559.356122,False
0.0,30,68607.646503,False
0.0,30,68655.61327,False
1.9,30,68702.732655,True
0.0,30,68748.714843,False
0.0,30,68795.273335,False
2.6,30,69123.582626,True
2.3,30,69172.029788,True
0.0,30,69217.316087,False
0.0,30,69265.133247,False
2.3,30,69312.836968,True
2.5,30,69358.186233,True
0.0,30,69406.295677,False
2.9,30,69457.199119,True
2.4,30,69503.381577,True
0.0,30,69546.411668,False
2.6,30,69596.818388,True
2.5,30,69644.635608,True
2.6,30,69690.437087,True
0.0,30,69741.129421,False
0.0,30,69793.40111,False
2.7,30,69835.912813,True
1.7,30,69882.185697,True
2.9,30,69930.677736,True
0.0,30,69976.327304,False
0.0,30,70025.068024,False
0.0,30,70078.613197,False
2.5,30,70124.237252,True
2.4,30,70166.944892,True
2.3,30,70215.630732,True
0.0,30,70264.830982,False
2.8,30,70309.937135,True
0.0,30,70359.802013,False
0.0,30,70414.910942,False
2.9,30,70468.72963,True
0.0,30,70518.290485,False
3.0,30,70563.039205,True
0.0,30,70609.91747,False
0.0,30,70654.490502,False
2.8,30,70706.919107,True
2.0,30,71021.173877,True
2.7,30,71065.171727,True
2.8,30,71119.538744,True
2.9,30,71162.126693,True
0.0,30,71209.585135,False
2.4,30,71262.931304,True
0.0,30,71311.167574,False
0.0,30,71358.596257,False
0.0,30,71403.067185,False
0.0,30,71452.166766,False
0.0,30,71504.598562,False
0.0,30,71547.90532,False
0.0,30,71593.515904,False
2.6,30,71639.727684,True
2.8,30,71692.404752,True
2.9,30,71737.584148,True
2.7,30,71778.956501,True
0.0,30,71826.623719,False
0.0,30,71870.037789,False
2.8,30,71920.235731,True
0.0,30,71967.521981,False
1.9,30,72014.854108,True
0.0,30,72071.782063,False
0.0,30,72121.277857,False
2.9,30,72170.274403,True
0.0,30,72218.728463,False
2.7,30,72286.131519,True
2.2,30,72336.543652,True
2.7,30,72380.146559,True
0.0,30,72431.111291,False
2.7,30,72479.952732,True
0.0,30,72528.156534,False
0.0,30,72578.694756,False
0.0,30,72624.826219,False
2.3,30,72963.079677,True
3.0,30,73013.184799,True
0.0,30,73070.668233,False
0.0,30,73119.262131,False
0.0,30,73165.257344,False
2.7,30,73214.817629,True
0.0,30,73263.038662,False
2.8,30,73312.547529,True
0.0,30,73363.636265,False
0.0,30,73408.044033,False
0.0,30,73456.200463,False
0.0,30,73517.89958,False
2.9,30,73564.186139,True
0.0,30,73620.914253,False
2.5,30,73672.493262,True
2.7,30,73722.960722,True
0.0,30,73771.997376,False
0.0,30,73814.761557,False
0.9,30,73863.915622,False
2.6,30,73912.432167,True
2.5,30,73960.695337,True
0.0,30,74004.442619,False
0.0,30,74062.722059,False
2.5,30,74102.094768,True
2.6,30,74146.811589,True
0.8,30,74194.26998,True
0.0,30,74241.035118,False
2.5,30,74285.32068,True
2.9,30,74332.464677,True
0.0,30,74381.438658,False
2.8,30,74425.747377,True
0.0,30,74474.931585,False
0.0,30,74522.155368,False
2.2,30,74589.593143,True
0.0,30,74917.712525,False
2.5,30,74968.396472,True
0.0,30,75018.64911,False
2.2,30,75067.978166,True
0.0,30,75116.749547,False
0.0,30,75164.616841,False
2.7,30,75207.832864,True
1.1,30,75284.225454,False
2.8,30,75331.510813,True
0.0,30,75377.629996,False
2.6,30,75424.267374,True
0.0,30,75475.412263,False
2.4,30,75524.879986,True
0.0,30,75567.4063,False
2.3,30,75613.85866,True
0.0,30,75657.803228,False
0.0,30,75710.157312,False
0.0,30,75757.085971,False
2.1,30,75811.165434,True
2.6,30,75857.586645,True
0.0,30,75907.514958,False
3.0,30,75956.038212,True
0.0,30,76001.783179,False
0.0,30,76053.234581,False
2.4,30,76100.43254,True
0.0,30,76149.004486,False
2.8,30,76194.931286,True
0.0,30,76239.263391,False
1.2,30,76284.761781,True
2.4,30,76331.416537,True
2.5,30,76381.756007,True
0.0,30,76426.007956,False
2.8,30,76471.452406,True
2.6,30,76520.856077,True
3.0,30,76875.943374,True
0.0,30,76927.317737,False
0.0,30,76979.836214,False
0.0,30,77026.26706,False
1.1,30,77075.44026,False
2.7,30,77123.193708,True
2.7,30,77172.952475,True
0.0,30,77218.615052,False
2.8,30,77264.457881,True
2.8,30,77314.362393,True
2.5,30,77370.918411,True
2.4,30,77424.603286,True
0.0,30,77472.883473,False
0.0,30,77522.473849,False
2.7,30,77572.902103,True
0.0,30,77625.426051,False
2.8,30,77672.116718,True
0.0,30,77716.189323,False
0.0,30,77762.717529,False
1.8,30,77806.710704,True
2.9,30,77855.45707,True
2.6,30,77898.782069,True
0.0,30,77959.618733,False
0.0,30,78011.070079,False
2.9,30,78062.386851,True
2.8,30,78108.776515,True
0.0,30,78154.973186,False
1.0,30,78208.264049,False
2.3,30,78257.224836,True
0.0,30,78306.69589,False
3.0,30,78356.096008,True
2.2,30,78414.144904,True
2.2,30,78465.640128,True
2.3,30,78504.687118,True
0.0,30,78836.58968,False
2.3,30,78882.494584,True
2.8,30,78927.177703,True
0.3,30,78969.631746,True
0.0,30,79014.805522,False
0.0,30,79060.381211,False
0.0,30,79105.845323,False
3.0,30,79160.271867,True
2.3,30,79205.063371,True
2.9,30,79268.170971,True
1.0,30,79317.483984,True
0.0,30,79363.302199,False
0.0,30,79404.898836,False
0.0,30,79451.631428,False
0.0,30,79507.405531,False
0.0,30,79561.469463,False
2.4,30,79610.334593,True
0.0,30,79655.53015,False
0.8,30,79698.519452,False
0.0,30,79745.167838,False
2.9,30,79794.189855,True
2.5,30,79840.262524,True
0.0,30,79886.009355,False
2.7,30,79933.042138,True
0.0,30,79979.767552,False
3.0,30,80021.525036,True
2.9,30,80074.180001,True
0.0,30,80115.386951,False
1.5,30,80175.390759,True
2.3,30,80223.838933,True
0.0,30,80269.881977,False
0.2,30,80318.822667,False
0.0,30,80362.13902,False
2.3,30,80405.332258,True
2.6,30,80451.20337,True
0.0,30,80797.230484,False
2.0,30,80839.568666,True
0.0,30,80889.900018,False
1.7,30,80942.892498,True
0.0,30,80994.146413,False
1.7,30,81037.3192,True
0.0,30,81084.054184,False
0.0,30,81130.106135,False
1.9,30,81180.786447,False
0.0,30,81225.485189,False
0.0,30,81273.487446,False
2.4,30,81317.312719,True
0.0,30,81366.013567,False
0.0,30,81409.172642,False
0.0,30,81460.437423,False
3.0,30,81510.361094,True
0.0,30,81560.825411,False
2.8,30,81608.208743,True
1.8,30,81648.968291,True
0.0,30,81694.693286,False
0.0,30,81744.631553,False
0.0,30,81795.517179,False
0.0,30,81841.496359,False
2.4,30,81888.662742,True
0.0,30,81930.300957,False
0.0,30,81975.27966,False
0.0,30,82021.857049,False
0.0,30,82070.263668,False
0.0,30,82118.088571,False
2.5,30,82165.827849,True
0.0,30,82207.017405,False
0.0,30,82261.928332,False
0.0,30,82308.891284,False
2.2,30,82354.067834,True
0.0,30,82680.241287,False
2.5,30,82728.537515,True
0.0,30,82776.627555,False
0.0,30,82821.842745,False
2.5,30,82873.087283,True
0.0,30,82924.369236,False
0.0,30,82965.448887,False
2.8,30,83005.756839,True
0.0,30,83048.316994,False
0.0,30,83101.305289,False
2.9,30,83149.664981,True
2.8,30,83194.756873,True
2.5,30,83238.21289,True
0.0,30,83284.25285,False
0.0,30,83333.539733,False
0.0,30,83374.869391,False
0.0,30,83418.322531,False
0.0,30,83466.841586,False
0.7,30,83519.69899,True
0.0,30,83570.3605,False
0.0,30,83621.505339,False
2.5,30,83668.774155,True
0.0,30,83717.674113,False
0.0,30,83764.756458,False
2.6,30,83810.197023,True
2.2,30,83858.552317,True
0.0,30,83907.791863,False
3.0,30,83955.709877,True
0.0,30,84000.800449,False
0.0,30,84047.580315,False
1.0,30,84094.545551,True
0.0,30,84139.202254,False
2.5,30,84188.342277,True
0.0,30,84237.181843,False
2.7,30,84553.67073,True
0.0,30,84595.822804,False
2.8,30,84641.218202,True
0.0,30,84700.78078,False
0.0,30,84746.606677,False
0.0,30,84795.012015,False
2.7,30,84837.049317,True
0.0,30,84895.290188,False
2.9,30,84946.227944,True
0.0,30,84995.462607,False
0.0,30,85053.212329,False
3.0,30,85100.626279,True
0.0,30,85147.192977,False
0.0,30,85194.207869,False
0.0,30,85236.517434,False
2.8,30,85282.246336,True
2.2,30,85328.297296,True
2.6,30,85374.88314,True
0.0,30,85434.520298,False
0.0,30,85483.111727,False
0.0,30,85526.620525,False
0.0,30,85571.541255,False
0.0,30,85619.611763,False
2.7,30,85674.324162,True
2.7,30,85719.808884,True
0.0,30,85762.458691,False
0.0,30,85807.364109,False
0.0,30,85853.305154,False
0.0,30,85896.591357,False
2.1,30,85941.79085,True
2.6,30,85987.590597,True
2.8,30,86034.933412,True
0.0,30,86079.452663,False
0.0,30,86126.555373,False
2.9,30,86483.516313,True
0.0,30,86527.913596,False
0.0,30,86575.470801,False
0.0,30,86630.403531,False
1.8,30,86685.146356,True
2.7,30,86733.280903,True
0.0,30,86784.514121,False
0.0,30,86832.660489,False
3.0,30,86884.73745,True
0.0,30,86934.801363,False
0.0,30,86980.779584,False
2.3,30,87029.840077,True
0.0,30,87075.689801,False
2.7,30,87121.631676,True
0.0,30,87168.785104,False
0.0,30,87221.231791,False
2.4,30,87276.65292,True
0.0,30,87319.857868,False
2.5,30,87366.018133,True
2.8,30,87408.978183,True
2.6,30,87453.736033,True
2.8,30,87495.925342,True
2.8,30,87549.680806,True
0.0,30,87593.990036,False
0.0,30,87638.119092,False
0.0,30,87693.196185,False
2.8,30,87747.322915,True
2.5,30,87797.083337,True
0.0,30,87843.687975,False
2.8,30,87889.546855,True
1.3,30,87937.250552,True
1.2,30,87984.953654,True
2.9,30,88032.878542,True
2.9,30,88077.861177,True
0.0,30,88367.412731,False
2.5,30,88412.148744,True
2.6,30,88455.583165,True
0.0,30,88499.663448,False
2.7,30,88541.430077,True
0.0,30,88585.416138,False
0.0,30,88634.731963,False
0.0,30,88690.965353,False
2.7,30,88739.782756,True
2.1,30,88786.742104,True
0.0,30,88833.555496,False
0.0,30,88889.592109,False
2.1,30,88932.741878,True
2.2,30,88983.983383,True
0.0,30,89033.946424,False
0.0,30,89096.752407,False
2.4,30,89147.478904,True
0.0,30,89186.916825,False
0.0,30,89235.8982,False
0.0,30,89292.717436,False
0.0,30,89343.766402,False
2.8,30,89399.185869,True
0.0,30,89452.536199,False
0.0,30,89500.029624,False
2.8,30,89546.326176,True
0.0,30,89595.647418,False
2.5,30,89640.470813,True
0.0,30,89684.579673,False
3.0,30,89731.918659,True
2.6,30,89783.743073,True
2.9,30,89832.96216,True
3.0,30,89877.8789,True
0.0,30,89928.929123,False
0.0,30,89972.784384,False
0.0,30,90288.258106,False
0.0,30,90334.632445,False
0.0,30,90376.067992,False
2.0,30,90419.265864,True
0.0,30,90469.233513,False
0.0,30,90517.919229,False
0.0,30,90562.580341,False
2.6,30,90608.011939,True
3.0,30,90656.938333,True
2.8,30,90704.211776,True
2.7,30,90753.837227,True
2.5,30,90807.372203,True
2.7,30,90858.830774,True
2.6,30,90901.721129,True
2.7,30,90946.078169,True
0.9,30,90994.123565,True
2.9,30,91040.849507,True
0.0,30,91093.814712,False
2.5,30,91135.632615,True
0.0,30,91179.625541,False
2.7,30,91230.219195,True
2.7,30,91277.044247,True
0.0,30,91324.249166,False
0.0,30,91363.183673,False
2.6,30,91409.710255,True
0.0,30,91458.903267,False
0.0,30,91505.650208,False
0.0,30,91549.256944,False
0.0,30,91593.359402,False
0.0,30,91635.825282,False
0.0,30,91678.931035,False
0.0,30,91725.722634,False
0.0,30,91773.221882,False
0.0,30,91820.290404,False
2.8,30,92163.740763,True
0.0,30,92205.814806,False
0.0,30,92247.146446,False
0.0,30,92294.4764,False
3.0,30,92345.933289,True
2.8,30,92402.674933,True
2.9,30,92449.889127,True
2.9,30,92496.456735,True
0.0,30,92539.673412,False
0.0,30,92588.029676,False
0.0,30,92632.351628,False
1.2,30,92676.745355,True
0.0,30,92720.468021,False
0.0,30,92766.457109,False
2.8,30,92812.077937,True
0.0,30,92858.904694,False
2.5,30,92908.566051,True
0.0,30,92955.149256,False
2.2,30,93002.841945,True
2.7,30,93044.583021,True
1.8,30,93107.402872,True
0.0,30,93160.321776,False
2.5,30,93207.772911,True
0.0,30,93249.888932,False
2.2,30,93296.570457,True
2.7,30,93340.621123,True
2.3,30,93389.081579,True
2.9,30,93428.377485,True
0.0,30,93476.323256,False
2.5,30,93524.148118,True
0.0,30,93577.330621,False
0.0,30,93621.709854,False
2.6,30,93662.397287,True
2.6,30,93707.349988,True
0.0,30,93758.568927,False
3.0,30,94101.039443,True
2.8,30,94155.104265,True
0.0,30,94207.306924,False
0.0,30,94254.011722,False
2.8,30,94311.590767,True
2.3,30,94350.063631,True
2.8,30,94404.535733,True
2.9,30,94453.086955,False
1.5,30,94499.993184,True
0.0,30,94547.280759,False
1.5,30,94596.7594,True
0.0,30,94650.744659,False
3.0,30,94696.492759,True
3.0,30,94745.422627,True
0.0,30,94796.35832,False
2.8,30,94852.118689,True
3.0,30,94899.42728,True
0.0,30,94947.241908,False
2.7,30,94998.21691,True
2.6,30,95049.621117,True
0.0,30,95093.138188,False
0.0,30,95148.928384,False
2.5,30,95195.304723,True
2.9,30,95240.872745,True
0.0,30,95284.733254,False
0.0,30,95336.330635,False
2.9,30,95379.707551,True
0.0,30,95428.240161,False
0.0,30,95475.038174,False
2.5,30,95524.357982,True
0.0,30,95566.181692,False
1.3,30,95611.893922,True
2.6,30,95666.718907,True
0.0,30,95714.492395,False
3.0,30,96042.338384,True
0.0,30,96093.97984,False
1.6,30,96138.808068,True
2.9,30,96188.368846,True
0.0,30,96237.000382,False
0.0,30,96279.966073,False
2.1,30,96328.186162,True
0.0,30,96373.785009,False
3.0,30,96420.897767,True
2.9,30,96467.650422,True
2.8,30,96512.863431,True
2.6,30,96556.190595,True
0.0,30,96598.616373,False
0.0,30,96644.646867,False
0.0,30,96694.142591,False
0.3,30,96740.510379,False
0.0,30,96799.096294,False
2.7,30,96849.534365,True
0.0,30,96896.594913,False
0.0,30,96937.513118,False
2.4,30,96982.658784,True
2.9,30,97030.747813,True
0.0,30,97075.59574,False
2.9,30,97125.053362,True
0.0,30,97171.029267,False
2.6,30,97220.238137,True
2.9,30,97268.518841,True
2.9,30,97314.176253,True
2.7,30,97359.363025,True
2.7,30,97429.864963,True
2.3,30,97477.025213,True
0.0,30,97527.989186,False
2.8,30,97575.574924,True
2.5,30,97623.133869,True
0.0,30,97954.386863,False
2.5,30,97996.658879,True
0.0,30,98040.958669,False
0.0,30,98087.158368,False
0.0,30,98134.474929,False
2.9,30,98182.443781,True
0.0,30,98230.857835,False
2.8,30,98276.14836,True
2.9,30,98318.988907,True
2.6,30,98365.408726,True
0.0,30,98414.00749,False
2.8,30,98461.861707,True
0.0,30,98515.906002,False
0.0,30,98566.566227,False
0.0,30,98609.387696,False
2.7,30,98654.084216,True
0.0,30,98704.103086,False
0.0,30,98749.327005,False
0.1,30,98794.240497,False
0.0,30,98838.744898,False
0.0,30,98884.082906,False
2.5,30,98941.055432,True
2.4,30,99012.818535,True
2.4,30,99061.243979,True
3.0,30,99114.39883,True
0.0,30,99163.509637,False
0.0,30,99215.834464,False
0.0,30,99264.999476,False
0.0,30,99317.878142,False
2.8,30,99363.760974,True
2.9,30,99413.384214,True
0.0,30,99464.000145,False
0.0,30,99525.712948,False
2.3,30,99570.184685,True
2.5,30,99918.426351,True
0.0,30,99966.210879,False
2.7,30,100013.076674,True
0.0,30,100064.868235,False
2.2,30,100104.102201,True
0.0,30,100155.550394,False
0.0,30,100201.774577,False
2.6,30,100248.085565,True
0.7,30,100293.708637,True
0.0,30,100344.866647,False
0.0,30,100391.153469,False
2.3,30,100436.289401,True
2.9,30,100486.928418,True
0.0,30,100539.259949,False
0.0,30,100581.1672,False
0.0,30,100625.27008,False
2.7,30,100676.036293,True
2.5,30,100722.187546,True
0.0,30,100777.790021,False
0.0,30,100836.878968,False
2.8,30,100888.554657,True
2.8,30,100939.823148,True
0.0,30,100986.856664,False
2.3,30,101032.143976,True
0.0,30,101079.007288,False
2.8,30,101123.586556,True
2.7,30,101173.300527,True
2.8,30,101224.029998,True
2.6,30,101270.429297,True
0.2,30,101320.644682,True
0.0,30,101373.24355,False
2.2,30,101418.766538,True
2.8,30,101467.75397,True
2.2,30,101524.039493,True
0.0,30,101859.422952,False
0.0,30,101909.84791,False
0.0,30,101955.203235,False
0.0,30,102007.250058,False
3.0,30,102052.793917,True
0.0,30,102109.674124,False
0.0,30,102151.549875,False
0.0,30,102205.22826,False
0.0,30,102248.665466,False
0.0,30,102294.334625,False
2.9,30,102343.550934,True
3.0,30,102386.059873,True
1.1,30,102435.369721,True
0.0,30,102481.132989,False
2.6,30,102530.0599,True
2.7,30,102576.510973,True
2.6,30,102626.154797,True
2.7,30,102670.100248,True
0.0,30,102723.86069,False
2.9,30,102771.461987,True
3.0,30,102817.202365,True
0.0,30,102864.945208,False
2.3,30,102911.986543,True
2.6,30,102966.590198,True
2.2,30,103017.830446,True
2.1,30,103064.348398,True
0.0,30,103116.971518,False
2.0,30,103166.078728,True
0.0,30,103206.110085,False
0.0,30,103260.676834,False
0.0,30,103299.663345,False
0.0,30,103343.302214,False
0.0,30,103395.016534,False
2.8,30,103437.245413,True
0.0,30,103790.552778,False
0.0,30,103834.373859,False
0.0,30,103882.85952,False
2.4,30,103928.583378,True
0.0,30,103975.550939,False
0.0,30,104025.16723,False
2.6,30,104068.570371,True
2.8,30,104116.832703,True
3.0,30,104166.222284,True
2.8,30,104215.143434,True
2.6,30,104260.62439,True
1.4,30,104325.863628,True
0.0,30,104372.967527,False
0.0,30,104418.412068,False
2.8,30,104466.637264,True
1.8,30,104512.280558,True
0.0,30,104560.911126,False
2.6,30,104607.749681,True
2.4,30,104653.812851,True
0.0,30,104703.21208,False
2.9,30,104753.940565,True
0.0,30,104803.222668,False
2.8,30,104850.038574,True
2.9,30,104896.562222,True
0.0,30,104947.737826,False
3.0,30,104994.608458,True
3.0,30,105048.36541,True
2.6,30,105094.324275,True
0.0,30,105142.710508,False
2.1,30,105193.754605,True
0.0,30,105244.726904,False
2.0,30,105290.221607,True
1.4,30,105332.960231,True
3.0,30,105382.795639,True
0.0,30,105709.458603,False
2.8,30,105764.504713,True
0.0,30,105811.809201,False
0.0,30,105857.522018,False
0.0,30,105906.543074,False
0.0,30,105955.24648,False
2.5,30,106002.199614,True
0.0,30,106048.679037,False
2.5,30,106095.27609,True
2.6,30,106145.113582,True
2.5,30,106186.943084,True
0.0,30,106231.379045,False
3.0,30,106280.566352,True
3.0,30,106322.32707,True
2.7,30,106368.210077,True
0.0,30,106413.443542,False
0.0,30,106459.288561,False
0.0,30,106507.997517,False
0.0,30,106553.420057,False
0.0,30,106603.645564,False
2.8,30,106647.222648,True
0.0,30,106710.151508,False
0.0,30,106752.496799,False
2.5,30,106800.511367,True
0.0,30,106846.474037,False
2.8,30,106895.559846,True
0.0,30,106941.169219,False
2.5,30,106990.12963,True
2.6,30,107040.254198,True
3.0,30,107084.46828,True
0.0,30,107129.690887,False
0.9,30,107182.272838,True
0.0,30,107228.292165,False
0.0,30,107268.901022,False
0.0,30,107572.977212,False
0.0,30,107619.738413,False
0.0,30,107669.711212,False
2.7,30,107720.651138,True
0.0,30,107763.55987,False
3.0,30,107809.196134,True
0.0,30,107862.146086,False
2.6,30,107909.461708,True
2.1,30,107952.595084,True
0.0,30,107999.240458,False
2.7,30,108046.074785,True
0.0,30,108093.240888,False
0.0,30,108139.344067,False
0.0,30,108182.566296,False
0.0,30,108226.677241,False
0.0,30,108274.041802,False
0.0,30,108320.617157,False
0.0,30,108368.170573,False
2.2,30,108417.207426,True
0.0,30,108460.26744,False
0.0,30,108511.345834,False
0.0,30,108556.972327,False
2.3,30,108603.075182,True
0.0,30,108647.924839,False
0.0,30,108695.197149,False
0.0,30,108739.248501,False
0.0,30,108789.91978,False
0.0,30,108836.809992,False
2.8,30,108893.129777,True
0.0,30,108942.520825,False
0.0,30,108991.876945,False
0.0,30,109032.46803,False
1.5,30,109074.690383,True
0.0,30,109122.49262,False
0.0,30,109170.389544,False
0.0,30,109489.66949,False
0.0,30,109536.82905,False
2.8,30,109577.891361,True
0.0,30,109630.539996,False
2.5,30,109678.011321,True
0.0,30,109728.247985,False
2.8,30,109780.02386,True
0.0,30,109838.052221,False
0.0,30,109884.929525,False
2.7,30,109936.093886,True
2.1,30,109984.755551,True
0.0,30,110036.394333,False
2.6,30,110080.868911,True
2.5,30,110126.674926,True
2.5,30,110182.602162,True
0.0,30,110231.876189,False
0.0,30,110276.460029,False
2.4,30,110323.549207,True
0.0,30,110368.576264,False
0.0,30,110413.876307,False
0.0,30,110461.684053,False
2.5,30,110502.920952,True
1.7,30,110546.249663,True
1.3,30,110594.914505,True
2.7,30,110638.64122,True
0.0,30,110685.372127,False
2.8,30,110740.663504,True
1.9,30,110788.89813,False
0.0,30,110836.937408,False
2.8,30,110886.001915,True
2.6,30,110930.354621,True
0.0,30,110988.537662,False
0.0,30,111036.734888,False
0.0,30,111086.650704,False
1.2,30,111432.626661,True
3.0,30,111483.930548,True
0.0,30,111528.521903,False
2.7,30,111572.690856,True
0.0,30,111617.571973,False
0.0,30,111660.176083,False
0.0,30,111703.539319,False
3.0,30,111750.962697,True
0.0,30,111796.698401,False
2.7,30,111836.326002,True
0.0,30,111885.892624,False
0.0,30,111931.509624,False
2.6,30,111977.992293,True
2.7,30,112023.598524,True
2.6,30,112067.685831,True
0.0,30,112121.399915,False
2.7,30,112165.058494,True
2.8,30,112214.35345,True
0.0,30,112261.069723,False
0.0,30,112302.930163,False
1.6,30,112349.600426,True
0.0,30,112394.433733,False
2.2,30,112441.869194,True
0.0,30,112485.940715,False
0.0,30,112531.907931,False
0.0,30,112582.200813,False
2.6,30,112628.171564,True
2.4,30,112677.34466,True
3.0,30,112725.84866,True
0.0,30,112775.55965,False
0.0,30,112817.467765,False
0.0,30,112858.07127,False
3.0,30,112904.804885,True
2.4,30,112951.315119,True
0.0,30,113288.861233,False
1.4,30,113335.869099,True
0.0,30,113386.134548,False
0.0,30,113432.925633,False
0.0,30,113480.737164,False
2.5,30,113524.741943,True
2.6,30,113575.199428,True
0.0,30,113620.869908,False
3.0,30,113668.457925,True
0.0,30,113715.331711,False
1.9,30,113765.329903,True
0.0,30,113816.934459,False
2.7,30,113862.29527,True
0.0,30,113911.281837,False
0.0,30,113961.422423,False
2.8,30,114013.835777,True
2.6,30,114063.667711,True
0.0,30,114111.924419,False
0.0,30,114155.356029,False
2.2,30,114201.615991,True
1.6,30,114256.235397,True
2.1,30,114304.198778,True
0.0,30,114354.131935,False
0.0,30,114402.09312,False
0.0,30,114450.304308,False
0.0,30,114496.534664,False
0.0,30,114544.521836,False
0.0,30,114593.928943,False
0.0,30,114643.891183,False
0.0,30,114699.122942,False
0.0,30,114747.445005,False
0.0,30,114801.939614,False
0.0,30,114853.31668,False
0.0,30,114902.145057,False
2.8,30,115212.855492,True
1.9,30,115265.081887,True
0.0,30,115309.317472,False
0.0,30,115353.136742,False
0.0,30,115402.98279,False
2.5,30,115448.815805,True
3.0,30,115498.008137,True
3.0,30,115542.005962,True
0.0,30,115591.216581,False
0.0,30,115639.334955,False
0.0,30,115685.821158,False
3.0,30,115737.095798,True
0.0,30,115782.544665,False
2.8,30,115832.088133,True
2.5,30,115879.373076,True
2.7,30,115924.398298,True
0.0,30,115982.774068,False
0.0,30,116031.135178,False
2.1,30,116083.115378,True
0.0,30,116128.57409,False
0.0,30,116175.944128,False
0.0,30,116228.321872,False
2.6,30,116271.510623,True
2.8,30,116318.933853,False
2.7,30,116365.200494,True
0.0,30,116412.696485,False
0.0,30,116460.459073,False
0.0,30,116503.817324,False
2.9,30,116548.829775,True
2.9,30,116596.498943,True
0.0,30,116647.270227,False
2.4,30,116693.514479,True
0.0,30,116743.97531,False
0.0,30,116787.632363,False
2.5,30,117119.119901,True
0.0,30,117168.809352,False
0.0,30,117215.919828,False
3.0,30,117270.888638,True
0.0,30,117318.614114,False
0.0,30,117371.541049,False
3.0,30,117417.566398,True
0.0,30,117464.849008,False
2.4,30,117515.669038,True
2.8,30,117568.530591,True
2.7,30,117645.218524,True
2.9,30,117689.256771,True
2.8,30,117758.179043,True
0.0,30,117804.863471,False
2.7,30,117852.554334,True
2.6,30,117898.493786,True
0.0,30,117945.285381,False
0.0,30,117992.502251,False
0.9,30,118041.917472,True
2.3,30,118094.275817,True
2.9,30,118149.088705,True
0.0,30,118201.451667,False
0.0,30,118249.570014,False
2.4,30,118296.107691,True
2.5,30,118348.281284,True
0.0,30,118400.903829,False
2.7,30,118445.562088,True
2.5,30,118491.805912,True
2.2,30,118547.286088,True
0.0,30,118595.80316,False
0.0,30,118640.915999,False
2.7,30,118685.337084,True
2.8,30,118731.083494,True
0.0,30,118781.299976,False
0.0,30,119139.172493,False
0.0,30,119185.550896,False
3.0,30,119233.593897,True
0.0,30,119283.394792,False
0.0,30,119330.538904,False
0.0,30,119378.997508,False
0.0,30,119422.94032,False
2.8,30,119468.950048,True
0.0,30,119516.950165,False
0.0,30,119562.715175,False
0.0,30,119603.313889,False
0.0,30,119648.356078,False
2.9,30,119696.462955,True
3.0,30,119744.073145,True
0.0,30,119792.596961,False
2.9,30,119852.002286,True
0.7,30,119902.486537,True
2.7,30,119951.443323,True
0.0,30,119998.278341,False
2.7,30,120048.073981,True
0.0,30,120096.001527,False
2.8,30,120143.983894,True
0.0,30,120190.529644,False
0.0,30,120244.502725,False
0.0,30,120291.278666,False
0.0,30,120340.748206,False
2.6,30,120388.131428,True
2.6,30,120435.70065,True
2.5,30,120478.417332,True
1.8,30,120524.24035,True
0.0,30,120573.005123,False
2.5,30,120615.087731,True
2.8,30,120660.828116,True
0.0,30,120708.207589,False
0.0,30,121046.337533,False
1.5,30,121093.359942,False
2.4,30,121141.37074,True
2.7,30,121188.960316,True
2.4,30,121235.774442,True
0.0,30,121298.395458,False
2.5,30,121345.810131,True
2.8,30,121403.182591,True
2.8,30,121449.745661,True
0.0,30,121503.932516,False
2.9,30,121553.441343,True
2.7,30,121600.049901,True
0.0,30,121647.384922,False
0.0,30,121690.436978,False
0.0,30,121736.143549,False
2.3,30,121784.241032,True
2.8,30,121834.785683,True
0.0,30,121891.787769,False
0.0,30,121941.699759,False
0.0,30,121990.503517,False
2.6,30,122043.445814,True
0.0,30,122085.462075,False
2.5,30,122134.895472,True
2.9,30,122182.053371,True
0.0,30,122233.921889,False
2.4,30,122278.94057,True
0.0,30,122324.139969,False
0.0,30,122374.722043,False
0.0,30,122422.513131,False
0.0,30,122474.029072,False
2.7,30,122533.093051,True
1.6,30,122580.788874,False
3.0,30,122624.25183,True
0.0,30,122673.69423,False
2.6,30,122717.676269,True
2.7,30,123049.838542,True
2.2,30,123098.596238,True
0.0,30,123146.27625,False
2.7,30,123193.926754,True
0.0,30,123239.536452,False
0.0,30,123284.753705,False
2.7,30,123334.044768,True
2.8,30,123383.251543,True
0.0,30,123435.645642,False
0.0,30,123486.462642,False
3.0,30,123536.641922,True
1.9,30,123582.439765,True
2.3,30,123628.469995,True
0.0,30,123676.061294,False
0.0,30,123719.827115,False
0.0,30,123763.512037,False
2.8,30,123813.297306,True
0.0,30,123859.377248,False
2.0,30,123904.506871,True
0.0,30,123949.777481,False
0.0,30,124004.213323,False
0.9,30,124052.590424,False
2.8,30,124099.673904,True
2.1,30,124148.26882,True
3.0,30,124196.679233,True
3.0,30,124244.839326,True
2.7,30,124295.454746,True
0.0,30,124343.656465,False
0.0,30,124388.94501,False
0.0,30,124438.552116,False
0.0,30,124484.111089,False
0.0,30,124536.060769,False
0.0,30,124590.991985,False
0.0,30,124639.214221,False
2.3,30,124974.033208,True
3.0,30,125015.708098,True
0.0,30,125068.300041,False
0.7,30,125121.230365,False
0.0,30,125170.902887,False
0.0,30,125218.079463,False
0.0,30,125277.595622,False
2.3,30,125323.413308,True
0.0,30,125368.557338,False
2.6,30,125415.818783,True
2.7,30,125469.66837,True
2.7,30,125517.800579,True
2.4,30,125573.331626,True
2.8,30,125622.771297,True
1.1,30,125669.932256,True
2.1,30,125725.2432,True
2.8,30,125777.498236,True
0.0,30,125826.516027,False
0.9,30,125876.047619,True
0.0,30,125926.347628,False
0.0,30,125974.381725,False
2.3,30,126018.422258,True
2.7,30,126064.443715,True
0.0,30,126111.393976,False
3.0,30,126158.830465,True
0.1,30,126212.110954,True
2.0,30,126260.436368,True
0.0,30,126307.344706,False
2.5,30,126357.590147,True
2.5,30,126412.79324,True
2.3,30,126474.418299,True
2.8,30,126538.663454,True
0.0,30,126588.100138,False
0.0,30,126631.20621,False
0.0,30,126970.361009,False
2.8,30,127017.606155,True
0.0,30,127069.502038,False
1.3,30,127114.346375,True
2.4,30,127159.473483,True
0.0,30,127205.128045,False
0.0,30,127253.956283,False
2.9,30,127301.457552,True
0.0,30,127347.656155,False
0.0,30,127399.390664,False
0.0,30,127444.547541,False
0.0,30,127491.187052,False
2.9,30,127541.154877,True
2.6,30,127591.801242,True
0.0,30,127635.820163,False
2.5,30,127679.193409,True
0.0,30,127722.685992,False
0.0,30,127764.347559,False
3.0,30,127805.325619,True
2.5,30,127868.418327,True
0.0,30,127920.154974,False
0.0,30,127965.26688,False
0.0,30,128010.065861,False
2.8,30,128060.254018,True
0.0,30,128108.424777,False
0.0,30,128150.523714,False
0.0,30,128192.248016,False
1.5,30,128239.233911,True
0.0,30,128289.866722,False
0.0,30,128337.764324,False
0.0,30,128395.509094,False
2.8,30,128445.367765,True
0.5,30,128491.670413,False
0.0,30,128547.899484,False
0.0,30,128906.309747,False
2.5,30,128951.449951,True
0.0,30,128995.675062,False
0.0,30,129037.191342,False
2.8,30,129079.541984,True
0.0,30,129123.781646,False
0.0,30,129166.991065,False
2.7,30,129217.821449,True
0.0,30,129263.392539,False
2.6,30,129310.528907,True
0.0,30,129354.994829,False
2.8,30,129407.542003,True
0.0,30,129454.373484,False
2.6,30,129502.082566,True
0.2,30,129550.45429,True
3.0,30,129597.952779,True
2.6,30,129643.200123,True
3.0,30,129695.600051,True
0.0,30,129744.72075,False
2.6,30,129795.395948,True
0.0,30,129841.205173,False
2.8,30,129892.012299,True
2.7,30,129942.499188,True
0.0,30,129988.096931,False
0.0,30,130034.87203,False
2.5,30,130086.484085,True
0.0,30,130133.02644,False
2.7,30,130173.050777,True
0.0,30,130221.107079,False
0.0,30,130272.021403,False
2.8,30,130317.382,True
2.6,30,130367.167686,True
2.8,30,130415.193606,True
0.0,30,130465.492159,False
2.6,30,130799.309663,True
0.0,30,130846.817094,False
1.2,30,130902.820421,True
2.8,30,130955.623198,True
2.6,30,130997.287002,True
0.0,30,131044.10918,False
2.8,30,131091.521773,True
0.0,30,131141.070888,False
0.0,30,131190.92014,False
2.8,30,131242.945266,True
2.2,30,131295.388626,True
2.6,30,131340.158556,True
2.6,30,131388.316147,True
2.8,30,131433.718606,True
3.0,30,131479.777351,True
2.8,30,131528.263366,True
2.9,30,131573.881877,True
2.3,30,131619.451034,True
2.6,30,131665.863929,True
0.0,30,131712.4383,False
0.0,30,131756.609843,False
2.8,30,131814.460476,True
3.0,30,131861.645526,True
3.0,30,131905.392478,True
0.0,30,131949.663184,False
2.2,30,131999.350425,True
2.6,30,132049.793054,True
0.0,30,132104.671201,False
2.0,30,132153.80405,True
2.3,30,132198.594812,True
2.7,30,132250.881275,True
0.0,30,132292.670478,False
2.5,30,132339.529093,True
0.0,30,132387.664541,False
0.0,30,132745.043952,False
0.0,30,132788.921575,False
2.4,30,132836.60793,True
0.0,30,132886.883172,False
0.0,30,132934.591354,False
0.0,30,132988.310064,False
0.0,30,133039.157039,False
2.7,30,133085.420161,True
0.0,30,133130.366566,False
0.0,30,133172.784907,False
0.0,30,133224.854185,False
2.7,30,133272.868795,True
0.0,30,133319.969109,False
0.0,30,133360.762287,False
2.5,30,133407.871063,True
0.0,30,133452.500813,False
2.6,30,133495.600959,True
0.0,30,133553.778735,False
0.0,30,133601.208451,False
3.0,30,133651.980628,True
0.0,30,133696.945555,False
2.7,30,133745.185567,True
2.8,30,133795.485923,True
2.7,30,133841.81368,True
0.0,30,133889.169738,False
0.0,30,133941.464881,False
2.5,30,133987.31199,True
1.9,30,134034.74526,True
0.0,30,134090.706403,False
0.0,30,134138.383663,False
2.8,30,134184.094489,True
2.5,30,134231.941247,True
2.5,30,134279.322583,True
0.0,30,134338.701218,False
2.1,30,134673.335543,True
2.5,30,134720.020714,True
2.7,30,134769.353389,True
2.7,30,134815.223463,True
2.6,30,134864.992814,True
2.0,30,134916.860817,True
1.7,30,134967.206429,True
0.0,30,135012.537956,False
1.7,30,135056.554148,True
0.0,30,135103.313231,False
0.0,30,135150.918743,False
2.8,30,135200.128746,True
0.0,30,135249.269898,False
0.0,30,135297.059436,False
2.4,30,135339.440809,True
0.0,30,135389.472621,False
2.3,30,135437.085618,True
0.0,30,135482.396048,False
0.0,30,135531.642606,False
0.0,30,135579.245401,False
0.0,30,135623.753401,False
2.6,30,135674.450522,True
2.6,30,135724.88701,True
0.0,30,135774.277609,False
2.6,30,135826.149429,True
0.0,30,135883.268103,False
0.0,30,135932.395138,False
3.0,30,135979.271211,True
0.0,30,136022.689825,False
0.0,30,136067.255448,False
0.0,30,136114.091369,False
0.0,30,136159.72881,False
0.0,30,136211.09947,False
2.8,30,136260.405346,True
2.7,30,136574.593713,True
2.5,30,136624.336712,True
2.0,30,136672.516031,True
0.0,30,136718.633729,False
2.0,30,136764.069161,True
2.5,30,136812.077255,True
2.8,30,136867.300444,True
1.7,30,136910.036978,True
0.0,30,136958.497357,False
2.4,30,137000.468065,True
2.6,30,137046.476404,True
0.0,30,137100.485146,False
0.0,30,137152.349278,False
0.0,30,137199.598975,False
2.5,30,137241.940124,True
0.0,30,137292.250682,False
2.4,30,137340.866893,True
2.6,30,137387.945346,True
0.0,30,137434.916026,False
2.4,30,137481.172089,True
0.0,30,137533.598918,False
1.0,30,137585.331978,True
1.0,30,137633.933403,True
0.0,30,137686.720005,False
0.0,30,137732.537109,False
0.0,30,137777.91104,False
0.0,30,137824.489599,False
3.0,30,137873.588844,True
0.0,30,137923.504169,False
2.8,30,137979.082342,True
2.7,30,138027.032742,True
0.8,30,138070.735176,False
0.0,30,138122.738271,False
1.4,30,138176.229697,True
2.7,30,138223.687987,True
3.0,30,138573.928373,True
0.0,30,138622.309379,False
2.6,30,138670.837037,True
0.0,30,138715.712835,False
2.4,30,138767.359909,True
0.0,30,138813.107038,False
2.1,30,138861.197616,True
0.0,30,138915.284746,False
0.0,30,138962.022193,False
2.7,30,139000.071169,True
1.1,30,139046.576516,False
0.0,30,139100.588659,False
3.0,30,139150.716823,True
0.0,30,139195.846757,False
0.0,30,139245.157154,False
0.0,30,139289.578652,False
0.0,30,139335.9116,False
0.0,30,139383.911685,False
2.7,30,139428.35906,True
0.0,30,139475.015712,False
0.0,30,139523.485563,False
0.0,30,139573.078533,False
0.0,30,139634.141935,False
2.8,30,139679.860282,True
0.0,30,139725.010677,False
3.0,30,139773.097849,True
0.0,30,139820.596919,False
2.8,30,139866.613759,True
0.0,30,139914.535421,False
2.9,30,139956.888169,True
0.0,30,139999.149859,False
0.0,30,140046.304538,False
0.0,30,140090.808511,False
0.0,30,140139.496978,False
0.0,30,140478.922901,False
0.0,30,140526.491512,False
0.0,30,140577.649033,False
0.7,30,140630.456468,False
2.0,30,140681.994717,True
1.9,30,140732.326876,True
0.0,30,140787.316511,False
2.5,30,140836.901746,True
0.0,30,140886.326883,False
0.0,30,140938.393524,False
2.6,30,140983.439693,False
0.0,30,141031.811046,False
2.8,30,141076.558489,True
0.0,30,141125.812497,False
0.0,30,141177.21637,False
0.0,30,141226.783061,False
0.0,30,141272.898698,False
0.0,30,141323.777621,False
2.6,30,141371.721836,True
0.0,30,141417.638743,False
0.0,30,141462.785985,False
0.0,30,141507.254442,False
0.0,30,141551.069604,False
0.0,30,141594.3916,False
2.4,30,141639.464345,True
2.5,30,141685.304731,True
0.0,30,141733.785582,False
0.0,30,141778.514127,False
2.8,30,141826.579524,True
0.0,30,141872.273091,False
2.5,30,141919.838063,True
0.0,30,141968.212476,False
2.6,30,142011.624194,True
2.4,30,142059.285086,True
0.0,30,142459.175849,False
0.0,30,142502.365378,False
2.5,30,142547.402408,True
0.0,30,142592.2596,False
1.9,30,142640.742311,True
0.0,30,142700.208693,False
2.7,30,142744.818861,True
0.0,30,142792.395778,False
0.0,30,142846.142345,False
0.0,30,142892.66341,False
2.7,30,142942.733088,True
3.0,30,142991.271841,True
3.0,30,143030.881529,True
2.4,30,143076.524409,True
2.6,30,143125.47045,True
3.0,30,143172.539602,True
2.4,30,143221.629236,True
0.0,30,143271.82105,False
2.7,30,143318.83826,True
0.0,30,143367.917245,False
2.5,30,143419.936626,True
0.0,30,143463.969677,False
0.0,30,143523.967837,False
1.4,30,143576.536758,True
2.6,30,143622.595503,True
2.8,30,143677.089609,True
0.0,30,143727.859294,False
2.0,30,143778.051072,True
2.9,30,143828.640612,True
2.6,30,143888.426745,True
3.0,30,143932.96514,True
2.8,30,143981.850392,True
0.0,30,144025.764655,False
0.0,30,144077.328227,False
0.0,30,144418.843254,False
0.0,30,144462.69217,False
0.0,30,144513.759248,False
3.0,30,144556.966599,True
0.0,30,144605.384752,False
2.6,30,144649.321249,True
0.0,30,144695.32251,False
2.4,30,144742.573789,True
0.0,30,144793.328251,False
0.0,30,144846.02424,False
1.6,30,144891.284248,True
0.0,30,144938.775345,False
0.0,30,144997.936462,False
0.0,30,145049.274808,False
0.0,30,145095.000039,False
0.0,30,145145.066359,False
0.0,30,145197.140801,False
0.8,30,145249.609168,True
0.0,30,145301.689049,False
2.4,30,145352.849124,True
2.0,30,145403.362269,True
0.0,30,145454.340402,False
0.0,30,145505.298468,False
2.5,30,145555.885436,True
1.9,30,145602.207385,True
2.8,30,145651.346813,True
0.0,30,145701.73157,False
2.5,30,145750.029844,True
0.0,30,145795.106493,False
0.0,30,145838.556225,False
2.3,30,145885.311793,True
0.0,30,145931.946156,False
0.0,30,145983.499294,False
2.7,30,146028.774707,True
0.0,30,146359.238369,False
2.6,30,146413.638702,True
2.5,30,146462.616093,True
2.7,30,146506.720153,True
2.0,30,146554.991861,True
2.5,30,146596.41522,True
2.6,30,146637.803992,True
0.7,30,146690.262314,True
2.8,30,146739.974723,True
0.0,30,146790.41852,False
2.5,30,146837.084711,True
2.5,30,146881.618713,True
2.7,30,146924.195686,True
0.0,30,146971.240502,False
3.0,30,147020.083009,True
0.0,30,147068.227934,False
2.9,30,147119.666055,True
2.9,30,147167.829968,True
2.6,30,147215.384255,True
0.0,30,147262.077378,False
0.0,30,147309.254272,False
2.7,30,147354.021202,True
2.1,30,147396.670063,True
2.6,30,147437.053486,True
0.0,30,147477.420368,False
2.4,30,147520.274912,True
0.1,30,147564.960053,False
2.9,30,147609.438238,True
0.0,30,147670.545746,False
0.0,30,147725.857681,False
0.0,30,147772.832179,False
2.8,30,147819.239126,True
0.8,30,147864.994325,True
2.6,30,147914.824516,True
2.6,30,148241.980349,True
1.5,30,148284.993246,True
1.9,30,148330.257769,True
1.8,30,148373.581015,True
0.0,30,148421.682382,False
2.8,30,148470.810977,True
2.8,30,148517.692068,True
2.8,30,148565.066159,True
0.0,30,148613.614062,False
0.0,30,148659.786662,False
2.3,30,148709.984615,True
0.0,30,148760.161306,False
0.0,30,148806.472215,False
2.1,30,148851.862793,True
2.9,30,148897.429514,True
0.0,30,148947.653788,False
2.4,30,149000.73338,True
2.4,30,149046.999623,True
3.0,30,149091.966362,True
0.0,30,149140.908752,False
0.0,30,149188.548467,False
0.0,30,149232.60611,False
2.5,30,149279.649337,True
2.8,30,149325.934371,True
2.8,30,149371.513719,True
0.0,30,149419.311549,False
0.0,30,149467.318722,False
0.0,30,149512.547281,False
2.4,30,149566.911,True
2.8,30,149611.549673,True
0.0,30,149662.043847,False
2.7,30,149708.267293,True
2.7,30,149752.274972,True
2.9,30,149798.773404,True
0.7,30,150128.727522,True
2.8,30,150177.846465,True
2.9,30,150219.863526,True
2.6,30,150266.943327,True
2.6,30,150313.243772,True
0.0,30,150368.600568,False
2.5,30,150414.237885,True
1.5,30,150458.012819,False
0.3,30,150505.906352,False
2.4,30,150557.088756,True
3.0,30,150603.63518,True
1.9,30,150647.068608,True
2.7,30,150688.624299,True
0.0,30,150732.402296,False
0.0,30,150780.602256,False
2.8,30,150845.618591,True
2.2,30,150889.223604,True
2.8,30,150938.10393,True
2.9,30,150984.71328,True
0.0,30,151028.888664,False
2.8,30,151074.433751,True
2.5,30,151123.059664,True
2.0,30,151166.422857,True
0.0,30,151208.705007,False
0.0,30,151257.133502,False
0.0,30,151309.307413,False
0.0,30,151358.36069,False
1.1,30,151400.421802,False
1.9,30,151447.188202,True
3.0,30,151495.391932,True
0.0,30,151538.574244,False
0.0,30,151584.94454,False
2.6,30,151632.543422,True
0.0,30,151678.6823,False
0.0,30,151724.914293,False
0.0,30,152041.198828,False
2.9,30,152103.447911,True
0.0,30,152152.3637,False
0.0,30,152201.924295,False
2.8,30,152251.473001,True
0.0,30,152299.097948,False
0.0,30,152344.935464,False
2.4,30,152391.802498,True
3.0,30,152448.13073,True
2.9,30,152495.829002,True
2.5,30,152547.01254,True
2.8,30,152593.882426,True
0.0,30,152641.038977,False
0.0,30,152689.133413,False
0.0,30,152733.884255,False
0.0,30,152780.613452,False
0.0,30,152826.130986,False
2.7,30,152878.500969,True
0.0,30,152923.735993,False
2.9,30,152969.760481,True
0.0,30,153013.97404,False
0.0,30,153053.610086,False
2.4,30,153149.226779,True
2.5,30,153197.697832,True
0.0,30,153241.33544,False
2.6,30,153288.026119,True
0.0,30,153337.096301,False
0.0,30,153383.284447,False
2.7,30,153433.477072,True
2.6,30,153488.555548,True
0.0,30,153537.183226,False
0.0,30,153590.182826,False
0.0,30,153634.398693,False
2.8,30,153678.802323,True
2.3,30,154013.534398,True
2.7,30,154060.315965,False
2.4,30,154106.769869,True
0.0,30,154147.657276,False
0.0,30,154196.620704,False
2.8,30,154252.982405,True
2.7,30,154302.807462,True
0.0,30,154349.996347,False
2.8,30,154396.0149,True
2.7,30,154448.499731,True
0.0,30,154499.708361,False
0.0,30,154543.950574,False
0.0,30,154595.759783,False
0.0,30,154644.890091,False
2.1,30,154693.933409,True
2.4,30,154735.472965,True
0.0,30,154778.541254,False
1.7,30,154825.319639,True
1.0,30,154868.973083,True
2.6,30,154910.437563,True
2.7,30,154978.263552,True
2.4,30,155024.236706,True
0.8,30,155071.167569,True
0.0,30,155118.412986,False
0.0,30,155164.333332,False
3.0,30,155209.96184,True
0.0,30,155268.297372,False
2.7,30,155317.243972,True
1.7,30,155359.937627,True
2.8,30,155401.30739,True
2.8,30,155445.01782,True
0.0,30,155488.832663,False
1.2,30,155534.817759,True
1.1,30,155583.561999,True
2.8,30,155929.255436,True
2.7,30,155971.965311,True
0.0,30,156016.707873,False
0.0,30,156061.164333,False
2.9,30,156107.603232,True
0.0,30,156159.413374,False
2.6,30,156216.714676,True
0.0,30,156277.397603,False
2.7,30,156324.204013,True
0.0,30,156374.110453,False
2.8,30,156429.227983,True
2.5,30,156472.248656,True
0.0,30,156525.282463,False
2.4,30,156574.04701,True
2.9,30,156623.710659,True
2.0,30,156675.118496,True
0.0,30,156716.570323,False
2.7,30,156764.282792,True
0.0,30,156816.846557,False
2.3,30,156859.783712,True
0.0,30,156904.311167,False
2.6,30,156952.558125,True
2.8,30,157001.159297,True
1.5,30,157049.019254,True
2.4,30,157111.917402,True
2.5,30,157158.679003,True
0.0,30,157202.808405,False
2.8,30,157248.484828,True
2.3,30,157295.049489,True
0.0,30,157344.963454,False
0.0,30,157393.062543,False
0.0,30,157441.546082,False
0.0,30,157488.571401,False
2.9,30,157532.982908,True
0.0,30,157898.057621,False
0.0,30,157947.118818,False
0.0,30,157994.089609,False
2.4,30,158055.642186,True
2.7,30,158099.008725,True
2.8,30,158142.749204,True
1.7,30,158192.115023,True
0.0,30,158242.371332,False
0.0,30,158289.564011,False
3.0,30,158336.97517,True
0.0,30,158389.98438,False
0.0,30,158435.265957,False
2.7,30,158478.242285,True
3.0,30,158524.301528,True
0.0,30,158569.017467,False
0.0,30,158609.500111,False
0.0,30,158657.53029,False
0.0,30,158705.087229,False
0.0,30,158759.451536,False
2.1,30,158812.438096,True
0.0,30,158857.359019,False
2.5,30,158903.664983,True
0.0,30,158950.895032,False
0.0,30,158999.64872,False
2.7,30,159045.895761,True
2.7,30,159095.981599,True
2.7,30,159143.661405,True
2.8,30,159184.3184,True
0.0,30,159233.963087,False
0.2,30,159283.176605,False
2.8,30,159326.957041,True
0.0,30,159374.279462,False
0.0,30,159421.597643,False
0.0,30,159467.324178,False
0.0,30,159820.359578,False
0.0,30,159864.045357,False
0.0,30,159912.451,False
0.0,30,159974.80884,False
2.8,30,160035.704816,True
2.8,30,160084.861906,True
2.8,30,160130.22197,True
2.8,30,160176.616112,True
1.5,30,160224.724269,True
0.1,30,160276.939785,False
0.0,30,160320.123512,False
1.3,30,160363.949419,True
0.0,30,160413.591731,False
0.0,30,160462.114126,False
2.6,30,160509.903214,True
0.0,30,160551.435247,False
2.6,30,160599.341253,True
0.0,30,160645.390671,False
2.1,30,160694.830159,True
0.0,30,160750.327407,False
2.0,30,160798.42082,True
0.0,30,160847.906642,False
2.4,30,160895.234017,True
2.6,30,160943.441868,True
0.0,30,160987.708749,False
2.2,30,161034.359814,True
0.0,30,161094.079066,False
0.0,30,161137.676353,False
2.8,30,161186.157169,True
0.0,30,161232.816127,False
2.9,30,161290.431398,True
0.0,30,161332.395904,False
0.0,30,161373.358149,False
0.0,30,161446.119251,False
1.6,30,161749.389339,True
2.8,30,161798.177452,True
2.6,30,161846.058389,True
0.0,30,161891.428359,False
0.0,30,161939.700917,False
2.8,30,161988.589497,True
0.0,30,162033.652552,False
0.0,30,162081.879242,False
2.0,30,162129.723146,True
0.0,30,162177.968952,False
2.2,30,162235.070587,True
0.0,30,162285.825679,False
0.0,30,162328.945284,False
0.0,30,162380.228305,False
2.4,30,162427.171134,True
0.0,30,162473.549518,False
2.6,30,162519.230216,True
0.0,30,162567.185525,False
0.0,30,162616.504544,False
2.7,30,162661.905455,True
0.0,30,162713.546068,False
0.0,30,162761.913954,False
0.0,30,162809.580261,False
2.5,30,162854.469095,True
2.6,30,162904.940194,True
2.8,30,162954.090212,True
0.0,30,162998.25561,False
0.0,30,163054.550854,False
2.5,30,163099.112835,True
2.7,30,163145.569592,True
0.0,30,163194.097909,False
0.0,30,163238.410198,False
2.9,30,163283.534268,True
2.2,30,163331.318625,True
0.0,30,163648.680872,False
0.0,30,163693.156098,False
0.0,30,163735.027484,False
2.9,30,163783.443313,True
0.0,30,163829.83477,False
2.7,30,163877.931315,True
2.4,30,163926.460232,True
0.0,30,163976.712106,False
0.0,30,164018.827981,False
0.0,30,164062.54195,False
0.0,30,164113.545185,False
2.8,30,164162.168808,True
2.5,30,164213.626241,True
2.5,30,164261.220488,True
2.4,30,164305.637831,True
0.0,30,164350.062369,False
0.0,30,164400.442586,False
0.0,30,164448.459793,False
2.6,30,164493.6044,True
2.4,30,164543.455078,True
2.8,30,164594.675373,True
0.0,30,164641.427117,False
0.0,30,164693.632084,False
2.7,30,164742.226402,True
0.2,30,164789.525213,True
0.0,30,164840.389938,False
3.0,30,164890.705145,True
2.9,30,164947.073855,True
0.0,30,164992.827611,False
2.7,30,165045.292698,True
2.6,30,165088.583642,True
2.8,30,165132.769424,True
0.0,30,165179.115204,False
0.0,30,165230.573243,False
0.0,30,165536.625751,False
0.0,30,165581.722069,False
0.0,30,165626.366244,False
2.8,30,165669.958339,True
0.0,30,165717.630454,False
3.0,30,165772.341576,True
3.0,30,165818.33845,True
1.6,30,165873.408523,True
0.0,30,165918.986996,False
0.0,30,165964.292535,False
0.0,30,166012.563693,False
0.5,30,166068.043511,False
2.2,30,166113.964532,True
0.0,30,166160.289303,False
0.0,30,166213.810425,False
0.0,30,166267.271446,False
2.8,30,166315.947887,True
2.9,30,166363.045871,True
2.6,30,166414.844891,True
2.3,30,166466.576757,True
2.6,30,166514.924306,True
0.0,30,166559.557425,False
0.0,30,166606.867344,False
0.8,30,166655.144741,False
0.0,30,166702.24183,False
2.5,30,166747.149191,True
0.0,30,166791.193038,False
2.4,30,166833.242606,True
0.9,30,166878.402892,True
0.0,30,166923.432749,False
0.0,30,166974.550477,False
0.0,30,167019.137934,False
0.0,30,167064.216435,False
2.8,30,167112.274285,True
0.0,30,167156.141747,False
1.9,30,167466.114305,True
0.2,30,167509.601613,False
0.0,30,167553.904512,False
0.0,30,167602.562637,False
2.9,30,167648.412678,True
0.0,30,167695.988689,False
0.0,30,167742.678818,False
2.4,30,167787.851299,True
0.0,30,167829.310282,False
2.7,30,167880.783372,True
2.1,30,167922.799642,True
2.6,30,167961.853481,True
0.8,30,168006.572634,True
0.0,30,168056.355734,False
2.8,30,168103.099476,True
0.0,30,168151.427289,False
0.0,30,168200.993113,False
0.0,30,168247.019832,False
3.0,30,168291.939469,True
0.0,30,168341.470991,False
0.0,30,168385.045898,False
0.0,30,168432.256632,False
0.0,30,168484.969476,False
0.0,30,168529.078599,False
2.8,30,168572.346862,True
1.7,30,168622.722926,True
0.0,30,168665.912208,False
0.0,30,168708.395392,False
0.0,30,168754.856906,False
0.0,30,168803.934396,False
2.9,30,168848.696432,True
2.2,30,168904.314979,True
0.0,30,168947.416161,False
2.1,30,168991.153551,True
2.9,30,169292.581668,True
2.8,30,169340.776877,True
0.0,30,169387.0653,False
0.0,30,169434.434014,False
2.9,30,169478.137967,True
1.4,30,169526.778148,True
2.2,30,169572.269476,True
2.9,30,169621.590447,True
2.2,30,169665.166266,True
0.0,30,169715.426809,False
0.0,30,169762.284686,False
0.0,30,169811.272428,False
0.0,30,169855.361491,False
0.0,30,169901.74077,False
0.0,30,169953.839355,False
0.0,30,170000.653766,False
0.0,30,170044.393148,False
0.0,30,170092.485125,False
0.0,30,170138.879933,False
0.0,30,170183.653551,False
0.0,30,170230.586143,False
2.9,30,170285.707055,True
0.0,30,170333.735172,False
2.4,30,170375.188934,True
2.8,30,170418.305306,True
2.4,30,170468.250501,True
0.0,30,170512.834782,False
2.3,30,170553.269015,True
0.0,30,170601.04897,False
2.8,30,170643.186497,True
0.0,30,170710.597966,False
2.2,30,170761.198239,True
2.2,30,170806.577343,True
0.0,30,170870.424532,False
3.0,30,171157.940216,True
2.3,30,171204.078765,True
2.4,30,171248.26148,True
0.0,30,171292.532264,False
0.0,30,171340.810364,False
0.0,30,171389.315958,False
1.8,30,171434.124071,True
2.7,30,171474.75267,True
0.0,30,171520.571314,False
2.9,30,171562.422401,True
0.0,30,171605.302486,False
2.8,30,171654.779254,True
0.0,30,171701.811369,False
0.0,30,171749.257967,False
0.0,30,171800.287208,False
0.0,30,171846.449998,False
2.6,30,171893.261157,True
0.0,30,171939.961764,False
0.0,30,171993.528844,False
2.3,30,172034.862568,True
2.1,30,172089.519709,True
0.0,30,172138.071452,False
2.4,30,172185.162548,True
0.0,30,172232.63369,False
2.6,30,172287.667447,True
2.8,30,172329.271927,True
0.0,30,172375.429517,False
2.5,30,172422.326536,True
2.5,30,172468.522344,True
0.0,30,172518.742117,False
0.0,30,172574.847465,False
2.7,30,172623.290265,True
0.0,30,172670.781159,False
2.2,30,172714.69219,True
2.6,30,172989.302186,True
0.0,30,173034.668169,False
0.0,30,173083.022429,False
0.0,30,173124.990528,False
1.5,30,173168.299771,True
0.0,30,173219.189926,False
0.0,30,173264.041146,False
0.0,30,173312.7096,False
2.7,30,173357.21295,True
0.0,30,173408.267801,False
1.9,30,173451.382959,True
2.5,30,173503.451692,True
3.0,30,173551.485405,True
2.6,30,173598.462907,False
0.0,30,173644.645137,False
1.7,30,173684.047022,True
2.9,30,173729.084384,True
0.0,30,173771.781249,False
2.5,30,173817.178394,True
0.0,30,173864.542051,False
0.0,30,173899.978092,False
0.0,30,173944.683146,False
2.6,30,173989.177253,True
2.6,30,174042.90471,True
2.6,30,174083.812472,True
0.0,30,174130.297451,False
0.0,30,174175.654633,False
2.3,30,174226.155007,True
2.8,30,174280.590239,True
0.0,30,174323.737034,False
0.0,30,174378.239746,False
0.0,30,174432.920118,False
2.8,30,174483.966946,True
0.0,30,174532.855094,False
0.0,30,174817.863925,False
0.0,30,174862.605415,False
2.2,30,174906.749688,True
0.0,30,174950.824825,False
2.5,30,174995.811308,True
0.0,30,175038.860796,False
2.4,30,175084.98833,True
0.0,30,175131.542176,False
0.0,30,175187.493708,False
0.0,30,175230.266085,False
0.0,30,175275.898127,False
2.5,30,175317.573478,True
0.0,30,175362.988527,False
2.8,30,175407.049866,True
0.0,30,175451.572256,False
0.0,30,175497.504402,False
2.7,30,175539.632047,True
0.0,30,175586.683133,False
0.0,30,175632.229455,False
2.6,30,175677.804818,True
2.8,30,175722.96913,True
2.6,30,175770.491613,True
0.0,30,175814.247169,False
2.7,30,175861.203115,True
0.0,30,175903.108647,False
0.0,30,175947.009992,False
0.0,30,175992.975711,False
2.7,30,176038.486835,True
0.0,30,176086.957399,False
2.6,30,176134.959457,True
0.0,30,176178.291707,False
0.0,30,176215.284678,False
2.8,30,176261.060922,True
2.6,30,176307.566858,True
0.8,30,176580.095679,True
2.1,30,176627.974121,True
2.6,30,176673.710322,True
2.8,30,176721.579467,True
2.7,30,176764.369628,True
1.7,30,176806.687848,True
0.0,30,176855.83592,False
0.0,30,176906.129167,False
0.2,30,176951.228223,True
2.6,30,177007.554372,True
2.7,30,177056.104745,True
0.0,30,177100.39775,False
0.0,30,177143.154244,False
0.0,30,177188.539839,False
2.7,30,177234.643845,True
2.8,30,177283.146124,True
2.2,30,177332.74121,True
0.0,30,177384.820493,False
2.3,30,177431.710137,True
0.0,30,177476.313261,False
0.0,30,177524.950888,False
2.4,30,177574.034791,True
0.0,30,177614.876295,False
0.0,30,177658.405915,False
0.0,30,177699.420359,False
2.7,30,177745.648792,True
2.5,30,177784.825475,True
0.0,30,177827.54596,False
0.0,30,177871.60026,False
0.0,30,177918.992829,False
0.0,30,177964.969853,False
2.6,30,178006.25457,True
0.0,30,178048.752163,False
0.0,30,178090.12492,False
1.4,30,178388.627958,True
1.9,30,178440.392638,True
2.8,30,178489.261227,True
2.7,30,178533.787624,True
2.4,30,178584.047549,True
0.0,30,178624.627484,False
0.0,30,178669.678741,False
0.0,30,178720.535962,False
2.0,30,178781.815197,False
3.0,30,178827.017264,True
2.6,30,178877.936735,True
0.3,30,178922.213435,True
0.0,30,178966.069595,False
0.0,30,179015.176127,False
2.7,30,179058.09123,True
3.0,30,179107.905892,True
0.0,30,179160.045577,False
2.0,30,179202.01527,True
0.0,30,179251.720004,False
2.4,30,179296.002916,True
0.0,30,179336.763431,False
2.8,30,179381.909462,True
2.8,30,179432.176022,True
2.4,30,179480.470633,True
2.7,30,179524.71284,True
0.0,30,179575.197132,False
0.0,30,179624.112577,False
0.0,30,179670.707042,False
0.1,30,179714.087945,False
2.2,30,179761.058113,True
0.0,30,179807.581172,False
0.0,30,179855.228455,False
0.0,30,179904.294916,False
2.7,30,179951.94009,True
2.8,30,179999.130342,True
0.0,30,180357.100481,False
0.0,30,180405.247779,False
0.0,30,180456.856763,False
0.0,30,180500.628178,False
2.6,30,180544.631659,True
0.0,30,180593.024509,False
0.0,30,180639.533903,False
2.6,30,180685.239557,True
0.0,30,180741.803885,False
2.9,30,180786.964708,True
3.0,30,180834.836448,True
2.3,30,180883.039386,True
2.8,30,180928.774949,True
2.6,30,180976.981144,True
2.7,30,181023.923127,True
2.3,30,181072.744315,True
1.5,30,181119.419465,True
2.8,30,181166.236726,True
0.0,30,181207.123969,False
2.9,30,181255.900635,True
0.0,30,181309.322931,False
2.8,30,181354.420014,True
0.0,30,181402.579803,False
2.5,30,181448.495428,True
0.0,30,181496.425887,False
2.9,30,181540.496115,True
2.9,30,181589.795149,True
0.0,30,181631.854303,False
2.8,30,181680.306834,True
0.0,30,181725.840754,False
0.0,30,181769.709568,False
0.0,30,181815.667898,False
2.6,30,181860.93129,True
2.4,30,181905.469771,True
0.0,30,182272.214178,False
2.0,30,182322.261399,False
0.0,30,182370.877142,False
0.0,30,182422.446562,False
0.0,30,182465.284788,False
2.4,30,182505.765114,True
2.9,30,182562.379095,True
0.0,30,182608.883628,False
0.0,30,182658.226137,False
2.9,30,182704.451645,True
1.8,30,182749.780594,True
2.6,30,182794.484638,True
2.9,30,182843.106144,True
0.0,30,182893.553906,False
2.8,30,182939.153492,True
0.0,30,182981.668777,False
1.9,30,183030.799792,True
0.0,30,183076.516788,False
2.2,30,183122.063056,True
0.0,30,183169.209714,False
1.0,30,183213.121837,False
2.5,30,183258.637401,True
0.0,30,183307.108688,False
2.0,30,183353.053246,True
0.0,30,183408.272691,False
2.5,30,183482.307551,True
2.5,30,183528.435387,True
0.0,30,183575.450644,False
1.9,30,183631.331941,True
0.0,30,183684.681456,False
0.0,30,183725.932654,False
2.8,30,183775.081965,True
0.0,30,183820.776514,False
0.0,30,183870.821764,False
0.9,30,184212.636001,True
0.0,30,184253.40451,False
2.0,30,184299.841624,True
2.7,30,184343.570923,True
2.6,30,184387.715971,True
2.6,30,184433.084033,True
0.0,30,184481.088074,False
0.0,30,184524.659523,False
2.2,30,184571.06221,True
1.9,30,184620.943255,True
2.4,30,184669.166555,True
0.0,30,184712.956331,False
0.0,30,184759.032606,False
2.8,30,184799.737679,True
2.6,30,184849.707934,True
0.0,30,184906.811945,False
0.0,30,184957.403441,False
2.6,30,185005.797392,True
2.8,30,185052.079908,True
2.4,30,185097.146287,True
2.3,30,185143.209125,True
1.7,30,185189.0795,True
0.2,30,185249.224775,True
0.0,30,185308.996819,False
0.0,30,185359.968704,False
2.6,30,185402.864584,True
0.4,30,185448.299158,True
0.0,30,185490.184589,False
0.0,30,185531.534845,False
2.7,30,185576.084169,True
1.7,30,185623.401543,True
2.7,30,185668.866199,True
2.6,30,185711.672401,True
0.0,30,185758.210037,False
2.8,30,186135.79415,True
0.0,30,186182.054134,False
0.0,30,186242.994448,False
2.7,30,186289.232474,True
2.7,30,186338.341239,True
2.8,30,186384.226333,True
0.0,30,186433.753927,False
0.0,30,186476.052003,False
1.2,30,186528.301262,True
2.2,30,186582.254217,True
2.5,30,186627.199225,True
3.0,30,186683.267816,True
2.8,30,186735.250703,True
0.0,30,186787.558493,False
0.0,30,186833.810615,False
1.2,30,186877.137082,True
3.0,30,186931.389768,True
0.0,30,186975.980927,False
0.0,30,187022.142564,False
0.0,30,187065.947025,False
2.7,30,187117.084307,True
2.0,30,187160.984071,True
2.7,30,187207.478442,True
0.0,30,187269.345794,False
1.8,30,187316.788152,True
1.4,30,187361.633479,True
2.6,30,187406.042821,True
2.8,30,187456.688152,True
2.7,30,187497.36208,True
0.0,30,187542.146193,False
2.7,30,187585.272217,True
0.0,30,187631.565506,False
0.0,30,187683.961874,False
3.0,30,187729.348927,True
2.6,30,188099.698065,True
2.6,30,188150.682839,True
0.0,30,188197.584345,False
2.7,30,188245.92055,True
2.3,30,188291.607467,True
0.0,30,188333.270138,False
0.0,30,188380.81365,False
0.0,30,188430.859629,False
2.7,30,188479.322258,True
2.5,30,188525.693825,True
0.0,30,188567.857214,False
0.0,30,188617.69322,False
0.0,30,188660.913314,False
2.4,30,188712.1062,True
0.0,30,188759.439428,False
0.0,30,188810.265802,False
0.0,30,188866.516535,False
1.4,30,188911.553923,True
2.5,30,188959.283156,True
2.7,30,189008.250287,True
2.5,30,189063.759792,True
1.1,30,189110.71084,False
0.0,30,189154.659712,False
0.0,30,189206.172139,False
0.0,30,189260.660644,False
0.0,30,189306.462859,False
0.0,30,189350.459981,False
0.0,30,189401.047518,False
2.9,30,189447.88497,True
2.4,30,189492.697537,True
0.0,30,189536.634495,False
0.0,30,189588.832443,False
0.0,30,189635.120125,False
0.0,30,189685.69867,False
2.8,30,190016.04565,True
0.0,30,190060.926666,False
2.8,30,190108.068666,True
0.0,30,190155.172601,False
2.8,30,190202.255209,True
0.0,30,190246.697547,False
0.0,30,190291.072391,False
2.0,30,190337.061447,True
0.0,30,190384.191207,False
0.0,30,190441.154057,False
0.0,30,190488.550639,False
2.8,30,190533.680049,True
0.0,30,190580.620223,False
0.0,30,190627.560031,False
0.0,30,190674.116269,False
0.0,30,190726.30981,False
0.0,30,190777.433577,False
0.0,30,190826.692797,False
0.0,30,190870.893422,False
2.6,30,190918.316123,True
2.8,30,190970.708674,True
0.0,30,191010.834515,False
0.0,30,191059.590927,False
0.0,30,191106.30028,False
0.0,30,191150.428854,False
1.7,30,191198.312768,True
2.6,30,191245.210798,True
0.0,30,191290.1569,False
2.4,30,191351.727481,True
0.0,30,191406.862441,False
0.0,30,191458.35779,False
0.0,30,191506.038442,False
0.0,30,191554.220691,False
0.0,30,191600.387813,False
0.0,30,191944.624224,False
2.7,30,191996.482359,True
0.0,30,192043.395929,False
2.4,30,192090.644777,True
0.0,30,192136.495156,False
2.6,30,192178.408326,True
0.0,30,192224.77948,False
0.0,30,192267.578418,False
2.2,30,192312.011569,True
0.0,30,192355.801018,False
0.0,30,192400.878048,False
0.0,30,192443.841287,False
0.0,30,192488.456522,False
0.0,30,192530.390797,False
0.0,30,192578.269002,False
2.4,30,192625.582907,True
2.7,30,192671.376037,True
2.8,30,192715.529494,True
0.0,30,192767.858641,False
0.0,30,192814.574468,False
2.5,30,192858.407993,True
0.0,30,192899.740541,False
0.0,30,192948.183602,False
2.7,30,192998.510964,True
0.2,30,193047.059248,False
0.0,30,193092.78725,False
2.6,30,193139.248835,True
0.0,30,193184.653285,False
2.7,30,193229.863914,True
0.0,30,193274.79968,False
2.8,30,193319.063794,True
1.9,30,193364.088898,True
0.0,30,193408.423153,False
0.0,30,193472.049869,False
0.0,30,193836.246663,False
2.8,30,193879.548398,True
2.5,30,193927.84026,True
1.7,30,193973.110688,True
0.0,30,194026.4315,False
2.1,30,194078.578514,True
2.6,30,194124.488155,True
2.5,30,194174.626021,True
0.0,30,194222.448086,False
2.8,30,194271.456777,True
2.6,30,194317.239622,True
1.9,30,194362.036665,True
0.0,30,194410.305682,False
0.0,30,194460.703747,False
2.7,30,194509.719574,True
2.5,30,194556.276608,True
2.8,30,194602.401132,True
2.8,30,194651.771813,True
2.8,30,194700.655052,True
0.0,30,194745.788589,False
2.6,30,194792.530153,True
1.4,30,194843.008747,True
2.8,30,194887.05591,True
2.7,30,194932.75468,True
2.8,30,194982.5695,True
2.5,30,195025.726111,True
2.5,30,195067.994895,True
2.7,30,195121.238924,True
0.0,30,195171.681127,False
3.0,30,195219.15485,True
2.7,30,195270.070747,True
0.0,30,195322.075264,False
2.7,30,195377.335745,True
0.0,30,195422.680285,False
0.0,30,195466.107574,False
2.4,30,195814.035561,True
0.0,30,195860.54341,False
2.6,30,195909.90552,True
2.5,30,195962.144372,True
0.0,30,196018.429518,False
0.0,30,196063.659094,False
2.4,30,196109.560278,True
0.0,30,196151.145602,False
0.0,30,196200.244628,False
0.0,30,196245.718133,False
2.5,30,196308.566967,True
0.0,30,196357.252325,False
0.0,30,196414.936431,False
2.7,30,196463.775778,True
0.0,30,196510.908725,False
0.0,30,196563.380377,False
1.0,30,196608.103437,True
0.0,30,196658.356303,False
2.6,30,196707.02021,True
0.0,30,196756.797936,False
0.0,30,196806.441357,False
0.0,30,196857.502389,False
0.0,30,196902.80295,False
0.0,30,196944.531025,False
0.0,30,196990.360299,False
0.0,30,197038.521571,False
3.0,30,197085.876773,True
0.0,30,197134.584853,False
0.0,30,197186.001553,False
2.8,30,197232.11773,True
2.0,30,197284.821202,True
0.0,30,197336.93615,False
0.0,30,197391.712412,False
0.0,30,197441.189615,False
2.3,30,197755.83143,True
0.0,30,197800.546991,False
0.0,30,197845.359751,False
0.0,30,197888.304297,False
0.0,30,197935.097703,False
2.6,30,197981.116943,True
0.0,30,198023.720227,False
0.0,30,198070.154854,False
0.0,30,198112.929895,False
2.3,30,198159.039555,True
0.6,30,198209.970973,True
0.0,30,198258.77522,False
1.9,30,198312.545822,True
0.0,30,198369.394646,False
2.5,30,198419.229511,True
2.7,30,198469.111899,True
0.0,30,198518.098798,False
1.9,30,198563.773588,True
0.0,30,198610.741327,False
3.0,30,198659.817744,True
2.8,30,198717.661054,True
2.7,30,198763.583748,True
0.0,30,198819.66387,False
2.7,30,198864.266572,True
0.0,30,198913.015434,False
0.0,30,198953.652714,False
0.0,30,199001.552302,False
2.7,30,199050.562205,True
0.0,30,199099.009818,False
2.7,30,199151.097838,True
0.0,30,199203.039052,False
0.0,30,199255.286501,False
0.0,30,199306.375444,False
0.5,30,199347.056812,True
2.1,30,199683.027925,True
0.0,30,199725.820582,False
0.0,30,199780.680341,False
2.8,30,199826.764793,True
0.0,30,199875.20194,False
0.0,30,199923.744748,False
2.7,30,199967.000637,True
0.0,30,200061.67783,False
0.0,30,200108.044391,False
0.0,30,200153.549523,False
0.0,30,200199.10366,False
2.7,30,200242.178079,True
1.6,30,200287.682945,True
3.0,30,200332.924575,True
0.0,30,200381.005012,False
2.7,30,200429.428893,True
0.0,30,200476.6787,False
2.8,30,200525.558856,True
2.6,30,200572.400165,True
1.8,30,200621.937696,True
1.9,30,200668.941468,True
0.0,30,200713.799163,False
2.0,30,200767.502997,True
0.0,30,200812.244832,False
2.9,30,200855.666247,True
2.7,30,200911.134027,True
0.0,30,200966.72535,False
0.0,30,201022.281859,False
2.6,30,201072.85684,True
2.5,30,201117.081286,True
2.0,30,201163.429526,True
0.0,30,201206.853757,False
0.0,30,201252.772323,False
2.4,30,201298.02181,True
0.0,30,201647.879264,False
0.0,30,201697.630337,False
0.0,30,201751.498183,False
0.0,30,201805.949494,False
0.0,30,201856.134159,False
2.8,30,201901.522818,True
0.0,30,201941.140389,False
2.6,30,201986.350563,True
0.0,30,202031.745761,False
0.0,30,202072.391076,False
2.6,30,202123.399499,True
2.6,30,202173.540109,True
2.4,30,202220.004735,True
0.0,30,202270.785309,False
0.0,30,202317.275288,False
0.0,30,202361.204679,False
0.0,30,202403.930326,False
0.7,30,202446.944789,False
0.0,30,202500.169235,False
0.0,30,202547.337451,False
2.7,30,202590.507443,True
0.0,30,202637.50167,False
0.0,30,202682.498543,False
0.0,30,202731.029722,False
0.0,30,202784.526788,False
0.0,30,202829.175543,False
3.0,30,202870.736721,True
2.2,30,202917.790825,True
2.5,30,202959.781275,True
0.0,30,203005.813648,False
0.0,30,203052.349526,False
0.0,30,203099.563067,False
1.5,30,203145.996223,True
1.7,30,203196.51556,True
2.5,30,203543.445786,True
0.0,30,203591.353384,False
2.4,30,203647.911489,True
0.1,30,203697.541665,False
0.0,30,203764.747618,False
2.0,30,203810.119648,True
0.0,30,203863.837839,False
0.0,30,203910.311796,False
2.3,30,203959.441056,True
2.8,30,204005.606166,True
2.9,30,204051.920442,True
2.7,30,204101.808478,True
2.8,30,204144.426559,True
2.6,30,204196.040475,True
0.0,30,204239.807752,False
2.3,30,204287.729538,True
2.2,30,204336.280931,True
2.5,30,204380.894133,True
0.0,30,204426.445228,False
2.8,30,204471.747581,True
0.0,30,204519.456459,False
2.8,30,204573.781275,True
2.6,30,204619.991209,True
0.0,30,204671.972309,False
0.0,30,204718.133978,False
2.3,30,204759.32265,True
0.0,30,204804.823552,False
2.9,30,204857.511896,True
2.3,30,204903.865805,True
1.5,30,204943.37247,True
0.0,30,204985.252086,False
0.0,30,205032.291719,False
0.0,30,205079.357928,False
0.0,30,205127.149766,False
0.0,30,205461.07884,False
2.8,30,205504.370235,True
0.0,30,205554.169087,False
0.0,30,205600.032164,False
2.5,30,205647.637124,True
2.5,30,205697.969549,True
2.8,30,205745.867008,True
2.7,30,205795.580696,True
0.0,30,205842.924604,False
2.7,30,205885.361889,True
2.5,30,205931.040038,True
2.7,30,205982.154715,True
0.0,30,206031.316496,False
0.0,30,206076.188438,False
2.4,30,206123.212513,True
0.0,30,206175.447368,False
3.0,30,206220.186944,True
2.7,30,206267.674823,True
0.0,30,206314.980097,False
0.0,30,206363.811327,False
2.1,30,206412.732981,True
2.7,30,206461.769988,True
0.0,30,206504.784695,False
2.9,30,206552.324769,True
2.5,30,206609.143583,True
0.0,30,206655.900616,False
2.7,30,206700.06103,True
3.0,30,206751.916686,True
0.0,30,206796.661831,False
3.0,30,206851.12891,True
2.6,30,206897.184671,True
2.6,30,206949.04863,True
0.0,30,206995.475416,False
0.0,30,207044.655575,False
2.8,30,207377.034823,True
0.0,30,207424.128362,False
1.7,30,207469.257303,True
0.0,30,207523.056065,False
2.7,30,207567.179508,True
3.0,30,207618.506673,True
1.6,30,207665.802029,False
0.0,30,207707.882511,False
2.3,30,207753.898594,True
2.7,30,207799.342137,True
0.0,30,207846.962293,False
0.0,30,207889.483944,False
2.6,30,207944.391443,True
0.0,30,207993.95107,False
0.0,30,208036.006537,False
2.6,30,208081.621057,True
1.9,30,208126.483956,True
2.8,30,208169.032977,True
0.0,30,208209.974254,False
2.4,30,208261.286359,True
2.7,30,208308.559344,True
0.0,30,208359.049987,False
0.0,30,208404.628015,False
2.8,30,208458.243798,True
0.0,30,208502.868767,False
2.2,30,208544.073545,True
0.0,30,208588.30346,False
0.0,30,208633.169967,False
0.0,30,208683.692358,False
3.0,30,208730.771224,True
0.0,30,208774.38488,False
2.2,30,208819.854014,True
2.9,30,208863.016279,True
2.3,30,208928.263107,True
0.0,30,208976.177602,False
2.8,30,209337.185254,True
0.0,30,209383.97958,False
2.7,30,209423.726058,True
2.8,30,209470.573802,True
0.0,30,209519.237158,False
0.0,30,209561.799851,False
0.0,30,209608.900552,False
0.0,30,209655.71622,False
3.0,30,209704.29367,True
0.0,30,209751.157023,False
2.0,30,209794.651218,True
2.7,30,209841.9321,True
0.0,30,209891.696061,False
0.0,30,209939.981008,False
0.0,30,209987.315166,False
2.4,30,210039.277684,True
0.0,30,210082.219472,False
0.0,30,210128.89475,False
0.0,30,210169.033223,False
0.0,30,210224.855461,False
2.3,30,210270.891993,True
2.6,30,210319.171823,True
1.5,30,210360.952401,False
2.3,30,210409.730057,True
0.0,30,210464.917394,False
0.9,30,210518.455131,True
2.9,30,210566.09017,True
2.3,30,210616.821133,True
0.0,30,210665.72261,False
2.2,30,210712.511119,True
2.7,30,210757.082347,True
3.0,30,210803.317426,True
2.4,30,210852.102573,True
2.6,30,210897.858186,True
1.5,30,211216.21547,True
2.4,30,211259.842746,True
0.0,30,211311.835768,False
2.3,30,211356.350306,True
2.7,30,211401.139056,True
0.0,30,211447.155168,False
2.8,30,211490.229106,True
0.0,30,211533.542473,False
0.0,30,211580.32633,False
0.0,30,211629.730712,False
0.0,30,211676.210416,False
0.0,30,211720.465426,False
0.0,30,211765.730329,False
2.5,30,211813.494243,True
1.8,30,211872.776078,True
2.5,30,211918.820593,True
0.0,30,211963.796924,False
0.0,30,212010.333879,False
2.7,30,212053.278558,True
0.0,30,212115.242066,False
2.5,30,212159.116848,True
0.0,30,212206.89591,False
0.0,30,212255.429282,False
2.4,30,212300.398311,True
0.0,30,212342.83867,False
0.0,30,212391.72995,False
0.2,30,212434.906805,True
2.6,30,212483.209139,True
2.6,30,212531.721047,True
0.0,30,212585.571961,False
0.0,30,212633.571504,False
0.0,30,212676.830305,False
2.5,30,212724.963427,True
0.0,30,212767.910638,False
0.0,30,213097.751575,False
0.0,30,213146.055245,False
0.0,30,213199.864566,False
2.4,30,213249.382447,True
0.0,30,213301.268137,False
0.0,30,213345.494939,False
2.8,30,213393.150546,True
0.0,30,213442.026713,False
0.0,30,213487.069614,False
2.5,30,213530.022831,True
0.0,30,213571.246798,False
0.0,30,213651.537044,False
0.0,30,213698.555717,False
2.7,30,213742.566911,True
1.6,30,213817.636833,True
2.7,30,213861.042575,True
0.0,30,213900.126887,False
0.0,30,213958.160174,False
2.8,30,214005.843629,True
2.5,30,214054.030266,True
2.6,30,214101.250339,True
2.8,30,214147.237542,True
0.0,30,214188.396462,False
2.7,30,214228.669115,True
0.0,30,214273.076986,False
2.3,30,214327.176426,True
0.0,30,214374.814185,False
2.3,30,214415.914833,True
2.3,30,214459.765755,True
0.0,30,214512.83694,False
2.7,30,214553.338061,True
0.0,30,214601.746354,False
2.7,30,214647.421284,True
1.3,30,214689.448771,True
0.0,30,215021.99172,False
2.9,30,215067.83128,True
1.9,30,215112.748929,True
2.8,30,215157.813233,True
1.7,30,215201.61181,True
2.7,30,215242.329578,True
2.7,30,215286.712315,True
2.3,30,215373.122446,True
2.8,30,215431.920731,True
0.0,30,215478.358522,False
3.0,30,215524.255549,True
2.3,30,215573.388745,True
2.8,30,215618.77949,True
0.0,30,215665.062923,False
0.0,30,215719.227311,False
0.0,30,215770.65065,False
0.0,30,215818.836694,False
2.7,30,215863.384899,True
2.6,30,215911.267386,True
1.9,30,215957.789467,True
2.7,30,216007.233748,True
3.0,30,216050.861335,True
2.4,30,216101.860169,True
1.9,30,216151.764283,True
0.0,30,216199.427777,False
2.4,30,216244.068905,True
2.6,30,216286.195224,True
0.0,30,216335.650228,False
0.0,30,216381.308252,False
0.0,30,216421.424399,False
0.0,30,216465.358673,False
2.7,30,216517.366512,True
1.8,30,216561.885933,True
2.9,30,216612.884927,True
0.0,30,216932.760312,False
0.0,30,216975.094359,False
2.1,30,217022.181914,True
0.0,30,217068.417626,False
1.4,30,217117.670101,True
0.0,30,217164.74249,False
3.0,30,217216.283842,True
0.0,30,217265.871069,False
0.0,30,217320.425603,False
0.0,30,217368.097214,False
0.0,30,217422.096507,False
0.0,30,217467.761979,False
2.8,30,217512.413662,True
0.0,30,217560.288635,False
2.2,30,217604.234061,True
0.0,30,217647.992219,False
2.7,30,217694.284184,True
2.7,30,217738.64231,True
0.0,30,217783.617044,False
0.0,30,217836.239602,False
0.0,30,217879.813492,False
2.2,30,217921.779895,True
0.0,30,217966.671605,False
2.3,30,218018.482874,True
0.0,30,218061.004375,False
2.6,30,218109.863542,True
2.4,30,218158.304432,True
2.4,30,218208.043309,True
2.8,30,218253.89949,True
3.0,30,218297.887987,True
0.0,30,218346.222083,False
0.0,30,218389.405637,False
0.0,30,218433.927733,False
0.0,30,218477.97543,False
0.0,30,218776.690832,False
0.0,30,218825.29698,False
2.7,30,218892.673221,True
0.0,30,218929.515088,False
0.0,30,218973.825417,False
0.0,30,219020.610773,False
0.0,30,219063.852806,False
2.3,30,219117.848197,True
2.7,30,219161.360538,True
2.8,30,219210.753165,True
0.0,30,219255.027428,False
0.7,30,219302.087449,True
3.0,30,219348.748797,True
1.8,30,219398.767266,True
0.0,30,219445.42814,False
2.6,30,219495.344912,True
2.4,30,219541.933746,True
0.0,30,219588.930971,False
2.5,30,219645.279202,True
0.0,30,219693.868215,False
0.0,30,219739.849319,False
2.7,30,219784.219636,True
0.0,30,219826.964817,False
2.8,30,219874.849269,True
0.0,30,219918.107243,False
2.7,30,219969.878506,True
0.0,30,220017.436439,False
2.8,30,220064.894693,True
2.0,30,220111.644628,True
2.8,30,220153.248856,True
0.0,30,220205.532496,False
0.0,30,220250.485703,False
3.0,30,220299.099687,True
3.0,30,220354.098752,True
0.0,30,220667.511266,False
0.0,30,220722.155176,False
2.7,30,220773.837804,True
2.2,30,220827.626795,True
0.0,30,220870.659099,False
0.0,30,220914.781062,False
0.9,30,220959.60264,True
2.5,30,221002.561857,True
2.3,30,221044.264158,True
2.8,30,221086.231484,True
0.0,30,221128.224642,False
2.6,30,221166.557605,True
0.0,30,221211.437474,False
2.9,30,221256.376702,True
2.8,30,221303.433269,True
0.0,30,221351.209919,False
2.7,30,221394.672808,True
3.0,30,221441.232679,True
0.8,30,221481.967623,True
2.1,30,221525.991805,True
3.0,30,221573.360216,True
0.0,30,221619.88095,False
0.0,30,221667.704214,False
0.0,30,221709.914822,False
2.7,30,221755.936248,True
0.0,30,221808.810477,False
3.0,30,221852.296784,True
0.0,30,221896.065228,False
2.2,30,221946.053544,True
2.3,30,221994.78044,True
0.0,30,222042.085729,False
2.9,30,222085.025547,True
1.5,30,222126.666249,True
2.2,30,222171.562634,True
2.9,30,222488.704217,True
2.5,30,222535.488347,True
0.0,30,222583.8106,False
0.0,30,222626.492788,False
0.0,30,222669.529713,False
2.0,30,222713.020554,True
0.0,30,222755.258263,False
3.0,30,222798.744762,True
3.0,30,222841.69224,True
1.7,30,222887.113909,True
2.3,30,222927.990919,True
0.0,30,222976.198975,False
1.1,30,223026.401058,True
0.0,30,223069.831643,False
0.0,30,223118.396353,False
0.0,30,223165.410386,False
0.0,30,223216.555413,False
0.0,30,223265.689106,False
2.6,30,223310.210559,True
0.0,30,223361.482517,False
2.5,30,223412.321782,True
0.0,30,223462.122782,False
0.0,30,223501.908721,False
2.8,30,223543.037803,True
0.0,30,223589.771727,False
2.6,30,223637.415452,True
0.0,30,223682.400656,False
0.0,30,223726.590313,False
2.7,30,223772.271206,True
2.8,30,223820.518975,True
0.0,30,223869.774493,False
0.0,30,223919.117069,False
3.0,30,223965.692389,True
0.0,30,224015.200923,False
2.1,30,224062.167679,True
0.0,30,224398.393573,False
0.0,30,224438.074975,False
2.6,30,224483.067688,True
2.9,30,224525.503208,True
2.4,30,224572.887484,True
3.0,30,224624.637603,True
0.0,30,224672.243532,False
0.0,30,224721.184306,False
0.6,30,224763.468947,True
2.8,30,224806.782396,True
2.9,30,224851.527246,True
0.0,30,224897.724329,False
0.0,30,224947.315645,False
0.0,30,224994.471206,False
0.0,30,225041.152189,False
2.8,30,225088.870465,True
0.0,30,225137.054414,False
2.7,30,225180.220472,True
0.0,30,225228.351469,False
0.0,30,225272.910508,False
1.8,30,225315.868177,True
2.9,30,225359.865486,True
0.0,30,225406.726798,False
0.0,30,225451.442687,False
0.0,30,225498.723947,False
0.0,30,225546.669735,False
0.0,30,225594.378888,False
0.0,30,225645.190012,False
2.8,30,225693.842558,True
0.0,30,225746.050641,False
0.0,30,225796.091531,False
2.7,30,225839.997035,True
0.0,30,225884.084591,False
3.0,30,225929.703971,True
2.7,30,226215.94056,True
0.0,30,226261.956306,False
2.3,30,226303.828677,True
2.6,30,226343.082678,True
0.0,30,226389.29339,False
0.7,30,226433.877433,True
2.8,30,226485.339031,True
0.0,30,226530.664974,False
0.6,30,226577.603284,True
0.0,30,226625.224585,False
0.0,30,226672.63549,False
0.0,30,226716.244077,False
0.0,30,226759.721643,False
0.0,30,226809.864317,False
0.0,30,226855.900047,False
0.0,30,226900.611866,False
0.0,30,226944.050798,False
0.0,30,226988.767108,False
0.0,30,227047.063253,False
0.0,30,227094.059698,False
2.9,30,227144.096467,True
0.0,30,227198.038251,False
0.0,30,227249.285957,False
2.6,30,227300.089581,True
0.0,30,227342.583058,False
0.0,30,227385.75119,False
2.7,30,227435.096412,True
2.9,30,227481.101512,True
0.0,30,227525.295116,False
0.0,30,227568.110662,False
0.0,30,227609.429571,False
0.0,30,227656.164934,False
2.8,30,227701.327481,True
2.8,30,227745.55413,True
2.4,30,228041.591746,True
0.0,30,228085.476459,False
3.0,30,228135.18469,True
1.7,30,228186.191038,False
0.0,30,228230.377423,False
2.6,30,228275.178187,True
2.9,30,228322.979505,True
0.0,30,228372.721313,False
2.1,30,228413.632889,True
0.0,30,228458.960553,False
2.2,30,228507.305273,True
0.0,30,228555.63658,False
2.3,30,228603.206575,True
0.0,30,228650.616488,False
0.0,30,228696.302207,False
3.0,30,228743.346106,True
0.0,30,228800.381506,False
0.0,30,228842.966909,False
1.9,30,228888.521639,True
0.0,30,228939.902904,False
0.0,30,228990.234422,False
2.7,30,229036.304283,True
2.7,30,229080.904945,True
0.0,30,229126.752001,False
2.4,30,229171.636516,True
2.8,30,229220.446094,True
2.7,30,229258.096017,True
0.0,30,229334.243929,False
0.0,30,229385.314016,False
1.8,30,229428.219268,True
0.0,30,229469.448037,False
2.6,30,229517.128592,True
2.0,30,229566.028273,True
0.0,30,229616.548131,False
0.0,30,229920.202931,False
2.5,30,229970.883943,False
0.0,30,230014.435167,False
2.3,30,230065.376148,True
2.6,30,230112.250409,True
2.6,30,230155.954356,True
0.0,30,230200.322168,False
0.8,30,230242.57996,True
0.0,30,230293.02557,False
0.0,30,230336.795277,False
1.8,30,230389.710552,True
0.0,30,230433.67606,False
0.0,30,230475.845573,False
0.0,30,230520.4222,False
0.0,30,230568.895464,False
2.8,30,230616.617328,True
2.5,30,230663.026102,True
2.8,30,230705.385157,True
2.8,30,230749.902479,True
0.0,30,230789.059157,False
2.4,30,230839.095281,True
0.0,30,230885.471483,False
0.0,30,230934.119991,False
2.5,30,230984.478885,True
2.6,30,231044.844071,True
2.8,30,231097.197009,True
0.0,30,231152.364885,False
2.7,30,231200.935254,True
0.0,30,231239.594962,False
0.0,30,231280.108813,False
0.0,30,231334.664883,False
0.0,30,231386.756976,False
2.7,30,231433.838744,True
2.6,30,231477.933857,True
2.8,30,231754.384951,True
0.0,30,231798.552289,False
0.0,30,231843.376142,False
0.3,30,231883.005101,False
0.0,30,231925.378192,False
0.0,30,231973.704036,False
0.0,30,232017.552283,False
2.4,30,232061.714935,True
2.2,30,232107.28367,True
3.0,30,232150.406051,True
0.9,30,232202.872283,True
0.0,30,232247.055753,False
0.0,30,232292.177922,False
0.0,30,232336.610528,False
2.8,30,232388.313805,True
0.0,30,232434.485833,False
0.0,30,232484.094351,False
2.5,30,232531.307859,True
0.0,30,232579.937315,False
0.0,30,232631.678748,False
0.0,30,232670.302017,False
0.0,30,232719.340173,False
0.0,30,232763.761303,False
2.8,30,232809.615448,True
2.5,30,232851.584583,True
2.8,30,232900.787622,True
0.0,30,232944.327626,False
2.4,30,232992.074742,True
0.0,30,233040.600437,False
0.0,30,233092.541789,False
0.0,30,233135.544569,False
0.0,30,233185.401987,False
1.4,30,233238.201632,True
0.0,30,233287.951968,False
0.0,30,233594.222608,False
2.3,30,233638.475827,True
0.0,30,233681.893045,False
0.0,30,233724.665337,False
0.0,30,233766.780649,False
0.0,30,233815.302759,False
0.0,30,233865.570822,False
0.0,30,233908.820041,False
0.0,30,233953.336271,False
2.3,30,233995.326689,True
3.0,30,234045.158707,True
2.7,30,234103.867115,True
0.0,30,234157.717463,False
3.0,30,234198.868268,True
2.7,30,234242.635183,True
2.5,30,234283.097865,True
0.0,30,234330.912097,False
2.5,30,234382.049181,True
0.0,30,234431.435883,False
2.9,30,234480.231413,True
2.9,30,234522.335213,True
2.5,30,234564.92477,True
0.0,30,234613.255144,False
0.0,30,234654.463032,False
0.0,30,234704.213356,False
1.9,30,234751.781995,True
3.0,30,234793.901705,True
2.6,30,234842.702006,True
0.0,30,234886.949697,False
0.6,30,234932.120314,True
2.6,30,234984.55482,True
2.2,30,235033.765913,True
2.4,30,235080.337379,True
0.0,30,235135.938618,False
0.0,30,235421.50459,False
3.0,30,235470.75553,True
0.0,30,235517.127304,False
2.4,30,235565.054551,True
0.0,30,235608.921899,False
0.0,30,235649.725981,False
0.0,30,235698.287913,False
2.8,30,235742.919542,True
1.3,30,235790.267328,True
2.8,30,235835.09548,True
1.7,30,235878.970355,True
3.0,30,235923.729706,True
2.8,30,235963.77694,True
0.0,30,236005.517251,False
0.0,30,236049.02148,False
2.6,30,236092.270442,True
3.0,30,236139.363174,True
0.0,30,236184.992712,False
0.0,30,236227.979832,False
0.0,30,236269.134376,False
2.5,30,236318.300844,True
0.0,30,236361.993996,False
0.0,30,236406.487438,False
1.5,30,236448.633632,True
2.3,30,236493.909171,True
3.0,30,236538.831533,True
0.0,30,236594.04441,False
2.5,30,236637.491689,True
0.0,30,236679.570165,False
0.1,30,236723.169554,True
2.5,30,236771.593135,True
0.0,30,236818.91446,False
2.4,30,236862.28806,True
2.6,30,236907.384542,True
0.0,30,236951.442966,False
0.0,30,237267.003057,False
0.0,30,237312.156536,False
0.0,30,237367.188323,False
2.8,30,237414.716127,True
2.6,30,237464.886702,True
0.0,30,237512.545586,False
1.8,30,237558.43306,True
2.3,30,237606.962305,True
3.0,30,237650.419858,True
2.6,30,237695.476339,True
0.0,30,237740.909351,False
2.7,30,237793.158471,True
0.0,30,237837.757354,False
0.0,30,237885.506741,False
0.0,30,237933.420772,False
0.0,30,237978.492897,False
0.0,30,238023.482794,False
2.4,30,238067.20804,True
2.4,30,238111.709554,True
0.0,30,238155.121267,False
0.0,30,238203.078743,False
0.0,30,238247.777841,False
3.0,30,238300.091153,True
0.0,30,238345.418051,False
2.1,30,238386.322855,True
0.0,30,238429.073235,False
2.7,30,238475.029139,True
2.7,30,238525.426328,True
0.0,30,238569.775003,False
2.0,30,238621.263557,True
1.9,30,238665.681837,True
2.0,30,238714.341198,False
0.0,30,238755.464395,False
0.0,30,238800.453732,False
2.6,30,239131.090366,True
0.0,30,239170.139864,False
2.5,30,239217.040208,True
0.0,30,239264.520437,False
2.5,30,239312.866963,True
2.8,30,239361.394418,True
0.0,30,239406.418706,False
2.5,30,239453.703126,True
0.0,30,239496.684702,False
0.0,30,239544.276417,False
0.0,30,239599.559655,False
0.0,30,239643.481724,False
2.6,30,239691.684705,True
3.0,30,239740.302842,True
0.0,30,239787.339273,False
0.0,30,239839.867767,False
0.0,30,239892.068656,False
2.8,30,240000.261547,True
0.0,30,240052.593594,False
0.0,30,240108.682513,False
2.6,30,240151.209208,True
1.9,30,240196.544639,True
2.5,30,240238.582562,True
2.6,30,240286.426343,True
2.0,30,240327.256981,True
0.0,30,240373.180645,False
3.0,30,240430.183549,True
2.7,30,240481.038359,True
0.0,30,240526.487965,False
0.0,30,240574.804339,False
0.0,30,240625.490103,False
0.0,30,240669.98972,False
0.0,30,240712.862835,False
2.6,30,240762.118032,True
2.8,30,241073.675467,True
2.6,30,241117.882797,True
0.0,30,241164.678331,False
0.0,30,241213.030457,False
0.0,30,241264.25079,False
0.0,30,241316.987877,False
0.0,30,241359.31448,False
1.7,30,241403.405871,True
2.4,30,241444.459744,True
2.3,30,241489.400857,True
2.9,30,241540.753894,True
0.0,30,241582.835202,False
1.4,30,241624.272238,True
2.8,30,241666.326955,True
0.0,30,241716.742928,False
2.5,30,241767.797019,True
0.0,30,241809.23695,False
2.7,30,241854.187726,True
0.0,30,241897.907851,False
2.5,30,241946.737187,True
0.0,30,241996.437267,False
2.8,30,242039.471694,True
2.4,30,242085.454486,True
0.0,30,242134.040731,False
1.9,30,242175.757674,True
2.4,30,242223.325572,True
2.3,30,242266.123301,True
2.3,30,242323.746062,True
2.8,30,242367.986274,True
2.5,30,242442.028746,True
2.6,30,242486.758506,True
2.6,30,242533.454664,True
2.6,30,242584.232868,True
2.8,30,242627.195845,True
2.6,30,242939.753678,True
2.8,30,242985.044842,True
0.0,30,243032.558888,False
2.7,30,243079.004912,True
2.5,30,243126.624009,True
0.0,30,243165.3134,False
0.0,30,243213.002603,False
0.0,30,243255.903006,False
2.6,30,243299.558612,True
0.0,30,243347.985797,False
0.3,30,243396.809994,True
2.3,30,243441.512912,True
3.0,30,243486.849732,True
3.0,30,243527.868391,True
0.0,30,243577.82143,False
2.8,30,243644.975683,True
0.0,30,243690.788756,False
0.0,30,243738.29956,False
0.0,30,243796.513245,False
0.0,30,243840.554266,False
0.0,30,243885.123583,False
2.5,30,243927.828571,True
2.9,30,243972.371675,True
2.7,30,244026.123351,True
0.0,30,244073.569067,False
0.0,30,244116.266668,False
2.4,30,244162.076057,True
2.8,30,244208.687826,True
0.0,30,244253.399693,False
0.0,30,244300.32249,False
0.0,30,244345.73204,False
2.6,30,244387.684025,True
2.6,30,244439.635314,True
1.7,30,244484.694327,True
0.0,30,244797.079314,False
1.8,30,244841.570428,True
2.5,30,244890.59567,True
2.5,30,244943.945197,True
2.4,30,244990.764639,True
0.0,30,245036.114302,False
0.0,30,245084.400225,False
3.0,30,245129.020792,True
1.9,30,245174.800915,True
0.0,30,245217.846868,False
0.0,30,245265.347097,False
0.0,30,245308.760857,False
0.0,30,245355.500772,False
2.7,30,245396.833201,True
2.1,30,245451.79629,True
0.0,30,245502.555584,False
2.6,30,245549.141126,True
0.0,30,245592.771982,False
2.5,30,245639.215889,True
0.0,30,245686.612495,False
0.0,30,245737.475015,False
0.0,30,245787.704056,False
0.0,30,245837.65752,False
2.8,30,245885.326983,True
0.0,30,245930.133352,False
2.5,30,245988.635152,True
2.6,30,246035.658159,True
2.6,30,246079.185066,True
2.7,30,246127.913671,True
2.6,30,246176.63919,True
0.0,30,246220.151526,False
0.0,30,246262.525609,False
0.0,30,246307.926019,False
0.0,30,246358.957155,False
2.6,30,246700.787632,True
0.0,30,246749.470776,False
2.5,30,246794.023106,True
2.6,30,246837.008955,True
0.0,30,246886.801412,False
0.0,30,246936.054184,False
0.0,30,246980.012771,False
2.6,30,247029.909737,True
2.6,30,247080.091191,True
0.0,30,247124.723771,False
2.9,30,247173.575241,True
2.4,30,247219.856215,True
1.5,30,247263.598874,True
2.8,30,247305.510813,True
0.0,30,247345.46956,False
2.4,30,247391.3419,True
3.0,30,247433.950377,True
2.4,30,247480.236832,True
0.0,30,247529.058814,False
0.0,30,247579.799603,False
0.0,30,247624.580135,False
1.7,30,247671.937189,True
2.6,30,247722.173599,True
0.0,30,247768.468569,False
2.5,30,247812.119711,True
0.0,30,247858.495077,False
2.5,30,247925.685729,True
0.0,30,247967.385041,False
0.0,30,248011.792285,False
2.8,30,248057.621595,True
2.3,30,248108.888739,True
2.5,30,248161.687184,True
0.0,30,248214.518256,False
2.6,30,248266.651295,True
1.9,30,248604.056406,True
0.0,30,248648.104957,False
2.7,30,248693.869761,True
2.6,30,248740.166939,True
3.0,30,248788.689034,True
2.4,30,248832.744452,True
2.9,30,248879.426175,True
0.0,30,248926.818914,False
0.0,30,248981.057027,False
2.2,30,249032.650902,True
2.7,30,249084.660328,True
2.7,30,249127.204897,True
2.6,30,249170.133315,True
2.8,30,249221.675921,True
3.0,30,249266.383083,True
0.0,30,249314.537836,False
0.0,30,249354.642482,False
0.0,30,249408.622366,False
1.0,30,249462.324834,True
0.0,30,249507.339563,False
2.1,30,249552.406819,True
2.2,30,249625.970374,True
2.5,30,249671.856346,True
0.0,30,249716.374229,False
3.0,30,249762.37092,True
2.3,30,249807.30648,True
2.8,30,249862.265244,True
0.0,30,249909.220441,False
0.0,30,249953.874813,False
2.5,30,250001.641084,True
2.7,30,250045.379875,True
0.0,30,250090.00898,False
2.6,30,250137.952183,True
0.0,30,250184.791401,False
2.9,30,250508.097746,True
0.0,30,250550.048326,False
3.0,30,250597.353617,True
0.0,30,250648.057322,False
2.6,30,250696.525153,True
0.0,30,250742.140127,False
1.3,30,250785.179151,True
0.0,30,250835.814573,False
0.0,30,250880.135298,False
2.4,30,250923.221335,True
0.0,30,250965.722392,False
0.0,30,251010.272216,False
0.0,30,251052.46512,False
2.3,30,251096.282039,True
2.8,30,251146.497572,True
1.9,30,251196.077943,True
2.2,30,251247.413678,True
0.5,30,251300.021603,True
0.0,30,251348.566458,False
2.7,30,251399.175366,True
2.6,30,251445.449911,True
2.9,30,251489.44061,True
0.0,30,251531.945089,False
0.0,30,251577.666766,False
0.0,30,251620.959974,False
0.0,30,251669.27993,False
3.0,30,251717.878826,True
1.9,30,251765.591419,True
0.0,30,251811.203427,False
2.6,30,251852.512273,True
2.4,30,251893.696766,True
3.0,30,251936.668084,True
0.0,30,251979.081606,False
0.0,30,252028.941484,False
2.5,30,252081.730849,True
0.0,30,252404.923672,False
3.0,30,252449.219242,True
2.7,30,252495.403026,True
2.9,30,252543.787618,True
0.0,30,252590.773989,False
0.0,30,252644.261932,False
0.0,30,252690.15752,False
0.0,30,252750.478844,False
0.0,30,252793.79961,False
0.0,30,252838.205257,False
2.6,30,252886.860269,True
0.0,30,252934.254707,False
1.1,30,252983.314203,True
0.0,30,253026.855053,False
2.8,30,253070.071477,True
0.0,30,253112.918627,False
0.8,30,253159.117252,True
0.0,30,253217.60629,False
0.0,30,253263.279489,False
2.7,30,253308.93361,True
2.8,30,253353.793446,True
2.8,30,253398.977952,True
2.5,30,253454.164447,True
0.0,30,253501.686007,False
2.5,30,253547.404323,True
2.8,30,253586.598507,True
0.0,30,253633.053969,False
2.3,30,253680.809118,True
2.6,30,253722.967182,True
0.0,30,253771.162262,False
2.5,30,253818.179771,True
2.2,30,253864.943457,True
2.7,30,253919.535493,True
2.7,30,253966.359929,True
0.9,30,254294.08335,False
0.0,30,254341.356713,False
2.8,30,254386.649404,True
2.6,30,254428.944862,True
2.5,30,254474.637316,True
2.8,30,254525.453508,True
1.9,30,254573.126524,True
2.3,30,254623.224912,True
2.7,30,254668.297895,False
0.0,30,254719.462933,False
2.0,30,254763.490952,True
2.9,30,254813.13008,True
0.0,30,254854.987533,False
3.0,30,254895.603941,True
0.0,30,254942.488062,False
2.3,30,254994.648717,True
0.0,30,255040.179254,False
2.5,30,255086.416341,True
0.0,30,255131.414068,False
0.0,30,255187.48954,False
0.0,30,255232.634936,False
0.0,30,255279.794104,False
0.0,30,255325.530364,False
0.0,30,255368.990324,False
0.0,30,255410.333104,False
0.0,30,255462.277922,False
0.0,30,255509.845873,False
1.1,30,255556.244318,True
1.3,30,255601.469335,True
2.4,30,255651.509509,True
0.0,30,255705.068979,False
2.0,30,255748.32516,True
0.0,30,255795.027328,False
0.4,30,255839.562013,True
2.9,30,256179.327302,True
0.0,30,256226.899769,False
0.0,30,256278.064893,False
1.3,30,256325.939215,True
0.0,30,256372.263181,False
0.0,30,256423.877361,False
2.3,30,256471.324936,True
0.0,30,256524.974134,False
0.0,30,256576.019224,False
0.0,30,256626.799735,False
2.5,30,256676.807034,True
0.0,30,256724.841559,False
0.0,30,256771.792722,False
0.0,30,256814.238392,False
2.4,30,256857.225913,True
0.0,30,256902.744676,False
2.6,30,256946.689946,True
0.0,30,256995.861678,False
0.0,30,257044.566151,False
0.0,30,257094.471986,False
0.0,30,257161.288494,False
0.0,30,257210.478893,False
2.5,30,257258.212421,True
0.0,30,257308.178181,False
0.0,30,257355.888778,False
0.0,30,257403.833428,False
0.0,30,257451.158282,False
0.0,30,257504.297079,False
0.0,30,257551.659714,False
0.0,30,257594.035412,False
2.7,30,257633.795696,True
0.0,30,257678.467533,False
0.7,30,257722.360087,True
2.5,30,257778.189318,True
0.0,30,258111.572134,False
2.9,30,258158.357492,True
2.1,30,258214.668878,True
0.0,30,258263.07015,False
0.0,30,258309.498761,False
2.2,30,258357.890685,True
2.7,30,258405.549497,True
0.0,30,258455.260826,False
0.0,30,258503.150731,False
0.0,30,258546.544933,False
0.0,30,258593.578705,False
0.0,30,258640.455616,False
0.0,30,258681.470549,False
2.9,30,258728.35811,True
2.9,30,258787.269683,True
2.4,30,258832.115939,True
0.0,30,258882.248218,False
0.0,30,258924.988486,False
0.0,30,258976.275134,False
2.7,30,259020.08555,True
0.0,30,259071.137913,False
2.6,30,259112.655159,True
2.7,30,259158.327504,True
2.7,30,259203.669337,True
0.0,30,259253.104082,False
2.4,30,259302.115378,True
0.0,30,259351.854683,False
2.5,30,259401.917672,True
2.6,30,259454.151601,True
2.6,30,259499.690381,True
2.8,30,259543.122026,True
1.9,30,259594.648511,True
2.3,30,259640.868156,True
0.0,30,259687.896382,False
2.2,30,260047.541008,True
0.0,30,260097.80496,False
2.4,30,260146.560293,True
0.0,30,260198.811169,False
0.0,30,260244.169639,False
2.7,30,260299.465994,True
0.0,30,260348.073719,False
0.0,30,260405.932524,False
2.0,30,260457.064766,True
2.6,30,260504.629335,True
0.0,30,260564.111189,False
1.8,30,260605.212046,True
2.6,30,260651.341287,True
2.0,30,260696.854933,True
2.7,30,260742.114756,True
2.3,30,260790.350882,True
1.9,30,260839.167958,True
2.9,30,260884.352169,True
2.0,30,260934.424851,True
0.0,30,260983.574798,False
2.9,30,261033.73841,True
0.0,30,261079.974406,False
0.0,30,261132.813718,False
0.0,30,261181.82646,False
2.7,30,261229.423605,True
1.4,30,261280.62174,True
0.0,30,261321.691402,False
2.4,30,261364.259253,True
1.4,30,261407.219918,True
2.1,30,261462.84375,True
2.5,30,261511.277981,True
2.8,30,261559.511926,True
2.0,30,261605.200797,True
1.5,30,261651.156241,True
0.0,30,261983.337032,False
2.8,30,262027.448015,True
2.4,30,262077.774318,True
0.0,30,262123.503216,False
0.0,30,262172.037997,False
0.0,30,262217.298259,False
0.0,30,262263.793588,False
2.7,30,262307.861788,True
2.8,30,262354.243617,True
0.0,30,262404.518954,False
2.8,30,262452.727324,True
0.0,30,262494.221458,False
0.0,30,262548.219704,False
2.8,30,262592.545938,True
2.4,30,262639.470145,True
0.0,30,262685.956843,False
0.0,30,262732.156083,False
2.6,30,262778.020908,True
0.0,30,262828.024816,False
0.0,30,262869.353159,False
2.6,30,262912.551646,True
2.8,30,262958.452303,True
0.0,30,263010.90972,False
2.8,30,263054.136803,True
1.7,30,263093.427137,True
0.0,30,263137.676529,False
0.0,30,263192.134227,False
0.0,30,263234.795172,False
2.6,30,263276.79375,True
2.9,30,263326.394277,True
0.0,30,263374.180109,False
2.1,30,263418.413715,True
0.0,30,263471.885013,False
0.0,30,263514.824105,False
0.0,30,263866.263657,False
0.0,30,263918.543339,False
0.0,30,263971.658055,False
1.6,30,264017.143361,True
0.0,30,264063.043776,False
0.0,30,264118.87211,False
0.0,30,264168.780694,False
0.0,30,264215.747202,False
2.3,30,264266.659174,True
0.0,30,264311.935826,False
2.1,30,264356.958099,True
2.1,30,264402.308112,True
0.0,30,264442.634154,False
2.8,30,264490.008054,True
0.0,30,264542.21706,False
2.6,30,264599.311743,True
0.0,30,264645.190152,False
0.0,30,264692.476188,False
2.8,30,264738.250266,False
2.4,30,264786.236956,True
0.0,30,264832.443902,False
2.4,30,264882.35276,True
0.0,30,264935.314035,False
2.9,30,264982.037613,True
2.1,30,265028.689813,True
0.0,30,265074.961639,False
0.8,30,265117.177606,True
0.0,30,265161.794348,False
0.0,30,265216.634417,False
0.0,30,265271.08001,False
0.0,30,265314.671767,False
0.9,30,265360.993535,True
2.9,30,265408.649627,True
0.0,30,265457.670449,False
0.0,30,265503.670762,False
0.0,30,265843.63213,False
2.7,30,265893.641718,True
2.6,30,265938.40239,True
0.0,30,265982.991965,False
0.0,30,266029.00708,False
3.0,30,266080.175115,True
2.4,30,266126.387451,True
0.0,30,266171.164505,False
0.0,30,266213.780042,False
2.4,30,266260.873697,True
1.3,30,266303.24279,True
0.0,30,266356.553207,False
2.4,30,266397.700499,True
1.8,30,266446.048691,True
2.2,30,266491.407087,True
2.8,30,266538.243254,True
2.9,30,266579.131223,True
2.5,30,266626.361685,True
2.6,30,266677.343236,True
1.8,30,266725.949719,True
2.5,30,266770.766273,True
3.0,30,266819.323356,True
2.7,30,266864.87686,True
2.7,30,266913.792216,True
2.8,30,266957.289472,True
0.0,30,267001.914989,False
2.4,30,267042.046141,True
0.0,30,267086.659368,False
0.0,30,267131.588337,False
3.0,30,267176.388251,True
2.8,30,267223.041328,True
0.0,30,267272.068089,False
3.0,30,267319.632433,True
2.5,30,267367.560344,True
1.9,30,267729.494168,True
0.0,30,267781.484888,False
2.0,30,267824.153979,True
0.0,30,267872.12141,False
2.7,30,267917.045766,True
0.0,30,267967.299495,False
0.0,30,268015.695925,False
2.7,30,268059.074579,True
0.0,30,268106.133888,False
2.8,30,268155.215297,True
2.8,30,268199.898109,True
2.1,30,268244.444306,True
1.9,30,268289.473664,True
2.5,30,268333.359699,True
0.0,30,268386.306602,False
0.0,30,268434.254077,False
0.0,30,268475.989017,False
2.6,30,268522.25313,True
0.0,30,268570.190113,False
0.0,30,268620.505547,False
0.0,30,268663.185537,False
2.4,30,268705.575996,True
2.1,30,268752.158555,True
2.7,30,268797.934811,True
0.0,30,268846.939493,False
0.0,30,268891.129411,False
2.6,30,268935.690518,True
0.0,30,268976.504863,False
2.0,30,269029.113851,True
0.0,30,269074.035856,False
1.6,30,269125.383172,True
2.3,30,269172.929028,True
0.0,30,269219.649838,False
1.8,30,269267.759924,True
3.0,30,269608.832292,True
2.8,30,269659.432398,True
2.2,30,269705.056921,True
2.4,30,269750.822142,True
2.4,30,269800.271036,True
2.7,30,269846.884814,True
0.0,30,269901.786135,False
2.8,30,269947.226874,True
0.0,30,269990.533674,False
2.7,30,270034.307654,True
0.0,30,270084.651024,False
0.0,30,270130.623173,False
0.0,30,270175.758451,False
2.6,30,270231.051667,True
2.7,30,270275.485791,True
2.6,30,270321.344912,True
0.0,30,270365.265365,False
2.9,30,270415.275373,True
2.8,30,270461.74315,True
2.7,30,270510.994685,True
2.8,30,270566.445698,True
3.0,30,270610.304176,True
0.0,30,270665.211605,False
0.0,30,270713.015032,False
0.0,30,270763.939496,False
2.0,30,270822.015435,True
2.4,30,270870.49034,True
1.9,30,270917.065205,True
1.4,30,270966.261884,True
2.8,30,271012.943349,True
2.2,30,271060.221465,True
0.0,30,271109.350071,False
0.0,30,271160.696985,False
0.0,30,271216.201281,False
3.0,30,271546.406592,True
0.0,30,271599.011401,False
0.0,30,271652.984674,False
0.0,30,271693.50038,False
0.0,30,271740.552909,False
2.3,30,271792.10991,True
2.0,30,271836.19883,True
0.0,30,271878.844735,False
0.0,30,271925.422832,False
0.0,30,271974.779642,False
2.5,30,272021.418363,True
2.9,30,272065.452376,True
2.8,30,272110.63841,True
2.6,30,272161.213034,True
2.3,30,272216.49056,True
2.3,30,272260.9043,True
0.7,30,272303.999729,True
0.0,30,272350.755437,False
2.1,30,272394.937035,True
2.8,30,272443.602363,True
0.0,30,272488.086921,False
2.7,30,272532.41168,True
0.0,30,272581.872549,False
0.0,30,272624.677353,False
0.0,30,272670.97326,False
0.0,30,272716.767651,False
0.0,30,272770.385629,False
0.0,30,272815.331276,False
2.6,30,272866.881004,True
2.6,30,272908.462379,True
0.0,30,272951.927453,False
2.7,30,272995.154981,True
0.0,30,273041.014162,False
0.0,30,273087.985746,False
2.5,30,273382.263004,True
0.0,30,273436.338337,False
0.0,30,273487.856255,False
0.0,30,273537.709175,False
0.0,30,273583.635744,False
3.0,30,273629.660686,True
0.0,30,273672.746912,False
0.0,30,273723.906143,False
2.5,30,273771.599061,True
2.8,30,273817.364811,True
2.6,30,273860.758701,True
2.6,30,273905.101683,True
2.6,30,273948.719824,True
0.0,30,274001.030448,False
2.7,30,274047.619063,True
0.0,30,274091.906837,False
0.0,30,274138.509042,False
0.0,30,274199.550642,False
2.3,30,274243.756681,True
2.7,30,274288.869124,True
2.6,30,274332.788477,True
0.0,30,274380.637241,False
2.6,30,274428.148779,True
2.5,30,274474.623883,True
0.0,30,274523.325718,False
2.5,30,274568.143486,True
0.0,30,274609.860276,False
0.0,30,274651.910527,False
0.0,30,274702.537277,False
0.0,30,274746.389194,False
2.9,30,274795.168826,True
0.0,30,274839.068491,False
0.0,30,274883.72885,False
0.0,30,274926.151548,False
0.0,30,275238.330033,False
0.0,30,275285.419185,False
0.0,30,275327.155856,False
0.0,30,275371.652886,False
2.7,30,275419.193238,True
2.8,30,275470.177777,True
0.0,30,275512.503679,False
0.0,30,275557.60545,False
2.7,30,275598.030841,True
0.0,30,275643.437895,False
0.0,30,275688.137956,False
0.0,30,275737.594308,False
0.0,30,275786.94115,False
2.3,30,275830.837899,True
3.0,30,275870.541976,True
0.0,30,275909.960086,False
0.0,30,275954.781047,False
0.0,30,275998.558091,False
0.0,30,276048.942958,False
2.7,30,276095.575007,True
0.0,30,276144.816218,False
0.0,30,276193.701597,False
2.3,30,276246.165724,True
2.4,30,276294.957727,True
0.0,30,276346.862819,False
2.2,30,276393.007919,True
0.0,30,276437.124606,False
0.0,30,276482.399403,False
2.6,30,276531.790425,True
2.8,30,276577.087798,True
2.5,30,276629.125528,True
0.0,30,276672.09233,False
0.0,30,276721.939612,False
0.0,30,276769.565934,False
1.5,30,277060.310414,True
0.0,30,277108.07832,False
0.0,30,277150.991525,False
0.0,30,277193.658419,False
2.5,30,277245.218828,True
0.0,30,277291.001808,False
1.5,30,277334.126894,True
2.6,30,277381.693472,True
0.0,30,277424.121584,False
0.0,30,277474.268023,False
2.6,30,277524.290203,True
0.0,30,277570.334133,False
2.7,30,277625.003872,True
0.0,30,277672.291903,False
1.5,30,277713.837224,True
2.4,30,277762.553034,True
0.0,30,277809.505415,False
3.0,30,277860.600304,True
2.5,30,277906.272179,True
0.0,30,277949.807141,False
2.4,30,278004.500715,True
0.0,30,278063.479965,False
0.0,30,278108.415696,False
2.5,30,278155.578256,True
2.8,30,278197.767355,True
2.8,30,278248.87151,True
0.4,30,278301.502596,False
2.6,30,278347.306008,True
0.0,30,278389.632824,False
0.0,30,278439.409886,False
0.0,30,278487.679137,False
2.3,30,278534.906069,True
2.5,30,278577.167991,True
2.7,30,278620.371349,True
2.5,30,278940.334348,True
2.9,30,278987.975411,True
0.0,30,279042.531976,False
0.0,30,279087.5773,False
0.0,30,279130.827736,False
2.7,30,279181.160094,True
3.0,30,279227.629075,True
0.0,30,279274.649288,False
0.0,30,279327.378876,False
0.0,30,279369.026444,False
0.0,30,279410.368439,False
2.5,30,279460.469985,True
0.0,30,279502.294457,False
2.2,30,279546.119047,True
0.0,30,279592.882776,False
0.0,30,279644.014522,False
2.4,30,279690.493158,True
3.0,30,279739.222862,True
0.0,30,279789.978072,False
0.0,30,279839.64703,False
2.3,30,279886.443917,True
0.5,30,279931.045186,False
0.0,30,279974.21628,False
2.5,30,280022.073908,True
2.6,30,280069.329589,True
2.7,30,280119.041492,True
2.8,30,280163.481444,True
0.0,30,280213.785167,False
0.0,30,280258.083187,False
0.4,30,280311.80399,True
2.9,30,280356.511147,True
2.7,30,280399.548643,True
0.0,30,280454.252181,False
0.0,30,280498.918762,False
2.8,30,280546.044529,True
0.0,30,280839.239611,False
2.4,30,280884.719208,True
3.0,30,280929.47937,True
2.6,30,280979.0279,True
2.8,30,281027.056595,True
0.9,30,281072.61707,True
0.0,30,281118.42141,False
0.0,30,281162.182513,False
2.5,30,281212.733436,True
0.0,30,281257.651691,False
2.8,30,281305.504191,True
0.0,30,281350.233519,False
2.8,30,281394.702317,True
0.0,30,281436.675663,False
0.0,30,281480.827257,False
2.8,30,281535.530259,True
0.0,30,281581.703904,False
0.0,30,281628.994837,False
0.0,30,281676.697945,False
2.8,30,281725.149371,True
0.0,30,281770.440733,False
0.0,30,281815.965208,False
2.9,30,281862.449827,True
2.6,30,281912.385868,True
2.8,30,281960.271117,True
0.0,30,282010.07646,False
0.0,30,282055.921917,False
0.0,30,282100.298328,False
0.0,30,282147.905929,False
0.0,30,282195.034178,False
2.6,30,282243.261995,True
2.5,30,282294.797746,True
0.0,30,282342.74042,False
1.9,30,282397.531075,True
0.0,30,282735.422618,False
0.0,30,282781.949843,False
0.0,30,282832.801586,False
0.0,30,282892.289391,False
2.4,30,282937.372777,True
2.5,30,282985.163319,True
0.0,30,283032.814796,False
3.0,30,283081.339272,True
1.0,30,283130.235983,True
1.7,30,283183.930501,True
0.0,30,283238.456125,False
2.7,30,283285.213366,True
2.5,30,283337.051426,True
2.6,30,283380.156641,True
2.5,30,283435.039262,True
0.0,30,283485.301741,False
2.3,30,283532.959854,True
0.0,30,283582.426503,False
2.3,30,283625.870657,True
2.6,30,283677.139044,True
0.0,30,283721.00234,False
2.5,30,283771.986832,True
0.0,30,283821.352005,False
2.2,30,283866.55583,False
0.9,30,283913.988749,True
0.0,30,283960.989821,False
2.4,30,284008.933033,True
0.0,30,284055.740125,False
0.0,30,284104.651656,False
0.0,30,284151.095076,False
2.9,30,284201.366569,True
0.0,30,284250.778754,False
0.0,30,284300.731427,False
0.0,30,284347.509392,False
0.0,30,284684.96879,False
0.0,30,284735.993328,False
0.0,30,284789.407503,False
2.8,30,284839.919554,True
2.6,30,284890.115976,True
0.0,30,284938.115332,False
2.2,30,284986.070005,True
0.0,30,285030.383394,False
0.4,30,285076.768314,True
0.0,30,285129.375041,False
1.5,30,285176.222379,True
0.0,30,285218.024559,False
2.6,30,285266.408435,True
0.0,30,285313.575573,False
0.0,30,285356.772155,False
0.0,30,285410.040343,False
0.0,30,285460.841544,False
2.5,30,285508.673189,True
0.0,30,285552.955706,False
2.7,30,285597.63928,True
2.8,30,285647.233511,True
2.8,30,285699.221729,True
2.4,30,285746.438748,True
2.6,30,285792.672795,True
2.4,30,285843.067444,True
1.9,30,285893.611442,True
1.6,30,285936.416492,True
2.8,30,285986.235241,True
2.5,30,286029.276527,True
3.0,30,286080.582883,True
0.0,30,286126.717937,False
0.0,30,286177.972924,False
3.0,30,286223.324772,True
2.2,30,286276.335079,False
0.0,30,286637.342897,False
0.0,30,286691.956727,False
2.2,30,286735.440423,True
2.9,30,286785.246229,True
2.8,30,286835.079051,True
2.0,30,286879.423881,True
2.9,30,286930.017577,True
0.0,30,286976.537476,False
0.0,30,287021.141584,False
0.0,30,287064.855169,False
0.0,30,287111.42711,False
1.4,30,287156.940217,True
0.0,30,287204.928633,False
0.0,30,287258.14576,False
2.9,30,287307.780499,True
2.3,30,287358.381838,True
1.0,30,287400.971529,True
0.0,30,287451.291464,False
1.2,30,287500.238114,True
2.4,30,287550.151223,True
2.3,30,287600.103768,True
0.0,30,287646.9997,False
2.7,30,287696.639979,True
1.1,30,287740.352966,True
0.0,30,287787.75118,False
0.0,30,287837.962939,False
0.0,30,287879.251768,False
0.0,30,287922.006812,False
0.0,30,287962.369308,False
2.6,30,288011.498812,True
0.0,30,288056.083368,False
0.0,30,288106.089943,False
0.0,30,288151.552459,False
0.0,30,288195.477459,False
2.2,30,288505.276311,True
0.0,30,288552.50415,False
1.0,30,288594.661262,True
2.0,30,288634.041493,True
0.0,30,288684.030305,False
0.0,30,288730.302357,False
2.6,30,288805.312804,True
0.0,30,288853.791862,False
0.0,30,288901.655744,False
1.1,30,288944.624957,True
0.0,30,288990.909874,False
0.0,30,289038.477092,False
0.0,30,289091.148874,False
0.0,30,289133.633627,False
0.0,30,289185.494714,False
2.6,30,289239.187778,True
0.0,30,289286.632785,False
0.0,30,289334.068968,False
2.4,30,289382.073099,True
2.9,30,289421.427179,True
2.5,30,289465.488355,True
2.6,30,289515.509804,True
0.0,30,289570.830078,False
0.0,30,289609.049407,False
1.8,30,289657.232026,True
0.0,30,289701.486112,False
0.0,30,289745.637457,False
0.0,30,289795.011976,False
2.3,30,289844.327215,True
0.0,30,289903.38845,False
0.0,30,289949.963027,False
0.0,30,289996.692341,False
0.0,30,290043.117516,False
0.0,30,290100.600307,False
2.8,30,290450.508838,True
0.0,30,290496.350916,False
2.3,30,290544.817307,True
0.0,30,290594.503584,False
2.7,30,290643.368079,True
0.0,30,290686.821002,False
0.0,30,290736.135127,False
2.9,30,290778.145515,True
0.0,30,290824.082293,False
2.2,30,290871.688323,True
0.0,30,290924.076708,False
0.0,30,290987.395161,False
0.0,30,291035.706017,False
2.7,30,291081.906415,True
0.0,30,291125.494856,False
0.0,30,291168.488148,False
2.1,30,291217.884644,True
2.6,30,291261.211659,True
0.0,30,291303.479299,False
2.8,30,291354.200566,True
0.0,30,291400.331207,False
1.0,30,291441.410101,True
0.0,30,291484.936608,False
0.0,30,291532.655328,False
2.9,30,291580.91513,True
3.0,30,291624.267482,True
0.0,30,291673.324564,False
2.4,30,291723.396374,True
0.0,30,291772.205915,False
0.0,30,291823.458413,False
0.0,30,291871.367454,False
2.4,30,291914.98281,True
0.0,30,291957.181705,False
2.7,30,292003.441871,True
2.5,30,292376.907891,True
0.0,30,292434.946486,False
2.8,30,292483.026293,True
3.0,30,292528.732702,True
0.0,30,292571.950467,False
2.2,30,292630.634294,False
0.0,30,292681.121208,False
2.5,30,292731.624452,True
2.4,30,292778.630202,True
0.0,30,292819.269843,False
0.0,30,292865.151573,False
0.0,30,292906.074523,False
2.2,30,292952.022918,False
0.6,30,292992.583346,True
0.0,30,293040.130157,False
0.7,30,293090.063427,True
2.6,30,293138.570264,True
0.4,30,293190.696587,True
0.0,30,293233.385821,False
2.6,30,293279.290196,True
2.1,30,293325.80087,True
0.0,30,293374.374982,False
0.0,30,293419.463227,False
3.0,30,293463.612063,True
0.0,30,293505.818106,False
2.3,30,293548.342141,True
0.7,30,293594.118214,True
2.7,30,293641.597193,True
0.0,30,293684.101677,False
0.0,30,293733.541701,False
2.6,30,293782.039559,True
1.8,30,293832.173473,True
0.0,30,293873.759074,False
0.0,30,293921.629771,False
3.0,30,293971.090693,True
0.0,30,294284.172443,False
0.0,30,294322.844936,False
2.4,30,294365.921431,True
1.9,30,294414.548339,True
0.0,30,294456.675466,False
0.0,30,294503.390502,False
2.0,30,294554.126441,True
2.4,30,294601.787987,True
0.0,30,294646.701872,False
0.0,30,294697.584952,False
0.0,30,294739.615481,False
0.0,30,294784.687268,False
0.0,30,294832.664825,False
2.8,30,294874.393881,True
0.0,30,294923.100297,False
0.0,30,294971.512124,False
0.0,30,295019.500561,False
0.0,30,295063.603522,False
0.0,30,295108.642207,False
2.2,30,295156.929298,True
2.6,30,295203.38574,True
0.0,30,295250.882046,False
0.0,30,295292.712285,False
1.9,30,295338.94137,True
2.4,30,295386.008404,True
0.0,30,295432.699613,False
2.4,30,295477.730989,True
0.0,30,295536.243573,False
3.0,30,295580.824969,True
2.6,30,295621.207545,True
0.0,30,295662.371329,False
0.0,30,295709.060528,False
2.7,30,295752.730925,True
2.0,30,295804.623966,True
0.0,30,296112.736552,False
0.0,30,296156.59226,False
0.0,30,296201.412227,False
1.4,30,296246.718196,True
0.0,30,296290.113767,False
2.8,30,296330.863286,True
1.2,30,296376.664956,True
0.0,30,296423.528632,False
2.2,30,296466.609858,True
2.2,30,296513.845259,True
0.0,30,296556.049073,False
0.0,30,296603.938828,False
2.5,30,296650.956715,True
0.0,30,296696.814208,False
2.5,30,296739.743589,True
2.5,30,296784.615079,True
3.0,30,296834.018325,True
0.0,30,296877.985022,False
0.0,30,296921.106615,False
0.0,30,296970.611813,False
0.0,30,297017.784672,False
0.0,30,297062.646761,False
0.0,30,297107.739579,False
0.0,30,297155.969193,False
3.0,30,297198.215553,True
3.0,30,297245.592398,True
0.0,30,297300.47088,False
0.0,30,297348.782156,False
2.4,30,297392.393646,True
0.0,30,297435.179338,False
0.0,30,297473.433498,False
0.0,30,297519.003934,False
3.0,30,297569.655382,True
0.0,30,297618.337994,False
1.0,30,297895.267175,True
2.8,30,297939.850727,True
0.0,30,297987.844029,False
2.6,30,298036.83616,True
0.0,30,298078.739738,False
2.6,30,298126.668046,True
0.0,30,298168.876004,False
2.6,30,298213.492702,True
2.8,30,298258.387924,True
2.7,30,298303.564556,True
0.0,30,298346.967378,False
2.2,30,298402.87247,True
0.0,30,298449.056795,False
0.0,30,298502.444581,False
2.3,30,298542.877436,True
0.0,30,298588.710809,False
0.0,30,298643.511065,False
2.6,30,298689.379715,True
0.0,30,298734.392533,False
0.0,30,298772.950825,False
0.0,30,298818.336037,False
0.0,30,298866.592732,False
0.0,30,298909.097437,False
0.0,30,298955.991198,False
2.7,30,299000.559258,True
0.0,30,299041.772115,False
0.0,30,299090.605343,False
2.2,30,299134.859378,True
2.5,30,299180.708168,True
3.0,30,299226.395018,True
0.0,30,299271.619247,False
0.0,30,299321.919282,False
0.0,30,299368.794781,False
0.0,30,299409.922574,False
2.7,30,299696.449149,True
0.0,30,299746.265303,False
1.8,30,299791.095166,True
0.0,30,299839.066441,False
0.0,30,299888.728657,False
0.0,30,299934.963167,False
0.0,30,299975.553418,False
0.0,30,300022.890035,False
2.6,30,300069.828075,True
0.0,30,300117.816008,False
0.0,30,300167.399384,False
2.9,30,300212.171751,True
2.8,30,300255.496964,True
0.0,30,300304.388583,False
2.4,30,300346.894302,True
0.0,30,300398.127615,False
0.0,30,300446.64816,False
0.0,30,300485.008168,False
2.3,30,300529.922228,True
0.0,30,300577.397286,False
0.0,30,300622.063503,False
2.8,30,300661.090491,True
0.0,30,300714.327137,False
1.6,30,300754.296334,True
0.0,30,300799.494457,False
0.8,30,300842.854751,True
0.0,30,300895.211139,False
2.4,30,300940.34949,True
0.0,30,300981.587213,False
0.0,30,301032.010844,False
3.0,30,301075.886328,True
0.0,30,301121.03073,False
0.0,30,301167.745594,False
1.5,30,301215.358136,True
2.5,30,301509.558629,True
2.6,30,301557.152311,True
2.9,30,301605.85875,True
0.0,30,301657.941432,False
2.6,30,301703.685623,True
1.9,30,301753.302661,True
0.0,30,301800.872348,False
0.0,30,301846.813074,False
0.0,30,301920.269903,False
1.0,30,301980.278725,True
0.0,30,302023.099854,False
1.8,30,302068.436758,True
2.5,30,302115.667236,True
2.8,30,302166.647738,True
2.6,30,302211.142556,True
2.5,30,302256.80911,True
1.9,30,302309.134294,True
0.0,30,302355.42406,False
0.0,30,302402.737254,False
0.0,30,302443.339992,False
0.4,30,302489.051059,False
2.2,30,302536.247632,True
2.2,30,302576.398461,True
2.4,30,302623.387497,True
0.0,30,302673.399126,False
2.9,30,302714.87727,True
0.0,30,302760.01909,False
2.0,30,302809.200339,True
2.8,30,302855.790633,True
2.3,30,302897.546944,True
2.9,30,302937.163682,True
2.7,30,302983.920864,True
2.5,30,303033.157712,True
2.9,30,303075.053803,True
2.3,30,303370.974477,True
1.5,30,303415.531795,False
0.0,30,303458.329807,False
2.8,30,303505.551943,True
2.5,30,303547.06647,True
0.0,30,303584.478222,False
0.0,30,303628.014854,False
0.0,30,303675.112978,False
0.0,30,303716.226448,False
0.0,30,303759.951864,False
2.3,30,303804.745706,True
2.9,30,303849.059506,True
0.0,30,303893.980124,False
0.0,30,303940.10071,False
2.6,30,303977.530061,True
2.7,30,304032.521348,True
0.0,30,304078.809281,False
0.0,30,304122.660877,False
2.7,30,304169.86842,True
0.0,30,304214.188052,False
2.8,30,304258.001877,True
2.6,30,304297.893155,True
1.4,30,304342.535259,True
0.0,30,304385.7317,False
3.0,30,304427.387504,True
0.0,30,304474.665865,False
0.0,30,304517.322114,False
0.0,30,304564.616057,False
0.0,30,304602.651575,False
3.0,30,304654.86667,True
0.0,30,304695.527122,False
2.6,30,304734.885499,True
2.7,30,304776.962295,True
0.0,30,304825.076211,False
0.0,30,305114.057645,False
0.0,30,305158.279008,False
0.0,30,305207.388034,False
0.0,30,305251.736341,False
0.0,30,305290.833775,False
0.0,30,305333.782926,False
0.0,30,305377.430035,False
0.0,30,305429.181977,False
2.7,30,305476.317423,True
0.0,30,305522.510955,False
0.0,30,305571.489712,False
0.0,30,305616.225862,False
0.0,30,305660.48309,False
0.0,30,305707.405122,False
0.0,30,305757.773898,False
0.6,30,305807.590365,False
0.0,30,305851.697237,False
2.9,30,305896.579736,True
0.0,30,305936.566623,False
2.8,30,305980.209931,True
2.8,30,306021.751264,True
0.0,30,306073.506768,False
2.8,30,306118.629673,True
2.8,30,306166.260396,True
0.0,30,306211.380948,False
0.0,30,306256.448604,False
0.0,30,306300.663634,False
0.0,30,306347.348254,False
2.3,30,306392.787492,True
2.6,30,306448.322219,True
0.0,30,306500.247787,False
2.9,30,306548.784976,True
2.9,30,306594.328948,True
0.0,30,306637.621728,False
1.7,30,306946.645981,True
0.0,30,306990.453236,False
0.0,30,307033.942313,False
2.7,30,307080.594606,True
0.0,30,307128.044538,False
2.1,30,307171.374209,True
2.2,30,307221.534532,True
2.9,30,307268.487808,True
0.0,30,307316.590468,False
3.0,30,307362.600528,True
0.0,30,307413.308714,False
2.2,30,307453.900886,True
2.9,30,307497.855631,True
0.0,30,307543.988465,False
0.0,30,307586.407908,False
1.8,30,307637.187711,True
0.0,30,307679.788608,False
0.0,30,307728.102285,False
1.7,30,307772.200545,True
0.0,30,307814.821734,False
0.5,30,307862.291063,True
2.5,30,307912.301788,True
2.2,30,307961.329196,False
1.3,30,308009.536178,False
0.0,30,308054.307137,False
2.7,30,308098.624736,True
0.0,30,308142.369377,False
1.9,30,308189.718208,True
0.3,30,308231.700472,True
3.0,30,308278.84925,True
2.3,30,308322.599058,True
0.0,30,308367.010765,False
2.5,30,308409.486547,True
2.8,30,308454.907778,True
0.0,30,308495.133174,False
2.9,30,308820.788136,True
2.6,30,308864.660047,True
0.0,30,308913.526762,False
0.0,30,308962.130772,False
2.3,30,309004.023196,True
0.0,30,309048.976521,False
2.8,30,309100.093179,True
0.0,30,309144.515957,False
2.0,30,309185.876048,True
0.0,30,309237.071857,False
2.7,30,309290.669368,True
1.7,30,309334.94992,False
0.0,30,309381.189233,False
2.8,30,309425.212302,True
2.5,30,309471.029983,True
2.4,30,309518.257416,True
2.8,30,309563.244924,True
2.9,30,309609.785367,True
2.9,30,309665.887371,True
2.3,30,309708.935668,True
2.3,30,309755.923514,True
0.0,30,309800.933302,False
2.5,30,309845.384702,True
0.0,30,309891.153258,False
0.0,30,309937.995896,False
2.7,30,309983.262044,True
1.6,30,310028.190839,True
2.8,30,310073.046697,True
2.9,30,310123.649205,True
0.9,30,310168.109739,True
2.8,30,310214.801385,True
1.9,30,310264.319531,True
0.0,30,310312.044496,False
2.8,30,310355.756377,True
0.0,30,310687.691983,False
0.0,30,310733.118132,False
2.6,30,310784.44073,True
2.6,30,310826.570702,True
2.2,30,310877.408016,True
2.3,30,310923.683251,True
0.0,30,310972.931721,False
0.0,30,311024.069456,False
3.0,30,311069.796708,True
2.8,30,311119.933924,True
3.0,30,311166.033935,True
0.0,30,311209.658542,False
0.9,30,311253.829767,True
2.8,30,311300.059063,True
0.0,30,311344.016252,False
2.0,30,311388.813864,False
0.0,30,311435.615687,False
0.0,30,311480.286536,False
2.9,30,311525.430326,True
0.0,30,311574.780979,False
0.0,30,311617.239611,False
0.0,30,311670.180538,False
0.0,30,311717.725301,False
2.0,30,311797.829123,True
2.7,30,311846.101544,True
0.0,30,311890.751475,False
2.0,30,311938.206407,True
2.2,30,311979.840706,True
2.0,30,312027.96497,True
0.0,30,312074.284484,False
0.0,30,312136.856242,False
2.5,30,312189.175989,True
0.0,30,312245.462072,False
0.0,30,312307.889405,False
0.0,30,312603.405059,False
2.7,30,312650.300641,True
2.7,30,312695.09443,True
2.8,30,312739.773254,True
0.0,30,312787.827477,False
1.5,30,312828.978906,True
0.0,30,312874.70241,False
0.0,30,312919.425271,False
2.8,30,312969.399642,True
0.0,30,313016.276064,False
2.7,30,313060.679161,True
0.0,30,313106.887519,False
0.0,30,313153.317233,False
0.0,30,313196.300514,False
0.0,30,313244.315477,False
2.9,30,313290.000942,True
2.3,30,313335.077487,True
0.0,30,313377.801322,False
0.1,30,313424.307883,True
0.0,30,313474.842135,False
0.0,30,313522.959684,False
0.0,30,313564.514624,False
2.8,30,313612.286329,True
0.4,30,313663.312834,True
0.0,30,313708.940913,False
2.4,30,313755.158529,True
0.0,30,313801.407389,False
2.6,30,313846.118154,True
0.0,30,313894.23831,False
2.5,30,313942.912977,True
2.7,30,313993.202243,True
0.0,30,314035.406861,False
0.0,30,314084.91284,False
0.0,30,314131.191978,False
2.5,30,314437.764157,True
0.0,30,314482.461996,False
0.0,30,314531.121924,False
0.0,30,314572.686213,False
2.3,30,314620.212026,True
0.0,30,314667.366204,False
0.0,30,314713.791754,False
2.5,30,314771.729802,True
0.0,30,314816.636914,False
2.4,30,314863.689764,True
0.0,30,314908.107085,False
2.9,30,314954.331729,True
2.8,30,315002.309318,True
2.6,30,315045.018231,True
2.5,30,315082.646892,True
0.0,30,315128.457148,False
2.7,30,315175.375215,True
0.0,30,315223.006363,False
0.0,30,315271.641286,False
0.0,30,315314.920924,False
2.6,30,315358.209792,True
0.0,30,315400.74463,False
2.4,30,315446.759501,True
2.0,30,315486.288223,True
0.0,30,315532.828259,False
2.8,30,315580.829695,True
0.0,30,315622.256926,False
1.9,30,315672.060885,True
0.0,30,315714.667126,False
0.0,30,315770.528793,False
3.0,30,315812.840845,True
2.4,30,315857.198092,True
0.0,30,315902.331854,False
0.0,30,315946.403046,False
2.5,30,316262.668389,True
0.0,30,316311.491286,False
0.0,30,316353.71941,False
2.6,30,316400.3155,True
2.5,30,316441.99855,True
0.0,30,316489.812164,False
1.2,30,316533.290076,True
2.9,30,316580.549625,True
0.0,30,316622.598184,False
2.7,30,316667.561322,True
2.4,30,316715.795327,True
2.5,30,316763.061111,True
0.0,30,316808.038344,False
2.8,30,316853.374573,True
0.0,30,316897.406684,False
0.0,30,316941.315515,False
1.8,30,316988.378827,True
2.8,30,317034.262974,True
0.0,30,317085.853956,False
2.4,30,317131.876867,True
2.8,30,317177.150444,True
0.0,30,317223.086847,False
0.0,30,317270.529426,False
2.8,30,317317.813203,True
0.0,30,317362.52025,False
0.0,30,317405.653609,False
0.0,30,317447.63881,False
0.0,30,317488.954221,False
2.8,30,317536.330809,True
0.0,30,317583.758273,False
0.0,30,317635.8805,False
0.0,30,317678.24233,False
0.0,30,317718.07987,False
0.0,30,317769.592026,False
2.0,30,318084.082289,True
0.0,30,318132.717922,False
1.8,30,318173.547737,True
2.9,30,318217.99058,True
2.7,30,318258.223116,True
0.0,30,318302.3346,False
0.0,30,318342.983652,False
0.0,30,318386.297921,False
2.5,30,318430.792404,True
2.2,30,318476.516078,True
0.0,30,318521.194838,False
0.0,30,318563.386757,False
0.0,30,318605.643921,False
0.0,30,318648.203187,False
0.0,30,318693.203942,False
0.0,30,318743.350685,False
0.0,30,318787.424555,False
0.0,30,318836.510461,False
2.7,30,318885.063669,True
0.0,30,318936.477117,False
2.0,30,318982.993314,True
0.7,30,319021.148905,True
0.0,30,319067.350511,False
0.0,30,319114.841146,False
2.9,30,319158.566126,True
0.0,30,319201.63892,False
0.0,30,319243.092435,False
2.4,30,319283.67355,True
1.4,30,319327.588396,True
0.0,30,319372.286163,False
2.8,30,319416.942418,True
0.0,30,319463.450636,False
2.4,30,319512.317504,True
2.6,30,319557.555886,True
2.9,30,319859.548719,True
2.4,30,319903.116632,True
0.6,30,319949.424686,False
2.7,30,319997.58666,True
0.0,30,320047.295278,False
0.0,30,320094.817615,False
2.1,30,320142.043661,True
2.0,30,320186.988128,True
0.0,30,320235.341728,False
0.0,30,320281.414038,False
3.0,30,320325.725358,True
2.5,30,320368.788146,True
0.0,30,320411.866299,False
2.2,30,320458.9501,True
0.0,30,320504.152886,False
0.0,30,320546.964344,False
0.0,30,320592.873085,False
0.0,30,320638.262871,False
0.0,30,320688.45708,False
0.0,30,320731.85742,False
2.6,30,320776.436768,True
0.0,30,320823.157751,False
2.6,30,320868.226413,True
2.6,30,320909.176531,True
0.0,30,320956.591297,False
2.6,30,321002.412133,True
0.0,30,321047.418499,False
0.0,30,321092.714631,False
0.0,30,321141.904799,False
0.0,30,321183.46824,False
0.0,30,321240.849464,False
0.0,30,321288.63812,False
0.0,30,321332.856611,False
2.1,30,321400.524655,True
0.0,30,321446.962265,False
0.0,30,321742.349396,False
0.0,30,321788.47862,False
0.1,30,321834.627531,True
2.6,30,321879.050974,True
2.7,30,321934.100793,True
2.7,30,321979.893228,True
2.4,30,322022.985466,True
0.0,30,322070.077667,False
0.0,30,322119.922861,False
0.0,30,322167.384871,False
1.6,30,322208.240949,False
0.0,30,322254.432261,False
0.0,30,322297.138928,False
3.0,30,322340.766455,True
2.7,30,322392.351275,True
2.9,30,322442.33979,True
2.6,30,322484.386372,True
2.4,30,322530.188766,True
0.0,30,322578.192459,False
2.0,30,322625.940766,True
3.0,30,322684.573839,True
3.0,30,322728.955114,True
0.0,30,322773.432758,False
0.4,30,322817.676561,False
2.8,30,322860.296614,True
0.0,30,322913.116149,False
2.5,30,322961.136536,True
2.5,30,323020.766996,True
1.3,30,323068.98987,True
0.0,30,323116.858988,False
2.8,30,323165.564746,True
2.5,30,323222.972622,True
2.6,30,323262.843787,True
0.0,30,323313.64682,False
0.0,30,323644.992692,False
0.0,30,323695.147062,False
0.0,30,323739.485349,False
0.0,30,323782.996449,False
0.0,30,323827.050177,False
1.3,30,323871.67483,True
2.4,30,323918.270567,True
2.6,30,323961.733608,True
2.7,30,324004.891588,True
0.0,30,324048.150136,False
0.4,30,324091.705848,False
0.0,30,324151.511794,False
2.9,30,324197.744569,True
3.0,30,324251.317562,True
2.4,30,324301.083637,True
1.8,30,324341.696306,True
0.0,30,324385.943856,False
2.1,30,324429.800707,True
0.0,30,324474.249164,False
1.0,30,324518.667808,True
2.6,30,324563.682786,True
2.6,30,324613.29491,True
0.0,30,324662.086812,False
1.8,30,324708.177229,True
0.0,30,324752.296418,False
0.0,30,324803.603952,False
3.0,30,324846.871939,True
0.0,30,324889.506641,False
0.0,30,324948.017278,False
2.3,30,324989.081703,True
0.0,30,325031.434893,False
0.0,30,325083.190561,False
2.7,30,325126.832279,True
0.0,30,325174.298591,False
0.0,30,325508.583763,False
0.0,30,325550.49564,False
0.0,30,325595.324565,False
2.9,30,325660.844747,True
0.0,30,325711.798338,False
2.6,30,325756.806146,True
0.0,30,325804.690804,False
2.3,30,325851.91149,True
2.4,30,325895.255782,True
2.5,30,325942.62807,True
2.8,30,325988.621995,True
0.0,30,326040.580102,False
0.0,30,326092.229195,False
2.4,30,326142.436174,True
2.7,30,326187.447536,True
1.8,30,326227.188638,True
0.0,30,326272.734759,False
0.0,30,326321.020556,False
0.0,30,326364.324452,False
0.0,30,326415.202872,False
0.0,30,326464.522715,False
0.0,30,326510.146354,False
0.0,30,326554.877978,False
2.7,30,326602.891066,True
2.2,30,326650.298764,True
0.0,30,326695.312597,False
0.0,30,326736.978069,False
2.6,30,326794.993698,True
0.0,30,326835.663723,False
0.0,30,326882.624862,False
0.0,30,326928.144554,False
2.8,30,326986.453753,True
0.0,30,327033.26998,False
2.6,30,327078.009804,True
1.9,30,327390.816223,True
2.1,30,327434.944286,True
0.0,30,327481.10755,False
2.7,30,327527.783936,True
0.0,30,327569.863725,False
2.4,30,327622.722878,True
2.7,30,327667.600289,True
2.2,30,327713.529307,True
2.7,30,327762.236758,True
0.0,30,327803.599996,False
0.0,30,327849.148798,False
2.9,30,327895.164676,True
0.0,30,327942.863183,False
0.0,30,327989.229962,False
0.9,30,328038.114126,True
0.0,30,328085.266589,False
2.6,30,328133.390392,True
2.6,30,328178.337338,True
0.0,30,328227.164864,False
3.0,30,328276.733993,True
0.0,30,328319.064675,False
0.0,30,328365.280532,False
1.3,30,328409.020422,False
0.1,30,328449.826283,False
2.3,30,328493.903165,True
0.0,30,328533.542123,False
0.0,30,328576.173478,False
0.0,30,328624.286407,False
0.0,30,328670.060655,False
2.6,30,328715.117586,True
2.2,30,328763.891978,True
0.0,30,328806.853516,False
1.9,30,328847.787336,True
0.0,30,328897.805376,False
2.2,30,329184.697205,True
0.0,30,329231.469609,False
2.3,30,329270.940174,True
0.0,30,329314.787199,False
2.0,30,329358.339528,True
0.0,30,329404.837193,False
0.0,30,329449.047236,False
0.0,30,329495.534713,False
2.3,30,329544.561878,True
2.9,30,329588.162666,True
0.0,30,329630.688443,False
0.0,30,329679.002728,False
2.8,30,329728.833804,True
0.0,30,329770.400416,False
2.8,30,329814.515165,True
0.0,30,329866.475212,False
0.0,30,329910.928911,False
2.0,30,329957.028769,True
0.0,30,330010.544894,False
0.7,30,330057.194108,True
0.0,30,330096.85328,False
1.6,30,330141.154401,True
0.0,30,330182.267393,False
0.0,30,330228.877762,False
0.0,30,330274.708676,False
0.0,30,330320.653164,False
2.5,30,330362.222775,True
0.0,30,330410.386779,False
3.0,30,330460.729307,True
2.9,30,330499.551208,True
0.0,30,330543.588717,False
2.6,30,330592.265468,True
2.6,30,330640.766536,True
2.6,30,330685.918405,True
0.0,30,330987.200517,False
0.0,30,331029.897147,False
0.0,30,331076.89513,False
2.9,30,331118.822095,True
0.0,30,331173.302968,False
2.8,30,331224.598857,True
0.0,30,331269.917838,False
0.0,30,331314.42348,False
0.0,30,331361.959373,False
2.8,30,331405.085425,True
3.0,30,331449.886111,True
0.0,30,331500.399541,False
0.0,30,331544.353651,False
3.0,30,331600.033732,True
0.0,30,331649.94364,False
2.8,30,331690.435475,True
2.7,30,331729.101525,True
1.5,30,331773.388693,False
0.0,30,331821.761053,False
0.0,30,331867.337911,False
2.8,30,331917.143821,True
0.0,30,331961.071663,False
3.0,30,332006.621637,True
0.0,30,332057.721846,False
3.0,30,332102.810771,True
3.0,30,332151.93559,True
2.9,30,332196.766131,True
2.9,30,332237.93594,True
2.8,30,332281.963104,True
0.0,30,332322.216137,False
0.0,30,332363.08872,False
2.9,30,332403.773566,True
2.4,30,332448.693355,True
2.4,30,332495.567889,True
2.7,30,332808.138722,True
2.9,30,332850.798221,True
2.4,30,332897.408181,True
0.0,30,332941.352176,False
2.7,30,332986.631916,True
0.0,30,333033.572873,False
0.0,30,333075.383904,False
0.0,30,333123.805429,False
0.0,30,333171.962883,False
0.0,30,333216.40664,False
2.2,30,333261.106039,True
1.3,30,333306.638579,True
2.6,30,333358.229529,True
0.0,30,333401.864316,False
0.0,30,333458.427007,False
0.0,30,333504.510136,False
0.0,30,333550.605229,False
0.0,30,333599.584083,False
0.0,30,333646.631179,False
2.7,30,333688.201619,True
0.0,30,333738.329619,False
2.7,30,333791.927649,True
0.0,30,333849.177924,False
0.0,30,333894.542059,False
2.2,30,333935.827148,False
2.9,30,333987.736159,True
0.0,30,334029.292812,False
2.7,30,334072.221763,True
0.0,30,334114.306327,False
2.7,30,334161.430522,True
0.0,30,334205.109678,False
2.0,30,334250.653986,True
0.0,30,334295.153964,False
0.0,30,334340.049181,False
0.0,30,334638.824773,False
0.0,30,334683.31437,False
3.0,30,334731.65887,True
0.0,30,334786.940847,False
0.0,30,334830.78371,False
0.5,30,334876.343672,True
0.0,30,334920.339549,False
2.4,30,334964.821076,True
0.0,30,335015.52861,False
1.3,30,335060.427907,True
0.0,30,335104.744946,False
2.8,30,335147.835726,True
0.0,30,335193.92112,False
0.0,30,335244.595396,False
0.9,30,335296.018574,True
0.0,30,335343.020896,False
0.0,30,335384.395275,False
2.1,30,335426.063992,True
2.4,30,335470.393779,True
2.8,30,335517.605968,True
2.3,30,335562.368975,True
0.0,30,335622.928758,False
1.9,30,335667.433879,True
0.0,30,335713.582008,False
2.6,30,335771.642052,True
2.5,30,335817.321511,True
0.0,30,335863.738063,False
2.7,30,335905.057122,True
2.1,30,335953.064743,True
2.3,30,336001.055597,True
0.0,30,336048.580511,False
2.6,30,336098.923027,True
0.0,30,336142.876918,False
0.0,30,336189.04092,False
0.0,30,336232.200536,False
0.0,30,336494.766413,False
0.0,30,336542.328036,False
3.0,30,336586.496706,True
0.0,30,336652.47437,False
2.5,30,336695.558361,True
2.6,30,336741.399666,True
0.0,30,336788.343498,False
2.9,30,336831.946102,True
2.4,30,336874.562897,True
2.6,30,336920.478719,True
0.0,30,336960.005816,False
0.0,30,337006.581936,False
3.0,30,337052.832116,True
0.0,30,337095.477937,False
2.9,30,337141.253494,True
1.6,30,337182.572069,True
0.0,30,337230.033663,False
3.0,30,337271.507699,True
0.0,30,337317.597701,False
1.8,30,337358.244881,True
0.0,30,337400.795331,False
0.0,30,337444.503746,False
2.7,30,337487.458217,True
2.6,30,337537.832362,True
2.8,30,337577.697427,True
1.6,30,337622.929025,True
2.4,30,337660.12004,True
0.0,30,337703.246937,False
0.0,30,337747.648877,False
0.0,30,337797.376495,False
1.8,30,337841.52524,True
3.0,30,337885.864063,True
2.4,30,337926.463199,True
0.0,30,337968.626163,False
0.0,30,338263.696788,False
0.0,30,338312.694295,False
2.6,30,338361.323554,True
2.8,30,338412.306934,True
0.0,30,338475.898459,False
0.0,30,338519.13867,False
2.4,30,338566.849513,True
3.0,30,338606.3016,True
0.0,30,338647.932471,False
0.0,30,338692.674324,False
1.5,30,338734.547795,True
2.7,30,338781.214417,True
0.0,30,338828.370378,False
2.6,30,338874.526132,True
0.0,30,338915.793458,False
2.6,30,338958.193831,True
2.2,30,339001.845925,True
0.0,30,339047.915169,False
0.0,30,339091.421028,False
0.0,30,339140.546159,False
0.0,30,339186.11244,False
0.0,30,339231.889319,False
2.9,30,339273.290404,True
2.3,30,339313.516774,True
0.0,30,339355.168251,False
2.5,30,339399.486722,True
3.0,30,339448.45872,True
0.0,30,339492.666692,False
2.7,30,339535.789498,True
2.6,30,339582.784641,True
2.6,30,339626.128344,True
0.0,30,339671.076024,False
2.2,30,339717.768473,True
0.0,30,339758.160389,False
2.5,30,340049.778763,True
0.0,30,340097.815026,False
0.0,30,340140.241343,False
2.4,30,340185.737258,True
3.0,30,340230.385129,True
1.9,30,340276.598723,True
0.0,30,340324.439214,False
1.6,30,340372.291352,True
2.6,30,340418.672156,True
0.0,30,340465.506345,False
2.5,30,340516.00625,True
2.4,30,340562.828675,True
0.0,30,340607.707856,False
0.0,30,340651.106354,False
2.7,30,340693.165874,True
0.0,30,340739.524275,False
0.0,30,340785.486777,False
0.0,30,340829.562738,False
2.9,30,340874.52388,True
0.0,30,340926.894992,False
2.6,30,340971.827086,True
2.6,30,341017.106237,True
0.0,30,341063.480764,False
0.0,30,341102.090723,False
2.4,30,341143.314277,True
2.3,30,341189.553844,True
0.0,30,341236.308521,False
2.5,30,341280.164469,True
2.4,30,341325.965379,True
0.0,30,341377.198184,False
0.0,30,341422.832454,False
0.0,30,341466.9544,False
0.0,30,341513.394998,False
0.0,30,341554.4124,False
0.0,30,341858.797252,False
0.0,30,341907.439844,False
0.0,30,341955.734342,False
1.9,30,342005.106957,True
0.0,30,342056.599358,False
0.0,30,342102.936345,False
2.6,30,342149.693272,True
2.5,30,342191.541947,True
0.0,30,342238.304538,False
2.4,30,342276.599662,True
2.4,30,342321.056132,True
2.8,30,342363.125566,True
0.0,30,342407.097798,False
0.0,30,342451.825858,False
1.9,30,342495.281996,True
0.0,30,342542.066298,False
1.9,30,342586.791624,True
2.9,30,342633.151217,True
0.8,30,342679.610893,True
0.0,30,342726.287023,False
2.1,30,342771.062804,True
2.9,30,342810.838941,True
0.0,30,342856.374187,False
2.6,30,342907.014299,True
2.7,30,342951.078521,True
2.9,30,342995.748042,True
2.7,30,343041.157933,True
2.2,30,343089.767784,True
2.7,30,343133.934547,True
2.1,30,343179.295456,True
0.0,30,343224.038663,False
2.5,30,343269.274829,True
2.8,30,343314.064845,True
2.6,30,343362.567299,True
0.0,30,343667.509324,False
2.1,30,343717.296754,False
0.0,30,343763.003362,False
0.0,30,343816.725551,False
0.0,30,343861.985455,False
0.0,30,343909.005953,False
2.5,30,343953.059669,True
0.0,30,343999.119926,False
0.0,30,344043.522268,False
0.0,30,344093.678487,False
2.3,30,344139.188555,True
0.0,30,344182.52022,False
0.9,30,344234.090045,True
0.0,30,344283.004348,False
0.0,30,344330.718689,False
0.0,30,344375.610159,False
2.3,30,344421.617996,True
0.0,30,344466.006592,False
0.0,30,344509.305035,False
2.5,30,344556.920275,True
2.4,30,344603.264158,True
2.7,30,344651.6056,True
0.0,30,344694.022663,False
3.0,30,344746.151223,True
0.6,30,344788.316961,True
0.0,30,344835.019934,False
0.0,30,344874.407876,False
2.8,30,344918.290037,True
2.5,30,344970.695286,True
2.8,30,345011.671956,True
1.2,30,345059.26884,True
0.0,30,345101.40663,False
2.2,30,345140.7957,True
0.0,30,345184.023266,False
2.9,30,345460.448326,True
0.0,30,345505.158744,False
0.0,30,345551.21235,False
0.0,30,345602.836955,False
3.0,30,345647.90866,True
2.6,30,345691.882521,True
2.7,30,345737.611187,True
2.1,30,345788.941035,True
1.8,30,345831.067309,True
2.6,30,345874.383594,True
0.0,30,345914.944857,False
2.4,30,345960.807929,False
0.0,30,346002.213312,False
1.4,30,346041.933763,True
0.0,30,346089.289205,False
0.0,30,346134.385107,False
0.0,30,346195.815478,False
0.0,30,346241.547208,False
2.4,30,346284.339353,True
0.0,30,346326.928132,False
3.0,30,346371.668372,True
2.7,30,346420.14019,True
2.3,30,346464.464658,True
2.0,30,346510.160807,True
1.8,30,346558.837733,True
0.0,30,346609.126294,False
3.0,30,346659.2797,True
2.0,30,346706.06514,True
3.0,30,346754.293251,True
0.0,30,346799.237708,False
3.0,30,346848.1459,True
2.6,30,346887.573129,True
2.7,30,346928.345434,True
0.0,30,346971.654135,False
2.3,30,347289.125365,True
2.6,30,347333.411634,True
0.0,30,347380.472128,False
2.6,30,347424.01796,True
0.0,30,347479.270832,False
0.0,30,347525.063061,False
2.4,30,347571.776977,True
2.5,30,347612.142849,True
2.9,30,347653.837973,True
3.0,30,347704.338942,True
2.3,30,347748.445239,True
2.5,30,347794.485195,True
0.0,30,347835.36049,False
2.8,30,347882.850472,True
0.0,30,347929.289748,False
2.8,30,347975.714211,True
2.8,30,348023.247138,True
0.0,30,348068.077075,False
2.5,30,348114.443216,True
2.9,30,348159.684579,True
2.6,30,348205.477493,True
2.3,30,348252.859516,True
3.0,30,348296.858804,True
2.8,30,348343.401242,True
2.2,30,348389.599197,True
2.5,30,348437.722228,True
2.4,30,348486.567743,True
2.8,30,348532.976885,True
0.0,30,348571.857367,False
0.0,30,348621.437407,False
0.0,30,348662.240673,False
2.9,30,348705.770158,True
0.0,30,348751.184341,False
0.0,30,348795.813997,False
0.0,30,348838.082492,False
2.6,30,349168.040484,True
2.2,30,349212.815583,True
2.9,30,349261.083527,True
3.0,30,349331.382584,True
0.0,30,349380.17105,False
2.9,30,349427.676351,True
2.9,30,349472.673604,True
3.0,30,349518.328568,True
2.9,30,349567.55509,True
2.9,30,349608.236773,True
0.0,30,349658.206006,False
2.8,30,349707.162601,True
0.0,30,349751.90022,False
2.7,30,349817.228597,True
3.0,30,349859.306617,True
2.8,30,349908.056964,True
3.0,30,349953.574486,True
0.7,30,350003.831251,True
3.0,30,350050.371928,True
2.5,30,350091.74744,True
0.0,30,350134.369042,False
0.0,30,350182.027475,False
2.8,30,350223.848538,True
2.4,30,350270.037994,True
0.0,30,350325.784068,False
0.0,30,350376.857414,False
2.3,30,350427.072907,True
0.4,30,350467.438565,False
0.0,30,350512.530412,False
1.6,30,350554.24425,True
1.5,30,350597.444718,True
3.0,30,350644.007503,True
2.9,30,350691.292345,True
2.8,30,350733.73295,True
2.8,30,351033.879055,True
1.6,30,351077.103907,True
0.0,30,351124.973337,False
2.2,30,351171.019278,True
2.9,30,351221.393769,True
1.7,30,351268.585846,True
0.0,30,351314.722691,False
0.0,30,351363.627275,False
0.0,30,351413.016404,False
0.0,30,351455.372888,False
0.0,30,351505.860915,False
0.0,30,351553.399399,False
0.0,30,351603.083458,False
3.0,30,351651.410375,True
0.0,30,351697.271923,False
0.0,30,351747.726101,False
2.6,30,351791.664023,True
0.0,30,351834.221715,False
0.0,30,351876.187838,False
0.0,30,351926.234421,False
2.3,30,351982.618226,True
0.0,30,352024.657304,False
1.6,30,352070.61383,True
3.0,30,352116.647005,True
0.0,30,352163.00232,False
0.0,30,352208.959296,False
0.0,30,352256.932852,False
2.5,30,352299.395673,True
2.7,30,352346.752774,True
2.9,30,352388.143984,True
2.9,30,352437.976005,True
0.0,30,352483.555839,False
0.0,30,352530.042225,False
2.6,30,352577.247159,True
0.0,30,352878.988724,False
2.6,30,352920.995342,True
2.8,30,352970.614584,True
0.0,30,353018.697177,False
2.8,30,353064.227092,True
0.0,30,353101.294894,False
3.0,30,353145.839651,True
1.3,30,353192.181522,True
0.0,30,353235.672794,False
2.6,30,353289.783135,True
2.7,30,353336.841903,True
0.0,30,353385.579135,False
0.0,30,353429.2046,False
0.0,30,353479.82051,False
0.0,30,353523.433735,False
0.0,30,353566.736589,False
0.3,30,353612.364071,True
0.0,30,353660.576462,False
0.0,30,353705.547151,False
2.4,30,353747.757317,True
0.0,30,353794.423643,False
0.0,30,353842.242892,False
0.0,30,353886.704197,False
2.7,30,353928.147724,True
2.3,30,353975.170821,True
2.6,30,354016.720115,True
1.7,30,354064.564842,True
0.0,30,354112.85425,False
1.7,30,354157.613301,False
2.7,30,354204.202957,True
2.6,30,354252.582464,True
0.0,30,354291.505197,False
0.0,30,354339.819559,False
3.0,30,354384.908765,True
2.8,30,354716.375261,True
0.0,30,354765.327352,False
0.0,30,354808.374415,False
0.0,30,354854.825905,False
2.0,30,354903.00059,True
0.0,30,354946.31404,False
3.0,30,354992.256542,True
0.0,30,355037.66774,False
2.7,30,355089.536015,True
2.6,30,355131.790925,True
2.8,30,355178.99462,True
0.0,30,355221.923968,False
2.5,30,355274.505963,True
1.9,30,355314.401269,True
2.7,30,355358.560766,True
2.9,30,355402.826785,True
2.2,30,355448.52917,True
0.0,30,355494.305771,False
0.0,30,355546.992493,False
2.5,30,355591.347589,True
2.1,30,355633.092236,True
0.0,30,355675.928686,False
2.5,30,355723.245234,True
2.2,30,355785.403255,True
2.1,30,355830.368511,True
0.0,30,355875.271131,False
2.6,30,355919.252468,True
2.5,30,355963.59068,True
0.0,30,356016.641147,False
3.0,30,356065.22247,True
2.6,30,356110.659431,True
2.5,30,356157.110147,True
0.0,30,356201.292984,False
0.0,30,356247.920202,False
1.5,30,356560.319504,True
3.0,30,356604.292181,True
2.4,30,356648.039914,True
2.7,30,356689.16282,True
2.3,30,356736.813068,True
2.7,30,356783.032296,True
0.0,30,356827.032868,False
0.0,30,356878.874676,False
2.4,30,356923.930512,True
2.7,30,356968.099324,True
2.4,30,357025.303774,True
0.0,30,357071.942599,False
2.6,30,357123.410689,True
2.5,30,357169.397043,True
2.2,30,357218.951512,True
0.0,30,357269.005922,False
2.4,30,357319.462277,True
2.6,30,357373.486905,True
0.0,30,357424.178076,False
2.0,30,357468.39691,True
2.7,30,357517.648754,True
2.6,30,357563.881593,True
0.0,30,357610.691197,False
2.8,30,357657.918941,True
0.0,30,357706.434801,False
2.5,30,357750.989095,True
0.0,30,357792.848895,False
2.8,30,357835.892019,True
2.9,30,357879.204045,True
3.0,30,357923.051256,True
3.0,30,357977.907029,True
0.0,30,358022.120017,False
0.0,30,358068.16327,False
0.0,30,358119.329253,False
0.0,30,358443.907482,False
2.1,30,358492.226934,True
0.0,30,358538.439133,False
2.4,30,358582.546935,True
2.7,30,358633.512519,True
0.0,30,358680.110181,False
0.0,30,358720.954151,False
2.4,30,358767.103607,True
0.0,30,358808.324895,False
1.8,30,358853.644533,True
0.0,30,358902.332329,False
0.0,30,358951.469738,False
0.0,30,358995.080082,False
0.0,30,359038.387996,False
2.8,30,359082.055184,True
0.0,30,359125.582561,False
3.0,30,359174.646416,True
2.4,30,359220.222646,True
0.0,30,359273.977018,False
3.0,30,359322.190639,True
2.6,30,359367.158589,True
0.0,30,359416.567582,False
2.8,30,359456.072375,True
3.0,30,359502.416161,True
0.0,30,359545.316688,False
0.0,30,359589.921157,False
0.0,30,359636.328343,False
0.0,30,359678.677918,False
3.0,30,359725.109754,True
2.8,30,359767.337343,True
0.0,30,359819.318711,False
2.9,30,359866.346415,True
2.8,30,359910.836027,True
3.0,30,359968.110466,True
0.0,30,360287.437693,False
0.0,30,360326.999573,False
0.0,30,360378.166284,False
0.0,30,360422.999529,False
2.3,30,360473.007013,True
3.0,30,360521.160612,True
0.0,30,360564.893843,False
0.0,30,360610.6894,False
3.0,30,360660.193707,True
3.0,30,360703.428696,True
2.6,30,360742.771344,True
2.7,30,360786.528608,True
2.8,30,360833.659236,True
0.0,30,360884.164159,False
2.9,30,360931.790006,True
0.0,30,360974.376613,False
2.5,30,361019.063673,True
2.3,30,361067.363891,True
3.0,30,361113.932271,True
0.0,30,361162.334582,False
0.0,30,361207.837172,False
2.0,30,361249.070074,True
0.0,30,361295.931287,False
2.9,30,361340.950767,True
2.4,30,361384.457888,True
0.0,30,361427.210896,False
3.0,30,361472.740237,True
0.0,30,361519.530098,False
0.0,30,361566.59173,False
0.0,30,361614.623575,False
1.5,30,361659.379037,True
2.4,30,361706.487671,True
0.0,30,361750.91688,False
0.0,30,361798.2802,False
0.6,30,362115.724811,True
2.8,30,362160.508742,True
1.6,30,362204.430873,True
3.0,30,362265.243991,True
3.0,30,362310.468842,True
0.0,30,362354.310736,False
2.1,30,362403.525829,True
2.9,30,362448.249269,True
2.6,30,362497.98651,True
0.0,30,362546.295748,False
2.3,30,362594.794475,True
0.0,30,362644.60612,False
0.0,30,362685.773456,False
0.0,30,362735.247612,False
1.9,30,362775.73853,True
0.0,30,362814.996651,False
2.6,30,362860.862054,True
3.0,30,362910.232522,True
0.0,30,362958.127887,False
0.0,30,363001.725368,False
1.6,30,363051.68295,True
2.5,30,363102.458211,True
0.3,30,363146.01349,True
0.0,30,363190.951499,False
2.6,30,363238.997271,True
0.0,30,363288.338537,False
0.0,30,363337.128345,False
0.0,30,363385.904191,False
0.0,30,363434.14798,False
0.0,30,363485.855788,False
0.0,30,363529.809317,False
2.8,30,363578.030824,True
2.8,30,363627.519682,True
1.4,30,363673.52338,True
0.0,30,363719.350942,False
0.0,30,364023.31855,False
0.0,30,364070.486124,False
2.4,30,364114.421978,True
3.0,30,364163.289482,True
2.8,30,364207.842584,True
2.8,30,364248.053017,True
0.0,30,364296.322195,False
2.7,30,364347.388079,True
3.0,30,364396.470377,True
0.0,30,364440.136328,False
0.0,30,364482.406878,False
0.0,30,364531.075039,False
0.0,30,364577.969402,False
0.0,30,364628.347647,False
0.0,30,364672.520864,False
3.0,30,364715.027277,True
0.0,30,364757.428798,False
0.0,30,364803.500215,False
2.6,30,364841.963673,True
2.2,30,364891.759506,True
0.0,30,364937.68643,False
0.0,30,364981.820323,False
2.1,30,365030.408106,True
0.0,30,365076.004246,False
2.8,30,365115.920148,True
1.5,30,365164.838718,True
2.7,30,365211.398207,False
0.0,30,365254.405911,False
0.0,30,365291.788299,False
2.8,30,365337.089076,True
2.5,30,365379.70139,True
2.6,30,365421.099607,True
2.1,30,365467.084205,True
2.3,30,365513.816628,True
0.0,30,365826.137382,False
2.0,30,365874.551271,False
0.0,30,365920.401969,False
0.0,30,365962.966067,False
0.0,30,366008.714892,False
0.0,30,366051.192367,False
0.0,30,366101.042239,False
2.5,30,366146.736461,True
0.0,30,366197.354557,False
0.0,30,366237.016521,False
0.0,30,366277.558722,False
2.7,30,366321.114634,True
0.0,30,366370.034699,False
2.5,30,366411.933726,True
0.0,30,366456.628324,False
0.0,30,366503.723475,False
0.0,30,366550.943031,False
0.0,30,366600.968798,False
2.8,30,366644.977786,True
2.6,30,366695.556593,True
0.0,30,366739.665567,False
0.0,30,366783.186016,False
2.8,30,366821.827954,True
0.0,30,366872.114066,False
2.6,30,366919.062159,True
2.7,30,366972.678294,True
0.0,30,367015.225989,False
2.6,30,367072.649283,True
2.9,30,367119.395171,True
2.6,30,367188.997256,True
0.9,30,367239.730824,True
0.0,30,367286.859021,False
2.2,30,367329.209021,True
1.8,30,367379.561238,True
2.7,30,367676.287003,True
3.0,30,367724.523618,True
0.0,30,367768.245717,False
2.2,30,367810.638042,True
3.0,30,367856.207169,True
0.0,30,367900.149084,False
0.0,30,367945.31281,False
0.0,30,367988.254431,False
0.0,30,368034.978641,False
1.7,30,368080.84393,True
0.0,30,368122.518719,False
1.1,30,368165.137014,True
0.0,30,368209.971155,False
2.7,30,368255.326557,True
2.6,30,368304.972854,True
2.9,30,368349.108899,True
0.0,30,368388.802779,False
0.0,30,368436.110147,False
0.0,30,368490.01182,False
2.6,30,368534.677823,True
0.0,30,368579.652933,False
0.0,30,368625.930121,False
0.6,30,368672.910748,True
0.0,30,368717.419452,False
2.5,30,368762.453278,True
3.0,30,368812.503138,True
2.9,30,368859.515407,True
0.0,30,368905.123386,False
2.5,30,368951.845275,True
1.8,30,368995.481587,True
2.6,30,369043.466979,True
0.0,30,369084.84647,False
2.3,30,369129.308223,True
1.5,30,369180.151704,True
0.0,30,369499.117615,False
3.0,30,369545.144391,True
2.6,30,369590.508726,True
1.6,30,369637.8446,True
2.5,30,369682.077466,True
2.5,30,369726.437945,True
0.8,30,369772.892762,True
0.0,30,369820.583246,False
0.0,30,369872.80337,False
0.0,30,369921.549489,False
0.0,30,369966.455928,False
0.0,30,370009.717991,False
0.0,30,370055.948872,False
2.8,30,370106.896891,True
1.5,30,370152.920679,True
2.3,30,370201.557567,True
2.6,30,370247.622925,True
2.9,30,370297.85125,True
0.0,30,370348.878041,False
0.0,30,370393.446583,False
2.5,30,370436.255305,True
2.6,30,370482.288715,True
0.0,30,370528.302752,False
2.8,30,370577.170516,True
0.0,30,370623.94543,False
0.0,30,370673.371169,False
0.0,30,370718.589869,False
2.4,30,370764.822669,True
2.8,30,370815.219979,True
2.8,30,370857.879304,True
2.1,30,370904.458187,True
2.1,30,370949.03995,True
0.0,30,370990.275569,False
0.0,30,371040.847802,False
1.6,30,371352.224951,True
3.0,30,371399.696431,True
3.0,30,371443.475587,True
0.0,30,371486.225289,False
0.0,30,371533.071682,False
0.0,30,371575.160081,False
0.0,30,371621.34379,False
2.8,30,371670.595976,True
0.0,30,371717.369318,False
0.0,30,371765.868308,False
0.0,30,371810.771289,False
0.0,30,371864.970149,False
2.6,30,371912.223074,True
0.0,30,371961.662169,False
0.0,30,372015.252931,False
0.3,30,372059.489329,False
1.9,30,372109.230424,False
2.8,30,372149.898457,True
0.0,30,372195.879208,False
2.7,30,372241.064039,True
0.0,30,372279.749656,False
0.0,30,372331.028328,False
0.0,30,372383.648207,False
2.3,30,372427.826882,True
2.6,30,372477.839279,True
2.6,30,372522.347853,True
2.9,30,372565.917032,True
3.0,30,372616.896506,True
0.0,30,372664.950366,False
0.0,30,372712.002815,False
0.0,30,372758.216695,False
0.0,30,372808.397222,False
2.8,30,372859.275062,True
2.9,30,372907.410686,True
0.0,30,373210.867938,False
2.7,30,373253.773874,True
2.1,30,373299.493845,True
2.8,30,373343.418305,True
2.8,30,373389.131234,True
0.0,30,373434.965619,False
2.6,30,373479.934804,True
2.6,30,373531.347157,True
2.0,30,373575.77374,True
0.0,30,373623.06195,False
0.0,30,373669.811982,False
0.0,30,373718.334983,False
0.0,30,373764.620198,False
2.3,30,373810.867165,True
2.7,30,373854.460307,True
0.0,30,373895.500444,False
3.0,30,373939.563228,True
0.0,30,373986.838972,False
2.8,30,374033.035907,True
0.0,30,374079.893631,False
0.0,30,374123.822547,False
0.0,30,374168.971005,False
2.7,30,374218.115125,True
0.6,30,374266.121838,True
2.5,30,374307.277813,True
2.8,30,374355.28805,True
2.7,30,374442.93917,True
3.0,30,374484.481812,True
2.1,30,374535.856903,True
0.0,30,374583.904337,False
0.0,30,374629.949306,False
0.0,30,374671.85131,False
2.7,30,374724.452373,True
0.0,30,374769.339769,False
2.7,30,375090.579704,True
0.0,30,375135.453998,False
0.0,30,375184.794413,False
1.1,30,375235.878057,True
0.0,30,375280.504035,False
0.0,30,375325.731702,False
3.0,30,375373.2989,True
2.5,30,375417.40257,True
1.8,30,375464.928798,True
0.0,30,375514.04781,False
2.5,30,375561.294105,True
0.0,30,375608.340588,False
2.6,30,375658.878509,True
0.0,30,375705.845004,False
2.8,30,375750.29008,True
2.4,30,375793.13844,True
2.3,30,375838.885541,True
1.1,30,375883.59937,True
0.0,30,375930.355623,False
2.7,30,375976.876352,True
0.0,30,376026.400677,False
0.0,30,376074.959215,False
2.6,30,376127.961434,True
1.8,30,376179.627508,True
0.0,30,376225.486668,False
0.0,30,376269.896677,False
0.0,30,376316.135073,False
0.0,30,376356.167098,False
0.0,30,376407.786509,False
0.0,30,376454.838401,False
0.0,30,376507.582219,False
0.0,30,376557.94323,False
0.0,30,376600.034486,False
0.0,30,376648.994238,False
2.9,30,376693.662484,True
1.0,30,376995.746421,False
2.7,30,377036.46229,True
1.4,30,377080.579774,True
0.0,30,377127.009839,False
0.0,30,377173.41911,False
0.0,30,377221.05795,False
3.0,30,377269.013041,True
2.7,30,377315.300944,True
2.7,30,377357.685515,True
1.8,30,377404.866103,True
0.0,30,377447.812636,False
0.0,30,377490.411946,False
0.0,30,377535.740299,False
2.4,30,377587.172101,True
2.5,30,377636.118043,True
2.1,30,377687.541452,True
2.2,30,377735.540255,True
0.0,30,377799.745568,False
2.7,30,377846.607938,True
1.5,30,377893.053247,True
1.8,30,377940.484956,True
2.7,30,377984.242254,True
2.7,30,378027.100176,True
0.0,30,378072.527966,False
0.5,30,378127.936207,True
2.3,30,378180.112811,True
0.0,30,378223.290352,False
0.0,30,378271.27671,False
2.8,30,378316.022666,True
0.7,30,378364.939315,True
0.0,30,378413.5371,False
0.0,30,378459.249859,False
2.8,30,378506.607997,True
1.9,30,378554.236932,True
0.0,30,378889.481039,False
0.0,30,378935.895071,False
1.7,30,378982.000217,False
2.9,30,379029.696723,True
1.7,30,379072.16292,True
2.9,30,379118.756804,True
2.7,30,379165.280771,True
2.6,30,379209.1728,True
0.0,30,379256.942394,False
2.6,30,379305.490938,True
0.0,30,379355.046846,False
0.0,30,379400.811745,False
1.7,30,379447.425176,True
0.0,30,379492.847828,False
1.8,30,379542.337589,True
0.0,30,379590.435834,False
2.7,30,379637.479316,True
0.0,30,379683.762408,False
0.0,30,379733.436386,False
2.5,30,379784.715214,True
0.0,30,379829.406034,False
2.9,30,379870.927226,True
0.0,30,379920.905512,False
2.8,30,379966.267776,True
2.5,30,380015.428139,True
0.0,30,380061.745347,False
0.0,30,380106.553558,False
2.5,30,380155.211865,True
2.5,30,380199.5894,True
0.0,30,380250.898908,False
0.0,30,380296.01152,False
0.0,30,380342.165908,False
2.6,30,380391.571692,True
2.5,30,380431.402338,True
2.1,30,380751.11723,True
2.8,30,380797.644878,True
2.7,30,380847.593461,True
2.6,30,380897.52341,True
2.2,30,380939.276882,True
0.0,30,380984.169725,False
2.8,30,381029.461065,True
0.0,30,381075.423098,False
0.0,30,381121.9785,False
0.0,30,381164.707924,False
0.0,30,381210.394875,False
2.5,30,381262.271285,True
0.0,30,381304.252893,False
0.0,30,381352.272258,False
0.0,30,381394.73686,False
2.4,30,381438.778822,True
1.8,30,381485.025997,True
0.0,30,381528.530174,False
2.3,30,381572.936957,True
3.0,30,381619.498584,True
2.5,30,381669.381053,True
2.7,30,381714.394955,True
2.7,30,381760.284984,True
0.0,30,381806.010794,False
0.0,30,381854.410813,False
0.0,30,381899.225709,False
2.6,30,381950.216916,True
2.7,30,381996.799569,True
3.0,30,382042.604073,True
2.6,30,382087.050484,True
1.8,30,382128.852107,True
0.0,30,382173.145105,False
0.0,30,382216.412736,False
2.6,30,382258.66726,True
2.6,30,382615.067106,True
0.0,30,382655.601343,False
0.0,30,382703.391403,False
2.5,30,382754.342948,True
0.0,30,382791.310765,False
2.7,30,382840.540423,True
0.0,30,382888.220843,False
0.0,30,382936.087152,False
2.1,30,382983.644329,True
0.0,30,383029.227458,False
0.0,30,383073.300167,False
0.0,30,383121.144585,False
0.0,30,383163.952777,False
1.5,30,383205.340152,True
3.0,30,383250.898811,True
0.0,30,383298.979444,False
2.4,30,383346.442201,True
2.8,30,383395.752695,True
0.0,30,383443.088799,False
0.0,30,383486.832277,False
1.9,30,383534.15181,False
2.9,30,383586.252761,True
2.8,30,383631.987641,True
0.0,30,383671.706121,False
2.8,30,383720.949214,True
3.0,30,383773.816539,True
0.0,30,383816.091999,False
2.5,30,383867.530561,True
2.5,30,383920.51618,True
2.7,30,383969.204039,True
2.7,30,384017.438585,True
0.0,30,384058.454988,False
0.0,30,384110.741379,False
0.0,30,384154.803952,False
0.0,30,384467.308106,False
0.0,30,384519.219654,False
2.6,30,384564.472874,True
2.7,30,384607.581958,True
2.9,30,384655.280086,True
2.3,30,384731.387304,True
0.0,30,384776.301409,False
2.0,30,384830.900328,True
1.9,30,384880.054448,True
2.9,30,384922.462818,True
0.0,30,384966.429884,False
0.0,30,385018.172088,False
0.0,30,385070.518213,False
0.0,30,385116.717068,False
1.8,30,385157.752866,True
2.5,30,385205.322831,True
0.0,30,385249.424951,False
2.4,30,385306.619636,False
0.0,30,385352.513126,False
0.0,30,385400.073061,False
0.0,30,385449.658165,False
0.0,30,385495.315939,False
2.5,30,385541.857648,True
0.0,30,385586.179821,False
0.0,30,385629.859012,False
2.4,30,385677.893618,True
0.0,30,385719.618217,False
3.0,30,385763.612493,True
2.6,30,385806.466739,True
2.6,30,385850.586966,True
0.0,30,385894.284911,False
0.0,30,385950.011002,False
0.0,30,385992.19337,False
0.0,30,386036.564197,False
2.5,30,386367.252237,True
2.9,30,386411.746595,True
0.0,30,386456.183911,False
0.0,30,386496.76828,False
2.6,30,386544.325682,True
2.5,30,386587.315709,True
2.7,30,386633.527639,True
2.4,30,386678.481668,True
2.6,30,386719.407073,True
0.0,30,386764.054725,False
3.0,30,386811.053613,True
1.9,30,386860.563628,True
2.3,30,386907.508841,True
2.6,30,386953.753283,True
0.0,30,387011.348379,False
0.0,30,387059.394915,False
0.0,30,387105.305762,False
2.5,30,387176.799073,True
2.0,30,387229.785058,True
0.0,30,387274.412676,False
3.0,30,387321.022964,True
0.0,30,387363.182835,False
0.0,30,387411.693272,False
0.0,30,387454.29481,False
2.3,30,387499.305957,True
2.8,30,387545.344365,True
2.8,30,387591.537468,True
2.7,30,387636.281479,True
0.0,30,387678.87018,False
2.8,30,387721.423785,True
0.0,30,387765.882754,False
2.9,30,387810.095902,True
0.2,30,387861.482665,False
0.0,30,387902.712277,False
2.6,30,388210.511824,True
0.0,30,388259.555668,False
2.4,30,388302.727385,True
3.0,30,388347.687014,True
1.3,30,388396.623427,True
2.7,30,388445.346402,True
2.8,30,388489.955203,True
0.0,30,388536.95832,False
3.0,30,388582.950051,True
0.0,30,388627.403733,False
2.3,30,388673.633137,True
2.8,30,388722.79654,True
0.0,30,388765.383516,False
2.3,30,388808.176547,True
3.0,30,388853.623875,True
0.0,30,388900.431058,False
2.1,30,388944.890211,True
0.0,30,388991.382963,False
3.0,30,389036.054617,True
0.0,30,389079.66946,False
2.9,30,389125.745724,True
0.3,30,389174.938294,True
1.5,30,389222.198897,True
0.0,30,389266.782225,False
1.0,30,389321.126919,True
0.0,30,389365.003802,False
2.8,30,389412.197268,True
1.8,30,389469.823399,True
3.0,30,389519.750229,True
1.6,30,389563.688282,True
2.2,30,389612.766998,True
0.0,30,389658.97593,False
2.5,30,389701.27647,True
0.0,30,389742.58047,False
2.8,30,390034.628544,True
2.4,30,390085.337965,True
0.0,30,390131.531164,False
0.0,30,390174.773865,False
2.7,30,390221.530727,True
2.6,30,390265.936045,True
0.0,30,390315.054564,False
0.0,30,390359.728719,False
2.8,30,390405.958335,True
0.0,30,390451.926868,False
0.0,30,390499.451928,False
2.4,30,390543.37742,True
2.1,30,390591.169865,True
0.0,30,390634.258555,False
0.0,30,390678.951304,False
3.0,30,390717.944813,True
2.3,30,390763.97027,True
0.0,30,390810.612678,False
2.6,30,390855.291408,True
2.4,30,390899.12818,True
0.0,30,390943.597155,False
2.5,30,390995.041249,True
2.4,30,391039.233655,True
2.5,30,391083.583681,True
1.3,30,391129.096864,True
2.0,30,391179.62629,True
0.0,30,391224.178541,False
2.6,30,391276.637113,True
0.0,30,391326.943677,False
2.3,30,391375.053217,True
0.0,30,391425.925013,False
1.3,30,391469.258872,True
0.0,30,391511.922136,False
2.7,30,391558.572029,True
3.0,30,391599.588775,True
2.6,30,391903.509844,True
0.0,30,391947.555719,False
2.5,30,391988.742145,True
0.0,30,392031.10259,False
0.0,30,392070.180927,False
2.6,30,392117.959003,True
2.6,30,392165.14306,True
2.8,30,392209.425223,True
1.9,30,392253.393945,True
0.0,30,392300.885748,False
0.0,30,392345.774054,False
2.7,30,392390.765852,True
0.0,30,392435.80606,False
0.0,30,392487.516744,False
2.6,30,392532.627389,True
2.4,30,392574.89058,True
0.0,30,392623.531476,False
2.9,30,392668.793148,True
2.6,30,392717.276098,True
2.4,30,392759.40397,True
0.0,30,392804.984096,False
2.6,30,392850.010392,True
0.0,30,392888.750409,False
0.0,30,392932.576619,False
0.0,30,392977.343956,False
0.0,30,393028.08735,False
2.1,30,393075.880338,True
2.8,30,393124.208875,True
2.9,30,393172.164822,True
2.5,30,393221.5611,True
2.8,30,393267.435162,True
2.4,30,393314.097693,True
2.5,30,393359.027401,True
2.0,30,393408.5152,True
0.0,30,393710.162928,False
0.0,30,393764.191959,False
2.5,30,393805.76065,True
0.0,30,393862.114058,False
0.0,30,393911.368215,False
2.7,30,393955.937372,True
0.0,30,394001.282673,False
0.0,30,394046.558912,False
2.7,30,394088.531758,True
0.0,30,394134.642603,False
0.0,30,394178.294909,False
2.9,30,394227.053513,True
0.0,30,394270.942483,False
0.0,30,394317.814173,False
0.0,30,394359.549057,False
0.0,30,394402.063469,False
2.7,30,394440.770011,True
0.0,30,394483.024795,False
0.0,30,394530.688771,False
2.8,30,394576.066689,True
0.0,30,394619.066712,False
2.5,30,394664.810308,True
0.3,30,394705.354825,True
2.6,30,394750.591317,True
2.1,30,394798.772535,True
1.7,30,394840.841971,True
0.0,30,394883.343873,False
0.0,30,394928.833231,False
0.0,30,394977.038643,False
0.0,30,395023.345546,False
0.0,30,395070.097634,False
1.9,30,395114.558163,True
0.0,30,395155.990558,False
2.8,30,395200.440462,True
2.9,30,395486.973791,True
0.0,30,395529.193973,False
0.0,30,395571.960883,False
2.0,30,395616.672669,True
0.0,30,395662.271918,False
0.0,30,395712.765225,False
2.7,30,395755.839841,True
0.0,30,395804.773674,False
2.7,30,395848.085292,True
0.0,30,395892.28769,False
0.0,30,395934.110413,False
2.8,30,395981.211311,True
2.8,30,396033.256293,True
0.0,30,396078.403294,False
0.0,30,396137.418145,False
2.4,30,396182.417714,True
2.7,30,396225.483323,True
3.0,30,396272.310842,True
1.9,30,396315.935152,True
0.0,30,396361.306427,False
3.0,30,396409.840869,True
0.0,30,396455.567631,False
2.6,30,396500.54564,True
2.6,30,396544.193391,True
0.1,30,396584.351872,True
0.0,30,396626.25547,False
2.8,30,396675.06004,True
2.8,30,396716.694548,True
0.0,30,396767.5981,False
0.0,30,396821.777679,False
2.7,30,396861.358986,True
2.7,30,396909.926617,True
0.0,30,396953.206878,False
2.6,30,397000.589295,True
0.0,30,397313.71017,False
0.0,30,397354.746131,False
2.2,30,397403.463624,True
2.5,30,397443.947201,True
0.0,30,397488.948218,False
2.9,30,397534.824043,True
3.0,30,397580.767576,True
2.5,30,397624.588944,True
0.0,30,397677.332416,False
2.8,30,397724.086014,True
0.5,30,397766.34851,True
2.9,30,397813.301634,True
0.0,30,397855.341713,False
0.0,30,397904.398915,False
2.6,30,397952.618554,True
0.0,30,398003.638554,False
0.0,30,398049.875179,False
0.0,30,398091.301979,False
2.4,30,398131.851398,True
0.9,30,398175.837186,False
2.4,30,398221.966919,True
0.0,30,398266.332821,False
2.3,30,398313.491456,True
3.0,30,398356.350752,True
0.0,30,398406.553231,False
0.0,30,398451.728947,False
2.1,30,398498.188752,True
2.4,30,398542.755347,True
2.3,30,398587.43804,True
2.2,30,398645.341379,True
3.0,30,398693.680934,True
0.0,30,398734.388413,False
0.0,30,398778.471573,False
0.0,30,398829.751432,False
0.0,30,399121.22724,False
0.0,30,399167.19647,False
2.7,30,399215.656626,True
0.6,30,399264.903605,False
2.7,30,399308.803596,True
0.2,30,399359.803826,False
2.6,30,399403.793931,True
0.0,30,399445.30994,False
2.5,30,399492.303426,True
3.0,30,399541.244268,True
2.6,30,399584.070935,True
0.0,30,399631.860961,False
2.6,30,399689.738335,True
0.0,30,399732.487093,False
2.8,30,399780.270654,True
0.0,30,399823.827643,False
3.0,30,399874.183501,True
0.0,30,399920.243112,False
0.0,30,399964.008266,False
2.8,30,400011.566442,True
2.5,30,400056.145981,True
2.1,30,400101.584007,True
2.9,30,400150.307811,True
0.0,30,400195.788509,False
2.8,30,400239.636096,True
2.7,30,400281.914147,True
2.6,30,400329.222839,True
2.8,30,400374.570313,True
0.0,30,400422.462886,False
2.8,30,400495.897359,True
0.0,30,400544.535742,False
2.9,30,400589.764868,True
0.0,30,400638.928863,False
0.0,30,400688.196567,False
0.0,30,400960.697239,False
0.0,30,401003.730764,False
0.0,30,401046.188262,False
0.0,30,401090.045013,False
0.0,30,401133.430083,False
0.0,30,401183.187749,False
2.2,30,401230.45378,True
0.0,30,401277.829323,False
1.9,30,401322.863862,True
0.0,30,401369.354907,False
0.0,30,401407.077705,False
0.0,30,401451.700391,False
2.8,30,401497.230481,True
2.8,30,401540.484929,True
2.5,30,401585.747231,True
2.6,30,401631.574904,True
3.0,30,401676.879304,True
2.1,30,401724.902737,True
0.0,30,401769.23421,False
0.0,30,401810.087686,False
2.6,30,401854.110046,True
0.0,30,401897.256371,False
2.5,30,401937.831765,True
0.0,30,401981.37823,False
1.3,30,402024.213635,True
2.8,30,402069.975314,True
0.0,30,402116.333456,False
2.8,30,402165.518205,True
2.3,30,402213.892485,True
2.3,30,402255.528285,True
1.8,30,402302.873034,True
0.0,30,402343.844669,False
0.0,30,402384.950404,False
0.0,30,402430.800868,False
0.0,30,402725.626281,False
2.2,30,402771.696837,True
2.4,30,402819.378191,True
0.0,30,402867.178117,False
0.0,30,402914.091295,False
0.0,30,402963.874308,False
2.2,30,403007.828977,True
2.3,30,403052.070564,True
0.0,30,403097.007482,False
2.1,30,403142.177231,True
2.4,30,403192.158422,True
2.7,30,403230.550994,True
0.0,30,403273.33165,False
2.6,30,403322.679141,True
2.7,30,403366.120413,True
1.0,30,403408.34073,True
0.0,30,403457.155291,False
0.0,30,403499.392784,False
0.0,30,403543.817065,False
2.5,30,403586.918119,True
2.3,30,403629.18321,True
0.0,30,403690.795055,False
0.0,30,403740.501303,False
0.5,30,403782.199689,False
0.0,30,403826.744121,False
2.6,30,403868.394352,True
2.4,30,403925.922387,True
0.0,30,403969.93148,False
2.9,30,404015.218456,True
1.4,30,404055.249046,True
0.0,30,404100.073964,False
0.0,30,404149.439756,False
0.0,30,404193.140209,False
0.0,30,404251.084663,False
0.0,30,404294.102901,False
0.0,30,404545.439399,False
0.0,30,404604.843761,False
0.0,30,404655.847821,False
2.5,30,404700.965564,True
0.0,30,404741.057496,False
2.5,30,404783.163817,True
1.9,30,404826.09893,True
0.0,30,404871.654628,False
2.7,30,404910.472978,True
2.1,30,404954.678792,True
0.0,30,405002.30056,False
2.8,30,405042.417824,True
0.0,30,405086.240094,False
2.9,30,405130.42685,True
1.8,30,405175.107204,True
2.0,30,405218.901868,True
2.7,30,405262.273967,True
0.0,30,405307.008468,False
0.0,30,405355.546856,False
2.3,30,405412.445374,True
2.5,30,405455.204446,True
0.0,30,405499.02593,False
2.6,30,405538.662643,True
0.0,30,405585.376789,False
2.8,30,405631.669105,True
0.0,30,405681.262901,False
2.4,30,405727.449114,True
2.2,30,405773.66098,True
0.0,30,405823.120809,False
2.2,30,405868.413528,True
0.0,30,405915.269547,False
2.3,30,405959.961035,True
2.5,30,406002.613716,True
2.7,30,406045.025585,True
3.0,30,406328.576801,True
2.7,30,406372.676808,True
2.7,30,406420.79086,True
0.0,30,406468.359735,False
0.0,30,406512.51564,False
2.8,30,406554.647564,True
2.9,30,406596.276976,True
0.0,30,406643.597545,False
1.9,30,406687.32256,True
0.0,30,406737.842049,False
1.5,30,406783.310419,True
2.8,30,406832.388093,True
0.0,30,406880.495314,False
2.8,30,406925.744045,True
0.0,30,406966.68745,False
2.6,30,407013.461081,True
2.7,30,407055.648788,True
0.0,30,407099.168224,False
0.0,30,407146.315939,False
3.0,30,407196.471699,True
1.5,30,407240.980489,True
0.0,30,407288.667571,False
2.6,30,407334.981311,True
0.0,30,407391.53775,False
0.0,30,407436.605495,False
0.0,30,407485.613643,False
1.0,30,407541.090261,True
2.6,30,407587.622365,True
2.4,30,407632.912548,True
0.0,30,407673.714602,False
2.9,30,407718.607235,True
0.0,30,407762.113899,False
0.0,30,407804.793604,False
0.0,30,407860.523863,False
0.7,30,408142.891444,True
0.0,30,408188.661117,False
0.0,30,408233.383525,False
0.0,30,408282.646328,False
0.0,30,408328.550984,False
2.8,30,408376.634531,True
2.6,30,408429.446138,True
2.9,30,408473.25682,True
0.0,30,408515.663062,False
2.8,30,408562.902372,True
2.2,30,408610.900112,True
0.0,30,408655.909496,False
2.0,30,408700.51341,True
2.5,30,408746.607707,True
2.3,30,408786.655106,True
0.5,30,408829.947536,False
2.4,30,408873.785298,True
1.4,30,408917.770252,False
3.0,30,408976.366769,True
1.9,30,409024.980869,True
3.0,30,409075.720469,True
2.6,30,409116.791825,True
0.3,30,409160.513272,False
0.0,30,409206.282207,False
0.0,30,409254.98629,False
0.0,30,409303.689211,False
0.0,30,409349.174321,False
0.0,30,409391.487389,False
2.5,30,409441.322875,True
0.0,30,409484.837176,False
2.3,30,409530.810883,True
0.0,30,409573.304878,False
0.0,30,409614.669981,False
0.0,30,409660.432766,False
0.0,30,409942.80951,False
2.7,30,409986.633984,True
0.0,30,410031.65205,False
0.0,30,410075.214037,False
0.0,30,410127.726129,False
1.2,30,410172.45453,True
0.0,30,410214.569894,False
0.0,30,410260.449773,False
0.0,30,410311.725509,False
0.0,30,410357.164729,False
0.0,30,410407.728414,False
0.0,30,410454.344048,False
1.1,30,410505.128393,True
2.7,30,410544.246013,True
0.0,30,410590.929388,False
2.2,30,410637.934204,True
2.7,30,410682.118826,True
0.0,30,410724.446059,False
0.0,30,410767.100204,False
0.0,30,410816.653112,False
2.5,30,410858.850913,True
1.7,30,410904.710993,True
3.0,30,410956.835933,True
0.0,30,410999.472414,False
2.2,30,411048.237133,False
0.0,30,411092.790026,False
2.7,30,411131.619234,True
0.0,30,411177.031696,False
2.2,30,411226.856876,True
0.0,30,411273.558318,False
2.2,30,411319.973228,True
3.0,30,411364.618284,True
2.9,30,411414.392587,True
2.6,30,411457.917914,True
0.0,30,411774.63725,False
2.8,30,411818.624137,True
2.7,30,411868.620047,True
0.0,30,411913.952539,False
2.4,30,411961.668311,True
0.0,30,412006.608929,False
2.9,30,412053.998877,True
0.0,30,412096.229215,False
0.0,30,412141.908185,False
0.1,30,412191.02095,False
0.0,30,412235.551503,False
0.0,30,412284.434336,False
3.0,30,412330.23645,True
1.7,30,412376.501538,True
0.0,30,412416.405722,False
0.0,30,412462.655072,False
0.0,30,412514.985335,False
0.0,30,412562.251761,False
2.8,30,412606.415304,True
2.3,30,412660.846809,True
0.2,30,412709.503839,False
2.0,30,412758.475063,True
2.3,30,412803.169901,True
2.9,30,412847.089842,True
0.0,30,412891.72832,False
2.5,30,412935.966319,True
0.0,30,412978.071361,False
0.0,30,413019.478552,False
2.2,30,413063.412949,True
0.0,30,413114.815252,False
0.0,30,413162.356564,False
1.6,30,413220.672145,True
2.9,30,413267.891083,True
0.0,30,413316.508746,False
0.0,30,413592.163822,False
2.7,30,413636.833852,True
2.7,30,413685.917392,True
2.8,30,413738.947819,True
2.7,30,413780.276259,True
2.4,30,413825.761245,True
2.5,30,413866.584105,True
0.0,30,413917.732331,False
2.6,30,413959.841405,True
2.8,30,414009.631299,True
2.9,30,414060.397286,True
2.8,30,414103.8684,True
2.8,30,414143.108379,True
0.0,30,414186.818507,False
0.0,30,414234.050893,False
2.8,30,414276.17473,True
2.9,30,414319.889233,True
0.0,30,414362.410418,False
3.0,30,414413.744491,True
2.7,30,414456.52616,True
2.4,30,414498.16615,True
0.0,30,414541.913165,False
2.8,30,414589.954781,True
1.1,30,414636.497479,True
2.5,30,414684.2334,True
0.0,30,414731.064855,False
0.0,30,414770.70625,False
2.7,30,414817.650342,True
2.3,30,414861.548776,True
2.5,30,414904.976171,True
0.0,30,414954.185563,False
0.0,30,414996.293772,False
0.0,30,415045.538784,False
2.8,30,415088.148364,True
2.0,30,415376.796332,True
2.6,30,415421.38634,True
2.7,30,415468.498962,True
2.4,30,415516.962173,True
2.8,30,415559.32321,True
1.5,30,415606.293292,False
2.8,30,415649.449304,True
2.9,30,415694.629871,True
1.5,30,415739.510259,True
2.6,30,415784.037042,True
0.0,30,415826.406882,False
2.0,30,415870.200009,True
0.0,30,415922.259954,False
0.0,30,415963.763692,False
0.7,30,416011.539403,True
2.7,30,416051.617757,True
2.8,30,416096.611923,True
2.3,30,416152.55501,True
0.0,30,416200.843183,False
0.0,30,416248.939404,False
2.7,30,416295.18011,True
0.0,30,416340.917633,False
0.0,30,416381.358632,False
0.0,30,416423.489325,False
2.9,30,416475.685425,True
2.7,30,416519.987841,True
0.0,30,416566.040776,False
2.7,30,416611.245436,True
0.0,30,416654.036634,False
2.7,30,416698.19297,True
2.5,30,416743.340981,True
0.0,30,416796.787581,False
0.0,30,416846.216843,False
0.0,30,416889.814562,False
1.9,30,417192.006642,True
3.0,30,417236.225772,True
0.7,30,417283.974062,True
2.4,30,417331.10639,True
0.0,30,417377.481466,False
1.5,30,417425.097816,True
0.0,30,417465.210304,False
2.5,30,417512.938681,True
2.4,30,417564.208013,True
1.6,30,417606.455439,True
0.3,30,417647.40235,True
2.8,30,417692.770123,True
2.7,30,417737.511595,True
0.0,30,417781.334715,False
2.0,30,417825.844643,True
0.0,30,417883.094937,False
2.4,30,417932.17033,True
2.7,30,417974.022468,True
1.9,30,418019.949669,True
2.0,30,418061.261797,True
0.0,30,418103.0641,False
0.0,30,418153.403769,False
2.1,30,418192.20349,True
0.0,30,418230.34693,False
2.7,30,418278.27639,True
1.8,30,418320.339608,True
0.0,30,418368.796644,False
0.0,30,418409.766833,False
2.0,30,418454.239848,True
0.0,30,418497.462114,False
2.2,30,418541.693545,True
0.0,30,418581.720668,False
3.0,30,418626.524192,True
0.0,30,418672.228158,False
0.0,30,418717.919938,False
1.5,30,418999.48393,True
0.0,30,419044.733401,False
0.0,30,419092.423913,False
2.7,30,419142.774648,True
1.8,30,419187.503914,True
2.8,30,419232.432301,True
0.0,30,419282.314338,False
0.0,30,419329.999803,False
2.3,30,419378.434076,True
2.8,30,419436.176228,True
0.0,30,419482.006248,False
2.1,30,419528.297076,True
0.0,30,419570.357475,False
2.8,30,419616.355154,True
0.0,30,419659.998035,False
0.0,30,419704.95543,False
2.0,30,419747.043467,True
2.5,30,419790.372943,True
2.3,30,419832.892791,True
0.0,30,419874.420308,False
3.0,30,419924.911613,True
0.0,30,419969.950916,False
2.9,30,420012.831718,True
2.7,30,420055.623479,True
2.6,30,420099.371014,True
3.0,30,420146.929941,True
0.0,30,420193.129772,False
1.7,30,420232.812426,True
0.0,30,420278.090986,False
2.8,30,420323.537729,True
2.8,30,420363.753448,True
3.0,30,420408.7211,True
2.9,30,420466.411624,True
2.6,30,420507.541069,True
2.9,30,420818.748712,True
0.0,30,420863.751915,False
2.8,30,420906.5911,True
1.5,30,420956.693319,True
2.0,30,420996.554532,True
2.9,30,421053.388051,True
2.5,30,421095.655471,True
0.0,30,421145.510241,False
3.0,30,421192.868885,True
0.0,30,421236.366072,False
0.0,30,421283.625094,False
2.1,30,421326.616405,True
1.6,30,421374.219005,True
2.0,30,421422.746258,True
0.0,30,421474.502098,False
0.0,30,421517.793515,False
2.8,30,421562.660519,True
0.0,30,421611.715384,False
0.0,30,421649.260452,False
0.0,30,421691.51027,False
1.3,30,421736.224284,True
0.4,30,421782.66967,True
0.0,30,421829.8711,False
1.7,30,421881.308074,True
0.0,30,421923.755663,False
0.0,30,421970.545475,False
0.0,30,422016.765492,False
2.6,30,422063.790137,True
0.0,30,422112.448153,False
2.6,30,422158.827837,True
2.7,30,422201.181399,True
0.0,30,422250.970503,False
2.6,30,422292.078259,True
2.4,30,422337.864366,True
0.0,30,422670.489107,False
0.0,30,422714.838849,False
0.0,30,422762.999341,False
2.7,30,422826.098489,True
0.0,30,422870.049939,False
0.0,30,422915.669625,False
0.0,30,422959.050559,False
2.5,30,423002.007061,True
3.0,30,423049.441567,True
2.9,30,423097.633796,True
2.7,30,423141.543603,True
2.7,30,423184.799781,True
0.0,30,423230.827919,False
3.0,30,423270.051206,True
2.6,30,423314.770088,True
2.4,30,423362.663916,True
2.2,30,423411.123586,True
3.0,30,423451.695428,True
0.0,30,423494.104669,False
2.9,30,423539.782269,True
1.3,30,423587.198625,True
0.0,30,423633.067255,False
1.9,30,423674.814122,True
0.0,30,423717.014881,False
0.0,30,423757.671098,False
0.0,30,423796.309449,False
0.0,30,423839.907855,False
0.0,30,423886.152386,False
0.0,30,423937.091152,False
0.0,30,423975.081884,False
0.0,30,424020.400968,False
2.7,30,424075.043564,True
2.2,30,424116.004125,True
0.0,30,424161.059835,False
1.8,30,424488.40881,True
0.0,30,424535.714516,False
0.0,30,424580.154265,False
0.0,30,424627.761221,False
2.5,30,424678.27638,True
2.5,30,424728.502113,True
0.0,30,424770.761912,False
2.8,30,424815.265049,True
0.0,30,424857.606408,False
3.0,30,424902.874161,True
0.0,30,424954.471368,False
0.0,30,424997.442585,False
0.0,30,425043.218216,False
2.6,30,425089.584057,True
0.2,30,425128.837675,True
2.5,30,425172.468096,True
0.0,30,425217.920486,False
2.8,30,425260.467027,True
0.0,30,425307.086139,False
0.0,30,425352.209484,False
2.4,30,425393.340372,True
0.0,30,425435.786388,False
2.4,30,425478.176183,True
2.7,30,425527.090765,True
0.0,30,425574.249273,False
2.6,30,425616.427933,True
2.7,30,425672.133713,True
0.0,30,425715.542153,False
0.0,30,425762.433504,False
0.0,30,425801.205827,False
2.8,30,425848.270549,True
0.8,30,425891.031201,True
2.0,30,425935.28756,True
0.0,30,425983.232855,False
2.2,30,426297.587827,True
2.9,30,426341.114223,True
2.8,30,426388.113894,True
0.0,30,426458.813143,False
0.9,30,426511.089729,True
2.6,30,426555.657677,True
3.0,30,426600.461857,True
2.6,30,426655.008153,True
2.2,30,426704.066653,True
2.8,30,426751.989764,True
0.0,30,426799.321479,False
2.8,30,426844.953611,True
2.7,30,426892.535771,True
2.3,30,426941.180619,True
2.7,30,426988.376544,True
1.6,30,427030.859013,True
0.0,30,427075.411628,False
0.0,30,427118.531842,False
0.0,30,427165.527423,False
0.0,30,427210.444409,False
2.3,30,427259.378932,True
0.0,30,427307.722283,False
2.0,30,427358.267814,True
2.8,30,427401.362397,True
0.6,30,427446.513432,True
0.0,30,427494.532289,False
2.8,30,427538.13068,True
2.9,30,427583.878349,True
2.7,30,427629.291937,True
0.0,30,427677.553329,False
0.0,30,427723.980734,False
2.2,30,427770.981273,True
0.0,30,427820.104518,False
0.0,30,427862.031651,False
2.7,30,428217.507885,True
0.0,30,428261.82089,False
0.0,30,428307.385094,False
0.0,30,428350.433085,False
2.8,30,428400.263719,True
0.0,30,428447.01023,False
0.0,30,428491.690592,False
2.8,30,428538.285492,True
2.2,30,428582.45317,True
2.7,30,428625.990845,True
0.0,30,428677.798001,False
0.0,30,428726.942272,False
0.0,30,428772.709139,False
0.0,30,428816.566241,False
2.5,30,428863.373132,True
0.0,30,428904.79111,False
0.0,30,428949.53424,False
0.0,30,428994.966358,False
0.0,30,429042.014192,False
2.6,30,429084.872349,True
0.0,30,429127.624254,False
0.0,30,429181.148009,False
0.0,30,429229.000906,False
0.0,30,429274.323185,False
2.7,30,429319.131313,True
0.0,30,429360.942703,False
0.0,30,429410.709887,False
2.9,30,429455.750349,True
0.3,30,429500.088226,True
2.6,30,429549.0198,True
2.9,30,429593.794132,True
2.7,30,429636.822377,True
0.0,30,429692.143917,False
2.8,30,429737.975026,True
2.7,30,430090.05568,True
0.0,30,430131.738203,False
2.7,30,430176.676561,True
0.0,30,430226.019493,False
0.0,30,430274.791641,False
0.0,30,430319.055351,False
2.4,30,430367.001948,True
2.5,30,430415.642401,True
0.0,30,430459.654147,False
0.0,30,430511.495713,False
0.0,30,430557.356023,False
0.0,30,430609.583243,False
2.5,30,430662.314987,True
0.0,30,430711.265669,False
3.0,30,430759.858606,True
0.0,30,430808.001352,False
2.8,30,430860.912364,True
2.5,30,430901.410188,True
2.5,30,430948.958394,True
2.8,30,430993.245679,True
0.0,30,431036.518328,False
2.8,30,431083.451508,True
0.0,30,431135.950816,False
0.0,30,431187.414359,False
0.0,30,431233.240405,False
0.0,30,431276.643333,False
0.0,30,431326.708508,False
0.0,30,431370.312068,False
0.0,30,431418.153085,False
2.5,30,431467.216832,True
0.0,30,431517.190367,False
2.9,30,431567.608227,True
2.9,30,431615.134613,True
0.0,30,431661.980497,False
1.9,30,431705.026923,True
3.0,30,432041.455395,True
0.0,30,432084.467739,False
0.0,30,432131.299566,False
2.5,30,432186.130267,True
0.0,30,432229.630523,False
0.0,30,432278.193243,False
0.0,30,432327.419115,False
2.5,30,432375.200842,True
0.0,30,432423.043451,False
2.2,30,432466.113992,True
0.0,30,432513.742644,False
0.0,30,432563.546995,False
2.5,30,432605.939397,True
3.0,30,432662.037754,True
0.0,30,432708.356565,False
0.0,30,432754.609446,False
0.0,30,432802.47041,False
2.9,30,432849.760144,True
0.0,30,432891.088493,False
2.3,30,432935.431159,True
0.0,30,432979.380744,False
0.0,30,433025.806205,False
2.7,30,433074.866512,True
1.1,30,433122.037709,False
2.7,30,433167.997037,True
2.7,30,433212.981755,True
2.8,30,433252.124014,True
0.0,30,433299.450511,False
2.8,30,433345.054947,True
2.9,30,433389.916548,True
0.0,30,433437.613076,False
0.0,30,433486.492866,False
0.0,30,433533.487117,False
0.0,30,433577.416607,False
2.8,30,433932.316351,True
2.3,30,433981.462295,True
2.0,30,434027.790614,True
0.0,30,434073.366642,False
2.3,30,434114.720694,True
2.7,30,434162.671462,True
0.0,30,434209.760012,False
3.0,30,434253.785096,True
3.0,30,434297.698012,True
0.0,30,434345.708392,False
2.9,30,434395.750232,True
0.0,30,434443.594423,False
1.7,30,434494.060108,True
2.5,30,434543.318895,True
0.0,30,434587.464193,False
0.0,30,434630.321912,False
0.0,30,434680.533518,False
0.0,30,434732.357728,False
0.0,30,434777.308681,False
2.2,30,434823.926002,True
2.0,30,434867.532207,True
0.0,30,434911.576725,False
2.1,30,434962.748624,True
0.0,30,435009.230828,False
0.0,30,435056.181942,False
0.0,30,435103.531437,False
3.0,30,435148.53634,True
2.4,30,435192.956389,False
1.6,30,435237.31007,True
2.7,30,435285.641509,True
2.5,30,435334.146866,True
0.0,30,435383.482262,False
2.4,30,435429.608819,True
0.0,30,435476.092496,False
2.5,30,435827.130551,True
2.5,30,435871.076224,True
2.6,30,435918.88534,True
0.0,30,435962.915174,False
2.0,30,436014.920379,True
2.8,30,436060.771552,True
0.0,30,436108.934256,False
0.0,30,436151.134802,False
3.0,30,436197.835899,True
0.0,30,436244.422405,False
2.4,30,436286.335301,True
2.4,30,436332.176886,True
1.5,30,436384.220856,False
0.0,30,436433.250065,False
2.8,30,436482.161617,True
2.8,30,436530.688305,True
0.0,30,436583.412125,False
0.0,30,436629.63452,False
2.6,30,436672.86717,True
2.7,30,436724.265241,True
2.6,30,436768.714024,True
2.8,30,436818.806713,True
2.6,30,436863.099581,True
0.0,30,436916.115793,False
0.0,30,436961.112103,False
0.4,30,437011.611665,True
0.0,30,437059.399333,False
0.0,30,437105.154974,False
2.5,30,437148.17082,True
2.5,30,437200.107721,True
2.3,30,437247.062254,True
2.8,30,437296.188978,True
2.6,30,437338.87969,True
0.0,30,437387.129074,False
2.7,30,437725.528804,True
2.1,30,437778.551568,True
2.5,30,437829.355419,True
1.2,30,437888.207735,True
2.7,30,437936.122613,True
2.6,30,437980.808408,True
2.3,30,438030.251116,True
0.0,30,438077.19013,False
0.0,30,438124.417451,False
0.0,30,438169.64354,False
2.4,30,438216.030009,True
0.0,30,438265.595978,False
3.0,30,438307.805836,True
2.7,30,438355.131789,True
2.8,30,438406.793422,True
0.0,30,438451.682292,False
2.7,30,438497.657958,True
2.6,30,438545.842049,True
2.2,30,438589.504365,True
1.8,30,438639.245848,True
2.6,30,438684.594711,True
2.8,30,438730.794368,True
0.0,30,438780.955248,False
0.0,30,438826.485732,False
2.5,30,438871.352033,True
3.0,30,438920.02904,True
0.0,30,438968.363113,False
2.7,30,439021.192408,True
2.6,30,439067.448275,True
2.3,30,439119.194131,True
0.0,30,439167.304295,False
0.0,30,439218.010213,False
0.0,30,439270.587401,False
0.0,30,439317.604398,False
0.0,30,439642.975068,False
2.6,30,439688.287256,True
2.8,30,439739.75474,True
0.0,30,439791.909985,False
2.7,30,439843.488944,True
0.0,30,439889.630601,False
0.0,30,439936.499129,False
2.5,30,439982.820603,True
2.6,30,440038.772358,True
2.4,30,440088.081575,True
2.2,30,440137.794038,True
1.0,30,440188.410463,True
0.0,30,440235.161441,False
2.5,30,440280.099717,True
2.6,30,440329.199901,True
0.0,30,440373.471562,False
2.7,30,440417.429103,True
2.2,30,440462.981311,True
2.3,30,440509.688445,True
0.0,30,440554.404832,False
2.7,30,440597.839995,True
0.0,30,440650.015751,False
2.3,30,440696.311769,True
1.9,30,440746.397078,True
2.4,30,440796.667475,True
0.0,30,440837.488171,False
2.7,30,440886.392634,True
0.0,30,440937.389004,False
0.0,30,440980.235051,False
0.0,30,441029.779303,False
0.0,30,441087.852353,False
0.0,30,441132.660011,False
0.0,30,441184.890564,False
0.0,30,441232.847749,False
0.0,30,441572.477457,False
0.0,30,441621.190892,False
2.6,30,441671.095884,True
2.8,30,441720.440873,True
0.0,30,441765.83339,False
1.5,30,441810.057741,False
0.0,30,441860.367678,False
0.0,30,441908.389893,False
0.0,30,441954.861068,False
0.0,30,442001.421318,False
2.8,30,442052.079992,True
0.0,30,442093.817206,False
2.5,30,442142.241044,True
0.8,30,442189.753841,True
0.0,30,442231.993832,False
0.0,30,442276.353153,False
2.6,30,442330.4155,True
3.0,30,442376.736259,True
2.4,30,442422.278736,True
0.0,30,442476.727441,False
0.0,30,442519.506525,False
0.0,30,442564.682973,False
2.2,30,442612.969995,True
0.0,30,442656.401703,False
2.4,30,442696.797465,True
1.9,30,442742.348469,True
2.4,30,442787.410699,True
0.3,30,442828.181888,True
0.0,30,442870.774438,False
0.0,30,442909.107181,False
1.1,30,442953.432015,False
0.8,30,442999.841616,True
2.3,30,443043.38455,True
0.0,30,443090.648699,False
2.6,30,443439.244683,True
3.0,30,443489.303105,True
2.4,30,443532.450057,True
2.5,30,443583.201218,True
2.8,30,443630.146147,True
0.0,30,443675.705509,False
2.4,30,443725.023711,True
0.0,30,443768.234063,False
1.9,30,443815.06634,True
2.6,30,443860.995133,True
0.0,30,443907.213179,False
0.0,30,443954.342985,False
0.0,30,443996.379357,False
0.0,30,444045.531238,False
2.4,30,444094.781502,True
2.5,30,444150.557257,True
2.5,30,444198.587858,True
2.6,30,444242.517683,True
2.5,30,444287.400414,True
0.0,30,444333.629809,False
0.0,30,444379.592812,False
0.0,30,444421.673332,False
0.0,30,444465.1057,False
2.7,30,444514.206329,True
2.6,30,444564.449413,True
0.0,30,444608.705015,False
2.7,30,444653.766097,True
2.3,30,444700.0163,True
2.9,30,444750.00511,True
0.0,30,444797.039417,False
2.6,30,444849.906839,True
2.7,30,444895.433131,True
2.5,30,444946.735667,True
0.0,30,444991.636853,False
3.0,30,445334.415469,True
0.0,30,445381.614954,False
0.0,30,445428.33567,False
0.0,30,445478.470442,False
1.6,30,445526.289314,True
2.4,30,445571.511584,True
2.6,30,445611.931759,True
0.0,30,445654.14297,False
1.6,30,445698.510162,True
1.2,30,445746.568196,True
3.0,30,445791.298201,True
2.7,30,445844.534812,True
0.0,30,445891.20528,False
2.8,30,445939.597746,True
0.0,30,445987.394631,False
0.4,30,446031.001644,True
0.0,30,446075.279649,False
0.0,30,446131.697648,False
3.0,30,446176.88445,True
0.0,30,446223.194888,False
0.0,30,446266.27818,False
0.0,30,446308.563703,False
3.0,30,446358.310862,True
0.2,30,446401.810677,True
0.0,30,446445.743881,False
0.0,30,446489.15653,False
2.5,30,446529.584446,True
0.0,30,446576.659554,False
2.1,30,446620.06307,False
0.0,30,446665.234043,False
2.7,30,446709.071396,True
0.0,30,446752.037474,False
0.0,30,446798.577711,False
0.0,30,446847.346987,False
0.3,30,446893.310249,True
2.6,30,447241.868437,True
2.5,30,447285.472389,True
1.8,30,447332.186389,True
1.9,30,447381.736077,True
0.0,30,447424.296386,False
2.9,30,447471.622382,True
0.0,30,447515.719891,False
0.0,30,447559.761755,False
2.4,30,447615.683074,True
0.0,30,447658.819457,False
2.8,30,447703.997108,True
2.8,30,447751.793814,True
0.5,30,447800.35868,True
2.2,30,447846.204495,False
0.0,30,447893.145766,False
2.6,30,447937.187979,True
2.2,30,447985.342838,True
0.0,30,448029.77806,False
2.7,30,448073.959147,True
2.3,30,448118.088607,True
2.7,30,448171.919738,True
2.8,30,448221.758513,True
0.0,30,448263.438534,False
1.7,30,448308.409389,True
0.0,30,448357.3866,False
0.0,30,448405.336523,False
2.3,30,448458.644905,True
0.0,30,448509.06935,False
0.0,30,448553.827407,False
0.0,30,448604.976415,False
0.0,30,448652.701835,False
0.0,30,448702.486684,False
2.8,30,448750.043109,True
3.0,30,448792.597993,True
1.6,30,449146.991019,True
0.0,30,449195.388559,False
2.5,30,449241.385646,True
0.0,30,449286.924003,False
0.0,30,449336.572837,False
0.0,30,449375.576176,False
0.0,30,449421.876098,False
0.0,30,449462.46687,False
0.0,30,449508.778394,False
2.3,30,449556.021742,True
0.0,30,449599.123578,False
0.0,30,449640.47113,False
3.0,30,449694.599005,True
0.0,30,449742.1284,False
2.5,30,449785.365539,True
0.0,30,449825.372963,False
0.0,30,449872.54966,False
0.0,30,449915.231492,False
0.0,30,449962.877891,False
0.0,30,450006.388037,False
0.0,30,450054.339851,False
2.7,30,450099.438162,True
0.0,30,450141.035191,False
2.7,30,450187.40464,True
0.0,30,450234.46928,False
0.0,30,450278.955031,False
0.0,30,450325.367616,False
2.4,30,450369.070783,True
0.0,30,450420.119861,False
2.9,30,450463.817918,True
2.4,30,450506.424685,True
0.3,30,450549.783119,True
2.5,30,450592.451323,True
3.0,30,450643.477468,True
1.8,30,450984.28836,True
0.0,30,451030.207281,False
2.3,30,451073.957684,True
0.0,30,451119.439835,False
0.0,30,451167.87389,False
0.0,30,451214.751407,False
3.0,30,451261.548681,True
2.6,30,451307.206943,True
0.0,30,451349.894935,False
2.6,30,451390.979786,True
2.0,30,451437.795656,True
2.7,30,451476.693833,True
0.0,30,451523.377316,False
2.8,30,451571.538855,True
2.4,30,451625.980918,True
2.5,30,451667.2686,True
0.0,30,451708.967268,False
2.0,30,451753.111635,True
0.0,30,451793.647933,False
2.2,30,451840.337426,True
0.0,30,451887.7694,False
0.6,30,451936.928662,True
0.0,30,451983.570833,False
0.0,30,452022.812868,False
2.8,30,452066.193401,True
0.0,30,452117.938912,False
0.0,30,452165.245221,False
0.0,30,452213.033604,False
0.0,30,452254.135403,False
0.0,30,452299.759736,False
0.8,30,452345.575319,False
2.2,30,452393.312244,True
2.3,30,452443.000348,True
2.5,30,452488.841661,True
0.0,30,452822.298617,False
0.0,30,452874.570517,False
2.2,30,452919.775362,True
2.5,30,452963.403522,True
2.3,30,453010.331305,True
2.5,30,453051.891495,True
0.0,30,453093.587143,False
2.8,30,453145.168181,True
0.0,30,453191.128322,False
2.3,30,453237.079631,True
2.7,30,453283.372694,True
3.0,30,453329.00234,True
0.0,30,453379.086946,False
2.2,30,453427.160461,True
0.0,30,453474.623787,False
0.6,30,453521.157813,True
2.5,30,453571.393613,True
0.0,30,453621.426862,False
2.6,30,453665.538405,True
2.5,30,453710.425958,True
2.5,30,453753.770431,True
2.4,30,453796.340862,True
0.0,30,453839.009871,False
1.7,30,453882.364786,False
0.0,30,453929.587765,False
0.0,30,453978.199952,False
2.6,30,454034.536651,True
0.0,30,454080.748569,False
0.0,30,454129.100152,False
0.0,30,454173.517762,False
0.0,30,454218.458738,False
3.0,30,454267.604563,True
0.0,30,454318.889335,False
3.0,30,454362.0066,True
2.3,30,454704.049469,False
0.0,30,454752.801533,False
3.0,30,454799.102486,True
2.8,30,454841.295981,True
0.0,30,454882.021007,False
3.0,30,454928.602204,True
0.0,30,454978.98912,False
2.6,30,455022.515517,True
0.0,30,455067.920768,False
3.0,30,455112.25875,True
2.4,30,455162.371448,True
0.0,30,455208.019934,False
2.8,30,455250.037972,True
0.0,30,455299.716904,False
2.5,30,455343.20938,True
0.0,30,455390.81707,False
2.3,30,455433.595705,True
2.2,30,455478.119959,True
2.6,30,455521.661412,True
3.0,30,455566.071717,True
0.8,30,455614.116151,False
2.8,30,455662.675242,True
0.0,30,455711.528852,False
0.0,30,455755.888111,False
0.0,30,455803.979563,False
2.5,30,455854.351365,True
2.6,30,455899.521795,True
2.9,30,455945.911592,True
2.2,30,455990.92657,True
0.0,30,456039.137501,False
2.7,30,456084.268744,True
0.0,30,456128.15335,False
0.0,30,456173.35903,False
2.2,30,456222.950558,True
0.0,30,456559.535518,False
0.0,30,456604.969656,False
0.0,30,456647.363304,False
0.0,30,456693.048074,False
2.3,30,456736.447102,True
2.9,30,456778.972926,True
0.0,30,456826.288336,False
0.0,30,456868.510638,False
0.0,30,456914.822757,False
0.0,30,456959.544765,False
0.0,30,457008.376407,False
2.4,30,457056.293399,True
2.8,30,457103.665798,True
0.0,30,457151.688552,False
2.9,30,457194.559709,True
0.0,30,457239.074889,False
0.0,30,457290.616873,False
1.7,30,457335.602822,True
0.0,30,457385.385003,False
3.0,30,457433.477084,True
2.5,30,457479.943259,True
2.8,30,457524.48243,True
0.0,30,457570.793792,False
0.0,30,457615.94294,False
3.0,30,457658.497507,True
0.0,30,457706.644906,False
2.4,30,457755.642447,True
0.0,30,457799.411243,False
2.7,30,457846.964921,True
0.0,30,457897.943057,False
2.4,30,457939.932801,True
2.7,30,457981.519668,True
0.0,30,458025.40523,False
2.9,30,458073.355291,True
0.0,30,458393.64638,False
0.0,30,458436.478931,False
0.0,30,458485.419317,False
0.0,30,458530.997144,False
2.4,30,458576.706227,True
1.5,30,458624.361929,True
0.0,30,458672.220866,False
0.0,30,458724.139405,False
0.0,30,458775.15152,False
2.5,30,458817.254789,True
0.0,30,458861.89427,False
2.6,30,458907.150434,True
2.7,30,458951.501025,True
0.0,30,458991.536241,False
2.8,30,459034.351139,True
0.0,30,459083.437126,False
0.0,30,459135.567679,False
0.0,30,459182.802114,False
0.0,30,459229.25275,False
2.5,30,459277.156645,True
0.0,30,459324.939645,False
2.6,30,459366.506049,True
3.0,30,459417.115586,True
2.8,30,459467.255537,True
0.0,30,459514.921156,False
0.0,30,459553.033185,False
0.0,30,459597.81599,False
0.0,30,459644.143723,False
0.0,30,459686.925531,False
2.7,30,459734.649992,True
2.6,30,459780.86653,True
0.0,30,459826.344077,False
2.7,30,459870.17128,True
2.9,30,459921.464047,True
0.0,30,459963.827355,False
0.0,30,460306.251217,False
2.8,30,460349.664463,True
0.0,30,460395.927751,False
2.8,30,460450.319794,True
0.0,30,460489.497499,False
3.0,30,460532.023419,True
0.0,30,460574.501736,False
0.0,30,460622.411953,False
1.9,30,460667.474506,True
2.2,30,460721.547899,True
2.6,30,460768.390985,True
0.0,30,460818.861372,False
0.0,30,460864.824131,False
2.7,30,460908.922696,True
2.5,30,460954.311578,True
2.1,30,461005.160059,True
0.0,30,461050.028347,False
2.3,30,461093.749896,True
0.0,30,461141.410813,False
3.0,30,461196.90472,True
2.6,30,461243.927934,True
0.0,30,461293.13519,False
3.0,30,461339.057163,True
2.7,30,461380.377835,True
0.0,30,461422.41343,False
0.0,30,461467.084116,False
2.0,30,461510.136107,True
2.6,30,461552.599606,True
2.5,30,461600.474274,True
2.4,30,461650.540044,True
2.7,30,461693.926316,True
2.7,30,461742.893777,True
1.4,30,461792.901119,True
2.4,30,461836.773162,True
0.0,30,462169.975825,False
2.7,30,462217.636538,True
0.0,30,462262.043449,False
0.0,30,462306.674703,False
0.0,30,462359.38009,False
1.8,30,462408.275976,False
2.7,30,462465.356586,True
3.0,30,462513.847115,True
2.5,30,462558.553951,True
0.0,30,462603.528708,False
2.5,30,462649.872901,True
0.0,30,462693.784005,False
0.0,30,462739.301723,False
2.7,30,462782.805092,True
2.4,30,462831.846102,True
0.0,30,462883.583324,False
0.5,30,462930.150616,True
2.9,30,462969.48892,True
0.0,30,463008.489731,False
0.0,30,463052.298499,False
0.0,30,463101.164614,False
0.0,30,463146.201493,False
2.8,30,463191.174168,True
2.9,30,463237.145267,True
2.5,30,463286.450128,True
2.8,30,463328.979021,True
2.7,30,463373.401097,True
0.0,30,463417.274599,False
0.0,30,463460.34715,False
2.9,30,463506.10365,True
3.0,30,463553.873746,True
0.0,30,463613.340215,False
2.2,30,463657.50968,True
2.9,30,463705.755015,True
3.0,30,464052.026174,True
2.6,30,464100.380211,True
3.0,30,464144.547776,True
2.7,30,464190.720137,True
2.6,30,464233.230226,True
3.0,30,464280.800101,True
2.2,30,464320.18203,True
0.0,30,464366.792205,False
2.3,30,464413.78442,True
2.8,30,464460.156383,True
0.0,30,464502.879711,False
2.2,30,464546.431351,True
2.5,30,464592.128127,True
2.9,30,464638.378955,True
0.0,30,464684.236641,False
0.0,30,464729.124271,False
2.4,30,464777.497042,True
3.0,30,464826.773325,True
2.5,30,464870.903876,True
2.3,30,464920.72051,True
0.0,30,464968.578706,False
2.2,30,465016.846623,True
2.7,30,465064.077298,True
0.0,30,465118.280327,False
2.6,30,465165.708918,True
2.6,30,465206.973077,True
2.7,30,465246.561875,True
2.7,30,465293.105564,True
2.8,30,465337.449796,True
0.0,30,465381.480698,False
0.0,30,465424.950244,False
3.0,30,465469.912272,True
2.9,30,465514.018793,True
2.0,30,465563.432311,True
0.0,30,465917.046669,False
2.4,30,465962.969018,True
0.0,30,466007.433812,False
2.8,30,466053.512941,True
2.4,30,466103.986998,True
3.0,30,466151.693121,True
0.0,30,466201.310423,False
2.9,30,466247.758769,True
0.0,30,466295.439661,False
0.0,30,466339.667331,False
0.0,30,466386.276075,False
2.2,30,466430.019231,True
2.8,30,466479.793399,True
0.0,30,466528.916207,False
3.0,30,466573.439309,True
0.0,30,466624.638885,False
2.9,30,466665.033082,True
2.8,30,466715.492528,True
0.0,30,466763.913135,False
0.0,30,466808.175328,False
0.2,30,466856.32066,True
2.4,30,466903.227814,True
2.3,30,466950.950563,True
3.0,30,466997.300502,True
0.0,30,467038.981789,False
1.9,30,467083.837107,True
2.7,30,467134.196611,True
2.6,30,467179.020745,True
2.5,30,467226.989413,True
0.0,30,467272.513365,False
2.2,30,467319.951922,True
2.6,30,467364.525141,True
3.0,30,467405.651268,True
0.0,30,467450.424791,False
0.2,30,467813.426907,False
2.8,30,467858.720257,True
0.0,30,467906.551658,False
2.4,30,467952.230981,True
2.1,30,468000.484687,True
0.0,30,468051.282574,False
0.0,30,468100.55079,False
2.8,30,468142.962937,True
0.0,30,468189.738692,False
2.4,30,468235.763217,True
0.0,30,468280.290972,False
0.0,30,468322.97896,False
0.0,30,468373.319276,False
2.8,30,468418.32557,True
2.6,30,468467.692792,True
0.0,30,468512.833944,False
2.7,30,468560.547107,True
0.0,30,468604.265866,False
2.9,30,468653.552015,True
0.0,30,468701.363521,False
2.7,30,468746.095668,True
2.6,30,468787.946353,True
2.1,30,468833.034356,True
0.0,30,468879.050641,False
0.0,30,468933.03525,False
0.0,30,468982.654404,False
2.1,30,469028.121731,True
0.0,30,469075.139745,False
2.6,30,469118.862431,True
0.0,30,469165.505092,False
3.0,30,469222.892243,True
2.7,30,469272.080582,True
3.0,30,469316.694345,True
2.8,30,469360.373302,True
3.0,30,469702.305118,True
0.0,30,469750.629743,False
2.8,30,469801.74773,True
0.0,30,469848.567867,False
0.0,30,469887.846708,False
2.4,30,469935.985819,True
2.3,30,469986.321345,True
2.6,30,470035.835792,True
2.6,30,470093.541334,True
2.6,30,470139.250552,True
2.6,30,470203.213307,True
2.6,30,470250.637613,True
0.0,30,470294.734653,False
0.0,30,470338.473995,False
0.0,30,470387.495167,False
2.5,30,470436.864365,True
0.0,30,470488.959887,False
2.8,30,470534.246959,True
2.6,30,470583.163021,True
2.8,30,470632.308223,True
3.0,30,470680.732352,True
2.7,30,470733.187933,True
2.7,30,470784.045915,True
0.0,30,470830.0904,False
3.0,30,470872.935566,True
2.6,30,470930.471582,True
0.0,30,470974.181802,False
2.4,30,471019.130124,True
2.8,30,471064.030618,True
0.0,30,471130.944721,False
2.7,30,471179.907064,True
0.0,30,471228.854502,False
0.0,30,471274.630694,False
3.0,30,471319.518192,True
2.7,30,471645.184239,True
0.0,30,471692.574476,False
2.4,30,471743.509599,True
2.6,30,471791.744094,True
0.0,30,471839.212492,False
0.0,30,471888.494381,False
0.0,30,471933.477987,False
0.0,30,471978.020716,False
2.2,30,472023.205493,True
0.0,30,472069.945278,False
0.3,30,472113.426596,True
0.0,30,472165.875271,False
2.7,30,472209.903598,True
2.4,30,472278.970551,True
2.3,30,472329.405553,True
1.8,30,472382.82576,True
0.0,30,472428.180534,False
0.0,30,472474.094828,False
0.0,30,472517.758789,False
2.8,30,472565.524014,True
0.0,30,472609.101918,False
0.0,30,472655.873831,False
2.8,30,472701.049519,True
2.2,30,472752.383487,True
2.2,30,472805.357019,True
2.8,30,472859.37999,True
0.0,30,472906.189616,False
2.4,30,472954.59053,True
0.0,30,473004.853998,False
2.7,30,473053.36543,True
0.0,30,473104.474042,False
2.7,30,473151.623826,True
2.6,30,473200.136975,True
0.0,30,473244.694759,False
0.0,30,473571.876531,False
2.7,30,473620.296875,True
0.0,30,473668.51114,False
3.0,30,473715.166585,True
2.5,30,473763.046581,True
2.8,30,473803.594076,True
0.0,30,473849.774404,False
2.3,30,473892.551442,True
2.7,30,473936.146604,True
2.8,30,473985.677271,True
2.2,30,474033.307101,True
2.2,30,474080.945677,True
0.0,30,474129.918127,False
0.0,30,474176.27259,False
2.3,30,474221.025676,True
0.0,30,474265.404333,False
2.9,30,474312.225492,True
2.9,30,474353.776901,True
0.0,30,474399.158812,False
0.0,30,474448.211217,False
2.9,30,474495.652242,True
2.1,30,474544.312102,True
2.4,30,474589.907171,True
2.6,30,474633.298281,True
0.0,30,474690.842636,False
1.9,30,474738.429263,True
0.0,30,474785.614255,False
0.0,30,474831.580829,False
2.5,30,474882.608704,True
0.0,30,474932.065313,False
0.0,30,474981.314612,False
2.3,30,475032.510264,True
2.6,30,475076.533668,True
0.0,30,475134.449196,False
0.0,30,475183.990107,False
2.6,30,475522.80619,True
2.9,30,475569.980957,True
2.6,30,475615.147207,True
2.7,30,475665.275955,True
0.0,30,475715.606755,False
0.0,30,475762.489664,False
0.0,30,475807.87318,False
0.3,30,475854.349115,True
0.0,30,475903.832479,False
0.0,30,475948.690732,False
2.6,30,475992.662639,True
1.2,30,476032.776942,False
2.9,30,476081.028155,True
0.0,30,476132.417556,False
0.0,30,476177.493436,False
0.0,30,476222.360425,False
3.0,30,476269.638152,True
0.0,30,476315.881129,False
0.0,30,476362.439077,False
2.7,30,476412.093556,True
2.4,30,476463.424174,True
0.0,30,476507.385647,False
0.0,30,476554.950313,False
2.9,30,476601.513918,True
0.0,30,476646.265043,False
0.0,30,476692.889948,False
0.0,30,476738.741503,False
0.0,30,476781.362109,False
2.7,30,476827.677325,True
0.0,30,476874.215075,False
0.0,30,476918.230776,False
0.0,30,476966.26905,False
2.9,30,477012.755778,True
2.3,30,477066.026369,True
0.0,30,477377.330542,False
2.8,30,477425.060863,True
2.8,30,477474.243045,True
0.0,30,477518.438046,False
2.5,30,477560.095707,True
0.0,30,477603.120928,False
0.0,30,477648.057041,False
2.4,30,477694.717549,True
2.6,30,477741.216264,True
0.0,30,477793.162403,False
0.0,30,477842.342232,False
0.0,30,477881.997625,False
2.6,30,477922.859149,True
2.6,30,477966.463547,True
0.0,30,478010.647204,False
3.0,30,478070.914139,True
0.0,30,478113.368919,False
2.9,30,478171.621901,True
2.3,30,478225.626276,True
2.9,30,478271.22832,True
2.4,30,478315.026478,True
2.8,30,478360.306642,True
1.4,30,478410.092926,True
2.8,30,478467.148889,True
2.3,30,478514.682502,True
2.4,30,478556.21084,True
0.0,30,478600.207048,False
2.3,30,478640.892871,True
0.0,30,478685.484875,False
0.0,30,478729.38287,False
0.0,30,478774.027563,False
0.0,30,478821.662853,False
0.0,30,478865.535445,False
0.0,30,478918.357569,False
2.3,30,479237.505685,True
0.0,30,479280.635415,False
3.0,30,479323.97456,True
2.4,30,479367.894824,True
0.0,30,479410.627716,False
0.0,30,479457.808538,False
2.8,30,479501.291994,True
0.0,30,479545.385621,False
2.3,30,479591.973335,True
0.4,30,479639.504132,False
0.0,30,479691.698842,False
2.9,30,479741.273879,True
2.4,30,479788.033108,True
2.8,30,479833.748358,True
0.0,30,479878.028255,False
2.9,30,479924.849221,True
0.0,30,479970.359623,False
2.2,30,480014.582557,True
2.6,30,480063.421741,True
2.6,30,480111.794369,True
2.1,30,480156.253898,True
0.0,30,480203.556783,False
0.0,30,480252.697549,False
2.3,30,480297.769616,True
0.0,30,480341.203895,False
0.0,30,480385.276232,False
2.2,30,480428.9101,True
0.0,30,480470.525089,False
0.0,30,480515.627845,False
2.7,30,480582.600634,True
2.4,30,480625.538794,True
2.1,30,480669.845112,True
0.0,30,480723.193784,False
2.6,30,480769.393929,True
0.0,30,481111.842428,False
0.0,30,481154.29188,False
0.0,30,481202.029379,False
2.5,30,481248.684646,True
0.0,30,481297.89436,False
0.0,30,481344.068082,False
0.0,30,481392.832236,False
0.0,30,481440.566175,False
2.8,30,481479.854541,True
3.0,30,481526.294872,True
0.0,30,481578.4061,False
0.0,30,481622.953065,False
1.7,30,481671.195138,True
0.0,30,481715.604908,False
2.1,30,481764.103058,True
0.0,30,481818.398139,False
2.4,30,481865.244221,True
2.4,30,481910.786679,True
2.2,30,481957.752554,True
0.0,30,482004.707954,False
0.0,30,482047.044689,False
2.7,30,482101.207688,True
0.0,30,482151.020695,False
2.0,30,482195.601416,True
0.0,30,482239.777294,False
2.8,30,482281.096034,True
3.0,30,482324.554803,True
0.0,30,482368.536437,False
2.6,30,482413.976508,True
0.0,30,482458.689513,False
0.0,30,482505.908328,False
2.3,30,482554.717952,True
0.0,30,482601.613572,False
0.0,30,482648.923669,False
0.7,30,482980.793661,True
0.0,30,483026.999175,False
2.7,30,483072.63644,True
2.6,30,483122.266707,True
2.7,30,483166.17049,True
2.1,30,483214.503851,False
0.0,30,483255.828942,False
2.3,30,483296.407829,True
2.7,30,483353.796558,True
0.0,30,483396.340541,False
2.6,30,483440.808911,True
0.0,30,483486.56672,False
2.3,30,483532.265625,True
0.0,30,483576.599197,False
3.0,30,483621.215542,True
1.0,30,483667.864571,True
2.2,30,483713.888094,True
0.0,30,483762.972333,False
3.0,30,483807.57498,True
0.0,30,483855.092846,False
0.0,30,483902.319296,False
0.0,30,483953.505956,False
0.0,30,483996.759289,False
0.0,30,484045.819235,False
0.0,30,484096.780813,False
2.6,30,484145.606109,True
1.3,30,484195.083357,True
0.0,30,484243.108113,False
2.9,30,484291.308879,True
0.0,30,484334.380469,False
2.0,30,484378.340878,True
0.0,30,484428.169518,False
1.1,30,484473.119613,True
1.2,30,484518.239166,False
3.0,30,484861.259862,True
2.5,30,484909.290178,True
0.0,30,484954.885108,False
2.5,30,485004.338077,True
0.0,30,485047.290641,False
2.9,30,485094.249645,True
2.6,30,485139.408944,True
1.2,30,485187.276687,False
0.1,30,485235.170356,False
1.4,30,485283.170021,True
2.7,30,485327.991012,True
2.1,30,485371.458622,True
0.0,30,485412.836649,False
2.4,30,485462.311605,True
0.0,30,485508.673863,False
0.0,30,485558.093251,False
0.0,30,485602.023243,False
0.2,30,485646.961479,False
2.2,30,485696.586071,True
0.0,30,485739.85652,False
0.0,30,485790.238409,False
2.4,30,485837.795657,True
2.6,30,485881.702342,True
0.0,30,485924.574824,False
2.5,30,485967.49023,True
2.6,30,486016.729079,True
0.0,30,486066.48509,False
0.0,30,486118.789564,False
1.7,30,486165.052304,True
0.0,30,486212.996574,False
0.0,30,486263.95046,False
2.9,30,486306.944431,True
0.0,30,486353.518535,False
0.0,30,486396.002565,False
1.7,30,486729.628635,True
0.0,30,486771.711146,False
2.5,30,486817.468152,True
0.0,30,486860.756882,False
0.0,30,486906.863528,False
2.4,30,486953.094264,True
0.0,30,487001.336104,False
2.3,30,487040.455023,True
0.0,30,487083.576452,False
2.4,30,487135.596516,False
0.0,30,487183.708097,False
2.9,30,487228.627937,True
0.0,30,487275.061176,False
0.0,30,487323.397606,False
2.4,30,487372.280801,True
0.0,30,487418.768599,False
2.2,30,487463.939461,True
0.0,30,487506.810736,False
0.0,30,487553.573097,False
0.0,30,487599.291863,False
2.7,30,487659.029671,True
0.0,30,487706.900499,False
0.0,30,487747.461003,False
0.0,30,487793.147174,False
1.1,30,487841.002035,True
0.0,30,487884.079765,False
2.6,30,487936.141622,True
1.6,30,487990.735108,True
0.0,30,488039.330333,False
1.3,30,488083.143994,False
2.8,30,488131.865549,True
0.0,30,488180.529366,False
0.0,30,488229.631354,False
0.0,30,488280.126146,False
2.9,30,488321.193287,True
1.7,30,488623.230676,True
0.0,30,488669.368898,False
2.6,30,488714.46362,True
3.0,30,488758.61282,True
2.7,30,488801.129849,True
0.0,30,488848.328594,False
0.0,30,488899.31442,False
1.2,30,488943.26309,True
0.0,30,488994.50164,False
0.0,30,489036.443117,False
2.9,30,489081.2221,True
2.7,30,489130.76565,True
2.9,30,489178.32205,True
0.0,30,489226.25867,False
0.0,30,489277.818151,False
2.7,30,489324.717712,True
2.2,30,489367.087264,True
2.7,30,489409.891136,True
0.0,30,489453.640651,False
0.0,30,489505.861189,False
0.0,30,489548.065909,False
2.9,30,489601.914192,True
0.9,30,489643.65961,False
1.1,30,489685.958809,True
1.8,30,489738.046247,True
0.0,30,489781.912936,False
3.0,30,489828.967823,True
0.9,30,489869.768526,True
0.0,30,489915.897059,False
2.4,30,489963.94458,True
0.0,30,490010.103997,False
1.1,30,490057.774343,True
1.1,30,490102.536952,True
0.0,30,490143.059155,False
2.3,30,490452.740004,True
2.5,30,490498.206679,True
2.0,30,490550.687891,True
2.4,30,490597.136205,True
3.0,30,490643.976783,True
0.0,30,490700.498863,False
3.0,30,490748.950963,True
2.9,30,490798.60811,True
2.2,30,490841.963595,True
0.0,30,490888.12313,False
2.7,30,490937.317585,True
3.0,30,490984.239014,True
0.0,30,491027.036704,False
0.0,30,491072.567187,False
2.8,30,491126.562006,True
0.0,30,491175.308833,False
2.9,30,491224.716464,True
2.7,30,491271.565081,True
0.0,30,491324.448778,False
2.7,30,491366.164099,True
0.0,30,491416.796865,False
2.5,30,491462.993169,True
0.1,30,491510.19946,False
0.0,30,491557.560656,False
0.0,30,491608.286689,False
0.0,30,491654.478302,False
2.1,30,491706.321324,True
2.7,30,491746.720435,True
2.8,30,491791.446949,True
0.0,30,491835.576576,False
2.1,30,491885.064667,True
0.0,30,491931.037461,False
0.0,30,491972.883057,False
2.6,30,492017.308197,True
0.0,30,492344.058173,False
0.0,30,492394.616044,False
2.8,30,492445.938922,True
0.0,30,492508.78687,False
0.0,30,492549.949324,False
0.0,30,492594.374378,False
2.8,30,492640.100515,True
2.6,30,492685.420908,True
2.3,30,492740.016117,True
0.0,30,492784.213851,False
0.0,30,492831.774254,False
0.0,30,492873.321343,False
0.0,30,492918.923105,False
2.6,30,492974.358847,True
3.0,30,493018.046969,True
0.0,30,493062.263814,False
0.0,30,493107.044505,False
0.0,30,493151.488803,False
2.0,30,493196.02648,True
2.6,30,493245.160357,True
2.6,30,493290.003634,True
0.0,30,493336.471308,False
0.0,30,493384.425945,False
2.4,30,493429.48291,True
0.0,30,493474.890098,False
0.0,30,493529.035492,False
0.0,30,493577.480114,False
0.0,30,493620.805865,False
0.0,30,493665.657387,False
2.3,30,493713.372303,True
2.5,30,493756.28574,True
2.9,30,493800.909631,True
0.0,30,493844.023627,False
0.0,30,493886.617601,False
0.0,30,494230.470625,False
0.0,30,494284.469112,False
0.0,30,494327.636723,False
2.7,30,494370.689978,True
2.8,30,494426.672138,True
2.4,30,494475.926652,True
0.0,30,494521.973227,False
0.0,30,494565.457369,False
0.0,30,494612.200339,False
2.4,30,494658.662623,True
2.5,30,494701.434265,True
0.0,30,494745.401735,False
2.3,30,494810.089453,True
0.0,30,494865.984941,False
2.5,30,494912.400386,True
0.0,30,494960.160507,False
1.2,30,495004.998392,True
2.5,30,495049.096087,True
0.0,30,495096.594938,False
0.7,30,495149.838542,False
0.0,30,495195.479519,False
2.7,30,495242.546019,True
2.5,30,495285.772097,True
0.0,30,495339.249538,False
0.0,30,495380.633487,False
2.8,30,495433.24509,True
2.8,30,495474.780125,True
2.7,30,495518.434742,True
0.0,30,495563.882081,False
2.6,30,495609.301512,True
1.8,30,495659.645058,True
0.4,30,495704.424774,False
2.9,30,495755.617082,True
3.0,30,495800.224035,True
0.0,30,496130.871375,False
2.8,30,496174.656927,True
0.0,30,496221.203516,False
0.0,30,496266.312121,False
0.0,30,496309.401438,False
2.4,30,496352.929978,True
0.0,30,496399.104488,False
2.3,30,496440.455289,True
0.0,30,496489.238674,False
3.0,30,496536.077295,True
0.0,30,496582.688894,False
2.6,30,496627.167905,True
0.0,30,496679.258089,False
3.0,30,496731.266243,True
2.7,30,496779.111007,True
0.0,30,496820.207176,False
0.0,30,496865.501599,False
2.8,30,496910.294387,True
0.0,30,496964.57898,False
0.0,30,497008.880856,False
0.0,30,497055.851903,False
0.0,30,497101.458771,False
0.0,30,497145.714697,False
0.0,30,497198.267298,False
0.0,30,497242.055205,False
0.0,30,497292.518756,False
0.0,30,497340.588322,False
1.7,30,497388.052234,True
0.1,30,497435.837527,True
1.8,30,497484.573645,True
0.7,30,497529.366547,True
0.0,30,497571.359303,False
2.4,30,497623.287722,True
2.2,30,497665.914853,True
2.8,30,497984.059955,True
0.0,30,498029.940351,False
2.8,30,498074.939617,True
2.3,30,498119.442974,True
0.0,30,498161.586432,False
1.9,30,498204.092672,True
2.7,30,498262.985878,True
0.0,30,498307.252228,False
0.0,30,498355.112373,False
0.0,30,498400.771765,False
2.7,30,498441.891056,True
0.0,30,498487.901174,False
0.0,30,498529.823024,False
2.4,30,498581.280521,True
2.7,30,498630.014346,True
2.8,30,498674.093054,True
0.0,30,498718.293635,False
0.0,30,498757.544542,False
0.0,30,498797.284719,False
0.0,30,498842.316848,False
0.0,30,498888.202728,False
0.0,30,498929.854218,False
0.0,30,498975.941058,False
0.0,30,499019.247547,False
2.9,30,499064.050776,True
0.0,30,499107.687266,False
0.0,30,499156.148254,False
2.3,30,499202.480573,True
0.0,30,499241.798247,False
0.0,30,499287.208734,False
0.0,30,499326.652505,False
2.3,30,499372.31199,True
0.0,30,499422.508356,False
2.9,30,499472.631141,True
0.0,30,499809.041487,False
2.6,30,499854.636498,True
0.0,30,499898.203822,False
0.0,30,499944.48783,False
0.0,30,500000.899478,False
0.5,30,500040.479292,True
2.5,30,500081.964129,True
2.5,30,500128.739899,True
2.6,30,500175.129326,True
0.0,30,500221.100539,False
3.0,30,500269.184824,True
2.8,30,500312.540797,True
0.0,30,500355.952758,False
0.0,30,500403.216879,False
0.0,30,500453.028438,False
0.0,30,500498.920978,False
0.0,30,500547.405599,False
2.6,30,500591.93729,True
2.4,30,500640.555259,True
1.1,30,500689.395608,True
2.1,30,500736.996913,True
0.0,30,500783.27975,False
0.0,30,500823.995368,False
3.0,30,500877.993425,True
2.9,30,500922.883,True
0.0,30,500975.841291,False
0.0,30,501021.528741,False
2.9,30,501064.579473,True
0.0,30,501104.370051,False
3.0,30,501154.520317,True
2.7,30,501200.534722,True
2.8,30,501245.429201,True
3.0,30,501286.092504,True
2.6,30,501327.924913,True
2.8,30,501698.341295,True
2.8,30,501746.226159,True
2.6,30,501794.817197,True
3.0,30,501849.301516,True
2.8,30,501894.275594,True
2.6,30,501944.818457,True
2.9,30,501996.186683,True
0.0,30,502046.853912,False
0.0,30,502093.198288,False
0.0,30,502142.107734,False
0.0,30,502189.493452,False
0.0,30,502234.942863,False
0.0,30,502281.707538,False
0.0,30,502330.373291,False
2.6,30,502375.999414,True
0.0,30,502427.793236,False
2.5,30,502472.680418,True
2.4,30,502522.090904,True
2.9,30,502565.259228,True
0.0,30,502609.163767,False
2.4,30,502652.584403,True
2.8,30,502699.78539,True
0.0,30,502748.713296,False
2.7,30,502796.337454,True
2.6,30,502845.350016,True
0.0,30,502888.487391,False
0.0,30,502933.305214,False
2.0,30,502977.211185,True
0.0,30,503022.454998,False
2.8,30,503068.840905,True
0.0,30,503122.084343,False
0.9,30,503166.822275,True
0.0,30,503213.449134,False
0.0,30,503259.843984,False
2.7,30,503297.529507,True
0.0,30,503649.670641,False
0.0,30,503698.852659,False
2.7,30,503752.233735,True
2.8,30,503803.666395,True
0.0,30,503855.330794,False
2.7,30,503902.287651,True
2.1,30,503952.566946,False
0.0,30,503996.996099,False
0.0,30,504042.318796,False
0.0,30,504087.869115,False
2.6,30,504136.228032,True
2.8,30,504183.94907,True
0.0,30,504232.211817,False
0.0,30,504275.01356,False
1.8,30,504321.966401,True
0.0,30,504368.712303,False
2.1,30,504419.565612,True
2.6,30,504465.332902,True
2.6,30,504516.921504,True
2.1,30,504564.787242,True
2.3,30,504617.251562,True
2.9,30,504659.752325,True
2.7,30,504704.594846,True
2.2,30,504750.642421,True
2.3,30,504797.121306,True
3.0,30,504854.228379,True
0.0,30,504902.090075,False
0.0,30,504948.455294,False
0.0,30,504990.601167,False
2.9,30,505035.517285,True
0.7,30,505086.028985,True
2.7,30,505130.274086,True
0.0,30,505178.984549,False
0.0,30,505222.424079,False
1.1,30,505567.836293,False
0.0,30,505614.292223,False
2.7,30,505661.714865,True
0.0,30,505709.466336,False
2.8,30,505753.548002,True
0.0,30,505801.79943,False
1.9,30,505843.767824,True
0.0,30,505894.18785,False
0.0,30,505945.263373,False
0.0,30,505989.64558,False
2.9,30,506035.059232,True
3.0,30,506082.674398,True
2.9,30,506126.727323,True
0.0,30,506165.803818,False
0.0,30,506213.865224,False
2.4,30,506266.451692,True
0.0,30,506312.123721,False
2.2,30,506368.975517,True
0.0,30,506416.081386,False
0.0,30,506459.839754,False
2.9,30,506502.900665,True
2.2,30,506557.622984,True
2.7,30,506604.908583,True
2.2,30,506654.51197,True
0.0,30,506700.864763,False
0.0,30,506745.123613,False
0.0,30,506790.13625,False
0.0,30,506857.090837,False
2.3,30,506908.377405,True
2.4,30,506957.756361,True
2.7,30,507002.111853,True
0.0,30,507050.456818,False
2.7,30,507097.910429,True
0.0,30,507144.763449,False
2.8,30,507506.134047,True
0.0,30,507552.195985,False
2.8,30,507600.368733,True
2.3,30,507649.885463,True
0.0,30,507709.191911,False
2.1,30,507758.594038,True
2.6,30,507802.859456,True
2.5,30,507848.053156,True
2.3,30,507899.653508,True
2.6,30,507942.571432,True
2.8,30,507985.46585,True
0.0,30,508029.813574,False
0.0,30,508072.35479,False
0.0,30,508118.787684,False
1.8,30,508165.214027,True
2.3,30,508215.633971,True
0.0,30,508259.163353,False
2.7,30,508300.080956,True
0.0,30,508348.193714,False
0.0,30,508398.530512,False
2.6,30,508443.227287,True
0.0,30,508490.76016,False
2.4,30,508536.148828,True
2.6,30,508587.153165,True
1.6,30,508635.522845,True
0.0,30,508684.979891,False
0.0,30,508728.784305,False
2.6,30,508768.287316,True
0.0,30,508819.47156,False
2.8,30,508870.792706,True
0.0,30,508915.905671,False
0.0,30,508956.127612,False
0.0,30,509001.39807,False
2.9,30,509042.772937,True
0.0,30,509432.567201,False
2.4,30,509480.890447,True
1.8,30,509535.807881,True
0.0,30,509596.13802,False
2.2,30,509644.746346,True
2.5,30,509693.244631,True
2.8,30,509746.077226,True
2.6,30,509797.949717,True
0.0,30,509864.574642,False
2.4,30,509910.055876,True
1.8,30,509956.352923,True
0.0,30,510008.372421,False
0.0,30,510051.544646,False
2.7,30,510094.830766,True
2.8,30,510140.264361,True
0.0,30,510183.85636,False
2.8,30,510228.889001,True
0.0,30,510273.433135,False
0.0,30,510314.71718,False
0.0,30,510360.355612,False
2.9,30,510410.349358,True
0.0,30,510466.077762,False
2.9,30,510513.048821,True
0.0,30,510559.711737,False
2.8,30,510603.692302,True
2.8,30,510652.298216,True
2.8,30,510700.65295,True
2.6,30,510740.321789,True
3.0,30,510784.811723,True
2.9,30,510828.094784,True
0.0,30,510873.43877,False
2.9,30,510915.833358,True
2.8,30,510965.88007,True
2.3,30,511014.197452,True
2.8,30,511388.79874,True
2.4,30,511436.608792,True
0.0,30,511481.764746,False
0.0,30,511531.162081,False
0.0,30,511575.543261,False
0.0,30,511624.993783,False
2.6,30,511672.779353,True
0.0,30,511718.1663,False
0.0,30,511775.280803,False
2.4,30,511817.342786,True
0.0,30,511861.545838,False
0.0,30,511908.164915,False
2.8,30,511953.705892,True
2.9,30,512002.694426,True
2.7,30,512045.512158,True
2.5,30,512093.20208,True
2.4,30,512137.925941,True
0.0,30,512187.51833,False
2.9,30,512244.582422,True
0.0,30,512296.976367,False
2.8,30,512338.618213,True
0.0,30,512389.233792,False
2.0,30,512436.943588,True
2.5,30,512489.848503,True
0.0,30,512536.793856,False
3.0,30,512586.932236,True
0.0,30,512635.609928,False
0.0,30,512681.012617,False
2.4,30,512726.088513,True
0.0,30,512769.645264,False
0.0,30,512822.194113,False
2.9,30,512872.150632,True
2.6,30,512921.57742,True
2.9,30,512967.309768,True
0.0,30,513322.802795,False
3.0,30,513362.296097,True
2.7,30,513409.186516,True
0.0,30,513457.84983,False
2.4,30,513512.788557,True
2.7,30,513559.926473,True
0.0,30,513605.779267,False
2.0,30,513652.16657,True
2.9,30,513701.459886,True
2.8,30,513750.829371,True
2.8,30,513798.637013,True
0.0,30,513841.653001,False
0.0,30,513886.207776,False
2.9,30,513930.266174,True
2.6,30,513975.09766,True
0.0,30,514026.190136,False
2.5,30,514074.591322,True
2.8,30,514127.878403,True
0.0,30,514176.875601,False
2.5,30,514226.410979,True
0.0,30,514274.570502,False
0.0,30,514318.673549,False
0.0,30,514366.217195,False
2.6,30,514415.453207,True
0.0,30,514463.875555,False
2.6,30,514508.811285,True
1.8,30,514553.999739,True
2.4,30,514597.376669,True
2.5,30,514643.444599,True
0.0,30,514695.228458,False
0.0,30,514746.383121,False
3.0,30,514794.890392,True
0.0,30,514855.388702,False
2.7,30,514902.848004,True
2.6,30,515268.122113,True
2.2,30,515315.866612,True
0.0,30,515361.020555,False
2.7,30,515406.42023,True
0.0,30,515455.912229,False
2.8,30,515501.575228,True
0.0,30,515549.255046,False
0.0,30,515597.484643,False
0.0,30,515648.354262,False
2.9,30,515691.955251,True
2.2,30,515743.603156,True
3.0,30,515789.453097,True
0.0,30,515836.673078,False
0.0,30,515886.580916,False
0.0,30,515934.51062,False
0.0,30,515980.605843,False
2.5,30,516028.523393,True
0.0,30,516078.854112,False
0.0,30,516124.197702,False
0.0,30,516167.042658,False
0.0,30,516209.475971,False
2.5,30,516257.24925,True
2.5,30,516328.069484,True
0.0,30,516379.539325,False
2.7,30,516422.162929,True
0.5,30,516467.113353,True
0.0,30,516519.172394,False
2.8,30,516570.882996,True
0.0,30,516631.278929,False
2.2,30,516674.674917,True
2.1,30,516720.845574,True
2.1,30,516771.333361,True
2.6,30,516819.668571,True
2.6,30,516874.466106,True
0.0,30,516923.680519,False
2.9,30,517282.358033,True
1.0,30,517329.061892,True
2.9,30,517375.726822,True
0.0,30,517418.179281,False
2.9,30,517463.227473,True
0.0,30,517508.753112,False
2.6,30,517550.185962,True
0.0,30,517595.747041,False
2.1,30,517643.610278,True
0.0,30,517702.891072,False
0.0,30,517749.33507,False
3.0,30,517797.67714,True
0.0,30,517842.659268,False
0.0,30,517890.67861,False
2.8,30,517936.567092,True
0.0,30,517986.48357,False
0.0,30,518035.772861,False
0.0,30,518082.140984,False
0.0,30,518133.300131,False
2.8,30,518185.975069,True
2.9,30,518233.854921,True
2.8,30,518277.992505,True
0.0,30,518324.089744,False
0.0,30,518369.666851,False
0.0,30,518419.278946,False
0.0,30,518466.493682,False
2.7,30,518517.563574,True
0.0,30,518566.930305,False
3.0,30,518612.030029,True
0.0,30,518660.741495,False
0.0,30,518705.957423,False
0.0,30,518755.188915,False
2.5,30,518804.535834,True
0.0,30,518852.817431,False
3.0,30,519210.97647,True
2.8,30,519262.752179,True
2.7,30,519303.854346,True
0.0,30,519348.473821,False
3.0,30,519397.242737,True
0.0,30,519438.95504,False
2.7,30,519482.175797,True
2.6,30,519529.71819,True
0.0,30,519576.395835,False
2.5,30,519625.145871,True
2.8,30,519672.411336,True
2.8,30,519719.826283,True
0.0,30,519763.604699,False
3.0,30,519814.947331,True
2.4,30,519864.421866,True
0.0,30,519918.319445,False
0.0,30,519966.286166,False
2.7,30,520016.624294,True
3.0,30,520055.776932,True
2.9,30,520102.927118,True
2.5,30,520151.970474,True
0.0,30,520196.776701,False
1.8,30,520242.71621,True
0.0,30,520299.219923,False
0.0,30,520347.105871,False
0.0,30,520395.465344,False
0.0,30,520457.171021,False
2.6,30,520506.739398,True
1.7,30,520550.629154,False
0.0,30,520604.615539,False
2.1,30,520651.508869,True
2.8,30,520699.899268,True
0.0,30,520740.267864,False
2.7,30,520786.830436,True
3.0,30,521147.510925,True
2.2,30,521191.203315,True
2.7,30,521235.707942,True
2.1,30,521278.781043,True
2.3,30,521321.818592,True
0.0,30,521378.564447,False
2.7,30,521429.048193,True
1.6,30,521473.154229,True
2.7,30,521517.011752,True
2.4,30,521571.347625,True
0.0,30,521616.302819,False
1.6,30,521656.457452,True
0.0,30,521704.919788,False
0.0,30,521748.993244,False
0.0,30,521803.854749,False
2.8,30,521844.876068,True
0.0,30,521890.64411,False
2.9,30,521940.628057,True
2.3,30,521986.90981,True
0.0,30,522032.768849,False
1.8,30,522082.545379,True
0.0,30,522126.927017,False
0.0,30,522174.710999,False
2.4,30,522220.858963,True
0.5,30,522269.602618,False
1.5,30,522313.120625,True
0.0,30,522362.858057,False
2.6,30,522412.247666,True
0.0,30,522456.900113,False
2.8,30,522500.010299,True
1.8,30,522548.201088,True
0.0,30,522592.568335,False
1.6,30,522637.787189,True
2.6,30,522688.216556,True
2.7,30,523037.680709,True
0.0,30,523083.563441,False
0.6,30,523129.19333,True
2.7,30,523175.853075,True
0.4,30,523226.445627,False
0.0,30,523272.394652,False
2.9,30,523322.034265,True
2.0,30,523388.348256,True
2.5,30,523437.750213,True
2.5,30,523488.212566,True
3.0,30,523531.118143,True
2.7,30,523579.752717,True
2.9,30,523623.659331,True
2.7,30,523669.541131,True
2.7,30,523721.023499,True
0.0,30,523764.851622,False
0.0,30,523809.573173,False
2.7,30,523857.343278,True
2.2,30,523908.142625,True
2.2,30,523955.86369,True
2.5,30,524004.460243,True
2.0,30,524049.176594,True
0.0,30,524091.063525,False
0.0,30,524138.312782,False
0.0,30,524181.93289,False
2.8,30,524224.215762,True
0.0,30,524272.369053,False
0.0,30,524316.858855,False
0.5,30,524361.771042,True
1.2,30,524405.261115,True
1.6,30,524455.941572,True
0.0,30,524498.188084,False
0.0,30,524551.053298,False
0.0,30,524597.411434,False
1.6,30,524949.172389,True
0.0,30,524990.36776,False
0.0,30,525038.500949,False
0.0,30,525087.727485,False
2.8,30,525133.12077,True
2.0,30,525180.252091,True
0.0,30,525233.259432,False
2.6,30,525280.066563,True
1.3,30,525326.163095,True
0.0,30,525372.552967,False
2.9,30,525418.054605,True
2.8,30,525461.476889,True
2.7,30,525502.989304,True
0.0,30,525549.446311,False
2.7,30,525599.946601,True
2.6,30,525641.860581,True
0.0,30,525683.225903,False
0.0,30,525731.980681,False
2.2,30,525776.03175,True
2.6,30,525827.202217,True
0.0,30,525870.837573,False
0.0,30,525915.241637,False
2.7,30,525959.69293,True
2.4,30,526006.538212,True
0.0,30,526055.217656,False
2.6,30,526099.083427,True
0.0,30,526145.750567,False
2.7,30,526201.881071,True
2.8,30,526243.204309,True
2.9,30,526286.52513,True
2.3,30,526333.192451,True
0.0,30,526379.429452,False
3.0,30,526423.699982,True
2.9,30,526472.16134,True
2.6,30,526824.279248,True
2.5,30,526871.677158,True
2.6,30,526924.298801,True
0.0,30,526972.69029,False
2.6,30,527015.623482,True
2.5,30,527061.693707,True
2.7,30,527112.446156,True
2.8,30,527156.848691,True
2.8,30,527199.855779,True
3.0,30,527254.633179,True
0.2,30,527300.047319,False
2.7,30,527345.78744,True
0.0,30,527390.496467,False
0.0,30,527439.833138,False
0.0,30,527486.279516,False
3.0,30,527527.349026,True
3.0,30,527570.067677,True
1.9,30,527614.650678,True
2.5,30,527657.427996,True
2.6,30,527702.809143,True
2.9,30,527751.607223,True
2.9,30,527799.188802,True
0.0,30,527844.182083,False
0.0,30,527890.377949,False
0.0,30,527937.245749,False
1.9,30,527988.001836,True
2.8,30,528035.747149,True
2.6,30,528085.875596,True
0.0,30,528133.774563,False
0.0,30,528181.425542,False
2.3,30,528225.928232,True
2.4,30,528271.844177,True
2.5,30,528319.172773,True
2.0,30,528366.395391,True
2.7,30,528727.17223,True
2.5,30,528777.060692,True
0.0,30,528822.880098,False
0.0,30,528866.494264,False
2.6,30,528915.043296,True
0.0,30,528976.652357,False
0.0,30,529021.446865,False
2.8,30,529071.127909,True
0.0,30,529115.345078,False
0.0,30,529164.632238,False
0.0,30,529208.872649,False
2.9,30,529255.405321,True
0.0,30,529312.818863,False
0.0,30,529357.701799,False
2.8,30,529404.859628,True
0.0,30,529448.450412,False
0.0,30,529494.374346,False
2.7,30,529540.906309,True
2.5,30,529590.176059,True
0.0,30,529634.532456,False
1.8,30,529680.571521,False
2.8,30,529729.800579,True
2.5,30,529774.683264,True
0.0,30,529819.281896,False
2.6,30,529870.973813,True
2.6,30,529918.239392,True
0.0,30,529964.566805,False
2.6,30,530015.337919,True
2.8,30,530061.469373,True
0.0,30,530113.165569,False
0.0,30,530158.475274,False
2.4,30,530210.041556,True
0.0,30,530260.498071,False
2.7,30,530302.296443,True
2.9,30,530675.020275,True
2.5,30,530722.783345,True
0.0,30,530772.45846,False
2.8,30,530821.014727,True
2.8,30,530868.587093,True
2.4,30,530911.91619,True
2.2,30,530955.957252,True
0.0,30,530998.098417,False
0.0,30,531040.290158,False
0.0,30,531089.114117,False
2.5,30,531134.994221,True
0.0,30,531184.273621,False
2.9,30,531228.204155,True
0.0,30,531273.522795,False
2.6,30,531317.988035,True
1.6,30,531365.410479,True
2.6,30,531413.454894,True
0.0,30,531463.441827,False
2.2,30,531504.338714,True
0.0,30,531557.132952,False
0.0,30,531605.729244,False
0.0,30,531654.231318,False
2.5,30,531699.53118,True
3.0,30,531744.635289,True
0.0,30,531794.703785,False
2.7,30,531840.735425,True
2.4,30,531889.84822,True
0.0,30,531932.630103,False
0.3,30,531976.915611,True
3.0,30,532026.017469,True
2.4,30,532076.540276,True
2.8,30,532132.242606,True
2.4,30,532176.814427,True
2.6,30,532225.46907,True
0.0,30,532272.48605,False
2.8,30,532622.69906,True
0.0,30,532671.749609,False
2.7,30,532718.04298,True
2.4,30,532764.243179,True
0.0,30,532810.780565,False
0.0,30,532853.035323,False
2.5,30,532895.456887,True
0.0,30,532943.061497,False
2.7,30,532988.88834,True
0.0,30,533036.523053,False
2.8,30,533080.217031,True
0.0,30,533122.645722,False
0.0,30,533166.020057,False
0.0,30,533220.621817,False
3.0,30,533272.117232,True
2.2,30,533327.965714,True
2.2,30,533377.97771,True
2.5,30,533418.40344,True
0.0,30,533473.13017,False
2.2,30,533518.830548,True
0.0,30,533563.506942,False
2.7,30,533614.199359,True
0.0,30,533660.40197,False
0.0,30,533708.17917,False
2.8,30,533757.439588,True
2.4,30,533803.889944,True
0.0,30,533845.056892,False
0.0,30,533890.995309,False
2.8,30,533934.87513,True
2.2,30,533979.854962,True
2.7,30,534027.954839,True
2.9,30,534071.65732,True
1.3,30,534124.601378,True
2.7,30,534179.662096,True
0.0,30,534497.168152,False
0.0,30,534542.717374,False
0.5,30,534589.030721,True
0.0,30,534637.270578,False
3.0,30,534677.282067,True
3.0,30,534731.803765,True
2.5,30,534776.322319,True
3.0,30,534827.788824,True
0.0,30,534877.070412,False
2.6,30,534921.362266,True
2.6,30,534963.315842,True
0.0,30,535012.303377,False
2.7,30,535056.36827,True
0.0,30,535103.320049,False
2.5,30,535153.414974,True
2.5,30,535196.899394,True
0.0,30,535242.733966,False
2.5,30,535290.112077,True
2.4,30,535334.03604,True
2.8,30,535377.860962,True
2.8,30,535424.740763,True
0.0,30,535474.666365,False
2.5,30,535522.475343,True
1.4,30,535567.161724,True
0.0,30,535607.022426,False
1.7,30,535663.223964,True
3.0,30,535708.738664,True
0.0,30,535750.40292,False
0.0,30,535793.216568,False
2.8,30,535837.592648,True
0.0,30,535879.526749,False
0.0,30,535952.263602,False
0.0,30,536005.154223,False
2.5,30,536052.97943,True
2.7,30,536368.735169,True
0.0,30,536420.366569,False
2.6,30,536466.274047,True
0.0,30,536511.359281,False
0.0,30,536557.23868,False
0.0,30,536601.353278,False
2.7,30,536644.371477,True
0.0,30,536690.224366,False
2.2,30,536736.901998,True
1.5,30,536775.209659,True
2.6,30,536821.605722,True
2.8,30,536874.356005,True
2.5,30,536914.984324,True
2.8,30,536959.998633,True
0.0,30,537011.696851,False
2.0,30,537054.350971,True
0.0,30,537098.105591,False
2.9,30,537141.384321,True
2.9,30,537190.138812,True
2.3,30,537234.761948,True
0.0,30,537284.387913,False
0.0,30,537330.598551,False
3.0,30,537373.952589,True
2.4,30,537417.147064,True
0.0,30,537462.418081,False
2.5,30,537512.553185,True
2.8,30,537555.567407,True
1.8,30,537603.068138,True
2.1,30,537651.190425,True
1.7,30,537701.00772,True
0.5,30,537757.992958,True
2.8,30,537802.326911,True
0.0,30,537849.451576,False
2.7,30,537896.590011,True
2.6,30,538192.373843,True
0.0,30,538240.668246,False
0.0,30,538282.324975,False
0.0,30,538329.932199,False
2.8,30,538372.982895,True
2.6,30,538417.477258,True
2.5,30,538461.250046,True
0.0,30,538509.388711,False
0.0,30,538558.773203,False
0.0,30,538616.214326,False
0.0,30,538662.209847,False
0.0,30,538703.200138,False
2.6,30,538751.554549,True
2.1,30,538792.409433,True
1.3,30,538836.479767,False
2.1,30,538878.827246,True
2.8,30,538928.905023,True
0.0,30,538970.312513,False
0.9,30,539019.537863,True
2.1,30,539067.781304,True
0.0,30,539115.429633,False
2.6,30,539158.213623,True
2.8,30,539202.969621,True
2.8,30,539247.078353,True
0.0,30,539296.675406,False
2.7,30,539347.517963,True
2.8,30,539391.806759,True
2.6,30,539438.068254,True
0.0,30,539479.913043,False
0.0,30,539527.866329,False
0.0,30,539575.022916,False
1.5,30,539617.438694,True
0.0,30,539666.906783,False
0.0,30,539708.651262,False
3.0,30,540078.46024,True
0.7,30,540125.779761,True
0.0,30,540170.490558,False
3.0,30,540218.488837,True
0.0,30,540265.545635,False
2.4,30,540309.422449,True
2.1,30,540355.943907,True
2.5,30,540396.936578,True
2.8,30,540448.662126,True
0.0,30,540491.893496,False
1.2,30,540537.409506,True
0.0,30,540582.803818,False
2.7,30,540629.976444,True
0.0,30,540676.726797,False
2.8,30,540724.824576,True
0.0,30,540778.387069,False
0.0,30,540834.405929,False
1.3,30,540879.179236,True
0.0,30,540925.557789,False
0.0,30,540977.960587,False
2.5,30,541022.718251,True
2.6,30,541070.940564,True
0.0,30,541116.29565,False
2.1,30,541160.519171,True
0.0,30,541210.360955,False
2.5,30,541253.549376,True
2.7,30,541297.167884,True
0.0,30,541339.854666,False
2.4,30,541385.382734,True
2.9,30,541430.586754,True
0.0,30,541475.827258,False
1.9,30,541525.272098,True
0.0,30,541573.636822,False
0.0,30,541619.262327,False
1.8,30,541981.40057,True
1.0,30,542028.526591,True
0.5,30,542073.103029,True
2.7,30,542115.845945,True
0.0,30,542160.01294,False
2.7,30,542202.141685,True
0.0,30,542246.277175,False
0.0,30,542292.91969,False
1.2,30,542338.804491,True
0.0,30,542381.456872,False
0.0,30,542428.089457,False
3.0,30,542474.188635,True
0.0,30,542525.342436,False
0.0,30,542572.721445,False
0.0,30,542630.464492,False
0.0,30,542675.161522,False
0.0,30,542721.388692,False
0.0,30,542768.666997,False
0.0,30,542825.710882,False
0.0,30,542867.933355,False
0.0,30,542913.624801,False
1.8,30,542964.480717,True
0.0,30,543006.897438,False
2.5,30,543059.263896,True
3.0,30,543109.67444,True
3.0,30,543159.670226,True
2.4,30,543201.89564,True
0.0,30,543248.958465,False
1.5,30,543292.677345,True
3.0,30,543341.369099,True
0.0,30,543393.10211,False
2.8,30,543440.19396,True
0.0,30,543487.102875,False
2.4,30,543536.062479,True
0.0,30,543873.842522,False
0.0,30,543920.349099,False
0.0,30,543967.843407,False
2.4,30,544008.865207,True
2.5,30,544056.810437,True
0.0,30,544099.266328,False
2.4,30,544144.068774,True
3.0,30,544193.459361,True
1.5,30,544239.479578,True
2.7,30,544289.401193,True
0.0,30,544332.600517,False
0.0,30,544379.123804,False
3.0,30,544423.782784,True
0.0,30,544478.566189,False
0.0,30,544545.937198,False
0.0,30,544590.728475,False
2.3,30,544634.39819,True
2.3,30,544678.291605,True
2.7,30,544725.475873,True
2.8,30,544772.044832,True
2.7,30,544816.574201,True
0.0,30,544865.040831,False
0.0,30,544909.491157,False
0.0,30,544950.847668,False
0.8,30,544995.310557,True
2.5,30,545043.487763,True
0.0,30,545088.197237,False
0.0,30,545138.329226,False
0.0,30,545181.38504,False
2.8,30,545232.625196,True
0.0,30,545279.41809,False
0.0,30,545325.823863,False
2.8,30,545370.315377,True
2.8,30,545414.022904,True
0.0,30,545462.469558,False
0.0,30,545809.57176,False
1.4,30,545857.810171,True
0.0,30,545904.277183,False
2.9,30,545955.019537,True
0.0,30,546002.210871,False
2.7,30,546043.708558,True
0.0,30,546095.39797,False
2.2,30,546138.337422,True
0.0,30,546186.018679,False
2.4,30,546234.276279,True
0.0,30,546276.887042,False
1.0,30,546317.580707,True
0.0,30,546365.712317,False
0.0,30,546406.737649,False
0.0,30,546452.376285,False
0.0,30,546498.533101,False
2.9,30,546544.314471,True
2.5,30,546591.189294,True
2.6,30,546635.293093,True
2.8,30,546690.054549,True
0.0,30,546735.581319,False
2.7,30,546780.251675,True
2.8,30,546825.049712,True
0.0,30,546871.975281,False
0.0,30,546917.734689,False
2.9,30,546965.701988,True
2.5,30,547015.713412,True
2.3,30,547062.927984,True
0.9,30,547112.919823,False
2.5,30,547162.058384,True
2.5,30,547204.149126,True
2.0,30,547248.325574,True
0.0,30,547293.802052,False
2.5,30,547339.024133,True
2.3,30,547718.755058,True
2.9,30,547765.471854,True
0.0,30,547807.297271,False
0.0,30,547856.406116,False
2.8,30,547901.110001,True
2.4,30,547950.513694,True
2.2,30,547994.487603,True
2.4,30,548080.20974,True
2.7,30,548130.226327,True
2.3,30,548180.570098,True
0.0,30,548232.03459,False
0.0,30,548270.851964,False
2.6,30,548320.494425,True
2.8,30,548367.536008,True
0.0,30,548411.125274,False
0.0,30,548453.297988,False
2.5,30,548505.805318,True
2.7,30,548552.32785,True
2.6,30,548597.465384,True
0.0,30,548643.896501,False
2.6,30,548686.400662,True
0.0,30,548730.456011,False
0.0,30,548785.958665,False
2.8,30,548829.10747,True
0.0,30,548879.49964,False
0.0,30,548931.051427,False
0.0,30,548977.266345,False
2.7,30,549027.796655,True
1.5,30,549074.350044,True
0.0,30,549119.50968,False
2.2,30,549175.218978,True
2.6,30,549221.231747,True
2.7,30,549264.042167,True
0.0,30,549303.089641,False
2.6,30,549649.731455,True
2.8,30,549689.885716,True
2.1,30,549732.818284,True
2.3,30,549779.271025,True
0.0,30,549822.822477,False
0.0,30,549865.009895,False
0.0,30,549910.534872,False
2.7,30,549955.528405,True
2.3,30,549998.147055,True
2.6,30,550043.218924,True
1.1,30,550089.218076,True
2.8,30,550133.387387,True
0.0,30,550175.477361,False
2.8,30,550224.737574,True
0.0,30,550271.306111,False
1.8,30,550312.357266,True
2.7,30,550353.587442,True
2.3,30,550397.848083,True
2.7,30,550447.161274,True
1.6,30,550491.810831,True
1.7,30,550542.935685,True
0.0,30,550590.177462,False
0.0,30,550634.876969,False
0.0,30,550681.189464,False
0.0,30,550727.722761,False
0.0,30,550778.100682,False
2.1,30,550825.757522,True
2.9,30,550871.681181,True
0.0,30,550921.980884,False
2.9,30,550969.236933,True
0.0,30,551017.568938,False
2.3,30,551059.321189,True
0.0,30,551104.405792,False
0.0,30,551148.459848,False
2.3,30,551524.828069,True
2.8,30,551570.157969,True
2.8,30,551620.498326,True
2.8,30,551669.35607,True
0.0,30,551720.150166,False
0.5,30,551764.213582,True
0.0,30,551809.951543,False
2.2,30,551862.123629,True
2.7,30,551904.818472,True
0.0,30,551951.238727,False
2.7,30,551998.270789,True
2.6,30,552046.890217,True
0.0,30,552094.007792,False
0.0,30,552137.240577,False
2.8,30,552181.523592,True
2.7,30,552226.359521,True
0.0,30,552268.468176,False
2.7,30,552311.454291,True
0.0,30,552363.986019,False
0.0,30,552412.157792,False
0.0,30,552457.515258,False
2.5,30,552504.135147,True
0.0,30,552547.812916,False
2.8,30,552593.039709,True
0.0,30,552637.615658,False
0.0,30,552681.079427,False
0.0,30,552727.314781,False
0.0,30,552775.82841,False
0.0,30,552822.480145,False
2.0,30,552870.140723,True
1.6,30,552920.849862,True
2.6,30,552969.98312,True
0.3,30,553015.350287,False
3.0,30,553059.024019,True
0.0,30,553390.340844,False
3.0,30,553447.970419,True
2.5,30,553491.312683,True
3.0,30,553534.483428,True
0.0,30,553581.331265,False
0.0,30,553627.125721,False
0.0,30,553671.453502,False
3.0,30,553717.177848,True
1.7,30,553764.100642,True
2.6,30,553806.394348,True
2.2,30,553853.868516,True
0.0,30,553896.315985,False
2.8,30,553946.933573,True
2.7,30,553990.198706,True
0.0,30,554036.535054,False
0.0,30,554080.199717,False
0.0,30,554128.807592,False
0.0,30,554171.817793,False
2.3,30,554217.43612,True
2.2,30,554284.946205,True
2.8,30,554326.966164,True
1.6,30,554371.392711,True
2.6,30,554416.5295,True
0.0,30,554461.433429,False
3.0,30,554507.157499,True
1.9,30,554554.139715,True
1.1,30,554603.787471,True
0.0,30,554654.196342,False
0.0,30,554700.946532,False
0.0,30,554747.937676,False
0.0,30,554793.018366,False
2.6,30,554836.569375,True
0.0,30,554879.432663,False
2.8,30,554928.187279,True
2.6,30,555299.478865,True
0.0,30,555342.484922,False
2.2,30,555395.282849,True
2.6,30,555441.423001,True
3.0,30,555497.751492,True
0.0,30,555541.700573,False
2.7,30,555585.7609,True
0.0,30,555635.902915,False
0.0,30,555680.247065,False
0.0,30,555726.934837,False
2.7,30,555776.537258,True
3.0,30,555826.922463,True
2.5,30,555872.276437,True
2.9,30,555917.139088,True
2.7,30,555965.502551,True
2.6,30,556012.967447,True
3.0,30,556058.769395,True
2.6,30,556106.765902,True
2.5,30,556148.480786,True
2.7,30,556193.666488,True
2.6,30,556245.044912,True
1.0,30,556293.153389,False
0.0,30,556335.71123,False
2.5,30,556383.376476,True
2.6,30,556438.286222,True
0.0,30,556481.988002,False
2.5,30,556526.85141,True
0.0,30,556576.103804,False
0.0,30,556620.223556,False
0.0,30,556670.139161,False
2.7,30,556713.510442,True
0.0,30,556756.732578,False
0.0,30,556806.724187,False
2.7,30,556857.416213,True
0.0,30,557205.855808,False
0.0,30,557254.489455,False
0.0,30,557305.443376,False
2.5,30,557359.31414,True
0.0,30,557405.110289,False
2.7,30,557453.871688,True
1.2,30,557504.210225,False
2.7,30,557547.922807,True
0.0,30,557598.298152,False
0.0,30,557644.704126,False
0.0,30,557688.387175,False
2.1,30,557736.884928,True
2.7,30,557781.711134,True
3.0,30,557826.898032,True
0.0,30,557873.386681,False
2.3,30,557920.632771,True
0.0,30,557970.555102,False
0.0,30,558014.403088,False
0.0,30,558064.209234,False
0.0,30,558111.714992,False
0.0,30,558161.72939,False
2.7,30,558213.492186,True
2.5,30,558260.046647,True
2.4,30,558307.820623,True
2.8,30,558352.675038,True
2.6,30,558399.319658,True
2.3,30,558441.855753,True
2.6,30,558491.471529,True
1.4,30,558536.819541,False
3.0,30,558586.688179,True
0.0,30,558628.653243,False
2.2,30,558674.931775,True
2.2,30,558718.618162,True
2.5,30,558765.477265,True
0.8,30,559100.561349,False
0.0,30,559149.402252,False
0.0,30,559196.25421,False
2.7,30,559239.577179,True
0.0,30,559295.162298,False
2.7,30,559338.018854,True
2.8,30,559381.442992,True
0.0,30,559426.360073,False
3.0,30,559470.614784,True
0.0,30,559519.940253,False
2.5,30,559565.881495,True
0.0,30,559612.141075,False
0.0,30,559656.208743,False
2.1,30,559706.809621,True
0.0,30,559752.688749,False
0.0,30,559797.700309,False
2.6,30,559844.401268,True
0.0,30,559893.266572,False
2.7,30,559937.552253,True
0.0,30,559981.629669,False
2.7,30,560027.20364,True
0.0,30,560095.062555,False
2.5,30,560139.355132,True
0.0,30,560185.473595,False
0.0,30,560229.351377,False
2.0,30,560276.081349,True
3.0,30,560324.860905,True
0.0,30,560373.046674,False
0.0,30,560421.795418,False
2.4,30,560469.940542,True
0.0,30,560531.694156,False
0.0,30,560577.314192,False
0.0,30,560630.308058,False
1.2,30,560672.852072,True
2.6,30,560721.346193,True
2.9,30,561072.957185,True
2.6,30,561117.41905,True
0.0,30,561163.440192,False
0.0,30,561208.920129,False
2.6,30,561255.459082,True
2.8,30,561303.070254,True
0.0,30,561351.806463,False
0.0,30,561397.645676,False
0.0,30,561442.825624,False
0.0,30,561488.84369,False
0.0,30,561531.23902,False
0.0,30,561584.591523,False
0.0,30,561631.583525,False
0.0,30,561673.317804,False
1.8,30,561722.200338,True
1.5,30,561768.558591,True
2.7,30,561822.704587,True
0.0,30,561868.516888,False
0.0,30,561915.258506,False
2.5,30,561957.254842,True
2.5,30,562004.792123,True
2.4,30,562051.948919,True
2.6,30,562100.452725,True
2.6,30,562147.857232,True
2.5,30,562191.198491,True
2.3,30,562236.579647,False
0.0,30,562281.407777,False
0.0,30,562345.736393,False
2.7,30,562392.93892,True
0.0,30,562434.792391,False
0.0,30,562484.271882,False
0.9,30,562531.973631,True
0.0,30,562578.381552,False
0.0,30,562623.728863,False
0.0,30,562962.506832,False
0.0,30,563010.347072,False
0.0,30,563056.458362,False
0.0,30,563105.158216,False
0.0,30,563156.562583,False
2.5,30,563204.18164,True
2.2,30,563246.423563,True
2.3,30,563295.891941,True
1.2,30,563342.535929,True
0.0,30,563388.863075,False
0.0,30,563433.40191,False
0.0,30,563478.376475,False
0.0,30,563522.931307,False
2.3,30,563569.482364,True
0.0,30,563618.606127,False
0.0,30,563660.358394,False
0.0,30,563706.069822,False
1.7,30,563749.68526,True
2.6,30,563793.521468,True
2.4,30,563837.310879,True
1.6,30,563882.655833,True
2.8,30,563927.245769,True
3.0,30,563975.757866,True
0.0,30,564024.45225,False
2.2,30,564071.701387,True
0.0,30,564119.267619,False
0.0,30,564162.97924,False
2.7,30,564217.543567,True
2.0,30,564261.633389,True
2.6,30,564310.198951,True
0.0,30,564355.135982,False
1.6,30,564404.058714,True
2.7,30,564454.951282,True
2.8,30,564505.979276,True
2.5,30,564847.145216,True
0.0,30,564888.311613,False
2.7,30,564930.382691,True
0.0,30,564974.185536,False
0.0,30,565022.207181,False
2.8,30,565075.876578,True
2.5,30,565122.27675,True
0.0,30,565167.444045,False
2.9,30,565214.370779,True
0.0,30,565259.033456,False
2.7,30,565306.243023,True
0.0,30,565349.055426,False
2.4,30,565392.454737,True
2.7,30,565436.464304,True
0.0,30,565483.681863,False
2.8,30,565534.106153,True
3.0,30,565579.689534,True
1.7,30,565626.761958,False
2.9,30,565680.680366,True
3.0,30,565726.866028,True
0.0,30,565772.925442,False
2.8,30,565821.108814,True
2.9,30,565863.288929,True
2.9,30,565913.014668,True
0.0,30,565964.608747,False
0.0,30,566008.13099,False
2.9,30,566068.302605,True
0.0,30,566116.741815,False
0.0,30,566162.481328,False
0.0,30,566213.595887,False
0.0,30,566260.994577,False
2.7,30,566302.891267,True
0.0,30,566348.856243,False
2.8,30,566397.659796,True
3.0,30,566766.790889,True
2.6,30,566812.359477,True
2.7,30,566857.874666,True
2.5,30,566900.634259,True
0.0,30,566942.675106,False
0.0,30,566988.590999,False
2.6,30,567035.50118,True
0.0,30,567083.174268,False
0.5,30,567130.271411,False
0.0,30,567176.768744,False
0.0,30,567226.71681,False
0.0,30,567268.718193,False
2.8,30,567318.714137,True
0.0,30,567365.520404,False
0.0,30,567413.219201,False
2.5,30,567463.193145,True
0.0,30,567501.51499,False
2.6,30,567550.041461,True
2.8,30,567601.593047,True
2.6,30,567642.215029,True
0.0,30,567690.859414,False
2.0,30,567742.323226,True
2.8,30,567788.158964,True
0.0,30,567833.262161,False
1.4,30,567874.490124,True
2.9,30,567915.641853,True
2.4,30,567973.280529,True
2.4,30,568018.490476,True
2.8,30,568063.430985,True
2.3,30,568102.862618,True
0.0,30,568151.4503,False
0.0,30,568197.588924,False
0.0,30,568241.99954,False
2.3,30,568286.482095,True
2.7,30,568640.681295,True
2.7,30,568689.619339,True
3.0,30,568736.452329,True
2.6,30,568782.972829,True
2.7,30,568832.151364,True
3.0,30,568880.688819,True
0.0,30,568925.610146,False
0.0,30,568975.942379,False
0.0,30,569020.435874,False
0.0,30,569064.811176,False
0.0,30,569109.378043,False
0.0,30,569156.11602,False
0.0,30,569205.614736,False
2.6,30,569254.756319,True
2.5,30,569303.908859,True
0.0,30,569347.21009,False
0.0,30,569391.138224,False
0.0,30,569436.099199,False
0.0,30,569489.171801,False
0.0,30,569538.754723,False
0.0,30,569585.012677,False
0.0,30,569629.788534,False
2.7,30,569678.084283,True
0.0,30,569724.914761,False
0.5,30,569793.349682,True
2.4,30,569839.157342,True
0.0,30,569880.924129,False
0.0,30,569925.97167,False
2.9,30,569970.167466,True
2.4,30,570022.135544,True
0.0,30,570099.027329,False
0.0,30,570143.300458,False
2.6,30,570198.957259,True
2.4,30,570245.344229,True
0.0,30,570592.651916,False
0.0,30,570634.450357,False
2.9,30,570685.214878,True
2.4,30,570738.150799,True
2.6,30,570784.122099,True
2.6,30,570832.973228,True
2.7,30,570880.085154,True
2.6,30,570921.537811,True
2.8,30,570970.350504,True
2.8,30,571012.959863,True
2.3,30,571058.738273,True
2.9,30,571104.630212,True
0.0,30,571154.848036,False
2.8,30,571198.787213,True
0.0,30,571243.661072,False
0.0,30,571288.1414,False
0.0,30,571340.146079,False
2.6,30,571394.751944,True
0.0,30,571438.085298,False
2.6,30,571489.418953,True
2.4,30,571541.323152,True
2.8,30,571589.482523,True
0.0,30,571636.654142,False
2.4,30,571689.670073,True
0.0,30,571736.173507,False
0.0,30,571780.952323,False
2.6,30,571826.87417,True
0.0,30,571869.85445,False
2.4,30,571917.778765,True
0.0,30,571968.190522,False
2.8,30,572011.73404,True
2.7,30,572055.85662,True
2.4,30,572103.630816,True
2.4,30,572153.19253,True
3.0,30,572525.06469,True
2.7,30,572572.152258,True
0.0,30,572620.340969,False
0.0,30,572666.465727,False
0.0,30,572717.656193,False
2.7,30,572768.435651,True
2.4,30,572809.911149,True
3.0,30,572853.285085,True
2.8,30,572901.124322,True
0.0,30,572951.441009,False
2.8,30,572998.947986,True
0.0,30,573047.680288,False
0.0,30,573095.044678,False
2.8,30,573146.855336,True
3.0,30,573192.79324,True
0.0,30,573241.534185,False
2.0,30,573294.987565,True
1.2,30,573338.996421,True
2.3,30,573389.715198,True
0.0,30,573441.346846,False
2.7,30,573486.179794,True
2.8,30,573535.541607,True
2.4,30,573587.255765,False
0.0,30,573635.864043,False
2.8,30,573682.021765,True
0.0,30,573727.63173,False
0.0,30,573775.733824,False
2.6,30,573822.162447,True
0.0,30,573874.81828,False
3.0,30,573922.717354,True
0.0,30,573967.208422,False
0.0,30,574013.659663,False
2.2,30,574056.918974,True
0.0,30,574109.780942,False
2.9,30,574152.238866,True
2.4,30,574512.337282,True
2.8,30,574555.783885,True
0.0,30,574600.287579,False
0.0,30,574649.466051,False
2.6,30,574697.921799,True
0.0,30,574744.031033,False
2.4,30,574792.48082,True
0.4,30,574839.515052,True
1.1,30,574885.388202,False
2.4,30,574931.155645,True
0.0,30,574981.451552,False
3.0,30,575030.313344,True
2.8,30,575078.70216,True
2.9,30,575125.797964,True
1.1,30,575173.715408,True
2.2,30,575222.94967,True
2.3,30,575267.653575,True
2.2,30,575315.493499,True
2.4,30,575359.52526,True
2.5,30,575405.006988,True
2.0,30,575458.288385,True
2.6,30,575503.699167,True
0.0,30,575572.860322,False
0.0,30,575618.012581,False
2.5,30,575669.630893,True
0.0,30,575711.173193,False
2.5,30,575756.155179,True
2.7,30,575802.373653,True
0.0,30,575847.836653,False
0.0,30,575893.345717,False
2.9,30,575942.086823,True
2.3,30,575984.711524,True
0.0,30,576030.805763,False
1.7,30,576076.125849,True
2.8,30,576410.163606,True
2.3,30,576454.000361,True
2.8,30,576501.51698,True
0.0,30,576561.597298,False
2.6,30,576604.165404,True
0.0,30,576654.992738,False
0.0,30,576700.858812,False
2.8,30,576753.94182,True
0.0,30,576797.232942,False
0.0,30,576847.774593,False
1.3,30,576898.933783,False
3.0,30,576946.791571,True
2.3,30,577003.555317,True
0.0,30,577052.349546,False
0.0,30,577097.042222,False
0.0,30,577145.659044,False
0.0,30,577192.480717,False
2.4,30,577242.859277,True
2.7,30,577287.857477,True
2.7,30,577333.479932,True
2.3,30,577375.890101,True
2.6,30,577418.43805,True
2.9,30,577469.103092,True
0.0,30,577519.223541,False
0.0,30,577568.949987,False
2.8,30,577616.931252,True
0.0,30,577661.365898,False
2.3,30,577705.799689,True
2.2,30,577754.235585,True
3.0,30,577805.084335,True
3.0,30,577852.404934,True
2.9,30,577898.481156,True
0.0,30,577944.062304,False
2.8,30,577992.585709,True
0.0,30,578371.56403,False
2.5,30,578418.909443,True
0.0,30,578465.736423,False
2.8,30,578519.729471,True
2.1,30,578566.490214,True
0.0,30,578614.611215,False
3.0,30,578661.788617,True
0.0,30,578711.741749,False
0.0,30,578760.807377,False
0.0,30,578804.238833,False
0.0,30,578848.893128,False
3.0,30,578899.195118,True
2.9,30,578940.948915,True
2.4,30,578994.09857,True
0.0,30,579046.290792,False
0.0,30,579092.137244,False
0.0,30,579141.079943,False
0.0,30,579188.265242,False
0.0,30,579236.391752,False
0.0,30,579287.903464,False
3.0,30,579331.746857,True
2.5,30,579387.172619,True
0.0,30,579429.268475,False
2.7,30,579472.861955,True
3.0,30,579518.326842,True
0.0,30,579567.606862,False
2.9,30,579612.580854,True
0.0,30,579660.208068,False
0.0,30,579708.335854,False
0.0,30,579763.083633,False
2.5,30,579811.702418,True
0.0,30,579857.091228,False
2.6,30,579904.264156,True
3.0,30,579953.829415,True
0.0,30,580291.055764,False
2.6,30,580346.647237,True
0.0,30,580391.535913,False
2.8,30,580437.599989,True
3.0,30,580481.951255,True
2.5,30,580540.588118,True
2.7,30,580591.098693,True
2.5,30,580662.679786,True
1.4,30,580713.060817,True
3.0,30,580761.084373,True
2.5,30,580805.172391,True
3.0,30,580857.168014,True
0.0,30,580918.889679,False
0.0,30,580967.913459,False
2.6,30,581018.125684,True
2.5,30,581070.072216,True
2.7,30,581120.935123,True
2.7,30,581172.216101,True
2.6,30,581220.873777,True
2.5,30,581270.401521,True
1.6,30,581318.973172,True
3.0,30,581364.526618,True
0.0,30,581416.123382,False
0.0,30,581464.796335,False
0.0,30,581516.87438,False
1.1,30,581562.321278,False
2.3,30,581609.720821,True
0.0,30,581653.269549,False
2.8,30,581704.831368,True
0.0,30,581750.121123,False
2.8,30,581800.576396,True
0.0,30,581854.040563,False
0.0,30,581900.212918,False
2.8,30,581977.043971,True
0.0,30,582339.167284,False
2.6,30,582385.107165,True
0.0,30,582428.082665,False
0.0,30,582480.721171,False
0.0,30,582524.141328,False
0.0,30,582572.984734,False
0.0,30,582621.822223,False
2.7,30,582677.08345,True
0.0,30,582726.639942,False
2.6,30,582780.407942,True
2.4,30,582822.107784,True
0.0,30,582868.219552,False
0.0,30,582922.85259,False
0.0,30,582968.408753,False
0.0,30,583014.502782,False
2.8,30,583064.393455,True
2.5,30,583116.380526,True
2.7,30,583161.140554,True
0.0,30,583208.828703,False
0.0,30,583249.954683,False
2.5,30,583294.505043,True
0.0,30,583344.888629,False
0.0,30,583395.571465,False
0.0,30,583439.87225,False
2.9,30,583481.876703,True
2.7,30,583527.548247,True
2.9,30,583581.881876,True
0.0,30,583631.784441,False
3.0,30,583677.076533,True
2.5,30,583730.804501,True
0.0,30,583779.367096,False
0.0,30,583823.871471,False
2.4,30,583879.918139,True
0.0,30,583926.941063,False
