#{"t_start": 1770256120.5442681, "env_id": "FetchBridgeBullet7Blocks-v1"}
r,l,t,is_success
0.0,30,93.681997,False
2.6,30,155.547673,True
0.0,30,210.655118,False
0.0,30,272.438036,False
0.0,30,324.45786,False
0.0,30,385.456026,False
3.0,30,453.663598,True
0.0,30,498.600576,False
3.0,30,562.3617,True
0.0,30,628.406729,False
0.0,30,687.514938,False
1.5,30,752.708511,True
3.0,30,807.942168,True
0.0,30,862.441361,False
2.2,30,921.465672,True
0.0,30,984.186317,False
0.0,30,1046.711117,False
0.0,30,1107.754924,False
0.0,30,1177.068302,False
2.9,30,1252.845336,True
3.0,30,1326.684238,True
3.0,30,1378.242581,True
0.0,30,1438.171732,False
0.0,30,1499.330891,False
0.0,30,1566.181487,False
1.9,30,1630.909514,True
0.0,30,1694.481446,False
2.6,30,1759.364728,True
0.0,30,1820.688985,False
0.0,30,1889.121862,False
0.0,30,1961.357327,False
0.0,30,2029.432453,False
3.0,30,2095.73382,True
2.8,30,2148.683658,True
0.0,30,2559.046808,False
1.1,30,2615.958325,True
0.0,30,2680.218918,False
0.0,30,2743.343445,False
0.0,30,2801.234073,False
0.0,30,2864.680553,False
0.0,30,2925.946414,False
2.9,30,2987.975326,True
2.8,30,3055.11965,True
0.0,30,3124.164368,False
3.0,30,3187.219705,True
2.9,30,3248.957306,True
0.0,30,3315.88145,False
2.7,30,3374.010125,True
0.0,30,3441.415345,False
0.0,30,3500.403739,False
0.0,30,3565.481135,False
0.0,30,3628.458905,False
0.0,30,3685.705587,False
0.0,30,3741.65991,False
0.0,30,3804.664164,False
0.0,30,3863.94259,False
0.0,30,3926.022255,False
0.0,30,3986.327764,False
1.5,30,4037.932513,True
0.0,30,4090.257496,False
0.0,30,4153.981389,False
0.0,30,4211.846371,False
0.0,30,4276.662692,False
3.0,30,4338.168514,True
2.7,30,4408.129408,True
0.0,30,4463.555819,False
0.0,30,4521.114796,False
0.0,30,4580.392718,False
2.8,30,5059.381564,True
0.0,30,5122.170569,False
2.9,30,5169.089922,True
0.0,30,5222.121396,False
0.0,30,5289.915428,False
0.0,30,5353.332409,False
0.0,30,5414.080778,False
2.8,30,5475.67407,True
2.8,30,5528.848671,True
0.0,30,5579.645735,False
0.0,30,5638.01628,False
0.0,30,5706.176049,False
3.0,30,5760.457023,True
0.0,30,5820.614879,False
0.0,30,5875.643973,False
0.0,30,5932.939718,False
0.0,30,5987.844509,False
0.0,30,6049.602953,False
0.0,30,6101.30525,False
2.0,30,6158.149745,True
0.0,30,6224.31304,False
0.0,30,6285.275756,False
0.0,30,6350.422501,False
0.0,30,6405.783396,False
0.0,30,6461.366718,False
0.0,30,6523.756598,False
3.0,30,6589.070704,True
0.0,30,6643.360264,False
3.0,30,6696.790188,True
2.2,30,6757.802623,True
0.0,30,6833.211067,False
0.0,30,6885.907928,False
0.0,30,6941.583796,False
3.0,30,7007.695276,True
2.9,30,7425.811939,True
0.0,30,7482.866935,False
0.0,30,7544.47227,False
0.0,30,7603.333125,False
0.0,30,7652.087302,False
0.0,30,7696.16403,False
0.0,30,7753.685848,False
0.0,30,7813.743945,False
0.0,30,7862.262712,False
0.0,30,7930.424833,False
0.0,30,7987.940541,False
0.0,30,8049.365337,False
2.6,30,8108.414969,True
2.5,30,8161.646784,True
0.0,30,8223.57975,False
0.0,30,8272.10044,False
0.0,30,8336.515576,False
0.0,30,8391.315628,False
0.0,30,8452.153307,False
0.0,30,8515.468325,False
0.0,30,8572.418555,False
3.0,30,8631.698724,True
2.9,30,8690.554396,True
0.0,30,8744.393823,False
2.6,30,8804.558971,True
2.6,30,8861.518697,True
0.0,30,8922.701473,False
3.0,30,8978.61741,True
0.0,30,9048.627222,False
0.0,30,9101.319705,False
0.0,30,9172.897481,False
0.0,30,9238.608363,False
0.0,30,9284.44762,False
0.0,30,9341.361797,False
0.0,30,9721.785651,False
0.0,30,9782.965461,False
0.0,30,9845.568622,False
0.0,30,9905.320696,False
0.0,30,9967.715805,False
0.0,30,10025.919631,False
0.0,30,10097.48153,False
0.0,30,10153.367435,False
0.0,30,10204.513452,False
0.3,30,10263.070452,True
0.0,30,10325.210386,False
1.8,30,10393.299157,True
3.0,30,10452.686718,True
2.5,30,10521.253568,True
0.0,30,10591.54676,False
0.0,30,10653.721549,False
0.0,30,10722.208292,False
0.0,30,10772.744889,False
0.0,30,10836.146521,False
0.0,30,10895.283074,False
0.0,30,10954.02704,False
0.0,30,11014.592675,False
0.9,30,11076.456342,True
0.0,30,11140.000372,False
0.0,30,11198.944601,False
0.0,30,11259.584817,False
0.0,30,11311.742439,False
0.0,30,11365.197951,False
0.0,30,11423.222508,False
2.4,30,11479.733853,True
0.0,30,11542.381337,False
0.0,30,11604.6572,False
0.0,30,11659.626883,False
0.0,30,11711.894767,False
2.3,30,12126.442461,True
0.0,30,12189.774389,False
0.0,30,12255.530135,False
0.0,30,12304.32534,False
2.6,30,12363.081235,True
0.0,30,12417.985359,False
0.0,30,12489.549126,False
0.0,30,12551.686047,False
0.0,30,12607.69645,False
0.0,30,12669.019392,False
0.0,30,12725.443067,False
0.0,30,12775.466339,False
3.0,30,12834.340656,True
0.0,30,12888.014293,False
0.0,30,12948.883317,False
0.0,30,13009.390314,False
0.0,30,13073.408583,False
0.0,30,13129.162051,False
0.0,30,13179.136165,False
0.0,30,13234.418037,False
0.0,30,13287.044096,False
0.0,30,13350.770215,False
3.0,30,13411.501682,True
0.0,30,13463.593463,False
0.0,30,13528.074012,False
0.0,30,13584.947841,False
0.0,30,13643.782339,False
0.0,30,13699.432597,False
0.0,30,13762.724924,False
0.0,30,13829.339418,False
1.2,30,13886.872755,True
0.0,30,13947.57768,False
0.0,30,14009.062145,False
0.0,30,14062.390146,False
2.7,30,14474.161267,True
0.0,30,14531.419915,False
0.0,30,14595.504252,False
0.0,30,14661.180499,False
0.0,30,14709.642882,False
0.0,30,14760.555813,False
0.0,30,14811.233427,False
0.0,30,14864.552473,False
0.0,30,14922.264248,False
0.0,30,14979.371674,False
0.0,30,15037.406527,False
0.0,30,15074.196466,False
2.9,30,15130.669409,True
0.0,30,15181.852701,False
3.0,30,15236.388894,True
0.0,30,15294.814086,False
0.0,30,15346.597141,False
2.2,30,15400.034556,True
0.0,30,15456.644377,False
0.0,30,15502.464835,False
0.0,30,15555.208333,False
0.0,30,15610.822098,False
0.0,30,15674.378612,False
2.6,30,15733.315945,True
2.4,30,15795.978422,True
0.0,30,15852.718517,False
2.4,30,15908.933346,True
1.8,30,15967.643199,True
2.9,30,16027.16276,True
0.0,30,16075.968925,False
0.0,30,16139.197204,False
0.6,30,16191.109914,False
3.0,30,16254.270326,True
2.6,30,16315.457294,True
0.0,30,16738.905385,False
2.4,30,16792.510761,True
0.0,30,16853.665877,False
0.0,30,16915.798851,False
0.0,30,16968.833654,False
0.0,30,17021.978256,False
0.0,30,17078.643101,False
0.0,30,17137.100654,False
2.7,30,17197.911854,True
2.5,30,17259.981984,True
0.0,30,17322.219539,False
0.0,30,17368.917945,False
0.0,30,17421.453964,False
2.7,30,17473.234639,True
0.0,30,17531.640538,False
0.0,30,17584.882187,False
0.4,30,17656.188019,True
0.0,30,17719.88985,False
1.6,30,17780.046876,True
2.1,30,17837.226963,True
1.7,30,17888.446856,True
3.0,30,17941.363865,True
0.0,30,18000.778459,False
0.0,30,18060.397471,False
0.0,30,18124.309674,False
0.0,30,18188.397523,False
2.7,30,18238.957701,True
0.0,30,18296.948951,False
2.1,30,18355.509431,True
0.0,30,18414.427002,False
0.0,30,18474.553009,False
0.0,30,18537.457663,False
3.0,30,18589.840244,True
0.0,30,18641.364732,False
0.0,30,18708.546626,False
3.0,30,19083.861822,True
0.9,30,19137.104528,True
0.0,30,19196.983493,False
2.5,30,19249.610545,True
0.5,30,19307.721854,True
0.0,30,19363.2314,False
0.0,30,19415.339613,False
2.8,30,19469.462956,True
0.0,30,19526.255557,False
0.0,30,19576.165418,False
0.0,30,19637.663627,False
2.5,30,19702.557894,True
0.0,30,19757.969321,False
0.0,30,19807.09461,False
0.0,30,19876.209305,False
3.0,30,19934.763004,True
0.0,30,19992.314173,False
0.0,30,20044.137288,False
2.4,30,20096.034173,True
0.0,30,20157.707684,False
0.0,30,20212.099912,False
0.0,30,20275.072295,False
0.0,30,20326.340137,False
1.6,30,20384.620535,True
2.8,30,20437.395351,True
0.0,30,20500.932423,False
0.0,30,20554.852549,False
0.4,30,20611.695106,True
0.0,30,20666.261876,False
0.0,30,20720.601199,False
0.0,30,20773.946336,False
2.5,30,20821.800294,True
1.5,30,20877.814127,True
2.3,30,20937.230779,True
0.0,30,21297.229577,False
2.2,30,21353.256568,True
0.0,30,21413.835018,False
0.0,30,21470.784212,False
0.0,30,21531.321883,False
3.0,30,21587.069229,True
0.0,30,21646.1471,False
2.4,30,21706.036583,True
0.0,30,21768.866828,False
0.0,30,21823.323863,False
1.5,30,21879.564579,True
1.6,30,21936.728328,True
0.0,30,21989.674463,False
0.0,30,22047.150513,False
0.0,30,22100.971066,False
0.0,30,22162.158576,False
0.0,30,22215.934489,False
0.0,30,22274.78147,False
3.0,30,22327.538036,True
0.0,30,22390.96317,False
3.0,30,22447.502498,True
0.0,30,22506.079678,False
0.0,30,22561.957248,False
0.0,30,22607.309854,False
0.0,30,22665.329757,False
0.0,30,22728.938183,False
0.8,30,22788.880364,True
0.0,30,22851.179366,False
0.0,30,22908.29266,False
0.0,30,22964.186884,False
3.0,30,23019.366575,True
0.0,30,23079.178478,False
0.0,30,23134.431334,False
0.0,30,23184.431847,False
0.0,30,23598.666069,False
1.5,30,23659.885036,True
0.0,30,23715.319426,False
0.0,30,23775.298794,False
0.0,30,23827.276075,False
0.0,30,23879.988564,False
0.0,30,23939.279565,False
0.0,30,23994.379726,False
0.0,30,24055.294388,False
0.0,30,24106.452954,False
0.0,30,24164.714405,False
2.6,30,24217.279069,True
0.0,30,24269.664497,False
2.5,30,24324.583435,True
1.7,30,24382.684219,True
3.0,30,24433.164249,True
1.9,30,24489.485882,True
2.5,30,24547.350165,True
2.5,30,24601.987908,True
2.9,30,24657.112784,True
2.6,30,24715.552751,True
0.0,30,24783.169883,False
0.0,30,24837.971642,False
2.7,30,24889.62135,True
3.0,30,24955.579656,True
0.0,30,25008.213109,False
0.0,30,25069.52332,False
0.6,30,25123.28419,True
0.0,30,25181.024938,False
0.0,30,25239.132624,False
0.0,30,25295.913032,False
2.7,30,25346.944918,True
0.0,30,25407.040809,False
0.0,30,25462.080471,False
0.0,30,25831.121589,False
0.0,30,25890.927998,False
0.0,30,25947.224465,False
1.8,30,26009.869136,True
0.0,30,26064.575563,False
2.8,30,26118.286693,True
2.8,30,26193.306372,True
0.0,30,26257.556436,False
2.8,30,26306.191068,True
0.0,30,26354.023456,False
0.0,30,26408.892448,False
0.0,30,26493.007744,False
3.0,30,26554.173919,True
0.0,30,26608.477262,False
0.0,30,26658.777143,False
0.0,30,26723.377888,False
2.8,30,26783.034334,True
0.0,30,26844.460256,False
1.2,30,26898.360839,True
1.3,30,26962.412934,False
2.2,30,27024.271538,True
0.0,30,27079.704512,False
0.0,30,27136.197135,False
2.6,30,27192.902719,True
2.4,30,27254.237992,True
0.0,30,27310.236934,False
0.0,30,27368.118837,False
1.7,30,27422.317184,True
0.0,30,27471.636657,False
0.0,30,27551.449011,False
2.0,30,27606.681506,True
2.3,30,27665.508946,True
0.0,30,27717.366176,False
2.5,30,27779.524906,True
2.7,30,28133.146709,True
0.0,30,28183.09847,False
0.0,30,28240.107086,False
2.5,30,28299.382273,True
2.8,30,28387.428276,True
2.0,30,28452.066275,True
0.0,30,28508.77561,False
2.9,30,28574.790859,True
0.0,30,28639.891729,False
0.8,30,28695.792044,True
0.0,30,28751.630376,False
0.0,30,28824.359422,False
2.6,30,28877.514827,True
2.6,30,28933.515668,True
0.0,30,28989.864739,False
2.4,30,29049.734927,True
0.0,30,29108.762153,False
0.0,30,29158.282593,False
0.0,30,29217.788326,False
2.0,30,29284.97781,True
0.0,30,29339.702158,False
0.0,30,29398.271285,False
0.0,30,29464.538774,False
0.0,30,29514.577002,False
0.7,30,29564.835917,True
0.0,30,29621.258642,False
0.0,30,29675.9462,False
0.0,30,29727.519446,False
3.0,30,29786.597891,True
0.0,30,29842.556882,False
3.0,30,29906.008354,True
2.7,30,29962.630082,True
3.0,30,30015.116704,True
0.0,30,30069.559095,False
2.3,30,30423.553393,True
0.0,30,30478.010807,False
1.3,30,30535.863859,True
0.0,30,30595.465745,False
2.2,30,30656.832218,True
0.0,30,30718.961328,False
0.0,30,30774.049359,False
0.0,30,30832.511544,False
2.6,30,30894.913778,True
2.7,30,30957.509713,True
0.0,30,31025.819211,False
0.0,30,31081.970551,False
0.0,30,31138.657413,False
0.0,30,31197.341764,False
0.0,30,31252.705538,False
2.2,30,31320.351999,True
0.0,30,31384.056199,False
2.4,30,31442.029726,True
0.0,30,31499.41164,False
0.0,30,31561.636665,False
0.0,30,31621.95684,False
0.0,30,31684.688688,False
0.0,30,31746.060222,False
0.0,30,31799.038043,False
1.7,30,31869.055346,True
0.0,30,31919.391106,False
0.0,30,31970.283986,False
0.0,30,32027.72441,False
0.0,30,32079.282108,False
0.0,30,32131.786732,False
1.9,30,32191.737834,True
2.7,30,32248.100148,True
2.7,30,32305.898061,True
3.0,30,32365.23542,True
1.7,30,32706.387819,True
2.7,30,32770.923033,True
2.8,30,32827.885727,True
0.0,30,32882.732795,False
0.0,30,32950.090895,False
2.8,30,33012.109256,True
2.7,30,33073.655325,True
0.0,30,33125.643852,False
0.0,30,33184.037509,False
3.0,30,33246.277735,True
0.0,30,33302.639569,False
1.1,30,33353.879666,True
2.9,30,33419.295603,True
0.0,30,33474.812429,False
2.8,30,33536.04713,True
0.0,30,33598.881374,False
1.9,30,33665.094806,True
0.0,30,33725.668272,False
0.0,30,33783.675587,False
0.0,30,33836.038234,False
2.8,30,33891.416579,True
1.9,30,33954.25129,True
0.0,30,34007.555325,False
2.8,30,34063.00545,True
0.9,30,34118.593328,True
2.3,30,34173.28138,True
0.0,30,34240.001305,False
0.0,30,34299.359305,False
0.0,30,34356.894783,False
0.0,30,34414.220423,False
3.0,30,34477.977843,True
0.0,30,34540.822768,False
0.0,30,34595.263333,False
2.6,30,34651.147451,True
2.4,30,34712.116838,True
0.0,30,35083.952234,False
1.5,30,35156.426259,True
2.5,30,35211.910108,True
2.8,30,35267.372606,True
1.3,30,35328.862701,True
0.0,30,35382.585398,False
0.0,30,35447.745238,False
0.0,30,35506.43268,False
2.6,30,35562.201213,True
0.0,30,35629.600603,False
2.8,30,35695.57026,True
2.9,30,35745.381891,True
2.2,30,35804.724719,True
0.0,30,35859.796563,False
0.0,30,35918.258576,False
0.0,30,35972.972864,False
2.8,30,36029.078279,True
2.3,30,36090.958844,True
0.0,30,36155.324106,False
3.0,30,36208.426632,True
0.3,30,36270.361135,True
2.7,30,36326.745594,True
0.0,30,36395.36206,False
2.6,30,36454.811911,True
0.0,30,36511.524634,False
0.0,30,36574.738071,False
3.0,30,36637.509486,True
0.0,30,36703.166344,False
2.7,30,36758.10514,True
2.5,30,36814.844863,True
0.0,30,36871.158512,False
0.0,30,36930.632277,False
0.0,30,37000.401473,False
0.0,30,37057.047462,False
0.0,30,37435.470891,False
0.0,30,37494.676321,False
2.7,30,37560.194608,True
2.7,30,37621.047712,True
3.0,30,37673.660575,True
0.0,30,37733.249277,False
1.6,30,37794.620099,True
0.0,30,37844.312351,False
2.5,30,37897.214408,True
0.0,30,37960.467825,False
2.3,30,38019.358553,True
0.0,30,38080.645948,False
2.8,30,38139.291588,True
2.6,30,38206.27024,True
0.6,30,38261.86445,True
0.0,30,38319.880804,False
0.0,30,38389.221474,False
2.8,30,38446.755143,True
2.7,30,38508.511246,True
2.8,30,38569.976443,True
3.0,30,38630.956035,True
2.5,30,38685.170763,True
0.0,30,38744.051519,False
0.0,30,38804.548278,False
2.9,30,38881.031466,True
2.1,30,38941.606655,True
1.1,30,39005.880086,True
0.0,30,39080.466201,False
0.0,30,39151.071569,False
2.1,30,39213.999551,True
2.7,30,39275.542545,True
2.8,30,39338.778703,True
2.6,30,39403.619463,True
0.0,30,39461.426805,False
2.7,30,39865.856852,True
0.0,30,39929.243931,False
0.0,30,39990.99715,False
2.7,30,40047.913761,True
1.0,30,40106.062817,True
0.0,30,40174.582934,False
2.7,30,40234.62161,True
2.4,30,40296.077566,True
0.0,30,40357.643645,False
2.1,30,40416.965894,True
0.0,30,40485.935885,False
3.0,30,40545.602394,True
0.0,30,40607.844979,False
2.3,30,40671.940212,True
2.8,30,40730.402439,True
1.9,30,40789.410494,True
0.0,30,40844.685057,False
0.0,30,40925.264126,False
2.8,30,40982.00319,True
1.9,30,41043.726583,True
2.6,30,41105.482182,True
2.5,30,41163.699872,True
2.6,30,41222.331747,True
0.0,30,41283.95267,False
2.4,30,41343.809556,True
2.8,30,41399.121294,True
2.0,30,41464.622815,True
0.0,30,41512.676836,False
0.0,30,41564.899457,False
2.7,30,41624.076701,True
0.0,30,41685.557019,False
1.8,30,41742.827359,True
0.0,30,41806.803669,False
0.0,30,41872.596815,False
0.0,30,42285.029929,False
0.0,30,42351.61328,False
0.0,30,42413.464847,False
2.8,30,42476.494271,True
2.6,30,42536.5581,True
2.8,30,42607.509907,True
0.0,30,42677.13284,False
0.0,30,42742.700056,False
0.0,30,42801.107016,False
1.6,30,42859.270594,True
2.0,30,42939.794761,True
0.0,30,43006.72346,False
0.0,30,43068.726112,False
2.5,30,43134.059566,True
0.0,30,43192.953126,False
2.9,30,43248.844999,True
0.0,30,43310.545994,False
0.0,30,43380.090851,False
0.0,30,43428.425342,False
0.0,30,43485.130674,False
2.7,30,43547.451627,True
0.0,30,43606.124104,False
2.5,30,43666.715925,True
2.8,30,43722.605997,True
1.7,30,43779.811293,False
0.0,30,43842.411167,False
2.3,30,43897.999764,True
2.5,30,43961.703792,True
0.0,30,44030.345696,False
0.0,30,44095.283977,False
2.7,30,44160.616233,True
0.0,30,44213.911166,False
0.0,30,44262.068758,False
0.0,30,44311.275689,False
0.0,30,44638.893519,False
0.0,30,44681.178512,False
2.4,30,44725.820782,True
0.0,30,44793.115855,False
2.3,30,44842.626837,True
2.7,30,44894.820527,True
0.0,30,44941.666465,False
2.6,30,44987.798588,True
0.0,30,45028.002481,False
2.9,30,45068.672427,True
2.5,30,45115.409535,True
0.0,30,45161.491852,False
2.7,30,45206.939841,True
0.0,30,45250.241256,False
0.0,30,45299.038306,False
0.0,30,45335.65308,False
1.9,30,45377.918478,True
2.8,30,45422.243037,True
0.0,30,45468.81104,False
0.0,30,45509.363801,False
2.8,30,45557.409888,True
2.6,30,45600.053422,True
0.0,30,45641.912763,False
2.4,30,45681.956935,True
0.0,30,45727.106374,False
0.0,30,45774.706672,False
2.5,30,45824.563558,True
2.6,30,45870.688537,True
0.0,30,45924.202566,False
1.9,30,45969.769056,True
3.0,30,46015.509961,True
2.6,30,46064.090978,True
2.8,30,46105.060038,True
0.0,30,46148.438159,False
0.0,30,46488.686948,False
2.9,30,46530.768194,True
0.0,30,46573.395459,False
2.8,30,46622.663507,True
3.0,30,46673.146041,True
2.7,30,46722.528701,True
2.4,30,46761.355319,True
0.0,30,46807.657212,False
0.0,30,46857.663059,False
0.0,30,46905.342469,False
0.1,30,46952.579408,True
2.7,30,47001.106213,True
0.0,30,47064.177478,False
2.7,30,47115.776504,True
1.4,30,47159.33739,True
0.0,30,47204.036037,False
3.0,30,47251.76012,True
2.9,30,47297.359771,True
0.0,30,47343.542104,False
0.0,30,47393.755774,False
2.9,30,47444.811919,True
0.0,30,47487.744983,False
0.0,30,47539.501275,False
3.0,30,47591.825898,True
0.0,30,47639.292803,False
0.0,30,47689.174658,False
0.0,30,47748.688247,False
2.6,30,47798.839787,True
0.0,30,47840.524234,False
0.0,30,47889.696461,False
0.0,30,47940.5405,False
2.6,30,47989.144003,True
0.0,30,48034.645254,False
0.0,30,48082.105264,False
2.3,30,48373.780664,True
2.4,30,48426.872392,True
0.0,30,48469.941715,False
0.0,30,48518.193833,False
2.7,30,48565.409383,True
0.0,30,48607.848183,False
0.0,30,48662.330421,False
2.9,30,48701.475822,True
0.0,30,48750.883799,False
0.0,30,48798.792691,False
2.9,30,48854.686914,True
0.0,30,48901.634753,False
2.5,30,48951.905104,True
0.0,30,49010.423847,False
0.0,30,49054.416837,False
0.0,30,49101.800612,False
2.5,30,49142.103622,True
2.6,30,49184.734863,True
3.0,30,49226.5897,True
0.0,30,49282.056123,False
0.0,30,49328.590395,False
0.0,30,49370.230521,False
0.8,30,49449.774162,True
0.0,30,49499.813429,False
0.0,30,49543.426355,False
3.0,30,49588.255166,True
3.0,30,49635.013217,True
2.8,30,49684.272347,True
0.0,30,49736.075593,False
0.0,30,49791.144904,False
2.9,30,49839.54382,True
2.5,30,49889.253498,True
0.0,30,49940.803497,False
2.9,30,49989.47426,True
0.0,30,50311.751854,False
0.0,30,50360.324848,False
0.0,30,50404.112051,False
2.8,30,50451.592727,True
0.0,30,50497.641402,False
0.0,30,50547.730944,False
2.8,30,50603.504386,True
2.6,30,50655.780853,True
2.9,30,50701.568114,True
2.8,30,50741.328432,True
0.0,30,50791.477244,False
0.0,30,50839.861886,False
1.4,30,50884.982622,True
0.0,30,50929.126406,False
2.8,30,50976.498938,True
0.0,30,51028.912145,False
0.0,30,51074.398719,False
2.6,30,51121.547682,True
2.9,30,51171.509668,True
2.9,30,51215.949763,True
0.0,30,51259.790394,False
0.0,30,51308.596903,False
0.0,30,51356.109086,False
0.0,30,51399.542798,False
2.2,30,51440.723911,True
0.0,30,51487.966455,False
0.0,30,51532.975291,False
2.9,30,51574.052671,True
0.0,30,51617.548551,False
0.0,30,51658.224951,False
2.6,30,51705.241475,True
0.0,30,51751.362431,False
2.5,30,51801.88408,True
2.9,30,51850.438518,True
0.0,30,51897.672174,False
2.5,30,52196.682227,True
0.0,30,52239.216092,False
2.7,30,52284.493746,True
0.0,30,52332.844955,False
0.0,30,52381.070784,False
0.0,30,52419.00534,False
2.3,30,52468.905928,True
0.0,30,52529.402703,False
2.8,30,52574.617479,True
0.0,30,52621.264985,False
2.6,30,52665.294508,True
0.0,30,52710.406237,False
0.0,30,52757.532169,False
0.0,30,52805.053443,False
3.0,30,52849.758211,True
0.0,30,52892.722124,False
0.0,30,52939.676128,False
2.6,30,52988.489322,True
1.2,30,53038.163797,True
0.0,30,53081.15193,False
2.5,30,53119.367458,True
0.0,30,53165.467264,False
2.0,30,53209.8571,True
2.6,30,53261.945813,True
2.0,30,53308.084517,True
0.0,30,53355.902979,False
2.8,30,53402.637093,True
0.0,30,53447.730458,False
2.8,30,53490.295642,True
0.0,30,53530.686356,False
0.0,30,53579.360417,False
0.4,30,53623.823906,True
2.3,30,53665.714547,True
0.0,30,53710.12325,False
2.4,30,54040.024121,True
2.0,30,54093.511086,True
2.8,30,54137.785581,True
2.2,30,54180.600227,True
0.0,30,54228.414428,False
0.0,30,54276.855458,False
0.0,30,54322.740867,False
0.0,30,54365.872584,False
0.0,30,54409.783643,False
0.0,30,54457.426772,False
0.0,30,54502.130282,False
2.9,30,54547.171118,True
2.9,30,54592.281508,True
0.0,30,54640.885365,False
2.0,30,54687.957089,True
2.5,30,54736.730573,True
2.8,30,54778.328546,True
0.0,30,54828.039409,False
2.7,30,54878.085351,True
1.8,30,54923.569095,True
2.7,30,54974.011095,True
0.0,30,55023.171212,False
2.6,30,55073.765877,True
2.5,30,55117.38241,True
0.5,30,55175.273843,True
2.5,30,55220.765649,True
1.8,30,55271.715276,True
2.4,30,55321.093234,True
0.0,30,55362.817847,False
0.5,30,55408.742291,True
0.0,30,55455.79809,False
0.0,30,55510.588762,False
2.7,30,55554.65668,True
2.2,30,55602.548461,True
0.0,30,55917.106174,False
0.0,30,55966.38795,False
2.6,30,56015.997503,True
2.8,30,56059.833443,True
0.0,30,56108.500917,False
2.0,30,56154.055553,True
0.0,30,56197.080145,False
1.1,30,56243.359814,True
2.9,30,56292.064917,True
0.0,30,56336.068748,False
2.7,30,56385.982539,True
0.0,30,56429.867953,False
0.0,30,56476.183061,False
0.0,30,56518.567054,False
0.0,30,56571.401544,False
2.7,30,56610.223256,True
2.3,30,56657.760179,True
0.0,30,56705.607391,False
2.7,30,56754.114325,True
0.0,30,56799.529927,False
0.0,30,56844.211807,False
2.8,30,56896.064312,True
2.5,30,56936.257493,True
0.0,30,56984.836931,False
2.4,30,57033.937028,True
2.8,30,57078.930549,True
0.0,30,57121.252095,False
0.0,30,57163.067357,False
0.0,30,57206.407701,False
1.4,30,57252.703949,False
0.0,30,57301.350395,False
0.0,30,57348.056714,False
0.0,30,57394.229062,False
2.6,30,57451.12199,True
0.0,30,57741.586621,False
2.7,30,57784.899645,True
2.9,30,57835.042117,True
2.6,30,57878.872841,True
2.7,30,57927.16536,True
2.8,30,57973.896138,True
0.0,30,58025.46267,False
2.7,30,58079.01053,True
0.0,30,58130.059214,False
2.6,30,58186.593943,True
2.4,30,58251.317287,True
0.0,30,58299.311911,False
2.6,30,58342.166121,True
2.2,30,58383.093856,True
2.3,30,58448.391572,True
0.0,30,58494.09339,False
2.8,30,58544.493844,True
2.8,30,58589.315986,True
0.0,30,58633.00718,False
0.0,30,58673.758242,False
0.0,30,58731.090445,False
2.4,30,58777.3436,True
0.7,30,58818.9033,False
0.0,30,58865.859964,False
3.0,30,58912.067316,True
0.0,30,58962.605083,False
0.0,30,59006.320865,False
1.8,30,59055.512893,True
0.0,30,59098.144522,False
0.0,30,59139.103438,False
0.0,30,59181.271227,False
0.0,30,59223.248321,False
3.0,30,59267.232948,True
1.8,30,59317.554514,True
2.3,30,59597.427162,True
2.3,30,59644.39648,True
2.5,30,59689.720222,True
2.7,30,59740.640244,True
2.9,30,59783.23136,True
0.0,30,59819.871165,False
2.8,30,59862.177261,True
2.6,30,59905.964274,True
0.0,30,59950.533542,False
0.6,30,59998.828094,True
1.9,30,60056.213018,True
1.0,30,60102.781767,False
2.9,30,60147.841728,True
0.0,30,60193.970697,False
2.5,30,60237.400231,False
2.4,30,60292.087866,True
2.7,30,60336.640709,True
0.0,30,60393.058599,False
0.0,30,60443.197294,False
0.0,30,60494.087672,False
0.0,30,60540.790048,False
2.6,30,60589.000957,True
2.5,30,60640.990333,True
2.8,30,60690.694856,True
2.8,30,60737.688036,True
2.5,30,60789.580609,True
3.0,30,60835.438342,True
0.0,30,60882.146888,False
2.7,30,60926.357377,True
0.0,30,60973.692839,False
2.5,30,61015.752574,True
2.9,30,61064.076485,True
0.0,30,61109.649521,False
2.7,30,61169.061033,True
2.8,30,61471.673991,True
0.0,30,61513.742147,False
2.5,30,61565.355986,True
0.0,30,61605.449994,False
2.7,30,61647.571916,True
2.5,30,61686.036068,True
2.8,30,61728.194427,True
2.6,30,61767.854594,True
0.0,30,61815.214464,False
0.0,30,61857.492749,False
0.0,30,61903.195563,False
0.0,30,61945.98491,False
0.0,30,61995.547129,False
0.0,30,62049.562268,False
0.0,30,62096.809368,False
2.8,30,62144.030522,True
0.0,30,62194.590626,False
2.8,30,62244.808943,True
0.0,30,62295.019548,False
0.0,30,62359.80346,False
3.0,30,62407.707211,True
2.1,30,62454.697241,True
1.6,30,62502.586278,True
0.0,30,62549.723724,False
2.7,30,62612.668968,True
3.0,30,62663.581928,True
1.4,30,62708.451192,True
0.0,30,62754.502445,False
2.8,30,62798.726611,True
2.6,30,62846.78415,True
0.0,30,62896.091835,False
2.7,30,62942.679409,True
0.0,30,62990.330912,False
0.0,30,63042.754499,False
2.9,30,63367.037488,True
0.0,30,63416.780303,False
0.0,30,63471.33844,False
2.6,30,63515.112741,True
0.0,30,63560.587716,False
0.0,30,63603.571408,False
0.0,30,63656.879361,False
2.6,30,63703.75552,True
2.1,30,63749.525837,True
0.0,30,63798.00116,False
0.0,30,63841.084938,False
1.6,30,63887.377427,True
2.3,30,63934.068345,True
0.0,30,63981.400228,False
0.0,30,64027.335526,False
2.8,30,64084.714679,True
2.4,30,64134.027332,True
0.0,30,64180.578603,False
2.8,30,64224.454194,True
1.8,30,64267.801639,True
2.3,30,64309.444102,True
0.0,30,64360.260998,False
0.0,30,64405.596298,False
3.0,30,64459.104413,True
0.0,30,64508.435318,False
0.0,30,64554.01435,False
0.0,30,64603.44537,False
0.0,30,64652.324914,False
0.0,30,64695.274577,False
0.0,30,64757.418611,False
2.8,30,64809.372503,True
0.0,30,64849.029315,False
0.0,30,64896.489386,False
0.0,30,64947.258919,False
2.4,30,65001.633272,True
0.0,30,65300.929684,False
1.8,30,65345.327905,True
2.9,30,65390.826931,True
0.0,30,65440.185726,False
2.3,30,65488.057871,True
0.0,30,65531.643707,False
0.0,30,65581.067297,False
3.0,30,65629.284137,True
0.0,30,65675.13659,False
2.7,30,65721.881323,True
2.9,30,65767.568612,True
0.0,30,65813.12636,False
2.3,30,65867.67143,True
2.5,30,65916.866911,True
0.5,30,65968.930317,False
2.8,30,66020.45888,True
1.8,30,66065.295117,True
2.2,30,66108.007653,True
0.0,30,66156.389778,False
0.0,30,66195.393996,False
0.6,30,66245.114806,False
2.6,30,66321.993595,True
0.0,30,66405.335828,False
0.0,30,66459.640575,False
0.0,30,66521.540803,False
2.5,30,66569.888809,True
0.0,30,66612.59061,False
0.0,30,66657.879756,False
2.1,30,66706.630202,True
0.0,30,66764.037326,False
0.0,30,66809.136999,False
2.5,30,66860.714615,True
2.9,30,66912.058887,True
2.8,30,66956.93855,True
0.0,30,67251.527656,False
0.0,30,67300.657106,False
0.0,30,67348.429727,False
2.5,30,67395.482041,True
2.6,30,67439.166016,True
2.9,30,67496.507903,True
2.6,30,67538.66481,True
2.8,30,67583.98273,True
0.0,30,67629.856886,False
1.8,30,67674.976737,True
2.5,30,67720.325161,True
0.0,30,67767.318407,False
2.3,30,67817.905508,True
2.8,30,67862.642837,True
2.4,30,67921.670092,True
0.0,30,67967.921029,False
0.0,30,68016.663953,False
0.0,30,68063.901569,False
0.0,30,68109.48772,False
2.2,30,68152.337403,True
0.0,30,68203.652941,False
2.9,30,68250.179191,True
0.0,30,68293.828762,False
2.5,30,68345.638972,True
2.3,30,68394.463497,True
0.0,30,68438.298613,False
0.0,30,68482.023939,False
2.3,30,68522.848361,True
0.0,30,68563.604776,False
2.7,30,68611.165054,True
1.6,30,68659.929578,True
3.0,30,68706.929119,True
2.6,30,68752.928807,True
2.0,30,68799.21486,True
0.0,30,69127.445835,False
0.0,30,69176.691332,False
2.8,30,69221.356678,True
0.0,30,69269.515404,False
3.0,30,69316.814417,True
0.0,30,69362.58912,False
1.2,30,69410.472682,False
2.8,30,69461.310931,True
2.4,30,69507.568789,True
0.0,30,69550.556199,False
0.0,30,69601.555462,False
1.5,30,69648.703307,True
0.0,30,69694.632822,False
2.3,30,69745.5286,True
0.0,30,69796.633255,False
2.3,30,69840.055665,True
2.2,30,69886.713495,True
0.0,30,69935.019904,False
0.0,30,69980.874481,False
2.7,30,70029.1299,True
2.0,30,70082.643021,True
2.8,30,70128.191876,True
2.9,30,70172.290108,True
2.8,30,70219.945514,True
0.0,30,70268.311587,False
2.9,30,70314.068524,True
0.0,30,70364.263368,False
0.0,30,70419.332163,False
2.7,30,70471.901765,True
3.0,30,70522.004069,True
2.6,30,70567.589657,True
0.0,30,70613.897735,False
2.5,30,70658.228618,True
0.0,30,70711.194868,False
2.5,30,71025.064503,True
0.0,30,71069.619138,False
3.0,30,71123.70935,True
2.3,30,71166.316702,True
0.0,30,71213.492716,False
0.0,30,71267.185695,False
0.0,30,71315.403594,False
0.0,30,71362.673785,False
2.5,30,71407.211506,True
0.0,30,71456.330154,False
3.0,30,71509.015463,True
2.5,30,71551.94165,True
2.8,30,71597.569899,True
2.6,30,71643.769881,True
2.0,30,71697.114175,True
3.0,30,71743.058917,True
0.0,30,71783.049705,False
0.0,30,71831.383336,False
3.0,30,71874.736792,True
2.4,30,71924.462082,True
2.2,30,71971.965518,True
2.5,30,72018.880976,True
0.0,30,72076.037577,False
3.0,30,72125.465052,True
3.0,30,72174.213022,True
0.0,30,72222.265388,False
0.0,30,72291.174388,False
2.0,30,72340.872049,True
2.5,30,72384.491676,True
2.6,30,72435.116799,True
0.0,30,72485.223239,False
0.0,30,72532.334665,False
2.5,30,72582.743107,True
0.0,30,72628.967993,False
2.9,30,72967.230087,True
2.5,30,73016.409631,True
0.0,30,73075.041238,False
2.8,30,73122.301451,True
0.0,30,73169.442535,False
0.0,30,73219.187742,False
0.0,30,73267.263161,False
2.7,30,73316.825172,True
0.0,30,73367.97381,False
0.0,30,73412.35711,False
2.5,30,73460.434472,True
2.7,30,73521.688949,True
2.6,30,73568.348884,True
2.8,30,73625.182283,True
0.0,30,73676.253312,False
0.0,30,73728.157858,False
2.9,30,73775.79217,True
0.0,30,73818.999183,False
0.0,30,73867.671575,False
2.8,30,73916.818981,True
2.9,30,73964.715184,True
0.0,30,74008.019216,False
2.0,30,74066.334294,True
0.0,30,74106.106835,False
2.6,30,74150.965983,True
2.3,30,74198.414669,True
2.5,30,74245.151184,True
2.5,30,74289.548842,True
0.0,30,74337.171985,False
0.0,30,74385.121495,False
2.8,30,74429.322526,True
0.0,30,74479.060781,False
0.0,30,74526.426141,False
0.0,30,74594.092988,False
2.6,30,74922.024744,True
0.0,30,74972.569701,False
0.0,30,75022.856718,False
2.7,30,75072.422944,True
0.0,30,75120.929903,False
2.6,30,75168.750129,True
2.2,30,75211.784369,True
0.0,30,75288.0362,False
2.3,30,75335.837606,True
2.7,30,75382.237697,True
0.1,30,75428.686458,True
3.0,30,75480.022118,True
0.0,30,75528.666327,False
2.4,30,75571.028436,True
2.6,30,75617.861335,True
2.8,30,75661.679152,True
2.6,30,75714.223484,True
0.0,30,75761.709476,False
0.0,30,75815.232924,False
0.0,30,75861.80895,False
0.0,30,75911.477295,False
0.0,30,75959.152912,False
2.6,30,76006.099175,True
2.3,30,76057.271023,True
2.9,30,76105.027615,True
1.7,30,76153.405739,True
2.6,30,76199.114105,True
3.0,30,76243.285147,True
0.0,30,76288.689883,False
0.3,30,76335.676844,False
2.7,30,76386.405321,True
0.2,30,76430.49423,False
0.0,30,76475.905557,False
0.0,30,76525.210035,False
0.0,30,76880.196961,False
0.0,30,76931.313508,False
3.0,30,76984.566235,True
0.0,30,77030.178754,False
2.9,30,77079.601527,True
1.0,30,77127.404811,True
2.7,30,77177.776266,True
3.0,30,77221.876641,True
0.0,30,77268.902065,False
0.0,30,77318.701916,False
0.0,30,77375.307754,False
2.1,30,77428.940515,True
0.0,30,77477.39226,False
0.0,30,77526.622188,False
2.4,30,77576.942257,True
0.0,30,77629.25457,False
0.0,30,77676.012557,False
2.8,30,77720.064212,True
1.3,30,77767.403493,True
0.0,30,77811.385628,False
0.0,30,77860.254593,False
0.0,30,77902.599988,False
2.7,30,77963.622517,True
2.8,30,78016.073619,False
3.0,30,78067.142385,True
2.0,30,78112.766249,True
0.0,30,78159.263223,False
0.0,30,78212.778423,False
0.0,30,78261.541542,False
2.6,30,78310.536186,True
0.0,30,78359.919238,False
0.0,30,78418.684555,False
0.0,30,78469.622823,False
3.0,30,78509.17263,True
0.0,30,78840.76025,False
0.0,30,78887.262002,False
2.9,30,78931.340644,True
0.0,30,78975.961082,False
3.0,30,79019.265766,True
2.9,30,79064.59844,True
2.8,30,79110.067322,True
0.0,30,79162.93504,False
2.6,30,79209.199757,True
0.0,30,79272.221801,False
2.9,30,79322.757457,True
0.0,30,79367.802035,False
0.0,30,79408.646931,False
2.7,30,79455.70341,True
0.3,30,79510.867115,True
0.1,30,79565.823777,False
0.9,30,79614.497211,False
0.0,30,79659.795775,False
0.0,30,79702.926588,False
0.0,30,79749.429091,False
3.0,30,79798.007716,True
2.3,30,79844.50196,True
0.0,30,79890.132342,False
0.3,30,79937.648954,False
0.0,30,79984.122667,False
0.1,30,80026.087639,True
2.6,30,80078.389653,True
0.0,30,80119.568437,False
2.6,30,80179.362382,True
2.2,30,80228.345855,True
2.4,30,80273.886379,True
2.8,30,80322.476262,True
2.7,30,80366.940068,True
2.8,30,80409.60728,True
2.6,30,80455.347507,True
0.0,30,80801.663223,False
0.0,30,80844.071431,False
0.0,30,80893.233994,False
0.0,30,80947.441577,False
0.0,30,80998.24394,False
1.7,30,81041.584468,True
0.0,30,81088.199256,False
2.7,30,81134.850114,True
2.2,30,81185.054914,True
0.0,30,81229.71839,False
0.0,30,81277.118488,False
2.6,30,81321.436999,True
0.0,30,81370.161319,False
0.0,30,81413.78562,False
2.3,30,81464.272023,True
0.0,30,81514.629803,False
2.5,30,81564.064024,True
0.0,30,81612.741374,False
2.6,30,81652.432602,True
0.0,30,81698.896553,False
0.0,30,81749.920288,False
0.7,30,81799.234764,True
2.0,30,81845.498776,True
0.0,30,81892.969794,False
0.4,30,81934.865187,True
0.0,30,81979.110116,False
0.0,30,82026.385477,False
0.0,30,82074.880811,False
0.0,30,82121.871678,False
2.9,30,82170.107691,True
0.0,30,82210.818907,False
2.2,30,82266.128356,True
2.5,30,82312.484116,True
2.6,30,82358.375462,True
2.8,30,82684.06618,True
0.0,30,82732.315078,False
2.3,30,82780.233792,True
2.2,30,82825.814949,True
2.8,30,82877.316524,True
3.0,30,82927.702404,True
0.0,30,82969.7184,False
0.0,30,83010.505332,False
2.6,30,83052.190978,True
0.0,30,83104.741863,False
2.9,30,83153.840201,True
0.0,30,83198.876291,False
2.8,30,83242.071693,True
3.0,30,83288.356867,True
0.9,30,83337.218534,True
0.1,30,83378.907436,False
0.0,30,83422.31095,False
2.9,30,83471.918727,True
2.9,30,83524.280044,True
0.0,30,83574.692474,False
2.7,30,83625.539539,True
0.0,30,83673.132216,False
0.0,30,83721.802521,False
0.0,30,83768.620268,False
0.0,30,83814.426265,False
0.0,30,83862.857824,False
0.0,30,83912.288083,False
0.0,30,83960.070031,False
0.0,30,84005.092401,False
0.0,30,84051.697491,False
2.0,30,84098.972309,True
2.4,30,84143.056881,True
0.0,30,84193.463339,False
2.9,30,84241.270193,True
0.0,30,84557.680216,False
2.5,30,84600.227965,True
0.0,30,84644.976156,False
3.0,30,84705.443651,True
0.0,30,84751.01132,False
2.8,30,84798.614137,True
3.0,30,84841.962669,True
0.0,30,84899.420052,False
0.0,30,84950.44108,False
0.0,30,84999.698662,False
2.5,30,85056.947287,True
2.8,30,85105.114768,True
0.0,30,85150.969357,False
2.8,30,85198.264092,True
2.5,30,85240.547822,True
3.0,30,85286.535179,True
0.4,30,85332.594437,False
2.8,30,85378.843205,True
0.0,30,85439.282523,False
2.8,30,85485.655469,True
0.0,30,85530.824799,False
2.7,30,85575.725658,True
0.0,30,85624.124022,False
0.0,30,85678.647538,False
2.5,30,85723.60552,True
0.0,30,85766.666613,False
0.0,30,85811.394986,False
0.0,30,85857.753426,False
0.0,30,85900.79865,False
2.5,30,85945.996809,True
0.0,30,85991.774417,False
2.7,30,86039.255198,True
0.0,30,86083.862295,False
0.0,30,86131.408758,False
2.8,30,86487.418224,True
0.0,30,86532.833426,False
0.0,30,86579.984206,False
2.9,30,86634.414435,True
3.0,30,86689.88246,True
2.5,30,86737.87088,True
0.0,30,86788.236949,False
0.0,30,86836.80661,False
0.0,30,86889.243267,False
2.5,30,86938.959694,True
2.4,30,86984.786689,True
2.9,30,87034.788438,True
2.5,30,87079.79115,True
0.0,30,87123.949615,False
2.4,30,87172.990333,True
0.0,30,87225.337803,False
2.7,30,87280.512387,True
0.4,30,87323.705765,False
0.0,30,87369.485956,False
0.0,30,87413.623971,False
0.0,30,87457.687195,False
0.0,30,87500.549717,False
0.0,30,87554.331443,False
1.5,30,87598.248968,True
0.0,30,87641.972483,False
2.8,30,87696.929394,True
2.7,30,87751.485584,True
0.0,30,87801.465267,False
0.0,30,87847.741247,False
0.0,30,87893.565057,False
0.0,30,87940.2931,False
0.0,30,87989.148941,False
2.5,30,88036.708426,True
2.5,30,88081.839212,True
0.0,30,88371.574163,False
1.8,30,88415.358525,True
2.6,30,88459.939197,True
0.0,30,88504.639181,False
0.0,30,88545.770612,False
0.0,30,88589.281342,False
0.0,30,88638.823947,False
0.0,30,88695.191247,False
0.0,30,88743.792173,False
0.0,30,88791.014703,False
2.4,30,88837.953702,True
2.9,30,88893.767791,True
0.0,30,88937.024147,False
0.0,30,88988.283528,False
0.0,30,89038.172805,False
2.8,30,89101.828675,True
0.0,30,89151.914696,False
2.5,30,89190.843076,True
0.0,30,89240.032714,False
0.0,30,89296.185807,False
2.5,30,89348.668802,True
2.9,30,89403.34746,True
0.0,30,89456.570554,False
0.0,30,89503.876629,False
2.0,30,89550.488779,True
2.3,30,89599.349124,True
0.0,30,89644.842512,False
2.9,30,89688.951859,True
2.8,30,89735.408667,True
2.6,30,89787.785032,True
2.7,30,89837.197881,True
0.0,30,89882.833169,False
2.7,30,89933.07177,True
2.5,30,89976.720817,True
2.0,30,90292.547369,True
0.0,30,90338.934356,False
0.0,30,90379.948258,False
2.8,30,90422.908772,True
0.0,30,90472.891202,False
2.3,30,90521.442122,True
0.0,30,90566.786762,False
2.6,30,90612.491965,True
2.7,30,90661.800585,True
0.0,30,90708.544014,False
3.0,30,90759.128109,True
2.9,30,90810.736912,True
0.0,30,90861.204231,False
2.7,30,90905.8891,True
0.0,30,90951.3785,False
0.0,30,90998.839502,False
0.0,30,91045.807245,False
0.0,30,91097.920282,False
1.7,30,91139.805998,True
0.0,30,91183.882821,False
0.0,30,91234.601877,False
0.0,30,91281.636132,False
0.0,30,91328.326706,False
2.1,30,91367.263744,True
0.0,30,91414.012858,False
0.0,30,91462.527859,False
2.4,30,91510.140073,True
2.6,30,91553.111527,True
0.0,30,91597.811386,False
2.7,30,91639.624699,True
0.0,30,91683.16011,False
0.0,30,91729.927658,False
0.0,30,91777.00875,False
0.0,30,91824.62919,False
0.0,30,92168.403998,False
0.0,30,92209.942447,False
0.0,30,92250.830365,False
2.8,30,92298.65529,True
1.4,30,92350.080954,True
0.0,30,92406.586233,False
0.0,30,92453.814139,False
0.0,30,92499.254368,False
2.6,30,92543.759329,True
0.0,30,92592.168156,False
0.0,30,92636.627303,False
0.0,30,92680.931375,False
2.3,30,92724.531741,False
2.3,30,92770.461839,True
0.0,30,92816.008393,False
1.1,30,92862.367761,True
2.1,30,92912.969815,True
2.5,30,92959.188091,True
2.7,30,93007.130227,True
1.1,30,93048.947994,True
2.8,30,93111.688306,True
2.7,30,93163.532924,True
2.4,30,93212.411729,True
3.0,30,93253.996069,True
0.0,30,93300.556962,False
0.0,30,93344.733109,False
0.0,30,93393.192099,False
0.0,30,93432.555894,False
0.0,30,93480.374736,False
0.0,30,93528.452906,False
0.0,30,93581.268457,False
2.6,30,93625.855785,True
1.0,30,93666.084725,False
3.0,30,93711.64665,True
2.7,30,93762.944019,True
2.8,30,94105.682288,True
2.9,30,94159.711281,True
2.5,30,94211.731527,True
1.7,30,94258.244042,True
0.0,30,94315.749553,False
2.8,30,94353.899321,True
0.0,30,94408.411119,False
0.0,30,94456.741845,False
2.5,30,94504.135712,True
2.8,30,94551.45506,True
2.5,30,94600.728857,True
0.0,30,94655.13395,False
2.7,30,94700.667638,True
2.8,30,94748.508965,True
2.7,30,94800.559825,True
2.7,30,94855.649,True
2.7,30,94901.691468,True
2.2,30,94951.601875,True
0.0,30,95002.16426,False
0.0,30,95053.703084,False
0.0,30,95097.239793,False
0.0,30,95153.904216,False
2.2,30,95199.868516,True
0.9,30,95245.055574,True
2.9,30,95288.624581,True
3.0,30,95340.39927,True
0.0,30,95384.304756,False
0.0,30,95432.832498,False
0.0,30,95479.912503,False
2.8,30,95527.891983,True
0.0,30,95570.526138,False
0.0,30,95616.854467,False
2.4,30,95671.232803,False
2.6,30,95718.538985,True
0.0,30,96047.113459,False
0.0,30,96098.216845,False
2.5,30,96142.617316,True
0.0,30,96192.039044,False
0.0,30,96241.226019,False
2.9,30,96284.358305,True
2.6,30,96332.354699,True
2.9,30,96377.912488,True
2.9,30,96424.606896,True
0.0,30,96472.30217,False
0.0,30,96517.044209,False
0.0,30,96561.131413,False
0.0,30,96602.54199,False
2.9,30,96649.151215,True
2.8,30,96698.261601,True
0.0,30,96745.295326,False
0.0,30,96803.255585,False
0.2,30,96852.773303,False
2.8,30,96900.649003,True
1.4,30,96941.561711,True
0.0,30,96986.968972,False
0.0,30,97033.528774,False
0.1,30,97079.191959,False
2.8,30,97128.209129,True
1.6,30,97174.726511,True
0.0,30,97224.464199,False
0.0,30,97272.209941,False
0.0,30,97318.408732,False
0.0,30,97363.997264,False
0.0,30,97434.443676,False
2.8,30,97481.871301,True
1.7,30,97532.314456,True
0.0,30,97580.181547,False
1.2,30,97627.665269,True
0.0,30,97958.920128,False
2.7,30,98001.122366,True
0.0,30,98045.247183,False
0.0,30,98090.757447,False
0.0,30,98138.010072,False
2.8,30,98187.130863,True
2.2,30,98234.755767,True
0.0,30,98280.390537,False
0.0,30,98323.915292,False
0.0,30,98369.970225,False
0.0,30,98417.972066,False
0.0,30,98466.291719,False
1.5,30,98519.77498,True
0.0,30,98570.447988,False
0.0,30,98613.346799,False
0.0,30,98658.910973,False
2.6,30,98708.139299,True
2.7,30,98753.406852,True
0.0,30,98798.436342,False
2.8,30,98843.303354,True
2.3,30,98887.464612,True
2.9,30,98945.135177,True
2.8,30,99016.640149,True
2.3,30,99065.219398,True
2.9,30,99118.578092,True
0.0,30,99167.189285,False
0.0,30,99219.58213,False
2.4,30,99269.067168,True
2.1,30,99322.41101,True
2.1,30,99368.379029,True
0.0,30,99417.73544,False
2.3,30,99467.98953,True
2.6,30,99528.554363,True
0.0,30,99573.206778,False
1.9,30,99922.023189,True
0.0,30,99970.375764,False
0.0,30,100017.255953,False
2.1,30,100069.5553,False
0.0,30,100108.375871,False
1.9,30,100159.590715,True
2.6,30,100205.759335,True
2.3,30,100252.929427,True
0.0,30,100298.475285,False
0.0,30,100348.362196,False
2.1,30,100395.444359,True
2.6,30,100440.362501,True
0.2,30,100490.603786,False
0.0,30,100543.100149,False
0.0,30,100584.866024,False
0.0,30,100629.658952,False
2.5,30,100680.084991,True
2.7,30,100726.172698,True
0.0,30,100782.65181,False
0.0,30,100840.979737,False
2.6,30,100891.947151,True
2.5,30,100942.924144,True
0.0,30,100990.658782,False
0.0,30,101036.861452,False
2.9,30,101082.962011,True
2.6,30,101127.925407,True
2.8,30,101177.399297,True
0.0,30,101228.452605,False
2.5,30,101274.574012,True
0.0,30,101325.344748,False
0.0,30,101377.363592,False
0.0,30,101422.940563,False
2.3,30,101472.541566,True
2.6,30,101528.132493,True
2.6,30,101863.558403,True
0.0,30,101915.05558,False
1.7,30,101958.700329,True
2.8,30,102011.596845,True
0.0,30,102056.386073,False
2.4,30,102113.382953,True
0.0,30,102155.706239,False
0.0,30,102208.609609,False
0.0,30,102252.322265,False
0.0,30,102298.130022,False
0.0,30,102347.661453,False
2.4,30,102390.631466,True
2.8,30,102438.649189,True
2.5,30,102485.199704,True
0.0,30,102534.525255,False
1.6,30,102579.736507,True
2.5,30,102629.506233,True
2.5,30,102674.038789,True
0.0,30,102728.116763,False
0.0,30,102775.559239,False
0.0,30,102821.356746,False
2.8,30,102868.780158,True
1.3,30,102916.051396,True
0.0,30,102970.956425,False
2.5,30,103022.033376,True
0.0,30,103068.351359,False
0.0,30,103121.245431,False
2.5,30,103169.931241,True
0.0,30,103210.388327,False
2.7,30,103264.185099,True
0.0,30,103304.248449,False
2.0,30,103347.654076,True
0.0,30,103399.271555,False
0.0,30,103441.070008,False
0.0,30,103794.381033,False
0.0,30,103838.353469,False
0.0,30,103887.600541,False
2.1,30,103933.069973,True
2.7,30,103979.828939,True
3.0,30,104029.738368,True
2.3,30,104072.316598,True
0.5,30,104121.212958,False
2.7,30,104170.245047,True
2.8,30,104219.028037,True
0.0,30,104265.029612,False
1.3,30,104330.516666,True
2.8,30,104377.173208,True
0.0,30,104422.858418,False
2.9,30,104469.727823,True
0.0,30,104516.458177,False
2.3,30,104564.888016,True
0.0,30,104612.346129,False
0.0,30,104657.679232,False
1.8,30,104707.589604,True
0.0,30,104756.986989,False
0.0,30,104807.705361,False
2.1,30,104853.680487,True
0.5,30,104899.478761,True
2.8,30,104952.191956,True
0.0,30,104999.574814,False
1.7,30,105052.25982,False
1.5,30,105098.532445,True
0.0,30,105146.104233,False
2.5,30,105198.355009,True
2.8,30,105248.751828,True
2.1,30,105294.604854,True
0.0,30,105337.00362,False
0.0,30,105386.851335,False
2.0,30,105713.430386,True
2.5,30,105768.611116,True
0.0,30,105816.001026,False
0.0,30,105861.621339,False
2.8,30,105910.285981,True
0.0,30,105959.308559,False
2.9,30,106005.994419,True
0.0,30,106052.258338,False
1.2,30,106099.704388,True
2.4,30,106149.278762,True
0.0,30,106191.061218,False
1.3,30,106235.469563,True
0.0,30,106284.866982,False
0.0,30,106326.567572,False
0.0,30,106372.96798,False
0.0,30,106417.574988,False
0.0,30,106463.504732,False
2.5,30,106512.164187,True
0.0,30,106557.68975,False
0.0,30,106608.586693,False
0.9,30,106651.148425,True
2.8,30,106713.93747,True
0.0,30,106756.761549,False
2.8,30,106803.875145,True
0.0,30,106850.977942,False
0.0,30,106899.624232,False
0.0,30,106945.004998,False
0.0,30,106993.921392,False
2.1,30,107044.411814,True
2.1,30,107089.980634,True
0.0,30,107133.860318,False
2.6,30,107186.824262,True
0.0,30,107232.639919,False
3.0,30,107272.945039,True
0.0,30,107577.005906,False
1.9,30,107623.471785,True
0.0,30,107674.388046,False
2.4,30,107724.792794,True
2.8,30,107767.515756,True
2.7,30,107813.04718,True
0.0,30,107867.118168,False
0.0,30,107913.653634,False
2.9,30,107956.832568,True
1.3,30,108003.371416,True
2.4,30,108050.936697,True
2.8,30,108097.004708,True
2.8,30,108143.333046,True
0.0,30,108187.001833,False
2.6,30,108230.398762,True
0.0,30,108277.956357,False
2.7,30,108324.616979,True
2.1,30,108372.255908,True
3.0,30,108421.431714,True
2.9,30,108464.597385,True
2.6,30,108514.985149,True
2.6,30,108560.464914,True
0.0,30,108607.135581,False
0.0,30,108652.164618,False
2.9,30,108700.555831,True
0.0,30,108743.856594,False
0.0,30,108794.663429,False
0.0,30,108841.340024,False
0.0,30,108896.722313,False
2.5,30,108946.781719,True
3.0,30,108995.873724,True
2.9,30,109036.654957,True
2.7,30,109078.557815,True
2.1,30,109126.49423,True
2.5,30,109174.373993,True
0.0,30,109493.630503,False
0.0,30,109541.296433,False
0.0,30,109582.221628,False
0.0,30,109634.691487,False
0.0,30,109681.8634,False
0.0,30,109732.134212,False
0.0,30,109784.374698,False
2.4,30,109842.099182,True
0.0,30,109896.241706,False
0.0,30,109940.520029,False
0.0,30,109988.987463,False
0.0,30,110041.292086,False
2.7,30,110085.411029,True
2.7,30,110130.205542,True
0.0,30,110186.912388,False
0.0,30,110235.459537,False
1.2,30,110280.293702,False
2.2,30,110327.986704,True
0.0,30,110372.17452,False
0.0,30,110418.14098,False
2.5,30,110466.052878,True
0.0,30,110506.421013,False
2.9,30,110550.144315,True
2.6,30,110599.823497,False
2.8,30,110642.673876,True
2.5,30,110689.46037,True
2.7,30,110743.21725,True
0.0,30,110793.469431,False
0.0,30,110840.946574,False
2.1,30,110890.733247,True
2.1,30,110934.629119,True
2.6,30,110992.541062,True
0.0,30,111040.865985,False
0.0,30,111090.879699,False
0.0,30,111436.936351,False
0.0,30,111488.481013,False
3.0,30,111533.783984,True
1.9,30,111576.910877,True
2.7,30,111621.33322,True
0.0,30,111665.512234,False
2.5,30,111707.49683,True
2.7,30,111755.577248,True
2.7,30,111801.566273,True
0.0,30,111840.198096,False
2.9,30,111890.013294,True
0.0,30,111935.562515,False
0.2,30,111981.860216,True
0.0,30,112027.523965,False
2.1,30,112071.746471,True
0.0,30,112125.593564,False
0.0,30,112169.261075,False
3.0,30,112220.412763,True
0.0,30,112265.911602,False
2.9,30,112308.447658,True
2.4,30,112353.743316,True
2.8,30,112398.681898,True
0.0,30,112446.28069,False
2.5,30,112490.895421,True
0.0,30,112535.87428,False
2.7,30,112586.364986,True
2.6,30,112632.075584,True
0.0,30,112683.046427,False
0.0,30,112730.319396,False
2.2,30,112779.787534,True
2.6,30,112821.96501,True
0.0,30,112862.449865,False
2.9,30,112908.316561,True
2.9,30,112955.524448,True
0.0,30,113292.924783,False
0.0,30,113340.291311,False
0.0,30,113389.826396,False
0.0,30,113436.795217,False
2.8,30,113484.895248,True
2.9,30,113530.406325,True
2.8,30,113579.301007,True
2.9,30,113625.297332,True
3.0,30,113672.658628,True
2.9,30,113719.108398,True
2.3,30,113769.695524,True
3.0,30,113822.097668,True
0.0,30,113865.455328,False
0.0,30,113914.832972,False
0.0,30,113965.582413,False
2.7,30,114018.127779,True
0.0,30,114067.747461,False
0.0,30,114116.194296,False
0.0,30,114160.193972,False
2.8,30,114204.516599,True
0.0,30,114261.008916,False
2.8,30,114308.340369,True
0.0,30,114357.921018,False
0.0,30,114407.397408,False
2.5,30,114454.746829,True
2.7,30,114500.656242,True
2.8,30,114548.480408,True
0.0,30,114597.915564,False
0.0,30,114647.73676,False
0.0,30,114704.142879,False
0.0,30,114751.656318,False
2.4,30,114805.69434,True
0.0,30,114856.68134,False
2.3,30,114906.20427,True
2.1,30,115217.150742,True
0.0,30,115268.447725,False
0.0,30,115313.625467,False
2.9,30,115357.871918,True
2.5,30,115406.678569,True
0.0,30,115453.083636,False
0.0,30,115501.966739,False
0.0,30,115546.818108,False
2.7,30,115594.87623,True
0.0,30,115643.368866,False
2.8,30,115689.928495,True
2.5,30,115741.217788,True
0.0,30,115786.567858,False
0.0,30,115835.581931,False
3.0,30,115883.677926,True
0.0,30,115928.305252,False
0.0,30,115987.105953,False
0.0,30,116035.503654,False
0.0,30,116087.525917,False
0.0,30,116133.011954,False
0.0,30,116179.731285,False
1.1,30,116231.859548,True
2.8,30,116275.627761,True
2.0,30,116323.779011,True
2.6,30,116369.107196,True
0.0,30,116416.857969,False
0.0,30,116464.406849,False
2.3,30,116507.9623,True
2.4,30,116553.315978,True
0.0,30,116600.641045,False
2.2,30,116651.293228,True
2.9,30,116697.130104,True
0.0,30,116749.102047,False
2.7,30,116791.656521,True
1.3,30,117122.884035,True
2.5,30,117172.990265,True
2.4,30,117220.402562,True
2.7,30,117275.190758,True
2.9,30,117322.676574,True
2.4,30,117375.614233,True
0.1,30,117421.813268,False
3.0,30,117468.620587,True
0.0,30,117519.944816,False
0.0,30,117572.649287,False
2.4,30,117649.26343,True
2.9,30,117693.611244,True
2.5,30,117761.689372,True
0.0,30,117809.327316,False
3.0,30,117856.990323,True
0.0,30,117903.286063,False
2.3,30,117949.44367,True
0.0,30,117997.17826,False
0.0,30,118045.75564,False
2.8,30,118098.326,True
0.0,30,118154.145323,False
1.0,30,118206.104141,False
2.8,30,118253.153077,True
2.7,30,118299.957818,True
0.0,30,118352.205163,False
0.0,30,118405.560884,False
0.0,30,118449.425521,False
2.2,30,118496.364833,True
1.2,30,118551.903581,True
0.0,30,118599.546996,False
3.0,30,118645.552193,True
0.0,30,118689.379567,False
0.0,30,118735.512921,False
0.0,30,118785.106742,False
0.0,30,119143.963042,False
0.0,30,119190.285171,False
2.6,30,119237.31575,True
3.0,30,119287.623061,True
2.7,30,119334.884022,True
0.0,30,119383.039408,False
2.7,30,119427.928468,True
0.0,30,119472.97022,False
0.0,30,119521.112752,False
0.0,30,119566.786937,False
2.8,30,119607.248004,True
2.7,30,119652.230466,True
0.0,30,119700.402561,False
2.8,30,119748.262617,True
2.8,30,119796.65392,True
0.0,30,119855.557532,False
0.0,30,119906.713592,False
2.7,30,119955.094987,True
2.8,30,120001.787774,True
0.0,30,120052.276237,False
3.0,30,120099.952584,True
0.0,30,120148.867518,False
0.0,30,120194.564729,False
0.0,30,120248.47335,False
0.0,30,120297.933558,False
0.0,30,120344.913645,False
2.2,30,120392.097546,True
0.0,30,120439.828802,False
0.0,30,120482.002673,False
0.0,30,120528.473643,False
2.6,30,120577.200568,True
0.0,30,120618.809953,False
2.7,30,120664.974846,True
2.5,30,120712.137158,True
3.0,30,121051.381426,True
1.0,30,121097.384385,True
0.0,30,121145.060043,False
0.0,30,121193.635649,False
3.0,30,121239.934419,True
0.0,30,121302.96918,False
2.8,30,121350.582314,True
0.0,30,121407.579233,False
0.0,30,121454.098957,False
0.6,30,121508.299891,True
3.0,30,121558.083438,True
2.8,30,121603.623102,True
0.0,30,121651.587992,False
1.5,30,121694.84143,True
0.0,30,121740.227698,False
0.0,30,121788.279255,False
2.9,30,121838.181311,True
2.7,30,121895.95023,True
2.7,30,121945.906731,True
2.1,30,121994.375121,True
2.1,30,122046.634976,True
0.0,30,122090.122619,False
0.0,30,122138.540531,False
0.0,30,122185.957015,False
2.8,30,122237.576918,True
2.6,30,122283.125759,True
0.0,30,122328.433813,False
0.0,30,122379.030956,False
2.4,30,122427.236992,True
1.5,30,122476.759601,True
0.0,30,122537.079799,False
0.0,30,122584.648156,False
0.0,30,122628.551736,False
0.0,30,122678.22494,False
0.0,30,122721.587181,False
0.0,30,123054.238124,False
2.1,30,123103.033653,True
0.0,30,123150.176794,False
0.0,30,123198.570483,False
2.7,30,123243.828773,True
2.4,30,123288.242281,True
2.6,30,123338.217633,True
3.0,30,123387.70379,True
2.4,30,123439.174187,True
2.9,30,123489.71914,True
2.7,30,123540.790924,True
0.0,30,123586.828062,False
2.2,30,123632.781123,True
0.0,30,123680.145276,False
0.0,30,123723.894026,False
2.9,30,123767.546166,True
0.0,30,123817.890745,False
0.0,30,123863.558405,False
1.2,30,123908.654392,True
0.0,30,123954.246721,False
0.0,30,124007.753962,False
2.2,30,124056.378459,True
0.0,30,124102.791592,False
0.0,30,124153.215659,False
0.6,30,124200.929379,True
0.0,30,124248.952741,False
0.0,30,124300.000597,False
2.3,30,124347.785003,False
0.0,30,124393.21637,False
3.0,30,124442.541219,True
0.0,30,124488.408883,False
0.0,30,124539.392043,False
1.9,30,124594.52807,True
0.0,30,124643.529083,False
2.6,30,124978.228898,True
3.0,30,125019.895114,True
0.0,30,125072.583214,False
2.7,30,125125.392118,True
0.0,30,125175.054792,False
2.3,30,125222.231732,True
2.8,30,125281.770766,True
2.6,30,125327.469753,True
0.0,30,125372.912395,False
0.0,30,125419.759512,False
0.0,30,125473.400487,False
2.9,30,125522.984995,True
2.7,30,125577.53087,True
0.0,30,125628.222116,False
3.0,30,125674.404026,True
1.5,30,125729.556419,True
0.0,30,125780.985671,False
2.1,30,125830.566791,True
0.0,30,125880.492482,False
2.7,30,125930.070541,True
0.0,30,125978.78572,False
0.0,30,126022.10257,False
0.0,30,126068.747046,False
2.9,30,126115.867891,True
2.8,30,126163.986807,True
0.0,30,126212.536382,False
0.0,30,126264.570614,False
0.0,30,126312.294127,False
0.0,30,126361.614431,False
0.0,30,126416.348527,False
0.0,30,126478.62062,False
0.0,30,126542.340927,False
0.0,30,126591.673997,False
1.3,30,126634.945716,True
2.8,30,126974.185525,True
2.6,30,127022.239029,True
0.0,30,127074.481464,False
0.0,30,127118.633354,False
3.0,30,127162.87912,True
2.5,30,127208.781129,True
0.0,30,127257.533711,False
0.0,30,127306.229256,False
0.0,30,127351.780703,False
2.2,30,127403.516283,True
2.5,30,127448.505772,True
0.0,30,127495.580401,False
0.0,30,127544.667968,False
2.8,30,127595.586602,True
2.8,30,127639.247744,True
2.8,30,127683.382624,True
0.0,30,127727.477789,False
2.9,30,127768.420501,True
1.2,30,127810.607266,True
2.8,30,127872.364542,True
2.4,30,127924.107404,True
0.0,30,127969.505134,False
0.0,30,128014.146834,False
1.5,30,128064.415123,True
2.7,30,128112.187489,True
0.0,30,128155.075728,False
2.7,30,128196.639736,True
0.0,30,128243.915643,False
0.0,30,128294.115604,False
0.0,30,128342.076054,False
0.0,30,128399.46282,False
0.0,30,128448.93844,False
2.7,30,128495.693481,True
0.0,30,128552.402731,False
0.0,30,128911.063026,False
0.0,30,128956.01419,False
0.0,30,128999.770901,False
0.0,30,129040.962119,False
0.0,30,129084.168792,False
0.0,30,129128.00306,False
1.1,30,129171.363606,True
2.7,30,129221.354929,True
1.5,30,129268.286835,True
2.7,30,129314.819709,True
0.0,30,129358.772176,False
2.6,30,129410.901441,True
0.0,30,129458.608821,False
0.0,30,129506.367846,False
0.0,30,129554.868197,False
2.7,30,129602.263494,True
0.0,30,129647.366738,False
2.4,30,129699.410777,True
0.0,30,129749.480481,False
0.0,30,129798.964104,False
0.0,30,129845.43026,False
2.9,30,129896.070498,True
2.7,30,129947.029242,True
2.3,30,129992.146839,True
0.0,30,130038.935311,False
0.0,30,130091.012235,False
2.7,30,130136.604748,True
0.0,30,130177.367098,False
0.0,30,130225.816401,False
1.3,30,130276.118236,True
2.3,30,130321.528339,True
2.7,30,130371.614462,True
0.0,30,130419.864685,False
0.0,30,130469.8479,False
2.3,30,130803.803111,True
0.0,30,130851.184696,False
2.8,30,130907.142761,True
2.6,30,130959.862143,True
2.5,30,131001.523632,True
3.0,30,131048.658055,True
2.5,30,131095.697292,True
0.0,30,131145.53925,False
0.0,30,131195.0559,False
2.7,30,131246.645424,True
3.0,30,131299.60517,True
2.1,30,131344.328782,True
0.0,30,131392.475867,False
2.4,30,131438.100521,True
2.3,30,131483.786841,True
0.7,30,131532.70939,True
2.0,30,131578.342311,True
2.4,30,131624.587712,False
2.6,30,131670.071158,True
2.2,30,131716.810603,True
3.0,30,131759.985013,True
0.0,30,131818.702562,False
0.3,30,131866.578312,False
0.0,30,131909.279392,False
0.0,30,131954.09614,False
0.0,30,132004.029665,False
0.0,30,132054.172798,False
0.0,30,132108.06733,False
2.6,30,132158.013617,True
0.0,30,132203.839972,False
0.0,30,132255.150282,False
2.7,30,132296.727558,True
2.8,30,132344.193071,True
2.7,30,132391.674663,True
2.4,30,132749.04516,True
2.8,30,132792.962792,True
0.0,30,132840.816788,False
0.0,30,132890.963247,False
0.0,30,132937.57772,False
2.1,30,132992.545682,True
0.0,30,133042.605894,False
0.0,30,133090.233879,False
2.7,30,133134.381933,True
0.0,30,133176.92079,False
0.0,30,133228.864836,False
0.0,30,133276.776889,False
2.5,30,133323.609102,True
2.4,30,133365.940454,True
2.6,30,133411.531646,True
0.0,30,133456.28234,False
0.0,30,133499.923571,False
3.0,30,133558.702838,True
0.0,30,133605.295359,False
0.0,30,133655.870554,False
0.0,30,133701.720946,False
2.8,30,133749.52063,True
0.2,30,133799.350149,False
0.0,30,133846.040792,False
0.0,30,133893.511602,False
0.0,30,133945.299438,False
0.0,30,133991.516669,False
2.6,30,134038.66371,True
0.0,30,134092.411632,False
0.0,30,134142.51187,False
2.7,30,134188.985208,True
1.1,30,134235.413145,True
0.0,30,134283.566736,False
0.0,30,134343.084993,False
0.0,30,134677.540271,False
2.8,30,134724.756449,True
0.0,30,134773.699092,False
0.0,30,134818.342316,False
2.8,30,134869.46455,True
0.0,30,134920.891014,False
2.9,30,134971.801448,True
2.6,30,135016.579253,True
1.7,30,135060.225064,True
0.0,30,135107.763328,False
0.0,30,135155.541408,False
3.0,30,135204.794567,True
2.8,30,135253.071336,True
1.5,30,135301.306395,True
2.5,30,135343.716755,True
0.0,30,135393.896676,False
0.0,30,135442.434767,False
0.8,30,135486.367624,True
2.8,30,135535.140636,True
2.3,30,135583.750849,True
0.0,30,135628.314078,False
0.0,30,135679.10778,False
2.7,30,135728.628397,True
2.8,30,135778.403823,True
2.3,30,135830.309489,True
0.0,30,135887.581282,False
3.0,30,135936.398986,True
0.0,30,135983.044511,False
2.6,30,136026.871237,True
2.7,30,136071.328825,True
0.0,30,136118.24349,False
1.6,30,136163.538929,True
0.0,30,136215.132502,False
0.0,30,136264.682427,False
0.0,30,136578.32743,False
2.7,30,136628.241067,True
0.0,30,136676.810565,False
2.1,30,136722.575378,True
0.0,30,136768.414003,False
0.0,30,136816.573692,False
0.0,30,136871.78827,False
0.0,30,136914.469396,False
1.7,30,136963.091395,True
0.0,30,137004.221425,False
0.6,30,137050.646685,True
0.0,30,137104.753114,False
0.8,30,137156.183175,True
1.8,30,137203.70696,True
0.0,30,137246.006909,False
2.8,30,137296.358506,True
2.6,30,137345.051126,True
0.0,30,137392.308833,False
0.0,30,137439.0629,False
0.0,30,137485.514802,False
0.0,30,137537.115432,False
0.0,30,137589.786717,False
0.0,30,137638.08151,False
0.0,30,137690.736763,False
2.9,30,137736.190644,True
2.3,30,137782.330719,True
0.0,30,137828.482853,False
2.3,30,137877.13552,True
0.0,30,137927.979098,False
2.5,30,137983.380688,True
2.5,30,138031.906061,True
0.0,30,138074.682336,False
0.0,30,138127.133139,False
0.0,30,138180.049065,False
0.0,30,138227.588989,False
2.7,30,138578.138814,True
2.3,30,138626.329633,True
2.9,30,138675.684258,True
2.8,30,138719.779961,True
0.0,30,138772.625849,False
2.3,30,138817.806333,False
0.0,30,138865.55745,False
2.6,30,138918.561774,True
2.3,30,138965.781761,True
0.0,30,139004.626096,False
0.0,30,139050.656621,False
2.0,30,139105.335942,True
0.0,30,139154.522369,False
2.8,30,139199.438113,True
1.3,30,139248.963943,False
0.0,30,139294.511222,False
1.3,30,139339.965536,True
0.0,30,139388.206255,False
2.8,30,139432.486893,True
2.4,30,139478.790968,True
2.6,30,139527.399876,True
0.0,30,139577.411658,False
0.0,30,139638.382803,False
0.0,30,139684.074121,False
0.0,30,139729.073493,False
2.7,30,139777.010067,True
2.1,30,139824.641967,True
2.3,30,139871.432145,True
0.0,30,139918.488989,False
1.8,30,139962.329406,True
2.8,30,140003.190802,True
0.0,30,140050.411459,False
0.6,30,140094.762442,True
0.0,30,140143.89811,False
2.6,30,140482.931456,True
1.6,30,140531.036127,True
0.0,30,140581.297938,False
2.8,30,140634.868393,True
0.0,30,140686.080494,False
0.0,30,140736.541025,False
0.0,30,140791.099974,False
3.0,30,140841.352948,True
2.3,30,140890.700955,True
2.6,30,140941.905888,True
0.0,30,140986.566363,False
2.7,30,141036.964144,True
0.0,30,141081.820755,False
0.0,30,141129.768739,False
0.0,30,141181.383922,False
0.0,30,141230.691209,False
0.0,30,141277.04125,False
0.0,30,141327.894852,False
3.0,30,141377.008974,True
2.9,30,141422.058913,True
2.8,30,141467.336417,True
0.0,30,141511.369673,False
2.7,30,141555.015213,True
2.4,30,141598.617146,True
0.0,30,141643.624368,False
1.7,30,141689.559839,True
2.3,30,141737.854266,True
0.0,30,141782.691232,False
0.0,30,141831.37167,False
0.0,30,141876.269832,False
0.0,30,141923.486428,False
0.0,30,141971.251148,False
2.0,30,142015.192954,True
2.8,30,142064.449441,True
0.0,30,142462.821264,False
2.7,30,142506.835768,True
0.0,30,142551.553115,False
0.0,30,142596.373548,False
0.0,30,142644.632064,False
2.8,30,142703.718365,True
2.8,30,142748.671822,True
2.7,30,142797.221796,True
0.0,30,142850.569072,False
0.0,30,142896.498435,False
0.0,30,142947.8537,False
3.0,30,142993.727654,True
0.0,30,143034.791005,False
0.0,30,143080.687286,False
2.7,30,143127.654813,True
2.6,30,143176.879945,True
3.0,30,143227.112046,True
2.6,30,143275.980075,True
2.7,30,143323.01012,True
2.5,30,143372.677491,True
0.0,30,143423.839833,False
0.0,30,143467.898255,False
0.0,30,143527.754954,False
3.0,30,143580.399954,True
0.0,30,143627.148686,False
0.0,30,143681.031546,False
0.0,30,143731.989115,False
0.0,30,143782.034977,False
2.7,30,143833.174298,True
0.0,30,143892.739094,False
1.8,30,143937.476969,True
0.0,30,143985.83134,False
0.0,30,144029.913697,False
0.0,30,144080.985247,False
0.0,30,144423.235156,False
2.6,30,144466.950965,True
2.7,30,144517.526141,True
2.5,30,144561.210141,True
0.0,30,144609.604941,False
2.7,30,144653.324477,True
0.0,30,144699.044435,False
0.0,30,144746.849605,False
1.7,30,144797.375278,True
0.0,30,144850.323374,False
2.4,30,144896.285708,True
0.0,30,144942.631246,False
0.0,30,145002.128125,False
0.0,30,145053.203978,False
2.5,30,145099.338034,True
0.0,30,145149.20734,False
0.0,30,145200.729859,False
2.7,30,145254.045881,True
0.0,30,145306.166876,False
0.0,30,145357.118394,False
2.7,30,145407.68689,True
2.8,30,145457.839647,True
2.5,30,145509.303402,True
0.0,30,145559.621636,False
0.0,30,145606.874532,False
2.4,30,145655.399885,True
2.6,30,145706.650373,True
0.0,30,145754.692863,False
0.0,30,145798.455739,False
0.0,30,145842.979652,False
0.0,30,145889.299941,False
2.7,30,145935.750917,True
0.0,30,145987.857355,False
0.0,30,146033.148351,False
0.4,30,146362.555432,True
0.0,30,146417.967115,False
0.4,30,146467.783478,False
3.0,30,146510.703434,True
2.7,30,146558.448706,True
0.0,30,146600.218398,False
2.5,30,146642.557795,True
0.0,30,146694.551116,False
1.7,30,146743.455995,True
0.0,30,146793.932843,False
0.0,30,146841.578428,False
0.0,30,146885.983721,False
2.2,30,146929.452355,True
2.9,30,146975.547598,True
0.0,30,147024.541446,False
0.9,30,147071.914672,False
2.7,30,147122.791621,True
2.1,30,147170.988783,True
2.4,30,147219.550274,True
2.0,30,147265.96634,True
0.0,30,147314.347879,False
0.0,30,147358.333691,False
0.0,30,147401.425656,False
0.0,30,147441.666471,False
0.0,30,147481.029802,False
0.0,30,147524.483161,False
0.0,30,147569.107959,False
2.8,30,147613.71728,True
2.9,30,147674.749027,True
1.7,30,147729.871901,True
2.8,30,147776.832006,True
0.0,30,147823.41795,False
0.0,30,147869.464114,False
0.0,30,147919.079506,False
0.9,30,148247.191169,True
2.0,30,148289.308003,True
2.7,30,148334.313996,True
0.0,30,148376.999044,False
0.0,30,148425.904502,False
0.0,30,148474.641824,False
3.0,30,148520.948165,True
0.0,30,148569.421425,False
0.0,30,148617.795739,False
0.0,30,148664.021071,False
0.0,30,148713.44176,False
0.0,30,148764.079898,False
0.0,30,148810.317766,False
0.0,30,148855.529359,False
0.0,30,148902.097813,False
0.0,30,148952.29495,False
0.0,30,149004.572032,False
2.6,30,149051.563073,True
2.8,30,149096.792292,True
0.0,30,149144.757513,False
1.3,30,149192.637607,True
0.0,30,149236.733111,False
2.7,30,149284.340199,True
0.0,30,149330.40436,False
3.0,30,149375.324457,True
0.0,30,149423.568644,False
2.7,30,149471.467997,True
0.0,30,149516.165393,False
0.0,30,149570.908767,False
2.2,30,149615.715879,True
2.5,30,149666.516845,True
0.0,30,149712.795298,False
0.0,30,149756.14717,False
0.0,30,149803.1833,False
3.0,30,150133.325883,True
0.0,30,150182.342263,False
0.0,30,150224.075377,False
0.0,30,150270.929996,False
2.7,30,150318.031362,True
0.0,30,150372.865368,False
0.0,30,150418.140774,False
2.8,30,150462.144776,True
0.0,30,150510.050766,False
2.9,30,150561.257129,True
2.6,30,150607.160778,True
3.0,30,150650.697653,True
0.0,30,150692.370563,False
0.0,30,150736.543479,False
2.8,30,150785.036774,True
0.0,30,150849.545032,False
0.6,30,150892.870525,False
0.0,30,150943.018226,False
0.0,30,150989.122141,False
1.5,30,151032.899909,False
2.8,30,151078.020536,True
0.0,30,151127.451197,False
0.0,30,151170.71293,False
2.8,30,151213.173642,True
0.0,30,151260.337064,False
0.0,30,151314.005131,False
2.9,30,151362.330394,True
2.8,30,151404.402166,True
0.0,30,151451.475457,False
0.0,30,151499.793101,False
0.0,30,151542.777866,False
2.9,30,151589.217622,True
2.3,30,151636.607777,True
0.0,30,151682.827069,False
2.1,30,151728.878503,True
0.0,30,152045.791388,False
2.8,30,152107.788064,True
2.0,30,152157.076047,False
0.0,30,152206.423541,False
0.0,30,152254.3886,False
3.0,30,152303.47332,True
2.5,30,152349.669191,True
0.0,30,152396.07544,False
2.7,30,152452.345308,True
0.0,30,152499.97166,False
2.5,30,152552.06132,True
0.0,30,152597.783765,False
0.0,30,152645.108262,False
0.0,30,152693.182213,False
0.0,30,152737.991235,False
0.0,30,152784.836901,False
2.8,30,152829.984232,True
2.0,30,152882.101906,False
2.2,30,152927.904293,True
0.0,30,152973.925189,False
0.0,30,153017.846186,False
0.0,30,153058.162412,False
0.0,30,153153.276766,False
2.1,30,153202.00221,True
0.0,30,153245.192273,False
0.0,30,153292.422582,False
0.0,30,153341.45519,False
0.0,30,153387.221287,False
0.0,30,153436.336395,False
2.7,30,153493.002458,True
0.0,30,153541.170566,False
0.0,30,153593.743445,False
0.0,30,153638.56142,False
0.0,30,153682.804283,False
2.0,30,154017.535253,True
0.0,30,154063.892619,False
0.0,30,154110.509517,False
2.2,30,154152.577769,True
2.4,30,154200.701788,True
3.0,30,154257.119184,True
2.6,30,154307.21023,True
0.0,30,154353.98348,False
2.5,30,154400.332288,True
2.4,30,154452.250474,True
0.0,30,154503.766945,False
0.0,30,154547.752699,False
2.7,30,154599.654253,True
2.2,30,154649.45667,True
0.0,30,154697.891753,False
2.6,30,154739.974549,True
3.0,30,154783.221231,True
0.0,30,154829.066676,False
0.0,30,154872.657406,False
0.0,30,154914.639554,False
0.0,30,154982.102367,False
0.0,30,155028.874114,False
0.0,30,155074.417191,False
0.0,30,155122.79432,False
0.0,30,155168.273478,False
1.9,30,155214.675638,True
2.5,30,155272.647433,True
2.6,30,155320.824993,True
0.0,30,155365.012773,False
0.0,30,155405.528749,False
2.8,30,155450.079249,True
0.0,30,155492.815644,False
0.0,30,155539.095507,False
0.0,30,155587.363956,False
2.8,30,155932.936672,True
0.0,30,155976.231537,False
2.4,30,156021.185903,True
3.0,30,156065.19092,True
2.8,30,156110.990291,True
2.8,30,156162.488231,True
0.0,30,156221.040545,False
0.0,30,156281.647679,False
2.8,30,156328.902777,True
2.7,30,156378.729641,True
0.4,30,156433.434088,True
2.0,30,156476.348968,True
2.5,30,156529.013403,True
0.0,30,156578.711052,False
0.0,30,156628.108029,False
0.0,30,156679.005329,False
0.0,30,156720.828647,False
0.0,30,156768.779046,False
0.0,30,156820.546691,False
0.0,30,156863.879885,False
0.0,30,156908.784248,False
2.6,30,156956.840077,True
2.0,30,157005.018476,True
0.0,30,157053.363998,False
3.0,30,157116.952528,True
0.0,30,157162.233441,False
2.5,30,157207.326767,True
0.4,30,157252.649586,True
2.1,30,157299.923731,True
2.5,30,157349.00546,True
2.2,30,157396.988033,True
0.0,30,157446.023532,False
0.0,30,157493.120454,False
2.8,30,157537.298605,True
0.0,30,157902.363404,False
2.6,30,157952.068505,True
0.0,30,157998.220957,False
2.9,30,158059.687443,True
2.8,30,158103.261447,True
0.0,30,158147.265099,False
0.0,30,158196.411522,False
2.8,30,158246.215355,True
0.0,30,158293.909138,False
2.7,30,158341.751765,True
1.7,30,158393.981652,True
0.0,30,158439.515887,False
1.9,30,158481.985705,True
0.0,30,158527.656825,False
3.0,30,158573.021647,True
0.0,30,158613.637026,False
2.9,30,158662.118138,True
1.7,30,158709.111537,True
2.2,30,158762.742157,True
0.0,30,158816.389783,False
0.0,30,158861.315226,False
0.0,30,158908.003877,False
0.0,30,158955.010462,False
0.0,30,159003.754368,False
0.0,30,159050.042059,False
0.0,30,159100.370971,False
3.0,30,159147.822795,True
2.6,30,159189.049276,True
3.0,30,159237.847547,True
2.5,30,159287.168601,True
0.0,30,159331.086088,False
0.0,30,159378.662504,False
0.0,30,159425.806863,False
0.0,30,159471.575538,False
2.7,30,159824.795017,True
2.6,30,159868.11233,True
2.8,30,159916.686335,True
0.0,30,159978.869496,False
0.0,30,160039.969146,False
0.0,30,160089.176448,False
0.0,30,160134.561808,False
2.1,30,160180.819732,True
2.4,30,160228.751412,True
2.6,30,160280.455544,True
3.0,30,160323.855521,True
0.0,30,160367.763551,False
2.6,30,160417.767704,True
0.0,30,160466.374913,False
0.0,30,160514.167868,False
0.5,30,160555.431813,True
2.9,30,160603.958822,True
2.4,30,160649.497228,True
0.0,30,160698.095351,False
0.1,30,160753.136588,False
0.0,30,160802.755166,False
0.0,30,160852.103055,False
2.7,30,160899.049099,True
2.7,30,160947.530031,True
0.0,30,160991.782185,False
2.7,30,161039.000873,True
2.5,30,161098.015545,True
2.5,30,161141.766909,True
2.5,30,161190.852121,True
0.0,30,161236.862549,False
0.0,30,161294.695675,False
0.0,30,161336.515502,False
2.0,30,161377.371772,True
3.0,30,161449.868152,True
0.0,30,161753.817581,False
0.2,30,161801.681168,True
0.0,30,161851.189298,False
2.7,30,161895.249373,True
2.3,30,161943.556093,True
0.0,30,161992.877842,False
0.0,30,162038.004562,False
3.0,30,162085.74927,True
2.2,30,162133.86706,True
2.6,30,162181.739697,True
2.6,30,162239.083424,True
1.7,30,162289.804731,True
0.0,30,162333.430371,False
0.0,30,162385.811069,False
0.0,30,162431.340653,False
0.0,30,162477.305349,False
0.0,30,162523.433413,False
2.8,30,162571.309915,True
0.0,30,162620.641176,False
0.0,30,162665.956038,False
2.9,30,162717.339614,True
1.5,30,162765.455653,True
1.0,30,162813.337247,True
3.0,30,162858.64381,True
0.0,30,162909.701714,False
2.8,30,162958.247581,True
0.0,30,163002.279411,False
0.0,30,163059.036359,False
0.0,30,163103.398987,False
0.0,30,163149.856101,False
0.0,30,163198.243425,False
0.0,30,163242.339141,False
0.0,30,163288.214871,False
2.8,30,163335.388867,True
2.5,30,163653.125603,True
0.0,30,163697.088999,False
2.6,30,163738.857025,True
0.0,30,163787.467153,False
2.8,30,163833.624089,True
0.0,30,163881.784086,False
1.9,30,163930.798941,False
2.7,30,163980.843267,True
0.0,30,164023.340178,False
0.0,30,164066.854306,False
3.0,30,164118.492405,True
2.8,30,164166.328968,True
0.0,30,164217.788195,False
0.0,30,164264.843009,False
0.0,30,164310.04651,False
2.7,30,164354.028366,True
0.0,30,164404.551965,False
2.7,30,164452.561284,True
0.0,30,164498.168543,False
0.0,30,164547.730662,False
2.8,30,164598.420402,True
0.0,30,164645.507329,False
0.0,30,164697.789089,False
0.0,30,164746.596535,False
0.0,30,164793.475126,False
2.6,30,164844.269092,True
2.8,30,164894.962578,True
0.0,30,164950.44205,False
2.2,30,164996.705032,True
2.0,30,165049.310612,True
2.5,30,165092.147596,True
2.1,30,165137.213001,True
0.0,30,165183.132823,False
0.0,30,165234.6983,False
0.0,30,165540.841935,False
0.8,30,165585.464257,True
0.0,30,165630.361836,False
2.8,30,165673.958626,True
1.6,30,165721.516647,True
0.0,30,165776.222186,False
1.8,30,165822.487261,True
2.8,30,165877.246599,True
2.7,30,165922.64911,True
2.0,30,165968.602432,True
3.0,30,166016.017695,True
0.0,30,166073.531872,False
0.0,30,166118.332617,False
0.0,30,166164.617759,False
0.0,30,166218.11685,False
2.8,30,166271.474765,True
0.0,30,166320.573829,False
2.8,30,166367.219265,True
0.0,30,166419.55107,False
0.0,30,166471.613245,False
0.0,30,166519.385837,False
0.0,30,166564.316539,False
0.0,30,166611.096487,False
3.0,30,166659.095363,True
0.0,30,166707.233319,False
0.0,30,166751.21532,False
0.0,30,166795.172152,False
0.0,30,166837.526115,False
2.9,30,166881.967726,True
0.0,30,166927.67771,False
0.0,30,166979.180827,False
2.8,30,167023.75171,True
0.0,30,167067.640902,False
2.9,30,167116.002086,True
2.3,30,167159.887921,True
2.6,30,167470.745262,True
0.0,30,167513.046802,False
2.4,30,167557.921761,True
0.0,30,167606.758718,False
2.6,30,167652.508786,True
0.0,30,167700.467767,False
0.1,30,167747.684614,True
0.0,30,167791.740437,False
2.1,30,167833.379824,True
0.0,30,167883.342103,False
2.0,30,167926.566854,True
2.6,30,167966.152768,True
0.0,30,168010.891377,False
3.0,30,168059.859327,True
2.8,30,168107.684531,True
0.0,30,168155.69743,False
0.0,30,168204.798279,False
0.0,30,168251.110993,False
1.5,30,168296.771551,True
0.0,30,168344.978161,False
2.7,30,168389.417212,True
1.3,30,168436.314716,True
2.8,30,168489.089247,True
2.9,30,168532.821788,True
0.0,30,168576.737661,False
2.7,30,168628.289635,True
1.3,30,168670.826391,True
2.7,30,168713.367175,True
0.0,30,168758.858038,False
3.0,30,168808.23444,True
2.8,30,168852.841885,True
0.0,30,168908.652363,False
0.0,30,168951.123804,False
2.9,30,168996.325656,True
2.9,30,169297.51503,True
2.3,30,169344.95234,True
0.0,30,169391.234306,False
2.7,30,169438.584388,True
0.0,30,169481.603328,False
1.7,30,169530.687582,True
0.0,30,169577.46489,False
0.0,30,169625.530894,False
2.8,30,169669.357277,True
0.0,30,169719.747245,False
0.0,30,169766.954054,False
0.0,30,169815.67226,False
0.0,30,169860.396201,False
2.9,30,169905.210395,True
2.5,30,169957.686915,True
0.0,30,170005.484085,False
0.0,30,170048.564164,False
2.4,30,170096.678306,True
3.0,30,170142.605058,True
0.0,30,170187.939321,False
0.0,30,170234.302976,False
2.3,30,170289.87733,True
2.6,30,170337.910136,True
0.0,30,170379.318983,False
2.6,30,170422.463537,True
0.0,30,170472.508225,False
0.0,30,170516.965643,False
0.0,30,170557.970275,False
2.9,30,170606.149509,True
2.4,30,170647.703706,True
0.0,30,170714.300397,False
0.0,30,170764.917823,False
0.0,30,170810.728708,False
0.0,30,170874.143668,False
0.0,30,171162.411684,False
0.0,30,171208.36105,False
0.0,30,171252.513523,False
2.6,30,171296.841003,True
2.3,30,171345.362124,True
2.1,30,171393.385753,True
0.7,30,171437.609434,True
2.4,30,171478.924283,True
0.0,30,171524.449307,False
0.0,30,171566.744153,False
0.0,30,171609.53232,False
2.6,30,171658.765602,True
2.6,30,171706.261811,True
0.0,30,171754.065197,False
0.0,30,171804.33657,False
2.7,30,171850.436519,True
2.0,30,171897.003594,True
2.7,30,171943.95208,True
1.7,30,171996.973168,True
2.5,30,172039.167614,True
0.0,30,172094.027559,False
2.7,30,172142.397327,True
0.0,30,172189.466827,False
2.6,30,172236.315461,True
0.0,30,172291.899749,False
0.0,30,172332.890658,False
0.8,30,172380.83542,True
1.0,30,172426.350681,True
0.0,30,172472.841327,False
0.0,30,172522.684156,False
2.7,30,172579.275565,True
0.0,30,172627.439358,False
0.0,30,172674.767749,False
2.8,30,172718.773553,True
0.0,30,172993.127671,False
0.3,30,173038.842786,True
0.0,30,173087.110398,False
0.0,30,173128.950358,False
0.0,30,173172.5328,False
0.0,30,173224.462717,False
1.3,30,173268.058459,True
0.0,30,173316.632201,False
0.0,30,173361.575031,False
2.8,30,173413.078118,True
2.9,30,173455.70984,False
1.0,30,173507.96706,True
2.5,30,173556.184847,True
0.0,30,173601.98693,False
2.2,30,173648.129144,True
0.0,30,173688.09828,False
2.6,30,173733.410628,True
0.0,30,173775.990818,False
2.7,30,173822.021056,True
0.0,30,173868.854262,False
0.0,30,173904.086266,False
0.0,30,173949.855153,False
2.4,30,173993.229949,True
0.0,30,174047.448093,False
2.9,30,174087.761614,True
0.9,30,174133.401207,True
0.0,30,174179.303707,False
0.0,30,174230.013875,False
2.9,30,174284.25037,True
0.0,30,174327.949107,False
1.1,30,174381.593657,True
0.0,30,174437.067256,False
0.0,30,174488.372527,False
2.9,30,174534.474432,True
0.0,30,174822.007733,False
2.8,30,174866.586664,True
2.7,30,174911.358126,True
2.4,30,174955.596616,True
0.0,30,174999.87643,False
0.0,30,175043.335261,False
2.6,30,175089.11636,True
0.0,30,175135.039243,False
0.0,30,175192.588005,False
2.7,30,175234.936329,True
0.0,30,175279.711548,False
0.0,30,175322.398579,False
0.0,30,175366.518492,False
2.6,30,175411.165611,True
0.0,30,175455.852612,False
2.3,30,175501.149059,True
0.0,30,175544.216638,False
0.0,30,175591.010708,False
0.0,30,175636.555168,False
0.0,30,175681.88574,False
0.0,30,175727.36871,False
0.0,30,175774.597415,False
0.0,30,175818.327514,False
0.0,30,175865.149064,False
0.0,30,175907.03753,False
0.0,30,175951.061505,False
2.6,30,175996.813737,True
2.3,30,176041.874143,True
2.7,30,176090.854194,True
2.5,30,176139.829848,True
2.8,30,176181.91059,True
0.0,30,176219.771355,False
3.0,30,176266.445618,True
0.0,30,176311.894185,False
3.0,30,176583.997498,True
0.0,30,176632.082311,False
0.0,30,176678.027298,False
0.0,30,176725.823099,False
0.0,30,176768.366992,False
2.1,30,176810.37782,True
0.0,30,176860.100093,False
1.5,30,176909.631483,True
0.0,30,176954.601897,False
2.5,30,177011.703443,True
0.0,30,177060.313301,False
0.0,30,177104.59032,False
0.2,30,177147.40925,False
0.0,30,177192.924361,False
0.0,30,177238.593037,False
0.0,30,177287.332129,False
0.0,30,177337.132472,False
1.5,30,177388.964032,True
2.5,30,177435.545208,True
0.0,30,177479.706543,False
0.0,30,177528.007675,False
0.5,30,177578.797886,True
0.0,30,177618.907461,False
0.0,30,177663.742525,False
0.0,30,177703.789594,False
0.0,30,177749.503288,False
2.5,30,177789.808895,True
0.0,30,177831.613768,False
2.3,30,177875.043213,True
2.5,30,177923.115042,True
0.0,30,177968.736308,False
2.9,30,178010.800235,True
2.7,30,178052.550594,True
2.1,30,178094.66902,True
0.0,30,178392.666392,False
0.0,30,178444.165248,False
0.0,30,178493.64721,False
0.0,30,178538.018507,False
2.9,30,178588.752495,True
2.9,30,178628.530944,True
2.6,30,178673.774038,True
0.0,30,178724.65448,False
0.0,30,178785.309384,False
2.8,30,178830.508348,True
1.6,30,178881.782819,True
2.2,30,178926.837842,True
2.5,30,178969.755992,True
0.0,30,179020.314261,False
0.0,30,179062.645314,False
0.0,30,179112.258155,False
2.8,30,179163.368893,True
1.3,30,179205.934279,True
2.8,30,179255.860254,True
2.0,30,179299.250293,True
0.0,30,179340.756207,False
2.4,30,179386.248747,True
0.0,30,179436.830584,False
0.0,30,179485.961291,False
2.6,30,179528.90629,True
2.8,30,179579.469047,True
0.0,30,179628.124076,False
2.0,30,179674.605187,True
0.0,30,179717.315691,False
0.0,30,179765.223861,False
3.0,30,179812.375105,True
2.8,30,179858.932119,True
0.0,30,179908.115844,False
0.0,30,179954.804693,False
2.4,30,180003.145084,True
2.8,30,180361.368485,True
2.7,30,180409.316005,True
2.2,30,180460.285313,True
0.0,30,180504.707168,False
0.0,30,180548.901408,False
2.9,30,180596.685679,True
0.0,30,180643.15345,False
2.8,30,180689.454576,True
1.7,30,180745.581855,True
0.0,30,180791.181755,False
0.0,30,180838.742339,False
2.8,30,180887.102488,True
0.0,30,180932.870853,False
0.0,30,180981.14696,False
2.8,30,181028.717918,True
2.9,30,181077.028588,True
3.0,30,181123.558835,True
0.0,30,181170.787687,False
2.7,30,181211.043952,True
0.0,30,181259.724936,False
2.5,30,181313.398633,True
0.0,30,181358.117434,False
2.1,30,181407.15335,True
3.0,30,181452.652885,True
2.8,30,181500.226334,True
2.3,30,181544.667901,True
2.7,30,181594.509449,True
0.0,30,181635.914531,False
0.0,30,181684.758165,False
0.0,30,181729.822899,False
1.9,30,181774.157201,True
2.2,30,181819.375314,True
0.0,30,181864.588735,False
1.8,30,181909.988943,True
0.0,30,182276.105104,False
0.0,30,182326.861162,False
0.0,30,182374.784664,False
2.6,30,182426.051363,True
0.0,30,182469.435468,False
0.0,30,182510.43378,False
2.9,30,182566.125854,True
0.0,30,182611.971596,False
0.0,30,182661.617744,False
0.0,30,182708.709817,False
0.0,30,182754.151351,False
0.0,30,182799.393174,False
0.0,30,182847.28533,False
0.0,30,182897.376705,False
0.0,30,182943.40035,False
2.5,30,182985.83322,True
0.0,30,183035.522686,False
2.4,30,183081.035867,True
2.7,30,183126.10449,True
0.0,30,183173.925123,False
0.0,30,183217.26125,False
0.0,30,183263.011854,False
0.0,30,183311.795062,False
0.0,30,183357.280621,False
0.0,30,183412.482546,False
0.0,30,183486.449181,False
0.0,30,183532.273515,False
2.9,30,183578.780605,True
2.5,30,183635.605632,True
2.5,30,183686.894063,True
0.0,30,183730.186456,False
2.5,30,183780.726078,True
0.0,30,183824.92555,False
2.4,30,183874.828124,True
0.0,30,184216.973691,False
2.7,30,184257.27196,True
3.0,30,184303.599545,True
2.6,30,184348.023757,True
2.6,30,184391.084016,True
2.8,30,184437.135893,True
2.9,30,184485.225326,True
3.0,30,184529.170739,True
2.3,30,184575.368958,True
2.0,30,184624.166179,True
2.4,30,184673.303169,True
0.0,30,184717.018541,False
0.0,30,184762.949325,False
0.0,30,184804.06978,False
2.4,30,184853.912391,True
2.3,30,184910.267038,True
2.4,30,184961.235545,True
1.8,30,185009.29834,True
2.9,30,185055.841465,True
2.8,30,185101.778605,True
1.3,30,185146.983378,True
2.2,30,185193.572814,True
0.0,30,185253.963218,False
2.9,30,185314.496346,True
1.8,30,185363.02257,True
0.0,30,185407.258302,False
2.8,30,185451.734687,True
0.0,30,185494.482707,False
1.6,30,185535.537179,True
0.0,30,185579.745893,False
2.6,30,185627.696755,True
2.7,30,185672.868043,True
2.8,30,185715.466402,True
2.6,30,185762.22725,True
0.0,30,186140.426282,False
0.0,30,186186.461239,False
0.0,30,186247.148008,False
0.0,30,186293.468435,False
0.8,30,186342.584435,False
0.9,30,186389.057192,True
2.8,30,186437.583298,True
2.5,30,186480.256657,True
0.9,30,186533.067369,True
0.0,30,186585.937097,False
0.0,30,186631.633868,False
1.9,30,186687.258721,True
2.7,30,186738.883045,True
0.0,30,186791.37006,False
0.0,30,186837.744734,False
3.0,30,186881.336064,True
2.2,30,186936.284217,True
0.0,30,186980.207962,False
1.8,30,187026.794742,True
0.0,30,187070.149633,False
2.6,30,187121.286932,True
2.2,30,187165.100912,True
2.5,30,187211.236074,True
2.5,30,187273.649234,True
2.7,30,187320.950416,True
0.0,30,187365.596585,False
0.0,30,187410.48735,False
2.6,30,187460.182014,True
2.5,30,187502.000658,True
1.9,30,187546.36697,True
2.7,30,187590.124623,True
0.0,30,187635.662373,False
0.0,30,187687.998096,False
0.0,30,187733.537524,False
0.0,30,188104.39202,False
0.0,30,188155.112611,False
0.0,30,188202.090554,False
2.7,30,188249.815104,True
0.0,30,188295.826198,False
2.5,30,188337.317475,True
0.0,30,188385.200338,False
0.0,30,188434.874833,False
0.0,30,188482.967407,False
0.0,30,188530.012756,False
2.7,30,188571.501142,True
2.2,30,188621.940832,True
2.5,30,188665.604997,True
0.0,30,188715.92812,False
0.0,30,188763.78272,False
0.0,30,188814.276834,False
0.0,30,188870.638654,False
0.0,30,188915.886863,False
2.6,30,188963.656725,True
0.0,30,189012.09309,False
0.0,30,189067.141894,False
0.0,30,189115.42327,False
2.3,30,189158.596056,True
0.0,30,189210.354685,False
0.0,30,189264.755095,False
2.8,30,189310.127724,True
2.8,30,189354.882957,True
2.8,30,189406.066989,True
2.3,30,189450.905802,True
0.0,30,189497.14741,False
0.0,30,189540.730759,False
2.1,30,189592.689382,True
0.0,30,189639.532698,False
2.7,30,189689.662295,True
0.0,30,190020.873559,False
0.0,30,190065.064166,False
2.9,30,190112.004659,True
0.0,30,190160.124239,False
0.0,30,190206.971176,False
0.0,30,190250.098177,False
0.0,30,190295.337876,False
0.0,30,190340.695901,False
0.0,30,190388.13004,False
0.0,30,190445.322623,False
0.0,30,190492.170415,False
0.0,30,190537.812449,False
0.0,30,190584.812716,False
2.5,30,190632.218244,True
0.0,30,190678.668803,False
0.4,30,190730.705411,True
2.7,30,190781.439312,True
0.0,30,190830.371634,False
0.0,30,190874.573729,False
1.4,30,190922.717407,True
0.0,30,190975.481729,False
2.9,30,191015.290234,True
1.9,30,191063.671709,True
1.6,30,191110.692288,True
2.6,30,191154.602691,True
1.6,30,191202.411882,True
2.7,30,191249.807231,True
0.0,30,191294.430257,False
0.8,30,191355.530443,True
0.0,30,191411.373155,False
0.0,30,191462.202695,False
2.7,30,191509.665443,True
0.0,30,191558.357229,False
0.0,30,191605.197026,False
2.0,30,191948.529295,True
2.5,30,191999.229234,True
2.7,30,192047.074481,True
0.0,30,192094.889101,False
0.0,30,192141.110782,False
2.8,30,192183.384708,True
0.0,30,192229.114806,False
0.0,30,192271.938833,False
2.9,30,192316.665811,True
2.9,30,192359.865404,True
0.0,30,192404.987579,False
0.0,30,192447.347306,False
2.8,30,192492.477548,True
2.7,30,192534.405444,True
0.0,30,192581.744019,False
1.5,30,192629.881362,True
0.0,30,192675.522687,False
2.4,30,192720.00433,True
2.6,30,192772.231076,True
0.0,30,192818.321741,False
2.7,30,192862.068601,True
0.0,30,192903.76017,False
0.0,30,192952.264659,False
0.0,30,193003.448724,False
2.7,30,193051.410484,True
0.0,30,193097.739592,False
2.3,30,193142.641409,True
0.0,30,193188.955498,False
2.8,30,193234.951839,True
2.7,30,193279.330513,True
2.7,30,193323.730895,True
0.0,30,193368.260683,False
0.0,30,193412.503574,False
0.0,30,193476.042059,False
2.8,30,193839.943886,True
3.0,30,193883.906937,True
2.3,30,193932.241755,True
2.2,30,193979.093827,True
2.7,30,194030.630922,True
0.0,30,194082.83955,False
0.0,30,194128.213646,False
2.8,30,194178.95645,True
2.0,30,194226.159271,True
0.6,30,194274.865858,True
0.0,30,194322.678562,False
0.0,30,194367.386614,False
1.9,30,194414.530003,True
0.0,30,194464.481268,False
0.0,30,194514.009674,False
0.0,30,194560.638312,False
2.6,30,194606.083282,True
2.9,30,194657.233118,True
2.7,30,194705.171908,True
0.0,30,194750.079195,False
2.2,30,194795.789825,True
2.2,30,194847.155635,True
0.0,30,194890.507558,False
0.0,30,194936.342658,False
2.9,30,194986.711194,True
2.6,30,195029.864847,True
0.0,30,195072.240417,False
3.0,30,195125.87767,True
2.9,30,195175.804997,True
0.0,30,195223.493828,False
0.0,30,195273.671905,False
2.8,30,195326.081347,True
0.0,30,195381.760551,False
0.0,30,195426.76884,False
0.0,30,195470.449423,False
0.1,30,195818.982312,True
0.0,30,195864.502926,False
1.8,30,195913.52949,True
0.0,30,195966.170875,False
0.0,30,196021.777112,False
2.8,30,196067.58361,True
0.0,30,196113.860588,False
0.0,30,196155.789964,False
0.6,30,196203.453472,True
0.0,30,196250.294536,False
2.7,30,196312.889618,True
0.0,30,196361.2734,False
0.0,30,196419.06357,False
2.7,30,196467.667795,True
0.0,30,196515.896691,False
0.0,30,196567.779528,False
0.0,30,196612.105651,False
0.0,30,196662.026589,False
2.7,30,196711.281785,True
0.0,30,196761.006958,False
0.0,30,196811.059821,False
0.0,30,196861.652841,False
2.4,30,196907.088318,True
0.0,30,196948.758961,False
0.0,30,196995.002001,False
0.0,30,197042.667309,False
2.7,30,197090.014912,True
2.9,30,197138.680367,True
0.0,30,197190.438278,False
2.8,30,197236.39696,True
2.7,30,197289.523479,True
3.0,30,197341.440991,True
3.0,30,197396.829142,True
1.0,30,197445.053787,True
0.0,30,197760.105377,False
2.3,30,197804.589546,True
0.0,30,197848.85903,False
2.9,30,197892.464259,True
0.0,30,197939.402053,False
0.0,30,197985.590453,False
0.0,30,198027.638703,False
2.4,30,198075.539374,True
0.0,30,198116.571827,False
1.0,30,198163.238968,True
0.0,30,198214.110378,False
0.0,30,198263.413943,False
2.8,30,198316.386247,True
0.0,30,198372.467024,False
2.9,30,198423.272897,True
0.0,30,198473.297275,False
0.0,30,198523.097424,False
0.0,30,198568.226614,False
0.0,30,198614.568218,False
2.8,30,198663.285272,True
0.0,30,198721.349357,False
3.0,30,198767.717572,True
2.8,30,198824.111289,True
0.0,30,198868.681119,False
0.0,30,198916.68674,False
2.8,30,198957.850541,True
2.5,30,199005.575833,True
2.3,30,199053.483075,True
0.0,30,199102.761357,False
0.0,30,199154.815352,False
2.8,30,199207.409725,True
2.7,30,199259.269297,True
0.0,30,199310.743315,False
2.5,30,199351.476189,True
2.6,30,199686.091159,True
0.0,30,199730.20757,False
2.1,30,199784.844435,True
2.6,30,199831.111501,True
2.6,30,199879.376002,True
0.0,30,199927.929919,False
0.0,30,199972.126673,False
2.7,30,200065.740337,True
0.0,30,200112.523011,False
2.6,30,200157.709365,True
0.0,30,200203.599225,False
0.0,30,200245.940214,False
2.5,30,200291.541051,True
0.8,30,200337.439349,True
2.3,30,200385.040053,True
2.7,30,200433.291368,True
2.4,30,200480.817112,True
0.0,30,200530.155021,False
2.7,30,200575.965367,True
2.8,30,200626.034033,True
0.0,30,200672.886314,False
0.0,30,200718.055803,False
0.0,30,200771.343957,False
2.6,30,200816.000581,True
0.0,30,200859.562203,False
2.9,30,200917.321556,True
2.1,30,200970.915321,True
0.0,30,201026.559425,False
0.0,30,201077.608362,False
0.0,30,201121.373756,False
0.0,30,201168.166793,False
2.6,30,201210.878179,True
2.5,30,201256.549842,True
0.0,30,201302.302429,False
2.1,30,201651.979453,True
0.0,30,201701.978575,False
0.0,30,201755.478075,False
0.0,30,201810.310716,False
0.0,30,201860.003474,False
0.0,30,201905.831003,False
0.0,30,201945.701269,False
2.7,30,201990.556974,True
0.0,30,202036.28748,False
2.9,30,202076.898355,True
2.6,30,202128.578121,True
0.0,30,202178.391449,False
2.7,30,202222.633276,True
0.0,30,202275.722903,False
0.0,30,202321.335907,False
0.0,30,202365.309257,False
0.0,30,202408.575456,False
2.8,30,202450.930827,True
0.0,30,202504.373356,False
2.7,30,202551.753485,True
0.0,30,202594.797922,False
2.4,30,202641.303779,True
0.0,30,202686.246031,False
2.2,30,202735.465353,True
2.7,30,202789.208087,True
2.2,30,202832.953357,True
1.9,30,202875.003184,True
2.7,30,202922.966528,True
0.0,30,202963.940533,False
0.0,30,203009.747039,False
0.0,30,203056.697153,False
2.8,30,203103.726242,True
0.0,30,203149.790766,False
0.0,30,203201.204255,False
2.5,30,203547.16402,True
0.0,30,203595.86715,False
0.0,30,203652.49198,False
2.6,30,203701.738964,True
2.4,30,203768.346068,True
0.0,30,203814.114588,False
2.2,30,203867.8556,True
0.0,30,203914.777047,False
0.0,30,203962.92,False
2.7,30,204009.631842,True
1.9,30,204056.254269,True
0.0,30,204106.292603,False
2.7,30,204147.590554,True
0.0,30,204200.311359,False
0.0,30,204244.105301,False
2.8,30,204291.880217,True
2.6,30,204339.232389,True
0.0,30,204385.184433,False
0.0,30,204430.720382,False
0.0,30,204476.477493,False
2.5,30,204523.380475,True
2.8,30,204577.767598,True
0.0,30,204624.33301,False
0.0,30,204676.39875,False
0.0,30,204722.133184,False
0.0,30,204763.545587,False
0.0,30,204809.113499,False
2.0,30,204862.751453,True
0.0,30,204908.534682,False
0.0,30,204947.376081,False
0.6,30,204989.719728,True
2.4,30,205036.75512,True
2.8,30,205083.638759,True
0.0,30,205131.207135,False
2.9,30,205465.358179,True
0.0,30,205509.664448,False
2.7,30,205558.517815,True
0.0,30,205603.96019,False
3.0,30,205652.485126,True
0.0,30,205701.897429,False
3.0,30,205750.158147,True
0.0,30,205799.861154,False
0.0,30,205847.306651,False
2.8,30,205890.419168,True
0.0,30,205935.394459,False
0.0,30,205986.655395,False
2.7,30,206035.393089,True
2.6,30,206080.449601,True
2.8,30,206127.191478,True
2.5,30,206180.263593,True
0.0,30,206224.431098,False
2.7,30,206271.532376,True
3.0,30,206318.562251,True
1.7,30,206367.702729,True
2.6,30,206417.958046,True
2.9,30,206465.721612,True
0.9,30,206509.231809,True
0.0,30,206556.985952,False
2.8,30,206612.634882,True
0.0,30,206660.069307,False
0.0,30,206703.860437,False
0.0,30,206755.837409,False
1.9,30,206801.509423,True
0.0,30,206855.464373,False
0.0,30,206901.11426,False
2.8,30,206952.515823,True
2.7,30,206999.907379,True
2.7,30,207047.816455,True
0.0,30,207380.949584,False
0.3,30,207427.381928,True
2.6,30,207473.242092,True
0.0,30,207527.568334,False
0.0,30,207571.305905,False
0.0,30,207623.194476,False
0.0,30,207668.673028,False
0.0,30,207711.884578,False
2.9,30,207757.523256,True
2.4,30,207803.807591,True
2.4,30,207851.019701,True
0.0,30,207893.044806,False
2.7,30,207948.223538,True
2.9,30,207996.785034,True
2.3,30,208041.163021,True
1.5,30,208085.603736,True
2.4,30,208130.899766,True
0.0,30,208173.652238,False
2.0,30,208213.894244,False
2.8,30,208265.447546,True
3.0,30,208314.525526,True
2.9,30,208363.770219,True
2.4,30,208408.906865,True
2.5,30,208460.266706,True
0.0,30,208507.411678,False
2.6,30,208548.589273,True
0.0,30,208592.760421,False
0.0,30,208637.316507,False
2.8,30,208687.456834,True
0.0,30,208734.901787,False
2.5,30,208778.433632,True
2.7,30,208824.113095,True
2.8,30,208866.608503,True
2.4,30,208932.129384,True
2.7,30,208980.487178,True
2.2,30,209340.885843,True
0.0,30,209388.056233,False
2.8,30,209427.871246,True
2.6,30,209474.263251,True
1.5,30,209523.049189,True
0.0,30,209566.083381,False
2.6,30,209613.881281,True
2.6,30,209660.001713,True
0.0,30,209708.940981,False
2.7,30,209755.411854,True
2.9,30,209798.822543,True
0.0,30,209846.297823,False
0.0,30,209895.398143,False
2.2,30,209943.425757,True
2.7,30,209990.971099,True
2.3,30,210042.451168,True
2.8,30,210086.943877,True
0.0,30,210132.04559,False
0.0,30,210172.732875,False
2.8,30,210228.796444,True
2.1,30,210274.904153,True
0.0,30,210324.114707,False
2.5,30,210365.240388,True
0.0,30,210413.905073,False
2.6,30,210468.965141,True
2.7,30,210522.105484,True
1.8,30,210569.758287,True
0.0,30,210621.734874,False
2.1,30,210669.875575,True
0.0,30,210718.022434,False
2.2,30,210761.107078,False
0.0,30,210807.514609,False
0.0,30,210855.940197,False
0.0,30,210902.437119,False
0.0,30,211219.759237,False
2.9,30,211264.103791,True
0.0,30,211316.149433,False
0.0,30,211359.960635,False
2.8,30,211405.445968,True
0.0,30,211450.093412,False
0.0,30,211494.628789,False
0.0,30,211537.619553,False
0.0,30,211584.364241,False
1.6,30,211633.697805,True
2.7,30,211680.229122,True
0.0,30,211724.509279,False
2.5,30,211769.854941,True
2.3,30,211817.083822,True
2.0,30,211877.490416,True
1.6,30,211923.245913,True
0.0,30,211968.166484,False
2.4,30,212014.968489,True
0.0,30,212057.477318,False
2.7,30,212119.713679,True
0.0,30,212163.114388,False
2.6,30,212211.198367,True
2.4,30,212259.424557,True
2.4,30,212304.946314,True
2.7,30,212346.84794,True
3.0,30,212396.11429,True
0.0,30,212439.371305,False
0.0,30,212487.380178,False
1.2,30,212536.159349,True
2.5,30,212589.83274,True
3.0,30,212637.313552,True
0.0,30,212681.166373,False
2.6,30,212728.911715,True
2.4,30,212772.400398,True
2.6,30,213101.866901,True
0.0,30,213150.169362,False
0.0,30,213202.994922,False
2.8,30,213253.398809,True
0.0,30,213305.943294,False
0.0,30,213349.91729,False
2.3,30,213398.063099,False
2.5,30,213445.791943,True
0.0,30,213491.621568,False
0.0,30,213534.010871,False
0.0,30,213574.884578,False
2.9,30,213655.296676,True
2.1,30,213702.044842,True
1.4,30,213746.773206,True
2.1,30,213820.284164,True
2.3,30,213865.461222,True
0.0,30,213904.889795,False
2.8,30,213962.904305,True
0.0,30,214009.841313,False
0.0,30,214058.584808,False
2.6,30,214105.312203,True
0.0,30,214151.303486,False
0.0,30,214192.55062,False
0.0,30,214233.368814,False
2.7,30,214276.870202,True
0.0,30,214332.162238,False
0.0,30,214379.294783,False
0.0,30,214420.547999,False
0.0,30,214462.880511,False
2.9,30,214516.80862,True
0.0,30,214557.859576,False
2.5,30,214606.164828,True
2.4,30,214651.602835,True
0.0,30,214693.825423,False
2.2,30,215025.925476,True
0.0,30,215072.285245,False
2.1,30,215116.910148,True
0.0,30,215162.405897,False
2.5,30,215205.80967,True
0.0,30,215246.925982,False
2.1,30,215290.873597,True
0.0,30,215377.352322,False
1.9,30,215436.468409,True
0.0,30,215482.570999,False
2.2,30,215528.555376,True
0.0,30,215577.361587,False
0.0,30,215623.085008,False
0.0,30,215670.011284,False
2.9,30,215723.288581,True
2.6,30,215775.104601,True
1.9,30,215822.832077,True
3.0,30,215867.751395,True
2.6,30,215915.435159,True
0.0,30,215962.09574,False
2.6,30,216011.389341,True
1.2,30,216055.078423,False
1.6,30,216105.683134,True
0.0,30,216156.161756,False
0.0,30,216203.67156,False
2.3,30,216248.230263,True
0.0,30,216290.919356,False
2.4,30,216339.992201,True
0.0,30,216384.651375,False
0.0,30,216425.664307,False
0.0,30,216469.599312,False
0.0,30,216521.355768,False
0.0,30,216566.15656,False
2.4,30,216616.745629,True
0.0,30,216937.447168,False
2.6,30,216979.319784,True
2.7,30,217025.516339,True
0.0,30,217072.703495,False
0.0,30,217122.007517,False
0.0,30,217168.86255,False
2.7,30,217219.491588,True
0.0,30,217269.780493,False
0.0,30,217324.975472,False
2.4,30,217372.042299,True
2.0,30,217427.044636,True
2.8,30,217471.235441,True
3.0,30,217517.251725,True
2.2,30,217564.282836,True
2.7,30,217608.262205,True
2.5,30,217651.910159,True
2.7,30,217698.448366,True
0.0,30,217742.924419,False
2.7,30,217788.075036,True
1.8,30,217840.226795,True
0.0,30,217883.814506,False
2.6,30,217926.292791,True
0.0,30,217971.710598,False
0.0,30,218022.597251,False
2.6,30,218064.790161,True
0.0,30,218115.126336,False
0.0,30,218163.136875,False
0.0,30,218212.554259,False
2.2,30,218257.086475,True
0.0,30,218302.044291,False
1.8,30,218350.430873,True
0.0,30,218393.582582,False
0.0,30,218438.028283,False
0.0,30,218481.82251,False
0.0,30,218780.835744,False
0.0,30,218829.764941,False
2.7,30,218896.366441,True
1.2,30,218933.989621,True
0.0,30,218978.205606,False
0.0,30,219024.262183,False
0.0,30,219067.067479,False
0.0,30,219121.714797,False
0.0,30,219165.981955,False
1.3,30,219215.512073,True
0.0,30,219259.442831,False
2.2,30,219306.101094,True
2.5,30,219352.941702,True
0.0,30,219403.376425,False
3.0,30,219450.032783,True
0.0,30,219499.57486,False
0.0,30,219546.079774,False
0.0,30,219593.689403,False
0.0,30,219648.907371,False
0.0,30,219697.44166,False
0.0,30,219744.084376,False
0.0,30,219788.376477,False
0.0,30,219831.57018,False
0.0,30,219878.67705,False
0.4,30,219922.254427,True
0.0,30,219974.221652,False
2.0,30,220021.860128,True
1.8,30,220069.061171,True
0.3,30,220115.790751,True
0.0,30,220157.567306,False
2.2,30,220209.732879,True
0.0,30,220254.258049,False
0.0,30,220303.702603,False
2.3,30,220359.405993,True
2.4,30,220672.186398,True
2.6,30,220726.530545,True
2.4,30,220777.282422,True
2.7,30,220831.962992,True
2.5,30,220875.046145,True
0.0,30,220918.562195,False
2.4,30,220964.821454,True
3.0,30,221006.739494,True
1.7,30,221048.428981,True
2.4,30,221090.285234,True
1.8,30,221132.82207,True
2.4,30,221170.902164,True
0.0,30,221216.003639,False
0.0,30,221260.530548,False
0.3,30,221307.576576,False
2.5,30,221355.12491,True
0.0,30,221399.128842,False
2.4,30,221445.394368,True
0.0,30,221487.303813,False
0.0,30,221530.389344,False
2.6,30,221576.670522,True
1.6,30,221623.919677,True
2.7,30,221670.527962,True
0.0,30,221714.091973,False
2.6,30,221760.495363,True
0.4,30,221813.072755,True
0.0,30,221856.841048,False
0.0,30,221900.279712,False
0.0,30,221951.261981,False
0.0,30,221999.028242,False
0.0,30,222046.105273,False
2.6,30,222088.896038,True
2.7,30,222130.083592,True
2.6,30,222175.844283,True
0.0,30,222491.633359,False
0.0,30,222539.472556,False
2.5,30,222588.333901,True
3.0,30,222629.764078,True
2.7,30,222673.364731,True
0.0,30,222717.468338,False
0.0,30,222759.452522,False
1.4,30,222803.022197,True
2.6,30,222845.931566,True
2.7,30,222891.416013,True
0.0,30,222932.746607,False
2.3,30,222980.726895,True
0.0,30,223030.294468,False
3.0,30,223074.00431,True
0.0,30,223123.174596,False
2.3,30,223170.086466,True
0.0,30,223220.872091,False
0.0,30,223269.571107,False
0.0,30,223314.520239,False
0.0,30,223365.521226,False
0.0,30,223416.57926,False
2.7,30,223466.00145,True
0.0,30,223505.838118,False
2.7,30,223547.512069,True
0.0,30,223594.229552,False
0.0,30,223641.780962,False
0.0,30,223686.558908,False
1.0,30,223731.028317,True
3.0,30,223776.493574,True
0.0,30,223824.154747,False
2.0,30,223873.440724,True
2.4,30,223923.043893,True
0.0,30,223969.961473,False
2.3,30,224019.493279,True
2.8,30,224067.018637,True
0.0,30,224402.360687,False
0.8,30,224442.099959,True
3.0,30,224487.118809,True
0.0,30,224529.236695,False
0.0,30,224576.287652,False
0.0,30,224628.603531,False
0.0,30,224675.195308,False
0.0,30,224725.174519,False
2.2,30,224768.065063,True
0.0,30,224810.92096,False
0.0,30,224855.840792,False
2.6,30,224902.136279,True
2.9,30,224951.228692,True
2.4,30,224998.586239,True
0.0,30,225045.450337,False
0.0,30,225093.133768,False
2.6,30,225140.935965,True
0.0,30,225184.194641,False
0.0,30,225232.405398,False
0.0,30,225276.963583,False
0.0,30,225320.187118,False
2.4,30,225364.907242,True
0.0,30,225410.968601,False
2.4,30,225455.6573,True
2.6,30,225502.429366,True
1.6,30,225551.294656,True
0.0,30,225598.790378,False
1.6,30,225650.289582,True
0.0,30,225698.207201,False
0.0,30,225750.842237,False
0.0,30,225800.763848,False
3.0,30,225844.98139,True
0.0,30,225888.429094,False
0.0,30,225933.241532,False
1.6,30,226220.227146,True
2.7,30,226266.128946,True
0.0,30,226308.083215,False
2.4,30,226346.332253,True
0.0,30,226393.911473,False
0.0,30,226438.551898,False
2.2,30,226489.663563,True
0.0,30,226535.349308,False
0.0,30,226582.635147,False
0.0,30,226629.286866,False
1.5,30,226676.809112,False
0.0,30,226720.497666,False
0.0,30,226764.328509,False
2.1,30,226814.219133,True
0.0,30,226859.976871,False
2.5,30,226904.45177,True
0.0,30,226948.373912,False
0.0,30,226992.584566,False
0.0,30,227051.021585,False
2.7,30,227098.237377,True
0.0,30,227148.26435,False
2.4,30,227201.950686,True
0.0,30,227253.140179,False
0.0,30,227303.254169,False
2.3,30,227346.577727,True
0.0,30,227390.681696,False
0.0,30,227438.660686,False
2.2,30,227485.729432,True
2.3,30,227531.090018,True
3.0,30,227572.469748,True
0.0,30,227613.924013,False
2.3,30,227660.726701,True
2.8,30,227704.87023,True
0.0,30,227749.721473,False
0.0,30,228045.779496,False
0.6,30,228090.193828,True
0.0,30,228139.493468,False
2.6,30,228190.745853,True
0.0,30,228234.62602,False
0.0,30,228279.446737,False
3.0,30,228326.059769,True
2.4,30,228376.916808,True
2.8,30,228418.47773,True
2.6,30,228462.70908,True
2.6,30,228510.719701,True
0.0,30,228560.153188,False
0.0,30,228607.634661,False
2.1,30,228654.996437,True
0.0,30,228700.307266,False
2.6,30,228747.921855,True
0.0,30,228804.876522,False
2.2,30,228847.452515,True
0.0,30,228892.835852,False
2.8,30,228944.583819,True
0.0,30,228994.638639,False
1.3,30,229040.444016,True
2.7,30,229085.116338,True
0.0,30,229130.418683,False
2.9,30,229176.857377,True
2.9,30,229223.710081,True
2.7,30,229261.872118,True
0.0,30,229337.072831,False
0.0,30,229388.720763,False
0.0,30,229432.262269,False
0.0,30,229474.166169,False
0.0,30,229521.000204,False
0.0,30,229570.668899,False
1.9,30,229619.915007,True
0.3,30,229923.967131,True
2.6,30,229974.860678,True
2.1,30,230018.995868,True
2.8,30,230069.09065,True
0.0,30,230117.345245,False
0.3,30,230159.300874,True
0.0,30,230204.537289,False
2.0,30,230246.742639,True
2.7,30,230296.609187,True
0.0,30,230340.734552,False
2.4,30,230393.843235,True
0.0,30,230437.763845,False
2.7,30,230479.977433,True
0.0,30,230524.489426,False
1.8,30,230573.078305,True
2.6,30,230621.164686,True
2.7,30,230667.265703,True
0.0,30,230710.255926,False
2.6,30,230754.058136,True
2.8,30,230793.069086,True
0.0,30,230842.677173,False
0.0,30,230889.89565,False
2.8,30,230937.671233,True
2.5,30,230988.575165,True
0.0,30,231049.015456,False
2.8,30,231100.971925,True
2.4,30,231156.160574,True
2.5,30,231204.448355,True
2.8,30,231243.873604,True
2.8,30,231284.460898,True
2.7,30,231338.608041,True
0.0,30,231390.510876,False
0.0,30,231438.278765,False
0.0,30,231481.884533,False
2.7,30,231758.37909,True
2.8,30,231802.307932,True
0.0,30,231847.715242,False
0.0,30,231887.254275,False
2.2,30,231930.010821,True
2.7,30,231978.091459,True
2.8,30,232021.588769,True
0.0,30,232065.68733,False
0.0,30,232111.285703,False
2.4,30,232154.239173,True
2.8,30,232206.362983,True
2.3,30,232251.20937,True
0.0,30,232296.594081,False
2.9,30,232340.495519,True
2.1,30,232391.953094,True
0.0,30,232438.474979,False
0.0,30,232487.344765,False
0.0,30,232535.202634,False
2.7,30,232583.902929,True
0.0,30,232636.023966,False
3.0,30,232674.723072,True
0.0,30,232723.26255,False
2.7,30,232767.84539,True
2.7,30,232813.524444,True
0.0,30,232855.802808,False
2.8,30,232904.837989,True
0.0,30,232949.038888,False
0.0,30,232996.836984,False
2.7,30,233044.857323,True
0.0,30,233097.021806,False
0.0,30,233139.562609,False
0.0,30,233189.363353,False
1.9,30,233242.393106,True
1.3,30,233292.485541,True
2.6,30,233598.031304,True
0.0,30,233642.556909,False
0.0,30,233686.211908,False
0.0,30,233728.946687,False
0.0,30,233770.907501,False
0.0,30,233819.382484,False
0.0,30,233869.833936,False
0.0,30,233913.04184,False
0.0,30,233957.440014,False
2.8,30,233999.501497,True
0.0,30,234048.966549,False
0.0,30,234107.922673,False
2.8,30,234162.65893,True
2.6,30,234202.26081,True
0.0,30,234246.878528,False
2.3,30,234287.395725,True
0.0,30,234335.149841,False
0.0,30,234386.908946,False
2.7,30,234435.513568,True
2.7,30,234484.120285,True
0.0,30,234526.446138,False
0.0,30,234569.801851,False
2.5,30,234617.357205,True
2.7,30,234658.015003,True
1.4,30,234708.108579,True
1.9,30,234756.503413,True
0.0,30,234799.184713,False
1.6,30,234846.817441,True
0.0,30,234892.310407,False
2.6,30,234937.083121,True
1.6,30,234988.597722,True
2.6,30,235038.545398,True
1.8,30,235084.497143,True
1.6,30,235139.584634,False
0.0,30,235425.90703,False
2.5,30,235475.064567,True
3.0,30,235520.645536,True
0.0,30,235568.947658,False
0.0,30,235612.951549,False
0.0,30,235653.908503,False
2.7,30,235701.76573,True
0.0,30,235746.648561,False
1.1,30,235794.239109,True
2.7,30,235838.090304,True
2.2,30,235882.896905,True
0.3,30,235926.760203,False
2.0,30,235967.9489,True
0.0,30,236009.728891,False
0.0,30,236053.051611,False
2.2,30,236096.293623,True
2.9,30,236143.369638,True
0.0,30,236189.062569,False
0.0,30,236231.946346,False
0.0,30,236273.710188,False
1.7,30,236322.839481,True
2.7,30,236366.144839,True
0.0,30,236411.004797,False
2.7,30,236452.777302,True
2.7,30,236497.792168,True
2.4,30,236542.979084,True
2.6,30,236597.532177,True
0.0,30,236641.635613,False
3.0,30,236683.889702,True
0.0,30,236726.881674,False
0.0,30,236776.202431,False
2.5,30,236822.617819,True
0.0,30,236866.868683,False
0.0,30,236911.508909,False
0.0,30,236955.419298,False
0.0,30,237271.701978,False
3.0,30,237315.375495,True
2.5,30,237371.275899,True
0.0,30,237418.629368,False
2.7,30,237469.660011,True
2.5,30,237516.589292,True
0.0,30,237562.670768,False
0.0,30,237610.714218,False
2.6,30,237654.309807,True
0.0,30,237699.128773,False
0.0,30,237745.490571,False
2.7,30,237797.487364,True
0.0,30,237841.482577,False
0.0,30,237889.771831,False
0.0,30,237937.642501,False
2.5,30,237982.778986,True
2.3,30,238028.359952,True
1.5,30,238070.836026,True
3.0,30,238115.408448,True
3.0,30,238158.761184,True
2.4,30,238207.163293,True
2.5,30,238251.643811,True
0.0,30,238304.192701,False
2.7,30,238349.452894,True
2.7,30,238390.504111,True
0.0,30,238433.475752,False
2.6,30,238479.625446,True
0.0,30,238529.234945,False
0.0,30,238574.180745,False
3.0,30,238625.554361,True
0.0,30,238670.325938,False
2.4,30,238718.064167,True
3.0,30,238759.531196,True
0.0,30,238804.622139,False
0.5,30,239135.360723,False
0.0,30,239174.309207,False
2.6,30,239221.672941,True
0.0,30,239268.234181,False
2.6,30,239317.658635,False
0.0,30,239365.704726,False
0.0,30,239411.189154,False
0.7,30,239457.716344,True
0.0,30,239500.565181,False
3.0,30,239547.963393,True
0.0,30,239604.240618,False
0.0,30,239647.384172,False
2.1,30,239695.99932,True
0.0,30,239744.478343,False
0.0,30,239791.478017,False
2.6,30,239844.464469,True
0.0,30,239895.376583,False
0.0,30,240004.587028,False
2.8,30,240057.247244,True
1.5,30,240112.813298,True
2.9,30,240155.523455,True
2.8,30,240200.31036,True
3.0,30,240243.035021,True
2.5,30,240290.509927,True
0.0,30,240331.53771,False
0.0,30,240377.26251,False
0.0,30,240434.310947,False
2.7,30,240484.281092,True
0.0,30,240530.579946,False
0.0,30,240578.733505,False
0.0,30,240629.939515,False
2.8,30,240674.622622,True
0.0,30,240717.114396,False
0.0,30,240766.279064,False
0.0,30,241077.453458,False
0.0,30,241122.727989,False
2.9,30,241169.012035,True
1.9,30,241216.750651,True
0.0,30,241268.110037,False
0.0,30,241321.070953,False
2.8,30,241363.291442,True
2.6,30,241406.736062,True
2.2,30,241448.627472,True
0.0,30,241493.677958,False
0.0,30,241544.926613,False
2.3,30,241587.53938,True
0.0,30,241628.239325,False
2.1,30,241670.388504,True
2.5,30,241720.629656,True
2.8,30,241771.424938,True
0.0,30,241813.377946,False
0.0,30,241858.822285,False
0.0,30,241901.56932,False
0.0,30,241950.182461,False
2.8,30,242000.201654,True
1.9,30,242044.042324,True
2.9,30,242089.45895,True
0.0,30,242138.285434,False
2.2,30,242180.091076,True
0.0,30,242227.121068,False
1.5,30,242270.408498,True
2.0,30,242327.9381,True
0.0,30,242372.574713,False
1.5,30,242445.4463,False
0.0,30,242491.662148,False
0.0,30,242537.351765,False
0.0,30,242588.045933,False
0.0,30,242631.196139,False
2.8,30,242944.22776,True
0.0,30,242988.914673,False
0.0,30,243037.436415,False
2.3,30,243083.128642,True
1.6,30,243130.908584,True
2.7,30,243169.685224,True
0.0,30,243217.315353,False
2.2,30,243259.723863,True
1.7,30,243304.520438,True
0.0,30,243351.78734,False
2.7,30,243403.340389,True
0.0,30,243445.459114,False
0.0,30,243491.035773,False
0.0,30,243531.575953,False
0.0,30,243582.350423,False
0.0,30,243649.01905,False
1.7,30,243694.332305,True
2.3,30,243742.296834,True
0.0,30,243800.007842,False
2.7,30,243844.897493,True
0.0,30,243888.677692,False
0.1,30,243932.397345,False
2.8,30,243976.583372,True
2.6,30,244030.454422,True
2.6,30,244077.963283,True
1.5,30,244119.802623,True
2.5,30,244165.912045,True
2.5,30,244212.939492,True
0.0,30,244257.088964,False
2.5,30,244304.263545,True
0.0,30,244349.715503,False
2.6,30,244392.182763,True
0.0,30,244444.235453,False
2.5,30,244488.50408,True
2.7,30,244801.204945,True
0.0,30,244845.559058,False
0.0,30,244894.702175,False
0.0,30,244948.358868,False
1.7,30,244995.327667,True
0.0,30,245039.989364,False
0.0,30,245088.652864,False
0.0,30,245133.680945,False
0.0,30,245179.2979,False
2.9,30,245221.843359,True
0.0,30,245268.958918,False
0.0,30,245313.553405,False
2.8,30,245359.012453,True
0.0,30,245401.31092,False
0.0,30,245456.033721,False
0.0,30,245506.274928,False
2.7,30,245553.486368,True
2.7,30,245597.072254,True
0.0,30,245643.41358,False
0.0,30,245690.823181,False
0.0,30,245741.022409,False
0.8,30,245792.298986,True
1.3,30,245842.610033,False
0.0,30,245889.232734,False
0.0,30,245933.926742,False
3.0,30,245993.020777,True
0.0,30,246039.53791,False
0.0,30,246083.481041,False
0.0,30,246132.799306,False
0.0,30,246180.825645,False
2.9,30,246223.779309,True
2.5,30,246266.703979,True
2.5,30,246312.028425,True
0.0,30,246362.91809,False
2.5,30,246704.825955,True
2.2,30,246753.186934,True
2.8,30,246798.576127,False
2.7,30,246840.81096,True
1.8,30,246890.858262,True
0.0,30,246940.572128,False
0.0,30,246984.197958,False
2.5,30,247033.361232,True
1.0,30,247084.015572,True
2.3,30,247129.003639,True
0.0,30,247178.964862,False
0.0,30,247223.353706,False
0.0,30,247267.919891,False
1.9,30,247309.682605,True
0.0,30,247349.632887,False
0.0,30,247395.557052,False
0.0,30,247437.738585,False
0.0,30,247484.449479,False
2.7,30,247533.72646,True
0.0,30,247583.985813,False
0.0,30,247628.500128,False
0.0,30,247676.847195,False
0.0,30,247727.812573,False
2.7,30,247772.489912,True
0.0,30,247816.032541,False
0.0,30,247862.502841,False
2.8,30,247930.254827,True
0.0,30,247971.731794,False
2.5,30,248015.904126,True
0.0,30,248062.287245,False
0.0,30,248113.049497,False
2.2,30,248164.983718,True
2.3,30,248219.062356,True
0.0,30,248270.773554,False
2.3,30,248607.937437,True
1.0,30,248652.653237,True
1.8,30,248697.438473,True
0.0,30,248744.191116,False
0.0,30,248792.885206,False
0.6,30,248836.864479,True
1.2,30,248882.721189,True
0.0,30,248930.926763,False
0.0,30,248985.276542,False
2.3,30,249036.591857,True
2.4,30,249088.517946,True
2.8,30,249131.752319,True
2.0,30,249173.925304,False
3.0,30,249225.933274,True
2.6,30,249271.054079,True
0.0,30,249318.574046,False
0.0,30,249359.025341,False
2.3,30,249412.762971,True
2.2,30,249465.565436,True
2.2,30,249511.526122,False
0.0,30,249556.688794,False
2.5,30,249629.993893,True
2.8,30,249676.320336,True
3.0,30,249720.561077,True
2.5,30,249766.703286,True
2.8,30,249812.072761,False
0.0,30,249866.428665,False
2.7,30,249912.763192,True
2.1,30,249957.587363,True
2.0,30,250006.436365,True
0.0,30,250050.107634,False
0.8,30,250093.101395,True
2.6,30,250141.863273,True
1.6,30,250188.453573,True
0.2,30,250512.052821,True
0.0,30,250554.170529,False
0.0,30,250601.947608,False
2.8,30,250651.579997,True
1.3,30,250700.518118,True
0.0,30,250746.561912,False
2.8,30,250789.297327,True
2.9,30,250839.993305,True
0.0,30,250883.912073,False
0.0,30,250928.256773,False
2.3,30,250969.591778,True
2.8,30,251013.998728,True
0.0,30,251056.708748,False
2.5,30,251100.448093,True
2.3,30,251150.568428,True
0.0,30,251200.608157,False
2.0,30,251251.190851,True
0.0,30,251303.694429,False
2.7,30,251351.628192,True
0.0,30,251403.604315,False
0.0,30,251449.747484,False
2.8,30,251493.307645,True
2.9,30,251537.374197,True
2.8,30,251581.584183,True
2.6,30,251624.791943,True
0.0,30,251673.259821,False
2.7,30,251722.187613,True
2.7,30,251769.509872,True
2.5,30,251815.325384,True
0.0,30,251856.565652,False
0.9,30,251898.214277,False
0.0,30,251940.932906,False
3.0,30,251983.580842,True
0.0,30,252032.96625,False
2.8,30,252085.169316,True
2.9,30,252408.432539,True
2.8,30,252453.056021,True
2.2,30,252499.568986,True
2.8,30,252548.376389,True
2.4,30,252594.66477,True
0.0,30,252648.938343,False
0.0,30,252694.185448,False
0.0,30,252754.486194,False
1.9,30,252798.362025,True
0.0,30,252842.46969,False
1.9,30,252890.923031,True
2.6,30,252938.459831,True
0.0,30,252986.624747,False
2.6,30,253030.433111,True
0.0,30,253074.314075,False
0.0,30,253117.347766,False
2.6,30,253162.877497,True
1.6,30,253222.249911,True
0.0,30,253267.39535,False
2.4,30,253313.668061,True
0.0,30,253357.307667,False
2.5,30,253403.243509,True
0.0,30,253457.857017,False
2.5,30,253505.878877,True
0.0,30,253551.539935,False
2.8,30,253590.869511,True
2.6,30,253637.295398,True
2.0,30,253685.098641,True
2.4,30,253727.135361,True
2.6,30,253775.534458,True
2.4,30,253821.932548,True
3.0,30,253867.918495,True
0.0,30,253923.469621,False
2.8,30,253971.612587,True
0.0,30,254298.218487,False
2.3,30,254345.225765,True
0.0,30,254390.852709,False
0.0,30,254432.795319,False
0.0,30,254479.55414,False
2.1,30,254529.172499,True
0.0,30,254577.972321,False
0.0,30,254627.454622,False
2.3,30,254672.441384,True
0.0,30,254724.509499,False
0.0,30,254767.915009,False
0.0,30,254817.933292,False
0.0,30,254859.392907,False
2.5,30,254899.668678,True
2.6,30,254946.953736,True
0.0,30,254998.90457,False
2.8,30,255044.160715,True
0.0,30,255090.90628,False
0.7,30,255135.169855,True
0.0,30,255191.528414,False
2.6,30,255237.023365,True
0.0,30,255283.907146,False
2.7,30,255329.260462,True
2.4,30,255372.338044,True
2.2,30,255414.356598,True
0.0,30,255466.415896,False
0.0,30,255514.366583,False
2.2,30,255560.231902,True
2.6,30,255605.117931,True
0.0,30,255655.36177,False
0.0,30,255708.628015,False
3.0,30,255752.901416,True
2.8,30,255799.257994,True
2.1,30,255843.824623,True
0.0,30,256183.413574,False
0.0,30,256230.702773,False
2.4,30,256282.32947,True
2.4,30,256329.146364,True
0.2,30,256376.055879,False
1.9,30,256427.81212,True
0.0,30,256475.658295,False
2.8,30,256529.277051,True
0.0,30,256579.934604,False
2.4,30,256631.225905,True
2.9,30,256681.540786,True
2.8,30,256728.469098,True
0.0,30,256776.381478,False
0.0,30,256818.792092,False
0.0,30,256861.43488,False
2.2,30,256907.230479,True
0.0,30,256950.988974,False
0.0,30,256999.992554,False
0.0,30,257048.720197,False
2.7,30,257098.072189,True
2.7,30,257165.279592,True
3.0,30,257215.967696,True
0.0,30,257262.862993,False
2.4,30,257312.116785,True
2.8,30,257359.802635,True
2.8,30,257407.801184,True
2.7,30,257455.182761,True
0.0,30,257508.403783,False
3.0,30,257556.205668,True
0.0,30,257598.273002,False
0.0,30,257638.05956,False
0.0,30,257682.779918,False
0.0,30,257726.556355,False
2.0,30,257781.715638,True
2.6,30,258115.608297,True
2.4,30,258162.028613,True
0.0,30,258219.249125,False
0.0,30,258266.966512,False
2.6,30,258313.640604,True
0.0,30,258362.074369,False
2.5,30,258409.171755,True
2.6,30,258459.411559,True
2.0,30,258507.785586,True
0.0,30,258550.641166,False
0.0,30,258597.500261,False
0.0,30,258643.511194,False
2.8,30,258685.410369,True
2.0,30,258732.812413,True
0.0,30,258791.479127,False
0.0,30,258836.401781,False
2.8,30,258886.909457,True
0.4,30,258929.817759,True
1.6,30,258980.254378,True
2.7,30,259023.957362,True
0.0,30,259075.045692,False
0.0,30,259116.995092,False
2.6,30,259161.690515,True
1.9,30,259207.168664,True
0.0,30,259257.411345,False
0.0,30,259306.173312,False
0.0,30,259356.685814,False
2.6,30,259406.399472,True
0.0,30,259457.921189,False
0.0,30,259503.176176,False
0.0,30,259547.205983,False
2.8,30,259599.373121,True
0.0,30,259644.697046,False
0.0,30,259692.044979,False
0.0,30,260052.262814,False
1.8,30,260102.2909,True
2.5,30,260151.180713,True
2.8,30,260202.648872,True
2.9,30,260248.379805,True
2.3,30,260303.188756,True
0.0,30,260352.383734,False
0.0,30,260410.513224,False
0.0,30,260461.315954,False
2.4,30,260508.995491,True
0.0,30,260568.309425,False
1.1,30,260610.037673,True
0.0,30,260655.635615,False
1.3,30,260700.998613,True
2.4,30,260747.413943,True
2.4,30,260796.546705,True
2.4,30,260843.866836,True
3.0,30,260887.935274,True
2.2,30,260937.569587,True
0.0,30,260987.751646,False
2.0,30,261037.46068,True
0.0,30,261083.897819,False
1.7,30,261137.723257,True
0.9,30,261186.047847,True
0.0,30,261233.723548,False
1.9,30,261285.17413,True
2.9,30,261325.497693,True
2.8,30,261368.851559,True
0.7,30,261411.956375,True
0.0,30,261467.00385,False
0.1,30,261515.520594,False
0.0,30,261563.775829,False
2.4,30,261609.55287,True
0.0,30,261655.8703,False
0.0,30,261987.77482,False
1.4,30,262031.546961,True
2.2,30,262081.597957,True
0.0,30,262127.593419,False
1.7,30,262176.289021,True
0.0,30,262221.18037,False
2.7,30,262267.814256,True
0.0,30,262312.726102,False
0.0,30,262358.897435,False
0.0,30,262409.054178,False
2.0,30,262456.893303,True
0.0,30,262498.257033,False
2.8,30,262552.445055,True
2.4,30,262596.616695,True
0.0,30,262643.793873,False
0.1,30,262689.68204,False
2.2,30,262736.177245,True
2.9,30,262781.165448,True
0.0,30,262832.111839,False
0.0,30,262873.150502,False
0.0,30,262916.194494,False
0.0,30,262962.734575,False
0.0,30,263012.302594,False
0.0,30,263058.310794,False
2.5,30,263097.708272,True
0.2,30,263142.025975,True
2.8,30,263195.846324,True
2.4,30,263238.758132,True
0.0,30,263281.183747,False
2.4,30,263329.075605,True
2.6,30,263378.170469,True
0.0,30,263422.698756,False
0.0,30,263476.692587,False
2.5,30,263519.069866,True
2.0,30,263869.930039,True
0.0,30,263923.585747,False
1.5,30,263975.832192,True
2.7,30,264021.328977,True
1.5,30,264067.340971,True
0.0,30,264123.335121,False
0.0,30,264172.683782,False
0.0,30,264220.693574,False
2.6,30,264270.987072,True
0.0,30,264315.964261,False
0.0,30,264361.13712,False
0.0,30,264405.982036,False
0.0,30,264446.662978,False
0.0,30,264494.58104,False
2.4,30,264546.55491,True
2.8,30,264603.087379,True
0.0,30,264649.173601,False
2.2,30,264696.336116,True
0.5,30,264741.445934,True
0.0,30,264790.753064,False
0.0,30,264836.420521,False
0.0,30,264886.097395,False
2.3,30,264940.612148,True
2.3,30,264986.176583,True
0.0,30,265032.775886,False
2.3,30,265078.354171,True
3.0,30,265121.400674,True
2.8,30,265165.271498,True
2.1,30,265220.300292,True
0.0,30,265275.284282,False
0.0,30,265318.89448,False
0.0,30,265364.190909,False
0.0,30,265412.938188,False
0.0,30,265461.487023,False
2.8,30,265507.540712,True
0.7,30,265848.890143,True
0.0,30,265897.495578,False
0.0,30,265942.160677,False
0.0,30,265987.256592,False
2.0,30,266033.014961,True
2.7,30,266084.028459,True
0.0,30,266130.296211,False
0.0,30,266175.253337,False
2.4,30,266217.89132,True
2.5,30,266265.148598,True
0.0,30,266307.736008,False
2.0,30,266360.282815,True
0.0,30,266401.967094,False
3.0,30,266450.485948,True
2.8,30,266495.681271,True
0.0,30,266542.853671,False
2.3,30,266583.543994,True
2.4,30,266630.57274,True
0.0,30,266681.485785,False
2.9,30,266730.506522,True
0.0,30,266775.238768,False
0.0,30,266822.8988,False
2.5,30,266869.061789,True
2.4,30,266917.546901,True
0.6,30,266961.673326,True
2.9,30,267005.163814,True
0.0,30,267046.344002,False
0.0,30,267091.335317,False
2.7,30,267135.97296,True
0.0,30,267179.777225,False
2.4,30,267227.810776,True
1.9,30,267275.86019,True
0.0,30,267323.812754,False
0.0,30,267372.345929,False
0.0,30,267733.838932,False
0.0,30,267785.269601,False
0.0,30,267828.345402,False
0.0,30,267875.9303,False
0.0,30,267921.79184,False
2.4,30,267970.844198,True
0.0,30,268019.887933,False
2.6,30,268063.089568,True
2.6,30,268109.919549,True
0.0,30,268159.219576,False
0.0,30,268204.317425,False
0.0,30,268248.067873,False
0.0,30,268293.65739,False
2.5,30,268337.910938,True
0.0,30,268390.169928,False
2.6,30,268438.591573,True
2.4,30,268480.744214,True
0.0,30,268526.553315,False
2.5,30,268575.356567,True
0.0,30,268624.80131,False
2.8,30,268667.590763,True
2.8,30,268709.628324,True
2.7,30,268756.2998,True
2.6,30,268802.09772,True
0.0,30,268851.166932,False
1.5,30,268895.567739,True
0.0,30,268939.562771,False
2.7,30,268981.103768,True
0.0,30,269033.255138,False
0.0,30,269079.021029,False
2.6,30,269129.879154,True
0.0,30,269176.736173,False
1.9,30,269223.480584,True
0.0,30,269271.912802,False
2.3,30,269613.221865,True
1.4,30,269663.069562,True
0.0,30,269709.423452,False
2.7,30,269754.988117,True
0.0,30,269804.426931,False
0.0,30,269851.275918,False
0.0,30,269905.316215,False
2.7,30,269951.36386,True
2.2,30,269994.67582,True
0.0,30,270038.86506,False
2.4,30,270088.61273,True
2.9,30,270133.883984,True
0.0,30,270180.021058,False
0.0,30,270234.767222,False
0.0,30,270278.778194,False
2.2,30,270325.428602,True
2.6,30,270370.155872,True
1.4,30,270419.134881,True
0.0,30,270466.1078,False
2.8,30,270515.951778,True
2.5,30,270570.355706,True
0.0,30,270614.641702,False
3.0,30,270669.428153,True
0.0,30,270717.134637,False
1.7,30,270767.940272,True
0.0,30,270825.976257,False
0.0,30,270874.778415,False
1.9,30,270920.797513,True
0.0,30,270971.174604,False
0.0,30,271017.374122,False
0.0,30,271064.499347,False
2.3,30,271112.606348,True
0.0,30,271165.101679,False
0.0,30,271220.55263,False
2.2,30,271551.048122,True
1.3,30,271603.008471,True
0.0,30,271658.690267,False
1.6,30,271697.470299,True
2.5,30,271744.7159,True
2.6,30,271795.994667,True
1.6,30,271840.268938,True
0.0,30,271882.994868,False
0.0,30,271929.592329,False
0.0,30,271978.939421,False
2.1,30,272025.65936,True
0.0,30,272070.118129,False
0.0,30,272114.940428,False
1.2,30,272165.336959,True
2.9,30,272220.251996,True
2.2,30,272265.405196,True
2.1,30,272308.009197,True
2.1,30,272354.894883,True
0.0,30,272398.978641,False
2.2,30,272447.666776,True
2.8,30,272492.259166,True
0.0,30,272535.909273,False
0.0,30,272586.509653,False
0.0,30,272629.361422,False
0.0,30,272674.814813,False
0.0,30,272720.661504,False
0.0,30,272774.905205,False
0.1,30,272820.970553,False
0.0,30,272870.788896,False
2.6,30,272912.776727,True
3.0,30,272956.342434,True
0.0,30,272999.308664,False
2.5,30,273045.015944,True
2.3,30,273091.853358,True
3.0,30,273387.72589,True
0.0,30,273440.758025,False
2.5,30,273491.46615,True
0.0,30,273542.243705,False
2.6,30,273587.438741,True
2.8,30,273634.530123,True
0.0,30,273677.089079,False
0.0,30,273728.470452,False
2.4,30,273776.138727,True
2.8,30,273820.498856,True
0.0,30,273865.247105,False
0.0,30,273909.628295,False
0.0,30,273952.637488,False
0.0,30,274004.491945,False
0.0,30,274052.355151,False
0.0,30,274095.456786,False
0.0,30,274142.364165,False
2.9,30,274203.651454,True
0.0,30,274247.842831,False
0.0,30,274293.142779,False
0.0,30,274337.044094,False
2.3,30,274384.862986,True
0.0,30,274433.271471,False
2.6,30,274478.884465,True
2.6,30,274528.104363,True
2.7,30,274572.64789,True
3.0,30,274613.386959,True
0.0,30,274656.186191,False
0.0,30,274706.454981,False
0.0,30,274750.448269,False
2.0,30,274798.83356,True
2.2,30,274843.059816,True
0.0,30,274886.707817,False
0.0,30,274930.18823,False
0.0,30,275242.917282,False
0.0,30,275289.891262,False
2.3,30,275331.076819,True
0.0,30,275375.744344,False
2.2,30,275424.808922,True
2.9,30,275473.873088,True
0.0,30,275516.074368,False
0.0,30,275561.361475,False
0.0,30,275602.282815,False
0.0,30,275647.713984,False
3.0,30,275692.503576,True
2.0,30,275741.923505,True
0.0,30,275790.768224,False
2.9,30,275835.136426,True
2.4,30,275874.882527,True
2.3,30,275914.005372,True
0.6,30,275958.99102,True
2.0,30,276002.56072,True
0.0,30,276053.362496,False
0.0,30,276099.305647,False
2.8,30,276149.430452,True
2.6,30,276197.924701,True
0.0,30,276249.894979,False
0.0,30,276298.710289,False
2.6,30,276351.738198,True
0.0,30,276397.205936,False
1.3,30,276441.24646,True
0.0,30,276487.30243,False
3.0,30,276536.468257,True
0.0,30,276581.4256,False
0.0,30,276633.013917,False
0.0,30,276676.25191,False
0.0,30,276726.322847,False
3.0,30,276773.333784,True
2.7,30,277063.489999,True
2.8,30,277112.49888,True
0.0,30,277154.893082,False
1.9,30,277197.761787,True
1.8,30,277248.923391,True
2.2,30,277294.708497,True
2.3,30,277337.986976,True
0.0,30,277386.059998,False
2.3,30,277427.975476,True
2.2,30,277478.071435,False
0.0,30,277528.295491,False
0.0,30,277573.404169,False
1.6,30,277628.666108,True
0.0,30,277677.324566,False
2.1,30,277718.152469,True
0.0,30,277767.168487,False
0.0,30,277815.285076,False
2.4,30,277864.653996,True
2.7,30,277910.17226,True
2.5,30,277953.651547,True
0.5,30,278008.249214,True
2.0,30,278067.924596,False
0.8,30,278112.300588,True
2.7,30,278160.063042,True
0.0,30,278201.71051,False
2.4,30,278253.16021,True
2.6,30,278304.126591,True
0.0,30,278351.954061,False
0.0,30,278393.921263,False
2.2,30,278443.298855,True
1.9,30,278491.855553,True
0.0,30,278539.365379,False
2.7,30,278581.854726,True
2.7,30,278624.408293,True
0.0,30,278944.544945,False
0.0,30,278992.510776,False
3.0,30,279046.332285,True
2.1,30,279091.638129,True
0.0,30,279135.045499,False
2.8,30,279185.228145,True
2.3,30,279232.240345,True
0.0,30,279278.64234,False
0.0,30,279331.958833,False
0.0,30,279372.505017,False
2.8,30,279414.882008,True
2.9,30,279465.713546,True
1.7,30,279506.572026,True
0.0,30,279550.999729,False
2.7,30,279597.085944,True
0.0,30,279648.041177,False
2.6,30,279693.36304,True
0.0,30,279743.046908,False
3.0,30,279796.002937,True
2.2,30,279843.667932,True
2.8,30,279890.245172,True
2.8,30,279935.752615,True
2.8,30,279978.459869,True
0.0,30,280026.120337,False
0.0,30,280073.166924,False
2.8,30,280124.00884,True
0.0,30,280167.408342,False
2.8,30,280217.530376,True
2.3,30,280261.595889,True
0.0,30,280315.964651,False
0.0,30,280360.637839,False
2.4,30,280403.77665,True
0.0,30,280458.372968,False
0.0,30,280503.031321,False
0.0,30,280550.737554,False
2.8,30,280843.274127,True
2.2,30,280888.774652,True
2.4,30,280933.30888,True
0.0,30,280983.005783,False
0.0,30,281031.324544,False
1.4,30,281077.083969,True
2.5,30,281122.341347,True
0.0,30,281167.793301,False
0.0,30,281217.019367,False
0.0,30,281260.765913,False
0.0,30,281309.528722,False
0.0,30,281355.081102,False
0.0,30,281399.348952,False
0.0,30,281440.65375,False
2.8,30,281484.857287,True
0.0,30,281540.143586,False
2.8,30,281585.561442,True
2.7,30,281632.443035,True
0.0,30,281679.765774,False
0.0,30,281729.365457,False
0.0,30,281774.358239,False
2.4,30,281820.019374,True
2.9,30,281868.024627,True
0.0,30,281916.812289,False
0.0,30,281964.660878,False
0.0,30,282014.593436,False
0.0,30,282059.72504,False
0.0,30,282104.679651,False
2.6,30,282152.136955,True
0.0,30,282199.152856,False
0.0,30,282247.935212,False
0.0,30,282298.948303,False
0.0,30,282346.747563,False
0.0,30,282401.711063,False
2.6,30,282739.461269,True
0.0,30,282785.712051,False
0.0,30,282837.328434,False
0.0,30,282896.622789,False
0.0,30,282941.130546,False
0.0,30,282989.319655,False
0.0,30,283037.258826,False
0.0,30,283086.177551,False
0.0,30,283134.326164,False
0.0,30,283188.095213,False
0.0,30,283243.141271,False
2.8,30,283290.075289,True
0.0,30,283341.391643,False
0.0,30,283384.384557,False
0.0,30,283439.01732,False
0.0,30,283489.444141,False
1.7,30,283537.230246,True
2.9,30,283586.395539,True
2.8,30,283629.667769,True
0.0,30,283681.373564,False
2.1,30,283725.138741,True
0.0,30,283776.947958,False
0.0,30,283825.638441,False
2.8,30,283870.403799,True
1.7,30,283918.54042,True
2.6,30,283965.07475,True
0.0,30,284012.740151,False
3.0,30,284059.288742,True
2.2,30,284108.807124,True
0.0,30,284155.078173,False
0.0,30,284204.14555,False
2.8,30,284254.697191,True
0.0,30,284304.827327,False
2.5,30,284351.480843,True
0.0,30,284689.124712,False
2.6,30,284739.958662,True
0.0,30,284793.228787,False
0.0,30,284844.19578,False
0.0,30,284894.664064,False
0.0,30,284942.592886,False
0.0,30,284990.052937,False
2.4,30,285034.470048,True
0.0,30,285080.995928,False
0.0,30,285133.168827,False
0.0,30,285180.76286,False
0.0,30,285224.048298,False
0.0,30,285271.172738,False
2.6,30,285317.590881,True
0.0,30,285360.864255,False
3.0,30,285414.17919,True
2.3,30,285465.395999,True
2.5,30,285512.385769,True
1.6,30,285557.055542,True
0.0,30,285601.638099,False
0.0,30,285652.128416,False
2.9,30,285703.760448,True
2.5,30,285750.411302,True
0.0,30,285796.810318,False
0.0,30,285847.540033,False
0.0,30,285897.72499,False
0.0,30,285941.059245,False
0.0,30,285990.092624,False
2.0,30,286033.337518,True
2.5,30,286085.332376,True
1.5,30,286130.486501,True
0.0,30,286182.583488,False
2.7,30,286226.730263,True
2.7,30,286279.862645,True
0.0,30,286641.878232,False
0.0,30,286695.691275,False
2.6,30,286740.277966,True
0.0,30,286789.303174,False
2.6,30,286839.68337,True
1.7,30,286883.724944,True
2.6,30,286933.663335,True
2.8,30,286981.434062,True
0.0,30,287025.14253,False
0.0,30,287069.104324,False
0.0,30,287115.715488,False
0.0,30,287161.111226,False
2.3,30,287208.781725,True
0.0,30,287262.026538,False
3.0,30,287312.295378,True
0.0,30,287362.57122,False
0.0,30,287405.179079,False
0.0,30,287454.837241,False
1.8,30,287504.119973,True
0.0,30,287554.280489,False
2.6,30,287604.285472,True
2.7,30,287652.026947,True
0.0,30,287700.863771,False
0.0,30,287744.604441,False
0.8,30,287792.128653,True
1.4,30,287842.067906,True
2.4,30,287883.521841,True
2.4,30,287925.631189,True
0.0,30,287966.554905,False
0.0,30,288015.516427,False
0.0,30,288060.237961,False
0.0,30,288110.630044,False
2.4,30,288155.557831,True
0.0,30,288200.143034,False
0.0,30,288509.143969,False
0.0,30,288557.006063,False
2.8,30,288598.788101,True
0.0,30,288637.737135,False
2.1,30,288686.999125,True
0.0,30,288734.159304,False
1.5,30,288809.419245,False
0.6,30,288858.119567,True
0.7,30,288906.267105,False
2.4,30,288949.231911,True
0.0,30,288995.417317,False
2.4,30,289042.633139,True
0.0,30,289095.238856,False
2.7,30,289137.652601,True
2.6,30,289190.226481,True
2.4,30,289243.239159,True
0.0,30,289290.93912,False
0.0,30,289337.720002,False
0.0,30,289385.786027,False
1.9,30,289426.266767,True
0.0,30,289469.786196,False
0.0,30,289519.677882,False
2.8,30,289574.361678,True
0.0,30,289613.509135,False
0.0,30,289660.986918,False
2.6,30,289705.973406,True
0.0,30,289749.700777,False
2.1,30,289798.839649,True
2.4,30,289847.908303,True
0.0,30,289907.624414,False
2.2,30,289954.422493,True
2.7,30,290000.931116,True
0.0,30,290047.306842,False
0.0,30,290105.25827,False
2.4,30,290455.737105,True
0.2,30,290500.84734,False
0.0,30,290549.527447,False
0.0,30,290598.4973,False
0.0,30,290647.767697,False
0.0,30,290690.818046,False
0.0,30,290739.556886,False
2.2,30,290782.309174,True
1.2,30,290829.309339,True
2.8,30,290875.473706,True
0.0,30,290927.884572,False
2.4,30,290991.637055,True
2.0,30,291040.20595,True
0.0,30,291086.64253,False
0.0,30,291130.012198,False
0.0,30,291172.650109,False
0.0,30,291222.229244,False
1.0,30,291266.137589,True
0.0,30,291307.98835,False
0.0,30,291357.902138,False
0.0,30,291404.248632,False
0.0,30,291446.574298,False
0.0,30,291488.783393,False
2.9,30,291537.953371,True
0.0,30,291585.539335,False
2.8,30,291628.124537,True
0.0,30,291677.043284,False
0.6,30,291727.819045,True
0.0,30,291776.938512,False
2.5,30,291827.836829,True
1.0,30,291875.186194,True
1.9,30,291919.01527,True
0.0,30,291961.382433,False
1.8,30,292008.34988,True
2.2,30,292380.684884,True
2.7,30,292438.448829,True
2.0,30,292487.183154,True
2.1,30,292532.510971,True
2.8,30,292576.492481,True
0.0,30,292634.030654,False
2.8,30,292685.794925,True
3.0,30,292735.698652,True
1.2,30,292783.431197,True
2.6,30,292823.032384,True
0.0,30,292869.939439,False
0.0,30,292910.421248,False
0.0,30,292955.310449,False
2.8,30,292997.124695,True
0.0,30,293044.226313,False
0.0,30,293094.289977,False
2.6,30,293142.812024,True
3.0,30,293194.736003,True
0.0,30,293237.547283,False
0.0,30,293283.53343,False
0.0,30,293330.247992,False
1.7,30,293377.406761,True
0.0,30,293423.647639,False
1.7,30,293467.902065,True
0.0,30,293509.62049,False
2.0,30,293552.576836,True
2.5,30,293597.713737,True
2.7,30,293645.769195,True
2.1,30,293687.247607,True
0.0,30,293737.415712,False
2.6,30,293786.087051,True
0.2,30,293836.288957,True
3.0,30,293878.020311,True
0.0,30,293925.717522,False
2.9,30,293975.162173,True
0.0,30,294288.224296,False
0.0,30,294327.100774,False
2.6,30,294370.106956,True
1.3,30,294418.032711,True
0.0,30,294461.271627,False
0.0,30,294507.623656,False
0.0,30,294557.917964,False
0.0,30,294605.164536,False
2.8,30,294650.456831,True
2.9,30,294701.517279,True
2.9,30,294745.119503,True
2.2,30,294787.483334,True
0.2,30,294837.206385,False
2.5,30,294878.830583,True
0.0,30,294927.860928,False
1.1,30,294975.371962,True
2.4,30,295023.490587,True
2.4,30,295067.819266,True
2.3,30,295112.405072,True
0.0,30,295160.56613,False
2.7,30,295206.763653,True
0.0,30,295255.697438,False
1.9,30,295297.43689,True
2.5,30,295343.551543,True
0.0,30,295390.089417,False
0.0,30,295437.132285,False
0.0,30,295482.106317,False
3.0,30,295540.043308,True
0.0,30,295584.320475,False
2.8,30,295625.053329,True
3.0,30,295667.293183,True
2.3,30,295713.468403,True
2.4,30,295756.805245,True
2.8,30,295808.803389,True
2.7,30,296116.292135,True
0.0,30,296161.644326,False
0.0,30,296205.447053,False
0.0,30,296251.244435,False
2.4,30,296293.913044,True
2.7,30,296335.442345,True
0.0,30,296381.067847,False
0.0,30,296427.314053,False
2.4,30,296470.959741,True
0.0,30,296518.114657,False
0.0,30,296560.340433,False
1.4,30,296607.988626,True
0.0,30,296655.014917,False
2.5,30,296700.686253,True
2.8,30,296744.350369,True
2.7,30,296787.036892,True
3.0,30,296837.533569,True
0.0,30,296882.225556,False
0.0,30,296924.904249,False
2.9,30,296974.58127,True
0.0,30,297022.320972,False
2.8,30,297066.970084,True
2.3,30,297112.397578,True
2.3,30,297159.642887,True
0.0,30,297202.399403,False
0.0,30,297249.407031,False
2.7,30,297304.571642,True
2.2,30,297353.552027,True
0.0,30,297396.822326,False
2.0,30,297439.270677,True
0.1,30,297478.465955,True
0.0,30,297522.81082,False
3.0,30,297573.543096,True
2.7,30,297621.849813,True
0.0,30,297899.967932,False
0.0,30,297943.757591,False
0.0,30,297991.430739,False
2.8,30,298040.524712,True
1.0,30,298083.170758,True
1.8,30,298130.244771,True
2.6,30,298173.069013,True
2.9,30,298217.784433,True
2.1,30,298262.597706,True
0.2,30,298307.585368,True
0.0,30,298351.375577,False
2.3,30,298406.716747,True
0.0,30,298452.814641,False
3.0,30,298506.575576,True
2.7,30,298546.976413,True
0.0,30,298592.631706,False
1.8,30,298648.297513,True
0.0,30,298693.682259,False
0.0,30,298738.554179,False
0.0,30,298777.621271,False
2.7,30,298822.162405,True
3.0,30,298870.362797,True
2.6,30,298913.244531,True
0.0,30,298959.865959,False
2.2,30,299004.727531,True
0.3,30,299045.932572,True
0.0,30,299094.706414,False
1.7,30,299138.726031,True
0.0,30,299185.142759,False
0.0,30,299230.92829,False
1.7,30,299275.940794,False
0.0,30,299326.457093,False
2.7,30,299373.122041,True
2.7,30,299413.485104,True
0.0,30,299699.672898,False
0.0,30,299750.156733,False
0.0,30,299795.064795,False
2.3,30,299843.449436,True
0.0,30,299892.710832,False
2.6,30,299939.405092,True
2.8,30,299979.169442,True
0.0,30,300028.010853,False
2.8,30,300074.31479,True
2.6,30,300121.969989,True
2.6,30,300171.966743,True
0.0,30,300216.284445,False
2.6,30,300259.140539,True
2.6,30,300308.061682,True
2.4,30,300351.253282,True
0.0,30,300402.035433,False
2.1,30,300450.69199,True
0.0,30,300488.911804,False
2.6,30,300534.308609,True
2.7,30,300582.414627,True
2.8,30,300626.766816,True
2.6,30,300665.502879,True
0.0,30,300717.775294,False
0.0,30,300758.591259,False
3.0,30,300804.396339,True
0.0,30,300847.044476,False
2.7,30,300898.698967,True
0.0,30,300944.911122,False
1.4,30,300986.196188,True
0.0,30,301035.892116,False
0.9,30,301080.149595,False
0.0,30,301125.359172,False
2.4,30,301172.218729,True
2.6,30,301219.429893,True
0.0,30,301513.800705,False
2.5,30,301561.410003,True
0.0,30,301610.212672,False
2.2,30,301661.647505,True
0.0,30,301708.009634,False
0.0,30,301756.994556,False
2.4,30,301804.655581,True
0.0,30,301850.423393,False
2.6,30,301924.867999,True
2.8,30,301984.308143,True
0.0,30,302027.613993,False
2.9,30,302073.049382,True
2.6,30,302119.89859,True
0.0,30,302170.821327,False
2.8,30,302214.803843,True
0.0,30,302261.164284,False
2.8,30,302313.054778,True
3.0,30,302359.407492,True
2.5,30,302406.345024,True
2.9,30,302447.603985,True
0.0,30,302493.251069,False
2.6,30,302540.039902,True
0.0,30,302580.11105,False
0.0,30,302627.440797,False
2.5,30,302677.688991,True
2.8,30,302719.802056,True
0.0,30,302764.129101,False
1.8,30,302812.673087,True
2.7,30,302859.859259,True
2.7,30,302901.689001,True
0.0,30,302941.457424,False
2.7,30,302988.059988,True
0.0,30,303036.59878,False
0.0,30,303078.932731,False
2.4,30,303374.805148,True
0.0,30,303419.690001,False
0.0,30,303461.89399,False
0.0,30,303508.75613,False
0.0,30,303551.424388,False
0.0,30,303588.695034,False
0.0,30,303632.100913,False
0.0,30,303679.164827,False
3.0,30,303720.99418,True
2.3,30,303763.816096,True
0.0,30,303808.949737,False
1.8,30,303853.735091,True
2.6,30,303897.811026,True
0.0,30,303944.489671,False
0.0,30,303981.815514,False
2.4,30,304036.260471,True
2.9,30,304082.98243,True
2.5,30,304127.277954,True
0.0,30,304173.718743,False
2.7,30,304218.172459,True
0.0,30,304262.240744,False
0.0,30,304302.196814,False
2.1,30,304346.781951,True
2.4,30,304389.603114,True
0.0,30,304431.436438,False
0.0,30,304478.583983,False
2.6,30,304521.251791,True
0.0,30,304569.194385,False
0.0,30,304606.449914,False
2.4,30,304658.069883,True
2.3,30,304699.469802,True
0.0,30,304739.165305,False
0.0,30,304781.120363,False
0.0,30,304829.276984,False
0.0,30,305118.303031,False
2.3,30,305162.407827,True
1.7,30,305211.418122,True
0.0,30,305255.983921,False
2.8,30,305295.922471,True
0.0,30,305338.064201,False
2.8,30,305381.359426,True
0.0,30,305433.467134,False
1.9,30,305480.689445,True
0.0,30,305527.038126,False
2.3,30,305575.327454,True
2.9,30,305620.836509,True
2.6,30,305664.646266,True
2.3,30,305712.067194,True
0.0,30,305761.564606,False
0.0,30,305811.242071,False
2.4,30,305856.457319,True
0.0,30,305900.192057,False
0.7,30,305940.735997,True
2.8,30,305984.438734,True
0.0,30,306025.918469,False
2.0,30,306077.743024,True
2.0,30,306122.969377,True
0.0,30,306170.646771,False
2.2,30,306216.588156,True
0.0,30,306259.996068,False
2.7,30,306303.826746,True
0.0,30,306351.325432,False
0.0,30,306396.914399,False
2.9,30,306452.345478,True
2.5,30,306504.048117,True
2.4,30,306553.139633,True
2.8,30,306598.333364,True
0.0,30,306642.246297,False
1.9,30,306950.551774,True
3.0,30,306994.903105,True
2.3,30,307037.915918,True
0.0,30,307084.433064,False
0.0,30,307132.101114,False
0.0,30,307175.526985,False
0.0,30,307225.73837,False
1.9,30,307273.309631,True
2.7,30,307320.84135,True
0.0,30,307366.166249,False
2.3,30,307417.139193,True
0.0,30,307458.069447,False
3.0,30,307502.024011,True
2.6,30,307548.153195,True
0.0,30,307590.609273,False
0.3,30,307641.05508,False
0.0,30,307683.934455,False
2.9,30,307732.784533,True
0.0,30,307776.226198,False
2.3,30,307818.811127,True
0.0,30,307865.968237,False
0.0,30,307914.338599,False
0.0,30,307965.503379,False
2.7,30,308013.726871,True
0.0,30,308058.458023,False
0.0,30,308102.916475,False
2.6,30,308146.835907,True
2.3,30,308194.245028,True
0.0,30,308235.649343,False
0.0,30,308282.832622,False
0.0,30,308326.848828,False
0.0,30,308371.036195,False
0.0,30,308413.640369,False
0.0,30,308459.360565,False
0.0,30,308499.707592,False
2.4,30,308825.289391,True
0.0,30,308870.433285,False
2.6,30,308917.530878,True
0.0,30,308966.019968,False
0.0,30,309007.909431,False
0.0,30,309053.074439,False
1.7,30,309104.186205,True
2.8,30,309149.491235,True
2.9,30,309190.046361,True
0.0,30,309241.12489,False
0.4,30,309294.941194,True
2.4,30,309339.230048,True
2.7,30,309385.562242,True
1.9,30,309428.00822,True
2.5,30,309474.934343,True
1.6,30,309522.959848,True
0.0,30,309566.729425,False
2.8,30,309614.185697,True
2.5,30,309670.048679,True
2.7,30,309713.789422,True
2.4,30,309759.873884,True
1.2,30,309805.047779,True
2.6,30,309848.99984,True
0.0,30,309895.420336,False
2.0,30,309942.576873,True
0.0,30,309987.953493,False
0.0,30,310032.46355,False
2.4,30,310077.489341,True
2.8,30,310127.355563,True
2.9,30,310172.394691,True
0.0,30,310218.959434,False
0.0,30,310268.726237,False
3.0,30,310315.546398,True
0.0,30,310360.258846,False
0.0,30,310692.413872,False
0.0,30,310737.189304,False
1.9,30,310788.459051,True
2.4,30,310830.837491,True
1.4,30,310881.744192,True
0.0,30,310927.971062,False
3.0,30,310977.031811,True
0.0,30,311028.776551,False
0.0,30,311074.503459,False
2.6,30,311124.394023,True
0.0,30,311170.072024,False
0.0,30,311213.200769,False
0.0,30,311258.028405,False
0.0,30,311303.668114,False
2.6,30,311348.09878,False
2.7,30,311393.21227,True
2.7,30,311439.768449,True
3.0,30,311484.221669,True
0.0,30,311529.868808,False
0.0,30,311579.420938,False
2.6,30,311621.907919,True
2.8,30,311674.106158,True
2.5,30,311721.895072,True
2.4,30,311801.986536,True
0.0,30,311850.443123,False
0.0,30,311895.37727,False
0.0,30,311942.52878,False
2.8,30,311984.302567,True
1.7,30,312031.455343,True
0.0,30,312078.510473,False
2.3,30,312140.970737,True
2.6,30,312193.326393,True
2.6,30,312249.984259,True
0.0,30,312312.329985,False
2.5,30,312608.08903,True
2.5,30,312654.418707,True
0.0,30,312699.735277,False
2.6,30,312743.929724,True
2.6,30,312791.675539,True
0.0,30,312833.213011,False
0.0,30,312878.77034,False
2.4,30,312923.410383,True
0.0,30,312973.692554,False
0.0,30,313020.038884,False
2.8,30,313064.837724,True
1.4,30,313111.113053,True
0.0,30,313157.820549,False
0.0,30,313201.357227,False
3.0,30,313248.201731,True
0.0,30,313294.201643,False
0.0,30,313339.8919,False
0.0,30,313382.386024,False
2.7,30,313427.518674,True
3.0,30,313478.989857,True
0.0,30,313527.007511,False
0.1,30,313568.993294,True
0.0,30,313615.541708,False
2.8,30,313667.656954,True
2.5,30,313711.950758,True
0.0,30,313759.80548,False
0.0,30,313805.285575,False
0.0,30,313850.435829,False
2.6,30,313898.25786,True
2.3,30,313947.506172,True
2.0,30,313997.791481,True
0.0,30,314039.696439,False
2.3,30,314089.183594,True
2.7,30,314135.705147,True
2.0,30,314442.820587,True
2.4,30,314487.39621,True
0.0,30,314535.310138,False
2.5,30,314577.294289,True
2.0,30,314625.088172,True
2.0,30,314670.695405,True
0.0,30,314718.307974,False
2.8,30,314775.418365,True
0.0,30,314820.232759,False
2.3,30,314867.577739,True
2.7,30,314912.918385,True
0.0,30,314958.780656,False
0.0,30,315006.443501,False
0.0,30,315049.836785,False
2.0,30,315085.926996,True
2.7,30,315132.337237,True
0.0,30,315179.446375,False
2.7,30,315227.34786,True
2.9,30,315275.496514,True
0.0,30,315318.814306,False
0.0,30,315361.845819,False
0.0,30,315404.78963,False
2.8,30,315449.733175,True
0.0,30,315490.65914,False
0.0,30,315536.989728,False
0.0,30,315584.989719,False
1.7,30,315625.849973,True
0.0,30,315676.276003,False
0.0,30,315718.434485,False
0.0,30,315774.477621,False
1.7,30,315816.395252,True
2.5,30,315861.230658,True
2.1,30,315905.849506,True
2.5,30,315950.159601,True
2.2,30,316266.993512,True
2.1,30,316315.895951,True
2.7,30,316357.766282,True
2.4,30,316404.556181,True
2.8,30,316446.440567,True
2.6,30,316493.70007,True
2.5,30,316537.323485,True
2.0,30,316584.6649,True
2.6,30,316626.40281,True
2.8,30,316671.626152,True
2.5,30,316719.949786,True
0.0,30,316767.214512,False
2.6,30,316812.434954,True
1.3,30,316857.975139,True
0.0,30,316901.506854,False
1.8,30,316945.381408,True
0.0,30,316992.621352,False
0.0,30,317038.57469,False
2.7,30,317090.046003,True
0.0,30,317136.769565,False
2.8,30,317181.421053,True
0.0,30,317227.282736,False
0.0,30,317274.82286,False
2.7,30,317321.981501,True
0.0,30,317366.156887,False
1.4,30,317409.940562,True
0.0,30,317451.447221,False
0.0,30,317493.586822,False
1.9,30,317541.135123,False
2.9,30,317587.507848,True
2.7,30,317640.93302,True
0.0,30,317682.604007,False
2.6,30,317721.878248,True
0.0,30,317773.038363,False
2.1,30,318088.213951,True
2.3,30,318137.023859,True
2.9,30,318177.894305,True
0.0,30,318221.698861,False
0.0,30,318262.418066,False
1.9,30,318306.97095,True
0.0,30,318346.169065,False
2.9,30,318391.216163,True
2.7,30,318434.910622,True
2.8,30,318480.615739,True
0.0,30,318524.766,False
1.7,30,318567.567823,True
2.8,30,318609.64141,True
0.2,30,318652.106351,True
2.6,30,318698.288754,True
2.3,30,318746.11202,True
0.0,30,318791.818926,False
0.0,30,318839.408977,False
1.9,30,318889.224988,True
2.8,30,318940.930803,True
3.0,30,318987.838992,True
2.5,30,319025.487463,True
0.0,30,319072.039536,False
3.0,30,319120.17102,True
2.3,30,319162.952938,True
0.0,30,319206.231783,False
0.0,30,319247.332932,False
0.0,30,319287.639394,False
0.0,30,319331.715612,False
2.5,30,319376.078234,True
2.8,30,319421.097399,True
3.0,30,319467.518619,True
0.0,30,319516.890951,False
0.0,30,319561.333572,False
0.4,30,319863.832916,True
2.6,30,319907.220558,True
0.0,30,319953.540559,False
2.2,30,320002.578505,True
0.0,30,320051.470366,False
0.0,30,320098.407924,False
0.0,30,320145.605235,False
0.0,30,320191.275769,False
2.6,30,320239.106612,True
0.0,30,320285.76017,False
2.4,30,320330.46657,True
0.0,30,320373.30285,False
2.8,30,320416.637656,True
2.8,30,320463.204998,True
1.4,30,320508.012514,True
2.5,30,320551.556228,True
2.4,30,320597.10987,True
2.5,30,320643.269768,True
0.0,30,320692.783882,False
3.0,30,320736.863684,True
0.0,30,320780.984835,False
0.0,30,320827.513235,False
2.8,30,320872.368261,True
0.0,30,320913.528327,False
0.0,30,320961.580727,False
2.5,30,321006.249272,True
2.6,30,321053.192006,True
0.0,30,321096.872968,False
2.6,30,321146.992254,True
0.0,30,321187.761702,False
2.7,30,321244.876078,True
0.0,30,321293.289058,False
0.5,30,321337.246977,True
2.6,30,321404.922335,True
0.0,30,321451.484127,False
0.0,30,321746.26923,False
2.5,30,321793.100928,True
0.0,30,321837.819312,False
0.0,30,321883.430879,False
0.0,30,321939.145121,False
3.0,30,321984.403725,True
2.9,30,322026.881885,True
0.0,30,322073.869566,False
3.0,30,322124.167404,True
0.0,30,322172.168161,False
2.9,30,322212.863806,True
0.0,30,322258.635499,False
0.0,30,322302.053648,False
0.0,30,322344.947287,False
1.4,30,322397.192982,True
2.5,30,322445.757179,True
0.0,30,322488.676405,False
0.0,30,322533.843815,False
0.0,30,322582.739789,False
2.4,30,322630.47652,True
2.7,30,322688.587085,True
0.0,30,322732.686828,False
0.0,30,322777.432486,False
0.0,30,322822.664586,False
0.0,30,322864.320382,False
0.0,30,322917.113665,False
0.0,30,322964.98392,False
2.6,30,323023.706897,True
0.0,30,323073.791126,False
0.0,30,323120.859444,False
0.0,30,323170.36125,False
3.0,30,323226.891854,True
0.6,30,323266.933428,True
0.0,30,323317.856114,False
0.0,30,323649.178099,False
2.2,30,323699.367201,True
0.0,30,323743.379874,False
3.0,30,323787.194156,True
0.0,30,323831.533194,False
2.0,30,323875.881427,True
2.4,30,323921.98612,True
0.0,30,323965.871346,False
2.8,30,324009.571667,True
0.0,30,324052.366404,False
2.8,30,324096.10624,True
0.0,30,324155.283706,False
2.7,30,324201.819046,True
0.3,30,324255.321276,True
2.6,30,324304.986019,True
0.0,30,324345.122881,False
0.0,30,324390.36563,False
1.5,30,324434.510606,True
3.0,30,324479.015661,True
2.5,30,324522.905041,True
2.3,30,324567.454642,True
0.0,30,324616.681765,False
0.0,30,324666.233606,False
0.0,30,324712.375746,False
2.9,30,324756.606257,True
2.2,30,324807.621465,True
2.4,30,324850.142714,True
0.0,30,324893.171077,False
0.0,30,324952.390347,False
2.8,30,324993.224608,True
2.6,30,325035.901714,True
0.0,30,325087.82956,False
2.9,30,325130.997601,True
2.7,30,325178.397022,True
3.0,30,325511.726033,True
2.9,30,325554.44972,True
2.7,30,325599.078827,True
0.0,30,325665.130574,False
2.5,30,325716.978126,True
0.0,30,325761.597305,False
1.9,30,325808.710174,True
0.0,30,325855.918055,False
2.9,30,325898.749294,True
2.5,30,325946.957193,True
0.6,30,325993.266939,True
2.6,30,326044.790273,True
0.0,30,326095.939702,False
1.9,30,326147.513094,False
2.5,30,326191.060472,True
0.0,30,326231.359325,False
2.3,30,326277.190716,True
1.8,30,326324.46597,True
2.9,30,326368.629082,True
0.0,30,326418.119375,False
2.7,30,326468.467269,True
2.8,30,326514.273877,True
2.1,30,326558.906446,True
0.0,30,326607.434616,False
1.8,30,326654.305527,False
0.0,30,326699.357483,False
0.0,30,326740.535369,False
2.6,30,326799.172137,True
0.0,30,326839.01094,False
2.9,30,326886.439327,True
2.6,30,326932.519654,True
1.5,30,326990.46188,False
0.0,30,327037.405437,False
2.0,30,327081.727537,True
0.0,30,327394.650845,False
2.5,30,327439.98738,True
0.0,30,327485.680745,False
0.0,30,327532.988147,False
0.0,30,327574.370197,False
0.0,30,327626.823611,False
2.5,30,327671.778994,True
0.0,30,327717.512106,False
0.0,30,327767.056789,False
0.0,30,327807.948237,False
2.6,30,327853.375219,True
0.0,30,327898.714247,False
0.0,30,327946.75546,False
0.0,30,327992.930554,False
0.0,30,328042.435795,False
2.9,30,328089.427894,True
0.0,30,328137.19307,False
0.0,30,328182.558046,False
0.0,30,328230.800477,False
2.4,30,328280.641413,True
2.2,30,328323.183855,True
2.1,30,328369.913493,True
2.8,30,328413.331089,True
0.0,30,328453.439144,False
0.0,30,328498.173681,False
0.0,30,328537.797226,False
2.4,30,328580.488177,True
0.0,30,328628.308487,False
0.0,30,328673.885288,False
0.0,30,328719.617217,False
0.0,30,328767.422529,False
2.9,30,328811.399488,True
0.0,30,328851.773586,False
0.0,30,328901.446207,False
0.0,30,329189.230175,False
0.0,30,329235.323034,False
0.0,30,329275.577204,False
1.9,30,329318.307765,True
0.0,30,329363.108618,False
0.0,30,329408.371493,False
2.2,30,329453.162659,True
0.0,30,329499.684825,False
2.7,30,329547.89936,True
0.0,30,329592.544152,False
2.5,30,329635.380556,True
2.0,30,329683.178753,True
2.9,30,329732.998873,True
0.7,30,329774.096651,True
2.8,30,329818.651335,True
2.6,30,329870.540884,True
2.8,30,329915.154386,True
0.0,30,329961.029675,False
0.0,30,330014.655419,False
0.0,30,330061.644617,False
3.0,30,330100.731277,True
0.0,30,330145.841201,False
3.0,30,330186.289773,True
2.0,30,330233.034604,True
0.0,30,330279.373158,False
2.9,30,330325.100888,True
2.8,30,330366.311966,True
2.4,30,330414.525785,True
0.0,30,330465.310232,False
2.7,30,330503.700319,True
0.0,30,330547.446488,False
2.6,30,330596.545165,True
2.8,30,330645.363166,True
3.0,30,330690.041548,True
0.0,30,330991.790135,False
0.0,30,331033.193604,False
1.7,30,331082.154643,True
2.8,30,331122.828711,True
3.0,30,331177.145698,True
0.0,30,331229.285708,False
0.0,30,331274.055897,False
0.0,30,331318.804205,False
0.0,30,331366.126871,False
0.0,30,331409.198501,False
0.0,30,331453.572984,False
2.8,30,331504.232997,True
0.0,30,331547.294277,False
0.0,30,331603.71365,False
0.0,30,331654.404445,False
2.5,30,331694.580344,True
2.2,30,331733.521713,True
0.0,30,331778.003666,False
2.9,30,331826.060495,True
2.8,30,331871.025929,True
0.0,30,331921.393347,False
0.0,30,331965.30831,False
2.3,30,332011.474843,False
2.0,30,332061.07509,True
2.6,30,332107.25216,True
2.6,30,332156.0254,True
0.0,30,332200.409602,False
0.0,30,332242.134935,False
2.6,30,332286.131021,True
0.0,30,332326.326988,False
0.0,30,332367.116095,False
0.0,30,332407.364288,False
2.3,30,332452.943938,True
0.0,30,332499.723791,False
0.3,30,332811.802861,True
2.5,30,332854.828568,True
0.0,30,332901.55532,False
0.0,30,332945.20017,False
0.0,30,332991.050857,False
2.7,30,333037.597457,True
2.2,30,333079.377048,True
2.4,30,333128.822743,True
0.0,30,333175.956254,False
0.0,30,333220.320564,False
2.7,30,333264.601773,True
2.5,30,333311.330787,True
2.8,30,333363.437079,True
1.0,30,333406.658903,False
2.3,30,333462.790529,True
2.7,30,333507.905602,True
0.0,30,333554.639598,False
0.0,30,333603.863703,False
0.0,30,333650.377717,False
0.0,30,333692.359476,False
0.0,30,333742.09813,False
0.0,30,333795.913972,False
0.0,30,333853.722722,False
0.0,30,333898.651493,False
2.5,30,333940.072206,True
2.4,30,333991.76029,True
0.0,30,334033.234812,False
0.0,30,334076.503289,False
2.9,30,334118.582919,True
0.0,30,334165.621696,False
2.7,30,334210.083434,True
0.0,30,334255.051545,False
0.0,30,334299.437337,False
0.0,30,334344.758734,False
0.0,30,334643.006992,False
0.0,30,334688.110059,False
2.5,30,334735.747512,True
2.5,30,334790.798259,True
0.0,30,334834.454275,False
0.0,30,334880.263577,False
0.0,30,334924.26406,False
0.0,30,334968.966024,False
2.4,30,335019.241741,True
2.6,30,335064.421633,True
0.0,30,335108.915706,False
2.2,30,335152.047867,True
3.0,30,335198.166614,True
2.8,30,335249.038255,True
2.5,30,335300.586658,True
0.0,30,335347.52891,False
1.3,30,335388.710801,True
2.5,30,335429.85046,True
2.9,30,335474.734814,True
2.8,30,335521.789004,True
2.7,30,335567.29419,True
0.0,30,335626.652559,False
3.0,30,335671.168219,True
0.0,30,335718.619092,False
1.8,30,335775.665525,True
0.0,30,335821.584511,False
2.9,30,335867.781393,True
0.0,30,335909.740525,False
1.9,30,335957.324056,True
0.0,30,336005.19309,False
2.7,30,336052.520529,True
2.7,30,336101.676965,True
2.9,30,336147.303078,True
0.0,30,336193.482913,False
2.5,30,336236.28876,True
2.6,30,336499.576905,True
0.0,30,336546.617361,False
0.0,30,336590.795042,False
0.0,30,336656.715669,False
0.0,30,336699.241929,False
2.8,30,336745.695384,True
0.0,30,336792.432956,False
2.5,30,336836.39634,True
0.9,30,336879.46092,True
2.8,30,336924.68982,True
2.0,30,336964.164869,True
0.0,30,337010.892705,False
2.8,30,337057.059416,True
0.0,30,337099.659347,False
0.0,30,337145.805249,False
1.9,30,337186.387655,False
1.8,30,337233.783875,True
2.5,30,337275.618009,True
0.0,30,337321.855232,False
0.0,30,337361.852198,False
3.0,30,337405.816356,True
0.0,30,337448.448704,False
2.6,30,337491.407832,True
0.0,30,337541.825576,False
0.0,30,337582.027441,False
2.5,30,337626.723095,True
2.7,30,337664.286837,True
2.6,30,337707.400387,True
0.0,30,337751.258316,False
2.4,30,337801.847093,True
0.3,30,337845.685077,False
2.1,30,337890.662462,True
0.0,30,337929.847538,False
2.7,30,337972.76943,True
0.8,30,338268.148953,True
2.6,30,338317.088538,True
1.4,30,338365.974692,True
3.0,30,338416.231547,True
2.6,30,338479.844091,True
0.0,30,338523.583092,False
0.0,30,338571.029832,False
2.4,30,338610.46802,True
0.0,30,338652.265104,False
2.3,30,338697.079694,True
0.0,30,338738.815441,False
2.3,30,338784.641887,True
0.0,30,338832.810241,False
0.0,30,338878.139751,False
0.0,30,338919.55323,False
3.0,30,338962.166642,True
0.0,30,339006.141661,False
0.0,30,339052.247406,False
0.0,30,339095.68216,False
2.8,30,339145.110365,True
0.0,30,339189.821627,False
0.0,30,339235.726024,False
0.0,30,339277.279933,False
2.8,30,339317.511725,True
2.9,30,339359.381525,True
0.0,30,339404.236703,False
3.0,30,339452.593173,True
0.0,30,339496.793318,False
0.0,30,339540.166044,False
1.9,30,339586.626355,False
0.0,30,339630.604964,False
0.0,30,339675.326661,False
1.2,30,339721.399336,True
0.0,30,339762.401243,False
2.6,30,340053.813756,True
2.8,30,340101.785037,True
0.0,30,340144.411087,False
2.3,30,340190.073215,True
0.0,30,340234.106647,False
2.2,30,340280.848054,True
0.0,30,340328.087361,False
0.0,30,340375.875261,False
1.9,30,340423.065315,True
0.0,30,340469.573209,False
0.0,30,340519.72068,False
0.0,30,340566.679489,False
2.6,30,340611.73476,True
2.4,30,340655.376566,True
2.5,30,340697.48735,True
0.0,30,340742.99929,False
2.0,30,340789.838219,True
0.0,30,340834.233274,False
0.0,30,340879.010555,False
1.7,30,340930.800416,True
1.2,30,340975.988833,True
0.0,30,341021.61471,False
0.0,30,341067.666363,False
2.4,30,341105.978444,True
2.4,30,341147.073925,True
2.6,30,341195.171078,True
0.0,30,341239.945182,False
0.0,30,341284.506696,False
2.6,30,341330.463631,True
0.0,30,341381.350632,False
0.0,30,341427.173005,False
1.7,30,341470.98594,True
0.0,30,341517.437058,False
0.0,30,341558.568072,False
2.6,30,341863.345891,True
0.0,30,341911.555958,False
0.0,30,341960.050785,False
3.0,30,342009.683496,True
0.0,30,342061.129659,False
2.8,30,342107.109934,True
0.0,30,342153.90536,False
2.5,30,342195.70969,True
3.0,30,342241.919838,True
2.4,30,342281.225075,True
0.0,30,342325.118861,False
0.0,30,342367.40626,False
2.6,30,342411.306028,True
0.0,30,342456.056301,False
0.0,30,342498.589487,False
2.4,30,342546.484887,True
2.5,30,342590.521669,True
1.4,30,342637.171033,True
2.5,30,342684.045174,True
0.8,30,342730.813479,True
2.6,30,342775.316421,True
0.0,30,342814.558925,False
2.2,30,342860.564384,True
0.0,30,342910.09879,False
3.0,30,342955.358188,True
1.8,30,343000.365753,True
0.0,30,343045.498189,False
0.5,30,343094.38112,True
1.2,30,343137.994878,True
0.1,30,343183.198672,False
0.0,30,343227.909441,False
2.4,30,343273.073591,True
0.0,30,343318.532579,False
2.8,30,343366.535363,True
2.8,30,343670.507719,True
2.7,30,343720.712489,True
0.0,30,343767.405442,False
2.9,30,343821.351998,True
0.4,30,343866.197506,False
0.0,30,343913.16837,False
2.7,30,343957.03,True
2.8,30,344003.282073,True
2.7,30,344047.84686,True
2.7,30,344097.642778,True
0.0,30,344143.501922,False
0.9,30,344186.465869,True
2.7,30,344237.109399,True
2.1,30,344287.413827,True
2.5,30,344333.956488,True
2.6,30,344379.501654,True
2.4,30,344425.396155,True
2.1,30,344469.505629,True
0.0,30,344513.369484,False
0.0,30,344560.949368,False
0.0,30,344607.429429,False
1.7,30,344655.350852,True
0.0,30,344698.193369,False
2.3,30,344750.565471,True
0.0,30,344792.39033,False
0.0,30,344839.042837,False
2.6,30,344878.553673,True
2.1,30,344922.016891,True
2.5,30,344974.042738,True
0.0,30,345015.706128,False
1.6,30,345063.350318,True
0.0,30,345105.529098,False
0.0,30,345145.372396,False
0.0,30,345187.989161,False
2.7,30,345464.899861,True
2.4,30,345509.239328,True
0.0,30,345556.364002,False
2.4,30,345608.348066,True
3.0,30,345651.783774,True
2.8,30,345695.952269,True
0.0,30,345741.252545,False
2.8,30,345793.5651,True
3.0,30,345835.159774,True
0.5,30,345878.697021,True
0.0,30,345918.882175,False
0.0,30,345965.244934,False
2.7,30,346006.063685,True
0.0,30,346045.609703,False
2.8,30,346093.766884,True
1.1,30,346138.531347,False
0.0,30,346200.070878,False
2.2,30,346245.729054,True
2.8,30,346288.687525,True
2.8,30,346330.754806,True
2.5,30,346377.40034,True
0.0,30,346424.470204,False
2.7,30,346467.240138,True
0.0,30,346514.718501,False
0.0,30,346561.54698,False
0.0,30,346613.291098,False
2.2,30,346662.612602,True
2.4,30,346710.602312,True
0.0,30,346758.000147,False
0.0,30,346803.446947,False
1.0,30,346851.672295,False
1.9,30,346892.310858,True
2.4,30,346932.11624,True
0.0,30,346976.430323,False
2.6,30,347293.614177,True
0.2,30,347337.648062,False
0.0,30,347383.883758,False
2.9,30,347428.028792,True
2.3,30,347483.664915,True
0.0,30,347529.101099,False
0.0,30,347574.222126,False
2.1,30,347616.514304,True
0.0,30,347658.199332,False
0.0,30,347706.56662,False
0.0,30,347752.412145,False
0.0,30,347798.94373,False
2.8,30,347838.958321,True
1.6,30,347887.546746,True
2.1,30,347934.000893,True
0.0,30,347979.390507,False
2.0,30,348027.430271,True
2.4,30,348071.833791,True
0.0,30,348119.094825,False
0.0,30,348163.848362,False
2.5,30,348210.335453,True
2.3,30,348257.065769,True
2.7,30,348301.019383,True
0.0,30,348347.474955,False
2.9,30,348393.372163,True
0.0,30,348441.875444,False
3.0,30,348491.010828,True
2.9,30,348537.689994,True
0.0,30,348575.967851,False
2.5,30,348626.348839,True
2.8,30,348667.367698,True
0.0,30,348709.695499,False
1.8,30,348755.655856,True
3.0,30,348799.518381,True
2.9,30,348842.124395,True
0.0,30,349171.769392,False
0.0,30,349216.546385,False
0.0,30,349266.070534,False
2.4,30,349335.730747,True
0.0,30,349384.541089,False
2.9,30,349431.745458,True
2.4,30,349476.778247,True
2.2,30,349522.497254,True
2.8,30,349571.863968,True
2.3,30,349612.294424,True
0.0,30,349663.444221,False
2.1,30,349711.409616,True
0.0,30,349756.092966,False
2.1,30,349821.409632,True
2.9,30,349864.440315,True
2.8,30,349912.029711,True
0.0,30,349957.773365,False
2.8,30,350007.231184,True
0.0,30,350054.565087,False
0.0,30,350095.579927,False
2.4,30,350139.063808,True
2.9,30,350186.288212,True
2.4,30,350228.030801,True
0.0,30,350274.839202,False
2.5,30,350330.010232,True
0.0,30,350381.018988,False
0.0,30,350430.276085,False
2.6,30,350471.698878,True
2.0,30,350517.016675,True
2.5,30,350558.567255,True
0.0,30,350602.221378,False
2.3,30,350647.668509,True
0.0,30,350695.278835,False
2.2,30,350738.203028,True
2.0,30,351038.041895,True
2.4,30,351081.650576,True
0.0,30,351129.315237,False
0.0,30,351175.715451,False
0.0,30,351225.785898,False
0.0,30,351272.874941,False
0.0,30,351319.175833,False
0.0,30,351368.45602,False
3.0,30,351417.241181,True
0.0,30,351459.754317,False
0.0,30,351509.684797,False
0.0,30,351558.802772,False
3.0,30,351606.83483,True
2.8,30,351656.071295,True
2.5,30,351701.783019,True
0.0,30,351752.43062,False
0.0,30,351795.905661,False
2.5,30,351838.523819,True
3.0,30,351880.194517,True
0.0,30,351930.22273,False
2.6,30,351987.737357,True
2.1,30,352029.879679,True
2.7,30,352075.296472,True
0.0,30,352120.932404,False
2.4,30,352166.599084,True
0.0,30,352213.080465,False
2.7,30,352260.856296,True
0.0,30,352303.366875,False
0.0,30,352351.03354,False
0.0,30,352392.825016,False
2.5,30,352442.60942,True
2.8,30,352488.191696,True
2.2,30,352533.638763,True
2.0,30,352581.531116,True
2.3,30,352882.361547,True
0.0,30,352925.131679,False
0.5,30,352973.968656,True
0.0,30,353023.966444,False
2.6,30,353068.389837,True
2.6,30,353105.121914,True
3.0,30,353149.918096,True
2.8,30,353196.336613,True
0.0,30,353239.72244,False
0.0,30,353293.940662,False
0.0,30,353341.581135,False
3.0,30,353389.631409,True
0.0,30,353433.455753,False
0.0,30,353483.523897,False
2.7,30,353527.633135,True
2.0,30,353572.070305,True
0.0,30,353616.602935,False
1.8,30,353664.721202,True
0.0,30,353710.128483,False
2.9,30,353751.817202,True
2.4,30,353798.663564,True
2.5,30,353846.905313,True
0.0,30,353890.444631,False
0.0,30,353932.042581,False
0.0,30,353979.72194,False
0.0,30,354021.028514,False
0.0,30,354068.700224,False
2.1,30,354116.891082,True
2.1,30,354161.662079,True
2.7,30,354208.515582,True
2.9,30,354256.774527,True
0.0,30,354296.634704,False
0.0,30,354343.835254,False
0.0,30,354389.019344,False
0.0,30,354719.868411,False
0.0,30,354770.206459,False
2.9,30,354812.837227,True
2.7,30,354859.080441,True
2.8,30,354907.123255,True
2.6,30,354949.804039,True
2.8,30,354996.428142,True
2.5,30,355042.463357,True
0.0,30,355093.993331,False
2.9,30,355135.907221,True
2.7,30,355183.04194,True
0.0,30,355226.115366,False
2.4,30,355278.704789,True
0.0,30,355318.67724,False
0.4,30,355362.210104,True
2.5,30,355406.85641,True
2.8,30,355452.321438,True
0.0,30,355498.42227,False
2.8,30,355552.422959,True
2.8,30,355595.499635,True
2.8,30,355637.10237,True
2.6,30,355680.495593,True
2.4,30,355727.619927,True
0.0,30,355789.929233,False
0.0,30,355834.504621,False
0.0,30,355879.449446,False
0.0,30,355923.345328,False
0.0,30,355967.516252,False
0.0,30,356020.263898,False
0.0,30,356069.900548,False
2.7,30,356114.608352,True
0.0,30,356161.220164,False
2.7,30,356205.393158,True
0.0,30,356252.467508,False
0.0,30,356564.508223,False
0.7,30,356607.618355,False
2.5,30,356651.378776,True
2.7,30,356693.924994,True
0.0,30,356740.692209,False
2.6,30,356788.280842,True
2.8,30,356831.172552,True
0.0,30,356883.298713,False
2.1,30,356927.876213,True
1.9,30,356972.112732,True
2.8,30,357029.175338,True
0.0,30,357076.653127,False
0.0,30,357127.8876,False
0.0,30,357173.510697,False
0.0,30,357223.443786,False
0.0,30,357272.989289,False
0.2,30,357322.859576,False
2.8,30,357378.054935,True
3.0,30,357428.147081,True
0.0,30,357472.334083,False
0.0,30,357521.332467,False
2.5,30,357567.854847,True
0.0,30,357615.331906,False
0.0,30,357661.894926,False
2.5,30,357711.494823,True
2.7,30,357755.329071,True
0.0,30,357796.987202,False
0.0,30,357839.896232,False
0.0,30,357883.261754,False
2.3,30,357926.849884,True
0.0,30,357981.133836,False
1.9,30,358026.634946,True
2.6,30,358072.598754,True
2.1,30,358123.192279,True
2.1,30,358448.186437,False
0.0,30,358496.263452,False
2.6,30,358542.628529,True
0.0,30,358586.293383,False
2.6,30,358638.251246,True
2.5,30,358683.969407,True
0.0,30,358725.274156,False
1.1,30,358771.062298,True
2.7,30,358812.878864,True
0.0,30,358857.683386,False
2.9,30,358906.551404,True
2.6,30,358955.401073,True
2.5,30,358999.237154,True
0.0,30,359041.879546,False
3.0,30,359086.643734,True
0.0,30,359130.112738,False
0.0,30,359177.845459,False
2.1,30,359224.488295,True
2.9,30,359277.795033,True
0.0,30,359326.085102,False
2.4,30,359370.761127,True
2.5,30,359421.10287,True
3.0,30,359461.327852,True
0.0,30,359506.908719,False
0.0,30,359549.617682,False
1.8,30,359593.791207,True
2.1,30,359640.658643,True
0.0,30,359683.317453,False
2.0,30,359730.216137,True
2.3,30,359771.750264,True
0.0,30,359823.456459,False
0.0,30,359870.269207,False
1.1,30,359915.77206,True
2.6,30,359971.292508,True
2.8,30,360291.608129,True
2.7,30,360331.160779,True
2.4,30,360382.430055,True
2.5,30,360427.268274,True
0.0,30,360477.018256,False
0.0,30,360525.515977,False
0.0,30,360568.951741,False
2.8,30,360614.848443,True
0.0,30,360664.357043,False
0.0,30,360707.768934,False
0.0,30,360746.505931,False
0.0,30,360791.096874,False
2.7,30,360837.660357,True
0.0,30,360887.892719,False
0.0,30,360935.319368,False
0.0,30,360978.693924,False
0.0,30,361023.751025,False
2.7,30,361072.15008,True
0.0,30,361118.249778,False
0.0,30,361166.027673,False
2.8,30,361212.370995,True
0.0,30,361253.164609,False
3.0,30,361300.048607,True
0.0,30,361344.88029,False
2.8,30,361388.56297,True
0.0,30,361431.139066,False
3.0,30,361476.414648,True
2.5,30,361522.921593,True
0.0,30,361570.310994,False
2.5,30,361619.438912,True
2.7,30,361663.020003,True
2.9,30,361711.008796,True
0.0,30,361755.670236,False
2.6,30,361802.688765,True
1.1,30,362119.732157,False
0.0,30,362163.730552,False
2.8,30,362207.690307,True
2.7,30,362269.897604,True
1.5,30,362314.960871,True
2.0,30,362358.789412,True
2.9,30,362406.828659,True
0.0,30,362451.742928,False
3.0,30,362501.703464,True
2.5,30,362550.246928,True
2.3,30,362599.217341,True
0.0,30,362649.030416,False
2.6,30,362689.768031,True
2.5,30,362739.147599,True
2.8,30,362779.301506,True
0.0,30,362819.115259,False
0.0,30,362865.025126,False
2.7,30,362913.877113,True
0.0,30,362962.298303,False
2.5,30,363006.008741,True
0.0,30,363055.776871,False
0.0,30,363106.63423,False
2.5,30,363149.998331,True
2.4,30,363195.320721,True
2.7,30,363243.409706,True
0.0,30,363293.00851,False
2.4,30,363341.388608,True
2.9,30,363389.657153,True
2.7,30,363438.233433,True
0.0,30,363489.909279,False
0.0,30,363533.976939,False
2.6,30,363582.451805,True
2.1,30,363631.531018,True
3.0,30,363677.588022,True
2.2,30,363724.151522,True
0.5,30,364028.53623,True
0.0,30,364074.336118,False
0.0,30,364118.573353,False
2.1,30,364167.323121,True
0.0,30,364211.981937,False
2.6,30,364252.055322,True
0.0,30,364300.22091,False
2.8,30,364351.555404,True
0.0,30,364400.230273,False
2.5,30,364446.466111,True
2.8,30,364486.745873,True
0.0,30,364535.929079,False
2.5,30,364582.986435,True
1.8,30,364632.520978,True
0.0,30,364676.672811,False
2.8,30,364719.009334,True
2.9,30,364761.479466,True
0.0,30,364807.520673,False
0.0,30,364846.205057,False
0.0,30,364895.892516,False
2.4,30,364941.649695,True
2.8,30,364987.525301,True
3.0,30,365034.281525,True
3.0,30,365079.974998,True
0.0,30,365119.960479,False
0.0,30,365168.04066,False
2.7,30,365214.323704,True
0.0,30,365258.382923,False
0.0,30,365296.677855,False
0.0,30,365341.243353,False
0.0,30,365384.468288,False
0.0,30,365425.323579,False
1.6,30,365472.139229,True
3.0,30,365517.89106,True
2.4,30,365830.102684,True
0.0,30,365878.778056,False
0.0,30,365923.920818,False
1.8,30,365967.43839,True
0.0,30,366012.618633,False
3.0,30,366055.55504,True
2.9,30,366105.056536,True
0.0,30,366150.755977,False
0.0,30,366201.255678,False
1.4,30,366240.354832,True
2.7,30,366281.630173,True
2.6,30,366325.067594,True
1.7,30,366373.355323,True
0.0,30,366415.967545,False
2.6,30,366461.238522,True
2.3,30,366507.605138,True
0.0,30,366555.800587,False
2.5,30,366604.968591,True
0.0,30,366649.149799,False
0.0,30,366699.591762,False
2.8,30,366743.395405,True
2.7,30,366786.245034,True
2.9,30,366826.405249,True
0.0,30,366876.302565,False
2.5,30,366922.312646,True
0.0,30,366976.547389,False
2.7,30,367019.540244,True
0.0,30,367076.529163,False
2.8,30,367123.373023,True
2.8,30,367193.064908,True
0.0,30,367244.210672,False
2.8,30,367291.250974,True
0.0,30,367333.536228,False
2.7,30,367383.707975,True
0.0,30,367680.364494,False
2.8,30,367727.841954,True
3.0,30,367772.2389,True
3.0,30,367814.776277,True
0.0,30,367860.718574,False
3.0,30,367904.318008,True
1.3,30,367949.187379,False
0.0,30,367992.373829,False
0.0,30,368039.144951,False
0.0,30,368085.300378,False
0.0,30,368126.250493,False
2.8,30,368168.931073,True
0.0,30,368214.0016,False
2.3,30,368259.654482,True
2.7,30,368308.991374,True
0.0,30,368353.605889,False
0.0,30,368393.577406,False
2.9,30,368440.208763,True
2.6,30,368495.626387,True
2.7,30,368538.895516,True
2.9,30,368583.809403,True
2.4,30,368629.974423,True
2.7,30,368676.636175,True
0.0,30,368721.427467,False
0.0,30,368766.961891,False
0.0,30,368817.751132,False
2.8,30,368863.600757,True
2.7,30,368909.277881,True
0.0,30,368955.559845,False
0.0,30,368999.257218,False
0.0,30,369048.88267,False
2.8,30,369089.086082,True
2.6,30,369133.328478,True
0.0,30,369183.945591,False
0.0,30,369503.084382,False
3.0,30,369548.413656,True
2.6,30,369594.589879,True
2.6,30,369641.901972,True
0.0,30,369686.597535,False
2.4,30,369731.495773,True
3.0,30,369777.744288,True
0.0,30,369824.931068,False
2.6,30,369876.836259,True
0.0,30,369926.239116,False
0.0,30,369970.430929,False
0.0,30,370013.650138,False
0.0,30,370060.019156,False
2.6,30,370110.312508,True
2.3,30,370156.867544,True
0.0,30,370205.187304,False
2.3,30,370251.78826,True
2.7,30,370302.022187,True
2.6,30,370353.603038,False
0.5,30,370397.486716,False
3.0,30,370439.863201,True
2.8,30,370486.565146,True
3.0,30,370532.464523,True
1.8,30,370581.635164,True
0.0,30,370628.431582,False
0.0,30,370677.395388,False
0.0,30,370722.664589,False
0.0,30,370769.514426,False
2.2,30,370819.675135,True
0.0,30,370862.393251,False
0.0,30,370909.140397,False
2.7,30,370953.126797,True
2.7,30,370995.055675,True
2.7,30,371045.216779,True
2.3,30,371356.315157,True
0.0,30,371404.033638,False
2.6,30,371447.554693,True
3.0,30,371490.995124,True
0.0,30,371537.920171,False
2.6,30,371579.635596,True
0.0,30,371625.745593,False
0.0,30,371674.571944,False
0.0,30,371721.183233,False
3.0,30,371770.311793,True
2.1,30,371814.646787,True
0.0,30,371868.406245,False
0.0,30,371916.421753,False
0.0,30,371965.397595,False
2.3,30,372019.413941,True
0.0,30,372064.367298,False
0.0,30,372112.47782,False
2.8,30,372154.065968,True
2.1,30,372201.286544,True
2.5,30,372245.269704,True
3.0,30,372283.631889,True
2.8,30,372335.528527,True
2.5,30,372387.646591,True
0.0,30,372432.468595,False
0.0,30,372482.263043,False
2.6,30,372525.879427,True
0.0,30,372569.401518,False
0.0,30,372620.498784,False
0.0,30,372669.02538,False
0.0,30,372716.094994,False
2.1,30,372762.513538,True
2.9,30,372813.516922,True
0.0,30,372863.784455,False
0.0,30,372911.853363,False
0.0,30,373214.958306,False
2.7,30,373257.989642,True
2.7,30,373303.212356,True
0.0,30,373347.605591,False
2.5,30,373393.253823,True
2.6,30,373439.497812,True
0.0,30,373484.460068,False
0.0,30,373535.372227,False
0.0,30,373580.243858,False
0.0,30,373627.654561,False
0.0,30,373673.827863,False
0.0,30,373721.718108,False
0.8,30,373768.638006,True
2.9,30,373815.21996,True
2.7,30,373858.802239,True
2.7,30,373900.118963,True
0.0,30,373943.684735,False
0.0,30,373991.233458,False
0.0,30,374036.579956,False
0.0,30,374084.019375,False
0.0,30,374127.850273,False
0.0,30,374173.274945,False
0.0,30,374222.639727,False
2.7,30,374271.040428,True
0.0,30,374312.167255,False
2.9,30,374359.947386,True
2.3,30,374447.207426,True
2.0,30,374488.259004,True
0.0,30,374540.626603,False
0.0,30,374588.418778,False
0.0,30,374634.398462,False
0.0,30,374675.848957,False
2.2,30,374728.811762,True
0.0,30,374772.972095,False
0.0,30,375094.56758,False
3.0,30,375140.390534,True
0.0,30,375189.786275,False
0.0,30,375240.546116,False
3.0,30,375284.655194,True
2.9,30,375329.6175,True
2.8,30,375377.070125,True
2.3,30,375421.546525,True
2.4,30,375468.589617,True
0.0,30,375518.210336,False
2.4,30,375565.11468,True
2.4,30,375612.892726,True
2.4,30,375663.111007,True
0.0,30,375710.288787,False
0.0,30,375754.396903,False
2.5,30,375797.724087,True
2.6,30,375843.033307,True
2.5,30,375887.650501,True
0.0,30,375933.812768,False
1.7,30,375981.045463,True
2.8,30,376030.426164,True
2.4,30,376079.282244,True
0.0,30,376131.8378,False
0.0,30,376183.802476,False
0.0,30,376229.63137,False
0.0,30,376273.932673,False
0.0,30,376319.772743,False
0.0,30,376360.179286,False
2.5,30,376412.159126,True
2.0,30,376458.58732,True
0.0,30,376511.555462,False
2.7,30,376562.013504,True
1.0,30,376604.388599,True
0.0,30,376652.740559,False
0.0,30,376697.934097,False
0.0,30,377000.000332,False
0.8,30,377040.235384,False
1.7,30,377084.253293,True
0.0,30,377130.719887,False
0.0,30,377176.694169,False
0.0,30,377224.886623,False
0.0,30,377273.84793,False
2.5,30,377320.179732,True
2.5,30,377361.694715,True
0.0,30,377408.46336,False
0.0,30,377452.279421,False
0.0,30,377494.858369,False
0.0,30,377539.845646,False
0.0,30,377590.719425,False
2.9,30,377641.151049,True
0.0,30,377691.94942,False
1.1,30,377739.577212,True
0.0,30,377804.031325,False
0.0,30,377850.801651,False
2.9,30,377897.95284,True
0.0,30,377944.777549,False
2.3,30,377988.414567,True
0.0,30,378031.490142,False
0.0,30,378076.60016,False
0.0,30,378133.243757,False
0.0,30,378185.418663,False
0.0,30,378227.914927,False
0.0,30,378275.900509,False
1.6,30,378320.342835,True
0.0,30,378369.055741,False
0.0,30,378417.310659,False
0.0,30,378463.396482,False
0.0,30,378511.331889,False
2.7,30,378558.513121,True
1.9,30,378894.111361,True
2.6,30,378939.838156,True
2.1,30,378985.717612,True
0.0,30,379033.563802,False
0.0,30,379075.81754,False
0.0,30,379122.953969,False
2.5,30,379169.623952,True
0.0,30,379212.844162,False
0.0,30,379262.61667,False
2.5,30,379309.725852,True
2.9,30,379358.26145,True
3.0,30,379404.985711,True
0.0,30,379451.527274,False
2.5,30,379497.409953,True
2.9,30,379546.229255,True
0.0,30,379594.429258,False
0.0,30,379641.964162,False
3.0,30,379687.834668,True
0.0,30,379738.081475,False
2.4,30,379788.198976,True
2.7,30,379833.523331,True
2.9,30,379875.295438,True
2.8,30,379924.449104,True
1.8,30,379971.080308,True
0.0,30,380019.264567,False
2.7,30,380066.492752,True
0.0,30,380111.305114,False
2.6,30,380158.953348,True
0.0,30,380204.271092,False
2.3,30,380255.700859,True
2.5,30,380300.422527,True
0.0,30,380346.17198,False
0.0,30,380395.200446,False
0.0,30,380435.585829,False
3.0,30,380755.18802,True
2.6,30,380801.904465,True
0.0,30,380851.571866,False
2.6,30,380900.961701,True
2.6,30,380943.416434,True
2.0,30,380988.185669,True
0.0,30,381033.753013,False
0.0,30,381079.662815,False
2.5,30,381126.750049,True
0.0,30,381168.590822,False
0.0,30,381214.455068,False
2.8,30,381266.882922,True
0.8,30,381308.740365,False
2.2,30,381356.015589,True
2.2,30,381398.488196,True
0.0,30,381443.049407,False
2.7,30,381489.597208,True
2.6,30,381532.560562,True
2.7,30,381577.110598,True
0.0,30,381624.079746,False
2.4,30,381673.315636,True
0.0,30,381718.692393,False
0.0,30,381765.597788,False
0.0,30,381810.535807,False
0.0,30,381858.550037,False
0.0,30,381903.071448,False
3.0,30,381954.299639,True
2.6,30,382001.286034,True
0.0,30,382046.362168,False
0.0,30,382090.796459,False
0.0,30,382133.039323,False
0.0,30,382177.92605,False
0.0,30,382221.068391,False
0.1,30,382263.182492,True
2.7,30,382619.498668,True
2.3,30,382659.52732,True
1.8,30,382707.636655,True
0.0,30,382758.326062,False
0.0,30,382796.349511,False
2.1,30,382845.040421,True
2.5,30,382892.626154,True
2.7,30,382940.387154,True
0.0,30,382987.569443,False
1.8,30,383033.706945,True
0.0,30,383077.771014,False
0.0,30,383125.471039,False
0.0,30,383168.266859,False
2.9,30,383209.837106,True
3.0,30,383255.250174,True
2.5,30,383303.55636,True
2.0,30,383350.126515,True
0.0,30,383400.724207,False
0.0,30,383446.768705,False
0.0,30,383491.004412,False
2.8,30,383537.692516,True
2.0,30,383590.17991,True
1.7,30,383635.558933,True
0.0,30,383676.082683,False
0.0,30,383724.757577,False
0.0,30,383777.826984,False
2.3,30,383820.412181,True
0.0,30,383872.253684,False
2.3,30,383924.444073,True
1.5,30,383973.06202,True
0.0,30,384020.9079,False
2.7,30,384062.988315,True
2.6,30,384114.662703,True
0.0,30,384159.123038,False
2.7,30,384471.490499,True
0.0,30,384523.597965,False
2.9,30,384568.647001,True
1.9,30,384611.709895,True
0.0,30,384659.542559,False
2.2,30,384735.690006,True
0.0,30,384780.506315,False
0.0,30,384835.561238,False
0.0,30,384883.554139,False
2.3,30,384926.779677,True
3.0,30,384970.050737,True
2.8,30,385022.09174,True
0.0,30,385074.91342,False
2.5,30,385120.394917,True
3.0,30,385161.829842,True
2.5,30,385209.473327,True
0.0,30,385253.565463,False
2.8,30,385310.45903,True
0.0,30,385357.167542,False
0.0,30,385404.365572,False
3.0,30,385453.849328,True
2.1,30,385499.72099,True
0.0,30,385545.748543,False
0.0,30,385590.402302,False
3.0,30,385634.023692,True
3.0,30,385681.709705,True
2.6,30,385724.173225,True
2.5,30,385768.144068,True
2.8,30,385810.110413,True
2.8,30,385854.520741,True
2.7,30,385898.33881,True
0.0,30,385952.975258,False
2.6,30,385996.397315,True
0.0,30,386040.533086,False
2.7,30,386371.265728,True
2.7,30,386415.897414,True
0.0,30,386460.682834,False
0.0,30,386501.41001,False
2.8,30,386548.37012,True
0.0,30,386591.324642,False
1.9,30,386638.671636,True
1.1,30,386682.545045,True
0.0,30,386723.926321,False
1.0,30,386768.098036,True
1.9,30,386815.396143,True
0.3,30,386864.924925,True
0.0,30,386911.635184,False
0.0,30,386957.593536,False
0.0,30,387015.730386,False
2.0,30,387063.504602,True
0.0,30,387109.816021,False
0.4,30,387180.488801,False
2.7,30,387233.938922,True
0.0,30,387278.571425,False
2.7,30,387325.09712,True
2.6,30,387367.915385,True
2.5,30,387415.886937,True
2.8,30,387458.404585,True
0.0,30,387503.382531,False
2.8,30,387548.680262,True
0.0,30,387597.106164,False
1.9,30,387640.379375,True
0.0,30,387683.522537,False
0.0,30,387725.977943,False
0.0,30,387770.44555,False
0.0,30,387813.18257,False
0.0,30,387866.752163,False
0.0,30,387906.961472,False
2.9,30,388214.567975,True
0.0,30,388263.400533,False
2.6,30,388307.411188,True
0.0,30,388352.021733,False
0.0,30,388400.394297,False
0.0,30,388450.370989,False
2.8,30,388494.737421,True
0.0,30,388540.620884,False
1.0,30,388586.82182,True
0.0,30,388631.784112,False
2.6,30,388677.797151,True
2.9,30,388724.641866,True
2.7,30,388770.231266,True
0.0,30,388812.811168,False
2.0,30,388858.039002,True
0.0,30,388905.065317,False
0.0,30,388948.983876,False
2.7,30,388994.841292,True
2.8,30,389040.133005,True
3.0,30,389084.184165,True
2.7,30,389130.770803,True
2.2,30,389179.109945,True
0.0,30,389227.59236,False
1.3,30,389270.793617,True
0.0,30,389325.057724,False
0.0,30,389369.356826,False
1.9,30,389416.369768,True
1.1,30,389474.818067,True
2.6,30,389523.707712,True
0.0,30,389567.945968,False
0.0,30,389616.936747,False
2.6,30,389663.152386,True
3.0,30,389705.908613,True
2.3,30,389746.092486,True
2.8,30,390038.813297,True
0.0,30,390088.375652,False
0.0,30,390136.0423,False
2.6,30,390179.031949,True
0.0,30,390226.171824,False
0.0,30,390270.370407,False
3.0,30,390319.248222,True
2.6,30,390363.891531,True
0.0,30,390410.004805,False
2.7,30,390455.908748,True
2.9,30,390503.104403,True
0.0,30,390547.667231,False
1.9,30,390595.026933,True
0.0,30,390637.977888,False
0.0,30,390682.776637,False
2.6,30,390721.895017,True
0.0,30,390768.08857,False
0.0,30,390814.580175,False
2.7,30,390859.597551,True
2.8,30,390902.870706,True
0.0,30,390947.56618,False
2.8,30,390999.661942,True
0.0,30,391043.413691,False
0.0,30,391087.635677,False
0.0,30,391133.032745,False
2.6,30,391183.420556,True
1.6,30,391228.157477,True
0.0,30,391280.397859,False
0.0,30,391331.46812,False
3.0,30,391379.460729,True
0.0,30,391430.490938,False
0.0,30,391473.650392,False
0.0,30,391516.19002,False
2.3,30,391562.737001,True
2.6,30,391603.798575,True
2.4,30,391906.323152,True
0.0,30,391951.509373,False
2.8,30,391992.586861,True
1.1,30,392034.815515,True
2.4,30,392074.225656,True
0.0,30,392122.096421,False
0.0,30,392169.000484,False
0.0,30,392213.340983,False
2.6,30,392257.233708,True
0.0,30,392304.823374,False
0.0,30,392350.283231,False
0.0,30,392395.849687,False
2.6,30,392440.200714,True
0.0,30,392491.441385,False
2.6,30,392535.842704,True
0.0,30,392578.908414,False
0.0,30,392627.864479,False
1.5,30,392673.577101,False
2.2,30,392721.590694,True
2.5,30,392763.82885,True
0.0,30,392808.962924,False
2.2,30,392853.52631,True
0.0,30,392892.831924,False
2.6,30,392936.724323,True
0.0,30,392981.508947,False
1.8,30,393032.247316,True
0.0,30,393080.260625,False
0.0,30,393128.189673,False
0.0,30,393176.909586,False
0.0,30,393225.086313,False
0.0,30,393271.688512,False
0.0,30,393317.973236,False
0.0,30,393363.489813,False
2.8,30,393412.702262,True
0.0,30,393714.424036,False
2.9,30,393767.913842,True
0.0,30,393809.99603,False
0.0,30,393866.13961,False
0.0,30,393915.692189,False
0.1,30,393960.670499,True
0.0,30,394005.885344,False
2.8,30,394050.627273,True
2.7,30,394092.869627,True
2.4,30,394138.319801,True
0.0,30,394182.554039,False
0.0,30,394230.909286,False
2.7,30,394274.845346,True
0.0,30,394321.283582,False
0.0,30,394363.387429,False
0.0,30,394406.841249,False
0.0,30,394444.703056,False
0.0,30,394487.746492,False
2.2,30,394535.23755,True
0.9,30,394580.686161,True
0.0,30,394624.714927,False
3.0,30,394669.005931,True
2.7,30,394708.77301,True
0.0,30,394754.941338,False
2.6,30,394802.867965,True
2.8,30,394844.104506,True
2.8,30,394887.771539,True
0.0,30,394931.675745,False
0.0,30,394983.929403,False
0.0,30,395027.882585,False
0.0,30,395073.787652,False
0.0,30,395118.586261,False
2.4,30,395160.362137,True
0.0,30,395203.91496,False
0.0,30,395491.122297,False
0.0,30,395533.557648,False
2.5,30,395575.803785,True
0.0,30,395621.6332,False
0.0,30,395666.164665,False
1.0,30,395716.528401,True
0.0,30,395759.632047,False
2.9,30,395809.05631,False
2.7,30,395851.789688,True
2.8,30,395896.300088,True
2.5,30,395938.286068,True
0.0,30,395986.01576,False
2.8,30,396036.329817,True
2.0,30,396083.390509,True
2.8,30,396141.48069,True
2.7,30,396186.211841,True
0.0,30,396229.796148,False
0.0,30,396276.490362,False
0.0,30,396320.130845,False
2.6,30,396365.889106,True
2.7,30,396413.596204,True
2.6,30,396460.253441,True
0.0,30,396504.711966,False
0.0,30,396548.770854,False
1.2,30,396587.667659,True
0.0,30,396630.232912,False
2.8,30,396679.197965,True
3.0,30,396722.057649,True
2.8,30,396771.327398,True
0.0,30,396825.797486,False
2.7,30,396865.793833,True
1.0,30,396913.949803,True
2.6,30,396957.17099,True
0.0,30,397004.864559,False
0.0,30,397318.172508,False
2.6,30,397358.644019,True
2.1,30,397408.005512,True
2.0,30,397448.885891,True
1.2,30,397493.098943,False
0.0,30,397539.068568,False
0.0,30,397584.950306,False
0.0,30,397628.828286,False
3.0,30,397681.520728,True
3.0,30,397728.863313,True
0.0,30,397770.524995,False
1.9,30,397817.215863,True
2.5,30,397859.672036,True
2.8,30,397909.023906,True
3.0,30,397956.856213,True
0.0,30,398008.247038,False
0.0,30,398054.285762,False
0.0,30,398095.447842,False
0.0,30,398135.632979,False
2.8,30,398179.888436,True
0.0,30,398225.527482,False
2.5,30,398270.180405,True
0.0,30,398317.648988,False
2.5,30,398360.218829,True
0.0,30,398410.593497,False
1.9,30,398455.442983,True
0.0,30,398502.817925,False
2.8,30,398546.890754,True
0.2,30,398591.633653,True
0.2,30,398650.130515,True
2.0,30,398697.893639,True
0.0,30,398737.900264,False
2.0,30,398782.604795,True
0.0,30,398834.269217,False
2.5,30,399125.42706,True
2.2,30,399171.359771,True
2.6,30,399219.66827,True
2.0,30,399268.925901,True
1.3,30,399312.552619,True
1.3,30,399363.51278,True
2.7,30,399408.35533,True
2.5,30,399449.316756,True
2.4,30,399498.433218,True
0.0,30,399545.526315,False
2.9,30,399589.542161,True
3.0,30,399636.374205,True
2.6,30,399693.567378,True
2.4,30,399737.313152,True
0.0,30,399784.569563,False
0.0,30,399828.111505,False
0.0,30,399876.94681,False
0.0,30,399924.286955,False
0.0,30,399968.161667,False
2.6,30,400015.636727,True
0.0,30,400060.698214,False
2.7,30,400106.41624,True
2.5,30,400154.101537,True
0.0,30,400200.165548,False
0.0,30,400243.940626,False
2.5,30,400286.082927,True
0.0,30,400333.973486,False
0.0,30,400378.451846,False
0.0,30,400426.632128,False
0.0,30,400499.990416,False
0.0,30,400548.654406,False
2.5,30,400593.399929,True
0.4,30,400643.011187,True
0.0,30,400692.423773,False
0.0,30,400964.860691,False
0.0,30,401007.786652,False
0.0,30,401050.328792,False
2.1,30,401094.578494,True
2.6,30,401137.392593,True
2.7,30,401187.259469,True
0.0,30,401234.604073,False
0.0,30,401282.271685,False
0.0,30,401326.445585,False
0.0,30,401373.751566,False
0.0,30,401411.088232,False
0.0,30,401455.86074,False
0.0,30,401501.757466,False
2.6,30,401545.099923,True
0.0,30,401589.933436,False
0.0,30,401635.340732,False
2.7,30,401680.800189,True
0.9,30,401729.053396,False
2.8,30,401773.059728,True
0.0,30,401814.786259,False
0.0,30,401858.074257,False
0.0,30,401901.83978,False
0.0,30,401941.998784,False
2.2,30,401985.962282,True
0.0,30,402028.547133,False
1.9,30,402074.550382,True
2.4,30,402119.907261,True
0.0,30,402170.07467,False
2.2,30,402218.689022,True
0.0,30,402259.72066,False
0.0,30,402307.177478,False
2.2,30,402347.939527,True
2.8,30,402389.861275,True
2.8,30,402434.217134,True
0.5,30,402730.160796,True
3.0,30,402775.622536,True
3.0,30,402823.416503,True
2.6,30,402871.427599,True
2.0,30,402918.27256,True
0.0,30,402967.191452,False
0.0,30,403011.495858,False
0.0,30,403056.414615,False
2.5,30,403101.014965,True
0.0,30,403146.154235,False
2.8,30,403196.817894,True
2.1,30,403234.550384,True
0.0,30,403277.664732,False
0.1,30,403326.885718,True
2.6,30,403369.867364,True
3.0,30,403412.378057,True
0.0,30,403460.95593,False
0.0,30,403503.585085,False
0.0,30,403547.007815,False
2.4,30,403590.93972,True
2.4,30,403632.630562,True
2.4,30,403694.804791,True
0.0,30,403744.486679,False
0.0,30,403787.442025,False
0.0,30,403831.241411,False
0.0,30,403872.543829,False
2.5,30,403928.817764,True
0.0,30,403973.698995,False
0.0,30,404019.387481,False
3.0,30,404059.406868,True
0.0,30,404103.570187,False
2.6,30,404153.93606,True
0.0,30,404197.566256,False
0.0,30,404255.364395,False
2.6,30,404299.090473,True
0.0,30,404548.558563,False
2.7,30,404608.689955,True
0.0,30,404659.956924,False
0.0,30,404704.733078,False
0.0,30,404745.071432,False
2.6,30,404787.368343,True
1.8,30,404830.561096,True
2.1,30,404876.107435,True
0.0,30,404914.844755,False
0.0,30,404958.982137,False
0.0,30,405006.714842,False
0.0,30,405046.670832,False
0.0,30,405089.929027,False
2.3,30,405133.826777,True
0.0,30,405178.906088,False
0.0,30,405223.583633,False
0.0,30,405267.265115,False
2.4,30,405311.213974,True
2.8,30,405358.419073,True
3.0,30,405417.006632,True
1.8,30,405460.003137,True
2.4,30,405503.51328,True
0.0,30,405543.312949,False
0.0,30,405589.525517,False
2.6,30,405635.405557,True
0.0,30,405685.242267,False
0.0,30,405731.745706,False
2.6,30,405778.229315,True
0.0,30,405827.394875,False
0.0,30,405872.584919,False
0.0,30,405919.661437,False
0.0,30,405963.738788,False
2.8,30,406006.768056,True
2.5,30,406049.338398,True
2.6,30,406332.689863,True
2.6,30,406376.543357,True
0.0,30,406424.891969,False
2.0,30,406472.772124,True
2.5,30,406515.624308,True
2.4,30,406558.782361,True
0.8,30,406599.934361,True
2.1,30,406647.15708,True
2.4,30,406691.498507,True
0.0,30,406741.705912,False
2.3,30,406786.863522,True
0.4,30,406836.469668,True
2.9,30,406884.311112,True
2.7,30,406931.013099,True
0.0,30,406970.330647,False
0.0,30,407018.009758,False
0.0,30,407059.731752,False
2.1,30,407102.945734,True
2.1,30,407150.632468,True
0.0,30,407200.531327,False
0.0,30,407245.159898,False
2.9,30,407293.114828,True
2.8,30,407339.989419,True
3.0,30,407394.585482,True
0.0,30,407441.157117,False
0.0,30,407489.910305,False
0.0,30,407544.90032,False
0.0,30,407591.90079,False
0.0,30,407636.87663,False
2.9,30,407677.930588,True
0.0,30,407723.455753,False
0.6,30,407765.666032,True
2.7,30,407808.671972,True
1.4,30,407864.924821,True
0.0,30,408147.460402,False
0.0,30,408191.938211,False
0.5,30,408236.777622,True
2.5,30,408286.574028,True
0.0,30,408332.468512,False
2.3,30,408380.993283,True
2.7,30,408432.811483,True
2.3,30,408477.68811,True
0.0,30,408519.683216,False
0.0,30,408566.672357,False
2.4,30,408614.916515,True
2.9,30,408660.042132,True
2.3,30,408704.819368,True
2.4,30,408750.253557,True
2.7,30,408790.690693,True
0.0,30,408834.257542,False
1.8,30,408878.481066,True
0.0,30,408921.171148,False
1.9,30,408980.21347,True
0.0,30,409030.042226,False
0.0,30,409079.882934,False
0.0,30,409121.228303,False
0.0,30,409164.55306,False
0.0,30,409210.174385,False
0.0,30,409259.636457,False
1.5,30,409308.288558,False
3.0,30,409353.291076,True
0.0,30,409395.961223,False
2.6,30,409445.971412,True
2.8,30,409489.822934,True
2.7,30,409534.50418,True
2.8,30,409577.360202,True
2.3,30,409618.639224,True
0.2,30,409664.76736,True
2.5,30,409947.000764,True
3.0,30,409990.560385,True
0.0,30,410035.808569,False
2.7,30,410078.915324,True
0.0,30,410131.609333,False
0.0,30,410176.221596,False
2.8,30,410218.834525,True
0.0,30,410264.392796,False
2.5,30,410316.188753,True
2.2,30,410361.674627,True
2.5,30,410411.754454,True
1.0,30,410458.832801,True
0.0,30,410509.739686,False
3.0,30,410548.814299,True
0.0,30,410594.964211,False
2.0,30,410641.313227,True
1.0,30,410686.469042,False
0.0,30,410728.661753,False
0.0,30,410771.197364,False
1.6,30,410819.342603,True
2.7,30,410863.086077,True
0.0,30,410908.964999,False
0.0,30,410961.30924,False
0.0,30,411003.364319,False
2.1,30,411052.414206,True
2.6,30,411096.8844,True
2.9,30,411136.170226,True
3.0,30,411181.170913,True
2.8,30,411230.563184,True
0.0,30,411277.216099,False
0.0,30,411323.577261,False
0.0,30,411368.926108,False
2.8,30,411417.259459,True
2.5,30,411462.475302,True
0.0,30,411779.014055,False
3.0,30,411822.275789,True
0.0,30,411872.440128,False
0.0,30,411917.986968,False
0.0,30,411965.574111,False
1.7,30,412010.362906,True
1.1,30,412058.874118,True
0.0,30,412100.496596,False
0.0,30,412145.941875,False
0.0,30,412194.608888,False
2.5,30,412240.929955,True
0.0,30,412288.684259,False
2.7,30,412334.389194,True
0.0,30,412380.381737,False
0.0,30,412420.600597,False
2.2,30,412467.113373,True
0.0,30,412519.170336,False
2.5,30,412566.778011,True
2.7,30,412610.257206,True
0.0,30,412665.330141,False
1.6,30,412713.506376,True
2.4,30,412762.908818,True
2.5,30,412807.180375,True
1.9,30,412851.189524,True
0.0,30,412896.494788,False
3.0,30,412940.845329,True
2.6,30,412982.367714,True
0.0,30,413023.440615,False
3.0,30,413067.59761,True
0.0,30,413117.818655,False
0.0,30,413167.599223,False
0.0,30,413225.070612,False
0.0,30,413271.704946,False
2.8,30,413320.986569,True
0.0,30,413596.577658,False
2.6,30,413641.099899,True
1.4,30,413690.183382,True
0.0,30,413742.854627,False
2.2,30,413784.839864,True
0.0,30,413830.20821,False
0.7,30,413870.799819,True
3.0,30,413920.97105,True
0.0,30,413964.512025,False
0.0,30,414014.005358,False
2.5,30,414063.26393,True
0.0,30,414107.866189,False
0.0,30,414147.465293,False
0.0,30,414191.339386,False
2.8,30,414238.161043,True
2.1,30,414281.077615,True
0.2,30,414324.047343,False
2.9,30,414367.256579,True
2.9,30,414415.998978,True
2.5,30,414460.214798,True
2.1,30,414502.444809,True
2.7,30,414546.061599,True
0.0,30,414594.072124,False
0.0,30,414640.755667,False
0.0,30,414688.51042,False
0.0,30,414735.408735,False
2.6,30,414774.815083,True
2.3,30,414822.199259,True
0.7,30,414865.201474,True
2.1,30,414909.067635,True
2.9,30,414958.161216,True
0.0,30,415000.718276,False
2.4,30,415048.903237,True
0.0,30,415092.474271,False
1.9,30,415381.404913,True
0.0,30,415425.197811,False
2.5,30,415472.468609,True
0.0,30,415521.195587,False
0.0,30,415564.052336,False
0.0,30,415610.18497,False
0.0,30,415653.974125,False
2.4,30,415698.701223,True
2.6,30,415743.832249,True
3.0,30,415788.200132,True
2.6,30,415830.886831,True
0.0,30,415874.005945,False
2.8,30,415926.042992,True
0.0,30,415968.241107,False
0.0,30,416015.410691,False
3.0,30,416056.323282,True
0.0,30,416100.4575,False
2.7,30,416156.725719,True
2.4,30,416204.684962,True
2.4,30,416253.267342,True
3.0,30,416299.760083,True
2.8,30,416345.210242,True
0.4,30,416385.892564,True
0.0,30,416427.408438,False
0.0,30,416479.992142,False
2.5,30,416524.951299,True
2.6,30,416570.262705,True
0.0,30,416615.40514,False
0.0,30,416658.264433,False
2.3,30,416702.145505,True
2.7,30,416747.633382,True
2.9,30,416801.139103,True
1.7,30,416850.561085,True
2.5,30,416894.756428,True
2.3,30,417196.474898,True
0.0,30,417241.042614,False
0.0,30,417288.718857,False
0.0,30,417335.477779,False
0.9,30,417381.827334,True
0.0,30,417429.734169,False
3.0,30,417468.811271,True
2.1,30,417517.244889,True
3.0,30,417567.558514,True
0.4,30,417610.875232,False
0.0,30,417651.712997,False
3.0,30,417698.309764,True
0.0,30,417741.594805,False
2.6,30,417786.483402,False
0.0,30,417830.516987,False
2.3,30,417886.525717,True
2.7,30,417935.499438,True
2.2,30,417978.184664,True
0.0,30,418023.595333,False
0.0,30,418065.377858,False
2.8,30,418106.671335,True
0.0,30,418157.102152,False
0.0,30,418195.980476,False
0.0,30,418234.533051,False
2.4,30,418282.44465,True
0.0,30,418324.414322,False
2.4,30,418372.418021,True
2.8,30,418414.084782,True
2.9,30,418458.073206,True
0.0,30,418502.004158,False
0.0,30,418545.448143,False
2.9,30,418586.057635,True
2.5,30,418630.284379,True
2.8,30,418676.501912,True
2.3,30,418722.028521,True
2.5,30,419003.67169,True
3.0,30,419049.006866,True
0.0,30,419096.291221,False
2.8,30,419147.482331,True
1.4,30,419192.322081,True
2.5,30,419237.015566,True
3.0,30,419286.817822,True
2.7,30,419334.799748,True
0.0,30,419382.936589,False
1.7,30,419440.784231,True
2.7,30,419486.800778,True
2.9,30,419532.781623,True
2.4,30,419573.945976,True
2.8,30,419620.270753,True
0.0,30,419663.69212,False
0.0,30,419709.13192,False
2.4,30,419750.432347,True
2.5,30,419794.021729,True
0.0,30,419836.753187,False
0.0,30,419878.887113,False
0.0,30,419929.3179,False
0.0,30,419974.910211,False
0.0,30,420017.262537,False
0.0,30,420059.431751,False
0.0,30,420103.52265,False
1.5,30,420150.164355,False
2.4,30,420197.781852,True
2.5,30,420237.324214,True
0.0,30,420282.032363,False
2.5,30,420327.399476,True
0.0,30,420368.182765,False
0.0,30,420412.69265,False
0.0,30,420469.872391,False
2.9,30,420511.549869,True
2.4,30,420821.850947,True
0.0,30,420867.773965,False
2.7,30,420910.759491,True
2.3,30,420960.549011,True
3.0,30,421000.831933,True
2.4,30,421056.134557,True
0.2,30,421099.748803,True
0.0,30,421149.791884,False
2.6,30,421196.709633,True
0.0,30,421240.048482,False
2.4,30,421287.411934,True
2.9,30,421330.726137,True
2.9,30,421378.882245,True
2.9,30,421426.86546,True
1.1,30,421477.138367,True
3.0,30,421522.112334,True
1.7,30,421566.811496,False
2.6,30,421616.216988,True
0.0,30,421653.490043,False
0.0,30,421695.940955,False
1.0,30,421740.427929,True
2.7,30,421786.382401,True
0.0,30,421834.173642,False
0.0,30,421885.127803,False
2.4,30,421928.277891,True
0.0,30,421974.620321,False
2.5,30,422021.041505,True
0.0,30,422067.947471,False
2.7,30,422116.047201,True
0.0,30,422163.004652,False
0.0,30,422205.233777,False
0.0,30,422255.33139,False
2.8,30,422296.296119,True
2.8,30,422342.226464,True
0.0,30,422674.832772,False
3.0,30,422719.218665,True
3.0,30,422767.387889,True
0.0,30,422831.453746,False
0.3,30,422873.86418,True
2.7,30,422919.683705,True
2.6,30,422963.047575,True
2.1,30,423006.483429,True
2.5,30,423053.519162,True
2.6,30,423101.412337,True
0.0,30,423145.640115,False
0.0,30,423189.434367,False
0.0,30,423234.386754,False
0.0,30,423273.742039,False
2.8,30,423318.349482,True
0.0,30,423367.457238,False
0.0,30,423414.703168,False
0.0,30,423456.340726,False
2.0,30,423497.988397,True
0.0,30,423543.972253,False
2.6,30,423592.176149,True
0.0,30,423637.34359,False
0.0,30,423678.777485,False
0.0,30,423721.408975,False
0.0,30,423761.417794,False
2.8,30,423800.767408,True
0.0,30,423844.029675,False
1.4,30,423890.41842,True
2.9,30,423940.932868,True
2.7,30,423979.615935,True
1.6,30,424024.007751,True
2.1,30,424079.808464,True
2.2,30,424119.731575,True
2.5,30,424164.769659,True
0.0,30,424492.415329,False
2.3,30,424539.421943,True
2.2,30,424584.909818,True
1.6,30,424632.324298,True
0.0,30,424682.677236,False
2.6,30,424732.841087,True
2.4,30,424775.146165,True
2.7,30,424819.740423,True
2.5,30,424861.876671,True
2.8,30,424907.177338,True
2.6,30,424958.64193,True
0.0,30,425001.03263,False
0.1,30,425048.339633,True
2.9,30,425093.896395,True
3.0,30,425132.91488,True
0.0,30,425176.340656,False
2.8,30,425222.587197,True
0.0,30,425264.855615,False
2.7,30,425311.223553,True
0.0,30,425356.158326,False
0.0,30,425397.249613,False
0.0,30,425439.875304,False
1.9,30,425482.047892,True
0.0,30,425530.881212,False
0.0,30,425578.18149,False
0.0,30,425620.577535,False
0.0,30,425675.68943,False
2.9,30,425719.896896,True
2.6,30,425766.139455,True
2.8,30,425805.113807,True
2.2,30,425852.413916,True
0.0,30,425895.11682,False
2.7,30,425939.096229,True
0.0,30,425988.079404,False
0.0,30,426301.72023,False
2.1,30,426345.366468,True
2.5,30,426391.70471,True
2.7,30,426462.972777,True
0.0,30,426515.567536,False
0.0,30,426559.083169,False
2.8,30,426604.449096,True
0.0,30,426659.431828,False
2.6,30,426709.559199,True
0.0,30,426754.781486,False
2.2,30,426803.35006,True
2.6,30,426849.685453,True
3.0,30,426896.628739,True
2.8,30,426944.779078,True
2.3,30,426992.27862,True
2.4,30,427035.198894,True
0.0,30,427079.465569,False
1.3,30,427123.211981,True
1.8,30,427169.31712,False
2.2,30,427214.962412,True
0.6,30,427263.372404,True
0.0,30,427312.522939,False
0.0,30,427362.332622,False
2.9,30,427405.279904,True
0.0,30,427450.751035,False
0.0,30,427498.731851,False
0.0,30,427541.525771,False
2.5,30,427588.780329,True
0.0,30,427633.20031,False
2.5,30,427681.953583,True
1.7,30,427727.940412,True
0.9,30,427774.842894,True
2.7,30,427824.183943,True
0.0,30,427866.335604,False
0.0,30,428221.078307,False
2.7,30,428266.088887,True
2.5,30,428311.132888,True
2.8,30,428355.027399,True
2.7,30,428403.980524,True
0.0,30,428451.318505,False
3.0,30,428497.065252,True
0.0,30,428542.720942,False
2.3,30,428587.000326,True
2.8,30,428630.998597,True
0.0,30,428682.224484,False
2.9,30,428731.821529,True
2.4,30,428776.870599,True
2.8,30,428820.715106,True
2.9,30,428867.090514,True
0.0,30,428909.077145,False
1.5,30,428954.009029,True
0.0,30,428998.853424,False
2.2,30,429046.226347,True
0.0,30,429089.237734,False
2.8,30,429132.350725,True
2.6,30,429185.607905,True
0.0,30,429233.770945,False
2.2,30,429278.762328,True
1.4,30,429323.515436,True
0.0,30,429365.553864,False
0.0,30,429414.670741,False
0.0,30,429459.502087,False
2.5,30,429504.609033,True
2.7,30,429553.018456,True
2.6,30,429598.487446,True
0.0,30,429641.015018,False
0.0,30,429695.845923,False
2.7,30,429742.161857,True
0.0,30,430093.989133,False
0.0,30,430135.989124,False
2.5,30,430180.933238,True
2.7,30,430230.16435,True
0.0,30,430279.081534,False
2.7,30,430323.078806,True
2.7,30,430371.445279,True
2.1,30,430418.960258,True
3.0,30,430463.458038,True
0.0,30,430515.550124,False
1.9,30,430562.278387,True
0.0,30,430613.435842,False
0.0,30,430666.886141,False
0.0,30,430715.391524,False
2.1,30,430763.884002,True
0.0,30,430812.251351,False
0.0,30,430864.707792,False
2.2,30,430905.920239,True
2.9,30,430953.144099,True
0.0,30,430997.436657,False
0.0,30,431040.72525,False
2.7,30,431087.816158,True
2.6,30,431140.872827,True
0.0,30,431191.89591,False
2.4,30,431237.783607,True
0.0,30,431280.799345,False
2.4,30,431331.030189,True
2.6,30,431374.569189,True
2.3,30,431421.780163,True
2.7,30,431471.521207,True
2.6,30,431521.265019,True
0.0,30,431571.488003,False
3.0,30,431619.707802,True
2.7,30,431666.147823,True
2.4,30,431709.102115,True
2.7,30,432045.442971,True
2.5,30,432088.623604,True
0.0,30,432135.474969,False
0.0,30,432189.985478,False
0.0,30,432233.953573,False
0.0,30,432282.3457,False
0.0,30,432332.025618,False
2.7,30,432379.013883,True
2.8,30,432427.63944,True
2.8,30,432470.566538,True
0.7,30,432517.756902,True
2.2,30,432567.463491,True
0.0,30,432609.593347,False
2.8,30,432666.608575,True
2.5,30,432712.288432,True
0.0,30,432759.337095,False
2.5,30,432806.689414,True
0.0,30,432854.159986,False
2.6,30,432895.968759,True
0.0,30,432939.5166,False
0.0,30,432983.612413,False
2.6,30,433030.008525,True
2.6,30,433079.489917,True
3.0,30,433126.612761,True
0.7,30,433172.595143,True
0.0,30,433216.120038,False
0.0,30,433255.769892,False
3.0,30,433303.512386,True
1.7,30,433349.613605,True
2.5,30,433393.68608,True
0.0,30,433442.328469,False
0.0,30,433490.238569,False
0.0,30,433538.017267,False
0.9,30,433581.491186,True
0.0,30,433936.308402,False
2.6,30,433984.3363,True
0.0,30,434032.031772,False
0.0,30,434077.540505,False
0.0,30,434118.79413,False
3.0,30,434167.517855,True
2.9,30,434214.505727,True
0.0,30,434257.827781,False
2.6,30,434301.416787,True
0.0,30,434349.847193,False
0.0,30,434400.155319,False
0.0,30,434448.259769,False
2.5,30,434498.323581,True
0.0,30,434546.403425,False
0.0,30,434592.340153,False
2.9,30,434635.097612,True
0.0,30,434684.438863,False
0.0,30,434737.292505,False
2.7,30,434780.814836,True
0.0,30,434827.962308,False
0.9,30,434871.312692,True
0.0,30,434915.940794,False
2.8,30,434966.757124,True
0.0,30,435013.767199,False
2.9,30,435060.523942,True
1.5,30,435107.641961,True
0.0,30,435152.317771,False
0.0,30,435197.750743,False
3.0,30,435241.147939,True
0.0,30,435289.804961,False
0.0,30,435338.681772,False
2.7,30,435386.58604,True
0.0,30,435434.12581,False
2.7,30,435479.771327,True
3.0,30,435831.274379,True
0.0,30,435875.783849,False
2.6,30,435923.547573,True
0.0,30,435967.339896,False
2.0,30,436018.664404,True
3.0,30,436065.333563,True
2.2,30,436113.269097,True
0.0,30,436154.667517,False
0.0,30,436201.372239,False
2.2,30,436248.744382,True
2.3,30,436290.196356,True
3.0,30,436336.572356,True
0.0,30,436388.302763,False
0.0,30,436438.769961,False
0.0,30,436485.849256,False
2.5,30,436534.749673,True
2.3,30,436587.583544,True
2.8,30,436633.675805,False
2.5,30,436676.83004,True
2.7,30,436728.968924,True
0.0,30,436773.520837,False
1.8,30,436822.658103,True
0.3,30,436866.513762,False
2.8,30,436919.479215,True
0.4,30,436965.039012,True
0.0,30,437015.768708,False
1.0,30,437063.586964,False
2.1,30,437109.386168,True
0.0,30,437151.864337,False
0.0,30,437203.926967,False
0.0,30,437251.058358,False
2.9,30,437300.458819,True
2.7,30,437343.242757,True
1.6,30,437391.072795,True
0.0,30,437728.88268,False
1.8,30,437783.15818,True
2.6,30,437833.392353,True
0.0,30,437892.023547,False
0.0,30,437940.571152,False
2.8,30,437985.069872,True
2.8,30,438034.020165,True
0.0,30,438081.433478,False
0.0,30,438128.62659,False
0.0,30,438173.392361,False
2.8,30,438220.162271,True
2.7,30,438269.198202,True
0.0,30,438311.816044,False
2.6,30,438359.187587,True
2.9,30,438409.790168,True
2.5,30,438456.045974,True
0.0,30,438501.690586,False
0.0,30,438549.848186,False
2.9,30,438593.347076,True
2.3,30,438643.99435,False
1.0,30,438688.581424,True
2.7,30,438734.720381,True
0.0,30,438785.305004,False
2.4,30,438830.635097,True
0.0,30,438875.673589,False
2.2,30,438924.123662,True
0.0,30,438973.301689,False
2.6,30,439025.755078,True
3.0,30,439071.455522,True
0.0,30,439122.951125,False
3.0,30,439171.362983,True
2.7,30,439221.746696,True
0.0,30,439274.480481,False
2.7,30,439322.288787,True
2.7,30,439647.162592,True
2.4,30,439690.302015,True
3.0,30,439743.612011,True
2.4,30,439796.228867,True
0.0,30,439847.875468,False
3.0,30,439894.779108,True
2.3,30,439940.411853,True
2.6,30,439987.12549,True
0.0,30,440042.982029,False
0.0,30,440092.201414,False
2.9,30,440140.962465,True
2.2,30,440192.998863,True
2.7,30,440239.025577,True
2.4,30,440284.27897,True
1.9,30,440333.53798,True
0.0,30,440378.371466,False
0.0,30,440421.331953,False
2.4,30,440467.468205,True
0.0,30,440513.175635,False
2.7,30,440559.571653,True
2.7,30,440602.941131,True
3.0,30,440653.748521,True
2.1,30,440700.840774,True
2.8,30,440751.049826,True
2.8,30,440800.493269,True
2.5,30,440841.921132,True
0.0,30,440891.120427,False
2.3,30,440941.557901,True
2.4,30,440985.383176,True
0.0,30,441033.95523,False
2.7,30,441092.03019,True
0.0,30,441136.832003,False
0.0,30,441188.878279,False
0.0,30,441236.741746,False
0.0,30,441576.475443,False
0.0,30,441624.968289,False
3.0,30,441674.221039,True
2.4,30,441725.093826,True
2.8,30,441770.319394,True
2.9,30,441814.676726,True
0.0,30,441864.417177,False
2.6,30,441912.334326,True
0.0,30,441958.469794,False
2.7,30,442004.913865,True
2.8,30,442056.326493,True
2.4,30,442098.417411,True
2.4,30,442146.623219,True
2.6,30,442193.903749,True
0.0,30,442236.156295,False
2.7,30,442280.431687,True
0.0,30,442334.17868,False
2.8,30,442380.94538,True
0.0,30,442427.401634,False
2.6,30,442481.202456,True
3.0,30,442524.690788,True
2.7,30,442568.94278,True
2.6,30,442617.52167,True
0.0,30,442659.753228,False
2.0,30,442700.934044,True
1.8,30,442746.954493,True
3.0,30,442792.028101,True
0.0,30,442831.982211,False
1.7,30,442874.800065,True
2.7,30,442913.019351,True
0.0,30,442956.945099,False
1.9,30,443004.197585,True
0.0,30,443047.28928,False
0.0,30,443094.828104,False
2.6,30,443443.016161,True
3.0,30,443492.938089,True
0.8,30,443537.621746,True
0.0,30,443587.062455,False
0.0,30,443632.946372,False
3.0,30,443680.045192,True
0.5,30,443729.573276,False
0.0,30,443772.245838,False
2.8,30,443818.797373,True
2.6,30,443864.915958,True
3.0,30,443910.852525,True
0.0,30,443958.601161,False
0.0,30,444000.688888,False
0.0,30,444049.790657,False
2.4,30,444098.810939,True
2.6,30,444154.04685,True
0.0,30,444202.742617,False
2.9,30,444246.588816,True
2.8,30,444291.546586,True
2.6,30,444338.078348,True
0.0,30,444383.609345,False
1.0,30,444426.11288,True
2.5,30,444469.396375,True
0.0,30,444519.395931,False
2.7,30,444568.27217,True
2.8,30,444611.874641,True
0.0,30,444658.007318,False
2.7,30,444703.998766,True
2.4,30,444753.819024,True
0.0,30,444801.311228,False
0.0,30,444853.755923,False
0.0,30,444899.946419,False
2.7,30,444950.572953,True
0.0,30,444995.533061,False
0.0,30,445338.458452,False
2.6,30,445385.237485,True
0.0,30,445433.403261,False
2.9,30,445482.213805,True
0.0,30,445530.265397,False
2.6,30,445575.59923,True
0.0,30,445615.648556,False
2.4,30,445658.507969,True
2.5,30,445702.655977,True
0.0,30,445750.059319,False
0.0,30,445795.558318,False
0.0,30,445848.319502,False
2.3,30,445894.727048,True
0.0,30,445943.276212,False
0.0,30,445991.626595,False
2.6,30,446035.731223,True
0.0,30,446079.617913,False
0.0,30,446135.87454,False
1.6,30,446180.924731,True
0.0,30,446226.624569,False
2.4,30,446269.909933,True
2.7,30,446312.744586,True
2.3,30,446362.385844,True
0.0,30,446406.312785,False
0.0,30,446449.917925,False
0.0,30,446494.1794,False
2.6,30,446533.655248,True
0.0,30,446580.850624,False
2.1,30,446624.205411,True
0.0,30,446668.660468,False
0.0,30,446712.944745,False
0.0,30,446756.290829,False
2.7,30,446802.891745,True
0.8,30,446851.14757,False
2.3,30,446897.708699,True
2.7,30,447246.544094,True
2.4,30,447290.076735,True
0.0,30,447335.81036,False
2.7,30,447386.189638,True
2.7,30,447428.90949,True
2.8,30,447476.931834,True
2.4,30,447519.302314,True
2.6,30,447564.455417,True
2.7,30,447620.064448,True
0.0,30,447663.498107,False
2.1,30,447707.94912,True
2.6,30,447755.911451,True
0.0,30,447804.941508,False
1.4,30,447850.79738,True
0.0,30,447897.305276,False
2.8,30,447941.312921,True
0.0,30,447989.616997,False
0.0,30,448033.830667,False
0.0,30,448077.699855,False
0.0,30,448122.565636,False
2.3,30,448175.832962,True
0.0,30,448226.211268,False
0.0,30,448267.895907,False
0.0,30,448312.628443,False
2.5,30,448361.788139,True
0.0,30,448409.099056,False
2.5,30,448462.547219,True
2.9,30,448513.041753,True
0.0,30,448558.133468,False
2.6,30,448608.764898,True
2.0,30,448656.786117,True
2.8,30,448707.288725,True
3.0,30,448754.187774,True
2.9,30,448797.079008,True
2.8,30,449150.853892,True
0.0,30,449199.996384,False
0.0,30,449245.553916,False
2.7,30,449290.912894,True
2.4,30,449340.399569,True
0.0,30,449380.261637,False
2.2,30,449425.896155,True
3.0,30,449466.642316,True
2.8,30,449513.26162,True
0.0,30,449560.077977,False
2.8,30,449603.476266,True
0.0,30,449644.796126,False
1.9,30,449698.307232,True
2.8,30,449745.674272,True
0.0,30,449789.022545,False
0.0,30,449828.794647,False
2.5,30,449877.041993,True
2.7,30,449919.496071,True
0.0,30,449966.668876,False
0.0,30,450010.52045,False
2.1,30,450058.471503,False
3.0,30,450103.212718,True
2.8,30,450145.201926,True
0.0,30,450190.60864,False
0.0,30,450238.953715,False
0.0,30,450283.173678,False
2.6,30,450328.903099,True
2.7,30,450373.126241,True
2.8,30,450424.312224,True
2.5,30,450468.036528,True
0.0,30,450510.232517,False
2.7,30,450553.381377,True
2.7,30,450596.398142,True
0.0,30,450647.047465,False
0.0,30,450988.117201,False
2.2,30,451034.771541,True
2.9,30,451078.374714,True
0.0,30,451123.438657,False
0.0,30,451172.111604,False
0.0,30,451219.331193,False
0.0,30,451265.305909,False
0.0,30,451311.277401,False
2.6,30,451354.001539,True
2.1,30,451395.001734,True
2.3,30,451440.562826,True
0.0,30,451480.900138,False
0.0,30,451528.001167,False
0.0,30,451575.776467,False
1.3,30,451629.62658,False
0.0,30,451671.617067,False
0.0,30,451712.91237,False
0.0,30,451757.621057,False
2.7,30,451797.500221,True
0.0,30,451844.446979,False
2.6,30,451892.199516,True
2.1,30,451941.809545,True
0.0,30,451987.781115,False
0.0,30,452026.882266,False
2.6,30,452069.742905,True
0.0,30,452121.825372,False
0.0,30,452168.934682,False
0.0,30,452217.104055,False
0.0,30,452259.445298,False
2.4,30,452304.189569,True
3.0,30,452349.866518,True
3.0,30,452397.103889,True
0.0,30,452447.132606,False
1.2,30,452493.556268,True
0.0,30,452826.015907,False
0.0,30,452879.167485,False
2.3,30,452923.370446,True
0.0,30,452968.17589,False
0.0,30,453014.387387,False
2.3,30,453057.031738,True
2.8,30,453097.741358,True
0.0,30,453149.243019,False
2.8,30,453195.303375,True
2.3,30,453241.348659,True
2.3,30,453287.672876,True
2.6,30,453332.915559,True
3.0,30,453383.318956,True
0.0,30,453431.618259,False
2.9,30,453478.413302,True
2.6,30,453525.446056,True
2.7,30,453575.802047,True
2.6,30,453625.691063,True
2.6,30,453669.790056,True
0.0,30,453714.015577,False
2.6,30,453757.45862,True
2.8,30,453800.114952,True
2.4,30,453842.996622,True
2.6,30,453886.409042,True
2.3,30,453933.66253,True
0.0,30,453982.678859,False
0.0,30,454038.319431,False
2.0,30,454084.79889,True
0.0,30,454133.113212,False
2.8,30,454177.093829,True
2.6,30,454223.083846,True
0.0,30,454271.529072,False
2.8,30,454321.585413,True
0.0,30,454365.793961,False
3.0,30,454708.060545,True
2.4,30,454756.738867,True
2.2,30,454804.116537,True
2.3,30,454845.452518,True
0.2,30,454886.463968,False
2.8,30,454932.741524,True
0.0,30,454983.204763,False
2.7,30,455027.078122,True
0.0,30,455072.628585,False
0.0,30,455117.112289,False
0.0,30,455166.876258,False
2.7,30,455212.314566,True
0.0,30,455254.213203,False
0.0,30,455304.289474,False
0.0,30,455346.940296,False
2.7,30,455395.073061,True
2.7,30,455437.761858,True
0.0,30,455482.254042,False
0.0,30,455526.238516,False
0.0,30,455569.798898,False
0.0,30,455617.857162,False
2.4,30,455666.844198,True
2.0,30,455715.550027,True
2.6,30,455760.245595,True
2.9,30,455808.13224,True
2.5,30,455858.744977,True
2.9,30,455903.84655,True
0.0,30,455949.638673,False
0.0,30,455995.133911,False
2.4,30,456043.270814,True
1.9,30,456088.451644,True
0.0,30,456132.299672,False
0.0,30,456177.857568,False
2.8,30,456227.495906,True
2.2,30,456563.503175,True
2.9,30,456608.911635,True
0.0,30,456650.988772,False
2.3,30,456697.215031,True
0.0,30,456741.301374,False
0.0,30,456783.261383,False
0.0,30,456830.720333,False
0.0,30,456872.806077,False
0.0,30,456918.610861,False
0.0,30,456963.799862,False
0.0,30,457012.056832,False
0.0,30,457060.492177,False
0.0,30,457108.821502,False
2.8,30,457155.614056,True
0.0,30,457199.417578,False
2.1,30,457243.670802,True
2.8,30,457295.226722,True
2.7,30,457339.708056,True
0.0,30,457389.65281,False
0.0,30,457437.824154,False
0.0,30,457484.63572,False
2.8,30,457528.981642,True
2.8,30,457574.523795,True
0.0,30,457620.272625,False
1.3,30,457663.150098,True
2.5,30,457710.895875,True
0.0,30,457759.853089,False
2.9,30,457803.849902,True
3.0,30,457851.446743,True
0.0,30,457902.208338,False
0.0,30,457944.056675,False
0.5,30,457985.668878,False
0.0,30,458029.726515,False
2.8,30,458077.293001,True
2.9,30,458397.874562,True
0.0,30,458440.515373,False
3.0,30,458489.823745,True
0.0,30,458534.839513,False
2.5,30,458581.103738,True
2.5,30,458627.919801,True
2.6,30,458675.889022,True
0.0,30,458727.790932,False
3.0,30,458778.742081,True
2.5,30,458821.673112,True
0.0,30,458866.231671,False
0.0,30,458911.319422,False
0.0,30,458955.881439,False
3.0,30,458995.893868,True
3.0,30,459038.444435,True
2.7,30,459088.242751,True
2.4,30,459138.864012,True
0.0,30,459187.074639,False
2.9,30,459233.888115,True
2.4,30,459281.86589,True
0.0,30,459328.966169,False
0.0,30,459370.610225,False
0.0,30,459422.009198,False
2.7,30,459471.802802,True
2.0,30,459518.942958,True
3.0,30,459557.200166,True
2.3,30,459601.922502,True
0.0,30,459647.543581,False
2.5,30,459690.928878,True
0.0,30,459738.832707,False
2.7,30,459784.913049,True
0.0,30,459830.611167,False
2.8,30,459874.006557,True
2.9,30,459925.265864,True
0.0,30,459968.332629,False
0.0,30,460309.875961,False
0.0,30,460353.631546,False
0.0,30,460399.685933,False
0.0,30,460451.575588,False
2.8,30,460494.679346,True
0.0,30,460535.703243,False
0.0,30,460579.038365,False
2.5,30,460626.648787,True
2.6,30,460671.588744,True
0.0,30,460726.279689,False
0.0,30,460772.815117,False
2.4,30,460822.213554,True
0.0,30,460868.548035,False
0.0,30,460913.097563,False
2.8,30,460958.465556,True
2.1,30,461008.43577,True
0.0,30,461054.800997,False
0.0,30,461098.722573,False
0.0,30,461145.592052,False
2.3,30,461201.183035,True
0.0,30,461247.50316,False
0.0,30,461297.155839,False
2.7,30,461342.698209,True
0.0,30,461384.855683,False
0.0,30,461426.337153,False
3.0,30,461471.583165,True
2.3,30,461514.420244,True
2.4,30,461556.084419,True
2.5,30,461604.063483,True
2.7,30,461652.705461,True
2.7,30,461698.349518,True
3.0,30,461747.127896,True
2.5,30,461796.974617,True
0.0,30,461841.037182,False
0.0,30,462173.278512,False
0.0,30,462221.443344,False
0.0,30,462266.202729,False
1.9,30,462311.712683,True
1.8,30,462363.597858,True
0.0,30,462412.681885,False
2.9,30,462469.737348,True
0.0,30,462517.587776,False
0.0,30,462562.622801,False
3.0,30,462607.932736,True
2.7,30,462654.273348,True
2.6,30,462697.792042,True
2.6,30,462743.580538,True
1.4,30,462786.805021,True
2.7,30,462836.182111,True
2.7,30,462887.654464,True
0.0,30,462933.598277,False
2.1,30,462973.086981,True
2.8,30,463012.660242,True
0.0,30,463056.848439,False
2.6,30,463104.98245,True
2.5,30,463149.68979,True
0.0,30,463195.219332,False
0.0,30,463240.928185,False
3.0,30,463290.142962,True
2.2,30,463333.207467,True
0.0,30,463377.04038,False
2.5,30,463421.095155,True
2.3,30,463464.780347,True
0.0,30,463509.293831,False
0.0,30,463558.450608,False
2.7,30,463617.19445,True
0.0,30,463662.290277,False
0.0,30,463709.344599,False
0.0,30,464056.059848,False
0.0,30,464105.112706,False
3.0,30,464148.562721,True
0.0,30,464194.979614,False
0.0,30,464237.474856,False
0.0,30,464283.905259,False
2.1,30,464323.418989,True
0.0,30,464370.872834,False
2.6,30,464418.101557,True
2.4,30,464464.187667,True
2.5,30,464506.703371,True
0.0,30,464550.569495,False
2.7,30,464596.445817,True
2.2,30,464642.659688,True
0.0,30,464688.602868,False
2.8,30,464734.068488,True
0.0,30,464781.262628,False
0.0,30,464830.184557,False
0.0,30,464874.285619,False
3.0,30,464925.344104,True
0.0,30,464972.198499,False
2.6,30,465021.510787,True
0.0,30,465068.731135,False
2.6,30,465122.653745,True
2.7,30,465170.356632,True
2.4,30,465210.983987,True
0.0,30,465250.764512,False
2.3,30,465297.318847,True
0.0,30,465341.513888,False
0.0,30,465386.151527,False
2.3,30,465429.370234,True
2.4,30,465474.536504,True
0.0,30,465518.691511,False
2.7,30,465567.272803,True
0.0,30,465920.975497,False
2.4,30,465967.034258,True
2.5,30,466011.486116,True
0.0,30,466057.651158,False
1.8,30,466108.173675,True
0.0,30,466155.07408,False
0.0,30,466205.414624,False
2.4,30,466252.010346,True
0.0,30,466299.824222,False
2.5,30,466345.342458,True
2.7,30,466389.431048,True
0.0,30,466433.212894,False
0.0,30,466483.957061,False
0.0,30,466532.900951,False
0.6,30,466577.506928,True
2.5,30,466628.674405,True
3.0,30,466668.519489,True
2.2,30,466720.404316,True
0.0,30,466767.911866,False
0.0,30,466812.492736,False
0.0,30,466861.228449,False
0.0,30,466907.201534,False
0.0,30,466955.13743,False
0.0,30,467001.574476,False
0.0,30,467043.250244,False
2.8,30,467087.910135,True
3.0,30,467138.170271,True
0.0,30,467183.211,False
2.8,30,467230.209358,True
3.0,30,467276.719617,True
2.4,30,467323.45212,True
2.8,30,467368.901658,True
2.7,30,467409.928573,True
2.8,30,467455.122835,True
2.5,30,467817.353344,True
2.9,30,467862.989769,True
0.0,30,467912.042454,False
2.8,30,467956.583782,True
0.0,30,468004.773385,False
2.4,30,468055.694732,True
2.6,30,468105.367434,True
2.7,30,468146.99247,True
2.7,30,468194.047468,True
2.8,30,468239.919342,True
0.0,30,468285.653588,False
0.0,30,468327.755414,False
2.1,30,468377.7036,True
0.0,30,468422.654787,False
0.0,30,468471.267119,False
1.7,30,468517.036502,True
2.7,30,468564.221162,True
2.9,30,468608.593419,True
0.0,30,468658.373612,False
0.0,30,468705.611861,False
0.0,30,468749.776252,False
0.0,30,468792.313916,False
0.0,30,468837.369706,False
0.0,30,468883.54983,False
0.0,30,468937.27264,False
0.0,30,468986.764562,False
0.0,30,469031.883571,False
2.3,30,469078.855522,True
0.0,30,469121.93494,False
0.0,30,469169.591395,False
0.0,30,469227.059331,False
2.6,30,469275.984535,True
0.0,30,469321.038581,False
2.5,30,469364.212728,True
2.4,30,469706.511662,True
0.0,30,469754.697527,False
2.8,30,469806.223572,True
0.0,30,469852.382006,False
0.0,30,469892.46088,False
2.8,30,469939.640281,True
0.0,30,469990.048482,False
0.0,30,470039.054872,False
2.7,30,470098.316054,True
0.0,30,470143.406744,False
0.0,30,470207.33766,False
3.0,30,470254.609017,True
3.0,30,470299.63518,True
0.0,30,470342.585371,False
0.0,30,470390.938335,False
0.0,30,470440.567446,False
0.0,30,470493.203402,False
2.2,30,470539.541586,True
2.5,30,470588.154836,True
0.0,30,470636.161195,False
0.0,30,470685.227565,False
0.0,30,470736.856645,False
2.7,30,470788.028102,True
2.5,30,470835.80133,True
2.5,30,470877.428675,True
1.9,30,470934.598918,True
2.4,30,470977.422737,True
0.0,30,471022.92271,False
0.0,30,471068.197011,False
2.4,30,471135.421864,False
2.7,30,471183.97834,True
0.0,30,471233.215038,False
0.0,30,471278.889324,False
0.0,30,471323.868481,False
0.0,30,471649.564248,False
2.7,30,471696.951903,True
0.8,30,471747.16938,True
0.0,30,471796.228985,False
0.0,30,471842.803739,False
0.0,30,471892.146215,False
2.9,30,471937.108677,True
0.0,30,471982.114223,False
2.4,30,472027.204431,True
1.0,30,472074.029276,True
1.6,30,472117.999552,False
0.0,30,472169.879527,False
0.0,30,472213.416373,False
0.0,30,472283.376872,False
0.0,30,472333.734582,False
0.0,30,472386.578897,False
0.0,30,472432.765043,False
3.0,30,472478.109784,True
0.0,30,472522.395684,False
2.4,30,472570.25528,True
0.0,30,472613.494592,False
0.0,30,472659.244524,False
1.3,30,472704.70206,False
2.7,30,472756.452194,True
0.0,30,472809.237241,False
2.5,30,472864.578039,True
2.6,30,472910.352286,True
2.5,30,472958.32939,True
2.8,30,473009.016906,True
2.6,30,473057.798966,True
0.0,30,473108.68692,False
2.3,30,473156.983986,True
0.0,30,473204.148852,False
0.0,30,473248.728956,False
0.0,30,473575.951876,False
2.4,30,473624.60383,True
1.7,30,473672.435426,True
0.0,30,473719.200332,False
2.8,30,473767.778129,True
2.5,30,473807.477501,True
0.0,30,473853.275192,False
2.8,30,473895.729286,True
0.0,30,473940.249546,False
3.0,30,473989.760211,True
2.7,30,474037.520553,True
1.4,30,474084.762653,True
2.9,30,474134.523564,True
2.4,30,474180.702322,True
2.9,30,474226.005525,True
0.0,30,474269.190697,False
2.5,30,474315.940651,True
0.0,30,474358.366835,False
2.8,30,474402.894826,True
0.0,30,474451.973274,False
2.4,30,474499.653401,True
3.0,30,474548.29263,True
2.8,30,474594.615541,True
0.0,30,474637.191454,False
3.0,30,474695.822329,True
0.0,30,474742.382729,False
0.0,30,474789.034956,False
2.7,30,474835.331478,True
0.0,30,474886.851342,False
2.8,30,474935.499503,True
0.0,30,474985.801806,False
2.3,30,475036.5175,True
1.4,30,475080.678183,True
0.0,30,475138.504201,False
2.2,30,475187.77261,True
2.4,30,475527.002357,True
2.8,30,475574.663284,True
0.0,30,475619.084584,False
0.0,30,475669.889159,False
2.6,30,475719.67287,True
0.0,30,475766.231358,False
1.9,30,475812.056743,False
0.0,30,475858.139642,False
0.0,30,475908.414871,False
2.7,30,475952.645052,True
2.6,30,475997.438735,True
0.0,30,476037.173665,False
2.3,30,476085.512958,True
2.9,30,476137.083884,True
0.0,30,476181.519336,False
2.6,30,476226.597685,True
3.0,30,476274.913654,True
1.9,30,476319.741216,True
0.0,30,476366.429466,False
0.0,30,476416.74325,False
2.2,30,476467.248093,True
0.0,30,476511.597451,False
2.7,30,476559.408789,True
2.5,30,476606.457165,True
2.7,30,476650.884317,True
2.2,30,476697.458157,True
0.0,30,476742.065894,False
0.0,30,476785.591841,False
2.6,30,476832.490438,True
0.0,30,476878.511612,False
0.0,30,476922.66722,False
3.0,30,476971.078881,True
2.4,30,477016.553978,True
2.4,30,477069.451276,True
3.0,30,477380.951428,True
2.1,30,477429.362632,True
1.1,30,477478.237096,True
0.0,30,477522.75755,False
2.8,30,477564.208818,True
0.0,30,477607.625998,False
1.3,30,477652.306689,True
2.4,30,477698.155224,True
1.9,30,477745.410785,True
0.0,30,477797.482991,False
0.0,30,477846.984715,False
0.6,30,477886.367851,True
0.0,30,477926.647506,False
0.0,30,477970.441396,False
1.9,30,478014.446366,True
0.0,30,478075.818604,False
0.0,30,478117.596189,False
2.6,30,478175.629752,True
3.0,30,478229.556938,True
0.0,30,478274.659468,False
3.0,30,478319.16211,True
0.9,30,478364.491197,True
2.6,30,478413.630111,True
2.1,30,478471.368407,True
0.6,30,478518.40196,True
2.6,30,478560.889277,True
0.0,30,478604.390092,False
2.6,30,478645.335503,True
0.0,30,478689.888306,False
0.0,30,478733.687274,False
2.7,30,478778.075817,True
2.3,30,478825.604776,True
0.0,30,478869.652973,False
2.9,30,478921.900329,True
0.0,30,479241.704494,False
0.0,30,479284.603434,False
2.5,30,479328.039091,True
1.9,30,479372.303715,True
0.0,30,479414.995389,False
2.8,30,479461.607478,True
3.0,30,479505.337371,True
2.4,30,479549.527277,True
2.3,30,479595.71184,True
2.6,30,479644.130988,True
0.0,30,479696.070953,False
2.2,30,479745.215554,True
2.6,30,479791.699361,True
2.8,30,479837.338304,True
2.7,30,479881.87607,True
0.0,30,479929.766118,False
0.1,30,479974.313557,False
0.0,30,480018.378697,False
0.0,30,480068.111143,False
2.3,30,480116.19365,True
2.9,30,480160.277987,True
0.0,30,480207.70153,False
2.6,30,480257.776168,True
0.0,30,480301.224704,False
2.9,30,480345.740159,True
0.0,30,480389.074561,False
0.0,30,480432.719684,False
0.0,30,480474.500463,False
1.8,30,480520.18469,True
0.0,30,480588.171916,False
0.0,30,480630.327505,False
0.0,30,480673.917892,False
0.0,30,480727.080947,False
0.0,30,480773.035269,False
0.0,30,481115.10052,False
3.0,30,481158.282627,True
0.0,30,481205.937891,False
2.6,30,481253.219396,True
0.0,30,481302.853566,False
0.0,30,481347.578056,False
1.9,30,481396.258872,True
3.0,30,481445.235664,True
2.9,30,481483.566514,True
0.0,30,481531.292002,False
0.0,30,481582.38963,False
3.0,30,481627.062064,True
2.2,30,481675.346961,True
3.0,30,481720.055731,True
2.8,30,481768.291469,True
2.6,30,481822.417438,True
2.8,30,481869.34589,True
2.4,30,481915.190311,True
2.6,30,481961.778969,True
2.2,30,482008.307424,True
0.0,30,482051.260064,False
2.8,30,482105.514784,True
0.0,30,482155.580642,False
0.0,30,482200.163905,False
0.0,30,482244.392296,False
2.6,30,482285.028058,True
0.0,30,482328.727412,False
2.4,30,482373.003338,True
0.2,30,482418.098426,False
1.3,30,482462.62046,False
0.8,30,482510.700561,False
0.0,30,482557.975521,False
0.0,30,482605.744091,False
0.0,30,482653.213886,False
0.0,30,482984.540354,False
0.0,30,483031.244939,False
2.9,30,483077.270837,True
0.0,30,483126.693475,False
2.7,30,483170.170805,True
2.8,30,483219.052231,True
0.0,30,483260.920526,False
0.0,30,483300.40565,False
2.1,30,483358.877884,True
2.6,30,483400.388155,True
0.0,30,483444.565003,False
2.8,30,483490.453448,True
2.5,30,483537.412484,True
0.0,30,483581.29822,False
2.8,30,483625.09778,True
0.0,30,483671.807233,False
0.0,30,483717.874344,False
0.0,30,483766.764271,False
0.0,30,483811.781508,False
0.0,30,483859.091022,False
0.0,30,483906.334197,False
2.6,30,483957.499105,True
2.6,30,484001.133105,True
0.0,30,484049.972697,False
0.0,30,484101.115905,False
0.0,30,484149.516284,False
2.8,30,484199.377421,True
1.8,30,484247.146019,True
0.0,30,484296.373539,False
0.0,30,484338.377738,False
1.7,30,484382.763593,True
2.8,30,484432.153687,True
0.0,30,484477.058174,False
0.0,30,484521.427784,False
0.0,30,484865.604034,False
2.5,30,484913.266587,True
2.5,30,484959.049498,True
0.0,30,485007.967418,False
2.5,30,485051.47498,True
2.4,30,485098.692562,True
2.9,30,485144.265764,True
0.0,30,485190.482444,False
1.0,30,485241.453952,True
2.6,30,485287.52019,True
2.8,30,485331.717525,True
0.0,30,485375.500623,False
0.5,30,485416.619449,True
3.0,30,485467.353799,True
1.8,30,485512.601693,True
0.0,30,485562.011398,False
2.8,30,485606.254665,True
0.0,30,485651.064175,False
2.3,30,485700.456664,True
0.0,30,485743.749672,False
0.0,30,485794.47556,False
2.6,30,485841.455303,True
2.6,30,485885.366665,True
3.0,30,485928.276791,True
1.3,30,485971.782195,True
2.4,30,486020.766285,True
2.5,30,486070.488916,True
2.7,30,486122.912179,True
0.0,30,486168.754245,False
0.9,30,486217.795497,True
1.0,30,486268.750437,True
2.9,30,486311.577949,True
3.0,30,486358.76966,True
0.0,30,486400.571968,False
2.6,30,486733.452788,True
0.0,30,486776.063461,False
0.0,30,486821.226332,False
2.5,30,486864.875653,True
0.0,30,486911.586294,False
2.7,30,486958.108765,True
3.0,30,487005.41146,True
0.0,30,487044.786365,False
2.7,30,487088.309033,True
0.0,30,487139.640802,False
0.0,30,487187.75806,False
2.3,30,487233.278399,True
1.0,30,487279.278871,False
2.9,30,487327.915603,True
2.3,30,487376.745129,True
2.9,30,487422.689156,True
2.3,30,487467.945269,True
0.0,30,487511.068843,False
2.4,30,487558.599522,True
0.0,30,487603.35426,False
2.2,30,487663.037766,True
0.0,30,487711.794547,False
2.1,30,487751.713694,True
0.0,30,487797.669751,False
2.7,30,487845.06018,True
2.5,30,487888.12816,True
2.6,30,487939.813684,True
0.0,30,487995.438075,False
2.8,30,488043.360723,True
0.0,30,488087.100502,False
0.0,30,488136.586357,False
0.0,30,488184.880473,False
0.0,30,488232.995719,False
2.4,30,488284.045036,False
0.0,30,488325.982851,False
0.0,30,488627.396565,False
3.0,30,488673.85767,True
2.7,30,488718.473531,True
2.9,30,488763.01338,True
0.0,30,488805.140328,False
3.0,30,488852.170346,True
2.7,30,488903.592098,True
0.0,30,488947.667651,False
2.7,30,488997.776211,True
3.0,30,489039.708057,True
2.9,30,489084.673276,True
2.6,30,489134.418655,True
0.0,30,489182.144752,False
0.0,30,489230.243013,False
2.8,30,489281.981157,True
0.0,30,489328.189352,False
1.2,30,489370.622503,True
2.9,30,489414.463268,True
2.3,30,489458.00954,True
0.0,30,489509.749676,False
1.7,30,489552.918697,True
0.0,30,489605.384617,False
2.5,30,489647.81235,True
3.0,30,489690.252647,True
0.0,30,489742.197933,False
0.0,30,489786.613528,False
3.0,30,489833.221864,True
2.5,30,489874.379093,True
0.0,30,489920.005281,False
0.0,30,489968.006142,False
2.5,30,490015.3872,True
0.0,30,490062.498389,False
0.0,30,490106.728284,False
0.0,30,490146.737428,False
0.0,30,490456.905882,False
2.4,30,490502.101084,True
0.0,30,490554.477489,False
3.0,30,490600.715685,True
3.0,30,490648.411849,True
0.0,30,490704.563662,False
0.0,30,490753.245383,False
2.5,30,490802.677766,True
2.5,30,490845.342637,True
0.0,30,490892.386582,False
0.0,30,490941.456608,False
2.5,30,490987.208922,True
0.0,30,491031.517778,False
0.0,30,491077.566215,False
0.0,30,491130.434525,False
0.0,30,491179.048041,False
0.0,30,491228.962423,False
2.4,30,491276.167335,True
2.6,30,491328.781031,True
2.3,30,491370.583216,True
2.7,30,491420.662093,True
0.0,30,491467.168117,False
2.1,30,491514.565907,True
2.6,30,491561.636616,True
1.8,30,491612.323222,True
2.0,30,491658.534864,True
2.6,30,491710.812782,True
0.0,30,491751.074753,False
2.3,30,491795.959082,True
3.0,30,491839.673278,True
0.0,30,491889.746598,False
0.0,30,491935.553292,False
0.0,30,491977.097145,False
2.6,30,492020.87755,True
2.8,30,492348.312516,True
0.0,30,492398.830804,False
0.0,30,492450.009214,False
0.0,30,492513.048287,False
0.0,30,492553.766935,False
0.0,30,492598.807076,False
2.8,30,492643.650286,True
0.8,30,492689.284781,True
0.0,30,492744.682548,False
2.9,30,492788.157449,True
2.8,30,492836.512591,True
0.0,30,492877.490945,False
0.0,30,492922.677965,False
0.0,30,492978.971783,False
0.0,30,493021.902644,False
0.0,30,493065.678391,False
2.7,30,493111.074057,True
2.5,30,493155.693601,True
0.0,30,493201.364455,False
0.0,30,493249.51063,False
0.0,30,493293.962892,False
2.4,30,493342.452456,True
0.0,30,493389.118273,False
0.0,30,493433.354445,False
0.0,30,493479.011107,False
3.0,30,493533.217966,True
0.0,30,493581.678667,False
0.0,30,493625.070229,False
0.0,30,493670.282611,False
0.5,30,493717.36203,False
0.0,30,493760.539541,False
2.2,30,493804.940245,True
0.0,30,493847.818251,False
0.0,30,493890.850747,False
2.4,30,494235.096378,True
3.0,30,494288.727372,True
0.0,30,494331.911283,False
0.0,30,494375.112829,False
0.0,30,494431.05282,False
0.0,30,494479.75636,False
2.8,30,494525.53779,True
0.0,30,494569.50222,False
3.0,30,494616.214329,True
0.0,30,494662.863976,False
2.4,30,494704.772102,True
0.0,30,494749.237705,False
0.0,30,494814.496691,False
2.7,30,494869.538119,True
0.0,30,494916.834372,False
0.0,30,494964.559912,False
0.0,30,495009.646334,False
2.8,30,495052.842522,True
2.3,30,495100.528117,True
2.9,30,495153.888339,True
2.6,30,495199.751312,True
0.0,30,495246.955055,False
2.8,30,495290.288225,True
2.6,30,495342.34473,True
0.0,30,495384.992908,False
3.0,30,495436.428841,True
2.7,30,495478.323877,True
2.8,30,495522.185095,True
2.8,30,495567.637501,True
0.6,30,495612.120015,False
0.0,30,495663.401169,False
2.4,30,495707.666148,True
0.0,30,495759.679741,False
0.0,30,495804.479909,False
2.5,30,496135.28067,True
2.8,30,496178.865994,True
2.2,30,496225.645916,True
0.0,30,496270.147221,False
0.0,30,496313.524223,False
1.7,30,496356.534494,True
2.4,30,496403.622496,True
0.8,30,496445.006943,True
0.0,30,496493.540543,False
2.6,30,496540.359587,True
2.1,30,496587.21166,True
2.4,30,496631.130136,True
2.3,30,496682.945762,True
0.2,30,496735.692559,False
2.9,30,496783.141229,True
2.8,30,496824.160432,True
2.0,30,496869.379198,True
0.0,30,496914.190062,False
2.1,30,496968.484298,True
2.0,30,497013.74589,True
1.8,30,497060.329548,True
0.0,30,497105.437817,False
0.0,30,497150.196309,False
0.0,30,497202.475149,False
0.0,30,497246.391733,False
2.3,30,497296.797077,True
0.0,30,497343.865038,False
2.8,30,497392.170495,True
0.0,30,497440.587375,False
2.9,30,497488.241751,True
0.0,30,497534.14259,False
0.0,30,497576.092759,False
2.6,30,497627.298712,True
2.5,30,497669.659259,True
2.2,30,497988.175416,True
2.7,30,498034.0112,True
2.9,30,498079.749962,True
2.9,30,498123.626049,True
0.0,30,498165.856785,False
2.0,30,498208.443467,True
2.5,30,498267.201587,True
2.4,30,498312.702432,True
0.0,30,498359.934299,False
2.5,30,498404.315401,True
0.0,30,498446.028225,False
2.9,30,498491.670361,True
0.0,30,498534.034419,False
2.2,30,498585.698496,True
0.6,30,498634.800427,False
2.4,30,498678.829048,True
1.5,30,498722.291329,False
2.1,30,498761.888139,True
2.9,30,498801.009119,True
2.7,30,498845.717372,True
0.0,30,498892.759699,False
2.6,30,498934.015232,True
0.0,30,498980.58424,False
2.9,30,499023.28391,True
0.0,30,499068.238201,False
2.9,30,499111.35358,True
0.0,30,499160.03587,False
2.1,30,499206.543967,True
0.0,30,499246.25481,False
2.7,30,499291.090484,True
0.0,30,499330.421935,False
1.1,30,499376.615455,True
0.0,30,499426.169073,False
2.6,30,499475.806541,True
1.7,30,499813.195516,True
0.0,30,499858.231462,False
2.8,30,499902.005223,True
2.9,30,499949.018188,True
2.3,30,500004.573036,True
2.7,30,500044.579548,True
2.5,30,500087.109678,True
2.2,30,500133.070207,True
0.0,30,500179.294258,False
0.0,30,500225.052602,False
2.4,30,500273.356385,True
2.3,30,500316.583935,True
2.7,30,500359.964075,True
2.9,30,500407.284411,True
2.9,30,500457.318435,True
2.1,30,500502.539441,True
0.0,30,500551.86207,False
2.9,30,500597.377676,True
0.0,30,500644.416815,False
0.7,30,500693.300017,False
0.0,30,500740.76028,False
0.0,30,500787.760957,False
2.6,30,500828.166161,True
2.5,30,500882.439162,True
2.8,30,500926.905803,True
0.0,30,500980.033944,False
0.0,30,501025.307039,False
0.4,30,501068.75023,True
0.0,30,501108.715972,False
1.6,30,501158.242661,True
2.9,30,501204.332206,True
0.0,30,501250.776657,False
2.7,30,501290.683741,True
2.8,30,501332.23128,True
2.9,30,501701.518793,True
2.7,30,501750.049586,True
2.8,30,501799.184251,True
0.0,30,501853.251037,False
0.0,30,501898.783689,False
2.5,30,501949.15059,True
2.5,30,502000.623328,True
2.9,30,502051.80808,True
2.4,30,502096.984938,True
1.7,30,502146.048455,False
0.0,30,502193.021344,False
2.6,30,502239.415558,True
2.5,30,502285.907445,True
0.0,30,502335.135492,False
0.0,30,502379.105961,False
0.0,30,502431.52842,False
0.0,30,502476.381435,False
2.9,30,502526.707862,True
2.3,30,502569.801265,True
3.0,30,502613.33688,True
2.6,30,502657.262806,True
2.8,30,502703.366244,True
0.0,30,502753.195542,False
0.0,30,502800.699229,False
0.0,30,502849.243079,False
0.0,30,502892.67838,False
2.3,30,502937.634229,True
0.0,30,502980.975017,False
2.5,30,503026.537779,True
2.6,30,503073.416482,True
0.0,30,503126.782571,False
0.0,30,503170.140053,False
2.8,30,503217.960308,True
2.7,30,503264.320251,True
3.0,30,503302.086021,True
0.0,30,503653.853859,False
0.0,30,503703.219217,False
2.8,30,503756.336387,True
0.0,30,503807.852682,False
0.0,30,503859.720666,False
2.0,30,503906.078906,True
2.6,30,503956.090993,True
1.6,30,504001.297158,True
2.5,30,504046.234553,True
2.5,30,504091.974866,True
2.6,30,504141.042444,True
3.0,30,504188.70246,True
0.0,30,504236.527743,False
0.0,30,504279.180037,False
2.8,30,504326.251898,True
0.0,30,504372.983003,False
0.0,30,504424.071343,False
0.0,30,504470.313926,False
0.0,30,504521.353349,False
2.3,30,504569.45943,True
0.0,30,504620.994874,False
0.0,30,504664.317616,False
2.8,30,504708.715273,True
2.3,30,504754.573982,True
0.0,30,504801.984406,False
0.0,30,504859.198931,False
2.6,30,504906.255264,True
0.0,30,504952.489009,False
0.0,30,504994.681184,False
1.0,30,505039.522362,True
2.9,30,505089.944046,True
0.7,30,505134.36332,True
0.0,30,505182.685011,False
2.7,30,505226.487978,True
2.9,30,505572.387237,True
2.6,30,505618.11805,True
0.0,30,505665.828639,False
2.6,30,505713.41165,True
2.4,30,505758.410426,True
2.8,30,505805.317762,True
0.0,30,505848.155639,False
0.0,30,505898.44386,False
3.0,30,505950.152029,True
0.0,30,505993.873007,False
0.0,30,506039.665201,False
2.8,30,506086.515503,True
0.0,30,506131.600803,False
0.0,30,506170.407671,False
2.0,30,506218.333609,True
2.8,30,506270.166571,True
0.0,30,506316.610217,False
2.2,30,506373.267498,True
2.8,30,506420.194106,True
3.0,30,506464.244996,True
0.0,30,506507.485477,False
1.7,30,506561.769159,True
0.0,30,506609.249266,False
0.0,30,506658.538909,False
2.6,30,506705.028582,True
0.0,30,506749.649157,False
0.0,30,506794.179574,False
2.6,30,506861.472328,True
0.0,30,506912.566303,False
0.0,30,506961.210641,False
2.6,30,507006.18716,True
1.3,30,507054.829446,True
0.0,30,507102.710851,False
0.0,30,507149.195804,False
0.0,30,507510.152161,False
3.0,30,507556.393945,True
0.0,30,507604.709631,False
0.5,30,507654.989237,True
0.0,30,507712.825282,False
0.0,30,507763.274117,False
0.0,30,507806.625151,False
2.6,30,507851.971472,True
0.0,30,507903.525893,False
2.9,30,507946.921515,True
2.8,30,507989.746603,True
0.0,30,508034.249363,False
2.8,30,508077.038029,True
0.0,30,508123.316674,False
2.6,30,508168.775071,True
0.0,30,508220.468857,False
0.0,30,508263.357702,False
3.0,30,508305.144861,True
2.1,30,508352.740204,True
0.0,30,508402.624802,False
2.4,30,508447.474734,True
0.0,30,508495.295315,False
2.9,30,508541.280877,True
0.0,30,508591.604194,False
0.0,30,508640.107962,False
2.6,30,508689.671952,True
2.6,30,508732.84769,True
0.0,30,508772.159441,False
0.0,30,508823.031162,False
1.5,30,508875.259807,True
0.0,30,508920.072665,False
0.0,30,508960.591419,False
2.9,30,509005.159048,True
2.9,30,509046.823999,True
0.0,30,509436.696545,False
2.5,30,509485.001535,True
2.9,30,509539.926213,True
2.9,30,509600.524722,True
0.0,30,509648.335162,False
0.0,30,509696.966867,False
0.0,30,509749.698113,False
0.0,30,509801.898462,False
0.0,30,509868.529433,False
2.3,30,509913.53023,True
2.1,30,509959.639767,True
2.9,30,510013.302182,True
1.9,30,510056.128029,True
2.5,30,510099.317606,True
0.0,30,510144.105999,False
2.0,30,510188.410351,False
0.0,30,510233.229944,False
0.0,30,510277.715718,False
2.8,30,510318.671132,True
2.8,30,510364.596608,True
0.0,30,510414.501088,False
2.1,30,510470.252902,True
2.6,30,510516.315173,True
2.9,30,510563.787759,True
0.0,30,510607.871527,False
0.0,30,510656.668823,False
0.0,30,510704.277576,False
1.8,30,510744.208831,True
2.2,30,510788.628058,True
0.0,30,510832.911748,False
0.0,30,510878.240096,False
2.9,30,510919.935057,True
0.0,30,510970.042869,False
0.0,30,511018.296057,False
2.4,30,511393.244936,True
2.7,30,511440.4304,True
2.3,30,511485.880399,True
0.0,30,511535.47367,False
2.5,30,511579.210178,True
2.5,30,511629.860547,True
0.0,30,511676.696857,False
0.0,30,511723.28109,False
0.0,30,511779.470235,False
2.8,30,511821.460754,True
0.0,30,511865.99176,False
2.5,30,511912.46123,True
2.6,30,511957.214086,True
2.8,30,512006.079411,True
0.0,30,512050.204627,False
2.5,30,512096.739247,True
0.0,30,512141.511099,False
0.0,30,512191.66096,False
2.6,30,512246.210018,True
0.0,30,512301.050591,False
2.3,30,512342.901684,True
1.9,30,512393.468544,True
2.4,30,512440.937451,True
3.0,30,512494.208501,True
2.6,30,512541.22896,True
2.7,30,512591.27248,True
0.0,30,512639.342031,False
2.7,30,512685.544035,True
0.0,30,512730.444299,False
2.8,30,512773.902563,True
0.0,30,512826.148099,False
2.5,30,512876.775997,True
2.3,30,512925.547835,True
2.9,30,512971.500634,True
0.0,30,513326.886333,False
2.3,30,513366.830151,True
1.1,30,513413.685849,False
0.0,30,513462.147323,False
2.5,30,513516.722907,True
2.6,30,513564.4069,True
0.0,30,513609.617823,False
3.0,30,513656.356166,True
0.0,30,513705.029639,False
2.9,30,513754.96789,True
0.0,30,513802.935299,False
0.0,30,513845.918129,False
2.6,30,513891.780606,True
2.8,30,513934.370177,True
0.0,30,513979.288156,False
2.5,30,514029.967419,True
2.5,30,514079.260475,True
2.5,30,514133.013236,True
0.7,30,514180.967089,True
0.0,30,514229.743532,False
0.0,30,514278.688988,False
2.0,30,514323.374578,True
2.7,30,514370.262087,True
0.0,30,514420.411752,False
2.6,30,514467.932701,True
0.0,30,514512.14177,False
0.0,30,514558.12727,False
2.2,30,514600.780787,True
0.0,30,514647.883029,False
1.2,30,514699.399735,True
0.0,30,514750.51072,False
0.0,30,514797.078935,False
0.0,30,514859.337344,False
1.6,30,514907.440883,True
0.0,30,515272.72225,False
0.0,30,515319.708274,False
2.3,30,515365.336715,True
1.9,30,515410.929452,True
2.8,30,515459.585695,True
2.5,30,515505.260932,True
2.4,30,515552.625007,True
2.7,30,515600.592371,True
0.0,30,515652.19013,False
0.0,30,515695.955443,False
2.6,30,515747.241575,True
2.6,30,515793.728575,True
2.3,30,515840.934459,True
0.0,30,515890.544806,False
0.0,30,515939.280695,False
2.5,30,515984.247513,True
0.0,30,516032.149003,False
0.0,30,516082.776099,False
0.0,30,516128.388555,False
0.0,30,516171.611451,False
2.6,30,516214.199203,True
2.4,30,516260.825389,True
2.3,30,516331.67719,True
0.0,30,516383.428404,False
2.5,30,516427.064792,True
0.0,30,516471.351772,False
3.0,30,516524.612178,True
3.0,30,516575.551556,True
0.0,30,516636.095303,False
1.6,30,516678.160723,True
1.2,30,516724.598311,True
2.0,30,516775.542788,True
2.8,30,516823.814724,True
2.5,30,516879.541204,True
2.5,30,516927.70066,True
0.0,30,517286.283137,False
2.3,30,517333.034281,True
0.0,30,517379.455653,False
2.6,30,517422.24724,True
0.0,30,517466.91205,False
0.0,30,517513.363842,False
3.0,30,517554.534379,True
0.0,30,517599.74979,False
2.7,30,517648.413601,True
0.0,30,517706.825673,False
0.0,30,517753.51984,False
0.0,30,517801.811024,False
0.0,30,517846.739647,False
0.0,30,517894.42819,False
2.3,30,517941.009288,True
2.9,30,517990.028943,True
2.8,30,518039.450884,True
2.7,30,518086.076545,True
0.0,30,518137.992507,False
2.5,30,518190.138012,True
2.6,30,518238.396641,True
2.5,30,518282.352683,True
0.9,30,518328.07317,True
0.0,30,518373.428139,False
0.0,30,518423.445734,False
0.0,30,518470.57955,False
0.0,30,518521.967981,False
2.7,30,518571.409914,True
2.7,30,518616.017479,True
0.0,30,518665.045349,False
2.9,30,518709.981002,True
0.0,30,518760.762524,False
2.7,30,518808.76643,False
0.0,30,518857.092157,False
2.5,30,519214.971077,True
2.9,30,519266.591734,True
2.7,30,519308.019383,True
0.0,30,519352.037906,False
0.0,30,519401.787249,False
1.8,30,519443.630913,True
2.7,30,519486.912578,True
0.0,30,519533.301575,False
2.1,30,519581.063964,True
0.0,30,519629.130892,False
0.0,30,519676.049199,False
0.0,30,519724.067854,False
2.8,30,519768.558648,True
0.0,30,519818.869616,False
0.0,30,519868.596296,False
2.2,30,519921.869486,True
3.0,30,519970.37258,True
2.6,30,520019.760858,True
2.3,30,520059.841177,True
0.0,30,520107.252221,False
2.6,30,520156.601715,True
2.9,30,520200.468533,True
2.9,30,520246.885462,True
2.8,30,520302.946,True
0.2,30,520351.486273,False
0.0,30,520399.60718,False
0.0,30,520461.886488,False
2.7,30,520511.52867,True
0.0,30,520554.592255,False
0.0,30,520608.238598,False
1.8,30,520655.328823,True
0.0,30,520702.724323,False
0.0,30,520745.760159,False
2.9,30,520790.919574,True
2.5,30,521151.33331,True
2.3,30,521195.627415,True
0.0,30,521239.674427,False
2.8,30,521283.758813,True
2.9,30,521326.006054,True
0.0,30,521383.156838,False
2.4,30,521433.041676,True
0.0,30,521476.777021,False
2.4,30,521520.997648,True
2.5,30,521575.124878,True
0.0,30,521620.553093,False
2.7,30,521660.156745,True
2.8,30,521710.024598,True
2.7,30,521753.624145,True
2.4,30,521807.925238,True
0.0,30,521849.671659,False
2.4,30,521894.679464,True
2.7,30,521944.493466,True
2.3,30,521991.889855,True
0.0,30,522036.835474,False
2.9,30,522086.51311,True
0.0,30,522131.261651,False
2.4,30,522178.216205,True
2.7,30,522225.216165,True
2.8,30,522274.54023,True
0.0,30,522317.18633,False
0.0,30,522367.278097,False
0.0,30,522416.266344,False
2.9,30,522460.48887,True
1.0,30,522504.037149,True
0.6,30,522551.745268,True
2.7,30,522597.182887,True
1.9,30,522644.026346,True
0.0,30,522692.014057,False
2.0,30,523042.310756,True
0.0,30,523087.08591,False
2.5,30,523133.293833,True
0.0,30,523180.346236,False
0.0,30,523230.178385,False
0.0,30,523276.644414,False
0.0,30,523325.506501,False
0.0,30,523392.809453,False
2.5,30,523441.906919,True
0.0,30,523492.608846,False
0.0,30,523535.543522,False
0.0,30,523583.743019,False
2.6,30,523627.828145,True
0.0,30,523673.79765,False
1.9,30,523725.20968,True
0.0,30,523769.232822,False
0.0,30,523813.971439,False
2.8,30,523862.311031,True
2.8,30,523912.392937,True
2.3,30,523960.341324,True
0.0,30,524008.796041,False
2.1,30,524053.344429,True
2.2,30,524094.275852,True
2.9,30,524142.294436,True
0.0,30,524185.599808,False
2.4,30,524228.628495,True
0.0,30,524276.679009,False
0.0,30,524320.99314,False
0.0,30,524366.170614,False
2.6,30,524409.369892,True
2.8,30,524459.770701,True
2.6,30,524502.171034,True
0.0,30,524554.75365,False
0.0,30,524601.229402,False
0.0,30,524953.351363,False
0.0,30,524994.42393,False
0.0,30,525043.038869,False
2.8,30,525091.502012,True
1.8,30,525136.467322,True
1.9,30,525184.075264,True
2.2,30,525237.495318,True
0.0,30,525284.127548,False
2.8,30,525330.959599,True
2.8,30,525377.275002,True
1.7,30,525421.770524,True
2.6,30,525465.598559,True
1.6,30,525507.230552,True
0.0,30,525553.868085,False
2.6,30,525604.561101,True
2.9,30,525646.620409,True
2.8,30,525687.18498,True
0.0,30,525736.244691,False
2.7,30,525779.925793,True
2.8,30,525831.21556,True
0.0,30,525874.424743,False
1.1,30,525918.797294,True
0.0,30,525963.39924,False
0.0,30,526011.089971,False
2.7,30,526058.629283,True
0.0,30,526103.632391,False
2.1,30,526149.056329,True
2.7,30,526205.657193,True
2.8,30,526247.67326,True
0.0,30,526290.594551,False
1.6,30,526336.975225,True
0.0,30,526383.753964,False
1.5,30,526427.657762,True
0.0,30,526476.674627,False
0.0,30,526828.439734,False
0.0,30,526876.21822,False
0.0,30,526928.46613,False
0.0,30,526975.858922,False
2.5,30,527019.34056,True
0.0,30,527065.942662,False
2.5,30,527116.223465,True
2.6,30,527160.596248,True
3.0,30,527203.688111,True
1.9,30,527259.134243,True
3.0,30,527304.04942,True
2.6,30,527349.972613,True
2.8,30,527395.214225,True
2.7,30,527443.633682,True
2.4,30,527490.239514,True
0.0,30,527531.626692,False
2.9,30,527574.226524,True
0.0,30,527618.964194,False
0.0,30,527661.374011,False
0.0,30,527707.07883,False
0.0,30,527755.554696,False
2.4,30,527803.439507,True
0.5,30,527848.63349,False
2.6,30,527894.321499,True
0.0,30,527941.404819,False
2.5,30,527992.159112,True
0.0,30,528039.669249,False
2.1,30,528090.429801,True
2.8,30,528137.800012,True
0.0,30,528185.217968,False
2.8,30,528230.024629,True
0.0,30,528276.110981,False
0.0,30,528322.846787,False
2.8,30,528369.938812,True
0.0,30,528731.13074,False
0.0,30,528781.807612,False
2.0,30,528826.992994,True
0.0,30,528871.107843,False
0.0,30,528919.817426,False
2.6,30,528980.4544,True
2.6,30,529026.211344,True
0.7,30,529075.297311,False
2.1,30,529119.520855,True
0.0,30,529167.978665,False
1.3,30,529212.995804,False
0.1,30,529260.392317,True
2.3,30,529316.871543,True
0.0,30,529361.575053,False
2.2,30,529409.78951,True
2.3,30,529453.186573,True
0.0,30,529498.893381,False
2.9,30,529545.007513,True
0.0,30,529594.931737,False
1.7,30,529638.467078,False
2.6,30,529684.587763,True
0.0,30,529733.652913,False
2.8,30,529778.847294,True
0.0,30,529823.443307,False
2.1,30,529874.950076,True
0.0,30,529922.240776,False
0.0,30,529968.853679,False
2.6,30,530019.916542,True
0.7,30,530065.31789,True
0.0,30,530117.642406,False
2.7,30,530161.768623,True
2.8,30,530213.629694,True
0.0,30,530264.65236,False
2.8,30,530306.261911,True
0.0,30,530679.554559,False
2.7,30,530727.087313,True
0.0,30,530776.078146,False
2.5,30,530825.590159,True
0.7,30,530872.986337,True
0.0,30,530915.761684,False
2.5,30,530960.461856,True
0.0,30,531002.432035,False
3.0,30,531044.46101,True
2.4,30,531093.566788,True
0.0,30,531139.461161,False
2.4,30,531188.033486,True
2.5,30,531232.523918,True
0.0,30,531277.34893,False
2.4,30,531321.920533,True
0.0,30,531369.313959,False
2.6,30,531417.607058,True
0.0,30,531467.822488,False
2.1,30,531508.462523,True
2.6,30,531561.154574,True
0.0,30,531609.906141,False
0.0,30,531658.532826,False
0.0,30,531703.759233,False
0.0,30,531748.717937,False
2.8,30,531798.69988,True
0.0,30,531844.111633,False
2.7,30,531893.71344,True
0.0,30,531937.142986,False
2.8,30,531980.690329,True
3.0,30,532031.067543,True
2.1,30,532080.614023,True
0.0,30,532136.141144,False
2.7,30,532181.05786,True
0.0,30,532229.456222,False
0.0,30,532276.637847,False
0.0,30,532627.18423,False
2.8,30,532676.116281,True
2.3,30,532722.662311,True
3.0,30,532768.725873,True
0.0,30,532814.936449,False
0.0,30,532856.622706,False
2.5,30,532899.609183,True
0.4,30,532947.759096,True
2.3,30,532992.80836,True
3.0,30,533040.243681,True
0.0,30,533084.480932,False
2.2,30,533126.158433,True
2.3,30,533169.933871,True
2.4,30,533224.644396,True
2.8,30,533275.897226,True
2.9,30,533332.428206,True
2.9,30,533381.786493,True
2.5,30,533422.559676,True
0.0,30,533476.481712,False
2.5,30,533523.424159,True
1.6,30,533568.024679,True
2.6,30,533618.550038,True
2.3,30,533664.295608,True
2.4,30,533712.801212,True
0.0,30,533761.664022,False
0.0,30,533807.965523,False
2.5,30,533849.171135,True
0.0,30,533895.141166,False
0.0,30,533938.943374,False
0.0,30,533983.894232,False
0.0,30,534032.57448,False
2.5,30,534076.106064,True
2.4,30,534129.123025,True
2.7,30,534183.66966,True
0.0,30,534501.633146,False
0.0,30,534546.385572,False
0.0,30,534592.328987,False
1.2,30,534641.684905,True
1.9,30,534681.629727,True
1.8,30,534735.673345,True
1.3,30,534780.727926,True
2.8,30,534832.825848,True
1.7,30,534881.366002,True
0.0,30,534925.671063,False
2.7,30,534966.841417,True
2.0,30,535016.127909,True
2.3,30,535060.255756,True
2.7,30,535107.697544,True
0.0,30,535157.590255,False
0.0,30,535200.561826,False
3.0,30,535247.264139,True
0.0,30,535295.296048,False
2.6,30,535337.951509,True
2.1,30,535382.448028,True
0.0,30,535429.002831,False
2.3,30,535478.933781,True
0.0,30,535527.026448,False
2.5,30,535571.441777,True
0.0,30,535610.486436,False
2.8,30,535666.985656,True
0.0,30,535713.093081,False
0.0,30,535755.247379,False
1.4,30,535797.503213,True
2.2,30,535841.447631,True
2.4,30,535883.623858,True
2.6,30,535956.329983,True
2.6,30,536009.645474,True
0.0,30,536056.153904,False
0.0,30,536373.217942,False
0.8,30,536424.522127,True
0.0,30,536470.025118,False
2.8,30,536516.28674,True
0.0,30,536562.125857,False
0.0,30,536604.862272,False
1.1,30,536648.872641,False
0.0,30,536693.95558,False
0.0,30,536741.286275,False
0.0,30,536779.275312,False
2.4,30,536826.197624,True
0.0,30,536877.982674,False
2.3,30,536919.262309,True
2.6,30,536963.935876,True
0.0,30,537016.29266,False
2.8,30,537059.225659,True
1.8,30,537102.258211,True
0.0,30,537145.963773,False
0.0,30,537193.983783,False
2.8,30,537239.276901,True
2.8,30,537288.926301,True
2.6,30,537334.765245,True
2.8,30,537377.775564,True
0.0,30,537421.026628,False
1.2,30,537467.06128,True
2.7,30,537516.472493,True
2.3,30,537560.186904,True
0.0,30,537607.726848,False
2.8,30,537654.282824,True
2.6,30,537705.444009,True
0.0,30,537762.982985,False
2.6,30,537806.251906,True
2.4,30,537853.914903,True
3.0,30,537900.702081,True
1.7,30,538197.159163,True
1.2,30,538245.146689,False
0.0,30,538286.904609,False
0.0,30,538333.818614,False
0.0,30,538376.564131,False
2.8,30,538421.660071,True
0.0,30,538466.427543,False
1.8,30,538513.653659,True
2.7,30,538562.320774,True
0.0,30,538622.961328,False
2.5,30,538666.093723,True
2.4,30,538707.380041,True
0.0,30,538755.683922,False
2.5,30,538796.147776,True
2.8,30,538840.143848,True
2.6,30,538884.273249,True
0.0,30,538932.622381,False
0.0,30,538974.845735,False
2.9,30,539024.083301,True
3.0,30,539071.406335,True
1.0,30,539120.067002,False
2.2,30,539163.303327,False
0.0,30,539206.680351,False
2.2,30,539250.919159,True
2.8,30,539300.410767,True
2.3,30,539351.621261,True
0.0,30,539396.107021,False
0.0,30,539442.277035,False
1.5,30,539483.905016,True
0.0,30,539532.262188,False
1.5,30,539579.491658,True
0.0,30,539621.232898,False
0.0,30,539671.15751,False
2.4,30,539711.956742,True
0.0,30,540082.86032,False
3.0,30,540129.475737,True
3.0,30,540174.973904,True
2.5,30,540222.173697,True
2.4,30,540269.915877,True
1.7,30,540313.812496,True
2.5,30,540360.536481,True
0.0,30,540401.336587,False
1.7,30,540452.396205,True
0.0,30,540497.075795,False
0.0,30,540541.133669,False
2.3,30,540587.709295,True
2.8,30,540633.798143,True
2.5,30,540681.918772,True
0.0,30,540729.104245,False
3.0,30,540784.295835,True
2.6,30,540837.988988,True
0.0,30,540883.418657,False
2.6,30,540929.722317,True
2.4,30,540981.89056,True
3.0,30,541028.216557,True
0.0,30,541075.818939,False
0.0,30,541120.581118,False
2.5,30,541164.654572,True
0.0,30,541214.466189,False
0.0,30,541257.966802,False
2.4,30,541301.841682,True
2.8,30,541344.348108,True
0.0,30,541389.649872,False
2.3,30,541434.558938,True
1.9,30,541480.169306,True
0.0,30,541529.143784,False
0.0,30,541577.788116,False
1.0,30,541623.615511,True
0.0,30,541985.743206,False
0.0,30,542033.114399,False
0.0,30,542077.409862,False
2.6,30,542120.439242,True
0.0,30,542164.208635,False
0.0,30,542205.828616,False
1.3,30,542250.590739,True
1.0,30,542296.872761,True
0.0,30,542342.525174,False
0.0,30,542385.312172,False
0.0,30,542431.108994,False
2.7,30,542478.364774,True
2.4,30,542529.172069,True
2.6,30,542576.806653,True
2.3,30,542634.556056,True
2.6,30,542679.207795,True
1.8,30,542726.087179,True
0.0,30,542773.296323,False
2.8,30,542829.441088,True
2.8,30,542872.013469,True
2.1,30,542918.335319,True
2.9,30,542968.843756,True
2.7,30,543011.160899,True
2.2,30,543063.65874,True
2.5,30,543113.26938,True
0.0,30,543163.876627,False
2.5,30,543206.191056,True
2.8,30,543253.022091,True
0.0,30,543297.370221,False
2.6,30,543345.04692,True
2.5,30,543397.863233,True
0.0,30,543444.192628,False
2.8,30,543491.132042,True
2.0,30,543540.185476,True
0.0,30,543878.065805,False
0.0,30,543924.112181,False
0.0,30,543972.139765,False
0.0,30,544012.884665,False
0.0,30,544061.479233,False
0.0,30,544102.841769,False
0.0,30,544148.188094,False
0.0,30,544196.97537,False
1.0,30,544243.979748,True
0.0,30,544292.943866,False
0.0,30,544335.940262,False
0.0,30,544383.105136,False
0.0,30,544428.170906,False
0.0,30,544483.031089,False
2.5,30,544549.560534,True
2.8,30,544594.34085,True
2.6,30,544638.297827,True
0.0,30,544682.586905,False
2.3,30,544730.136246,True
3.0,30,544775.564234,True
2.9,30,544820.236868,True
2.4,30,544869.409968,True
0.0,30,544913.585459,False
0.0,30,544954.795948,False
2.5,30,544999.257622,True
2.9,30,545047.479919,True
0.0,30,545092.058272,False
0.0,30,545141.891151,False
2.8,30,545186.1515,True
0.0,30,545237.084738,False
2.8,30,545282.849711,True
0.0,30,545329.904968,False
2.4,30,545374.365347,True
2.8,30,545418.347856,True
0.0,30,545465.901954,False
1.2,30,545813.520516,True
1.8,30,545861.241101,True
2.3,30,545909.220848,True
0.6,30,545959.17733,False
2.4,30,546006.465892,True
2.8,30,546047.868974,True
0.0,30,546099.756518,False
0.0,30,546142.295549,False
0.0,30,546189.464847,False
0.0,30,546238.343342,False
2.6,30,546281.061378,True
2.8,30,546321.593268,True
2.0,30,546369.648742,True
0.0,30,546410.84949,False
0.0,30,546456.571312,False
2.8,30,546502.166459,True
2.4,30,546548.694547,True
2.4,30,546595.562916,True
2.8,30,546639.6533,True
0.0,30,546694.242661,False
2.8,30,546739.552009,True
2.3,30,546784.829122,True
2.8,30,546829.344883,True
0.0,30,546875.57471,False
2.6,30,546921.779103,True
2.5,30,546969.523861,True
0.0,30,547019.545524,False
3.0,30,547067.0774,True
2.8,30,547116.982521,True
2.7,30,547167.332797,True
0.0,30,547208.626925,False
0.0,30,547252.165189,False
2.7,30,547297.986618,True
2.7,30,547342.504177,True
2.8,30,547722.496464,True
2.6,30,547769.670011,True
1.4,30,547811.361077,True
0.0,30,547859.877287,False
3.0,30,547903.91633,True
2.2,30,547954.652076,True
0.0,30,547998.365541,False
2.8,30,548084.776269,True
2.7,30,548134.504841,True
2.8,30,548184.235485,True
0.0,30,548235.874175,False
0.0,30,548275.273258,False
0.0,30,548324.855131,False
0.0,30,548372.331162,False
0.0,30,548415.221123,False
2.8,30,548457.238795,True
2.7,30,548510.094015,True
0.0,30,548555.849269,False
0.0,30,548601.670602,False
2.7,30,548648.24941,True
2.5,30,548691.271705,True
0.0,30,548735.039037,False
0.0,30,548790.175676,False
0.0,30,548833.355095,False
0.0,30,548883.987227,False
0.0,30,548935.346067,False
0.0,30,548982.651539,False
0.0,30,549031.130363,False
0.0,30,549079.051451,False
3.0,30,549123.59328,True
0.0,30,549180.296586,False
2.4,30,549225.189302,True
2.2,30,549268.812613,True
2.6,30,549307.615189,True
0.0,30,549653.856333,False
0.0,30,549694.737417,False
2.8,30,549736.946695,True
2.4,30,549783.151782,True
0.0,30,549827.508464,False
1.8,30,549869.547475,True
2.2,30,549914.903068,True
1.5,30,549959.871568,True
1.9,30,550002.20355,True
0.3,30,550047.11317,True
2.5,30,550094.084049,True
0.0,30,550138.015254,False
2.1,30,550180.251909,True
3.0,30,550229.190588,True
2.3,30,550275.413711,True
0.0,30,550316.498377,False
0.0,30,550357.773354,False
0.0,30,550401.51383,False
0.0,30,550451.088966,False
0.0,30,550497.340931,False
2.7,30,550546.947671,True
1.2,30,550594.227434,True
3.0,30,550639.808905,True
0.0,30,550685.938321,False
0.0,30,550732.131334,False
0.0,30,550782.611599,False
2.2,30,550830.05548,True
2.6,30,550876.414646,True
0.0,30,550926.204966,False
2.2,30,550972.984347,True
2.5,30,551022.110134,True
2.5,30,551063.843105,True
0.0,30,551108.563354,False
2.4,30,551153.24886,True
2.6,30,551528.902484,True
0.0,30,551574.210628,False
1.6,30,551624.680673,False
2.4,30,551674.156416,True
2.0,30,551724.881336,True
0.0,30,551768.541976,False
0.0,30,551813.781166,False
2.6,30,551865.867164,True
0.0,30,551908.981373,False
0.0,30,551955.869378,False
0.0,30,552002.478938,False
2.7,30,552051.419211,True
2.7,30,552098.185151,True
2.6,30,552141.176755,True
0.0,30,552185.690544,False
2.8,30,552230.223268,True
3.0,30,552272.474923,True
0.0,30,552316.027298,False
2.4,30,552368.468743,True
0.0,30,552416.458897,False
0.0,30,552461.051596,False
2.5,30,552507.853305,True
2.5,30,552552.339935,True
2.7,30,552596.867427,True
2.8,30,552642.529803,True
0.0,30,552685.186552,False
0.0,30,552731.702615,False
0.0,30,552780.558679,False
0.0,30,552826.478773,False
0.0,30,552875.59815,False
2.0,30,552924.907343,True
2.8,30,552974.455961,True
0.0,30,553019.622061,False
0.0,30,553063.303282,False
2.4,30,553394.652994,True
0.0,30,553452.311961,False
0.0,30,553496.04601,False
2.5,30,553538.866585,True
0.0,30,553585.59723,False
0.8,30,553631.603475,True
0.0,30,553675.232379,False
2.8,30,553720.977619,True
2.6,30,553767.91268,True
0.0,30,553810.520527,False
0.0,30,553857.451447,False
0.0,30,553900.539005,False
2.8,30,553951.69771,True
2.8,30,553993.925775,True
1.8,30,554040.762439,True
0.0,30,554084.733519,False
3.0,30,554133.04475,True
2.2,30,554176.447166,True
0.0,30,554221.612981,False
0.0,30,554288.694293,False
0.0,30,554331.619409,False
2.0,30,554375.259265,True
0.0,30,554420.587941,False
0.0,30,554465.499815,False
0.0,30,554511.832598,False
0.0,30,554557.763009,False
1.2,30,554608.19324,True
0.0,30,554658.370526,False
2.1,30,554704.982867,True
0.0,30,554751.750052,False
0.0,30,554797.052174,False
0.0,30,554840.445511,False
2.6,30,554883.521607,True
2.9,30,554932.919671,True
0.0,30,555303.870377,False
0.0,30,555347.143779,False
0.0,30,555398.941727,False
2.4,30,555446.34124,True
0.0,30,555501.790769,False
0.0,30,555545.705749,False
0.0,30,555589.900137,False
2.7,30,555640.009972,True
2.5,30,555684.308235,True
3.0,30,555731.983279,True
0.0,30,555781.066563,False
2.2,30,555830.67417,True
0.0,30,555876.182317,False
0.0,30,555921.745313,False
2.4,30,555969.280677,True
0.0,30,556017.308125,False
2.7,30,556063.551133,True
1.6,30,556111.242462,True
0.0,30,556152.795748,False
0.0,30,556198.213987,False
2.9,30,556248.638446,True
0.0,30,556297.273679,False
1.8,30,556339.852336,True
3.0,30,556387.421071,True
2.5,30,556442.624027,False
0.0,30,556485.948184,False
0.0,30,556530.883719,False
1.3,30,556579.882412,True
2.1,30,556624.075687,True
2.8,30,556674.13189,True
2.5,30,556717.998008,True
0.0,30,556760.442158,False
0.0,30,556811.3492,False
2.5,30,556861.471045,True
0.0,30,557209.944249,False
0.0,30,557258.810089,False
2.1,30,557309.445907,True
2.4,30,557363.382864,True
0.0,30,557409.145285,False
2.4,30,557457.896066,True
2.3,30,557508.941331,True
0.0,30,557552.027058,False
0.0,30,557602.046888,False
3.0,30,557650.662305,True
3.0,30,557692.729473,True
2.8,30,557740.791387,True
2.8,30,557785.166836,True
0.0,30,557830.64446,False
0.0,30,557877.698646,False
2.6,30,557926.132689,True
2.3,30,557974.351986,True
2.8,30,558018.870554,True
0.0,30,558068.582328,False
1.4,30,558116.212964,True
2.8,30,558165.800953,True
0.0,30,558217.137032,False
2.4,30,558264.276273,True
2.5,30,558312.578462,True
2.8,30,558356.952092,True
3.0,30,558403.988059,True
0.0,30,558446.101368,False
2.4,30,558495.777718,True
0.0,30,558541.648196,False
2.5,30,558590.338948,True
0.0,30,558632.728238,False
2.1,30,558678.907638,True
2.8,30,558722.618414,True
2.6,30,558769.787118,True
2.5,30,559104.84,True
2.7,30,559154.075427,True
2.8,30,559199.820572,True
0.0,30,559243.901605,False
1.1,30,559298.744604,True
2.7,30,559342.153415,True
0.0,30,559385.012535,False
2.8,30,559430.074579,True
0.0,30,559474.507983,False
2.2,30,559523.457817,True
2.8,30,559570.615121,True
2.4,30,559616.751717,True
3.0,30,559660.796463,True
3.0,30,559710.749207,True
0.0,30,559756.361297,False
0.0,30,559802.259456,False
2.5,30,559848.127825,True
2.4,30,559897.423498,True
2.8,30,559941.246435,True
2.4,30,559986.003705,True
2.8,30,560031.386168,True
0.0,30,560099.572881,False
3.0,30,560144.179984,True
2.7,30,560189.171208,True
0.0,30,560233.267928,False
3.0,30,560280.634912,True
0.0,30,560328.614313,False
0.0,30,560377.367844,False
2.8,30,560425.650604,True
0.0,30,560474.107827,False
0.0,30,560535.969076,False
2.2,30,560581.552564,True
1.2,30,560634.346719,True
2.6,30,560676.861479,True
2.1,30,560725.879936,True
2.6,30,561076.183593,True
2.8,30,561120.208883,True
0.0,30,561167.652545,False
2.5,30,561213.250258,True
2.4,30,561259.736828,True
2.1,30,561307.265393,True
2.6,30,561355.988629,True
3.0,30,561402.343239,True
2.9,30,561447.874391,True
0.0,30,561493.280495,False
0.0,30,561536.304867,False
1.8,30,561589.125617,True
2.7,30,561636.013394,True
0.0,30,561677.774862,False
2.4,30,561725.646183,True
2.3,30,561772.721101,True
0.0,30,561826.206962,False
0.0,30,561872.509537,False
1.5,30,561919.316546,True
0.0,30,561961.840571,False
2.1,30,562009.171033,True
2.0,30,562055.851458,True
2.6,30,562104.690921,True
0.0,30,562151.585583,False
0.0,30,562195.33291,False
2.6,30,562240.15738,True
0.0,30,562285.284062,False
2.7,30,562350.077677,True
0.0,30,562397.416486,False
2.8,30,562438.948278,True
0.0,30,562488.580564,False
2.6,30,562535.168406,True
2.8,30,562582.022684,True
0.0,30,562628.037674,False
1.6,30,562967.193107,True
1.1,30,563014.614594,True
2.5,30,563061.48304,True
2.6,30,563109.310745,True
2.3,30,563160.729517,True
3.0,30,563208.30547,True
2.4,30,563250.002265,True
0.0,30,563300.134216,False
0.0,30,563347.323744,False
2.3,30,563393.35146,True
0.0,30,563437.645819,False
0.0,30,563483.248064,False
2.7,30,563526.72371,True
0.0,30,563572.985605,False
0.0,30,563622.15995,False
2.4,30,563664.570971,True
0.0,30,563709.802139,False
0.0,30,563753.914766,False
0.0,30,563797.738164,False
2.6,30,563840.717385,True
1.5,30,563886.827543,True
2.8,30,563931.929062,True
2.7,30,563979.562257,True
0.0,30,564028.650998,False
0.0,30,564074.730827,False
0.0,30,564123.349357,False
0.0,30,564167.616226,False
2.2,30,564221.147635,True
0.0,30,564265.824106,False
0.0,30,564313.260069,False
0.0,30,564359.065192,False
2.5,30,564408.251301,True
3.0,30,564459.177245,True
1.7,30,564509.862786,True
3.0,30,564851.703968,True
2.5,30,564892.453413,True
0.0,30,564934.288925,False
0.0,30,564977.877279,False
2.5,30,565025.756907,True
3.0,30,565079.300328,True
0.0,30,565126.083196,False
2.0,30,565171.709694,True
0.0,30,565218.887997,False
0.0,30,565262.819325,False
2.8,30,565310.210892,True
0.0,30,565353.216102,False
0.0,30,565396.548736,False
2.9,30,565440.826284,True
2.7,30,565488.92308,True
0.0,30,565538.402953,False
0.0,30,565584.357905,False
2.6,30,565631.419381,True
2.3,30,565685.111526,True
2.8,30,565731.047984,True
2.5,30,565777.137048,True
0.0,30,565825.345794,False
2.7,30,565867.071558,True
2.5,30,565917.195361,True
0.0,30,565968.792616,False
2.7,30,566010.966288,True
0.0,30,566073.030469,False
2.9,30,566120.44506,True
0.0,30,566166.674378,False
0.4,30,566218.623555,False
2.7,30,566265.722321,True
2.6,30,566307.525133,True
2.8,30,566353.304187,True
0.0,30,566402.066051,False
3.0,30,566770.854371,True
0.0,30,566816.597053,False
0.0,30,566861.235707,False
0.0,30,566904.735103,False
3.0,30,566945.345456,True
0.0,30,566993.040549,False
2.6,30,567040.168752,True
0.0,30,567087.265467,False
2.5,30,567134.954718,True
1.9,30,567181.45471,True
2.7,30,567231.068948,True
0.0,30,567273.271333,False
0.0,30,567322.669206,False
0.0,30,567369.61463,False
2.5,30,567418.145709,True
1.9,30,567468.203308,True
2.5,30,567506.379094,True
2.5,30,567554.194931,True
0.0,30,567606.092292,False
0.0,30,567646.47263,False
0.0,30,567695.352345,False
2.8,30,567745.881556,True
0.0,30,567792.300364,False
0.0,30,567837.473522,False
0.0,30,567878.477196,False
2.4,30,567920.124483,True
2.4,30,567978.283815,True
0.0,30,568021.953644,False
0.0,30,568067.239799,False
0.0,30,568106.867722,False
2.8,30,568155.758538,True
0.0,30,568202.346249,False
2.8,30,568246.342863,True
2.1,30,568290.619366,True
0.0,30,568643.989802,False
0.0,30,568694.083844,False
0.0,30,568739.993556,False
0.0,30,568787.049451,False
0.0,30,568835.766303,False
2.4,30,568884.995773,True
0.0,30,568929.315042,False
0.0,30,568980.676235,False
0.0,30,569025.037533,False
3.0,30,569068.855205,True
0.0,30,569113.734193,False
0.0,30,569159.989718,False
0.0,30,569210.269601,False
0.0,30,569258.824732,False
0.0,30,569307.536807,False
2.5,30,569351.838034,True
0.0,30,569395.174684,False
2.8,30,569441.210464,True
0.0,30,569493.22515,False
0.0,30,569541.646293,False
1.3,30,569590.386326,True
2.8,30,569634.240412,True
2.9,30,569682.471435,True
2.8,30,569729.44153,True
0.0,30,569797.886277,False
2.7,30,569842.770311,True
0.0,30,569885.140384,False
1.3,30,569930.149545,True
0.0,30,569975.016483,False
2.3,30,570026.449559,True
1.7,30,570102.477322,True
2.8,30,570147.27516,True
2.3,30,570203.535022,True
0.0,30,570249.197398,False
2.4,30,570596.836029,True
0.0,30,570638.923726,False
3.0,30,570689.188086,True
2.3,30,570741.839255,True
0.0,30,570788.650668,False
2.6,30,570836.943185,True
2.8,30,570884.57909,True
2.5,30,570925.540572,True
0.0,30,570974.164688,False
0.0,30,571016.929603,False
2.6,30,571062.774883,True
0.0,30,571108.179885,False
0.0,30,571158.882324,False
2.8,30,571202.395703,True
0.0,30,571247.826315,False
2.5,30,571292.330555,True
0.0,30,571343.424278,False
0.0,30,571398.432348,False
0.0,30,571442.430871,False
0.0,30,571493.709189,False
0.0,30,571547.523339,False
0.0,30,571592.946801,False
0.0,30,571640.496904,False
0.0,30,571693.415494,False
2.4,30,571740.106535,True
0.0,30,571785.440074,False
2.9,30,571831.547392,True
0.9,30,571874.61936,True
2.8,30,571921.964909,True
0.0,30,571972.791592,False
2.8,30,572015.658093,True
0.0,30,572059.579041,False
0.0,30,572107.042947,False
0.0,30,572156.614125,False
2.7,30,572528.617031,True
0.0,30,572575.801299,False
2.7,30,572625.171511,True
0.0,30,572670.979383,False
2.5,30,572723.100627,True
2.4,30,572772.12309,True
1.6,30,572814.07747,True
0.0,30,572857.352637,False
2.5,30,572905.165471,True
2.6,30,572955.587245,True
3.0,30,573003.11265,True
2.7,30,573051.688162,True
2.7,30,573099.222308,True
3.0,30,573150.847074,True
2.9,30,573196.9465,True
0.0,30,573246.322197,False
2.9,30,573299.498234,True
2.1,30,573343.007567,True
2.8,30,573394.140903,True
0.0,30,573445.801498,False
2.7,30,573490.303918,True
2.9,30,573540.364686,True
2.5,30,573591.310723,True
2.9,30,573639.945917,True
2.5,30,573686.738597,True
0.0,30,573731.161955,False
0.0,30,573780.150695,False
1.1,30,573826.422126,False
2.6,30,573878.748757,True
0.0,30,573926.926125,False
2.7,30,573971.376055,True
2.6,30,574018.23797,True
2.4,30,574061.036822,True
2.0,30,574113.852221,True
2.6,30,574156.103306,True
2.6,30,574516.304558,True
0.0,30,574560.750743,False
2.5,30,574604.876004,True
2.4,30,574652.765788,True
0.0,30,574701.9484,False
2.9,30,574748.684673,True
1.0,30,574796.908863,True
1.7,30,574843.777507,True
0.0,30,574889.277997,False
1.3,30,574934.997921,True
2.5,30,574986.166892,True
0.0,30,575033.844755,False
2.4,30,575083.092965,True
2.7,30,575130.10821,True
2.8,30,575177.267158,True
0.0,30,575227.444099,False
0.0,30,575271.203313,False
0.0,30,575319.454794,False
2.5,30,575363.378206,True
2.8,30,575409.549388,True
0.0,30,575462.431397,False
1.9,30,575507.664231,True
2.7,30,575577.036782,True
0.0,30,575621.767596,False
0.0,30,575673.820044,False
0.0,30,575715.036423,False
2.6,30,575759.758695,True
1.9,30,575806.626202,True
2.5,30,575851.408394,True
0.0,30,575897.381166,False
2.3,30,575945.807222,True
0.4,30,575989.391824,False
0.0,30,576034.589,False
0.0,30,576079.816276,False
0.0,30,576414.005049,False
2.5,30,576458.094854,True
0.0,30,576504.947192,False
0.0,30,576564.14105,False
2.7,30,576607.777343,True
1.4,30,576658.585071,True
0.0,30,576705.124608,False
0.0,30,576757.336734,False
2.9,30,576801.327077,True
2.6,30,576851.862388,True
0.0,30,576903.125681,False
2.1,30,576950.768425,True
0.0,30,577008.278879,False
2.4,30,577055.814287,True
2.8,30,577101.367418,True
2.2,30,577149.884956,True
2.8,30,577196.913778,True
0.0,30,577247.066943,False
3.0,30,577292.525156,True
1.7,30,577337.780894,True
1.7,30,577379.954315,True
0.0,30,577422.830808,False
0.0,30,577472.998299,False
0.0,30,577523.769849,False
2.8,30,577573.607456,True
0.0,30,577621.375021,False
3.0,30,577665.341477,True
0.0,30,577710.324974,False
2.2,30,577758.603054,True
2.4,30,577809.566363,True
0.0,30,577856.354248,False
1.0,30,577902.712428,True
0.0,30,577948.563126,False
1.3,30,577996.085446,True
0.0,30,578374.922639,False
0.0,30,578422.341425,False
2.4,30,578469.867395,True
0.0,30,578523.980738,False
0.0,30,578571.138811,False
0.0,30,578618.530707,False
2.7,30,578665.879808,True
0.0,30,578715.796723,False
2.6,30,578765.145567,True
0.0,30,578808.500174,False
2.2,30,578853.110411,True
0.0,30,578902.320354,False
0.0,30,578945.315078,False
2.0,30,578997.753835,True
2.8,30,579050.670064,True
1.9,30,579096.790146,True
0.0,30,579145.514121,False
2.6,30,579192.637837,True
0.0,30,579240.130896,False
2.8,30,579291.776953,True
0.0,30,579336.186627,False
0.0,30,579392.819501,False
3.0,30,579433.649022,True
0.5,30,579477.070299,True
0.0,30,579522.878771,False
2.2,30,579571.642314,True
0.0,30,579616.548457,False
2.6,30,579664.389242,True
0.0,30,579712.054891,False
0.0,30,579767.234147,False
2.4,30,579816.213504,True
0.0,30,579861.16537,False
1.7,30,579909.214276,True
0.0,30,579958.214472,False
2.4,30,580295.104422,True
2.7,30,580351.490329,True
0.0,30,580395.503642,False
1.9,30,580442.785674,True
0.0,30,580486.099388,False
0.0,30,580544.500777,False
0.0,30,580595.273285,False
0.0,30,580667.494201,False
1.5,30,580717.620249,True
3.0,30,580764.669484,True
2.8,30,580809.665925,True
2.5,30,580861.309446,False
0.0,30,580922.890767,False
0.0,30,580971.748387,False
0.0,30,581022.201681,False
0.0,30,581073.972113,False
0.0,30,581125.442159,False
2.3,30,581176.640836,True
0.0,30,581224.923287,False
2.8,30,581274.871155,True
0.9,30,581323.757109,True
2.8,30,581368.538825,True
0.9,30,581419.933454,True
0.1,30,581469.593402,True
2.3,30,581521.489428,True
0.0,30,581566.267363,False
0.1,30,581614.521487,True
2.2,30,581658.209281,True
0.0,30,581709.216122,False
2.0,30,581754.378519,True
0.0,30,581804.806734,False
2.7,30,581857.959697,True
2.8,30,581904.54493,True
2.9,30,581981.707993,True
0.0,30,582343.809008,False
1.4,30,582388.66828,True
2.3,30,582432.440614,True
3.0,30,582484.865795,True
2.7,30,582528.773766,True
0.0,30,582577.239381,False
0.0,30,582625.959862,False
1.9,30,582681.278552,False
0.0,30,582731.056308,False
0.0,30,582784.599591,False
2.4,30,582826.22313,True
2.9,30,582872.95181,True
2.4,30,582927.650666,True
2.8,30,582972.351248,True
0.0,30,583018.967141,False
0.0,30,583068.487484,False
2.5,30,583119.887723,True
2.5,30,583164.590584,True
2.7,30,583212.301853,True
0.0,30,583253.835572,False
2.5,30,583298.688583,True
2.0,30,583349.552161,True
2.8,30,583399.250094,True
0.0,30,583444.021103,False
2.6,30,583485.990297,True
0.0,30,583531.216484,False
2.5,30,583585.802067,True
2.4,30,583636.591343,True
0.0,30,583680.962867,False
2.5,30,583734.647135,True
2.4,30,583782.902743,True
2.7,30,583827.537215,True
0.0,30,583885.367585,False
2.2,30,583931.509745,True
