#{"t_start": 1770256120.7209432, "env_id": "FetchBridgeBullet7Blocks-v1"}
r,l,t,is_success
0.0,30,93.482857,False
2.9,30,155.379346,True
1.4,30,210.356972,True
0.0,30,272.147218,False
0.0,30,323.895131,False
3.0,30,386.401781,True
0.0,30,453.814332,False
2.2,30,498.296314,True
1.5,30,563.640612,False
2.2,30,628.072845,True
0.0,30,687.386887,False
2.8,30,750.895838,True
0.0,30,806.844346,False
0.4,30,862.056374,True
0.0,30,921.757844,False
0.0,30,984.308078,False
0.0,30,1046.623517,False
2.7,30,1108.025781,True
0.0,30,1176.819434,False
0.0,30,1253.779129,False
0.0,30,1325.020957,False
0.0,30,1378.248077,False
0.8,30,1437.595908,True
2.8,30,1498.87708,True
2.9,30,1565.809333,True
0.1,30,1629.755299,False
0.0,30,1693.566224,False
1.6,30,1758.460634,False
0.0,30,1820.63155,False
3.0,30,1888.569117,True
3.0,30,1961.898881,True
0.0,30,2029.47197,False
0.0,30,2095.314134,False
0.0,30,2148.328398,False
0.0,30,2559.323087,False
0.0,30,2615.915877,False
0.0,30,2680.084877,False
2.5,30,2743.023764,True
0.0,30,2801.929592,False
0.0,30,2864.159598,False
0.0,30,2925.457651,False
0.0,30,2988.130525,False
2.7,30,3055.309774,True
0.0,30,3124.167237,False
0.0,30,3187.305091,False
0.0,30,3248.790352,False
3.0,30,3315.886016,True
2.9,30,3372.87002,True
0.0,30,3441.113357,False
0.0,30,3501.567114,False
0.0,30,3565.212941,False
0.0,30,3627.619288,False
0.0,30,3685.639076,False
0.0,30,3741.564567,False
0.8,30,3804.887595,False
3.0,30,3863.625827,True
0.0,30,3926.159183,False
0.0,30,3986.205021,False
0.0,30,4038.912528,False
0.0,30,4090.071794,False
1.4,30,4153.685498,True
0.0,30,4211.711268,False
3.0,30,4276.059267,True
0.0,30,4338.578547,False
0.0,30,4407.402893,False
2.5,30,4463.212598,True
2.3,30,4521.059228,True
0.0,30,4579.842169,False
0.0,30,5059.706716,False
0.0,30,5121.670785,False
0.0,30,5169.5759,False
0.0,30,5222.151875,False
0.0,30,5289.788183,False
0.0,30,5353.007661,False
2.7,30,5413.762918,True
3.0,30,5474.939567,True
0.0,30,5528.852091,False
0.0,30,5579.425257,False
0.0,30,5637.588968,False
0.0,30,5705.253966,False
0.0,30,5759.652111,False
0.0,30,5820.722339,False
3.0,30,5874.903742,True
0.0,30,5932.26646,False
0.0,30,5987.97059,False
0.0,30,6048.732377,False
2.8,30,6100.716321,True
0.0,30,6158.176878,False
2.7,30,6223.700026,True
0.0,30,6285.62116,False
0.0,30,6350.457839,False
0.0,30,6405.31696,False
0.0,30,6460.830516,False
0.0,30,6523.444102,False
0.0,30,6588.258094,False
0.0,30,6643.070884,False
2.5,30,6696.629836,True
0.0,30,6758.177947,False
0.0,30,6832.174156,False
3.0,30,6886.748103,True
0.0,30,6941.202556,False
3.0,30,7006.149932,True
0.0,30,7425.794491,False
2.7,30,7482.580505,True
0.0,30,7544.47342,False
2.8,30,7603.076874,True
3.0,30,7650.680721,True
0.0,30,7695.998007,False
0.0,30,7752.408325,False
0.0,30,7813.593001,False
0.0,30,7861.922744,False
2.7,30,7930.691582,True
3.0,30,7988.834129,True
0.0,30,8048.764669,False
3.0,30,8108.24069,True
0.0,30,8161.581212,False
0.0,30,8223.394557,False
0.0,30,8272.73939,False
0.0,30,8336.568113,False
0.0,30,8391.084096,False
0.0,30,8451.567395,False
0.0,30,8515.722112,False
3.0,30,8571.697805,True
2.8,30,8632.493316,True
3.0,30,8690.377819,True
2.5,30,8743.968609,True
0.0,30,8804.528347,False
0.0,30,8861.189167,False
3.0,30,8922.320246,True
0.0,30,8978.402804,False
0.0,30,9048.431884,False
0.0,30,9101.723009,False
0.0,30,9172.527533,False
3.0,30,9239.055251,True
0.0,30,9284.324953,False
0.0,30,9341.160054,False
0.0,30,9721.558389,False
0.0,30,9782.083128,False
0.0,30,9845.451672,False
0.0,30,9905.500577,False
0.0,30,9967.368896,False
0.0,30,10025.461464,False
0.0,30,10097.490329,False
0.0,30,10153.483181,False
0.0,30,10204.33742,False
0.0,30,10263.192186,False
0.0,30,10324.667974,False
0.0,30,10394.046402,False
0.0,30,10451.229546,False
0.0,30,10521.799822,False
0.0,30,10591.25469,False
0.0,30,10653.53204,False
0.0,30,10721.110874,False
0.0,30,10772.488381,False
0.0,30,10835.745702,False
0.0,30,10894.946929,False
0.0,30,10953.725984,False
2.6,30,11014.883531,True
0.0,30,11076.397752,False
0.0,30,11139.151948,False
2.8,30,11198.055515,True
0.0,30,11259.001093,False
3.0,30,11311.288246,True
0.0,30,11365.441453,False
2.4,30,11421.808683,True
0.0,30,11479.738705,False
0.0,30,11542.025275,False
0.0,30,11604.861486,False
0.0,30,11659.541423,False
1.3,30,11711.347927,True
0.0,30,12126.399315,False
2.2,30,12189.393959,True
0.0,30,12255.176904,False
0.0,30,12303.960842,False
0.0,30,12362.965815,False
0.0,30,12417.862669,False
0.0,30,12489.157488,False
2.9,30,12550.46218,True
3.0,30,12608.383092,True
2.8,30,12668.088096,True
0.0,30,12724.440234,False
2.3,30,12775.067772,True
3.0,30,12836.131489,True
2.0,30,12887.698303,True
0.0,30,12948.282861,False
0.0,30,13008.986843,False
0.8,30,13073.271755,True
0.0,30,13128.131655,False
0.0,30,13178.947712,False
0.0,30,13234.748778,False
0.0,30,13286.093699,False
0.0,30,13350.843704,False
3.0,30,13410.670657,True
2.7,30,13463.18849,True
0.0,30,13527.821101,False
0.0,30,13585.023049,False
2.9,30,13643.44711,True
2.5,30,13698.272032,True
2.5,30,13763.336282,True
3.0,30,13829.648539,True
1.5,30,13886.691853,True
0.0,30,13949.629915,False
2.7,30,14008.197087,True
0.0,30,14062.881352,False
2.7,30,14473.982258,True
0.0,30,14531.334121,False
0.0,30,14595.054087,False
2.6,30,14660.813869,True
0.0,30,14709.238297,False
2.7,30,14760.19421,True
0.0,30,14810.791809,False
0.0,30,14863.566176,False
0.0,30,14921.90019,False
2.8,30,14978.314016,True
0.0,30,15037.336922,False
0.0,30,15073.962855,False
0.0,30,15130.295048,False
2.4,30,15180.944224,True
0.0,30,15236.405941,False
0.0,30,15294.623111,False
1.7,30,15346.893812,True
1.1,30,15399.851584,True
0.0,30,15457.359221,False
0.0,30,15502.296794,False
0.0,30,15555.269304,False
0.0,30,15610.612805,False
0.0,30,15674.862228,False
0.0,30,15733.964364,False
0.0,30,15796.297484,False
0.0,30,15852.51178,False
0.0,30,15908.933312,False
0.0,30,15967.614052,False
0.0,30,16027.342228,False
0.0,30,16075.844731,False
0.0,30,16138.190657,False
2.8,30,16190.826502,True
0.0,30,16254.097955,False
2.4,30,16314.577804,True
2.7,30,16738.133769,True
2.2,30,16792.464483,True
2.8,30,16853.398414,True
2.9,30,16914.968392,True
0.0,30,16968.675803,False
0.0,30,17021.95227,False
0.0,30,17078.373731,False
2.8,30,17136.810249,True
0.0,30,17197.852704,False
2.6,30,17259.827129,True
2.6,30,17321.314383,True
2.5,30,17368.529979,True
2.7,30,17421.133539,True
0.0,30,17473.618455,False
0.0,30,17531.486683,False
0.0,30,17584.747625,False
2.6,30,17656.018602,True
0.0,30,17718.584968,False
0.0,30,17779.651363,False
0.0,30,17837.600883,False
2.1,30,17887.876476,True
0.0,30,17940.608377,False
3.0,30,18000.541819,True
0.0,30,18061.297219,False
2.2,30,18122.905982,True
0.0,30,18189.27259,False
0.0,30,18239.112689,False
0.0,30,18296.81699,False
0.0,30,18355.583412,False
0.0,30,18414.415415,False
2.3,30,18474.286566,True
2.8,30,18536.413858,True
0.0,30,18590.213261,False
2.7,30,18641.081986,True
0.0,30,18708.68538,False
0.0,30,19082.903362,False
2.8,30,19136.577549,True
2.7,30,19196.552744,True
0.0,30,19248.549949,False
0.0,30,19307.790309,False
0.0,30,19362.941452,False
0.0,30,19415.107543,False
0.0,30,19469.691454,False
2.6,30,19525.931168,True
2.8,30,19575.901525,True
0.9,30,19636.147207,True
1.2,30,19701.949716,True
0.0,30,19757.799983,False
0.0,30,19806.803776,False
0.3,30,19875.406583,True
0.0,30,19935.036116,False
2.5,30,19992.012395,True
0.0,30,20043.90191,False
2.7,30,20095.590732,True
0.0,30,20157.999695,False
0.0,30,20211.989603,False
0.0,30,20274.162862,False
0.0,30,20326.175865,False
0.0,30,20384.610285,False
2.5,30,20437.218052,True
2.8,30,20500.660643,True
0.0,30,20554.567742,False
0.3,30,20612.210214,False
0.0,30,20666.028279,False
0.0,30,20720.486295,False
0.0,30,20773.576816,False
3.0,30,20821.726424,True
2.6,30,20877.63754,True
0.0,30,20936.518287,False
1.1,30,21296.868613,True
1.2,30,21353.129997,False
0.0,30,21413.78999,False
0.0,30,21470.61006,False
2.3,30,21530.686491,True
0.0,30,21587.423991,False
2.5,30,21644.928521,True
0.0,30,21706.687408,False
0.4,30,21768.32208,True
2.3,30,21822.903203,True
2.2,30,21879.383641,True
2.1,30,21936.545608,True
2.4,30,21988.785063,True
0.0,30,22046.863683,False
0.0,30,22100.477055,False
2.3,30,22162.305157,True
2.4,30,22215.555525,True
0.0,30,22274.495739,False
0.0,30,22325.944008,False
0.2,30,22391.588309,False
2.5,30,22446.484219,True
0.0,30,22506.124215,False
0.0,30,22561.753943,False
0.0,30,22607.612729,False
0.0,30,22665.321003,False
2.6,30,22727.756775,True
2.8,30,22788.708193,True
2.5,30,22850.880335,True
2.9,30,22907.840266,True
2.5,30,22963.413993,True
0.0,30,23020.792464,False
0.0,30,23079.01945,False
0.0,30,23134.28792,False
2.8,30,23184.086766,True
2.3,30,23598.297244,True
2.5,30,23659.944538,True
0.0,30,23715.237888,False
0.0,30,23775.160592,False
0.0,30,23827.406228,False
0.0,30,23880.252048,False
0.0,30,23939.1301,False
0.0,30,23994.721975,False
2.8,30,24054.329787,True
0.0,30,24106.963206,False
0.0,30,24164.324894,False
2.6,30,24217.484635,True
2.0,30,24269.758217,True
0.0,30,24324.96056,False
2.7,30,24382.50461,True
1.8,30,24432.312534,True
0.0,30,24489.001582,False
2.9,30,24545.795286,True
2.5,30,24601.809444,True
0.0,30,24657.497082,False
0.0,30,24715.151366,False
0.0,30,24782.609384,False
0.0,30,24836.657591,False
2.7,30,24889.45049,True
2.4,30,24954.100004,True
0.0,30,25007.722896,False
1.9,30,25069.194817,True
0.1,30,25123.083398,False
0.0,30,25180.915193,False
3.0,30,25240.343802,True
0.0,30,25295.313149,False
2.7,30,25346.766305,True
0.0,30,25406.857376,False
0.0,30,25462.093298,False
0.0,30,25831.513609,False
2.2,30,25890.569824,True
3.0,30,25947.537354,True
2.8,30,26009.707372,True
2.3,30,26064.170233,True
0.4,30,26118.108962,False
0.0,30,26192.636833,False
2.7,30,26256.852145,True
1.2,30,26306.011167,True
0.0,30,26354.016613,False
0.0,30,26409.594701,False
1.9,30,26492.547565,True
0.0,30,26553.499352,False
0.0,30,26608.217322,False
2.7,30,26658.420672,True
0.0,30,26723.144069,False
0.0,30,26783.505729,False
0.0,30,26844.179956,False
0.0,30,26898.393028,False
0.0,30,26962.373103,False
0.0,30,27024.953236,False
0.0,30,27079.528483,False
0.0,30,27135.917468,False
0.0,30,27193.64928,False
0.0,30,27255.173505,False
0.0,30,27309.949325,False
3.0,30,27367.728031,True
2.1,30,27421.883101,True
2.8,30,27471.805041,True
2.8,30,27549.252633,True
2.7,30,27606.505494,True
0.0,30,27665.491086,False
0.9,30,27715.9329,True
0.0,30,27779.519002,False
0.0,30,28132.719685,False
0.0,30,28183.309,False
0.0,30,28239.895827,False
0.0,30,28299.322889,False
2.7,30,28388.008789,True
1.2,30,28451.880804,True
2.4,30,28508.465828,True
1.8,30,28574.598264,True
3.0,30,28639.516433,True
0.0,30,28696.173106,False
2.7,30,28751.329251,True
0.0,30,28824.283216,False
2.1,30,28877.338173,True
0.0,30,28933.499277,False
2.7,30,28989.145236,True
1.4,30,29049.560939,True
0.1,30,29108.8235,False
2.9,30,29157.895145,True
0.0,30,29217.769052,False
0.0,30,29285.255852,False
0.0,30,29339.627064,False
0.0,30,29398.111093,False
0.0,30,29464.445912,False
0.0,30,29514.546703,False
2.9,30,29565.684196,False
3.0,30,29621.398579,True
2.5,30,29675.025963,True
2.3,30,29727.562593,True
0.0,30,29787.204252,False
0.0,30,29842.358126,False
0.0,30,29904.645281,False
2.8,30,29962.462356,True
0.0,30,30015.396871,False
1.1,30,30068.755506,True
0.1,30,30424.916896,True
0.0,30,30477.608075,False
0.0,30,30535.419672,False
2.8,30,30595.240479,True
0.0,30,30656.865335,False
2.5,30,30718.583894,True
0.0,30,30773.858204,False
0.0,30,30832.290838,False
2.8,30,30894.729548,True
0.0,30,30957.457739,False
0.0,30,31025.535356,False
2.8,30,31080.614902,True
0.0,30,31139.276999,False
2.9,30,31197.173972,True
0.0,30,31252.218301,False
0.0,30,31320.310795,False
0.0,30,31383.441706,False
0.0,30,31441.44095,False
2.8,30,31499.105566,True
3.0,30,31561.327907,True
0.0,30,31621.747325,False
2.8,30,31684.79462,True
0.0,30,31745.321348,False
0.0,30,31798.838691,False
0.0,30,31868.093498,False
2.7,30,31918.782602,True
2.7,30,31969.592822,True
0.0,30,32028.188627,False
2.8,30,32078.259511,True
2.8,30,32131.296749,True
2.8,30,32191.54355,True
0.0,30,32248.060899,False
3.0,30,32306.68544,True
0.0,30,32364.864522,False
2.7,30,32705.789746,True
0.0,30,32770.532594,False
2.3,30,32827.708798,True
2.6,30,32882.233589,True
2.7,30,32949.742627,True
0.3,30,33012.043632,True
2.7,30,33073.079909,True
2.7,30,33125.336287,True
2.8,30,33183.773207,True
0.0,30,33246.244299,False
2.9,30,33302.409954,True
1.5,30,33353.699952,True
0.0,30,33418.415288,False
0.0,30,33474.260256,False
0.0,30,33536.004706,False
0.0,30,33599.789098,False
2.6,30,33664.932018,True
0.0,30,33724.916412,False
2.1,30,33783.3658,True
2.1,30,33834.98841,True
2.5,30,33891.978412,True
0.0,30,33955.064472,False
0.7,30,34007.221565,True
0.0,30,34063.531433,False
2.7,30,34118.428681,True
0.0,30,34173.237805,False
0.0,30,34240.459558,False
0.0,30,34298.433954,False
0.9,30,34356.997068,True
0.0,30,34414.147118,False
0.0,30,34476.954496,False
2.3,30,34540.823169,True
2.8,30,34593.630254,True
0.0,30,34650.582141,False
2.9,30,34712.875595,True
0.0,30,35084.011999,False
2.2,30,35156.947115,True
2.6,30,35211.676808,True
2.8,30,35267.165436,True
0.0,30,35329.084852,False
0.0,30,35382.702821,False
0.0,30,35448.14607,False
2.4,30,35506.706016,True
0.0,30,35562.164962,False
0.0,30,35629.397363,False
0.0,30,35694.664012,False
2.7,30,35744.894112,True
2.9,30,35804.844891,True
2.4,30,35859.276918,True
0.0,30,35917.753389,False
2.6,30,35972.557237,True
2.0,30,36030.664387,True
3.0,30,36090.437631,True
2.3,30,36155.427292,True
2.5,30,36208.250445,True
2.6,30,36270.19917,True
2.8,30,36327.618671,True
2.8,30,36394.891298,True
2.7,30,36454.624049,True
0.0,30,36511.744194,False
0.0,30,36574.102684,False
0.0,30,36637.752728,False
0.6,30,36702.926781,True
0.0,30,36757.946675,False
2.4,30,36814.665547,True
2.3,30,36870.870409,True
0.0,30,36930.406374,False
2.7,30,36999.71317,True
2.9,30,37058.255836,True
2.7,30,37434.280783,True
2.8,30,37494.158124,True
1.5,30,37560.62354,True
1.9,30,37620.646828,True
1.2,30,37673.160704,True
2.9,30,37732.379913,True
2.4,30,37794.4347,True
0.9,30,37843.550163,True
2.4,30,37898.101676,True
3.0,30,37960.598052,True
2.6,30,38020.201993,True
2.3,30,38080.295522,True
0.0,30,38139.47671,False
2.7,30,38206.77228,True
2.7,30,38261.695299,True
0.0,30,38319.429711,False
0.0,30,38389.29125,False
2.5,30,38446.587484,True
2.8,30,38508.329954,True
2.8,30,38570.232917,True
0.0,30,38629.277438,False
0.0,30,38685.36351,False
0.0,30,38744.327127,False
0.0,30,38804.709426,False
0.0,30,38880.628788,False
1.8,30,38941.429727,True
0.0,30,39005.822433,False
2.7,30,39080.162409,True
0.0,30,39150.990969,False
2.9,30,39215.294406,True
0.0,30,39275.484549,False
0.0,30,39338.677049,False
2.4,30,39403.44191,True
0.0,30,39461.143987,False
2.1,30,39865.880336,True
0.0,30,39929.040261,False
2.5,30,39990.668243,True
2.9,30,40047.415595,True
0.0,30,40105.2314,False
0.0,30,40175.60112,False
0.0,30,40234.611605,False
2.8,30,40295.607071,True
2.9,30,40357.03422,True
0.0,30,40416.932026,False
2.6,30,40486.790913,True
1.6,30,40544.984055,True
2.3,30,40608.174211,True
0.0,30,40672.259929,False
0.0,30,40729.898518,False
0.0,30,40789.671974,False
2.8,30,40844.503014,True
0.0,30,40925.141882,False
2.8,30,40981.627329,True
3.0,30,41043.890074,True
0.0,30,41106.33938,False
2.9,30,41163.525048,True
0.0,30,41222.423155,False
0.2,30,41282.522932,True
0.1,30,41344.653939,False
1.9,30,41399.108943,False
0.0,30,41463.704448,False
1.3,30,41511.151572,True
0.8,30,41564.409578,True
2.6,30,41624.246758,True
2.5,30,41685.080661,True
0.0,30,41742.772167,False
1.3,30,41807.447278,False
0.0,30,41871.475091,False
0.0,30,42285.996907,False
2.5,30,42351.187729,True
0.0,30,42413.554283,False
2.5,30,42475.392502,True
0.0,30,42536.404489,False
2.9,30,42608.001259,True
0.0,30,42675.987624,False
0.0,30,42742.285472,False
0.0,30,42800.795766,False
0.0,30,42859.272946,False
0.0,30,42938.981576,False
0.0,30,43006.80598,False
3.0,30,43069.077621,True
2.7,30,43134.034724,True
0.0,30,43192.897131,False
0.4,30,43250.659804,False
3.0,30,43310.461187,True
2.9,30,43379.442456,True
2.5,30,43427.568321,True
0.0,30,43485.813914,False
2.8,30,43547.267674,True
0.0,30,43606.299878,False
0.0,30,43667.150986,False
2.6,30,43722.433465,True
0.3,30,43778.549963,False
2.9,30,43841.894014,True
0.0,30,43897.993621,False
0.0,30,43961.747017,False
0.0,30,44030.259006,False
2.4,30,44094.571623,True
0.9,30,44159.978739,True
3.0,30,44213.692393,True
0.0,30,44261.865421,False
2.6,30,44310.789745,True
2.8,30,44639.093226,True
2.7,30,44680.239605,True
0.0,30,44725.926404,False
2.7,30,44792.212513,True
0.8,30,44842.425442,True
0.0,30,44894.73486,False
2.8,30,44940.948068,True
2.6,30,44987.621722,True
0.0,30,45027.725361,False
0.0,30,45068.297288,False
0.0,30,45115.243852,False
1.7,30,45161.257396,True
0.0,30,45206.922856,False
0.0,30,45250.647084,False
0.0,30,45298.841318,False
1.8,30,45335.190555,True
0.0,30,45377.853786,False
0.0,30,45422.207538,False
0.0,30,45468.152951,False
2.5,30,45509.337993,True
0.0,30,45556.909227,False
0.0,30,45599.993801,False
0.0,30,45641.637494,False
0.0,30,45682.385947,False
0.0,30,45726.877983,False
0.0,30,45774.586101,False
0.0,30,45824.5371,False
0.0,30,45870.511943,False
3.0,30,45923.75794,True
0.0,30,45969.748912,False
0.0,30,46015.21529,False
2.9,30,46063.256047,True
2.5,30,46104.880098,True
2.5,30,46148.171191,True
0.0,30,46488.539238,False
0.0,30,46530.759861,False
0.0,30,46572.857679,False
0.0,30,46623.088645,False
2.9,30,46671.776101,True
0.8,30,46721.959177,True
0.0,30,46761.491108,False
0.0,30,46807.115796,False
2.7,30,46856.951667,True
0.0,30,46904.826076,False
1.9,30,46951.412755,True
0.0,30,47001.077095,False
2.1,30,47064.001749,True
2.8,30,47116.351401,True
0.0,30,47159.540824,False
0.3,30,47203.771529,True
2.8,30,47250.931028,True
2.7,30,47297.187064,True
0.0,30,47343.403513,False
0.0,30,47394.125969,False
0.6,30,47445.452478,False
0.0,30,47487.645925,False
0.0,30,47539.480785,False
2.7,30,47590.580763,True
1.9,30,47638.556332,True
0.0,30,47688.989649,False
0.0,30,47748.546971,False
2.7,30,47798.838263,True
0.0,30,47840.33533,False
3.0,30,47889.74131,True
2.1,30,47940.595486,True
2.5,30,47988.030869,True
2.6,30,48034.263366,True
2.2,30,48081.678909,True
2.8,30,48373.603468,True
0.0,30,48427.267939,False
0.0,30,48470.58193,False
0.0,30,48517.950167,False
2.7,30,48565.547815,True
0.0,30,48607.643181,False
0.0,30,48662.221258,False
2.8,30,48701.289919,True
0.0,30,48750.71268,False
0.0,30,48798.653207,False
1.9,30,48854.718126,False
0.0,30,48901.50444,False
3.0,30,48951.740727,True
2.7,30,49009.804048,True
0.0,30,49053.429473,False
0.0,30,49101.626109,False
2.9,30,49142.170379,True
3.0,30,49184.6299,True
1.0,30,49226.419193,True
2.7,30,49281.722903,True
0.2,30,49327.968174,False
0.0,30,49369.647904,False
0.0,30,49449.5486,False
0.0,30,49499.729681,False
0.0,30,49543.502015,False
2.9,30,49588.842488,True
1.2,30,49634.84417,True
0.0,30,49683.197694,False
2.7,30,49736.540414,True
2.8,30,49791.156415,True
0.2,30,49838.912446,False
0.0,30,49889.202715,False
0.8,30,49940.387557,True
3.0,30,49987.999489,True
0.0,30,50312.089969,False
1.6,30,50359.756221,True
1.7,30,50403.506068,True
0.0,30,50451.537394,False
2.7,30,50497.490332,True
2.7,30,50547.159797,True
1.6,30,50602.957269,True
0.0,30,50656.159531,False
2.9,30,50700.786493,True
0.0,30,50740.897787,False
2.7,30,50791.168164,True
0.0,30,50839.27912,False
2.6,30,50884.811062,True
0.0,30,50928.826241,False
2.6,30,50976.723375,True
0.0,30,51027.78651,False
1.2,30,51074.21696,True
2.7,30,51121.765293,True
2.7,30,51170.988223,True
2.5,30,51215.109036,True
2.8,30,51259.774418,True
0.0,30,51308.414285,False
2.8,30,51355.948108,True
0.0,30,51399.72941,False
0.0,30,51440.3165,False
0.0,30,51487.714662,False
0.0,30,51532.004555,False
0.0,30,51574.303824,False
0.0,30,51617.112662,False
0.0,30,51658.113167,False
0.0,30,51705.081943,False
0.0,30,51751.348871,False
2.1,30,51802.289484,True
3.0,30,51849.614739,True
0.0,30,51897.257497,False
0.0,30,52196.595996,False
2.4,30,52238.939724,True
0.0,30,52284.538463,False
2.3,30,52332.413378,True
0.0,30,52380.50695,False
2.7,30,52418.719079,True
0.0,30,52468.91287,False
0.0,30,52529.559054,False
0.0,30,52574.715676,False
0.0,30,52620.99756,False
0.0,30,52665.552059,False
2.8,30,52710.008277,True
0.0,30,52757.087152,False
0.0,30,52805.63184,False
0.0,30,52848.524035,False
2.9,30,52892.08411,True
0.0,30,52939.850027,False
2.7,30,52987.912809,True
2.9,30,53038.127501,True
2.7,30,53080.384,True
0.0,30,53119.276997,False
0.0,30,53165.107064,False
2.3,30,53210.01289,True
0.0,30,53260.62864,False
2.8,30,53307.920093,True
0.2,30,53356.280863,True
0.0,30,53403.08861,False
2.7,30,53447.751424,True
0.0,30,53490.317489,False
2.8,30,53530.431244,True
2.7,30,53579.085851,True
2.3,30,53623.836309,True
2.7,30,53665.677604,True
2.4,30,53709.446904,True
0.0,30,54039.647921,False
0.5,30,54093.689323,False
2.8,30,54137.622015,True
2.7,30,54180.405029,True
0.0,30,54228.129918,False
2.5,30,54276.002827,True
0.0,30,54322.396924,False
2.6,30,54364.582164,True
0.0,30,54409.620891,False
0.0,30,54457.249337,False
3.0,30,54502.335041,True
3.0,30,54547.477218,True
2.5,30,54592.112299,True
2.5,30,54640.72195,True
0.0,30,54688.014018,False
0.0,30,54737.029865,False
0.0,30,54778.301454,False
3.0,30,54827.820665,True
3.0,30,54878.049901,True
0.0,30,54922.853277,False
0.0,30,54973.520279,False
2.8,30,55022.828877,True
2.8,30,55073.59252,True
0.0,30,55117.287233,False
0.0,30,55174.4618,False
2.6,30,55220.20258,True
0.0,30,55271.531529,False
2.8,30,55320.196342,True
2.9,30,55362.370196,True
2.7,30,55408.694143,True
2.5,30,55455.409494,True
2.5,30,55509.921913,True
2.5,30,55554.479266,True
2.7,30,55602.359788,True
0.0,30,55916.800519,False
0.0,30,55966.015099,False
0.0,30,56015.941217,False
2.8,30,56059.657164,True
0.0,30,56108.722104,False
0.0,30,56154.011528,False
3.0,30,56196.543587,True
2.7,30,56243.139121,True
0.0,30,56292.312817,False
2.6,30,56335.636342,True
0.0,30,56385.81947,False
0.0,30,56429.497308,False
0.0,30,56476.260788,False
0.0,30,56518.678814,False
0.0,30,56570.592293,False
2.7,30,56609.929161,True
0.0,30,56657.638011,False
2.7,30,56705.328359,True
2.9,30,56754.094668,True
2.2,30,56799.184071,True
2.8,30,56844.145612,True
0.2,30,56896.328455,False
0.0,30,56936.400594,False
0.0,30,56984.869591,False
0.0,30,57035.032104,False
0.0,30,57078.785955,False
2.7,30,57120.999529,True
0.0,30,57163.173875,False
0.0,30,57206.17656,False
0.0,30,57252.677822,False
0.0,30,57301.161621,False
2.1,30,57348.238647,True
0.0,30,57393.953751,False
0.0,30,57451.191048,False
2.3,30,57741.046391,True
1.3,30,57784.744938,True
0.0,30,57834.813273,False
2.9,30,57879.374566,True
3.0,30,57927.725091,True
2.7,30,57973.272443,True
0.0,30,58025.636441,False
3.0,30,58078.356685,True
0.0,30,58129.720522,False
0.0,30,58186.437986,False
0.0,30,58250.913256,False
0.0,30,58299.290913,False
2.6,30,58341.387935,True
0.0,30,58382.785815,False
0.0,30,58447.852559,False
2.7,30,58493.801817,True
0.0,30,58543.90407,False
0.1,30,58589.761083,True
0.0,30,58632.866366,False
2.9,30,58673.486607,True
0.0,30,58730.667295,False
0.0,30,58776.555467,False
2.6,30,58818.704183,True
2.7,30,58865.503868,True
2.8,30,58911.58147,True
2.7,30,58962.23363,True
1.5,30,59005.979118,False
0.0,30,59056.006279,False
2.2,30,59097.443459,True
0.0,30,59138.304135,False
0.0,30,59181.301999,False
0.0,30,59222.799925,False
2.8,30,59267.060174,True
2.7,30,59317.565682,True
3.0,30,59598.478448,True
0.0,30,59642.747525,False
2.5,30,59690.509267,True
2.0,30,59740.483549,True
0.0,30,59783.205544,False
2.4,30,59819.643967,True
0.0,30,59862.324259,False
0.0,30,59906.144754,False
0.0,30,59949.989767,False
2.6,30,59999.011843,True
0.0,30,60055.738535,False
2.8,30,60102.536016,True
2.4,30,60148.141444,True
0.0,30,60194.055271,False
0.0,30,60237.364818,False
3.0,30,60292.759968,True
2.9,30,60336.725366,True
0.0,30,60393.340602,False
2.8,30,60442.729298,True
0.0,30,60494.283324,False
2.6,30,60540.356017,True
0.0,30,60588.903396,False
0.0,30,60641.74261,False
0.0,30,60689.809364,False
2.2,30,60738.247699,True
0.0,30,60789.537887,False
2.9,30,60835.547204,True
2.1,30,60882.04706,True
2.6,30,60926.615846,True
0.0,30,60973.550613,False
0.2,30,61015.501559,False
0.0,30,61063.331358,False
2.2,30,61109.362071,True
0.0,30,61168.909676,False
2.7,30,61471.332151,True
2.7,30,61513.264969,True
2.8,30,61563.6612,True
2.8,30,61604.91109,True
1.6,30,61647.464066,True
1.9,30,61686.08052,True
2.9,30,61728.028962,True
0.0,30,61767.653739,False
0.0,30,61815.084774,False
0.0,30,61857.249156,False
2.2,30,61903.424216,True
0.0,30,61946.273052,False
3.0,30,61995.468737,True
0.0,30,62049.319618,False
1.9,30,62096.221292,True
0.0,30,62144.056352,False
1.2,30,62194.37048,False
0.0,30,62244.778651,False
0.0,30,62295.047296,False
0.0,30,62359.12303,False
0.4,30,62406.780418,True
0.0,30,62453.950257,False
2.3,30,62502.293052,True
0.0,30,62549.01991,False
2.9,30,62613.301994,True
2.6,30,62663.574363,True
0.0,30,62708.918165,False
0.0,30,62754.518774,False
2.5,30,62798.56849,True
0.0,30,62846.635592,False
2.4,30,62895.903537,True
0.2,30,62942.970155,False
0.0,30,62990.096805,False
0.0,30,63042.57876,False
3.0,30,63367.126477,True
0.7,30,63417.156646,False
2.5,30,63471.367509,True
0.0,30,63515.482806,False
0.0,30,63560.79092,False
0.0,30,63603.45443,False
0.0,30,63656.500337,False
0.0,30,63703.607968,False
0.0,30,63748.862092,False
0.0,30,63798.512621,False
1.6,30,63840.667954,True
2.8,30,63887.366687,True
0.0,30,63934.013509,False
2.2,30,63981.499484,True
2.8,30,64026.56426,True
3.0,30,64085.80568,True
0.0,30,64133.435852,False
1.6,30,64180.810821,True
0.0,30,64224.677891,False
0.0,30,64267.773608,False
2.8,30,64309.134707,True
2.8,30,64360.123884,True
2.9,30,64406.64747,True
0.0,30,64458.543584,False
2.8,30,64507.871159,True
0.0,30,64553.723755,False
0.0,30,64603.449805,False
2.8,30,64651.328598,True
2.6,30,64694.989103,True
2.7,30,64757.018658,True
0.0,30,64809.190487,False
0.0,30,64848.959753,False
0.0,30,64896.400343,False
0.0,30,64947.130454,False
0.0,30,65001.566612,False
0.0,30,65300.743534,False
0.0,30,65345.148094,False
0.0,30,65390.408488,False
0.0,30,65439.488527,False
0.0,30,65488.773847,False
0.0,30,65531.475585,False
2.6,30,65580.812446,True
0.0,30,65629.215838,False
0.0,30,65674.642405,False
3.0,30,65721.66028,True
2.6,30,65766.355071,True
2.7,30,65812.645961,True
0.0,30,65866.456648,False
0.0,30,65917.422264,False
2.8,30,65967.988402,True
2.6,30,66019.426024,True
2.6,30,66065.114918,True
0.0,30,66108.310698,False
2.7,30,66156.167412,True
0.0,30,66195.197727,False
2.8,30,66244.285953,True
0.0,30,66321.288742,False
0.0,30,66405.101972,False
2.7,30,66458.890076,True
2.9,30,66521.263358,True
2.7,30,66569.816357,True
2.4,30,66612.126925,True
2.1,30,66658.308116,True
2.9,30,66707.608102,True
0.0,30,66763.889153,False
2.4,30,66808.976944,True
0.0,30,66860.476861,False
1.2,30,66911.73051,False
0.0,30,66956.768713,False
2.5,30,67251.768213,True
2.0,30,67300.016006,True
3.0,30,67348.101567,True
0.0,30,67396.127367,False
2.7,30,67439.088016,True
3.0,30,67496.342796,True
0.0,30,67538.952619,False
2.6,30,67583.791337,True
0.0,30,67629.389958,False
0.0,30,67674.803959,False
0.0,30,67720.237873,False
2.9,30,67766.99071,True
2.5,30,67817.799952,True
1.9,30,67862.429559,False
0.0,30,67921.540097,False
2.4,30,67967.5181,True
1.8,30,68016.794874,True
0.0,30,68063.807246,False
0.0,30,68109.2588,False
2.5,30,68152.351496,True
2.6,30,68203.320118,True
0.0,30,68249.947873,False
0.0,30,68293.866073,False
0.0,30,68345.792674,False
2.8,30,68393.579543,True
3.0,30,68438.026289,True
2.7,30,68481.584863,True
0.0,30,68522.740349,False
0.0,30,68563.370859,False
2.8,30,68611.114192,True
2.9,30,68659.454715,True
1.9,30,68706.009057,True
2.8,30,68753.009142,True
2.8,30,68799.235919,True
2.8,30,69127.290493,True
3.0,30,69176.824273,True
2.6,30,69221.171309,True
2.8,30,69269.282042,False
0.0,30,69316.506741,False
2.5,30,69362.173345,True
0.0,30,69410.255447,False
2.5,30,69460.830786,True
2.8,30,69507.452853,True
2.2,30,69550.566222,True
2.4,30,69601.215676,True
2.3,30,69648.5569,True
0.0,30,69694.468202,False
0.0,30,69745.106211,False
1.8,30,69795.875278,True
0.0,30,69839.989197,False
2.6,30,69886.192525,True
2.7,30,69934.650005,True
0.0,30,69980.230984,False
3.0,30,70029.321904,True
2.8,30,70084.868517,True
2.6,30,70128.353407,True
0.0,30,70171.058845,False
2.8,30,70219.617676,True
2.3,30,70268.086628,True
0.0,30,70314.360063,False
2.7,30,70364.174871,False
2.6,30,70418.722753,True
0.0,30,70471.847013,False
0.0,30,70523.004603,False
0.0,30,70567.081603,False
2.6,30,70613.628971,True
0.9,30,70657.863479,True
2.7,30,70710.918035,True
2.1,30,71024.889547,True
0.0,30,71069.565999,False
0.0,30,71123.712728,False
2.5,30,71166.124262,True
2.8,30,71213.444386,True
2.7,30,71266.600112,True
0.0,30,71314.71075,False
3.0,30,71361.480687,True
0.2,30,71406.963012,False
0.0,30,71456.16165,False
0.0,30,71508.476038,False
0.0,30,71552.149783,False
0.0,30,71597.655927,False
0.0,30,71643.860305,False
2.2,30,71696.308215,True
0.1,30,71742.250646,True
0.0,30,71783.180892,False
2.2,30,71831.337996,True
0.0,30,71874.312001,False
2.7,30,71924.5696,True
2.5,30,71971.392057,True
0.0,30,72018.855642,False
2.9,30,72075.360216,True
2.7,30,72125.897668,True
0.0,30,72173.827757,False
0.0,30,72222.078293,False
0.0,30,72290.413689,False
2.8,30,72340.651944,True
2.8,30,72384.584076,True
3.0,30,72435.401109,True
0.0,30,72483.696173,False
0.0,30,72533.31987,False
0.0,30,72583.25713,False
0.0,30,72629.279471,False
2.5,30,72967.225106,True
0.0,30,73016.241609,False
0.0,30,73074.623603,False
3.0,30,73122.159048,True
0.0,30,73169.484565,False
2.7,30,73218.918021,True
1.9,30,73268.408899,True
0.0,30,73317.331598,False
0.0,30,73367.665759,False
0.0,30,73412.207544,False
3.0,30,73460.01827,True
2.4,30,73522.413406,True
0.0,30,73568.78493,False
0.0,30,73625.947855,False
3.0,30,73675.954389,True
1.7,30,73726.836893,True
3.0,30,73774.976554,True
0.0,30,73818.965459,False
2.8,30,73868.272958,True
2.7,30,73917.003397,True
0.0,30,73964.311037,False
0.0,30,74007.967266,False
0.0,30,74066.247975,False
2.7,30,74105.923945,True
0.1,30,74151.340427,True
2.1,30,74198.250595,True
0.5,30,74245.334831,True
0.0,30,74289.486484,False
2.4,30,74336.347663,True
0.0,30,74385.496181,False
2.3,30,74429.163621,True
0.0,30,74478.820973,False
0.0,30,74525.999125,False
2.9,30,74593.476433,True
2.7,30,74921.670803,True
2.4,30,74972.95151,True
1.3,30,75022.918973,False
2.6,30,75071.968979,True
2.8,30,75120.598671,True
3.0,30,75168.725369,True
0.0,30,75211.944848,False
2.0,30,75287.714414,True
0.0,30,75335.5562,False
0.0,30,75381.536012,False
0.0,30,75428.207014,False
0.0,30,75479.948991,False
3.0,30,75528.662457,True
2.6,30,75570.863118,True
0.0,30,75618.103396,False
0.0,30,75661.759164,False
0.0,30,75714.139598,False
0.0,30,75761.769108,False
3.0,30,75815.779785,True
0.0,30,75861.703126,False
2.5,30,75911.265006,True
0.0,30,75958.946579,False
2.8,30,76006.061852,True
3.0,30,76057.477435,True
0.0,30,76104.277738,False
2.2,30,76152.747247,True
1.5,30,76199.096211,True
2.9,30,76242.972912,True
0.0,30,76288.521725,False
2.4,30,76334.969818,True
0.0,30,76386.388674,False
0.0,30,76430.257383,False
2.4,30,76475.541512,True
3.0,30,76525.602102,True
0.0,30,76880.299923,False
0.0,30,76931.283816,False
0.0,30,76983.712743,False
0.0,30,77030.195496,False
0.0,30,77080.096939,False
0.4,30,77127.317956,True
2.5,30,77177.413723,True
2.9,30,77221.66526,True
2.7,30,77268.451362,True
0.0,30,77319.36399,False
2.6,30,77374.687664,True
0.0,30,77429.241292,False
3.0,30,77476.899685,True
0.1,30,77526.90586,False
3.0,30,77577.298037,True
2.5,30,77629.155043,True
2.6,30,77675.744318,True
0.0,30,77720.12975,False
2.6,30,77766.245127,True
0.0,30,77811.67275,False
1.1,30,77859.570553,True
0.0,30,77902.05508,False
2.4,30,77963.561717,True
0.0,30,78014.697569,False
0.0,30,78066.406067,False
2.1,30,78112.60279,True
2.5,30,78159.226913,True
0.0,30,78212.581774,False
2.3,30,78261.385151,True
0.0,30,78310.450966,False
2.8,30,78359.632733,True
0.0,30,78418.222735,False
0.0,30,78469.030623,False
3.0,30,78508.924011,True
0.0,30,78840.537302,False
0.0,30,78886.192912,False
2.4,30,78931.164384,True
0.0,30,78973.824985,False
0.0,30,79019.595921,False
2.8,30,79064.309235,True
0.0,30,79109.971294,False
2.8,30,79162.778791,True
0.0,30,79209.080298,False
2.6,30,79272.245953,True
1.5,30,79321.199644,True
0.0,30,79367.337263,False
0.0,30,79408.420654,False
3.0,30,79455.81149,True
0.0,30,79510.854894,False
2.6,30,79565.323634,True
1.3,30,79614.23274,True
0.0,30,79659.625137,False
0.0,30,79702.344124,False
0.0,30,79749.300123,False
0.0,30,79797.952907,False
2.9,30,79844.35562,True
0.9,30,79889.830888,True
0.0,30,79936.842117,False
2.9,30,79983.675652,True
2.9,30,80025.519163,True
0.0,30,80078.782621,False
0.0,30,80119.355233,False
2.9,30,80179.266296,True
0.0,30,80227.930716,False
0.0,30,80274.177482,False
0.0,30,80322.7705,False
3.0,30,80366.343663,True
0.0,30,80409.300338,False
0.0,30,80455.549908,False
2.9,30,80801.018256,True
2.8,30,80843.623728,True
0.0,30,80892.542929,False
2.5,30,80947.261709,True
1.9,30,80997.893752,True
2.6,30,81041.219204,True
3.0,30,81087.930737,True
0.0,30,81134.291971,False
1.1,30,81184.767348,True
0.0,30,81229.490218,False
2.6,30,81277.199937,True
2.7,30,81321.351967,True
0.0,30,81369.97555,False
0.0,30,81413.123109,False
2.6,30,81464.105446,True
2.7,30,81514.164346,True
0.0,30,81563.647403,False
0.0,30,81612.414449,False
0.0,30,81652.238125,False
2.4,30,81698.625147,True
2.7,30,81748.50439,True
0.0,30,81799.067499,False
0.0,30,81845.225818,False
0.0,30,81892.8219,False
0.0,30,81934.476614,False
2.9,30,81978.805155,True
0.0,30,82025.907795,False
2.6,30,82075.211025,True
0.0,30,82121.626209,False
0.0,30,82170.362709,False
1.4,30,82210.641865,True
2.8,30,82266.069699,True
2.6,30,82312.422237,True
2.5,30,82358.237195,True
0.0,30,82684.048773,False
0.0,30,82731.995921,False
0.0,30,82779.988819,False
2.9,30,82827.156053,True
1.4,30,82877.528326,True
0.0,30,82927.704091,False
1.9,30,82969.316619,True
2.5,30,83010.287256,True
0.0,30,83052.456051,False
0.0,30,83104.597303,False
2.8,30,83153.660745,True
0.0,30,83198.563025,False
2.3,30,83242.219003,True
3.0,30,83288.258928,True
2.6,30,83337.04158,True
0.0,30,83379.142777,False
2.6,30,83422.30117,True
1.9,30,83470.899035,False
0.0,30,83523.930694,False
0.0,30,83575.286415,False
3.0,30,83625.360427,True
0.0,30,83672.890319,False
2.7,30,83722.021252,True
0.0,30,83768.732674,False
2.7,30,83814.392985,True
2.8,30,83862.94695,True
0.0,30,83911.533236,False
0.0,30,83959.836569,False
0.0,30,84004.948975,False
2.6,30,84050.970738,True
0.0,30,84098.681347,False
2.8,30,84143.031616,True
0.0,30,84192.466059,False
0.0,30,84241.838625,False
0.0,30,84557.550111,False
0.0,30,84600.023375,False
0.2,30,84645.29771,False
0.0,30,84704.502309,False
0.0,30,84750.636456,False
2.7,30,84799.92255,True
2.9,30,84841.472104,True
0.0,30,84899.729897,False
1.6,30,84950.744805,True
1.7,30,84999.137943,True
0.0,30,85056.983546,False
2.4,30,85104.437491,True
2.1,30,85150.641483,True
2.7,30,85198.099384,True
0.0,30,85240.53027,False
0.0,30,85286.364085,False
0.0,30,85332.351269,False
2.5,30,85379.031103,True
0.0,30,85438.663211,False
2.5,30,85486.025244,True
2.8,30,85530.462215,True
0.0,30,85576.191746,False
0.0,30,85623.778022,False
2.1,30,85678.696116,True
0.0,30,85723.423516,False
2.4,30,85766.43231,True
0.0,30,85811.783514,False
0.0,30,85857.557475,False
0.9,30,85901.600774,True
1.6,30,85945.618,True
0.0,30,85991.507652,False
0.0,30,86039.048607,False
0.0,30,86083.829242,False
2.4,30,86131.308176,True
2.8,30,86487.397884,True
0.6,30,86531.852091,True
0.0,30,86579.863892,False
2.8,30,86634.260287,True
2.6,30,86689.014456,True
0.0,30,86737.464456,False
0.0,30,86788.71649,False
2.7,30,86836.905713,True
2.6,30,86888.843686,True
0.0,30,86938.547235,False
0.0,30,86984.722045,False
2.8,30,87034.465308,True
0.0,30,87079.687552,False
0.0,30,87123.994033,False
1.8,30,87172.76989,True
0.0,30,87225.162854,False
0.0,30,87280.466874,False
0.0,30,87323.499589,False
0.0,30,87369.06024,False
0.0,30,87413.081953,False
2.9,30,87458.250343,True
1.6,30,87499.921028,True
0.0,30,87553.703984,False
1.2,30,87597.795482,True
2.5,30,87641.943351,True
2.4,30,87696.752333,True
0.0,30,87751.597549,False
2.7,30,87800.964356,True
0.0,30,87847.401675,False
0.0,30,87893.831557,False
2.6,30,87939.761834,True
2.2,30,87989.262744,True
2.8,30,88036.578099,True
0.0,30,88082.251508,False
0.0,30,88371.356525,False
0.0,30,88415.865511,False
2.4,30,88459.576277,True
0.0,30,88503.547643,False
0.0,30,88545.491496,False
2.9,30,88590.30252,True
0.0,30,88638.692238,False
0.0,30,88695.234573,False
2.7,30,88743.719285,True
0.0,30,88790.669643,False
2.2,30,88836.966873,True
0.6,30,88894.090223,True
0.0,30,88936.798656,False
2.8,30,88988.02102,True
0.0,30,89038.079007,False
0.0,30,89100.495944,False
0.0,30,89152.618975,False
0.0,30,89191.109617,False
0.0,30,89240.33058,False
0.0,30,89296.405258,False
0.0,30,89347.666754,False
0.0,30,89403.67109,False
0.0,30,89456.313284,False
1.8,30,89503.503631,True
0.0,30,89550.96475,False
0.0,30,89599.512953,False
2.9,30,89644.936145,True
0.0,30,89689.043591,False
2.7,30,89735.072852,True
0.0,30,89787.645023,False
0.0,30,89836.999847,False
0.0,30,89881.422808,False
0.0,30,89932.864014,False
2.3,30,89976.250617,True
2.6,30,90292.185994,True
0.0,30,90338.732535,False
0.0,30,90379.882766,False
2.9,30,90422.725307,True
2.2,30,90472.854164,True
2.8,30,90521.514917,True
0.0,30,90566.340155,False
0.0,30,90612.484015,False
2.7,30,90660.925547,True
2.7,30,90708.208384,True
2.5,30,90757.817639,True
0.0,30,90810.179882,False
0.0,30,90861.23769,False
2.6,30,90905.1782,True
2.9,30,90950.058406,True
2.6,30,90998.148203,True
0.0,30,91045.133994,False
2.7,30,91097.610569,True
0.0,30,91139.91536,False
0.0,30,91183.885433,False
2.6,30,91234.386784,True
2.2,30,91280.904787,True
2.1,30,91327.93404,True
2.8,30,91367.412576,True
0.0,30,91413.822651,False
1.7,30,91462.2274,True
0.0,30,91509.600183,False
0.0,30,91552.950148,False
2.4,30,91597.328162,True
2.4,30,91640.0582,True
0.2,30,91683.022688,True
0.0,30,91729.755867,False
0.0,30,91776.543064,False
2.3,30,91824.222562,True
2.8,30,92167.915679,True
1.4,30,92209.658118,True
0.0,30,92250.571823,False
2.7,30,92298.361907,True
2.2,30,92349.91671,True
0.0,30,92406.928168,False
0.0,30,92454.101532,False
0.0,30,92498.982288,False
0.0,30,92543.754503,False
0.0,30,92591.788404,False
2.5,30,92636.204981,True
0.8,30,92681.07066,False
0.0,30,92724.450935,False
0.0,30,92770.470365,False
0.0,30,92816.196806,False
2.6,30,92862.540951,True
0.0,30,92913.108641,False
2.5,30,92959.010736,True
0.0,30,93007.349987,False
0.0,30,93048.814517,False
0.0,30,93111.571978,False
2.5,30,93163.544324,True
0.0,30,93211.808657,False
3.0,30,93254.096185,True
2.9,30,93300.612453,True
0.0,30,93344.962949,False
2.1,30,93393.330434,True
2.7,30,93433.018552,True
0.0,30,93479.458316,False
0.0,30,93528.248183,False
2.8,30,93581.594772,True
2.6,30,93625.76462,True
1.6,30,93665.904804,True
0.0,30,93711.410213,False
2.1,30,93762.508774,True
2.9,30,94105.751995,True
2.1,30,94159.11968,True
2.8,30,94211.204161,True
0.0,30,94258.357765,False
3.0,30,94314.895906,True
2.3,30,94353.769412,True
0.0,30,94408.145006,False
0.0,30,94456.286752,False
0.0,30,94504.178188,False
2.6,30,94550.956764,True
2.7,30,94600.562415,True
2.6,30,94654.607333,True
2.0,30,94701.205807,True
0.0,30,94748.485027,False
0.0,30,94800.137562,False
0.0,30,94855.540529,False
0.0,30,94901.576071,False
2.8,30,94952.170847,True
2.9,30,95001.710619,True
2.5,30,95053.865548,True
0.0,30,95097.570666,False
0.0,30,95152.919675,False
0.0,30,95199.323267,False
2.1,30,95244.364784,True
2.2,30,95288.354884,True
0.0,30,95340.39199,False
0.0,30,95383.967759,False
2.5,30,95432.617506,True
2.7,30,95479.193901,True
0.1,30,95528.072473,False
2.3,30,95570.030761,True
0.0,30,95616.432139,False
0.0,30,95670.630449,False
2.7,30,95717.978471,True
0.0,30,96046.310178,False
0.0,30,96098.130987,False
2.6,30,96142.763931,True
0.0,30,96192.028088,False
0.0,30,96241.241708,False
2.2,30,96283.957119,True
0.0,30,96332.137285,False
2.8,30,96377.706553,True
2.6,30,96425.103063,True
2.5,30,96473.055475,True
0.0,30,96516.796066,False
1.9,30,96560.039984,True
0.0,30,96602.540625,False
3.0,30,96648.279547,True
0.0,30,96698.071792,False
0.0,30,96744.792749,False
2.9,30,96802.950153,True
2.1,30,96852.663431,True
2.5,30,96900.851096,True
0.0,30,96942.86178,False
0.0,30,96987.11129,False
0.0,30,97033.431899,False
0.0,30,97079.013403,False
0.0,30,97128.002108,False
2.0,30,97174.843925,False
0.0,30,97224.306497,False
2.2,30,97271.830628,True
0.0,30,97318.602079,False
2.1,30,97363.544867,True
0.0,30,97434.030599,False
0.0,30,97481.026687,False
0.0,30,97531.750928,False
2.6,30,97579.891879,True
0.0,30,97627.27986,False
2.6,30,97959.184123,True
0.0,30,98000.391638,False
0.0,30,98044.943261,False
0.1,30,98090.73852,False
0.0,30,98137.866911,False
2.2,30,98186.949007,True
2.5,30,98234.675908,True
2.7,30,98280.4052,True
2.8,30,98323.045928,True
2.7,30,98369.290988,True
2.6,30,98418.039737,True
1.8,30,98465.873799,True
0.0,30,98520.110381,False
2.3,30,98570.751745,True
0.0,30,98613.241964,False
0.0,30,98658.088823,False
0.0,30,98708.144609,False
0.0,30,98753.788127,False
0.0,30,98799.30058,False
0.0,30,98842.437287,False
0.0,30,98887.403286,False
0.0,30,98944.514179,False
0.0,30,99016.977491,False
0.0,30,99065.249096,False
3.0,30,99118.593782,True
2.2,30,99166.515122,True
2.4,30,99219.378091,True
2.1,30,99269.369221,True
0.0,30,99322.562977,False
0.0,30,99367.861975,False
0.0,30,99417.478024,False
2.9,30,99467.82272,True
0.0,30,99529.100926,False
0.0,30,99572.889847,False
0.0,30,99921.894694,False
2.2,30,99970.068729,True
2.8,30,100017.006446,True
2.1,30,100068.85652,True
2.8,30,100108.613675,True
2.6,30,100159.919186,True
0.0,30,100206.631531,False
1.4,30,100252.600757,True
0.0,30,100298.42331,False
0.0,30,100348.217607,False
2.4,30,100395.784714,True
2.2,30,100440.662382,True
0.3,30,100490.320217,True
0.0,30,100542.582963,False
0.0,30,100585.050081,False
1.1,30,100629.586417,True
2.8,30,100679.942701,True
0.0,30,100725.690131,False
0.0,30,100782.016505,False
2.5,30,100840.713833,True
0.0,30,100891.679775,False
2.9,30,100942.736392,True
0.0,30,100990.61438,False
2.4,30,101036.268554,True
0.0,30,101082.792187,False
0.0,30,101127.739742,False
2.5,30,101177.223191,True
2.5,30,101228.203581,True
2.7,30,101274.615231,True
2.8,30,101325.018068,True
0.0,30,101377.163016,False
2.5,30,101422.66846,True
0.0,30,101471.90468,False
2.8,30,101528.528013,True
0.0,30,101863.524425,False
2.8,30,101913.710851,True
0.0,30,101958.682772,False
0.0,30,102010.809032,False
0.0,30,102056.517506,False
2.2,30,102114.077558,True
1.8,30,102155.388482,True
0.7,30,102208.529079,True
0.0,30,102252.263895,False
0.2,30,102298.692719,True
2.6,30,102347.792675,True
3.0,30,102389.980881,True
0.0,30,102438.457748,False
1.5,30,102485.184339,True
0.0,30,102534.665988,False
2.8,30,102579.463861,True
0.0,30,102629.504657,False
0.0,30,102673.748315,False
0.0,30,102727.819386,False
0.0,30,102775.453834,False
2.7,30,102821.326193,True
1.1,30,102868.855285,True
2.7,30,102915.882999,True
0.0,30,102970.684638,False
2.2,30,103021.881932,True
0.0,30,103068.42607,False
1.5,30,103120.794735,True
3.0,30,103168.696669,True
2.5,30,103209.979394,True
0.0,30,103265.000217,False
2.6,30,103303.513877,True
0.0,30,103347.392483,False
0.0,30,103398.93191,False
0.0,30,103440.645918,False
2.5,30,103794.228103,True
2.5,30,103837.881078,True
0.0,30,103886.829135,False
0.0,30,103933.276221,False
3.0,30,103979.410081,True
0.0,30,104029.216985,False
0.0,30,104072.325477,False
0.0,30,104121.454604,False
0.0,30,104170.099809,False
0.0,30,104219.042047,False
2.8,30,104264.634908,True
0.0,30,104329.931429,False
2.5,30,104376.855342,True
2.4,30,104422.29302,True
0.0,30,104469.369792,False
0.0,30,104516.327494,False
2.6,30,104565.117823,True
0.0,30,104612.12945,False
2.7,30,104657.643212,True
2.4,30,104707.206469,True
0.0,30,104757.11994,False
0.0,30,104807.434646,False
0.0,30,104854.339736,False
2.4,30,104899.965414,True
0.0,30,104951.633488,False
2.4,30,104998.608259,True
0.0,30,105052.337563,False
0.0,30,105098.485643,False
0.0,30,105145.761981,False
0.0,30,105197.905907,False
2.8,30,105248.389985,True
0.0,30,105294.450954,False
2.7,30,105336.778319,True
2.5,30,105386.286801,True
0.0,30,105713.417791,False
2.5,30,105768.594791,True
0.0,30,105815.228832,False
2.9,30,105862.47622,True
1.9,30,105910.184746,True
2.8,30,105959.064413,True
2.4,30,106006.244966,True
0.4,30,106051.800248,False
2.9,30,106099.259602,True
0.0,30,106149.193827,False
2.8,30,106190.573661,True
0.0,30,106235.868328,False
0.0,30,106284.70065,False
0.0,30,106326.496355,False
0.0,30,106372.264822,False
0.0,30,106417.461602,False
0.0,30,106464.173687,False
2.3,30,106512.342386,True
0.0,30,106557.437692,False
0.0,30,106607.774472,False
0.0,30,106651.46894,False
0.0,30,106713.812092,False
2.9,30,106756.295157,True
2.6,30,106804.497289,False
2.3,30,106851.224893,True
1.8,30,106899.716136,True
2.4,30,106944.793996,True
0.0,30,106994.327061,False
0.0,30,107044.428338,False
0.0,30,107089.1237,False
2.1,30,107133.639906,True
0.0,30,107185.657715,False
0.0,30,107231.837741,False
3.0,30,107272.804785,True
0.0,30,107576.962639,False
3.0,30,107624.48716,True
0.0,30,107673.761837,False
0.0,30,107724.354238,False
0.0,30,107767.489493,False
2.6,30,107813.010089,True
0.6,30,107865.647929,False
0.0,30,107913.315155,False
0.0,30,107956.650328,False
2.8,30,108003.452612,True
0.0,30,108050.399921,False
0.0,30,108096.923642,False
0.0,30,108143.299306,False
2.9,30,108186.588076,True
2.0,30,108230.135811,True
1.2,30,108277.292225,True
2.7,30,108324.430357,True
2.6,30,108372.686703,True
2.6,30,108420.193141,True
0.0,30,108464.048932,False
0.0,30,108514.939405,False
2.6,30,108560.08733,True
0.0,30,108606.927025,False
2.8,30,108651.578215,True
0.0,30,108699.200212,False
0.0,30,108743.149651,False
0.0,30,108793.972032,False
1.9,30,108840.684684,True
2.5,30,108896.441155,True
2.7,30,108946.559805,True
0.0,30,108995.152628,False
0.0,30,109036.471014,False
0.0,30,109078.439638,False
0.0,30,109126.668931,False
0.0,30,109174.960779,False
2.6,30,109493.093138,True
0.0,30,109540.769039,False
2.3,30,109582.285389,True
3.0,30,109634.375492,True
2.7,30,109681.357892,True
0.5,30,109731.873995,True
0.0,30,109784.017826,False
0.0,30,109842.123852,False
0.0,30,109888.97463,False
2.3,30,109940.256832,True
0.0,30,109988.867969,False
0.0,30,110040.087041,False
0.0,30,110085.213217,False
0.0,30,110130.3299,False
0.0,30,110187.060028,False
0.0,30,110235.280269,False
2.7,30,110280.167851,True
2.6,30,110327.9328,True
2.8,30,110371.868648,True
0.0,30,110418.142048,False
2.5,30,110465.535483,True
2.6,30,110506.823668,True
2.0,30,110549.582542,True
0.0,30,110599.505321,False
3.0,30,110642.662828,True
0.0,30,110689.440086,False
0.0,30,110743.747598,False
0.0,30,110792.45551,False
0.0,30,110840.702438,False
0.0,30,110889.946692,False
2.7,30,110934.374955,True
2.8,30,110992.359815,True
0.0,30,111040.671592,False
3.0,30,111090.694894,True
1.8,30,111436.800393,False
0.0,30,111487.873511,False
2.6,30,111532.38704,True
0.0,30,111577.159919,False
0.5,30,111620.874092,False
0.0,30,111664.203537,False
0.7,30,111707.43497,True
0.0,30,111754.446025,False
0.0,30,111800.597862,False
2.6,30,111840.294249,True
0.0,30,111889.881767,False
0.0,30,111935.449719,False
2.7,30,111981.738459,True
0.0,30,112027.187531,False
1.3,30,112071.939703,True
0.0,30,112125.412306,False
0.0,30,112169.161882,False
0.0,30,112218.370452,False
2.7,30,112264.710531,True
0.0,30,112308.088586,False
1.9,30,112353.557807,True
2.8,30,112398.071375,True
0.0,30,112445.816085,False
0.0,30,112490.121825,False
2.5,30,112535.421345,True
2.4,30,112585.758691,True
0.0,30,112632.267412,False
0.0,30,112681.331373,False
0.0,30,112729.84687,False
0.0,30,112780.033575,False
0.0,30,112821.47678,False
0.0,30,112862.108076,False
2.4,30,112910.508209,True
0.0,30,112955.291662,False
0.0,30,113292.847149,False
1.5,30,113340.367578,True
0.0,30,113389.793454,False
2.4,30,113436.788052,True
2.4,30,113484.563405,True
0.0,30,113528.753495,False
2.6,30,113580.182876,True
2.9,30,113626.093178,True
0.0,30,113672.12345,False
2.4,30,113718.954747,True
2.6,30,113770.031641,True
2.7,30,113820.796826,True
0.0,30,113865.323456,False
0.0,30,113915.019631,False
0.0,30,113965.565618,False
0.0,30,114017.771116,False
2.0,30,114068.050994,True
0.0,30,114115.611591,False
0.0,30,114159.556601,False
2.4,30,114204.343021,True
0.0,30,114260.566732,False
0.0,30,114308.22435,False
2.1,30,114357.664203,True
2.6,30,114406.374708,True
0.0,30,114454.307518,False
0.0,30,114500.493264,False
0.0,30,114548.680415,False
0.0,30,114597.771705,False
2.9,30,114648.057635,True
2.1,30,114703.129645,True
2.5,30,114751.324937,True
0.0,30,114805.291694,False
2.8,30,114856.857633,True
2.7,30,114906.049448,True
3.0,30,115217.481713,True
0.0,30,115269.028752,False
0.0,30,115313.979596,False
0.0,30,115357.725153,False
0.0,30,115406.734741,False
2.1,30,115452.8165,True
2.8,30,115503.041372,True
2.7,30,115546.15096,True
2.2,30,115595.531087,True
0.0,30,115643.298827,False
0.0,30,115690.315351,False
0.0,30,115740.005226,False
3.0,30,115787.017297,True
2.6,30,115836.209524,True
0.0,30,115883.495876,False
2.8,30,115928.006427,True
0.0,30,115987.023012,False
1.7,30,116034.963788,True
2.6,30,116086.612906,True
2.3,30,116132.498988,True
0.0,30,116179.568995,False
2.7,30,116231.873684,True
0.0,30,116274.958318,False
0.0,30,116322.545677,False
0.0,30,116369.029693,False
2.7,30,116416.535149,True
3.0,30,116464.169668,True
0.0,30,116507.891771,False
2.6,30,116552.76664,True
2.7,30,116600.47854,True
0.0,30,116651.338976,False
2.9,30,116697.012438,True
2.5,30,116747.782923,True
2.4,30,116792.180191,True
2.8,30,117122.993033,True
1.2,30,117173.065788,True
3.0,30,117219.812859,True
2.8,30,117274.711541,True
0.0,30,117322.293411,False
0.0,30,117375.38756,False
2.9,30,117421.264842,True
0.0,30,117468.691213,False
0.0,30,117520.218214,False
0.0,30,117572.746094,False
0.0,30,117649.193871,False
0.0,30,117693.322227,False
0.0,30,117761.924106,False
0.0,30,117808.843265,False
2.9,30,117856.543721,True
2.6,30,117902.727883,True
2.8,30,117948.849102,True
1.1,30,117996.354308,True
2.5,30,118045.534974,True
0.0,30,118097.86924,False
0.0,30,118153.356233,False
2.5,30,118205.371035,True
1.6,30,118252.731993,True
0.0,30,118300.332435,False
2.7,30,118352.123755,True
2.4,30,118404.932504,True
0.0,30,118449.293463,False
0.0,30,118495.52199,False
0.0,30,118551.279144,False
1.4,30,118599.523217,True
2.6,30,118644.619938,True
2.9,30,118689.236048,True
3.0,30,118735.456364,True
2.6,30,118784.827818,True
3.0,30,119143.131793,True
3.0,30,119189.359559,True
2.6,30,119237.015581,True
1.9,30,119287.622951,True
0.0,30,119334.705087,False
0.0,30,119383.851201,False
0.0,30,119428.04147,False
0.0,30,119472.861727,False
0.0,30,119520.855153,False
0.0,30,119566.764258,False
0.0,30,119607.120831,False
2.6,30,119652.104925,True
0.0,30,119700.01181,False
2.3,30,119747.931116,True
2.2,30,119796.951077,False
2.5,30,119855.012956,True
0.0,30,119906.403025,False
0.0,30,119954.472314,False
2.5,30,120001.57637,True
0.0,30,120052.484179,False
2.8,30,120100.522947,True
0.2,30,120149.152546,True
2.7,30,120193.960776,True
0.0,30,120248.561459,False
0.0,30,120295.505469,False
2.0,30,120345.083849,True
3.0,30,120392.604776,True
0.0,30,120439.92612,False
2.7,30,120482.105494,True
2.7,30,120528.185512,True
2.0,30,120576.97635,True
2.7,30,120618.648524,True
0.0,30,120664.887614,False
0.0,30,120711.680958,False
0.0,30,121050.158417,False
0.0,30,121097.747734,False
2.6,30,121144.876129,True
0.0,30,121193.435777,False
2.1,30,121240.285341,True
2.4,30,121303.251559,True
0.0,30,121350.404864,False
0.0,30,121407.380176,False
0.0,30,121453.993108,False
0.0,30,121507.686214,False
2.4,30,121557.386075,True
0.0,30,121603.387034,False
0.0,30,121651.402833,False
2.0,30,121694.309569,True
2.4,30,121740.4175,True
2.5,30,121787.392344,True
0.0,30,121838.063856,False
2.7,30,121895.772604,True
0.0,30,121945.317002,False
0.0,30,121994.129574,False
2.7,30,122046.771474,True
2.3,30,122089.345103,True
2.5,30,122137.644468,True
2.9,30,122187.178592,True
0.0,30,122237.623096,False
0.0,30,122282.968872,False
0.0,30,122328.647001,False
2.7,30,122378.607604,True
0.0,30,122426.400585,False
0.0,30,122476.937871,False
2.1,30,122537.221703,True
0.0,30,122584.84964,False
2.7,30,122628.074476,True
0.0,30,122677.860773,False
2.6,30,122722.678302,True
0.2,30,123054.537223,False
0.0,30,123102.564509,False
0.0,30,123150.109404,False
0.0,30,123198.54584,False
0.0,30,123243.834826,False
0.0,30,123288.166693,False
0.0,30,123337.914166,False
3.0,30,123387.738019,True
2.7,30,123439.775762,True
2.6,30,123490.03769,True
0.0,30,123540.439942,False
0.0,30,123586.694896,False
2.7,30,123632.682976,True
2.5,30,123679.699609,True
0.0,30,123723.673562,False
0.0,30,123767.479454,False
0.0,30,123817.370177,False
2.9,30,123864.234053,True
0.0,30,123908.684961,False
0.0,30,123953.682221,False
0.0,30,124008.279611,False
0.0,30,124056.375541,False
0.0,30,124103.05807,False
0.0,30,124151.908666,False
0.0,30,124200.181028,False
2.8,30,124248.626112,True
1.8,30,124299.459611,True
0.0,30,124348.104584,False
0.0,30,124393.011043,False
0.0,30,124442.466938,False
2.7,30,124487.669449,True
0.0,30,124539.640802,False
2.0,30,124594.947126,True
2.6,30,124643.448026,True
0.0,30,124978.768934,False
3.0,30,125020.203381,True
0.0,30,125072.251082,False
2.6,30,125125.530979,True
2.5,30,125174.918267,True
2.9,30,125222.116866,True
2.8,30,125281.591371,True
2.1,30,125326.871334,True
2.7,30,125372.82019,True
1.7,30,125420.409783,True
2.1,30,125473.19989,True
2.1,30,125521.729347,True
0.0,30,125578.373901,False
2.7,30,125626.626364,True
0.0,30,125674.090182,False
0.0,30,125729.109102,False
0.0,30,125780.636484,False
1.5,30,125830.840724,True
0.0,30,125880.13593,False
0.0,30,125930.071125,False
0.0,30,125978.590885,False
2.4,30,126022.902891,True
2.6,30,126068.469275,True
0.0,30,126115.945152,False
3.0,30,126163.585946,True
0.0,30,126212.556254,False
2.9,30,126264.21959,True
0.0,30,126312.736164,False
2.6,30,126362.462655,True
2.6,30,126416.736748,True
0.0,30,126478.366062,False
2.9,30,126542.985184,True
0.0,30,126591.383383,False
2.6,30,126635.018061,True
2.9,30,126974.052556,True
2.3,30,127021.600872,True
0.0,30,127072.925969,False
2.2,30,127118.320071,True
2.5,30,127162.625555,True
0.0,30,127208.583986,False
0.0,30,127257.147998,False
2.5,30,127305.552527,True
0.0,30,127352.054264,False
3.0,30,127404.059493,True
2.5,30,127448.478659,True
0.0,30,127494.977954,False
2.5,30,127544.744495,True
1.7,30,127595.42786,True
0.0,30,127638.37282,False
2.9,30,127683.680166,True
2.7,30,127726.915924,True
2.5,30,127768.002866,True
1.2,30,127809.42733,True
0.0,30,127872.373823,False
0.0,30,127924.052402,False
2.6,30,127969.090558,True
0.0,30,128013.999034,False
0.0,30,128064.415545,False
0.0,30,128111.82558,False
0.0,30,128154.225044,False
0.0,30,128196.232618,False
0.0,30,128243.361218,False
2.7,30,128293.913049,True
2.6,30,128342.003626,True
2.5,30,128399.559984,True
0.0,30,128449.38333,False
2.5,30,128496.132779,True
2.7,30,128552.342796,True
0.0,30,128910.190311,False
0.0,30,128956.330477,False
2.7,30,128999.42026,True
0.0,30,129040.355539,False
0.0,30,129083.668664,False
0.0,30,129127.708529,False
2.6,30,129170.790608,True
0.0,30,129222.20582,False
0.0,30,129268.283,False
2.7,30,129314.52936,True
0.0,30,129359.106703,False
0.0,30,129410.703431,False
0.0,30,129458.263601,False
2.3,30,129505.757744,True
2.9,30,129555.092653,True
0.0,30,129601.999509,False
0.0,30,129648.347085,False
2.4,30,129699.075887,True
2.8,30,129748.423187,True
0.0,30,129799.389775,False
1.4,30,129845.37412,True
2.8,30,129895.459134,True
0.0,30,129947.00945,False
1.7,30,129992.320866,True
0.0,30,130038.877605,False
0.0,30,130089.447914,False
0.0,30,130136.721221,False
0.0,30,130177.179596,False
0.0,30,130227.473628,False
2.6,30,130276.174761,True
0.0,30,130321.791806,False
2.9,30,130371.941154,True
0.0,30,130419.715513,False
0.0,30,130469.52204,False
0.0,30,130803.435447,False
0.0,30,130850.772985,False
2.3,30,130906.818035,True
0.0,30,130959.933071,False
0.0,30,131001.39072,False
0.0,30,131047.696911,False
2.6,30,131095.515701,True
0.0,30,131145.004159,False
0.0,30,131195.167542,False
2.9,30,131246.482618,True
1.5,30,131300.032007,True
2.7,30,131343.376479,True
0.0,30,131392.764285,False
0.0,30,131438.119853,False
0.0,30,131484.412552,False
2.6,30,131532.084819,True
0.0,30,131578.159632,False
0.0,30,131623.462451,False
2.5,30,131669.436993,True
2.7,30,131716.673488,True
3.0,30,131759.92638,True
2.3,30,131819.379391,True
2.9,30,131866.205291,True
0.0,30,131909.397515,False
2.8,30,131953.553044,True
2.8,30,132003.425259,True
2.8,30,132053.887464,True
0.0,30,132107.82644,False
2.8,30,132158.027746,True
2.8,30,132203.00868,True
0.0,30,132255.820749,False
2.7,30,132296.569721,True
2.7,30,132343.381598,True
0.0,30,132391.733793,False
2.7,30,132749.305136,True
2.8,30,132793.214445,True
3.0,30,132840.410693,True
2.7,30,132890.747231,True
0.0,30,132937.963425,False
0.0,30,132992.360746,False
0.0,30,133042.295377,False
2.9,30,133089.81003,True
2.7,30,133134.543773,True
2.3,30,133176.666404,True
2.6,30,133228.74882,True
0.0,30,133276.390028,False
3.0,30,133324.423963,True
3.0,30,133365.299799,True
1.6,30,133412.757777,True
2.8,30,133455.614678,True
3.0,30,133499.589924,True
0.7,30,133557.873051,True
1.9,30,133604.816327,True
0.0,30,133655.708775,False
2.5,30,133701.367867,True
0.0,30,133749.655718,False
2.5,30,133799.414627,True
0.0,30,133845.639353,False
0.0,30,133893.234288,False
2.7,30,133945.036148,True
2.8,30,133991.154094,True
2.8,30,134038.406872,True
2.7,30,134092.183631,True
2.4,30,134142.368039,True
2.9,30,134188.072893,True
0.0,30,134235.295368,False
2.3,30,134283.514061,True
0.0,30,134342.449445,False
0.0,30,134677.310927,False
0.0,30,134724.255556,False
0.0,30,134773.549945,False
0.0,30,134818.575364,False
2.7,30,134868.927675,True
0.0,30,134920.861034,False
0.0,30,134971.870676,False
0.0,30,135017.43996,False
2.1,30,135062.012491,True
2.6,30,135107.276369,True
0.0,30,135154.879762,False
2.3,30,135204.780726,True
0.0,30,135252.806552,False
0.0,30,135301.250665,False
0.0,30,135344.008272,False
0.0,30,135393.346499,False
2.9,30,135441.45235,True
0.0,30,135487.225588,False
2.2,30,135534.974382,True
0.0,30,135583.546859,False
2.3,30,135627.636092,True
2.3,30,135679.044778,True
2.8,30,135728.133534,True
0.0,30,135778.676727,False
0.0,30,135830.259804,False
2.9,30,135887.791769,True
2.9,30,135937.283626,True
0.0,30,135982.918901,False
0.0,30,136026.698347,False
2.7,30,136071.526018,True
0.0,30,136118.038542,False
3.0,30,136163.272394,True
0.0,30,136215.13697,False
2.9,30,136264.993673,True
2.6,30,136577.887401,True
2.9,30,136627.507625,True
0.0,30,136676.245543,False
0.0,30,136723.220103,False
0.0,30,136768.113671,False
0.0,30,136816.447171,False
0.0,30,136871.627628,False
0.2,30,136913.767694,False
0.0,30,136962.851027,False
2.6,30,137003.989152,True
2.0,30,137050.468751,True
0.0,30,137104.457255,False
2.2,30,137156.116349,True
2.4,30,137204.271523,True
2.2,30,137246.073621,True
0.0,30,137296.118283,False
2.7,30,137344.812421,True
2.3,30,137391.970623,True
2.4,30,137438.895406,True
2.7,30,137485.53936,True
1.3,30,137537.279876,False
0.0,30,137588.986223,False
0.0,30,137637.884699,False
0.0,30,137691.367894,False
2.1,30,137736.044727,True
2.8,30,137781.883343,True
2.3,30,137828.144439,True
0.0,30,137877.283867,False
0.0,30,137927.861334,False
2.8,30,137983.032033,True
2.0,30,138031.337524,True
0.0,30,138074.599216,False
0.0,30,138126.596833,False
0.0,30,138179.537279,False
2.6,30,138227.452318,True
2.6,30,138578.989027,True
0.0,30,138625.962155,False
2.9,30,138674.843883,True
2.4,30,138719.122659,True
2.8,30,138772.306098,True
0.0,30,138817.183199,False
0.0,30,138865.556628,False
0.0,30,138918.610131,False
2.5,30,138965.599526,True
2.7,30,139003.918415,True
0.0,30,139050.334962,False
2.5,30,139103.841637,True
2.7,30,139154.984329,False
0.0,30,139199.584255,False
2.7,30,139249.10955,True
0.0,30,139294.01567,False
0.0,30,139339.954719,False
2.8,30,139387.428427,True
0.0,30,139431.959041,False
0.0,30,139478.793927,False
0.0,30,139527.514378,False
2.9,30,139576.87168,True
0.0,30,139638.126319,False
2.9,30,139683.994664,True
1.8,30,139728.925578,True
2.7,30,139776.679795,True
2.9,30,139826.130754,True
2.8,30,139870.475528,True
2.8,30,139918.481665,True
0.0,30,139961.015291,False
0.0,30,140003.900497,False
2.6,30,140050.618829,True
0.0,30,140094.584086,False
0.0,30,140143.789753,False
1.5,30,140482.117832,True
1.6,30,140530.085344,True
0.0,30,140581.254436,False
0.0,30,140635.082739,False
2.0,30,140686.679573,True
0.0,30,140736.49282,False
0.0,30,140790.942492,False
3.0,30,140841.404009,True
0.0,30,140890.173179,False
2.7,30,140941.715877,True
2.3,30,140986.64522,True
0.0,30,141035.833127,False
2.7,30,141080.711339,True
0.0,30,141129.67091,False
2.0,30,141180.814299,True
2.5,30,141230.949541,True
2.8,30,141276.848909,True
0.0,30,141327.586363,False
2.7,30,141375.708413,True
2.5,30,141421.641182,True
2.7,30,141466.611936,True
2.5,30,141510.881188,True
2.7,30,141554.848169,True
2.7,30,141598.663534,True
0.0,30,141643.581388,False
2.5,30,141689.408008,True
0.0,30,141737.579969,False
0.0,30,141783.069459,False
1.1,30,141830.987841,True
0.0,30,141876.052865,False
2.6,30,141922.848665,True
0.0,30,141970.943754,False
2.6,30,142015.10637,True
2.6,30,142063.273143,True
2.4,30,142462.52792,True
0.0,30,142506.415387,False
2.6,30,142552.058771,True
0.0,30,142596.19893,False
0.0,30,142644.481442,False
0.0,30,142703.656438,False
0.0,30,142748.603055,False
3.0,30,142796.232972,True
0.0,30,142849.945691,False
0.0,30,142896.353259,False
1.9,30,142946.988276,True
0.0,30,142993.244895,False
1.4,30,143034.654203,False
0.0,30,143080.572548,False
2.8,30,143127.460215,True
0.0,30,143176.611853,False
1.9,30,143226.113029,True
0.0,30,143276.003556,False
2.8,30,143322.913341,True
0.0,30,143371.860233,False
0.0,30,143424.209538,False
0.0,30,143467.770856,False
0.0,30,143527.554179,False
0.0,30,143580.476636,False
1.3,30,143626.692658,True
2.9,30,143680.39163,True
3.0,30,143731.652394,True
2.8,30,143781.696839,True
2.7,30,143833.105399,True
2.9,30,143892.611308,True
2.8,30,143936.968786,True
1.6,30,143985.903508,True
0.0,30,144030.01294,False
0.0,30,144080.797918,False
2.7,30,144422.647242,True
2.3,30,144467.069882,True
0.0,30,144517.14598,False
0.0,30,144561.086114,False
2.7,30,144609.136698,True
3.0,30,144653.686996,True
0.0,30,144699.487566,False
0.0,30,144746.626995,False
2.1,30,144797.382188,True
2.7,30,144850.22756,True
2.4,30,144895.927961,True
2.8,30,144943.017314,True
2.7,30,145002.238526,True
2.2,30,145053.024387,True
2.6,30,145099.303373,True
0.0,30,145149.272953,False
0.0,30,145201.088072,False
0.0,30,145254.224441,False
1.9,30,145305.501007,True
2.4,30,145357.122749,True
2.7,30,145407.5105,True
2.8,30,145457.247305,True
2.6,30,145509.138942,True
0.0,30,145560.2147,False
0.0,30,145606.953629,False
3.0,30,145655.658058,True
0.0,30,145705.779663,False
2.4,30,145754.233072,False
3.0,30,145798.480289,True
2.0,30,145842.340525,True
0.0,30,145889.163281,False
0.0,30,145936.157635,False
2.9,30,145987.046405,True
0.0,30,146032.735556,False
0.0,30,146363.195024,False
3.0,30,146417.934718,True
2.1,30,146466.981669,True
2.8,30,146510.660772,True
2.8,30,146558.175363,True
0.0,30,146600.297895,False
0.0,30,146642.256285,False
0.0,30,146694.627994,False
2.6,30,146743.252934,True
3.0,30,146793.285402,True
2.6,30,146841.789643,True
2.5,30,146885.801944,True
0.0,30,146928.100668,False
2.8,30,146976.4827,True
1.9,30,147024.089797,True
0.0,30,147072.833974,False
0.0,30,147124.052241,False
0.0,30,147170.940292,False
0.0,30,147219.386714,False
0.0,30,147265.485581,False
2.9,30,147312.596095,True
1.7,30,147357.733014,True
0.0,30,147400.78477,False
0.0,30,147441.262561,False
2.5,30,147480.681445,True
2.8,30,147524.006842,True
2.2,30,147569.274279,True
0.3,30,147614.05432,False
0.0,30,147674.753496,False
0.0,30,147730.393862,False
2.5,30,147776.766512,True
2.5,30,147824.081467,True
0.0,30,147869.249127,False
2.9,30,147918.797081,True
0.0,30,148245.83537,False
2.3,30,148288.596522,True
0.0,30,148333.409627,False
2.6,30,148377.206137,True
0.0,30,148425.932475,False
0.0,30,148474.667974,False
2.7,30,148520.755755,True
3.0,30,148569.057851,True
2.5,30,148617.447101,True
0.0,30,148664.256449,False
3.0,30,148713.331211,True
2.7,30,148763.978699,True
2.5,30,148810.103713,True
0.0,30,148855.344545,False
0.0,30,148901.584035,False
0.0,30,148951.933303,False
2.2,30,149004.363429,True
2.6,30,149051.294275,True
0.0,30,149096.143734,False
2.8,30,149144.513416,True
0.0,30,149192.770767,False
2.5,30,149236.329437,True
2.9,30,149283.847074,True
0.0,30,149330.339456,False
0.0,30,149375.514402,False
2.3,30,149423.468843,True
0.2,30,149471.912505,False
0.0,30,149516.837252,False
2.5,30,149571.123946,True
0.0,30,149615.66601,False
0.0,30,149665.921031,False
0.0,30,149712.323907,False
1.3,30,149756.44246,True
2.7,30,149803.423815,True
0.0,30,150133.114756,False
2.8,30,150181.835968,True
2.6,30,150223.794073,True
2.2,30,150271.679201,True
2.4,30,150317.847909,True
0.0,30,150372.597003,False
3.0,30,150418.618142,True
0.0,30,150461.968607,False
2.7,30,150509.820663,True
0.0,30,150561.916512,False
0.0,30,150607.184669,False
0.0,30,150651.175372,False
1.2,30,150692.460964,True
2.7,30,150736.364319,True
2.8,30,150784.863284,True
0.0,30,150849.64948,False
0.0,30,150892.667634,False
2.5,30,150941.944085,True
0.0,30,150988.525934,False
0.0,30,151033.240557,False
0.0,30,151078.02557,False
0.0,30,151127.034401,False
0.0,30,151170.592555,False
0.0,30,151212.635404,False
2.4,30,151260.056885,True
0.0,30,151313.763995,False
0.0,30,151362.424948,False
0.0,30,151404.779594,False
0.0,30,151451.192966,False
0.0,30,151500.361588,False
2.8,30,151542.460346,True
0.0,30,151588.672281,False
0.0,30,151635.878881,False
0.0,30,151682.589655,False
2.9,30,151728.525728,True
2.7,30,152044.966292,True
2.5,30,152107.902873,True
2.5,30,152156.233181,True
0.0,30,152206.343279,False
2.0,30,152254.991482,True
0.0,30,152303.542659,False
0.0,30,152348.856412,False
2.6,30,152395.896129,True
0.0,30,152452.778552,False
2.6,30,152499.658022,True
2.7,30,152551.091536,True
2.2,30,152598.031644,True
0.0,30,152645.015094,False
1.7,30,152692.968674,True
0.0,30,152737.878537,False
0.0,30,152784.960389,False
0.0,30,152830.026752,False
0.0,30,152881.635363,False
0.0,30,152927.844565,False
0.0,30,152974.22465,False
2.6,30,153017.658323,True
1.9,30,153057.421313,True
0.0,30,153153.233451,False
2.0,30,153201.800655,True
0.0,30,153244.895437,False
2.2,30,153291.971671,True
0.0,30,153341.698334,False
0.0,30,153387.037224,False
2.6,30,153436.044829,True
2.8,30,153492.513745,True
2.6,30,153541.154354,True
0.0,30,153593.371931,False
0.0,30,153638.729202,False
0.0,30,153682.433788,False
2.5,30,154017.413927,True
0.0,30,154064.211779,False
2.4,30,154110.703261,True
0.0,30,154151.899129,False
0.0,30,154200.609437,False
0.0,30,154257.620239,False
2.8,30,154306.655812,True
0.0,30,154354.617027,False
2.5,30,154400.18508,True
2.6,30,154452.679828,True
0.0,30,154503.927296,False
2.6,30,154547.639013,True
2.8,30,154599.481411,True
3.0,30,154649.017795,True
2.7,30,154697.432533,True
2.9,30,154739.440486,True
2.8,30,154782.800035,True
0.0,30,154828.703548,False
1.3,30,154872.736977,True
2.8,30,154914.427989,True
0.0,30,154982.205557,False
2.8,30,155028.202037,True
0.0,30,155075.102712,False
1.1,30,155122.017639,True
2.5,30,155168.531284,True
0.0,30,155214.109698,False
0.0,30,155272.365047,False
2.4,30,155320.74781,True
0.0,30,155364.52065,False
2.7,30,155405.625931,True
1.1,30,155449.010006,True
2.6,30,155492.468941,True
0.0,30,155539.21789,False
2.8,30,155587.918876,True
0.0,30,155932.37449,False
0.0,30,155976.051047,False
0.0,30,156020.882184,False
0.0,30,156064.862073,False
0.0,30,156110.695575,False
2.5,30,156163.125458,True
2.5,30,156220.346536,True
2.5,30,156281.069085,True
2.4,30,156327.74679,True
2.8,30,156377.800665,True
2.6,30,156433.695885,True
2.0,30,156476.152588,True
0.0,30,156528.954741,False
2.7,30,156578.016128,True
2.5,30,156629.349601,True
2.8,30,156678.963854,True
2.6,30,156721.022738,True
2.8,30,156769.495473,True
0.0,30,156820.453801,False
0.0,30,156863.760324,False
0.0,30,156908.201088,False
0.0,30,156956.642598,False
2.7,30,157005.060913,True
1.8,30,157052.682057,True
0.0,30,157116.079983,False
2.8,30,157162.995131,True
0.0,30,157207.532426,False
2.5,30,157252.60208,True
2.6,30,157299.595422,True
3.0,30,157348.731879,True
0.0,30,157397.015164,False
2.2,30,157445.14081,True
0.0,30,157492.61151,False
0.0,30,157537.045223,False
2.7,30,157902.107827,True
0.0,30,157951.033133,False
0.0,30,157998.453372,False
2.6,30,158059.423678,True
2.9,30,158102.995882,True
0.0,30,158146.956286,False
1.5,30,158196.093168,True
0.0,30,158246.0565,False
2.0,30,158293.270019,True
0.0,30,158341.229259,False
0.0,30,158394.180445,False
2.8,30,158438.919696,True
3.0,30,158481.820938,True
2.7,30,158527.739861,True
0.0,30,158573.010261,False
2.6,30,158613.563419,True
2.9,30,158661.421814,True
2.8,30,158708.921248,True
0.0,30,158763.236479,False
1.8,30,158816.87937,True
0.0,30,158861.193913,False
0.0,30,158907.696098,False
0.0,30,158954.540738,False
0.0,30,159003.636043,False
0.0,30,159050.157898,False
0.0,30,159100.081173,False
0.0,30,159147.735361,False
2.4,30,159188.46415,True
0.0,30,159237.674814,False
0.0,30,159287.19709,False
2.6,30,159330.721583,True
0.0,30,159378.370303,False
3.0,30,159425.422707,True
0.0,30,159471.546808,False
0.0,30,159825.032269,False
3.0,30,159867.924006,True
0.0,30,159916.335613,False
2.3,30,159978.839754,True
2.5,30,160040.179946,True
0.0,30,160089.236789,False
0.0,30,160135.387951,False
0.0,30,160181.210499,False
2.8,30,160228.434964,True
0.0,30,160280.418581,False
0.0,30,160323.871394,False
2.4,30,160367.625368,True
2.9,30,160418.828109,True
2.5,30,160465.911457,True
0.0,30,160514.273752,False
2.8,30,160555.412171,True
2.6,30,160603.490055,True
0.0,30,160649.407511,False
2.3,30,160698.471751,True
1.9,30,160753.105786,True
3.0,30,160802.613494,True
3.0,30,160851.810484,True
2.6,30,160898.759177,True
0.0,30,160947.740379,False
0.0,30,160991.788829,False
0.0,30,161038.328404,False
2.5,30,161097.853687,True
0.0,30,161141.713567,False
0.0,30,161190.66345,False
2.4,30,161236.649518,True
0.0,30,161294.960673,False
0.0,30,161336.127785,False
2.7,30,161376.977718,True
2.4,30,161450.002663,True
2.9,30,161753.22027,True
0.0,30,161801.462668,False
0.0,30,161850.638397,False
0.0,30,161895.153438,False
0.9,30,161943.382685,False
0.0,30,161992.967606,False
0.0,30,162037.677728,False
0.0,30,162086.249352,False
0.0,30,162133.693603,False
0.0,30,162181.466536,False
0.0,30,162239.51889,False
0.0,30,162291.04619,False
2.8,30,162332.768038,True
2.2,30,162384.123889,True
0.0,30,162431.025545,False
2.8,30,162477.122031,True
0.0,30,162522.971522,False
0.0,30,162571.399363,False
0.6,30,162621.003604,False
0.0,30,162666.21382,False
2.5,30,162717.063876,True
3.0,30,162765.275899,True
0.0,30,162813.716448,False
2.3,30,162858.420446,True
0.0,30,162909.247698,False
0.0,30,162958.239485,False
2.5,30,163002.098426,True
2.8,30,163058.437004,True
2.0,30,163103.083006,True
2.8,30,163150.613023,True
2.3,30,163198.239855,True
2.2,30,163242.075051,True
2.6,30,163287.516127,True
0.0,30,163335.332168,False
0.0,30,163652.449671,False
2.0,30,163696.754063,True
2.6,30,163738.808997,True
0.0,30,163787.186671,False
0.0,30,163833.546106,False
2.9,30,163882.741736,True
1.9,30,163930.439931,True
2.5,30,163980.768521,True
2.3,30,164022.45889,True
2.3,30,164066.681457,True
1.6,30,164117.547147,True
2.7,30,164166.400748,True
0.0,30,164218.022157,False
2.9,30,164264.545541,True
0.0,30,164309.748213,False
3.0,30,164354.822048,True
2.9,30,164404.240867,True
0.1,30,164454.113186,True
0.0,30,164497.981637,False
2.5,30,164547.438236,True
2.7,30,164598.240229,True
1.7,30,164644.889417,True
2.6,30,164697.602285,True
2.8,30,164747.473262,True
0.0,30,164792.615598,False
0.0,30,164844.492014,False
0.0,30,164894.957322,False
2.5,30,164949.936593,True
0.0,30,164996.402859,False
0.0,30,165049.200375,False
2.9,30,165092.646049,True
0.0,30,165137.718291,False
0.0,30,165183.213077,False
2.6,30,165234.604121,True
0.0,30,165540.474385,False
0.0,30,165585.412453,False
0.0,30,165630.041456,False
0.0,30,165674.283993,False
3.0,30,165721.252097,True
2.4,30,165776.008688,True
2.7,30,165822.438003,True
2.7,30,165877.146093,True
2.3,30,165922.891721,True
0.0,30,165968.444515,False
2.8,30,166016.108413,True
0.0,30,166072.289675,False
2.7,30,166117.802171,True
0.0,30,166164.487118,False
1.9,30,166217.830188,True
2.6,30,166271.256911,True
0.0,30,166320.570139,False
2.8,30,166368.132924,True
0.0,30,166419.099389,False
0.0,30,166470.883339,False
1.8,30,166519.137329,True
2.9,30,166564.36717,True
0.0,30,166611.147701,False
0.0,30,166659.289765,False
0.0,30,166706.452073,False
2.6,30,166750.97953,True
0.0,30,166795.366146,False
0.0,30,166837.172868,False
2.3,30,166882.463689,True
2.7,30,166927.34184,True
0.0,30,166978.74788,False
0.0,30,167023.387337,False
0.0,30,167067.446896,False
0.0,30,167115.97047,False
0.0,30,167159.852915,False
0.0,30,167470.606701,False
0.0,30,167512.963081,False
0.0,30,167558.136883,False
2.7,30,167606.447797,True
2.6,30,167652.235577,True
2.4,30,167700.069803,True
0.0,30,167746.808733,False
2.7,30,167791.447382,True
0.0,30,167833.360664,False
0.0,30,167883.469356,False
0.0,30,167926.585942,False
2.8,30,167965.931196,True
0.0,30,168010.854382,False
0.0,30,168059.155678,False
2.8,30,168106.985218,True
0.0,30,168156.263082,False
2.6,30,168204.657425,True
0.0,30,168250.869486,False
2.0,30,168295.761243,True
2.8,30,168344.701257,True
0.0,30,168389.258711,False
2.1,30,168436.1367,True
2.5,30,168489.678017,True
1.8,30,168533.521149,True
0.0,30,168576.315831,False
0.0,30,168627.300153,False
2.5,30,168670.535906,True
3.0,30,168712.677346,True
0.0,30,168759.640752,False
0.0,30,168807.881458,False
1.4,30,168852.831364,False
0.0,30,168908.204284,False
2.5,30,168950.28054,True
0.0,30,168995.392357,False
0.0,30,169297.027427,False
0.0,30,169344.864689,False
1.2,30,169390.746391,True
0.0,30,169438.581583,False
2.8,30,169480.763041,True
2.6,30,169530.247579,True
2.9,30,169576.276371,True
0.0,30,169625.679846,False
2.7,30,169669.920874,True
2.2,30,169719.213593,True
0.0,30,169766.67786,False
2.7,30,169815.13568,True
0.8,30,169859.434697,True
0.0,30,169905.462489,False
2.7,30,169957.508454,True
2.2,30,170004.515578,True
2.8,30,170048.203081,True
0.0,30,170097.046356,False
1.3,30,170142.624793,True
0.0,30,170187.319015,False
0.0,30,170234.622424,False
0.0,30,170289.694123,False
0.0,30,170337.694037,False
0.0,30,170379.249122,False
0.0,30,170422.696592,False
0.0,30,170472.286366,False
2.9,30,170516.717886,True
1.7,30,170557.261375,True
2.6,30,170604.817941,True
0.0,30,170647.286836,False
1.5,30,170713.89362,True
0.0,30,170765.076669,False
0.0,30,170810.857543,False
1.9,30,170874.239189,True
2.3,30,171162.320057,True
2.7,30,171208.559653,True
2.3,30,171252.328024,True
0.0,30,171296.541903,False
0.0,30,171344.812682,False
0.0,30,171393.262699,False
2.3,30,171437.440214,True
0.0,30,171478.764415,False
0.0,30,171524.359167,False
0.0,30,171566.725969,False
0.0,30,171609.291246,False
0.0,30,171659.021379,False
2.5,30,171705.418387,True
2.3,30,171752.981251,True
0.0,30,171804.502882,False
0.0,30,171850.312586,False
2.1,30,171896.407172,True
3.0,30,171944.389087,True
2.0,30,171997.701146,True
0.0,30,172038.983485,False
2.3,30,172093.496137,True
0.0,30,172142.463736,False
0.0,30,172189.161576,False
0.0,30,172236.620444,False
2.8,30,172291.456787,True
0.0,30,172333.140104,False
2.7,30,172379.18731,True
2.3,30,172426.268481,True
0.0,30,172472.941741,False
0.0,30,172522.42077,False
0.0,30,172578.846687,False
0.0,30,172627.594806,False
1.4,30,172674.028997,True
2.5,30,172718.869401,True
0.0,30,172993.147807,False
0.0,30,173038.759441,False
0.0,30,173086.622681,False
2.5,30,173128.618307,True
0.0,30,173172.185971,False
2.7,30,173223.175406,True
0.0,30,173268.161988,False
0.0,30,173316.408945,False
2.1,30,173361.20903,True
1.9,30,173412.748957,True
0.0,30,173455.721796,False
2.6,30,173507.315877,True
0.0,30,173556.600218,False
0.0,30,173601.775584,False
0.0,30,173648.43276,False
0.0,30,173688.783394,False
2.8,30,173733.210541,True
0.0,30,173775.628557,False
0.0,30,173821.460733,False
0.0,30,173868.568508,False
0.0,30,173904.101295,False
0.0,30,173948.758277,False
0.0,30,173993.116104,False
0.0,30,174047.363307,False
0.0,30,174087.559437,False
0.0,30,174133.718149,False
0.0,30,174179.258204,False
1.5,30,174229.747181,True
0.0,30,174284.521129,False
0.0,30,174328.485965,False
0.0,30,174381.909943,False
2.8,30,174436.887292,True
0.0,30,174488.226468,False
0.0,30,174534.771704,False
1.1,30,174821.375249,True
0.0,30,174867.047116,False
0.0,30,174910.58876,False
0.7,30,174954.482283,True
0.0,30,174999.901387,False
0.3,30,175043.157922,True
1.8,30,175088.816241,True
2.6,30,175134.724659,True
2.6,30,175191.39873,True
2.7,30,175233.648821,True
2.4,30,175279.339439,True
0.0,30,175321.698573,False
2.5,30,175365.965991,True
0.0,30,175411.447938,False
2.8,30,175455.359551,True
0.0,30,175500.972065,False
3.0,30,175544.179561,True
2.8,30,175590.646719,True
0.0,30,175636.125885,False
0.0,30,175681.679257,False
0.0,30,175727.090757,False
0.0,30,175774.891552,False
0.0,30,175818.819852,False
1.7,30,175864.941292,True
2.3,30,175906.725584,True
2.6,30,175951.055727,True
1.3,30,175997.052437,True
2.6,30,176042.402617,True
0.0,30,176091.008056,False
2.8,30,176138.537817,True
0.0,30,176182.084145,False
0.0,30,176219.218649,False
0.1,30,176265.17541,False
3.0,30,176312.274062,True
2.5,30,176584.469675,True
0.0,30,176632.109637,False
2.1,30,176677.990831,True
0.0,30,176725.846358,False
0.0,30,176768.296952,False
0.0,30,176810.49032,False
0.0,30,176860.059036,False
0.0,30,176909.818056,False
1.1,30,176955.534833,True
2.9,30,177013.137768,True
1.1,30,177059.729105,True
0.0,30,177104.207567,False
2.2,30,177147.027627,True
0.0,30,177192.784214,False
0.0,30,177238.636759,False
2.8,30,177287.145595,True
0.0,30,177336.250861,False
0.0,30,177388.784973,False
0.0,30,177435.379323,False
2.7,30,177479.390013,True
2.5,30,177527.716729,True
2.9,30,177578.032851,True
0.0,30,177618.843275,False
0.0,30,177662.572815,False
0.1,30,177703.681747,False
0.0,30,177749.379432,False
0.0,30,177789.08872,False
2.8,30,177831.879377,True
0.0,30,177874.995823,False
2.9,30,177923.235312,True
2.5,30,177968.391785,True
2.7,30,178010.25942,True
0.0,30,178052.552461,False
2.6,30,178093.810564,True
1.8,30,178392.756351,True
0.0,30,178444.267565,False
0.0,30,178493.001078,False
0.0,30,178537.897171,False
0.0,30,178588.572012,False
2.0,30,178628.868915,True
2.8,30,178674.19493,True
2.8,30,178724.663592,True
0.0,30,178784.997527,False
2.6,30,178830.755575,True
2.8,30,178881.592283,True
1.5,30,178926.597723,True
2.5,30,178969.588219,True
2.7,30,179019.024886,True
0.0,30,179062.557117,False
2.0,30,179112.2934,True
2.5,30,179163.467462,True
0.0,30,179205.339192,False
0.0,30,179256.078334,False
2.7,30,179299.171308,True
2.7,30,179340.937107,True
0.0,30,179387.23124,False
2.8,30,179436.1899,True
0.0,30,179484.651725,False
2.7,30,179528.608486,True
0.0,30,179579.193652,False
0.0,30,179628.505379,False
0.0,30,179675.350472,False
2.9,30,179718.24527,True
2.6,30,179765.060019,True
0.0,30,179811.853952,False
2.7,30,179859.376149,True
2.1,30,179907.879195,True
1.9,30,179954.474673,True
0.0,30,180002.939207,False
2.3,30,180360.8762,True
0.0,30,180409.482118,False
0.0,30,180460.033232,False
0.0,30,180504.92555,False
0.0,30,180548.582025,False
2.5,30,180596.609493,True
0.0,30,180643.537737,False
2.2,30,180689.285615,True
3.0,30,180745.406799,True
0.0,30,180791.171904,False
2.8,30,180838.408969,True
2.3,30,180886.631873,True
2.8,30,180932.519828,True
2.8,30,180981.546691,True
0.0,30,181028.543077,False
0.0,30,181077.322681,False
0.0,30,181123.652727,False
0.0,30,181170.192525,False
2.8,30,181211.748728,True
0.0,30,181259.206184,False
2.7,30,181313.870052,True
0.0,30,181358.086838,False
2.7,30,181407.121833,True
1.9,30,181452.561662,True
2.7,30,181500.410902,True
2.4,30,181544.602916,True
2.4,30,181594.781383,True
0.0,30,181635.804433,False
3.0,30,181685.242521,True
0.0,30,181731.278317,False
0.0,30,181773.496521,False
2.3,30,181819.504976,True
2.5,30,181864.456798,True
0.0,30,181909.392808,False
0.0,30,182276.134865,False
0.0,30,182326.205424,False
2.8,30,182374.604333,True
2.8,30,182425.697106,True
2.8,30,182469.27474,True
2.8,30,182509.587576,True
0.0,30,182565.985471,False
0.0,30,182611.625177,False
2.5,30,182661.578463,True
0.0,30,182708.572982,False
0.0,30,182753.804104,False
0.0,30,182799.083153,False
0.0,30,182847.176158,False
0.0,30,182897.15557,False
2.7,30,182943.076464,True
0.0,30,182985.320909,False
3.0,30,183035.013023,True
2.7,30,183080.885292,True
2.8,30,183126.020974,True
0.0,30,183173.425022,False
0.0,30,183217.268673,False
2.7,30,183262.399829,True
0.0,30,183311.032621,False
0.0,30,183357.093136,False
0.0,30,183412.775511,False
2.7,30,183485.961685,True
0.0,30,183532.260733,False
3.0,30,183578.635084,True
0.4,30,183637.56465,True
2.8,30,183686.691192,True
0.0,30,183729.787558,False
0.0,30,183779.211368,False
2.3,30,183824.160789,True
2.7,30,183876.547471,True
0.0,30,184216.947412,False
2.8,30,184257.242196,True
0.0,30,184303.829802,False
0.0,30,184347.541299,False
0.0,30,184393.20186,False
3.0,30,184437.086213,True
1.8,30,184484.213564,True
0.0,30,184528.700501,False
0.0,30,184575.278544,False
0.0,30,184624.246008,False
0.0,30,184673.766736,False
2.5,30,184717.03389,True
2.7,30,184762.870021,True
0.0,30,184803.708026,False
0.0,30,184854.146505,False
0.0,30,184910.237536,False
0.0,30,184961.184482,False
2.2,30,185009.722273,True
2.3,30,185055.668473,True
2.6,30,185101.112501,True
0.0,30,185146.878812,False
0.0,30,185193.226321,False
0.0,30,185253.529299,False
0.0,30,185313.004908,False
2.6,30,185362.789794,True
0.6,30,185406.88068,True
1.8,30,185451.22863,True
0.0,30,185494.73893,False
2.7,30,185534.918006,True
0.0,30,185579.846241,False
2.1,30,185628.134997,True
2.7,30,185672.767422,True
0.0,30,185715.579957,False
0.0,30,185761.585618,False
2.5,30,186139.820352,True
0.0,30,186186.147611,False
1.7,30,186247.044789,True
0.6,30,186294.181147,False
0.0,30,186342.681045,False
0.0,30,186388.324147,False
0.3,30,186437.497377,True
0.0,30,186480.066444,False
2.4,30,186532.78513,True
0.0,30,186585.899781,False
0.0,30,186631.299087,False
2.8,30,186687.211462,True
0.0,30,186738.906716,False
3.0,30,186791.15255,True
2.1,30,186837.243552,True
0.0,30,186881.664696,False
1.4,30,186935.695998,True
0.0,30,186980.167853,False
0.0,30,187025.997144,False
0.0,30,187070.476271,False
0.0,30,187120.967861,False
2.8,30,187165.231359,True
2.6,30,187211.056829,True
0.0,30,187273.265201,False
0.0,30,187321.111174,False
0.0,30,187366.175904,False
2.6,30,187410.438688,True
0.0,30,187460.53711,False
0.0,30,187501.311495,False
0.0,30,187545.811772,False
2.9,30,187589.715012,True
2.2,30,187635.366241,True
0.0,30,187688.112863,False
2.9,30,187733.217078,True
0.0,30,188103.741418,False
1.8,30,188154.715881,True
2.7,30,188201.688387,True
2.8,30,188249.646941,True
0.0,30,188295.296999,False
2.5,30,188337.870621,True
2.6,30,188384.606837,True
2.3,30,188434.759037,True
0.0,30,188482.712473,False
0.0,30,188530.020884,False
0.0,30,188571.32754,False
2.8,30,188621.331977,True
0.0,30,188665.226546,False
0.0,30,188715.890835,False
2.0,30,188763.405508,True
2.7,30,188813.997597,True
2.2,30,188870.49834,True
2.7,30,188915.260043,True
2.3,30,188962.82223,True
1.2,30,189011.887063,True
2.4,30,189067.125133,True
0.0,30,189114.710233,False
2.8,30,189158.445187,True
0.0,30,189210.002021,False
0.0,30,189264.237922,False
0.0,30,189310.566219,False
2.2,30,189354.438436,True
0.0,30,189404.931824,False
2.8,30,189450.612741,True
0.0,30,189496.626509,False
2.2,30,189541.123414,True
2.9,30,189593.804132,True
0.0,30,189639.160159,False
2.8,30,189689.61349,True
2.5,30,190020.220271,True
2.9,30,190064.997243,True
2.6,30,190112.145182,True
0.0,30,190159.311586,False
0.0,30,190206.989372,False
2.8,30,190249.927879,True
0.0,30,190294.709752,False
0.0,30,190340.858283,False
0.0,30,190388.184758,False
2.8,30,190445.053502,True
2.8,30,190492.452669,True
2.8,30,190538.108334,True
2.4,30,190584.501586,True
0.0,30,190631.538533,False
0.0,30,190678.540875,False
2.9,30,190730.297309,True
1.5,30,190781.584471,True
0.0,30,190829.71551,False
2.7,30,190874.252736,True
0.0,30,190922.969209,False
2.7,30,190974.921506,True
2.9,30,191015.179592,True
0.0,30,191063.573593,False
0.0,30,191110.423146,False
0.0,30,191154.718336,False
0.0,30,191201.577981,False
0.0,30,191249.394613,False
0.0,30,191293.937935,False
0.0,30,191355.694494,False
0.0,30,191410.918871,False
0.0,30,191462.015676,False
2.9,30,191509.873512,True
2.9,30,191557.958387,True
0.0,30,191604.053832,False
2.3,30,191948.353257,True
2.4,30,191999.139773,True
0.0,30,192047.356735,False
0.0,30,192094.690762,False
2.7,30,192140.358005,True
2.7,30,192182.399978,True
0.0,30,192228.790525,False
2.4,30,192271.549237,True
0.0,30,192317.46573,False
2.9,30,192360.644014,True
2.5,30,192404.819675,True
1.3,30,192447.367136,True
1.2,30,192492.367313,True
0.0,30,192534.393237,False
0.0,30,192581.762054,False
3.0,30,192630.023307,True
2.3,30,192676.883368,True
2.6,30,192719.265696,True
2.8,30,192771.722173,True
0.0,30,192817.797754,False
2.6,30,192861.950294,True
1.7,30,192903.607284,True
1.0,30,192952.677033,True
0.0,30,193002.496659,False
2.9,30,193050.722821,True
2.9,30,193096.905097,True
2.7,30,193142.721147,True
2.6,30,193188.685019,True
2.7,30,193234.109066,True
1.8,30,193278.537602,True
2.5,30,193323.387775,True
2.6,30,193368.346639,True
0.0,30,193412.328563,False
0.0,30,193476.08628,False
0.0,30,193840.250848,False
2.8,30,193884.131465,True
0.0,30,193931.684135,False
1.8,30,193977.340676,True
2.2,30,194030.482688,True
3.0,30,194082.679893,True
0.0,30,194128.583815,False
2.6,30,194178.611964,True
0.0,30,194226.390088,False
2.0,30,194275.258417,True
2.5,30,194321.23272,True
2.4,30,194366.040874,True
2.6,30,194414.364604,True
2.9,30,194464.191879,True
2.8,30,194513.807666,True
0.0,30,194559.852388,False
2.9,30,194605.737906,True
0.0,30,194655.794707,False
0.0,30,194705.195336,False
0.0,30,194750.160541,False
0.0,30,194796.409719,False
2.5,30,194846.893809,True
2.8,30,194889.803886,True
2.6,30,194936.219028,True
3.0,30,194986.641756,True
0.0,30,195029.748149,False
0.0,30,195072.151138,False
0.0,30,195125.542171,False
2.7,30,195175.398424,True
2.8,30,195223.95752,True
2.6,30,195273.899067,True
0.0,30,195326.165924,False
3.0,30,195381.240978,True
2.8,30,195426.573019,True
0.0,30,195470.792397,False
0.0,30,195817.562618,False
0.0,30,195864.132682,False
0.0,30,195913.788311,False
0.0,30,195966.132696,False
2.7,30,196021.71539,True
0.0,30,196067.354613,False
0.0,30,196113.733903,False
2.7,30,196155.579738,True
2.6,30,196203.280604,True
0.0,30,196250.022619,False
0.0,30,196312.862326,False
0.0,30,196361.031417,False
0.0,30,196418.933695,False
0.0,30,196468.730816,False
0.0,30,196515.207003,False
0.0,30,196567.53317,False
0.0,30,196612.026999,False
0.0,30,196662.145033,False
0.0,30,196711.414567,False
0.0,30,196760.287396,False
0.0,30,196810.422471,False
0.0,30,196861.896943,False
2.8,30,196906.91472,True
2.6,30,196948.920828,True
2.2,30,196994.458918,True
2.6,30,197042.242557,True
2.9,30,197089.847824,True
0.0,30,197138.913013,False
2.7,30,197189.576251,True
2.8,30,197236.687546,True
0.0,30,197289.317573,False
0.0,30,197340.637991,False
2.9,30,197395.536179,True
0.0,30,197445.202013,False
0.0,30,197760.160072,False
2.4,30,197803.885159,True
2.3,30,197848.657741,True
0.0,30,197892.452172,False
0.0,30,197939.10213,False
0.0,30,197985.743819,False
2.8,30,198027.30103,True
2.9,30,198073.845958,True
0.0,30,198116.530793,False
2.7,30,198163.024957,True
0.0,30,198214.118969,False
0.0,30,198263.003289,False
2.4,30,198316.201962,True
0.0,30,198372.311509,False
2.7,30,198423.099677,True
2.8,30,198473.093357,True
2.8,30,198521.817534,True
2.4,30,198568.221457,True
0.0,30,198614.902248,False
3.0,30,198662.427301,True
2.9,30,198721.604884,True
0.0,30,198767.819446,False
0.0,30,198823.901688,False
0.0,30,198868.222426,False
1.8,30,198916.781547,True
1.7,30,198957.125404,True
1.9,30,199005.998789,False
2.6,30,199053.747264,True
0.0,30,199102.779047,False
0.0,30,199154.737778,False
1.3,30,199207.692009,True
0.0,30,199259.214442,False
2.9,30,199310.266366,True
0.0,30,199351.12453,False
3.0,30,199685.929736,True
0.0,30,199730.15117,False
0.0,30,199784.929325,False
0.0,30,199830.396438,False
0.0,30,199879.271132,False
2.6,30,199928.527218,True
0.0,30,199971.414646,False
2.7,30,200065.948103,True
0.0,30,200111.92491,False
1.6,30,200157.277547,True
0.0,30,200203.898515,False
0.0,30,200245.823111,False
2.4,30,200292.07566,True
3.0,30,200337.508497,True
0.0,30,200385.033339,False
2.4,30,200433.3399,True
2.6,30,200480.700078,True
2.4,30,200530.376907,True
1.5,30,200575.807554,True
0.0,30,200626.485261,False
3.0,30,200673.008179,True
0.0,30,200717.794411,False
0.7,30,200771.011291,False
0.0,30,200815.430192,False
1.1,30,200859.437794,False
0.0,30,200915.218708,False
1.9,30,200970.751187,True
2.8,30,201026.57225,True
0.0,30,201077.100941,False
0.0,30,201122.059409,False
2.8,30,201167.771616,True
0.0,30,201211.05693,False
2.6,30,201256.612081,True
2.4,30,201303.221732,True
2.4,30,201651.869468,True
0.0,30,201701.799997,False
3.0,30,201755.532187,True
2.6,30,201809.8003,True
2.2,30,201859.808554,True
2.4,30,201905.613354,True
2.6,30,201945.19753,True
2.9,30,201990.041364,True
0.0,30,202036.021144,False
0.0,30,202076.577291,False
0.0,30,202127.4603,False
0.0,30,202177.719107,False
0.0,30,202222.848613,False
0.0,30,202275.456553,False
2.6,30,202320.975956,True
2.8,30,202365.135993,True
2.3,30,202407.841548,True
0.0,30,202450.615778,False
2.5,30,202504.537796,True
2.6,30,202551.618456,True
0.0,30,202594.674034,False
0.0,30,202640.945242,False
2.2,30,202686.251355,True
0.0,30,202734.989912,False
0.0,30,202788.758558,False
0.0,30,202833.467394,False
2.2,30,202874.835121,True
1.5,30,202921.806124,True
1.8,30,202963.551258,True
0.0,30,203009.747742,False
2.7,30,203055.809727,True
2.9,30,203103.549228,True
0.0,30,203149.983973,False
0.0,30,203200.376009,False
0.0,30,203546.892715,False
0.0,30,203595.114699,False
2.2,30,203652.573819,True
0.0,30,203701.37198,False
2.8,30,203768.814291,True
2.6,30,203813.784273,True
2.6,30,203867.962229,True
0.0,30,203913.959023,False
0.0,30,203962.659356,False
0.0,30,204009.587393,False
0.0,30,204056.541065,False
0.0,30,204106.46835,False
0.0,30,204147.822478,False
0.0,30,204200.444341,False
1.6,30,204244.643308,True
2.6,30,204292.157301,True
0.0,30,204339.074457,False
2.8,30,204385.422766,True
0.0,30,204430.98485,False
2.7,30,204475.702923,True
2.7,30,204523.042726,True
0.0,30,204578.050372,False
0.0,30,204624.199744,False
2.4,30,204676.338585,True
0.0,30,204722.298146,False
0.0,30,204763.28615,False
2.8,30,204808.823936,True
0.0,30,204861.632174,False
0.0,30,204908.603411,False
3.0,30,204947.394302,True
3.0,30,204989.037483,True
0.0,30,205036.271271,False
0.0,30,205083.410812,False
0.0,30,205131.574275,False
0.0,30,205464.659024,False
1.9,30,205508.744636,True
0.0,30,205557.978571,False
0.0,30,205603.745213,False
2.6,30,205651.623477,True
0.0,30,205701.445212,False
2.8,30,205749.853117,True
0.0,30,205799.957343,False
2.7,30,205847.175601,True
2.6,30,205890.01082,True
0.0,30,205935.185647,False
2.2,30,205985.786189,True
0.0,30,206036.530597,False
2.5,30,206080.054911,True
0.0,30,206127.926112,False
0.0,30,206179.749039,False
2.7,30,206224.144362,True
2.7,30,206271.238773,True
0.0,30,206318.70362,False
2.7,30,206367.655169,True
2.4,30,206417.434065,True
0.0,30,206466.107065,False
2.2,30,206508.735599,True
0.0,30,206556.366522,False
2.0,30,206613.525045,True
2.7,30,206660.712523,True
2.1,30,206703.613032,True
3.0,30,206756.214767,True
2.5,30,206800.735234,True
1.1,30,206854.826603,True
0.0,30,206901.591936,False
0.0,30,206952.728988,False
1.6,30,207000.294116,True
2.7,30,207047.865239,True
0.0,30,207380.991591,False
2.8,30,207427.071623,True
2.6,30,207473.543795,True
2.8,30,207526.422226,True
0.0,30,207571.041276,False
2.7,30,207622.731951,True
0.0,30,207669.150516,False
2.1,30,207712.101046,True
0.0,30,207757.655442,False
2.0,30,207803.865087,True
2.2,30,207850.528619,True
2.0,30,207893.086609,True
2.6,30,207948.169165,True
2.6,30,207996.609332,True
3.0,30,208039.805343,True
2.7,30,208085.527714,True
2.8,30,208130.858723,True
2.9,30,208173.033245,True
0.0,30,208213.415015,False
2.4,30,208265.272248,True
0.0,30,208312.719716,False
2.8,30,208363.043197,True
0.0,30,208408.554174,False
1.8,30,208459.970346,True
0.0,30,208507.618819,False
0.0,30,208549.305401,False
0.0,30,208592.40014,False
0.0,30,208637.19661,False
2.2,30,208687.099774,True
0.0,30,208734.683732,False
1.6,30,208778.253577,True
2.9,30,208823.902122,True
2.7,30,208866.44791,True
2.4,30,208932.351074,True
2.3,30,208980.121958,True
2.4,30,209340.330568,True
0.0,30,209387.755387,False
0.0,30,209428.089523,False
2.5,30,209473.968319,True
0.0,30,209522.874501,False
0.0,30,209566.022661,False
1.5,30,209613.274746,True
0.2,30,209660.36697,True
0.0,30,209708.923922,False
2.4,30,209755.241214,True
0.0,30,209798.838055,False
2.7,30,209845.897308,True
2.7,30,209894.79739,True
0.0,30,209943.537485,False
0.0,30,209990.943924,False
0.0,30,210042.058755,False
0.0,30,210086.199007,False
2.6,30,210132.300168,True
2.8,30,210172.481956,True
2.8,30,210228.42915,True
0.0,30,210274.821963,False
0.0,30,210323.584639,False
0.0,30,210365.061222,False
2.6,30,210413.907687,True
0.0,30,210469.179856,False
0.0,30,210522.140833,False
2.8,30,210569.063005,True
0.0,30,210621.940239,False
0.0,30,210669.986544,False
0.0,30,210717.454919,False
2.7,30,210761.322702,True
2.8,30,210807.930821,True
2.9,30,210855.750425,True
1.2,30,210901.844722,True
2.7,30,211220.660178,True
0.0,30,211263.961287,False
0.0,30,211315.945894,False
2.8,30,211360.048197,True
2.7,30,211405.339354,True
2.6,30,211450.681929,True
2.7,30,211494.239431,True
0.0,30,211537.729889,False
2.9,30,211584.14088,True
0.0,30,211633.730917,False
0.5,30,211680.053706,True
2.8,30,211724.420332,True
1.3,30,211769.550886,True
0.0,30,211816.531642,False
0.0,30,211876.839643,False
0.0,30,211922.779927,False
0.5,30,211967.902749,False
2.6,30,212014.742167,True
0.0,30,212057.528972,False
2.6,30,212119.20286,True
2.6,30,212162.946434,True
2.8,30,212210.879903,True
0.0,30,212260.11631,False
0.0,30,212304.222415,False
0.0,30,212347.252094,False
0.0,30,212396.255453,False
2.7,30,212438.885009,True
0.0,30,212487.33552,False
0.0,30,212536.292334,False
0.0,30,212589.457996,False
3.0,30,212637.128858,True
2.7,30,212680.846771,True
2.2,30,212728.458729,True
0.0,30,212771.852521,False
0.0,30,213101.7822,False
0.0,30,213150.484956,False
0.0,30,213202.803494,False
0.0,30,213253.264546,False
0.0,30,213305.243011,False
2.8,30,213349.83681,True
0.0,30,213397.25332,False
2.5,30,213445.712878,True
0.0,30,213491.524459,False
2.8,30,213533.585195,True
0.0,30,213574.486466,False
2.8,30,213655.096397,True
0.0,30,213702.116859,False
0.0,30,213746.950789,False
2.7,30,213820.034985,True
2.8,30,213865.024586,True
3.0,30,213904.610893,True
0.0,30,213962.511232,False
2.2,30,214009.424247,True
3.0,30,214058.040855,True
2.8,30,214105.412029,True
1.9,30,214151.107969,True
0.0,30,214192.245292,False
2.8,30,214232.687755,True
0.0,30,214276.819772,False
0.0,30,214331.297522,False
0.0,30,214379.105206,False
2.4,30,214419.883687,True
2.5,30,214462.718001,True
2.5,30,214516.556172,True
2.2,30,214557.26572,True
0.0,30,214605.990563,False
2.5,30,214651.510614,True
0.0,30,214693.884392,False
1.9,30,215025.623188,True
0.0,30,215072.096117,False
2.8,30,215117.24492,True
0.0,30,215162.071735,False
3.0,30,215205.383948,True
0.0,30,215245.870363,False
0.0,30,215290.855171,False
0.0,30,215377.122001,False
0.0,30,215435.923697,False
2.3,30,215482.32536,True
2.7,30,215528.426447,True
1.7,30,215576.790165,True
0.0,30,215622.938663,False
2.7,30,215669.156284,True
0.0,30,215723.692581,False
2.6,30,215775.870462,True
2.6,30,215822.970416,True
0.0,30,215867.59762,False
2.7,30,215915.257652,True
1.0,30,215961.752155,True
2.5,30,216011.470088,True
2.2,30,216054.663269,True
0.0,30,216105.590891,False
1.9,30,216156.243121,True
2.2,30,216202.804247,True
2.5,30,216248.048998,True
2.3,30,216290.377274,True
2.4,30,216339.415139,True
1.6,30,216384.367996,True
2.1,30,216424.914243,True
2.8,30,216469.197417,True
2.7,30,216521.402837,False
1.7,30,216566.062147,False
2.3,30,216617.529214,True
0.0,30,216937.798919,False
0.0,30,216979.324333,False
2.7,30,217025.225942,True
2.5,30,217072.239755,True
2.7,30,217121.980037,True
0.0,30,217168.644505,False
0.0,30,217219.616349,False
0.7,30,217269.728546,True
0.0,30,217324.447176,False
3.0,30,217372.018381,True
0.0,30,217425.998487,False
0.0,30,217471.287796,False
2.8,30,217516.950941,True
0.0,30,217564.160754,False
2.6,30,217608.211968,True
2.3,30,217651.558052,True
0.0,30,217698.512918,False
0.0,30,217743.205638,False
0.0,30,217787.602187,False
0.0,30,217840.226169,False
2.6,30,217883.634231,True
0.0,30,217925.959192,False
0.0,30,217970.207528,False
0.0,30,218022.280922,False
0.0,30,218064.780657,False
2.9,30,218113.85443,True
2.8,30,218162.934666,True
0.0,30,218212.448905,False
0.0,30,218257.014408,False
0.7,30,218302.316763,True
2.8,30,218349.679835,True
2.7,30,218393.257309,True
3.0,30,218438.002499,True
2.6,30,218481.936502,True
0.0,30,218781.798846,False
0.0,30,218829.568944,False
2.3,30,218896.116444,True
0.0,30,218934.060414,False
2.4,30,218977.669615,True
0.0,30,219024.29773,False
0.0,30,219067.595724,False
2.8,30,219122.909417,True
0.0,30,219165.974098,False
0.0,30,219215.028049,False
0.0,30,219258.946125,False
0.0,30,219306.095708,False
0.0,30,219352.891435,False
2.6,30,219403.136062,True
0.0,30,219449.243812,False
2.5,30,219499.135346,True
2.3,30,219545.819146,True
2.6,30,219593.071725,True
0.0,30,219648.618667,False
0.0,30,219697.693495,False
0.0,30,219743.999246,False
0.0,30,219788.199401,False
0.0,30,219831.057216,False
0.0,30,219878.782631,False
2.8,30,219921.967229,True
2.2,30,219973.865358,True
0.0,30,220021.526892,False
2.6,30,220069.734029,True
2.7,30,220115.432795,True
2.3,30,220157.339041,True
0.0,30,220210.041337,False
0.0,30,220254.974096,False
3.0,30,220303.467656,True
2.7,30,220358.272308,True
2.6,30,220671.433404,True
2.3,30,220725.945135,True
0.0,30,220777.156857,False
0.0,30,220831.984257,False
2.8,30,220874.675392,True
0.0,30,220918.391349,False
2.5,30,220964.086128,True
0.0,30,221006.695915,False
0.0,30,221048.74211,False
0.0,30,221090.407253,False
0.0,30,221132.507866,False
0.0,30,221170.12253,False
0.0,30,221215.578157,False
0.0,30,221260.990825,False
2.9,30,221307.681332,True
2.7,30,221355.342083,True
2.2,30,221398.403845,True
2.5,30,221445.224727,True
0.0,30,221487.038415,False
2.8,30,221530.615614,True
0.0,30,221577.049114,False
0.0,30,221624.105928,False
0.0,30,221670.441717,False
0.0,30,221714.07848,False
0.0,30,221759.971539,False
2.2,30,221812.92545,True
0.0,30,221856.379713,False
2.3,30,221900.049973,True
0.0,30,221950.091067,False
2.8,30,221998.819704,True
2.8,30,222046.974047,True
0.0,30,222088.999059,False
0.0,30,222130.587502,False
0.9,30,222175.42767,True
0.0,30,222491.577903,False
2.8,30,222539.600068,True
0.0,30,222587.907624,False
0.0,30,222629.707752,False
2.4,30,222673.144691,True
0.0,30,222717.127199,False
2.2,30,222759.13517,True
0.0,30,222802.873979,False
0.0,30,222845.767503,False
2.4,30,222891.188104,True
0.0,30,222932.067019,False
0.0,30,222980.287412,False
2.7,30,223031.108694,True
0.0,30,223073.803575,False
2.8,30,223122.63737,True
2.8,30,223169.086149,True
2.3,30,223220.195039,True
2.8,30,223269.176947,True
0.0,30,223315.060062,False
2.9,30,223365.82882,True
2.0,30,223416.318136,True
0.0,30,223466.305629,False
2.6,30,223505.867952,True
0.0,30,223547.239866,False
0.0,30,223593.917941,False
2.8,30,223641.987453,True
0.0,30,223686.156412,False
2.7,30,223730.479595,True
0.0,30,223776.396713,False
2.4,30,223824.41004,True
2.7,30,223873.267989,True
0.0,30,223922.871072,False
0.0,30,223969.853132,False
0.0,30,224019.773418,False
0.0,30,224066.636515,False
0.0,30,224402.172413,False
0.0,30,224442.141312,False
2.6,30,224488.227287,True
2.0,30,224529.364216,True
0.0,30,224577.046473,False
0.0,30,224629.034377,False
0.9,30,224675.382364,False
2.8,30,224724.929265,True
2.2,30,224767.572376,True
0.0,30,224810.988656,False
2.0,30,224855.849124,True
0.0,30,224902.134184,False
2.9,30,224951.065655,True
0.0,30,224998.297191,False
0.0,30,225044.983785,False
2.3,30,225093.994722,True
2.4,30,225140.663217,True
2.8,30,225184.781829,True
2.2,30,225233.195928,True
0.0,30,225277.511112,False
0.0,30,225320.523748,False
0.0,30,225363.591793,False
2.6,30,225410.538674,True
0.0,30,225455.828522,False
0.0,30,225502.422909,False
2.8,30,225550.904869,True
0.0,30,225597.84778,False
2.4,30,225649.258809,True
0.0,30,225697.812061,False
0.0,30,225750.149254,False
2.6,30,225800.631171,True
2.7,30,225844.14571,True
0.0,30,225888.371925,False
3.0,30,225933.379385,True
0.3,30,226220.238356,True
2.8,30,226266.492987,True
2.0,30,226307.351777,True
0.0,30,226346.166547,False
2.7,30,226393.06546,True
3.0,30,226439.127426,True
0.0,30,226489.48735,False
0.0,30,226534.668968,False
0.0,30,226581.908871,False
2.8,30,226628.934113,True
0.0,30,226676.949841,False
2.3,30,226720.184699,True
0.0,30,226763.801146,False
0.0,30,226813.507807,False
0.0,30,226859.779927,False
2.8,30,226905.009897,True
1.7,30,226947.833086,True
3.0,30,226992.261112,True
0.0,30,227051.540056,False
0.0,30,227097.672822,False
0.0,30,227148.097806,False
0.0,30,227201.86972,False
2.5,30,227252.829275,True
2.8,30,227303.344563,True
0.2,30,227346.720952,False
0.0,30,227390.203914,False
0.0,30,227438.23162,False
0.0,30,227485.335483,False
3.0,30,227531.747428,True
0.0,30,227571.690449,False
0.0,30,227613.554412,False
2.6,30,227660.342458,True
0.0,30,227705.022226,False
2.5,30,227749.056899,True
2.4,30,228045.47829,True
0.0,30,228089.631028,False
3.0,30,228139.191643,True
2.7,30,228189.918531,True
0.0,30,228234.635898,False
0.0,30,228279.660115,False
2.2,30,228325.853726,True
0.0,30,228376.603677,False
0.0,30,228417.922132,False
2.9,30,228462.484579,True
0.0,30,228510.525437,False
2.8,30,228559.370446,True
0.0,30,228607.580292,False
2.6,30,228654.260366,True
0.0,30,228700.255594,False
2.5,30,228747.375099,True
2.2,30,228804.322975,True
2.4,30,228847.206584,True
2.6,30,228892.667932,True
0.0,30,228944.136612,False
3.0,30,228994.416203,True
2.7,30,229040.272067,True
0.0,30,229085.178714,False
0.0,30,229130.201046,False
2.7,30,229175.545686,True
3.0,30,229224.06299,True
2.8,30,229261.785285,True
3.0,30,229337.458939,True
2.8,30,229389.081655,True
2.7,30,229432.163624,True
0.0,30,229473.580506,False
2.4,30,229520.728135,True
0.0,30,229570.232522,False
1.6,30,229619.718403,True
2.4,30,229923.807622,True
0.0,30,229974.518078,False
2.4,30,230018.781111,True
0.0,30,230068.918127,False
2.9,30,230115.899069,True
0.0,30,230159.102325,False
2.6,30,230205.364441,True
2.9,30,230246.283616,True
2.5,30,230296.430862,True
0.0,30,230340.359219,False
0.0,30,230393.624871,False
0.0,30,230437.990684,False
1.6,30,230479.952496,True
0.0,30,230524.957939,False
0.0,30,230572.788084,False
0.0,30,230621.728059,False
0.0,30,230667.13446,False
2.4,30,230709.370768,True
2.8,30,230753.979471,True
3.0,30,230792.899456,True
2.0,30,230842.04141,True
0.0,30,230889.461629,False
1.4,30,230937.397489,True
0.0,30,230988.929307,False
0.0,30,231049.154192,False
2.8,30,231100.793731,True
0.0,30,231156.145946,False
0.0,30,231204.442488,False
2.9,30,231243.658034,True
0.0,30,231284.802681,False
2.5,30,231339.578123,True
3.0,30,231390.629302,True
2.3,30,231437.824359,True
0.0,30,231482.308038,False
0.0,30,231758.361636,False
1.0,30,231802.546314,True
2.4,30,231847.865832,True
0.0,30,231887.156347,False
2.9,30,231929.295536,True
0.0,30,231977.719501,False
2.5,30,232022.004921,True
2.6,30,232065.538759,True
2.8,30,232111.616453,True
2.2,30,232154.398605,True
2.6,30,232206.681734,True
0.0,30,232251.64573,False
2.4,30,232296.439607,True
2.7,30,232341.505962,True
2.3,30,232391.625493,True
2.6,30,232437.89033,True
2.1,30,232486.943202,True
2.9,30,232534.786265,True
0.0,30,232583.721256,False
0.0,30,232635.080031,False
0.0,30,232674.411946,False
2.6,30,232723.410201,True
3.0,30,232767.775007,True
0.0,30,232813.240764,False
0.0,30,232855.637968,False
2.2,30,232904.675591,True
0.0,30,232947.744687,False
0.0,30,232996.051117,False
2.6,30,233044.831742,True
2.2,30,233096.574801,True
2.6,30,233139.486649,True
2.2,30,233191.429063,True
0.0,30,233242.678301,False
0.0,30,233292.362802,False
0.0,30,233597.980682,False
2.9,30,233642.076177,True
2.6,30,233685.823797,True
2.2,30,233729.082055,True
2.6,30,233770.668853,True
2.8,30,233819.273193,True
0.0,30,233869.408615,False
0.0,30,233913.000504,False
0.0,30,233957.629699,False
2.6,30,233999.313959,True
0.0,30,234048.958048,False
2.3,30,234107.748087,True
2.7,30,234161.886568,True
2.8,30,234202.196654,True
0.0,30,234245.973245,False
0.0,30,234287.956044,False
0.5,30,234334.961474,True
2.8,30,234385.854231,True
2.4,30,234435.598021,True
0.0,30,234483.207178,False
0.0,30,234526.802629,False
0.0,30,234569.405746,False
0.0,30,234617.251522,False
0.0,30,234657.918364,False
1.8,30,234707.811708,True
2.7,30,234755.395278,True
0.0,30,234797.900658,False
2.8,30,234846.934519,True
0.0,30,234890.943712,False
2.8,30,234936.285072,True
0.2,30,234988.422339,False
0.0,30,235038.004451,False
2.4,30,235084.889953,True
2.4,30,235138.07761,True
2.8,30,235425.312451,True
2.4,30,235474.897479,True
2.5,30,235520.457787,True
2.3,30,235569.179466,True
2.8,30,235613.751325,True
2.4,30,235654.889132,True
2.3,30,235701.989872,True
2.3,30,235747.078965,False
3.0,30,235794.851641,True
2.5,30,235838.036228,True
3.0,30,235883.168971,True
0.0,30,235927.222924,False
0.0,30,235967.889135,False
2.2,30,236009.231792,True
2.6,30,236052.87875,True
2.8,30,236096.234696,True
2.5,30,236142.915204,True
0.0,30,236189.065538,False
2.4,30,236231.950693,True
0.0,30,236273.131079,False
2.4,30,236322.188719,True
2.7,30,236367.256159,True
0.0,30,236410.738321,False
0.0,30,236452.848642,False
3.0,30,236498.934692,True
0.0,30,236542.868019,False
2.2,30,236598.029528,True
0.7,30,236641.57158,True
0.0,30,236683.093986,False
1.4,30,236726.295442,True
0.0,30,236775.876265,False
2.4,30,236822.95068,True
0.0,30,236866.534633,False
0.0,30,236911.6933,False
0.0,30,236955.237419,False
2.7,30,237270.954533,True
1.3,30,237314.831806,True
2.5,30,237371.102705,True
3.0,30,237418.909971,True
0.0,30,237469.315893,False
2.9,30,237516.786259,True
0.0,30,237562.667508,False
2.6,30,237610.159279,True
2.4,30,237653.287523,True
2.7,30,237698.820175,True
1.4,30,237744.79838,True
2.4,30,237797.510333,True
2.5,30,237841.287905,True
0.0,30,237889.799046,False
2.9,30,237937.225554,True
2.7,30,237982.971212,True
0.0,30,238027.007409,False
0.0,30,238070.836048,False
3.0,30,238114.838622,True
0.0,30,238158.498046,False
0.0,30,238206.741856,False
0.0,30,238252.061357,False
2.8,30,238303.902636,True
0.0,30,238350.34534,False
0.0,30,238390.734143,False
0.0,30,238433.35326,False
0.0,30,238479.084459,False
0.0,30,238529.01781,False
2.2,30,238574.849235,True
2.6,30,238625.387148,True
2.8,30,238670.073612,True
0.0,30,238717.756683,False
0.2,30,238759.969265,False
1.2,30,238804.200079,True
2.0,30,239135.069582,True
3.0,30,239175.445355,True
2.3,30,239220.456501,True
0.0,30,239268.469246,False
1.9,30,239316.82964,True
2.8,30,239364.95583,True
0.0,30,239410.489602,False
2.2,30,239457.551122,True
2.9,30,239500.263497,True
2.7,30,239547.80762,True
0.0,30,239603.557782,False
2.8,30,239646.771232,True
0.0,30,239695.766159,False
1.0,30,239743.915395,True
0.0,30,239791.243352,False
2.1,30,239843.589584,True
0.0,30,239896.496863,False
2.5,30,240004.248822,True
2.6,30,240056.574667,True
2.6,30,240113.306714,True
2.8,30,240155.946975,True
3.0,30,240200.301622,True
2.7,30,240242.43929,True
0.0,30,240290.433559,False
2.3,30,240331.261673,True
0.0,30,240377.144145,False
0.0,30,240433.762277,False
0.0,30,240484.275281,False
0.0,30,240530.148985,False
2.8,30,240578.580048,True
2.8,30,240629.580499,True
2.4,30,240674.037026,True
0.0,30,240716.958187,False
2.6,30,240766.214118,True
0.0,30,241077.707439,False
3.0,30,241122.449184,True
0.0,30,241169.207036,False
2.3,30,241217.555126,True
2.6,30,241267.920142,True
0.0,30,241320.823174,False
2.8,30,241364.032428,True
2.7,30,241407.030864,True
2.5,30,241449.798872,True
2.4,30,241493.743325,True
0.0,30,241544.822699,False
0.0,30,241586.818921,False
2.8,30,241627.985703,True
0.0,30,241670.173844,False
0.0,30,241720.731939,False
3.0,30,241771.329777,True
0.0,30,241813.031286,False
1.8,30,241857.95756,True
1.8,30,241901.395095,True
0.0,30,241950.05526,False
0.0,30,242000.594198,False
0.0,30,242043.093679,False
0.0,30,242089.628904,False
0.0,30,242138.18207,False
0.0,30,242179.96655,False
0.0,30,242226.851818,False
2.9,30,242270.11241,True
2.9,30,242328.807159,True
0.0,30,242372.114851,False
2.4,30,242445.246094,True
3.0,30,242491.323884,True
2.0,30,242537.012257,True
0.0,30,242587.717406,False
0.0,30,242630.94468,False
2.6,30,242943.88643,True
0.0,30,242988.62312,False
0.0,30,243036.850736,False
0.7,30,243083.017787,False
0.0,30,243130.598478,False
0.0,30,243169.262283,False
0.0,30,243217.66972,False
2.9,30,243259.521976,True
0.0,30,243303.537164,False
0.0,30,243351.789335,False
2.7,30,243401.133738,True
3.0,30,243445.577666,True
0.0,30,243490.972631,False
2.2,30,243531.343927,True
2.3,30,243582.148194,True
0.0,30,243648.573021,False
0.0,30,243694.50159,False
2.3,30,243742.108467,True
2.3,30,243799.992714,True
2.5,30,243844.939776,True
0.0,30,243888.703876,False
0.0,30,243931.986277,False
0.0,30,243976.364502,False
0.0,30,244030.048949,False
0.0,30,244077.574107,False
1.7,30,244119.669202,True
0.0,30,244165.841471,False
0.0,30,244212.899621,False
2.9,30,244257.693078,True
2.8,30,244304.761221,True
2.3,30,244349.653435,True
2.4,30,244391.672917,True
0.0,30,244444.800281,False
2.6,30,244488.334298,True
2.2,30,244800.862011,True
2.4,30,244845.212045,True
0.0,30,244894.632336,False
2.7,30,244948.288578,True
2.1,30,244995.110594,True
2.7,30,245040.186757,True
0.0,30,245088.015477,False
0.0,30,245134.069071,False
0.0,30,245178.523292,False
2.6,30,245221.979443,True
2.7,30,245270.023103,True
0.0,30,245312.829301,False
0.6,30,245359.524142,True
0.0,30,245400.735162,False
2.5,30,245455.797044,True
2.3,30,245505.4676,True
2.3,30,245553.484401,True
3.0,30,245597.666535,True
0.0,30,245643.224233,False
2.5,30,245690.677582,True
0.0,30,245740.777565,False
2.8,30,245791.294101,True
0.0,30,245842.249154,False
0.0,30,245889.784133,False
2.7,30,245933.9461,True
2.3,30,245992.542852,True
0.0,30,246039.874583,False
2.0,30,246083.346241,True
1.9,30,246131.880118,True
2.4,30,246180.835865,True
0.9,30,246223.555391,True
0.0,30,246266.053296,False
0.0,30,246311.543619,False
2.8,30,246362.617333,True
2.7,30,246704.959202,True
3.0,30,246753.793482,True
0.0,30,246798.011739,False
1.4,30,246840.656331,True
0.0,30,246890.442621,False
2.5,30,246940.044626,True
0.0,30,246984.236834,False
2.7,30,247033.333096,True
0.0,30,247084.03411,False
0.0,30,247128.595855,False
0.0,30,247177.909725,False
0.0,30,247223.005183,False
2.6,30,247267.438023,True
2.8,30,247310.083486,True
2.7,30,247348.874282,True
2.2,30,247395.229239,True
2.4,30,247437.542281,True
2.9,30,247484.518887,True
0.0,30,247533.408659,False
0.0,30,247584.076095,False
2.1,30,247628.152966,True
0.0,30,247676.247859,False
2.8,30,247726.184459,True
0.0,30,247772.091561,False
1.5,30,247816.148614,False
0.0,30,247862.17977,False
0.0,30,247929.947198,False
0.0,30,247971.32676,False
0.0,30,248015.717042,False
2.1,30,248061.600535,True
1.0,30,248113.517808,False
2.9,30,248165.298219,True
1.9,30,248218.976314,True
0.0,30,248270.855361,False
3.0,30,248608.063311,True
0.0,30,248651.880466,False
1.2,30,248697.366372,True
2.7,30,248744.741549,True
1.8,30,248792.696316,True
2.8,30,248836.498734,True
0.0,30,248883.832409,False
2.8,30,248930.723316,True
1.2,30,248984.884415,True
2.0,30,249036.432756,True
0.0,30,249088.321204,False
0.0,30,249131.47422,False
0.0,30,249173.793327,False
0.0,30,249226.279716,False
3.0,30,249270.516365,True
0.0,30,249318.540427,False
0.0,30,249358.944655,False
2.1,30,249412.820295,True
2.8,30,249468.362676,True
0.0,30,249511.852232,False
3.0,30,249556.514123,True
0.0,30,249629.714501,False
0.0,30,249675.799123,False
0.0,30,249720.604897,False
0.0,30,249766.26329,False
0.0,30,249811.461112,False
0.0,30,249866.817501,False
0.0,30,249912.99143,False
2.9,30,249957.41101,True
2.2,30,250005.777603,True
2.7,30,250050.046216,True
0.0,30,250093.443305,False
0.0,30,250142.249925,False
2.8,30,250188.226304,True
2.9,30,250510.968969,True
0.0,30,250554.438446,False
3.0,30,250601.993335,True
0.0,30,250651.174441,False
2.0,30,250700.909754,True
0.0,30,250746.670968,False
2.6,30,250789.126103,True
2.6,30,250840.020091,True
0.0,30,250884.091358,False
2.5,30,250927.077922,True
2.1,30,250969.392025,True
0.0,30,251014.3668,False
2.3,30,251056.431485,True
2.5,30,251100.406561,True
0.0,30,251150.751769,False
2.2,30,251200.542705,True
0.0,30,251250.230861,False
2.4,30,251303.66969,True
2.7,30,251351.167965,True
2.5,30,251403.332745,True
0.0,30,251449.752836,False
2.2,30,251493.121225,True
1.3,30,251535.78993,True
0.0,30,251581.846094,False
2.9,30,251624.56089,True
0.0,30,251672.999735,False
0.0,30,251722.083251,False
0.0,30,251769.464459,False
2.2,30,251815.635273,True
2.7,30,251856.387,True
0.0,30,251897.628125,False
0.0,30,251940.559657,False
0.0,30,251982.916022,False
0.0,30,252032.722373,False
0.0,30,252084.637372,False
0.0,30,252408.387619,False
0.0,30,252453.537755,False
0.5,30,252499.820399,False
3.0,30,252548.338834,True
2.8,30,252595.054971,True
0.0,30,252648.354029,False
2.9,30,252694.103524,True
1.8,30,252754.11437,True
1.2,30,252798.385516,True
2.5,30,252842.104555,True
2.5,30,252890.543172,True
2.8,30,252938.708542,True
0.0,30,252986.599594,False
2.6,30,253030.645249,True
2.6,30,253074.318583,True
0.1,30,253117.033451,False
0.0,30,253162.826298,False
0.0,30,253221.169999,False
0.0,30,253267.603259,False
2.6,30,253313.315011,True
2.3,30,253357.259841,True
0.0,30,253403.247885,False
3.0,30,253458.406355,True
2.6,30,253505.01799,True
2.7,30,253551.176867,True
2.6,30,253590.692579,True
2.8,30,253637.243596,True
2.1,30,253684.414496,True
0.0,30,253727.320649,False
2.8,30,253775.73746,True
0.0,30,253822.350841,False
2.9,30,253867.709771,True
0.0,30,253923.432463,False
2.9,30,253970.376111,True
0.0,30,254297.819803,False
0.0,30,254345.35375,False
0.0,30,254390.779642,False
1.8,30,254432.70618,True
0.0,30,254478.689976,False
2.2,30,254529.48318,True
0.0,30,254577.22891,False
0.0,30,254627.058473,False
0.0,30,254671.934892,False
0.0,30,254723.494804,False
0.0,30,254767.440049,False
2.5,30,254817.256132,True
2.9,30,254858.953612,True
2.3,30,254900.161192,False
2.4,30,254946.292462,True
2.2,30,254998.651809,True
2.3,30,255044.43314,True
0.0,30,255090.4472,False
0.0,30,255135.401805,False
0.0,30,255191.184037,False
0.0,30,255236.830104,False
1.3,30,255283.976242,True
0.0,30,255329.097884,False
0.0,30,255371.825749,False
0.0,30,255414.08531,False
0.0,30,255466.250281,False
0.0,30,255514.641325,False
3.0,30,255559.959478,True
0.0,30,255605.019368,False
0.0,30,255655.663269,False
0.0,30,255708.555568,False
2.6,30,255752.726536,True
0.0,30,255798.80392,False
1.7,30,255843.639516,True
2.9,30,256182.900387,True
1.3,30,256230.095572,True
2.5,30,256282.20368,True
0.0,30,256329.478572,False
0.0,30,256375.995952,False
0.0,30,256427.63147,False
0.0,30,256475.306702,False
2.8,30,256528.193515,True
2.6,30,256580.587087,True
3.0,30,256633.005327,True
2.3,30,256680.66461,True
0.0,30,256728.94503,False
0.0,30,256776.3322,False
0.0,30,256818.180198,False
2.8,30,256860.850428,True
0.0,30,256907.338686,False
2.9,30,256951.296613,True
0.0,30,257000.373924,False
2.2,30,257048.852187,True
0.0,30,257098.096251,False
0.0,30,257165.017816,False
0.0,30,257214.278905,False
0.6,30,257262.288343,True
2.8,30,257311.842303,True
0.0,30,257359.816853,False
0.0,30,257407.751317,False
3.0,30,257455.023871,True
0.0,30,257508.277046,False
2.7,30,257556.177397,True
2.8,30,257598.010318,True
2.7,30,257638.317175,True
2.7,30,257682.259919,True
2.4,30,257726.224299,True
1.4,30,257781.392779,True
1.7,30,258115.4066,True
0.0,30,258161.860283,False
2.0,30,258219.083556,True
2.9,30,258266.878542,True
0.0,30,258314.244498,False
2.3,30,258361.734887,True
0.0,30,258409.096644,False
3.0,30,258460.15717,True
0.0,30,258507.051797,False
0.0,30,258550.761057,False
2.6,30,258597.563709,True
2.6,30,258643.223348,True
2.8,30,258685.231819,True
0.0,30,258732.467132,False
2.5,30,258791.716227,True
2.1,30,258835.794377,True
2.4,30,258886.023033,True
2.4,30,258928.975942,True
2.0,30,258979.944366,True
0.0,30,259023.805786,False
0.0,30,259074.966142,False
2.9,30,259117.014764,True
2.4,30,259161.748559,True
3.0,30,259207.003341,True
2.6,30,259257.609838,True
0.0,30,259306.165706,False
2.8,30,259356.18171,True
2.0,30,259406.10082,True
0.0,30,259457.86817,False
0.0,30,259503.176601,False
0.0,30,259547.447069,False
0.0,30,259598.74563,False
0.0,30,259644.650454,False
0.0,30,259691.710796,False
2.9,30,260051.809229,True
0.0,30,260101.798438,False
2.6,30,260150.832767,True
2.6,30,260202.477633,True
2.7,30,260248.289674,True
3.0,30,260303.198288,True
0.0,30,260352.280007,False
2.3,30,260410.305617,True
3.0,30,260461.023433,True
0.0,30,260508.601348,False
2.8,30,260568.241303,True
1.1,30,260609.646085,False
0.0,30,260655.942188,False
1.9,30,260701.015603,True
0.0,30,260746.105759,False
2.5,30,260794.204033,True
0.0,30,260843.150486,False
2.2,30,260888.104645,True
0.0,30,260937.39924,False
2.2,30,260987.240724,True
0.0,30,261037.667361,False
0.0,30,261083.963567,False
2.5,30,261136.322699,True
0.0,30,261186.107312,False
3.0,30,261233.856032,True
3.0,30,261284.466179,True
0.0,30,261325.524809,False
0.0,30,261368.496843,False
2.6,30,261411.810605,True
0.0,30,261468.246411,False
0.9,30,261515.767674,True
1.7,30,261563.523314,True
2.9,30,261609.718012,True
0.0,30,261655.34532,False
0.0,30,261988.203686,False
0.0,30,262031.601274,False
1.2,30,262082.488617,True
3.0,30,262126.954733,True
0.0,30,262176.209103,False
2.4,30,262220.599934,True
0.7,30,262267.889635,False
0.0,30,262312.015141,False
3.0,30,262358.916329,True
1.0,30,262408.831057,True
2.6,30,262456.735138,True
2.6,30,262498.080582,True
3.0,30,262552.211581,True
0.0,30,262596.509244,False
2.9,30,262643.811835,True
2.8,30,262690.168674,True
0.0,30,262736.115023,False
0.0,30,262781.459792,False
2.7,30,262831.809466,True
2.4,30,262873.30926,True
0.0,30,262916.351773,False
0.0,30,262962.694033,False
2.8,30,263011.443309,True
0.0,30,263057.68397,False
2.8,30,263097.873334,True
0.7,30,263141.480341,True
2.2,30,263195.496641,True
0.0,30,263238.941439,False
2.0,30,263281.063826,True
0.0,30,263328.51321,False
0.0,30,263378.098028,False
3.0,30,263422.383147,True
0.0,30,263476.060308,False
2.4,30,263518.754749,True
0.0,30,263870.466102,False
0.0,30,263922.294468,False
2.8,30,263975.76778,True
2.4,30,264020.601764,True
0.0,30,264066.897705,False
0.0,30,264122.798987,False
0.0,30,264173.301044,False
0.0,30,264219.15957,False
2.6,30,264270.629363,True
2.6,30,264315.374836,True
2.3,30,264360.599653,True
0.0,30,264405.144072,False
2.8,30,264446.52863,True
0.0,30,264494.255201,False
0.0,30,264546.462407,False
0.0,30,264603.212671,False
0.0,30,264648.922467,False
0.0,30,264696.227347,False
2.8,30,264741.030527,True
3.0,30,264790.617085,True
0.0,30,264836.767219,False
2.5,30,264886.837296,True
0.0,30,264939.348425,False
2.5,30,264986.023174,True
2.1,30,265032.759645,True
0.1,30,265078.429902,False
0.0,30,265121.370009,False
0.0,30,265165.118286,False
0.0,30,265220.757141,False
0.0,30,265275.098323,False
0.0,30,265318.812817,False
0.0,30,265363.912032,False
2.7,30,265413.307853,True
0.0,30,265461.310125,False
2.9,30,265507.726115,True
2.8,30,265847.720598,True
2.4,30,265896.778768,True
0.0,30,265941.973497,False
2.7,30,265987.022793,True
0.0,30,266032.772453,False
0.0,30,266083.825871,False
2.1,30,266130.03131,True
3.0,30,266174.681295,True
2.5,30,266217.897768,True
0.0,30,266265.326834,False
2.5,30,266307.338183,True
2.5,30,266360.553983,True
0.0,30,266402.191594,False
2.7,30,266450.11847,True
0.0,30,266495.414273,False
1.7,30,266542.476957,True
0.0,30,266583.607385,False
0.0,30,266630.278134,False
2.6,30,266681.117909,True
3.0,30,266729.603934,True
2.9,30,266776.05967,True
0.0,30,266823.163378,False
0.0,30,266868.83482,False
0.0,30,266918.2863,False
0.0,30,266961.170322,False
0.0,30,267005.263793,False
2.6,30,267046.133034,True
2.1,30,267090.90258,True
0.0,30,267135.53783,False
2.3,30,267179.394959,True
0.0,30,267227.745229,False
2.6,30,267275.859807,True
2.7,30,267323.529123,True
2.6,30,267371.705001,True
2.2,30,267734.079894,True
1.4,30,267785.091721,True
0.0,30,267828.730437,False
0.0,30,267876.085252,False
0.2,30,267921.000319,True
2.2,30,267971.21103,True
0.0,30,268019.921221,False
2.7,30,268063.7646,True
0.0,30,268109.693421,False
0.0,30,268158.257397,False
0.0,30,268203.900426,False
2.4,30,268247.886552,True
0.0,30,268293.464398,False
0.0,30,268337.894867,False
0.0,30,268390.169033,False
2.2,30,268438.591964,True
0.0,30,268480.218441,False
0.0,30,268526.266736,False
0.4,30,268573.937057,True
2.4,30,268624.21987,True
2.8,30,268667.024054,True
0.0,30,268709.958166,False
0.9,30,268756.761963,True
2.5,30,268802.813855,True
0.0,30,268850.964287,False
0.0,30,268895.410904,False
2.2,30,268939.696769,True
0.0,30,268980.530215,False
0.0,30,269033.146305,False
2.9,30,269077.992084,True
1.8,30,269129.117888,True
2.8,30,269176.50506,True
3.0,30,269223.425296,True
2.7,30,269272.116135,True
0.0,30,269613.234068,False
0.0,30,269663.18816,False
2.1,30,269708.925473,True
2.7,30,269755.4393,True
0.0,30,269803.969134,False
0.0,30,269850.786344,False
2.8,30,269906.182023,True
2.4,30,269950.836692,True
3.0,30,269994.528006,True
0.4,30,270038.408053,True
0.0,30,270088.718767,False
0.2,30,270133.925014,False
2.4,30,270179.563872,True
3.0,30,270234.349589,True
0.0,30,270279.836121,False
0.0,30,270325.245466,False
0.9,30,270369.233505,False
0.3,30,270418.866312,True
2.6,30,270465.575848,True
0.0,30,270515.075112,False
3.0,30,270570.083586,True
0.0,30,270614.535672,False
0.0,30,270669.427067,False
0.0,30,270717.862673,False
0.0,30,270767.919853,False
0.0,30,270825.959627,False
0.0,30,270874.369041,False
0.0,30,270920.814206,False
1.3,30,270970.433096,True
0.0,30,271016.86384,False
2.5,30,271064.369427,True
2.2,30,271112.718912,True
0.0,30,271164.67066,False
0.0,30,271220.589964,False
0.0,30,271550.684397,False
2.7,30,271602.716424,True
2.4,30,271657.706715,True
2.3,30,271697.950061,True
0.0,30,271744.54712,False
0.0,30,271796.009228,False
0.0,30,271839.809693,False
0.0,30,271882.368008,False
0.0,30,271929.637831,False
2.1,30,271978.919632,True
2.8,30,272025.222398,True
0.0,30,272069.750493,False
1.9,30,272114.615981,True
2.8,30,272164.859548,True
2.8,30,272220.026792,True
2.3,30,272265.002387,True
0.0,30,272307.827348,False
0.0,30,272354.944796,False
0.0,30,272399.044649,False
0.0,30,272447.880766,False
1.8,30,272492.083113,True
0.0,30,272536.174072,False
0.0,30,272586.36974,False
0.0,30,272628.620584,False
0.0,30,272674.563956,False
2.7,30,272720.415861,True
0.0,30,272774.164456,False
2.7,30,272819.527107,True
0.0,30,272870.8324,False
2.7,30,272912.675564,True
2.6,30,272956.048774,True
2.5,30,272999.803004,True
0.0,30,273044.916777,False
0.0,30,273091.360945,False
2.3,30,273386.070974,True
0.0,30,273439.770348,False
2.8,30,273491.541194,True
0.0,30,273541.583041,False
0.0,30,273588.00434,False
2.1,30,273633.609998,True
2.8,30,273676.533251,True
2.8,30,273729.105395,True
2.7,30,273775.581336,True
0.0,30,273821.163465,False
2.7,30,273864.789359,True
2.1,30,273909.660355,True
3.0,30,273952.673576,True
0.0,30,274004.336932,False
0.9,30,274052.172087,True
0.0,30,274095.437383,False
2.7,30,274142.565623,True
3.0,30,274203.525914,True
2.5,30,274247.664533,True
2.5,30,274292.93156,True
2.4,30,274336.805593,True
2.3,30,274384.817346,True
0.0,30,274432.469833,False
0.0,30,274478.647904,False
0.0,30,274527.86268,False
0.0,30,274572.196846,False
0.0,30,274613.287032,False
0.0,30,274655.916128,False
0.0,30,274705.488779,False
2.7,30,274750.545568,True
2.8,30,274798.651778,True
2.6,30,274843.715534,True
0.0,30,274886.668526,False
2.8,30,274930.026978,True
0.0,30,275242.270778,False
0.0,30,275289.858615,False
2.7,30,275331.647567,True
2.5,30,275375.342618,True
1.8,30,275423.308181,True
0.0,30,275474.737524,False
0.0,30,275515.975022,False
2.8,30,275561.063949,True
2.6,30,275602.018509,True
0.0,30,275647.608526,False
1.5,30,275691.516342,True
0.0,30,275741.32578,False
2.1,30,275790.594059,True
0.0,30,275834.473086,False
2.8,30,275874.90099,True
2.7,30,275913.836213,True
0.0,30,275958.875941,False
2.7,30,276002.292069,True
0.0,30,276052.506135,False
0.0,30,276099.39559,False
0.0,30,276149.122437,False
2.6,30,276198.019057,True
2.7,30,276250.594152,True
2.8,30,276298.949174,True
2.9,30,276350.851289,True
0.0,30,276397.36828,False
0.0,30,276441.422109,False
0.0,30,276487.741002,False
0.0,30,276535.438162,False
0.0,30,276581.089394,False
2.7,30,276633.130821,True
2.0,30,276675.894852,True
2.6,30,276725.993437,True
2.6,30,276773.62653,True
0.0,30,277063.487059,False
0.0,30,277112.124954,False
2.3,30,277154.939194,True
2.7,30,277197.265318,True
2.9,30,277249.210553,True
0.0,30,277294.613609,False
2.6,30,277338.600196,True
0.0,30,277385.582397,False
0.0,30,277427.949391,False
0.0,30,277478.111239,False
2.7,30,277527.900294,True
2.4,30,277573.703719,False
0.0,30,277628.647874,False
2.3,30,277676.207834,True
0.0,30,277718.408645,False
0.0,30,277767.071378,False
0.0,30,277813.699471,False
2.1,30,277864.873834,True
0.0,30,277910.264248,False
0.0,30,277953.942339,False
0.0,30,278008.070175,False
0.0,30,278067.351519,False
0.0,30,278111.861357,False
0.0,30,278160.472922,False
0.0,30,278201.795935,False
2.5,30,278253.490748,True
2.5,30,278305.187844,True
0.0,30,278351.80219,False
0.0,30,278393.790053,False
0.8,30,278443.287767,True
2.3,30,278491.689529,True
0.0,30,278538.843073,False
2.8,30,278581.162781,True
0.0,30,278624.357523,False
0.0,30,278944.108789,False
0.0,30,278992.041712,False
0.0,30,279046.27325,False
2.7,30,279091.07017,True
0.0,30,279134.539955,False
0.0,30,279185.163563,False
0.0,30,279231.616868,False
2.5,30,279278.801478,True
2.4,30,279331.394347,True
2.8,30,279372.769246,True
2.6,30,279414.216065,True
2.5,30,279464.382903,True
2.8,30,279506.493579,True
0.0,30,279550.877717,False
2.8,30,279596.461314,True
2.7,30,279648.100849,True
2.3,30,279693.863284,True
2.5,30,279743.228275,True
2.5,30,279794.511801,True
2.6,30,279844.889748,True
0.1,30,279891.011177,True
0.0,30,279934.50397,False
2.4,30,279977.945292,True
2.6,30,280025.847625,True
2.3,30,280073.343713,True
0.0,30,280123.204896,False
0.0,30,280167.26845,False
0.0,30,280217.34185,False
1.4,30,280262.101151,True
0.0,30,280315.906462,False
0.0,30,280360.554516,False
2.7,30,280404.499509,True
1.8,30,280457.971514,False
0.0,30,280503.43742,False
0.0,30,280550.492792,False
1.6,30,280843.519202,True
2.2,30,280888.994849,True
3.0,30,280933.486701,True
2.9,30,280983.434655,True
2.5,30,281031.351897,True
2.4,30,281076.247209,True
2.9,30,281121.914267,True
0.0,30,281166.529274,False
0.0,30,281216.923626,False
0.0,30,281260.748869,False
0.0,30,281309.066434,False
2.4,30,281354.61287,True
0.0,30,281398.650141,False
0.0,30,281440.47838,False
2.7,30,281484.667702,True
0.0,30,281539.95642,False
2.5,30,281585.721364,True
0.0,30,281632.295259,False
0.0,30,281679.709464,False
0.0,30,281729.215865,False
2.5,30,281774.052316,True
2.5,30,281820.820169,True
0.9,30,281866.581817,True
3.0,30,281916.4381,True
2.4,30,281964.259732,True
0.0,30,282014.092498,False
0.0,30,282059.952615,False
0.0,30,282104.290422,False
0.0,30,282152.34375,False
2.7,30,282199.779904,True
0.0,30,282247.47635,False
0.0,30,282298.759077,False
0.0,30,282346.650938,False
0.0,30,282401.942647,False
2.3,30,282739.804785,True
0.0,30,282785.796259,False
0.0,30,282836.906826,False
0.0,30,282895.88969,False
0.0,30,282941.120868,False
0.0,30,282989.158579,False
2.1,30,283036.706773,True
0.0,30,283085.026881,False
2.5,30,283134.307227,True
0.0,30,283188.155514,False
0.0,30,283242.369741,False
0.0,30,283289.333627,False
2.8,30,283340.626205,True
2.5,30,283384.908712,True
0.0,30,283439.21293,False
2.6,30,283489.145692,True
1.7,30,283537.055327,True
2.4,30,283586.338866,True
2.2,30,283629.949029,True
2.8,30,283681.567328,True
2.5,30,283724.98425,True
2.7,30,283776.259937,True
0.0,30,283824.940495,False
2.4,30,283869.921474,True
2.7,30,283917.802017,True
3.0,30,283965.131671,True
0.0,30,284012.631732,False
1.8,30,284059.074191,True
2.8,30,284108.642702,True
0.5,30,284155.627337,True
0.0,30,284203.720251,False
0.0,30,284254.840885,False
1.9,30,284304.827145,True
2.6,30,284351.337261,True
0.0,30,284688.841923,False
0.0,30,284739.636817,False
2.5,30,284792.899231,True
2.8,30,284844.010344,True
2.8,30,284893.771346,True
2.7,30,284942.488571,True
0.0,30,284989.556284,False
0.0,30,285034.286257,False
2.3,30,285081.193946,True
0.0,30,285133.416092,False
2.6,30,285180.204274,True
0.0,30,285222.232013,False
2.4,30,285270.293185,True
2.6,30,285317.467456,True
1.5,30,285360.713173,True
0.0,30,285413.956431,False
2.7,30,285465.084249,True
1.7,30,285513.337797,True
0.0,30,285557.004528,False
0.5,30,285601.461844,True
0.5,30,285651.353719,False
0.0,30,285703.361364,False
0.1,30,285750.405553,False
0.0,30,285796.681454,False
1.5,30,285847.69787,True
2.8,30,285897.513206,True
0.0,30,285941.138487,False
2.9,30,285990.247425,True
2.5,30,286033.36956,True
0.0,30,286084.690739,False
2.5,30,286131.301087,True
1.8,30,286182.174833,True
0.0,30,286226.187862,False
0.0,30,286279.887931,False
0.9,30,286641.344352,True
0.5,30,286696.077014,True
0.0,30,286739.821249,False
0.0,30,286789.026893,False
2.6,30,286840.094487,True
1.2,30,286883.566836,True
1.6,30,286933.496614,True
2.8,30,286980.517221,True
0.0,30,287024.982734,False
2.6,30,287068.626246,True
2.4,30,287115.297108,True
0.5,30,287161.604625,False
2.1,30,287209.066298,True
1.7,30,287262.412194,True
0.0,30,287311.663005,False
0.0,30,287362.41797,False
2.7,30,287405.012809,True
0.0,30,287454.390869,False
1.4,30,287504.430499,True
0.1,30,287554.593935,True
1.5,30,287604.111293,True
0.0,30,287651.096992,False
0.0,30,287701.219218,False
0.0,30,287744.709594,False
0.0,30,287791.495762,False
2.3,30,287841.849883,True
2.6,30,287883.248924,True
0.0,30,287925.957398,False
0.0,30,287966.189383,False
0.0,30,288015.16977,False
0.0,30,288060.147443,False
0.9,30,288110.481525,True
0.0,30,288155.476245,False
0.2,30,288199.236414,True
2.5,30,288509.377764,True
0.0,30,288557.060955,False
2.7,30,288598.914364,True
1.9,30,288637.250018,True
2.8,30,288687.001071,True
0.0,30,288734.625685,False
0.0,30,288809.22328,False
2.8,30,288858.457042,True
2.7,30,288906.343358,True
2.7,30,288949.038282,True
0.0,30,288995.349808,False
2.8,30,289042.513077,True
2.8,30,289094.813025,True
0.0,30,289137.994061,False
2.1,30,289189.850268,True
0.0,30,289242.83597,False
0.0,30,289291.035064,False
0.5,30,289337.457034,True
0.0,30,289386.19225,False
0.0,30,289426.036561,False
0.0,30,289469.657141,False
0.0,30,289519.948349,False
0.0,30,289574.326836,False
2.4,30,289613.00566,True
0.0,30,289660.985102,False
0.0,30,289705.066514,False
0.2,30,289749.47262,True
0.0,30,289799.169437,False
0.0,30,289848.095168,False
1.4,30,289907.396168,False
0.0,30,289954.50078,False
0.0,30,290000.960141,False
2.4,30,290047.561372,True
2.8,30,290104.447063,True
0.0,30,290454.888147,False
0.7,30,290499.625191,True
2.5,30,290549.16551,True
2.2,30,290598.020574,True
0.0,30,290647.119767,False
3.0,30,290691.228239,True
0.0,30,290739.598918,False
2.4,30,290782.645617,True
2.7,30,290828.609576,True
0.0,30,290876.031989,False
2.6,30,290928.299291,True
0.0,30,290991.508859,False
0.0,30,291040.125726,False
2.6,30,291085.87103,True
0.0,30,291129.253464,False
2.4,30,291172.483198,True
2.8,30,291223.46082,True
2.2,30,291264.658806,True
0.0,30,291307.297509,False
2.8,30,291358.068614,True
2.3,30,291404.036247,True
0.0,30,291446.012773,False
1.8,30,291489.399052,False
0.0,30,291536.733145,False
0.0,30,291584.909448,False
0.0,30,291628.100783,False
1.4,30,291677.093871,True
2.5,30,291727.245022,True
0.5,30,291775.668821,True
2.7,30,291827.792938,True
0.0,30,291874.884183,False
1.5,30,291918.845832,True
2.1,30,291961.311812,True
0.0,30,292007.182645,False
2.6,30,292381.012726,True
2.8,30,292438.777881,True
2.1,30,292487.086931,True
2.5,30,292532.424426,True
0.0,30,292576.235457,False
1.1,30,292633.575835,True
0.0,30,292684.898674,False
2.3,30,292735.86724,True
2.8,30,292782.615389,True
0.0,30,292823.006156,False
2.3,30,292868.93009,True
0.0,30,292910.444645,False
2.8,30,292955.741729,True
1.6,30,292996.491725,True
0.0,30,293044.04101,False
0.0,30,293093.903544,False
2.7,30,293142.538282,True
0.8,30,293195.249007,True
0.0,30,293237.266311,False
0.0,30,293283.762012,False
2.3,30,293330.411643,True
2.1,30,293377.610081,True
0.0,30,293423.586743,False
2.9,30,293467.926548,True
3.0,30,293509.715292,True
2.9,30,293552.358362,True
1.9,30,293597.802356,True
3.0,30,293646.230218,True
2.5,30,293687.077267,True
2.7,30,293737.764725,True
0.0,30,293785.944948,False
2.4,30,293835.886851,True
0.0,30,293877.644317,False
0.0,30,293925.927991,False
2.8,30,293975.449511,True
3.0,30,294287.719156,True
0.0,30,294327.297178,False
2.3,30,294370.701052,True
2.6,30,294417.720814,True
2.4,30,294460.768332,True
2.7,30,294507.351771,True
2.5,30,294557.199166,True
0.0,30,294604.685203,False
2.4,30,294650.82002,True
0.0,30,294701.755709,False
2.4,30,294744.015311,True
2.1,30,294787.253176,True
0.0,30,294836.774695,False
0.0,30,294878.772727,False
2.4,30,294927.196154,True
2.8,30,294975.120523,True
0.0,30,295023.5906,False
0.0,30,295067.642101,False
0.0,30,295112.341683,False
2.8,30,295160.40772,True
0.0,30,295206.683446,False
0.0,30,295254.780063,False
3.0,30,295297.162228,True
2.1,30,295343.333509,True
2.5,30,295390.135612,True
0.0,30,295436.779472,False
2.3,30,295481.628517,True
0.0,30,295540.326075,False
0.0,30,295584.298243,False
2.6,30,295624.986236,True
2.8,30,295667.78267,True
0.0,30,295712.936602,False
2.8,30,295757.5635,True
0.0,30,295808.486942,False
2.6,30,296116.121384,True
2.6,30,296160.612614,True
0.0,30,296206.113427,False
0.0,30,296250.713748,False
0.0,30,296294.011356,False
2.7,30,296334.668514,True
0.1,30,296380.514086,False
0.6,30,296428.782225,True
1.6,30,296470.883638,True
2.6,30,296518.3462,True
2.8,30,296560.559927,True
0.0,30,296607.863271,False
0.0,30,296654.664723,False
2.8,30,296700.944144,True
2.7,30,296743.70522,True
0.0,30,296786.839634,False
1.9,30,296837.338536,False
0.0,30,296882.688844,False
0.0,30,296924.795743,False
0.0,30,296974.577309,False
0.0,30,297021.854928,False
0.0,30,297066.621623,False
2.8,30,297111.65456,True
2.6,30,297159.295023,True
0.0,30,297202.779116,False
0.0,30,297249.120248,False
2.0,30,297304.448727,True
3.0,30,297352.943247,True
0.0,30,297396.799416,False
2.6,30,297438.944098,True
2.5,30,297477.177132,True
0.0,30,297522.579474,False
0.0,30,297573.807701,False
0.0,30,297621.740843,False
2.5,30,297899.666133,True
0.0,30,297943.364257,False
2.7,30,297991.602012,True
0.0,30,298040.654561,False
2.5,30,298083.133209,True
2.8,30,298129.503047,True
2.2,30,298172.718387,True
2.8,30,298217.024499,True
0.0,30,298262.951247,False
2.5,30,298307.974026,True
0.0,30,298351.493551,False
0.0,30,298406.52509,False
0.0,30,298452.793017,False
0.0,30,298506.399149,False
2.7,30,298547.122906,True
2.9,30,298593.314497,True
0.0,30,298647.705547,False
1.6,30,298693.918972,True
0.0,30,298739.083647,False
0.2,30,298777.194392,True
2.5,30,298821.955781,True
0.0,30,298870.268745,False
2.6,30,298912.994272,True
0.0,30,298960.093364,False
0.0,30,299004.947643,False
2.0,30,299046.233393,True
2.9,30,299094.534119,True
0.0,30,299138.761295,False
0.0,30,299184.882239,False
2.4,30,299230.532011,True
1.7,30,299275.086658,True
2.7,30,299325.90081,True
0.0,30,299372.539373,False
2.4,30,299413.220346,True
0.0,30,299699.00163,False
2.1,30,299750.346748,True
1.8,30,299795.044193,False
2.3,30,299843.321138,True
0.8,30,299892.340074,True
0.0,30,299939.006412,False
0.0,30,299979.080943,False
2.5,30,300026.583216,True
2.4,30,300073.675097,True
0.0,30,300121.802244,False
2.6,30,300171.380563,True
3.0,30,300215.82848,True
0.0,30,300259.183987,False
0.0,30,300307.722997,False
2.8,30,300350.570126,True
2.4,30,300401.730589,True
0.9,30,300450.603838,True
0.0,30,300488.925781,False
0.0,30,300533.800228,False
2.7,30,300581.547069,True
0.0,30,300626.682193,False
0.0,30,300665.460151,False
0.0,30,300718.221328,False
2.9,30,300759.09344,True
2.5,30,300804.043063,True
1.9,30,300846.968156,True
2.8,30,300899.390069,True
2.7,30,300944.971166,True
2.3,30,300985.599168,True
2.2,30,301036.136561,True
2.8,30,301080.250764,True
0.0,30,301125.007369,False
2.3,30,301171.59366,True
0.0,30,301219.77541,False
1.9,30,301513.174145,True
0.0,30,301561.1186,False
0.0,30,301609.694168,False
2.4,30,301662.221083,True
0.0,30,301707.876372,False
0.0,30,301756.844716,False
0.0,30,301805.613874,False
0.0,30,301850.580308,False
0.0,30,301924.445641,False
3.0,30,301984.298509,True
2.8,30,302027.076349,True
2.3,30,302072.284788,True
2.6,30,302119.717075,True
0.0,30,302172.030026,False
0.0,30,302214.576537,False
0.0,30,302261.667786,False
0.0,30,302312.955947,False
0.0,30,302359.110515,False
2.8,30,302406.579688,True
0.0,30,302447.480307,False
0.0,30,302492.941912,False
0.0,30,302539.970368,False
0.0,30,302579.941385,False
0.0,30,302627.514084,False
2.7,30,302678.05886,True
2.6,30,302719.043419,True
0.0,30,302763.768146,False
0.0,30,302812.675169,False
2.0,30,302859.788418,True
2.9,30,302901.99442,True
2.7,30,302941.056589,True
0.0,30,302988.24335,False
2.6,30,303036.312941,True
2.1,30,303078.554117,True
2.8,30,303374.774076,True
0.0,30,303419.711102,False
0.0,30,303461.945496,False
2.6,30,303508.355266,True
2.6,30,303551.420394,True
2.8,30,303588.572534,True
0.0,30,303631.42258,False
2.7,30,303679.429115,True
2.5,30,303719.844097,True
2.5,30,303763.787618,True
0.0,30,303808.846757,False
3.0,30,303853.15258,True
0.0,30,303898.027687,False
2.4,30,303944.1835,True
0.0,30,303981.505942,False
2.7,30,304036.108423,True
0.0,30,304082.745237,False
2.9,30,304126.798214,True
2.7,30,304173.129481,True
0.0,30,304218.003381,False
0.0,30,304262.302136,False
0.0,30,304302.293163,False
0.0,30,304346.131524,False
0.0,30,304389.915794,False
0.0,30,304431.269774,False
1.8,30,304478.887856,True
0.0,30,304521.17529,False
0.0,30,304568.80901,False
0.0,30,304606.231006,False
0.0,30,304657.924804,False
0.0,30,304699.365861,False
2.8,30,304738.842544,True
2.6,30,304780.881014,True
2.8,30,304829.099104,True
1.7,30,305118.853646,False
0.0,30,305162.057685,False
2.6,30,305211.235351,True
0.0,30,305256.106984,False
2.2,30,305294.991011,True
2.6,30,305338.18603,True
1.4,30,305381.796619,True
2.3,30,305433.355962,True
0.0,30,305480.284252,False
2.4,30,305526.495572,True
2.4,30,305574.858642,True
0.0,30,305620.620233,False
2.8,30,305664.83549,True
2.6,30,305711.263455,True
2.3,30,305761.774748,True
0.0,30,305811.177834,False
0.0,30,305855.508484,False
2.3,30,305900.237533,True
0.0,30,305940.566186,False
0.0,30,305987.625908,False
0.0,30,306025.827446,False
2.8,30,306077.486022,True
2.6,30,306123.006192,True
2.2,30,306169.996881,True
2.7,30,306215.62637,True
0.0,30,306259.993517,False
1.0,30,306304.140812,True
1.7,30,306350.90085,True
0.0,30,306396.979025,False
2.4,30,306451.891696,True
0.0,30,306504.318324,False
0.0,30,306552.988659,False
2.2,30,306598.256891,True
2.3,30,306641.889438,True
2.7,30,306950.333463,True
2.3,30,306994.767766,True
0.0,30,307038.11229,False
2.6,30,307084.656688,True
2.8,30,307132.458433,True
1.9,30,307175.246604,True
2.4,30,307225.390888,True
0.0,30,307273.195107,False
0.0,30,307321.177743,False
3.0,30,307366.313783,True
2.8,30,307417.228647,True
3.0,30,307457.743432,True
2.8,30,307501.973216,True
0.0,30,307548.193903,False
2.9,30,307590.27285,True
0.0,30,307640.922196,False
0.0,30,307683.772586,False
0.0,30,307732.291788,False
0.0,30,307775.560123,False
2.4,30,307818.638602,True
0.0,30,307866.377381,False
0.0,30,307914.032379,False
2.6,30,307965.820502,True
0.0,30,308013.569269,False
0.0,30,308058.606705,False
2.7,30,308102.432749,True
2.7,30,308146.254519,True
2.8,30,308193.736801,True
0.0,30,308235.483084,False
2.6,30,308282.376211,True
2.8,30,308326.6718,True
2.1,30,308370.963591,True
2.3,30,308413.531406,True
0.0,30,308459.613799,False
0.0,30,308499.183882,False
2.9,30,308825.190768,True
0.0,30,308868.779431,False
2.2,30,308917.919434,True
0.0,30,308966.343441,False
0.0,30,309007.756822,False
0.0,30,309053.382986,False
0.0,30,309104.001524,False
0.0,30,309148.831982,False
0.0,30,309189.890517,False
0.0,30,309241.089284,False
2.6,30,309295.249287,True
0.0,30,309339.18207,False
2.8,30,309385.483104,True
2.5,30,309428.354555,True
2.7,30,309475.05633,True
0.0,30,309522.306452,False
0.0,30,309567.065873,False
1.9,30,309613.745152,True
0.0,30,309670.241518,False
1.1,30,309712.948766,True
0.0,30,309759.302268,False
0.8,30,309804.734168,True
0.0,30,309848.72552,False
0.0,30,309895.130231,False
2.0,30,309942.334465,True
2.4,30,309986.799218,True
0.0,30,310032.569954,False
0.0,30,310077.354299,False
0.0,30,310127.589625,False
0.0,30,310172.411266,False
2.9,30,310219.424128,True
0.0,30,310268.258439,False
3.0,30,310315.352544,True
0.0,30,310359.95647,False
0.0,30,310691.920059,False
2.7,30,310736.919697,True
0.0,30,310788.232905,False
2.0,30,310830.629337,True
0.0,30,310881.519362,False
0.0,30,310927.586725,False
2.3,30,310976.982897,True
0.0,30,311028.204003,False
2.2,30,311074.882145,True
3.0,30,311124.443948,True
1.9,30,311169.986786,False
0.0,30,311213.191941,False
0.0,30,311257.857652,False
2.0,30,311303.858277,True
2.8,30,311347.827981,True
0.0,30,311392.572799,False
2.6,30,311438.776105,True
0.0,30,311485.085418,False
0.0,30,311529.590645,False
0.0,30,311578.667074,False
2.8,30,311621.425472,True
0.0,30,311674.129818,False
2.5,30,311721.775711,True
0.0,30,311801.45805,False
0.0,30,311850.417837,False
2.6,30,311894.453655,True
0.0,30,311941.80666,False
2.6,30,311983.678805,True
2.2,30,312031.768815,True
2.5,30,312078.221991,True
2.5,30,312140.9618,True
2.5,30,312193.494177,True
0.0,30,312249.73815,False
0.0,30,312311.667108,False
1.9,30,312607.83621,False
2.5,30,312654.024052,True
2.6,30,312699.066828,True
1.2,30,312744.270679,True
0.0,30,312791.616503,False
2.5,30,312833.420575,True
0.0,30,312878.316151,False
1.6,30,312923.161651,True
2.5,30,312973.219861,True
2.6,30,313019.774993,True
2.3,30,313064.678419,True
0.0,30,313111.173105,False
0.0,30,313157.483826,False
2.6,30,313200.017364,True
0.0,30,313248.347584,False
2.7,30,313294.471461,True
0.0,30,313339.072403,False
0.0,30,313381.620312,False
2.7,30,313427.795186,True
2.5,30,313478.85706,True
2.5,30,313526.821023,True
2.1,30,313568.518005,True
2.8,30,313615.16771,True
2.7,30,313668.086026,True
0.0,30,313711.839617,False
0.0,30,313759.277108,False
2.1,30,313805.419528,True
0.0,30,313850.607729,False
0.0,30,313898.384882,False
0.9,30,313947.326651,True
1.6,30,313997.874352,True
2.3,30,314039.287002,True
2.5,30,314088.64534,True
2.6,30,314135.546812,True
2.6,30,314442.195784,True
0.0,30,314486.452639,False
1.6,30,314534.996826,True
0.0,30,314576.874208,False
0.0,30,314624.216275,False
2.9,30,314671.872215,True
0.0,30,314718.097343,False
0.0,30,314775.518779,False
0.0,30,314820.283066,False
0.0,30,314867.186281,False
0.0,30,314913.038288,False
2.9,30,314958.213241,True
0.0,30,315006.259889,False
0.0,30,315049.009585,False
0.0,30,315086.393811,False
0.0,30,315132.333106,False
0.0,30,315179.404315,False
0.0,30,315226.8889,False
0.0,30,315275.371771,False
3.0,30,315319.316509,True
0.0,30,315361.736554,False
2.5,30,315405.813187,True
0.0,30,315449.995595,False
2.3,30,315490.319316,True
2.8,30,315537.074383,True
0.0,30,315584.996694,False
0.0,30,315625.844464,False
0.6,30,315675.455766,True
0.0,30,315718.398154,False
0.0,30,315774.529667,False
2.7,30,315816.322547,True
0.0,30,315861.22951,False
1.8,30,315906.038889,True
2.5,30,315949.864857,True
0.0,30,316267.327935,False
2.3,30,316315.680676,True
0.0,30,316357.589118,False
0.4,30,316404.382062,True
0.0,30,316445.991969,False
1.4,30,316493.417536,True
2.5,30,316537.570225,True
2.3,30,316584.544491,True
0.0,30,316626.238055,False
0.0,30,316671.354637,False
2.2,30,316720.377766,True
2.6,30,316767.493429,True
2.8,30,316812.024555,True
2.7,30,316857.827419,True
2.2,30,316901.491398,True
1.6,30,316945.152879,True
0.0,30,316992.381413,False
0.0,30,317038.374079,False
1.6,30,317089.637139,True
2.5,30,317136.553117,True
0.0,30,317181.321381,False
0.0,30,317227.258508,False
0.0,30,317274.647204,False
0.0,30,317321.97072,False
0.0,30,317366.530567,False
0.0,30,317409.600044,False
2.8,30,317451.931797,True
0.0,30,317492.935877,False
0.0,30,317540.225198,False
0.1,30,317587.946509,False
3.0,30,317640.282432,True
2.4,30,317682.737021,True
0.0,30,317722.03018,False
2.6,30,317773.661506,True
2.7,30,318088.170646,True
2.8,30,318136.51948,True
2.7,30,318177.517869,True
2.6,30,318221.889204,True
0.0,30,318262.944414,False
2.1,30,318306.382926,True
0.0,30,318346.642055,False
0.0,30,318390.352422,False
2.0,30,318435.184623,False
2.5,30,318481.063583,True
2.0,30,318525.008391,False
0.0,30,318567.436701,False
0.0,30,318609.67468,False
2.7,30,318651.957459,True
2.8,30,318697.188051,True
0.0,30,318746.290897,False
0.0,30,318791.808219,False
0.0,30,318839.215677,False
0.0,30,318889.225265,False
0.0,30,318940.537163,False
0.0,30,318986.417961,False
0.0,30,319025.17384,False
0.0,30,319071.59168,False
0.0,30,319118.721688,False
1.8,30,319162.362744,True
2.7,30,319206.111265,True
0.0,30,319247.106923,False
0.0,30,319287.524954,False
0.0,30,319331.678869,False
0.0,30,319375.592333,False
0.0,30,319420.929906,False
0.0,30,319467.385508,False
2.0,30,319516.610452,True
1.5,30,319561.227901,True
2.2,30,319863.636804,True
0.0,30,319907.004692,False
0.0,30,319953.328995,False
0.0,30,320001.585622,False
2.2,30,320051.135823,True
0.0,30,320098.349304,False
0.0,30,320145.547904,False
2.6,30,320190.893603,True
0.0,30,320239.023716,False
2.6,30,320285.570901,True
0.0,30,320329.867464,False
2.5,30,320372.743427,True
0.0,30,320415.997853,False
0.0,30,320462.7546,False
2.6,30,320507.554386,True
0.5,30,320551.346527,True
2.6,30,320596.793664,True
2.0,30,320642.63612,True
0.0,30,320692.643374,False
0.0,30,320735.940121,False
1.8,30,320779.803874,True
0.6,30,320827.065015,False
2.3,30,320872.510842,True
2.7,30,320913.266056,True
0.0,30,320960.761199,False
0.0,30,321006.099418,False
0.1,30,321051.757843,True
0.0,30,321096.704865,False
2.5,30,321145.45334,True
0.2,30,321187.805858,False
0.0,30,321244.94305,False
2.3,30,321292.895688,True
2.4,30,321337.004467,True
0.0,30,321404.711365,False
0.0,30,321450.771712,False
0.0,30,321746.058047,False
0.0,30,321792.449714,False
0.0,30,321837.972994,False
2.6,30,321882.848259,True
0.0,30,321937.777454,False
0.0,30,321984.585695,False
3.0,30,322026.755987,True
2.5,30,322073.578594,True
2.5,30,322123.952506,True
0.0,30,322171.371671,False
0.0,30,322213.128384,False
0.0,30,322258.482973,False
1.4,30,322302.12024,True
0.0,30,322344.87215,False
0.0,30,322396.654842,False
2.1,30,322446.073092,True
3.0,30,322488.483382,True
0.1,30,322534.54474,True
0.0,30,322582.186116,False
2.3,30,322630.324321,True
0.0,30,322688.58353,False
2.8,30,322732.71821,True
0.0,30,322777.812951,False
0.0,30,322821.637929,False
2.5,30,322863.86016,True
0.0,30,322916.669904,False
2.6,30,322964.678867,True
0.0,30,323023.524199,False
2.6,30,323073.3653,True
0.0,30,323120.67947,False
2.5,30,323170.254644,True
2.4,30,323226.930397,True
2.9,30,323266.67634,True
0.0,30,323317.746005,False
1.8,30,323649.406396,False
0.0,30,323698.793901,False
2.7,30,323743.37689,True
0.0,30,323787.150057,False
0.0,30,323830.959333,False
0.0,30,323875.723319,False
2.5,30,323921.818827,True
2.8,30,323965.86485,True
2.2,30,324009.275977,True
0.0,30,324051.947763,False
0.0,30,324095.883452,False
2.7,30,324155.464536,True
0.0,30,324202.243894,False
0.0,30,324255.479788,False
2.3,30,324305.132675,True
0.0,30,324344.738828,False
3.0,30,324390.3523,True
3.0,30,324435.061914,True
0.0,30,324478.190506,False
2.6,30,324522.653636,True
0.0,30,324567.278261,False
2.3,30,324616.032854,True
0.0,30,324666.224864,False
2.5,30,324712.273172,True
2.0,30,324756.862792,True
2.4,30,324807.575165,True
2.7,30,324849.656481,True
2.0,30,324893.377218,True
0.0,30,324952.061642,False
2.0,30,324993.305856,True
0.0,30,325035.43432,False
2.1,30,325087.078535,True
0.0,30,325131.176133,False
1.4,30,325178.090859,True
2.3,30,325512.018637,True
0.0,30,325553.963946,False
0.0,30,325599.064698,False
0.0,30,325664.66333,False
0.0,30,325715.670696,False
2.3,30,325761.236435,True
0.0,30,325808.788038,False
0.0,30,325855.736122,False
2.2,30,325898.714152,False
0.0,30,325946.531337,False
0.0,30,325992.949094,False
1.7,30,326044.73227,True
0.0,30,326096.042458,False
2.7,30,326146.888613,True
0.0,30,326191.528368,False
0.0,30,326231.495415,False
1.1,30,326276.574511,True
2.6,30,326324.292984,True
2.3,30,326368.203813,True
2.1,30,326417.739178,True
0.0,30,326468.421878,False
1.9,30,326513.729606,True
2.7,30,326559.138207,True
2.6,30,326606.592412,True
0.0,30,326654.909528,False
2.6,30,326699.153987,True
2.8,30,326740.224962,True
0.1,30,326799.061619,False
0.0,30,326839.136596,False
2.4,30,326886.545012,True
2.0,30,326932.754414,True
1.4,30,326990.162789,True
0.0,30,327037.074631,False
2.2,30,327081.418819,True
2.8,30,327394.289132,True
2.3,30,327439.006175,True
2.4,30,327485.089659,True
0.0,30,327532.075128,False
2.4,30,327574.986956,True
0.0,30,327627.121251,False
2.5,30,327671.168947,True
1.3,30,327717.062042,True
2.6,30,327766.383297,True
0.0,30,327807.76181,False
2.8,30,327852.976079,True
2.9,30,327898.535702,True
0.0,30,327945.978104,False
0.0,30,327992.80043,False
0.0,30,328041.781989,False
0.6,30,328089.400092,True
0.1,30,328136.77388,False
0.0,30,328181.847062,False
2.7,30,328230.731825,True
0.0,30,328280.590558,False
0.0,30,328322.95307,False
0.0,30,328369.45917,False
2.7,30,328413.119587,True
0.0,30,328453.508271,False
2.5,30,328497.977441,True
0.0,30,328537.558117,False
0.6,30,328580.125422,True
0.0,30,328628.140342,False
0.0,30,328673.530847,False
0.0,30,328719.208377,False
0.0,30,328767.422909,False
2.4,30,328810.828307,True
0.0,30,328851.627826,False
0.0,30,328901.247891,False
2.5,30,329188.585499,True
0.0,30,329235.067803,False
2.7,30,329275.013422,True
0.0,30,329318.642869,False
2.8,30,329362.668058,True
0.0,30,329408.325336,False
3.0,30,329453.507691,True
1.8,30,329498.876082,True
2.7,30,329548.100764,True
0.0,30,329591.98479,False
1.7,30,329634.692086,True
0.0,30,329682.752417,False
2.8,30,329733.350351,True
2.9,30,329773.918399,True
2.3,30,329818.45732,True
2.1,30,329870.567571,True
2.4,30,329915.951084,True
0.0,30,329960.763772,False
2.2,30,330014.410694,True
0.0,30,330061.019276,False
0.6,30,330100.406982,True
0.0,30,330145.323641,False
2.8,30,330186.715808,True
2.8,30,330233.185233,True
2.3,30,330278.959141,True
1.1,30,330324.768413,True
2.7,30,330366.409307,True
2.8,30,330414.473952,True
1.3,30,330464.73948,True
0.0,30,330503.904716,False
0.0,30,330547.387287,False
2.5,30,330596.279363,True
2.8,30,330644.690928,True
0.0,30,330689.94103,False
2.3,30,330991.20271,True
1.8,30,331034.304051,True
1.8,30,331081.262912,False
0.0,30,331122.071987,False
2.3,30,331178.110347,True
2.6,30,331228.646727,True
1.0,30,331273.779365,True
0.0,30,331318.653419,False
0.0,30,331366.063334,False
0.0,30,331409.225316,False
0.0,30,331453.747984,False
2.7,30,331504.33578,True
2.8,30,331547.060057,True
2.9,30,331603.781364,True
2.6,30,331653.589767,True
0.0,30,331695.522159,False
0.0,30,331733.46957,False
3.0,30,331777.234892,True
2.0,30,331825.7046,True
0.0,30,331871.200944,False
0.0,30,331921.473147,False
2.7,30,331965.168042,True
0.0,30,332010.62669,False
0.0,30,332060.900856,False
2.4,30,332106.941403,True
0.0,30,332156.096488,False
0.0,30,332200.127996,False
0.0,30,332241.952017,False
0.0,30,332286.177027,False
0.0,30,332325.976488,False
2.3,30,332366.920879,True
3.0,30,332407.783222,True
2.4,30,332452.235551,True
0.0,30,332499.263632,False
1.9,30,332811.469564,True
0.0,30,332854.849568,False
2.7,30,332902.033067,True
0.0,30,332944.843548,False
2.3,30,332991.207309,True
2.6,30,333037.818035,True
0.0,30,333079.447688,False
0.0,30,333128.185089,False
0.0,30,333176.10477,False
1.1,30,333220.150152,True
2.7,30,333264.451732,True
0.0,30,333311.093144,False
2.7,30,333362.198182,True
0.0,30,333405.792577,False
3.0,30,333462.712174,True
2.4,30,333507.27681,True
2.8,30,333554.325654,True
0.0,30,333603.726341,False
2.8,30,333649.867192,True
0.0,30,333692.368206,False
2.8,30,333743.094391,True
2.6,30,333795.756931,True
2.6,30,333853.097247,True
0.0,30,333898.860346,False
2.6,30,333939.48337,True
2.4,30,333992.678789,True
0.0,30,334033.29887,False
3.0,30,334076.408119,True
0.0,30,334118.420347,False
0.0,30,334165.541827,False
2.8,30,334209.085703,True
1.6,30,334254.203702,True
2.5,30,334299.008094,True
2.8,30,334343.913264,True
2.5,30,334642.999346,True
2.5,30,334687.44766,True
2.5,30,334735.527318,True
0.0,30,334790.045935,False
2.8,30,334834.38741,True
2.7,30,334879.933,True
0.0,30,334924.511608,False
2.4,30,334968.67966,True
2.8,30,335019.193019,True
2.8,30,335065.692576,True
2.8,30,335109.251232,True
0.0,30,335152.006148,False
3.0,30,335197.875859,True
0.0,30,335248.603132,False
2.7,30,335300.378111,True
1.7,30,335347.25679,True
2.7,30,335388.498289,True
1.5,30,335429.69221,True
2.3,30,335474.211447,True
2.6,30,335521.595559,True
0.0,30,335566.945543,False
2.0,30,335626.302308,True
2.9,30,335671.73508,True
2.4,30,335718.419031,True
0.0,30,335775.616824,False
2.7,30,335821.259869,True
2.6,30,335868.205792,True
2.1,30,335909.192818,True
2.6,30,335957.129271,True
2.7,30,336005.205051,True
2.7,30,336052.241779,True
2.6,30,336102.014614,True
0.0,30,336147.504237,False
2.8,30,336193.603455,True
2.5,30,336235.955576,True
3.0,30,336498.955274,True
0.0,30,336546.180302,False
2.3,30,336590.477421,True
2.7,30,336657.301883,True
2.7,30,336699.202775,True
2.3,30,336745.950334,True
2.8,30,336792.112425,True
2.9,30,336836.369915,True
2.9,30,336879.153014,True
2.1,30,336925.257191,True
0.0,30,336964.104944,False
2.6,30,337011.155494,True
2.6,30,337056.901348,True
0.0,30,337099.609756,False
0.0,30,337145.360052,False
0.0,30,337186.872397,False
0.0,30,337234.464355,False
2.7,30,337275.112675,True
0.0,30,337321.628163,False
2.2,30,337361.534762,True
0.0,30,337405.200386,False
0.0,30,337448.823924,False
1.3,30,337491.405985,True
2.4,30,337541.782878,True
0.0,30,337581.789918,False
0.0,30,337627.003982,False
0.0,30,337664.340192,False
2.7,30,337706.840754,True
2.9,30,337750.878864,True
0.0,30,337801.381416,False
2.5,30,337845.163131,True
0.0,30,337889.773297,False
2.6,30,337929.67936,True
0.0,30,337973.248014,False
2.9,30,338267.965668,True
0.0,30,338316.869302,False
0.0,30,338365.33781,False
0.0,30,338416.095796,False
0.0,30,338479.817554,False
2.4,30,338523.771521,True
2.6,30,338570.835628,True
2.9,30,338610.291319,True
0.0,30,338652.505434,False
0.0,30,338697.16548,False
0.0,30,338738.740731,False
0.0,30,338784.891135,False
1.6,30,338833.171647,False
3.0,30,338878.378021,True
0.0,30,338919.40129,False
0.0,30,338962.001774,False
0.0,30,339009.039747,False
0.0,30,339052.079901,False
2.8,30,339095.366077,True
2.6,30,339144.478457,True
0.0,30,339190.117146,False
2.8,30,339236.620785,True
1.5,30,339277.447916,True
3.0,30,339317.755877,True
0.0,30,339359.419109,False
2.4,30,339403.777634,True
0.0,30,339452.656674,False
2.6,30,339496.546872,True
2.9,30,339540.093127,True
0.0,30,339586.728311,False
2.8,30,339629.901043,True
0.0,30,339675.585022,False
0.0,30,339721.944174,False
0.0,30,339762.037827,False
2.5,30,340053.791912,True
1.7,30,340101.523656,True
2.6,30,340144.55606,True
0.0,30,340189.984009,False
2.1,30,340232.972462,True
0.0,30,340280.238238,False
2.2,30,340327.663787,True
1.6,30,340377.070307,True
2.7,30,340422.762199,True
2.2,30,340470.033475,True
0.8,30,340519.450173,False
2.3,30,340566.30674,True
1.2,30,340612.619375,True
0.0,30,340655.361828,False
1.8,30,340697.155982,True
0.0,30,340742.847004,False
0.0,30,340788.9584,False
2.9,30,340833.484453,True
0.0,30,340878.537904,False
0.0,30,340930.305356,False
0.0,30,340975.807233,False
0.0,30,341021.22566,False
0.0,30,341067.755981,False
0.0,30,341105.998125,False
0.0,30,341147.273658,False
2.8,30,341193.787536,True
0.0,30,341239.712682,False
0.0,30,341284.172327,False
0.0,30,341329.960619,False
2.7,30,341382.114824,True
0.0,30,341426.820744,False
1.7,30,341470.831405,True
2.5,30,341517.004197,True
2.9,30,341558.705187,True
2.3,30,341862.804341,True
0.9,30,341911.169626,True
2.9,30,341959.717471,True
0.0,30,342009.374574,False
3.0,30,342060.203434,True
2.2,30,342107.235581,True
2.3,30,342154.030702,True
0.0,30,342195.671998,False
2.8,30,342242.203506,True
3.0,30,342281.12786,True
2.6,30,342324.898067,True
2.2,30,342367.688978,True
0.0,30,342410.97576,False
0.0,30,342456.179575,False
2.5,30,342498.946859,True
0.0,30,342546.175378,False
1.9,30,342590.347478,True
2.5,30,342636.982769,True
0.0,30,342683.598305,False
0.0,30,342730.394875,False
0.0,30,342775.061957,False
2.7,30,342814.516672,True
0.0,30,342860.380018,False
2.2,30,342909.864218,True
2.9,30,342955.576967,True
1.4,30,342999.676106,False
0.0,30,343045.039243,False
2.3,30,343093.744783,True
0.0,30,343137.820823,False
2.4,30,343183.026759,True
2.6,30,343228.555227,True
2.5,30,343273.005718,True
2.8,30,343318.045766,True
2.8,30,343366.36411,True
2.5,30,343670.328289,True
2.2,30,343720.734865,True
2.4,30,343766.956947,True
2.6,30,343821.381425,True
0.0,30,343865.835397,False
0.0,30,343913.288594,False
2.9,30,343957.511039,True
2.9,30,344002.948465,True
2.9,30,344047.807547,True
0.0,30,344097.698683,False
0.0,30,344143.043614,False
2.4,30,344186.433885,True
2.6,30,344237.567833,True
2.8,30,344287.906057,True
0.0,30,344333.956474,False
0.0,30,344379.518136,False
0.0,30,344425.222521,False
0.0,30,344469.486811,False
0.0,30,344512.991976,False
0.0,30,344561.214755,False
2.8,30,344607.682734,True
2.6,30,344655.17238,True
1.5,30,344698.342877,True
0.0,30,344750.678082,False
2.7,30,344791.901937,True
0.0,30,344839.016989,False
1.3,30,344878.297263,True
0.0,30,344921.97549,False
0.0,30,344974.139141,False
2.7,30,345015.739128,True
3.0,30,345063.988815,True
2.5,30,345106.003192,True
2.2,30,345144.780555,True
2.6,30,345187.951587,True
0.0,30,345465.010145,False
0.0,30,345509.795024,False
2.7,30,345555.080183,True
2.7,30,345606.679626,True
0.0,30,345651.726882,False
2.1,30,345695.744869,True
2.5,30,345741.39164,True
0.0,30,345793.01825,False
2.7,30,345834.567978,True
0.0,30,345878.548397,False
2.1,30,345918.19662,True
0.0,30,345964.512522,False
0.0,30,346006.169259,False
2.7,30,346045.406894,True
2.0,30,346093.471841,True
2.8,30,346138.356048,True
2.3,30,346199.596223,True
2.7,30,346245.261141,True
0.0,30,346288.701176,False
0.0,30,346330.67844,False
2.5,30,346375.657472,True
0.0,30,346424.309167,False
2.8,30,346466.494939,True
0.0,30,346514.141967,False
0.0,30,346560.969647,False
0.0,30,346613.380479,False
0.0,30,346662.946602,False
2.8,30,346710.064776,True
0.0,30,346757.993586,False
0.0,30,346802.920927,False
0.0,30,346851.405604,False
0.0,30,346892.107155,False
0.0,30,346932.369654,False
2.8,30,346975.626357,True
2.7,30,347293.995391,True
2.5,30,347337.494256,True
0.0,30,347383.936957,False
2.6,30,347427.862199,True
2.7,30,347484.56632,True
0.0,30,347529.385662,False
2.6,30,347574.414042,True
2.6,30,347615.972571,True
0.0,30,347658.094844,False
2.7,30,347706.902934,True
2.6,30,347752.579423,True
0.0,30,347798.605509,False
1.3,30,347838.758198,True
0.0,30,347887.056912,False
3.0,30,347934.07148,True
0.0,30,347979.691635,False
0.0,30,348027.354007,False
0.0,30,348071.503873,False
0.0,30,348118.526132,False
0.0,30,348163.773294,False
2.6,30,348209.690442,True
0.0,30,348257.405245,False
2.7,30,348301.263159,True
0.0,30,348347.049775,False
3.0,30,348393.313685,True
0.0,30,348441.790957,False
0.0,30,348490.538982,False
0.0,30,348537.325493,False
0.0,30,348575.80726,False
0.0,30,348625.945447,False
2.2,30,348667.136015,True
2.6,30,348709.713941,True
0.0,30,348755.108956,False
0.0,30,348800.171218,False
2.8,30,348841.966882,True
0.0,30,349171.408123,False
0.0,30,349216.372559,False
0.0,30,349265.749133,False
2.6,30,349335.353059,True
2.2,30,349384.171027,True
2.4,30,349431.194251,True
2.4,30,349476.814377,True
0.0,30,349523.120744,False
0.0,30,349571.752286,False
0.0,30,349612.287031,False
0.0,30,349662.590668,False
3.0,30,349711.160208,True
2.9,30,349756.214846,True
0.0,30,349821.393427,False
0.0,30,349863.672616,False
2.9,30,349911.682241,True
2.8,30,349957.273895,True
0.0,30,350007.049242,False
0.0,30,350054.420517,False
2.8,30,350095.214341,True
2.5,30,350138.811304,True
2.3,30,350186.641939,True
0.0,30,350227.649157,False
0.0,30,350274.136888,False
0.0,30,350329.533419,False
2.8,30,350381.911979,True
0.0,30,350429.885201,False
0.0,30,350471.738828,False
0.0,30,350516.73501,False
0.0,30,350558.557894,False
0.0,30,350601.522632,False
0.1,30,350647.628426,True
3.0,30,350695.208496,True
0.0,30,350738.354332,False
0.0,30,351038.237864,False
2.8,30,351081.060839,True
2.6,30,351129.063372,True
2.0,30,351175.533228,True
0.0,30,351225.854873,False
1.9,30,351272.572438,True
0.0,30,351319.000941,False
0.0,30,351367.476084,False
0.0,30,351417.005846,False
0.0,30,351459.179374,False
0.0,30,351510.613902,False
3.0,30,351557.78781,True
2.7,30,351606.651723,True
0.0,30,351655.601508,False
2.5,30,351701.436226,True
0.0,30,351751.572547,False
1.3,30,351796.058849,True
2.8,30,351838.236735,True
0.2,30,351880.026628,True
0.0,30,351929.90913,False
2.5,30,351986.756119,True
2.4,30,352028.823815,True
0.1,30,352074.763687,False
2.3,30,352120.210398,True
0.0,30,352166.69444,False
0.0,30,352213.282372,False
0.0,30,352260.90532,False
0.0,30,352303.207696,False
0.0,30,352350.561157,False
2.7,30,352392.682153,True
2.8,30,352442.153492,True
0.0,30,352487.710141,False
0.0,30,352533.478276,False
0.0,30,352582.210646,False
2.6,30,352882.273144,True
2.6,30,352925.339276,True
2.7,30,352974.357306,True
3.0,30,353022.37702,True
2.4,30,353068.558821,True
0.7,30,353105.068549,True
0.0,30,353149.755106,False
2.5,30,353196.139332,True
2.6,30,353239.750998,True
0.0,30,353294.014707,False
2.8,30,353340.813865,True
0.0,30,353389.910455,False
0.0,30,353433.167204,False
2.5,30,353483.907924,True
2.7,30,353527.625005,True
2.6,30,353570.830006,True
1.7,30,353616.769667,True
0.0,30,353664.87116,False
0.0,30,353709.761684,False
0.0,30,353752.147656,False
0.0,30,353798.230174,False
0.0,30,353846.360192,False
0.0,30,353890.306835,False
0.0,30,353931.786611,False
0.0,30,353979.974033,False
2.2,30,354020.995513,True
0.0,30,354068.075344,False
0.0,30,354116.567834,False
0.0,30,354161.689453,False
1.5,30,354208.521632,True
2.6,30,354256.593672,True
2.6,30,354295.492373,True
0.0,30,354343.668031,False
0.0,30,354389.046881,False
0.0,30,354719.774314,False
0.0,30,354769.295328,False
2.8,30,354812.510451,True
0.0,30,354858.876254,False
0.0,30,354907.266855,False
0.0,30,354949.972975,False
0.0,30,354996.402482,False
0.0,30,355042.306428,False
0.0,30,355093.624091,False
0.0,30,355135.716399,False
0.0,30,355182.67525,False
0.0,30,355225.885417,False
0.0,30,355278.054823,False
1.9,30,355319.396004,True
0.0,30,355362.039142,False
1.2,30,355407.012924,True
0.0,30,355452.234891,False
0.0,30,355499.119265,False
0.0,30,355551.151809,False
0.0,30,355595.936749,False
3.0,30,355637.097362,True
0.0,30,355680.332591,False
2.1,30,355727.931495,True
2.3,30,355789.627024,True
2.2,30,355834.833163,True
2.8,30,355879.259926,True
1.2,30,355923.140791,True
2.6,30,355968.215976,True
3.0,30,356020.740983,True
2.7,30,356069.208499,True
3.0,30,356114.797158,True
2.7,30,356160.458636,True
1.6,30,356205.964781,True
2.8,30,356252.420023,True
2.0,30,356565.288896,True
0.0,30,356607.35669,False
0.0,30,356651.745949,False
0.0,30,356693.487699,False
2.7,30,356740.391393,True
2.6,30,356787.074905,True
0.0,30,356831.037899,False
2.5,30,356883.003597,True
2.7,30,356927.832213,True
2.6,30,356972.476114,True
0.0,30,357029.484402,False
2.1,30,357076.256044,True
2.7,30,357127.772638,True
2.0,30,357173.33411,True
1.3,30,357223.950723,False
0.0,30,357272.798856,False
2.8,30,357323.775284,True
2.3,30,357377.251735,True
0.0,30,357428.489707,False
2.6,30,357472.829582,True
2.4,30,357521.482445,True
2.6,30,357568.276602,True
0.0,30,357614.547923,False
0.0,30,357662.383691,False
2.3,30,357710.433131,True
2.6,30,357754.949255,True
0.0,30,357797.434031,False
2.6,30,357839.238199,True
2.9,30,357882.695802,True
2.7,30,357926.661129,True
3.0,30,357980.997026,True
0.0,30,358026.693565,False
0.0,30,358071.98377,False
0.0,30,358122.57596,False
2.4,30,358448.256052,True
2.0,30,358496.163968,True
0.0,30,358542.189328,False
0.0,30,358586.462495,False
2.8,30,358637.506207,True
0.0,30,358683.652714,False
1.4,30,358725.278862,False
0.0,30,358770.885448,False
2.8,30,358812.309738,True
0.0,30,358856.974821,False
0.0,30,358906.898321,False
2.4,30,358954.96545,True
2.7,30,358999.787045,True
2.6,30,359042.592474,True
2.6,30,359086.12673,True
2.7,30,359129.270114,True
2.6,30,359177.394208,True
2.5,30,359224.194512,True
0.0,30,359277.84369,False
0.0,30,359326.414737,False
2.8,30,359370.634585,True
2.8,30,359420.554174,True
1.9,30,359460.686562,True
2.9,30,359506.719834,True
2.2,30,359549.269096,True
2.6,30,359593.538158,True
3.0,30,359640.4221,True
2.7,30,359682.546251,True
3.0,30,359729.273092,True
0.0,30,359771.585261,False
0.0,30,359823.361595,False
0.0,30,359870.311621,False
0.0,30,359915.367075,False
2.5,30,359971.013895,True
2.2,30,360291.432882,True
0.6,30,360331.608275,True
2.1,30,360382.655798,True
0.0,30,360426.988445,False
2.7,30,360476.162769,True
2.7,30,360524.996071,True
0.0,30,360569.104433,False
2.4,30,360614.531403,True
2.6,30,360664.877631,True
0.0,30,360707.474202,False
0.0,30,360747.803109,False
1.0,30,360791.348406,False
0.0,30,360837.572739,False
0.0,30,360888.104695,False
0.0,30,360934.972205,False
2.9,30,360979.108438,True
2.7,30,361023.381676,True
1.7,30,361071.654154,True
2.0,30,361118.236711,False
0.0,30,361165.852609,False
2.8,30,361212.229,True
0.0,30,361253.055807,False
0.0,30,361299.770532,False
2.8,30,361344.333589,True
0.0,30,361388.749313,False
0.0,30,361431.077061,False
0.0,30,361476.00333,False
0.0,30,361522.778397,False
2.5,30,361569.651514,True
2.9,30,361618.608984,True
0.0,30,361662.945924,False
0.0,30,361709.745594,False
3.0,30,361755.089612,True
2.3,30,361802.338757,True
3.0,30,362119.400228,True
0.0,30,362163.982391,False
2.9,30,362207.706233,True
0.0,30,362269.534138,False
2.8,30,362315.381376,True
0.0,30,362358.84176,False
0.0,30,362406.795803,False
0.0,30,362451.731389,False
3.0,30,362501.381789,True
2.8,30,362550.370479,True
2.8,30,362598.138647,True
0.0,30,362649.0088,False
0.0,30,362689.750344,False
3.0,30,362738.784822,True
0.0,30,362779.652395,False
0.0,30,362818.784045,False
1.6,30,362864.85975,True
2.9,30,362913.787342,True
1.9,30,362961.855456,True
0.0,30,363005.868977,False
0.0,30,363055.364259,False
0.0,30,363106.786359,False
2.4,30,363149.827534,True
2.4,30,363194.895968,True
0.0,30,363243.484396,False
2.9,30,363291.993053,True
2.4,30,363341.978469,True
0.0,30,363389.815854,False
0.0,30,363438.348338,False
2.6,30,363490.059142,True
2.4,30,363533.768323,True
0.0,30,363582.469767,False
0.0,30,363631.250401,False
0.0,30,363678.319877,False
2.8,30,363723.170018,True
0.0,30,364027.075013,False
0.0,30,364074.712209,False
0.0,30,364118.547228,False
2.7,30,364166.774831,True
0.0,30,364211.305611,False
0.0,30,364252.304572,False
2.8,30,364300.096189,True
0.0,30,364351.860875,False
2.5,30,364399.793057,True
0.0,30,364444.318198,False
0.0,30,364486.397511,False
2.5,30,364535.077285,True
2.8,30,364581.656317,True
2.1,30,364632.093823,True
0.0,30,364676.404531,False
2.4,30,364719.119721,True
2.4,30,364761.274835,True
0.0,30,364807.055634,False
0.0,30,364845.934436,False
2.8,30,364895.459397,True
2.7,30,364941.406438,True
2.8,30,364985.902202,True
0.0,30,365034.233344,False
0.0,30,365079.67986,False
1.8,30,365120.004525,True
0.0,30,365168.469339,False
0.0,30,365214.148963,False
2.3,30,365258.205733,True
0.0,30,365295.8303,False
2.4,30,365341.549108,True
2.3,30,365383.59992,True
2.4,30,365425.082795,True
0.0,30,365471.340045,False
0.0,30,365516.733381,False
0.6,30,365830.392292,False
0.0,30,365878.29674,False
0.0,30,365923.853014,False
2.8,30,365966.981948,True
0.0,30,366012.445344,False
1.7,30,366055.61651,False
0.0,30,366105.40588,False
3.0,30,366150.316449,True
0.0,30,366200.980873,False
2.8,30,366240.207474,True
2.8,30,366281.444276,True
2.7,30,366325.283339,True
0.7,30,366372.989139,True
0.0,30,366416.07213,False
1.4,30,366461.313876,True
0.0,30,366507.460213,False
0.0,30,366554.858598,False
0.0,30,366604.894156,False
2.8,30,366648.703222,True
2.8,30,366699.24891,True
0.0,30,366743.979776,False
0.0,30,366786.28195,False
0.0,30,366826.133659,False
2.4,30,366876.032472,True
0.0,30,366922.446554,False
0.0,30,366976.08689,False
0.0,30,367018.696482,False
0.0,30,367076.353236,False
0.0,30,367123.342218,False
0.0,30,367192.986362,False
0.0,30,367243.71643,False
0.0,30,367290.790811,False
0.0,30,367333.330423,False
1.8,30,367383.791491,True
0.0,30,367680.100938,False
0.0,30,367727.741835,False
2.7,30,367771.262436,True
0.0,30,367814.298754,False
2.8,30,367860.173922,True
3.0,30,367904.495104,True
0.0,30,367948.739496,False
3.0,30,367992.520598,True
0.0,30,368038.866832,False
0.0,30,368084.887741,False
2.8,30,368125.995938,True
0.0,30,368168.721307,False
0.0,30,368213.564962,False
2.8,30,368259.144429,True
3.0,30,368308.804621,True
1.9,30,368353.624717,True
0.0,30,368393.053407,False
0.0,30,368439.697764,False
0.0,30,368494.089276,False
0.0,30,368538.513114,False
2.6,30,368584.087467,True
0.0,30,368629.729371,False
0.0,30,368676.879785,False
0.0,30,368721.813749,False
0.0,30,368767.293922,False
1.2,30,368817.5047,True
0.3,30,368863.77279,False
0.0,30,368909.649673,False
0.0,30,368955.346717,False
2.7,30,368999.200455,True
1.9,30,369047.446281,True
0.0,30,369088.727226,False
0.0,30,369133.145778,False
2.6,30,369183.981922,True
2.6,30,369504.061713,True
2.7,30,369548.564876,True
1.5,30,369594.879945,True
2.7,30,369641.406394,True
1.4,30,369686.182473,False
2.9,30,369730.274781,True
0.0,30,369777.774471,False
2.5,30,369824.979609,True
0.0,30,369877.394603,False
0.0,30,369925.422502,False
0.0,30,369970.371218,False
2.0,30,370013.668112,True
0.0,30,370059.913904,False
3.0,30,370110.658086,True
0.0,30,370156.635125,False
0.0,30,370204.813372,False
1.2,30,370251.630231,True
2.6,30,370302.192191,True
2.6,30,370353.351458,True
2.8,30,370397.790795,True
2.9,30,370440.346429,True
2.8,30,370486.282895,True
2.4,30,370532.441308,False
2.4,30,370581.421218,True
0.0,30,370628.06309,False
2.5,30,370677.134753,True
2.9,30,370722.244625,True
0.0,30,370768.988343,False
0.0,30,370818.927133,False
2.5,30,370862.233109,True
2.4,30,370908.57319,True
2.0,30,370953.725613,True
2.8,30,370994.367703,True
0.1,30,371045.440821,True
3.0,30,371356.48688,True
0.0,30,371403.05511,False
2.7,30,371448.194404,True
0.0,30,371490.730275,False
2.7,30,371537.078439,True
0.0,30,371579.096552,False
2.6,30,371625.368418,True
2.2,30,371674.498676,True
2.4,30,371721.07865,True
0.0,30,371769.712468,False
0.0,30,371814.577003,False
2.5,30,371868.35759,True
2.3,30,371916.115563,True
3.0,30,371965.204134,True
0.0,30,372019.233378,False
2.0,30,372062.85306,True
0.0,30,372112.450157,False
2.6,30,372153.972676,True
0.0,30,372200.264602,False
0.8,30,372245.791815,True
2.0,30,372283.693796,True
0.0,30,372334.873088,False
2.7,30,372387.230962,True
0.0,30,372432.415819,False
0.0,30,372482.30245,False
0.0,30,372525.494733,False
0.0,30,372569.596642,False
0.0,30,372620.302797,False
0.0,30,372669.107808,False
0.0,30,372716.071719,False
0.0,30,372762.618985,False
0.0,30,372812.962718,False
3.0,30,372863.251822,True
2.6,30,372912.098336,True
2.8,30,373214.791793,True
0.0,30,373257.658874,False
1.7,30,373303.38463,True
0.1,30,373348.16215,True
2.4,30,373392.737649,True
0.0,30,373438.900625,False
1.4,30,373483.907924,True
2.2,30,373535.706578,True
2.5,30,373579.914996,True
0.0,30,373627.735217,False
2.6,30,373673.765997,True
3.0,30,373722.365997,True
0.0,30,373768.880301,False
1.6,30,373815.480779,True
2.4,30,373858.882545,True
1.8,30,373900.289062,True
0.0,30,373943.224861,False
2.6,30,373990.727452,True
1.9,30,374037.065096,True
0.0,30,374083.362323,False
0.0,30,374127.433492,False
2.8,30,374173.146494,True
2.3,30,374222.097114,True
0.0,30,374270.522303,False
0.0,30,374311.201338,False
0.0,30,374359.648119,False
0.0,30,374447.100105,False
0.0,30,374487.650109,False
2.8,30,374539.81583,True
0.0,30,374588.140259,False
2.9,30,374633.737705,True
0.0,30,374676.628068,False
1.7,30,374728.424802,True
0.0,30,374772.950809,False
0.0,30,375094.363755,False
3.0,30,375139.427081,True
2.9,30,375189.401499,True
0.0,30,375240.00633,False
0.0,30,375285.175781,False
2.5,30,375329.209291,True
2.8,30,375376.953998,True
2.7,30,375420.84185,True
2.1,30,375468.718619,True
2.7,30,375518.27947,True
3.0,30,375565.904645,True
0.0,30,375612.290679,False
0.9,30,375662.660751,False
2.7,30,375709.908236,True
0.0,30,375753.921458,False
0.0,30,375797.449779,False
0.0,30,375843.411235,False
0.0,30,375888.070263,False
0.0,30,375933.903922,False
2.5,30,375980.861614,True
2.7,30,376031.306695,True
0.0,30,376078.67423,False
2.7,30,376131.661808,True
2.1,30,376183.707745,True
0.0,30,376230.056416,False
3.0,30,376274.554534,True
2.7,30,376319.324149,True
1.0,30,376359.863575,False
2.4,30,376412.27366,True
0.0,30,376458.300116,False
2.5,30,376511.263668,True
2.8,30,376561.804133,True
2.8,30,376605.071722,True
0.0,30,376652.85856,False
2.5,30,376697.604549,True
1.7,30,376999.604932,True
0.0,30,377040.329626,False
2.9,30,377084.190995,True
0.0,30,377130.059771,False
1.0,30,377176.715398,False
0.0,30,377224.584431,False
0.0,30,377272.839473,False
2.2,30,377319.511499,True
0.0,30,377362.402052,False
0.0,30,377408.194065,False
0.0,30,377451.577815,False
0.0,30,377494.315285,False
2.6,30,377539.658574,True
2.6,30,377590.664444,True
0.0,30,377640.652006,False
0.7,30,377691.418813,True
0.0,30,377739.764458,False
2.5,30,377803.887906,True
0.0,30,377850.279539,False
2.5,30,377897.205407,True
0.0,30,377944.932242,False
0.0,30,377988.262904,False
0.0,30,378031.504132,False
0.0,30,378076.653908,False
1.6,30,378132.198614,True
0.0,30,378184.378682,False
0.0,30,378227.637978,False
2.6,30,378275.294976,True
2.6,30,378319.821801,True
3.0,30,378369.500262,True
2.7,30,378417.811551,True
2.9,30,378463.225213,True
0.0,30,378510.547777,False
2.7,30,378558.580867,True
2.4,30,378893.845496,True
2.7,30,378939.928457,True
0.0,30,378986.062928,False
2.8,30,379033.41634,True
0.0,30,379076.172149,False
0.0,30,379122.745584,False
1.9,30,379169.465417,True
0.0,30,379212.576163,False
0.0,30,379261.148417,False
2.6,30,379309.909391,True
0.0,30,379358.54382,False
0.0,30,379404.771209,False
0.0,30,379450.860931,False
2.3,30,379497.351498,True
2.9,30,379545.891886,True
2.6,30,379594.245148,True
2.6,30,379641.918612,True
3.0,30,379687.376072,True
1.4,30,379737.372129,True
2.9,30,379788.156638,True
0.0,30,379833.379636,False
2.8,30,379875.409594,True
1.9,30,379924.261958,True
0.0,30,379970.543127,False
2.1,30,380019.330925,True
0.0,30,380065.75704,False
2.4,30,380110.934212,True
2.4,30,380158.751148,True
2.8,30,380204.350742,True
3.0,30,380255.528116,True
2.8,30,380300.010488,True
0.6,30,380346.447894,True
3.0,30,380394.890938,True
0.0,30,380435.382471,False
0.0,30,380754.851491,False
1.7,30,380801.812047,True
2.5,30,380851.499038,True
3.0,30,380901.046942,True
2.3,30,380943.529307,True
2.3,30,380988.57858,True
2.7,30,381033.459867,True
2.6,30,381080.831676,True
0.0,30,381126.655229,False
0.0,30,381169.399161,False
2.3,30,381214.24866,True
0.0,30,381266.585943,False
0.0,30,381308.732664,False
2.5,30,381355.913509,True
0.0,30,381398.641378,False
0.0,30,381442.914293,False
3.0,30,381489.695567,True
1.9,30,381532.483147,True
2.9,30,381577.757452,True
2.8,30,381623.852,True
3.0,30,381673.286125,True
1.9,30,381718.534779,True
2.6,30,381764.627995,True
2.6,30,381810.168849,True
2.6,30,381858.497392,True
2.7,30,381902.611102,True
0.0,30,381953.893538,False
0.0,30,382001.206783,False
0.0,30,382046.25405,False
0.0,30,382091.070808,False
2.9,30,382132.676241,True
2.6,30,382177.299892,True
2.8,30,382220.394799,True
2.7,30,382261.765593,True
0.0,30,382619.250679,False
2.8,30,382659.643257,True
0.6,30,382707.121569,True
2.5,30,382758.535846,True
0.0,30,382795.44625,False
1.6,30,382845.009041,True
0.0,30,382892.477557,False
2.7,30,382940.173877,True
2.7,30,382987.763144,False
2.4,30,383033.853703,True
2.8,30,383077.286832,True
0.0,30,383124.86427,False
0.0,30,383167.896047,False
2.5,30,383209.459359,True
3.0,30,383254.818393,True
1.8,30,383302.907317,True
2.6,30,383350.286518,True
2.6,30,383400.118226,True
0.0,30,383446.2543,False
0.0,30,383491.193874,False
1.9,30,383537.523738,True
0.0,30,383589.812128,False
0.0,30,383635.030869,False
0.0,30,383675.705732,False
3.0,30,383724.433931,True
2.3,30,383778.130464,True
0.0,30,383820.070462,False
1.9,30,383871.662456,True
2.9,30,383924.956451,True
0.0,30,383973.195114,False
0.0,30,384020.925436,False
2.8,30,384062.822564,True
2.3,30,384115.096636,True
2.7,30,384158.76762,True
0.0,30,384471.453615,False
1.4,30,384523.191623,True
0.0,30,384568.570448,False
2.3,30,384611.292668,True
0.0,30,384659.312524,False
2.0,30,384735.131438,True
2.5,30,384779.819339,True
2.6,30,384834.385731,True
2.7,30,384883.66889,True
2.5,30,384926.581073,True
1.5,30,384970.247841,True
0.0,30,385022.626986,False
0.0,30,385075.076623,False
3.0,30,385120.949648,True
2.4,30,385161.777432,True
2.7,30,385208.983941,True
2.9,30,385253.389323,True
0.0,30,385310.328805,False
2.5,30,385356.489184,True
0.0,30,385404.38319,False
2.8,30,385453.912174,True
0.0,30,385499.008621,False
0.0,30,385546.029886,False
0.0,30,385590.046716,False
2.3,30,385633.848713,True
0.0,30,385681.308342,False
0.0,30,385723.642373,False
2.4,30,385768.052645,True
2.5,30,385810.116023,True
2.3,30,385854.221189,True
2.4,30,385898.179719,True
0.0,30,385952.260228,False
0.0,30,385995.890221,False
0.0,30,386040.208683,False
2.9,30,386370.734356,True
0.0,30,386415.833651,False
0.0,30,386461.086586,False
2.9,30,386501.934448,True
0.0,30,386548.120509,False
0.0,30,386591.488311,False
0.0,30,386638.17969,False
2.1,30,386682.293577,True
0.0,30,386724.432994,False
0.0,30,386767.565471,False
2.5,30,386814.875596,True
0.0,30,386865.677019,False
2.7,30,386911.289563,True
2.8,30,386957.23995,True
0.0,30,387015.053168,False
0.0,30,387063.116744,False
0.0,30,387109.650595,False
0.0,30,387180.45215,False
1.3,30,387233.597997,True
2.7,30,387279.005149,True
2.5,30,387324.633289,True
2.6,30,387367.507934,True
2.8,30,387415.646541,True
2.8,30,387458.747922,True
0.0,30,387503.219757,False
2.3,30,387548.642378,True
2.6,30,387595.985394,True
2.7,30,387640.636048,True
2.6,30,387682.822364,True
0.0,30,387725.191761,False
0.0,30,387770.184668,False
2.5,30,387813.290086,True
2.7,30,387864.954614,True
0.0,30,387906.795514,False
2.8,30,388214.017139,True
0.0,30,388264.284301,False
2.5,30,388307.668599,True
2.8,30,388351.69566,True
2.4,30,388400.300791,True
2.4,30,388449.698176,True
0.0,30,388493.938266,False
2.6,30,388540.178909,True
2.4,30,388587.015361,True
2.8,30,388631.00152,True
3.0,30,388677.629046,True
0.0,30,388724.588348,False
2.5,30,388769.386553,True
0.0,30,388812.587988,False
0.0,30,388858.133537,False
2.9,30,388904.367953,True
0.0,30,388948.848705,False
0.0,30,388994.82144,False
0.0,30,389040.639718,False
0.0,30,389084.025961,False
2.7,30,389130.314227,False
2.5,30,389179.163565,True
2.7,30,389226.931834,True
0.0,30,389270.178107,False
0.0,30,389324.785062,False
2.4,30,389369.231187,True
0.0,30,389416.518374,False
3.0,30,389473.980158,True
2.5,30,389523.835808,True
0.1,30,389567.767179,False
0.0,30,389617.032587,False
2.9,30,389662.900003,True
2.9,30,389705.887962,True
2.4,30,389746.26581,True
0.0,30,390038.91175,False
2.1,30,390087.991258,True
0.0,30,390135.733637,False
2.7,30,390178.599891,True
0.0,30,390225.417038,False
0.0,30,390270.322306,False
2.7,30,390319.568263,True
0.0,30,390363.846504,False
2.7,30,390410.043845,True
0.0,30,390455.444477,False
2.5,30,390503.701715,True
2.1,30,390547.480854,True
0.0,30,390594.937042,False
2.8,30,390638.141967,True
0.0,30,390682.439325,False
0.5,30,390722.215203,True
2.6,30,390767.481882,True
2.8,30,390814.370191,True
2.5,30,390859.884092,True
1.3,30,390902.684631,True
1.0,30,390947.784405,True
1.9,30,390999.057733,True
0.0,30,391042.828319,False
0.0,30,391088.883188,False
2.0,30,391133.224112,True
2.4,30,391182.864887,True
2.4,30,391227.891325,True
2.8,30,391280.219769,True
0.0,30,391330.996059,False
0.0,30,391379.016403,False
2.4,30,391430.33586,True
3.0,30,391473.61338,True
2.7,30,391516.1848,True
0.0,30,391562.891772,False
2.8,30,391603.782003,True
0.0,30,391906.430582,False
0.0,30,391951.905195,False
0.0,30,391992.525662,False
2.6,30,392034.888648,True
0.0,30,392074.27752,False
2.7,30,392121.818761,True
0.0,30,392168.687385,False
2.8,30,392213.334919,True
0.0,30,392257.372256,False
3.0,30,392304.668356,True
0.0,30,392349.564275,False
2.6,30,392394.974873,True
0.0,30,392440.038535,False
0.0,30,392491.327556,False
0.0,30,392535.667191,False
0.0,30,392578.60691,False
0.0,30,392627.437313,False
0.0,30,392672.932397,False
0.0,30,392721.197183,False
2.8,30,392763.653532,True
0.0,30,392810.535412,False
0.0,30,392853.483159,False
2.8,30,392892.815401,True
0.0,30,392937.275119,False
0.0,30,392981.859649,False
0.0,30,393032.525636,False
2.8,30,393081.101348,True
3.0,30,393127.936044,True
0.0,30,393176.024569,False
0.0,30,393225.135614,False
2.8,30,393271.520518,True
0.0,30,393317.308376,False
2.5,30,393362.671714,True
3.0,30,393412.487218,True
0.0,30,393714.554857,False
2.5,30,393767.476108,True
0.0,30,393810.371393,False
0.0,30,393866.509973,False
0.0,30,393915.503736,False
1.9,30,393959.724678,True
2.0,30,394005.456139,True
0.0,30,394050.831186,False
2.1,30,394092.69917,True
0.0,30,394138.458602,False
0.0,30,394182.408192,False
2.9,30,394230.007122,True
0.0,30,394274.489494,False
0.0,30,394321.473042,False
1.6,30,394363.717037,True
2.4,30,394406.090509,True
0.0,30,394444.462387,False
2.6,30,394486.693871,True
0.0,30,394534.678551,False
0.0,30,394580.579111,False
2.5,30,394623.154847,True
2.3,30,394669.359284,True
2.8,30,394708.596775,True
0.0,30,394754.460063,False
2.7,30,394803.173508,False
0.0,30,394843.55172,False
0.0,30,394887.554573,False
0.0,30,394931.483059,False
1.8,30,394981.134348,True
0.5,30,395027.619683,False
0.6,30,395073.594231,True
3.0,30,395118.528557,True
0.0,30,395160.185959,False
0.0,30,395204.185858,False
2.7,30,395491.06876,True
2.0,30,395533.20759,True
2.5,30,395575.655749,True
0.0,30,395620.636892,False
2.7,30,395665.965682,True
0.0,30,395716.816305,False
0.0,30,395759.877631,False
2.9,30,395808.317465,True
0.9,30,395852.875353,True
0.0,30,395896.44429,False
2.8,30,395938.09427,True
0.0,30,395985.421391,False
0.0,30,396036.327624,False
1.7,30,396082.560361,True
2.7,30,396141.362328,True
2.3,30,396186.047802,True
0.0,30,396229.965481,False
0.0,30,396276.450184,False
0.0,30,396320.178781,False
0.0,30,396365.256772,False
2.4,30,396413.406013,True
2.6,30,396459.488427,True
2.9,30,396504.529634,True
0.0,30,396548.339969,False
2.0,30,396587.602698,True
2.5,30,396630.429739,True
2.7,30,396679.072219,True
1.8,30,396721.059491,True
2.5,30,396771.178045,True
2.5,30,396825.31791,True
2.8,30,396865.657403,True
2.4,30,396913.589659,True
0.0,30,396957.108323,False
2.8,30,397004.549651,True
0.0,30,397317.543446,False
2.6,30,397358.444957,True
0.0,30,397407.542015,False
2.5,30,397448.67373,True
2.8,30,397492.851303,True
2.4,30,397538.763961,True
0.0,30,397585.094799,False
0.0,30,397628.299031,False
2.8,30,397681.302403,True
2.7,30,397728.27282,False
0.0,30,397770.937341,False
0.0,30,397817.036661,False
2.9,30,397859.623126,True
0.0,30,397908.760455,False
0.0,30,397956.139016,False
0.0,30,398007.934017,False
2.5,30,398054.3254,True
0.0,30,398095.320822,False
2.8,30,398135.367658,True
0.0,30,398179.588137,False
0.0,30,398225.576429,False
0.0,30,398270.584543,False
0.0,30,398317.619611,False
0.0,30,398360.419953,False
2.6,30,398410.484339,True
2.6,30,398455.863009,True
2.2,30,398503.452426,True
2.4,30,398546.711139,True
0.0,30,398591.97625,False
1.0,30,398649.302701,True
2.8,30,398697.426082,True
0.0,30,398737.761616,False
0.0,30,398782.430565,False
0.0,30,398834.588076,False
3.0,30,399124.926959,True
1.4,30,399171.656563,True
2.7,30,399220.14117,False
2.0,30,399268.738827,True
2.4,30,399313.297011,True
2.3,30,399364.064492,True
0.0,30,399407.923122,False
2.5,30,399449.155907,True
0.0,30,399496.406934,False
0.0,30,399544.991618,False
0.0,30,399588.280695,False
2.5,30,399635.924083,True
2.0,30,399693.209499,True
2.5,30,399737.200047,True
2.7,30,399784.37251,True
2.0,30,399827.809701,True
0.0,30,399877.129843,False
0.0,30,399924.145015,False
0.0,30,399967.950004,False
0.0,30,400015.325535,False
0.0,30,400059.652566,False
0.0,30,400106.147823,False
0.0,30,400154.629358,False
0.0,30,400199.9891,False
0.0,30,400243.609367,False
0.0,30,400286.350065,False
0.0,30,400333.209854,False
0.0,30,400378.307167,False
2.7,30,400425.928123,True
0.0,30,400499.739855,False
2.6,30,400548.351542,True
2.0,30,400593.287546,True
0.0,30,400643.0531,False
0.0,30,400692.02567,False
2.7,30,400964.704052,True
2.1,30,401007.811835,True
0.0,30,401050.347929,False
0.0,30,401094.095026,False
2.0,30,401137.193111,True
0.0,30,401187.069144,False
2.5,30,401234.164954,True
0.0,30,401281.45922,False
1.8,30,401326.139584,True
0.0,30,401373.011337,False
0.0,30,401410.608208,False
2.8,30,401455.191543,True
0.0,30,401501.80192,False
2.8,30,401545.169724,True
0.0,30,401589.870872,False
0.0,30,401635.822124,False
2.4,30,401680.61903,True
2.9,30,401729.553199,True
0.0,30,401773.445043,False
3.0,30,401813.89392,True
2.3,30,401857.836344,True
1.5,30,401901.356592,False
0.0,30,401941.964772,False
0.0,30,401985.887107,False
0.0,30,402028.097245,False
0.0,30,402074.057174,False
2.4,30,402120.036512,True
2.4,30,402169.365556,True
2.7,30,402218.289457,True
0.0,30,402259.854773,False
3.0,30,402307.588797,True
2.7,30,402347.766119,True
2.4,30,402388.886297,True
0.0,30,402434.405851,False
2.7,30,402729.727792,True
0.0,30,402775.696685,False
2.5,30,402823.490021,True
2.8,30,402871.310877,True
0.0,30,402917.922219,False
2.8,30,402967.494867,True
0.0,30,403011.907237,False
2.9,30,403056.570558,True
0.0,30,403101.000046,False
1.5,30,403145.918541,True
2.5,30,403195.369709,True
2.1,30,403234.515524,True
0.0,30,403277.41334,False
0.0,30,403326.206093,False
0.0,30,403369.805214,False
3.0,30,403412.198789,True
1.4,30,403461.02147,True
0.0,30,403503.294145,False
0.0,30,403547.18299,False
2.4,30,403591.07,True
0.0,30,403633.160124,False
0.0,30,403694.978417,False
0.0,30,403744.595219,False
0.0,30,403786.71747,False
2.7,30,403831.164093,True
0.0,30,403872.397854,False
2.2,30,403928.985063,True
0.0,30,403973.451848,False
0.0,30,404019.618908,False
2.3,30,404061.106886,True
3.0,30,404104.584128,True
0.4,30,404153.451762,True
2.4,30,404197.137754,True
1.7,30,404254.561749,True
2.7,30,404297.971567,True
2.0,30,404548.421352,True
2.4,30,404608.500004,True
0.0,30,404659.206671,False
2.4,30,404704.558499,True
0.0,30,404745.070827,False
2.0,30,404787.113917,True
0.0,30,404830.085119,False
0.0,30,404876.126629,False
0.0,30,404914.806517,False
0.0,30,404958.438682,False
2.5,30,405006.525666,True
0.0,30,405045.840077,False
0.0,30,405089.713635,False
2.6,30,405133.798228,True
0.0,30,405178.318618,False
0.0,30,405222.834037,False
0.0,30,405266.449118,False
2.7,30,405311.589532,True
1.1,30,405358.308635,True
0.0,30,405417.18136,False
2.7,30,405459.348188,True
2.9,30,405503.004908,True
2.4,30,405543.091097,True
0.0,30,405589.370012,False
0.0,30,405635.206715,False
2.0,30,405685.204468,True
1.4,30,405731.498333,False
2.7,30,405777.53921,True
1.9,30,405826.590154,True
0.0,30,405872.287864,False
2.8,30,405919.180146,True
0.0,30,405963.930474,False
0.0,30,406006.680797,False
0.0,30,406049.32179,False
0.0,30,406332.065849,False
2.1,30,406376.160272,True
1.5,30,406424.648536,True
0.0,30,406472.789944,False
0.0,30,406515.621384,False
2.3,30,406558.390048,True
1.8,30,406600.392235,True
3.0,30,406646.813756,True
3.0,30,406691.313081,True
2.7,30,406741.362915,True
0.0,30,406787.018445,False
2.2,30,406835.762309,True
2.1,30,406883.616461,True
0.0,30,406930.608757,False
0.0,30,406970.180797,False
2.6,30,407017.338385,True
0.0,30,407059.432063,False
2.9,30,407102.460187,True
2.0,30,407150.626786,True
2.5,30,407200.149821,True
3.0,30,407245.319391,True
2.5,30,407293.011661,True
0.0,30,407339.560705,False
0.0,30,407395.204321,False
2.7,30,407441.276197,True
0.0,30,407489.585376,False
2.5,30,407544.791651,True
0.0,30,407592.195485,False
2.7,30,407637.129282,True
2.4,30,407677.852415,True
2.5,30,407722.70966,True
2.6,30,407766.05508,True
0.0,30,407808.179598,False
0.0,30,407864.463355,False
2.6,30,408147.394273,True
2.4,30,408191.898807,True
0.0,30,408236.918045,False
2.7,30,408286.556792,True
0.0,30,408332.29298,False
0.0,30,408380.62631,False
0.0,30,408433.143925,False
2.5,30,408478.107752,True
0.0,30,408519.690924,False
2.5,30,408566.412256,True
2.7,30,408614.293175,True
2.5,30,408659.845402,True
0.0,30,408704.669781,False
2.5,30,408749.645855,True
2.7,30,408790.432244,True
0.0,30,408834.015666,False
2.8,30,408877.43964,True
0.0,30,408921.33158,False
0.0,30,408980.053466,False
2.5,30,409029.148798,True
0.0,30,409079.813037,False
2.7,30,409120.757741,True
0.0,30,409164.377398,False
0.0,30,409210.210152,False
2.6,30,409258.848591,True
0.0,30,409307.288802,False
0.0,30,409353.303949,False
0.0,30,409395.332363,False
0.0,30,409446.054833,False
1.9,30,409489.100451,True
0.0,30,409534.200915,False
2.8,30,409576.903884,True
2.4,30,409618.335036,True
0.0,30,409664.597139,False
0.0,30,409946.531535,False
0.0,30,409990.27175,False
2.1,30,410036.515079,True
2.3,30,410079.576681,True
1.6,30,410130.579424,True
2.7,30,410176.342815,True
0.0,30,410218.626606,False
2.5,30,410264.082095,True
0.0,30,410315.686479,False
0.0,30,410360.944024,False
0.0,30,410412.329131,False
2.2,30,410458.851341,False
2.7,30,410509.460526,True
2.7,30,410548.34553,True
2.6,30,410595.095534,True
2.4,30,410641.128825,True
2.4,30,410686.610248,True
3.0,30,410728.600461,True
2.7,30,410771.084873,True
2.3,30,410819.788771,True
0.0,30,410863.677757,False
2.2,30,410908.307094,True
2.5,30,410960.975318,True
1.2,30,411003.363976,False
2.8,30,411051.476865,True
0.0,30,411097.001037,False
0.0,30,411135.9957,False
2.7,30,411180.903685,True
0.0,30,411230.828919,False
0.0,30,411277.289148,False
0.0,30,411324.094226,False
2.8,30,411368.501457,True
2.9,30,411417.461426,True
1.2,30,411462.422683,True
0.0,30,411778.714527,False
2.6,30,411822.116322,True
2.3,30,411872.124717,True
0.0,30,411917.613721,False
0.0,30,411965.985153,False
0.0,30,412010.268639,False
0.0,30,412057.811831,False
1.8,30,412100.060151,True
2.5,30,412145.64405,True
2.9,30,412194.565435,True
2.8,30,412239.523497,True
0.0,30,412288.113031,False
0.0,30,412334.197676,False
2.7,30,412380.264333,True
0.0,30,412420.552058,False
0.0,30,412466.900966,False
0.0,30,412519.280421,False
3.0,30,412566.96772,True
0.0,30,412610.306059,False
0.0,30,412664.936923,False
2.6,30,412713.743199,True
0.0,30,412762.907254,False
1.7,30,412807.000561,True
0.0,30,412850.412131,False
0.0,30,412896.20868,False
3.0,30,412940.517955,True
0.0,30,412982.238196,False
0.0,30,413023.02606,False
2.5,30,413068.012422,True
1.1,30,413117.709758,True
2.4,30,413166.8541,True
0.0,30,413224.706554,False
0.0,30,413271.371068,False
0.0,30,413320.731212,False
0.0,30,413596.342247,False
2.8,30,413640.563137,True
0.0,30,413690.6835,False
0.0,30,413741.947586,False
2.3,30,413785.221878,True
2.4,30,413829.978299,True
2.9,30,413869.991822,True
0.0,30,413920.601123,False
0.0,30,413964.283511,False
0.0,30,414013.588202,False
0.0,30,414064.010171,False
2.6,30,414107.73109,True
2.2,30,414147.215134,True
0.0,30,414190.570235,False
0.0,30,414238.125756,False
2.6,30,414280.039604,True
0.4,30,414324.175874,True
2.9,30,414366.862488,True
0.0,30,414415.804896,False
0.0,30,414460.567037,False
0.0,30,414502.4348,False
2.8,30,414546.273976,True
2.7,30,414594.181611,True
1.5,30,414640.806303,True
2.7,30,414688.504216,True
0.0,30,414735.626199,False
0.0,30,414774.069405,False
0.0,30,414821.494868,False
2.6,30,414864.980266,True
0.0,30,414909.230615,False
2.4,30,414958.568364,True
0.0,30,415000.598655,False
2.9,30,415048.666365,True
0.0,30,415092.147207,False
2.6,30,415381.305488,True
2.8,30,415425.444539,True
0.0,30,415472.934871,False
2.5,30,415520.620858,True
2.2,30,415563.662964,True
2.7,30,415609.484619,True
2.2,30,415653.47712,True
0.0,30,415698.205724,False
0.0,30,415743.378412,False
2.5,30,415787.478283,True
0.0,30,415830.205126,False
0.0,30,415873.396798,False
0.7,30,415926.297284,True
1.0,30,415967.780079,True
0.0,30,416015.06215,False
3.0,30,416055.944695,True
0.0,30,416100.632824,False
0.0,30,416156.530727,False
2.7,30,416204.464388,True
2.8,30,416253.360024,True
2.5,30,416299.668344,True
0.0,30,416344.984279,False
0.0,30,416385.385509,False
0.0,30,416427.138201,False
2.5,30,416479.959604,True
0.0,30,416524.662654,False
0.0,30,416570.289589,False
2.6,30,416615.253955,True
2.6,30,416657.833537,True
1.7,30,416702.121686,True
3.0,30,416747.565582,True
0.0,30,416801.562805,False
2.7,30,416849.996713,True
2.0,30,416894.550592,False
0.0,30,417195.734633,False
0.0,30,417240.233956,False
2.8,30,417288.697645,True
3.0,30,417335.488166,True
0.0,30,417381.476581,False
2.9,30,417429.085516,True
2.8,30,417469.229555,True
2.9,30,417517.236901,True
2.2,30,417567.322865,True
0.0,30,417610.278788,False
1.9,30,417651.114707,True
2.4,30,417697.059076,True
2.7,30,417741.398965,True
0.0,30,417785.404748,False
0.0,30,417829.82952,False
1.8,30,417886.993468,True
1.1,30,417934.705112,True
0.0,30,417978.27589,False
1.9,30,418023.978046,True
0.4,30,418065.204948,True
0.9,30,418106.833404,True
2.5,30,418156.690856,True
2.2,30,418195.793276,True
0.0,30,418234.484586,False
0.0,30,418282.58222,False
2.7,30,418323.887695,True
2.7,30,418372.503375,True
2.7,30,418414.120989,True
2.4,30,418457.923694,True
2.8,30,418501.257668,True
0.0,30,418545.334342,False
0.0,30,418585.833011,False
0.0,30,418630.376851,False
1.8,30,418676.876343,True
0.0,30,418721.846781,False
2.7,30,419003.111997,True
1.9,30,419049.166872,True
0.0,30,419096.106337,False
0.0,30,419147.382535,False
2.7,30,419190.853949,True
0.0,30,419235.792021,False
0.0,30,419286.799521,False
0.0,30,419333.975996,False
0.0,30,419383.093524,False
2.5,30,419440.400099,True
0.0,30,419486.46568,False
2.9,30,419532.257663,True
0.0,30,419573.753249,False
0.0,30,419619.995001,False
0.0,30,419664.191315,False
2.4,30,419709.114666,True
2.6,30,419751.573803,True
2.7,30,419794.746787,True
1.5,30,419836.55986,True
0.0,30,419879.005218,False
0.0,30,419928.908629,False
2.4,30,419973.932626,True
0.5,30,420017.149129,False
2.4,30,420060.018817,True
0.0,30,420102.981865,False
2.2,30,420150.110516,True
2.5,30,420197.433771,True
2.5,30,420236.967038,True
0.0,30,420282.225576,False
2.5,30,420327.637752,True
0.0,30,420367.901278,False
1.5,30,420412.756709,True
3.0,30,420469.893731,True
2.6,30,420511.678046,True
2.9,30,420821.797852,True
0.0,30,420867.047926,False
2.7,30,420910.990537,True
2.4,30,420960.585605,True
2.7,30,421000.641,True
0.0,30,421056.141963,False
0.0,30,421100.423892,False
0.0,30,421149.27779,False
2.9,30,421196.941872,True
2.8,30,421240.28724,True
0.0,30,421287.291355,False
0.0,30,421330.438099,False
0.0,30,421377.996148,False
0.0,30,421427.067905,False
2.5,30,421477.411778,True
0.0,30,421522.200996,False
2.4,30,421566.525465,True
0.0,30,421616.111623,False
0.0,30,421652.985643,False
0.0,30,421695.819814,False
2.8,30,421740.105809,True
0.0,30,421786.894881,False
0.0,30,421833.840582,False
0.0,30,421884.735007,False
0.0,30,421927.463313,False
0.0,30,421974.858692,False
2.2,30,422020.888273,True
2.0,30,422068.4367,True
0.0,30,422116.498623,False
2.4,30,422163.135603,True
2.7,30,422204.970762,True
0.0,30,422254.574428,False
0.0,30,422295.885653,False
0.0,30,422341.422335,False
3.0,30,422674.916678,True
2.6,30,422718.629948,True
3.0,30,422766.938511,True
0.0,30,422830.23234,False
0.0,30,422873.683481,False
2.7,30,422919.680885,True
0.0,30,422963.27007,False
1.9,30,423006.128128,True
2.7,30,423053.03226,True
0.0,30,423101.4021,False
0.0,30,423145.265374,False
0.8,30,423188.797694,True
0.0,30,423233.899694,False
0.0,30,423273.715342,False
2.5,30,423318.117893,True
0.0,30,423367.10845,False
0.0,30,423414.759808,False
2.9,30,423455.659069,True
0.0,30,423497.328007,False
2.5,30,423543.940834,True
2.9,30,423591.595044,True
0.0,30,423636.96185,False
0.0,30,423678.765528,False
0.0,30,423721.32323,False
0.0,30,423760.919816,False
2.2,30,423800.812022,True
3.0,30,423844.486468,True
2.7,30,423889.92888,True
2.9,30,423940.983494,True
0.0,30,423979.182722,False
0.0,30,424023.831849,False
2.9,30,424079.12747,True
0.0,30,424119.422058,False
2.4,30,424164.733426,True
2.4,30,424492.210603,True
0.0,30,424539.52086,False
0.0,30,424585.291205,False
0.0,30,424631.900942,False
2.7,30,424682.165002,True
2.5,30,424733.58458,True
0.5,30,424774.965831,True
1.6,30,424818.916073,True
0.0,30,424861.346023,False
0.0,30,424907.538877,False
2.1,30,424959.23916,True
2.6,30,425001.183245,True
2.3,30,425046.983993,True
2.7,30,425094.183146,True
0.0,30,425133.263363,False
0.0,30,425176.064332,False
0.0,30,425221.551162,False
0.0,30,425264.71462,False
0.0,30,425311.136291,False
2.0,30,425355.778646,True
0.0,30,425397.005977,False
0.0,30,425439.380137,False
2.7,30,425481.795721,True
1.3,30,425530.966016,True
2.4,30,425578.156528,True
2.7,30,425620.560303,True
0.0,30,425675.876268,False
0.9,30,425720.05916,True
0.0,30,425766.314043,False
0.0,30,425804.996868,False
2.9,30,425851.989829,True
0.0,30,425894.537102,False
2.8,30,425938.507892,True
0.0,30,425987.456566,False
0.0,30,426301.311026,False
2.8,30,426344.910484,True
2.4,30,426392.003156,True
2.9,30,426463.017637,True
1.5,30,426515.051772,True
2.5,30,426558.482021,True
2.6,30,426604.122806,True
0.0,30,426659.227632,False
2.4,30,426707.587041,True
0.0,30,426754.690955,False
0.0,30,426803.589616,False
1.7,30,426849.614057,True
2.2,30,426896.777924,True
2.9,30,426945.0315,True
2.4,30,426992.531855,True
2.7,30,427034.579763,True
3.0,30,427079.434225,True
2.2,30,427122.507325,True
0.0,30,427170.009999,False
0.0,30,427213.883276,False
0.0,30,427263.629929,False
0.0,30,427312.122971,False
2.7,30,427362.564054,True
0.0,30,427404.754669,False
2.7,30,427450.122725,True
2.6,30,427498.694091,True
1.4,30,427541.442532,True
2.2,30,427587.885379,True
2.7,30,427633.252992,True
1.6,30,427682.45814,True
2.4,30,427727.694184,True
0.0,30,427775.964706,False
2.6,30,427824.493217,True
3.0,30,427866.379591,True
0.0,30,428220.913945,False
0.0,30,428265.818778,False
0.0,30,428311.467576,False
2.8,30,428354.622668,True
0.0,30,428403.662802,False
0.0,30,428451.171284,False
2.0,30,428495.86008,True
2.1,30,428542.304579,True
3.0,30,428586.481211,True
2.6,30,428630.479398,True
2.7,30,428682.175745,True
2.6,30,428730.980418,True
0.0,30,428776.811694,False
2.7,30,428820.416208,True
2.3,30,428866.931979,True
0.0,30,428908.837344,False
0.0,30,428953.69817,False
0.0,30,428998.57584,False
2.6,30,429046.233816,True
2.7,30,429089.092714,True
2.6,30,429131.826418,True
0.0,30,429186.193013,False
2.6,30,429232.983108,True
0.0,30,429278.308922,False
2.9,30,429323.231149,True
2.9,30,429365.012299,True
3.0,30,429414.214176,True
3.0,30,429458.917522,True
3.0,30,429503.99348,True
2.6,30,429552.552252,True
0.0,30,429598.421884,False
0.0,30,429641.65941,False
0.0,30,429695.83734,False
0.0,30,429742.11403,False
2.7,30,430094.317243,True
0.4,30,430136.365126,False
0.0,30,430180.269455,False
2.9,30,430230.35538,True
0.0,30,430278.779212,False
1.9,30,430323.015761,True
2.6,30,430371.347785,True
0.0,30,430418.615608,False
2.3,30,430463.138323,True
2.5,30,430515.788017,True
3.0,30,430561.741658,True
0.0,30,430613.550349,False
0.8,30,430666.634724,True
0.0,30,430715.280682,False
2.7,30,430763.557221,True
2.2,30,430812.064705,True
0.0,30,430864.631891,False
0.0,30,430905.319406,False
2.1,30,430953.04085,True
0.0,30,430997.200737,False
0.0,30,431041.046577,False
2.3,30,431087.561737,True
2.7,30,431139.59409,True
2.5,30,431191.616666,True
2.5,30,431237.294919,True
0.0,30,431280.754072,False
0.0,30,431331.117878,False
0.0,30,431374.450729,False
0.0,30,431421.84254,False
2.8,30,431471.133337,True
0.0,30,431521.213431,False
0.0,30,431571.508761,False
2.8,30,431619.07452,True
0.0,30,431666.300056,False
0.0,30,431709.512857,False
2.3,30,432046.121922,True
0.0,30,432087.96806,False
0.0,30,432135.487054,False
2.0,30,432190.117733,True
0.0,30,432234.082864,False
2.4,30,432282.904244,True
0.0,30,432331.976488,False
2.5,30,432379.007753,True
0.7,30,432427.619754,True
0.0,30,432469.863566,False
2.8,30,432518.54058,True
0.0,30,432568.02003,False
0.0,30,432609.772616,False
0.0,30,432665.853443,False
2.8,30,432711.963217,True
2.9,30,432758.875732,True
0.0,30,432806.147233,False
1.9,30,432853.422857,True
2.8,30,432896.310914,True
0.0,30,432939.533179,False
2.6,30,432983.462651,True
2.8,30,433029.933667,True
0.0,30,433079.062192,False
2.7,30,433126.007228,True
0.0,30,433171.984283,False
0.0,30,433216.247984,False
2.5,30,433255.680329,True
2.7,30,433303.32704,True
1.8,30,433349.422818,True
2.0,30,433393.689272,True
0.0,30,433441.766444,False
2.4,30,433490.122742,True
0.0,30,433537.744213,False
1.8,30,433581.381383,True
0.0,30,433936.330748,False
0.0,30,433984.366149,False
2.5,30,434032.089738,True
2.6,30,434077.914435,True
0.3,30,434118.726867,True
2.7,30,434166.926435,True
3.0,30,434213.582982,True
0.0,30,434257.304721,False
0.0,30,434301.858903,False
0.0,30,434350.048639,False
0.0,30,434399.366235,False
0.0,30,434448.216036,False
0.0,30,434498.174381,False
2.2,30,434546.64618,True
0.0,30,434592.147743,False
0.0,30,434634.329738,False
0.0,30,434684.316306,False
0.4,30,434736.911342,True
2.9,30,434781.360573,True
3.0,30,434827.741608,True
2.3,30,434871.383602,True
2.5,30,434915.882101,True
0.0,30,434966.793263,False
2.7,30,435013.825559,True
1.8,30,435060.905353,False
2.5,30,435107.452938,True
2.6,30,435152.605915,False
2.5,30,435198.213127,True
0.0,30,435241.074301,False
0.0,30,435290.070025,False
0.0,30,435338.658366,False
0.0,30,435386.446031,False
0.0,30,435433.795859,False
0.0,30,435480.110845,False
1.7,30,435830.939498,True
2.0,30,435875.248278,True
2.2,30,435923.399194,True
0.0,30,435967.048659,False
0.0,30,436018.616835,False
0.0,30,436064.939593,False
2.8,30,436112.895289,True
1.6,30,436154.952178,True
0.0,30,436201.155217,False
0.0,30,436248.5844,False
1.8,30,436289.976933,True
2.7,30,436336.746385,True
2.6,30,436387.667545,True
2.6,30,436437.246778,True
0.0,30,436485.689055,False
0.0,30,436534.452173,False
0.0,30,436587.531571,False
0.0,30,436633.020634,False
0.0,30,436676.403802,False
2.3,30,436728.664995,True
0.0,30,436772.689098,False
0.0,30,436822.38505,False
0.0,30,436866.967995,False
2.0,30,436919.964826,True
1.7,30,436964.808474,True
0.0,30,437015.885936,False
0.0,30,437063.38298,False
2.9,30,437108.727717,True
0.0,30,437151.676576,False
0.0,30,437203.872274,False
2.6,30,437251.489106,True
0.0,30,437300.653125,False
2.5,30,437343.205984,True
2.9,30,437390.981275,True
3.0,30,437729.047408,True
2.2,30,437782.438675,True
2.7,30,437833.344743,True
2.7,30,437891.872384,True
3.0,30,437940.65784,True
0.0,30,437984.60911,False
0.0,30,438033.942939,False
2.4,30,438080.975795,True
3.0,30,438128.484976,True
0.0,30,438173.546252,False
0.8,30,438219.986111,True
1.2,30,438268.808427,True
0.0,30,438312.193681,False
0.0,30,438359.056264,False
0.0,30,438409.852846,False
2.6,30,438455.662706,True
2.4,30,438501.824355,True
2.1,30,438549.686564,True
0.0,30,438593.031478,False
3.0,30,438642.887939,True
2.9,30,438688.876473,True
0.0,30,438735.430199,False
0.0,30,438785.357965,False
0.0,30,438830.114733,False
2.7,30,438875.383017,True
2.8,30,438923.473511,True
0.0,30,438973.279667,False
0.0,30,439025.08782,False
2.6,30,439071.422263,True
2.8,30,439122.352379,True
0.0,30,439171.447152,False
2.6,30,439221.635885,True
2.9,30,439274.644051,True
0.0,30,439321.817898,False
2.0,30,439646.946429,True
2.7,30,439690.350221,True
2.3,30,439743.26339,True
0.0,30,439795.637074,False
3.0,30,439847.407433,True
0.0,30,439893.661791,False
0.0,30,439939.815437,False
2.6,30,439986.990232,True
0.0,30,440043.04214,False
2.3,30,440092.172297,True
0.0,30,440140.478011,False
0.0,30,440193.150357,False
0.0,30,440238.951336,False
2.5,30,440284.048999,True
2.5,30,440333.143231,True
2.5,30,440377.935058,True
0.0,30,440421.481681,False
0.0,30,440467.283551,False
2.6,30,440513.079023,True
0.0,30,440558.38942,False
2.5,30,440602.228445,True
1.5,30,440654.590643,True
0.0,30,440700.4741,False
0.0,30,440750.343091,False
0.0,30,440800.532227,False
3.0,30,440841.584119,True
2.3,30,440891.684091,True
2.8,30,440942.068129,True
2.8,30,440984.175482,True
0.0,30,441033.866089,False
0.0,30,441091.750743,False
2.6,30,441137.455633,True
0.0,30,441189.276229,False
0.0,30,441237.365105,False
0.0,30,441575.646977,False
0.0,30,441624.937456,False
2.8,30,441674.439272,True
0.0,30,441724.62906,False
1.2,30,441770.582774,True
2.9,30,441814.154002,True
2.8,30,441864.358588,True
1.8,30,441911.318625,True
0.0,30,441958.724067,False
2.5,30,442005.480069,True
2.0,30,442056.50019,False
0.0,30,442097.803334,False
0.0,30,442146.297346,False
2.5,30,442193.831544,True
2.6,30,442235.901078,True
0.0,30,442280.152306,False
0.0,30,442333.564659,False
2.4,30,442380.943154,True
2.5,30,442425.960837,True
0.0,30,442481.429863,False
0.0,30,442523.676244,False
0.0,30,442568.752032,False
0.0,30,442616.928233,False
0.0,30,442659.727295,False
0.0,30,442700.541007,False
2.3,30,442746.216472,True
2.8,30,442791.475326,True
1.9,30,442831.708108,True
2.0,30,442875.227219,True
0.0,30,442912.520946,False
2.8,30,442956.55512,True
2.4,30,443004.094329,True
2.2,30,443046.701292,True
2.3,30,443094.504769,True
2.1,30,443442.848017,True
2.8,30,443493.1948,True
0.0,30,443536.565817,False
1.9,30,443585.784837,True
0.0,30,443632.931705,False
2.9,30,443680.749923,True
0.0,30,443728.837812,False
2.3,30,443771.895365,True
0.0,30,443818.72855,False
0.0,30,443864.913524,False
0.0,30,443910.010461,False
0.0,30,443958.3931,False
2.8,30,444000.801054,True
0.0,30,444049.123766,False
3.0,30,444099.352173,True
2.5,30,444154.496506,True
0.0,30,444202.402045,False
0.0,30,444245.956404,False
2.5,30,444291.892181,True
0.0,30,444337.818139,False
2.5,30,444384.085872,True
0.0,30,444425.419093,False
2.3,30,444469.200786,True
0.0,30,444517.900702,False
2.6,30,444567.976473,True
2.9,30,444612.466427,True
2.8,30,444657.671766,True
0.0,30,444703.694496,False
0.0,30,444753.171567,False
1.7,30,444800.736658,True
0.0,30,444855.126397,False
2.5,30,444899.954285,True
0.0,30,444950.414757,False
2.9,30,444995.540831,True
0.0,30,445338.239703,False
0.0,30,445385.214925,False
0.0,30,445432.346716,False
2.6,30,445482.267435,True
0.0,30,445530.173642,False
1.9,30,445575.001787,True
0.0,30,445615.187366,False
0.0,30,445658.273388,False
3.0,30,445702.814218,True
0.0,30,445750.331727,False
0.0,30,445794.961299,False
0.0,30,445848.209758,False
0.0,30,445894.882026,False
2.7,30,445943.334667,True
2.3,30,445991.749907,True
3.0,30,446035.905575,True
2.1,30,446079.5052,True
2.6,30,446136.136389,True
1.6,30,446181.209033,True
3.0,30,446226.526389,True
0.0,30,446269.973459,False
2.2,30,446312.551305,True
2.8,30,446362.165784,True
0.0,30,446405.480393,False
1.4,30,446450.191757,True
2.5,30,446493.136268,True
0.0,30,446533.192369,False
2.7,30,446580.300646,True
2.6,30,446624.84602,True
2.7,30,446668.549381,False
0.0,30,446712.247763,False
1.1,30,446756.030823,True
2.6,30,446803.217877,True
0.0,30,446850.372793,False
0.0,30,446897.297787,False
1.8,30,447245.907967,False
3.0,30,447288.88391,True
0.0,30,447336.452812,False
0.0,30,447386.465121,False
2.6,30,447429.190927,True
0.0,30,447475.657201,False
0.0,30,447519.205088,False
0.0,30,447563.86287,False
0.0,30,447619.861017,False
2.5,30,447664.335402,True
0.0,30,447707.664922,False
0.0,30,447756.264855,False
2.9,30,447804.332098,True
2.7,30,447850.349785,True
0.0,30,447897.880401,False
2.5,30,447941.126161,True
1.4,30,447989.909614,True
2.0,30,448033.530406,True
2.7,30,448077.821234,True
0.7,30,448122.214936,True
2.8,30,448175.14272,True
2.6,30,448225.735569,True
2.4,30,448267.328994,True
2.7,30,448311.790214,True
2.9,30,448362.085469,True
3.0,30,448410.128655,True
2.2,30,448462.247888,True
2.8,30,448512.865562,True
2.7,30,448558.226686,True
2.7,30,448609.260668,True
0.0,30,448656.55886,False
0.0,30,448706.778966,False
0.0,30,448754.068926,False
0.0,30,448796.814107,False
2.7,30,449150.606452,True
0.0,30,449200.71268,False
0.0,30,449245.774406,False
2.6,30,449290.000734,True
2.5,30,449340.208663,True
3.0,30,449379.427068,True
2.6,30,449426.575509,True
0.0,30,449466.33424,False
0.0,30,449512.698189,False
0.0,30,449560.619804,False
0.0,30,449603.213228,False
0.0,30,449644.781846,False
2.7,30,449698.240935,True
0.0,30,449745.539259,False
2.8,30,449789.102115,True
0.0,30,449829.974878,False
2.9,30,449876.589293,True
0.0,30,449919.305176,False
3.0,30,449967.024359,True
2.5,30,450010.695197,True
2.5,30,450057.874941,True
0.0,30,450103.467549,False
1.8,30,450145.42244,True
2.5,30,450190.197447,True
2.9,30,450238.299672,True
2.4,30,450282.773645,True
3.0,30,450329.566785,True
0.0,30,450372.765141,False
2.9,30,450423.752786,True
2.6,30,450468.203922,True
2.6,30,450510.477991,True
2.6,30,450553.766491,True
2.9,30,450595.915545,True
0.0,30,450647.567703,False
2.2,30,450987.896453,False
3.0,30,451035.597874,True
0.0,30,451077.522144,False
1.6,30,451123.782886,True
0.0,30,451172.443568,False
2.8,30,451218.714085,True
0.0,30,451265.60817,False
0.0,30,451311.07477,False
0.0,30,451353.697992,False
0.0,30,451394.681357,False
0.0,30,451440.506519,False
0.0,30,451480.615283,False
0.0,30,451527.355691,False
2.7,30,451575.510007,True
0.8,30,451629.667207,True
2.5,30,451671.607546,True
0.0,30,451712.490487,False
1.9,30,451757.009913,True
0.0,30,451797.322344,False
0.0,30,451844.576059,False
0.0,30,451891.792661,False
1.4,30,451940.965869,False
2.8,30,451987.858633,True
2.4,30,452026.592012,True
0.0,30,452069.707976,False
3.0,30,452121.546097,True
2.6,30,452169.00042,True
0.0,30,452217.026845,False
0.0,30,452258.164855,False
0.0,30,452303.614383,False
0.0,30,452349.543514,False
2.1,30,452397.28705,True
3.0,30,452447.578403,True
2.8,30,452493.407324,True
2.7,30,452825.808593,True
0.0,30,452878.409857,False
2.7,30,452923.500547,True
2.6,30,452967.762714,True
2.1,30,453014.211044,True
3.0,30,453056.053971,True
0.0,30,453097.721731,False
2.5,30,453149.061522,True
0.0,30,453195.020739,False
0.0,30,453240.467115,False
0.0,30,453287.364158,False
2.9,30,453333.044273,True
0.0,30,453382.692721,False
2.7,30,453430.673891,True
2.7,30,453478.907215,True
2.3,30,453526.002365,True
0.0,30,453575.529182,False
2.2,30,453625.673034,True
0.0,30,453669.921602,False
2.6,30,453714.698223,True
0.0,30,453757.162339,False
0.1,30,453800.346334,False
2.8,30,453842.84825,True
2.5,30,453886.353693,True
0.0,30,453933.786983,False
2.6,30,453982.373912,True
0.0,30,454039.006244,False
2.5,30,454084.638542,True
2.8,30,454132.832593,True
2.8,30,454177.478621,True
0.0,30,454222.728951,False
2.5,30,454271.72491,True
1.1,30,454321.367305,False
0.0,30,454366.215023,False
0.0,30,454707.458289,False
0.0,30,454756.354447,False
0.0,30,454803.0801,False
0.0,30,454844.61313,False
0.2,30,454886.285531,True
0.0,30,454932.581752,False
0.0,30,454983.138892,False
2.9,30,455027.412401,True
2.6,30,455072.826119,True
3.0,30,455116.358596,True
2.5,30,455166.522988,True
0.0,30,455211.986452,False
0.0,30,455253.805195,False
0.0,30,455304.309169,False
0.0,30,455346.780463,False
2.7,30,455396.043533,True
2.4,30,455437.952272,True
0.0,30,455482.507595,False
0.0,30,455526.744286,False
1.7,30,455569.947248,True
0.0,30,455616.819782,False
0.0,30,455667.093804,False
2.0,30,455715.243691,True
0.0,30,455759.888454,False
0.0,30,455808.327425,False
2.9,30,455858.064216,True
0.0,30,455904.30088,False
2.6,30,455949.432822,True
0.0,30,455995.113809,False
2.7,30,456043.661281,True
0.0,30,456088.888968,False
0.0,30,456132.162455,False
2.8,30,456177.421171,True
0.0,30,456227.665377,False
0.0,30,456563.4798,False
2.8,30,456608.35231,True
0.0,30,456650.691999,False
2.8,30,456697.180079,True
2.5,30,456741.490268,True
0.0,30,456782.923565,False
2.8,30,456830.262716,True
0.0,30,456873.13885,False
2.9,30,456918.845735,True
0.3,30,456963.200691,True
3.0,30,457012.585746,True
2.6,30,457060.403718,True
0.0,30,457107.827887,False
0.0,30,457155.493843,False
3.0,30,457198.689234,True
0.0,30,457243.011752,False
0.0,30,457294.500073,False
0.0,30,457339.691197,False
0.0,30,457389.208369,False
0.0,30,457438.009235,False
2.6,30,457483.782613,True
0.0,30,457528.459529,False
2.7,30,457574.355906,True
0.0,30,457619.768561,False
0.0,30,457662.501014,False
0.0,30,457710.773424,False
2.4,30,457759.628536,True
2.6,30,457803.647532,True
0.0,30,457851.172363,False
2.8,30,457901.575863,True
1.1,30,457944.023177,True
0.0,30,457985.950704,False
2.7,30,458029.238613,True
2.5,30,458077.418401,True
0.0,30,458397.78654,False
2.5,30,458440.797209,True
0.0,30,458489.558429,False
2.7,30,458534.785367,True
0.0,30,458580.682337,False
0.0,30,458627.974989,False
2.2,30,458675.805488,True
0.0,30,458727.703536,False
0.0,30,458778.95111,False
0.0,30,458821.56543,False
1.0,30,458866.468567,False
2.4,30,458911.702627,True
0.0,30,458955.498081,False
2.7,30,458995.393776,True
0.0,30,459038.270974,False
2.4,30,459087.735663,True
2.3,30,459138.9781,True
2.3,30,459187.225167,True
0.0,30,459233.951547,False
2.4,30,459281.657967,True
0.3,30,459329.257401,True
2.6,30,459370.484423,True
0.0,30,459421.098376,False
2.6,30,459471.38278,True
2.6,30,459519.176233,True
0.0,30,459557.039288,False
0.0,30,459602.284533,False
2.7,30,459647.920427,True
2.1,30,459690.673452,True
2.4,30,459738.543815,True
0.0,30,459784.715782,False
3.0,30,459830.149369,True
0.0,30,459873.460709,False
2.4,30,459925.958821,True
0.0,30,459967.926729,False
0.0,30,460309.785977,False
2.6,30,460353.508218,True
2.7,30,460400.364467,True
1.7,30,460452.004371,True
0.0,30,460494.47586,False
2.0,30,460535.910457,True
2.9,30,460578.984319,True
0.0,30,460626.502389,False
0.0,30,460671.449194,False
0.0,30,460725.71754,False
0.0,30,460772.376297,False
2.7,30,460822.690833,True
0.3,30,460868.551975,False
2.0,30,460913.216591,True
0.0,30,460958.393333,False
0.0,30,461008.588411,False
1.4,30,461054.29548,True
0.6,30,461097.901558,False
1.9,30,461145.804014,True
2.6,30,461200.876521,True
2.6,30,461247.583426,True
2.5,30,461296.978302,True
2.0,30,461342.786035,True
0.0,30,461384.69135,False
0.0,30,461426.757113,False
0.0,30,461471.549432,False
2.6,30,461514.231778,True
0.0,30,461556.102077,False
0.0,30,461604.046013,False
0.0,30,461652.669084,False
0.0,30,461697.836325,False
0.0,30,461747.009283,False
0.0,30,461797.878797,False
0.0,30,461840.869143,False
0.0,30,462173.552652,False
2.1,30,462221.433258,True
0.0,30,462266.801624,False
0.0,30,462310.562183,False
0.1,30,462362.880737,False
2.6,30,462412.505107,True
0.0,30,462469.232778,False
0.0,30,462517.780699,False
2.7,30,462563.392454,True
0.0,30,462607.574208,False
0.0,30,462654.820757,False
0.0,30,462696.805066,False
2.4,30,462742.868781,True
0.0,30,462786.941488,False
2.8,30,462836.063599,True
3.0,30,462888.652521,True
0.0,30,462933.413283,False
2.1,30,462972.837137,True
1.7,30,463013.141773,True
0.0,30,463056.392742,False
0.0,30,463105.005117,False
1.3,30,463150.328692,True
2.7,30,463195.007091,True
2.6,30,463240.754621,True
0.0,30,463289.964543,False
0.0,30,463332.822974,False
3.0,30,463376.78854,True
0.0,30,463421.19172,False
0.0,30,463464.29836,False
2.7,30,463509.564434,True
2.2,30,463558.115799,True
0.0,30,463617.249673,False
2.4,30,463661.265451,True
0.0,30,463709.204928,False
0.0,30,464056.099026,False
3.0,30,464104.486886,True
2.5,30,464148.76998,True
0.0,30,464195.451363,False
2.8,30,464238.387724,True
0.0,30,464283.543639,False
2.6,30,464323.135416,True
0.0,30,464370.999905,False
2.5,30,464417.435371,True
0.0,30,464464.00693,False
2.7,30,464506.858027,True
1.7,30,464551.189892,True
0.0,30,464596.410136,False
3.0,30,464642.590137,True
2.3,30,464688.237815,True
2.0,30,464733.467407,True
1.6,30,464781.508504,True
2.3,30,464829.754975,True
0.0,30,464873.927834,False
0.0,30,464924.844912,False
0.0,30,464971.946908,False
1.7,30,465021.774742,True
0.0,30,465068.065826,False
2.5,30,465122.253314,True
0.0,30,465169.991781,False
0.0,30,465210.866411,False
2.9,30,465250.905621,True
0.0,30,465297.197046,False
2.7,30,465341.912191,True
0.0,30,465386.111783,False
0.0,30,465429.174976,False
0.0,30,465474.083933,False
0.0,30,465518.014392,False
2.6,30,465567.136101,True
2.7,30,465920.926569,True
2.8,30,465966.775993,True
2.6,30,466011.670247,True
3.0,30,466057.742514,True
0.0,30,466108.565516,False
0.0,30,466154.771325,False
2.8,30,466205.548329,True
2.1,30,466252.291097,True
0.0,30,466299.80808,False
0.0,30,466343.762267,False
2.6,30,466389.97581,True
2.9,30,466433.048289,True
0.0,30,466483.834062,False
0.0,30,466532.197727,False
0.0,30,466577.053649,False
0.0,30,466628.644711,False
0.0,30,466668.681339,False
0.0,30,466719.855817,False
0.0,30,466767.593102,False
0.0,30,466812.169771,False
2.7,30,466859.785358,True
2.4,30,466907.291543,True
0.0,30,466955.162474,False
0.0,30,467001.300219,False
0.0,30,467043.070455,False
0.0,30,467087.846364,False
0.0,30,467138.265286,False
3.0,30,467183.509926,True
0.0,30,467229.972768,False
2.8,30,467276.954134,True
2.8,30,467323.280764,True
0.0,30,467368.427491,False
0.0,30,467409.728971,False
2.9,30,467454.354307,True
0.0,30,467817.435934,False
0.0,30,467863.005797,False
0.0,30,467911.013041,False
2.8,30,467956.506783,True
2.6,30,468004.471067,True
0.0,30,468054.884876,False
2.1,30,468104.591467,True
2.5,30,468147.228314,True
0.0,30,468194.072044,False
0.5,30,468239.90178,False
2.4,30,468284.333844,True
0.0,30,468326.865804,False
0.0,30,468378.219208,False
0.0,30,468422.518218,False
0.0,30,468471.427214,False
2.2,30,468516.971064,True
0.0,30,468564.351634,False
0.0,30,468608.366694,False
0.0,30,468658.083004,False
2.9,30,468705.999491,True
0.0,30,468749.655632,False
2.4,30,468791.993241,True
0.0,30,468837.030146,False
2.4,30,468882.90104,True
0.0,30,468936.956064,False
0.0,30,468986.672941,False
0.0,30,469032.709823,False
2.8,30,469079.047216,True
0.0,30,469121.566908,False
2.7,30,469169.870578,True
0.0,30,469226.605404,False
2.7,30,469276.171844,True
2.5,30,469320.508266,True
0.0,30,469364.044598,False
0.0,30,469706.049391,False
2.6,30,469754.517629,True
0.0,30,469805.880747,False
2.0,30,469852.09149,True
2.6,30,469892.128151,True
2.5,30,469939.901847,True
0.0,30,469989.670671,False
2.8,30,470038.865755,True
2.6,30,470097.754603,True
2.0,30,470143.669445,True
0.0,30,470206.781244,False
2.9,30,470253.971346,True
0.0,30,470298.932727,False
1.8,30,470343.048193,True
2.8,30,470390.865951,True
2.7,30,470440.52096,True
2.6,30,470493.495134,True
2.8,30,470538.673119,True
0.0,30,470587.493801,False
0.0,30,470636.217924,False
2.2,30,470685.322339,True
0.0,30,470737.105235,False
0.0,30,470787.594113,False
0.0,30,470834.674721,False
0.0,30,470876.804947,False
3.0,30,470934.298207,True
2.8,30,470977.830616,True
0.0,30,471023.796668,False
0.0,30,471068.201977,False
2.7,30,471134.99803,True
2.6,30,471183.790051,True
0.0,30,471232.872734,False
0.0,30,471279.061284,False
2.8,30,471323.760126,True
2.3,30,471649.42828,True
2.8,30,471696.554843,True
2.4,30,471749.072327,True
2.8,30,471795.577741,True
0.0,30,471842.708241,False
0.0,30,471892.603291,False
2.7,30,471937.355275,True
2.7,30,471981.596899,True
0.0,30,472027.181936,False
0.0,30,472074.001735,False
0.0,30,472117.573904,False
2.7,30,472169.802101,True
2.7,30,472213.476803,True
0.0,30,472283.966796,False
2.6,30,472333.966345,True
2.4,30,472386.499459,True
2.9,30,472432.064875,True
2.6,30,472477.888622,True
0.0,30,472521.745795,False
0.0,30,472569.828569,False
0.0,30,472613.017175,False
0.0,30,472658.889453,False
0.0,30,472704.747489,False
0.0,30,472756.268867,False
0.0,30,472809.227613,False
0.0,30,472863.631862,False
3.0,30,472910.065978,True
2.8,30,472958.285586,True
0.0,30,473008.940496,False
2.2,30,473057.3543,True
0.0,30,473107.728109,False
2.5,30,473155.203374,True
2.9,30,473203.761868,True
0.0,30,473248.900956,False
0.0,30,473575.781958,False
2.9,30,473624.512632,True
0.0,30,473672.051255,False
0.0,30,473719.244626,False
2.5,30,473766.946274,True
1.5,30,473807.383798,True
2.8,30,473853.264709,True
3.0,30,473895.665206,True
2.5,30,473940.759695,True
2.9,30,473989.804688,True
2.9,30,474037.376952,True
0.0,30,474085.622841,False
0.0,30,474134.058565,False
0.0,30,474179.982905,False
2.0,30,474225.103745,True
0.0,30,474269.304231,False
2.2,30,474315.556362,True
3.0,30,474357.85221,True
2.5,30,474402.801895,True
2.4,30,474452.302169,True
2.0,30,474499.641306,True
2.3,30,474547.673017,True
0.0,30,474594.017476,False
0.0,30,474637.036468,False
0.0,30,474694.941623,False
2.4,30,474741.583977,True
0.0,30,474789.057834,False
2.3,30,474835.582593,True
2.1,30,474886.584034,True
2.6,30,474935.204151,True
0.0,30,474984.927711,False
0.0,30,475035.856295,False
2.3,30,475080.167468,True
2.7,30,475138.223848,True
0.0,30,475187.700197,False
2.4,30,475526.358197,True
0.0,30,475573.13668,False
2.3,30,475619.420471,True
2.9,30,475669.573808,True
2.5,30,475719.31903,True
0.0,30,475765.982152,False
2.5,30,475812.070148,True
0.0,30,475857.444602,False
2.6,30,475907.759811,True
2.1,30,475952.028219,True
0.0,30,475996.740657,False
0.0,30,476036.366731,False
0.0,30,476085.006411,False
3.0,30,476136.398789,True
0.0,30,476181.505575,False
0.0,30,476226.884124,False
2.9,30,476273.648842,True
2.7,30,476319.869613,True
2.3,30,476366.043693,True
3.0,30,476416.454757,True
2.8,30,476466.685222,True
2.8,30,476511.029186,True
2.6,30,476559.438653,True
0.0,30,476605.325028,False
0.0,30,476650.024621,False
2.0,30,476696.440306,True
0.0,30,476741.632214,False
1.8,30,476785.13664,True
2.7,30,476831.922601,True
1.5,30,476878.624157,True
2.7,30,476922.426639,True
2.6,30,476970.486025,True
0.0,30,477016.409726,False
3.0,30,477069.588126,True
2.3,30,477380.863946,True
2.9,30,477428.87504,True
0.0,30,477478.285339,False
0.0,30,477522.752419,False
2.8,30,477563.748814,True
0.0,30,477607.092551,False
2.4,30,477652.041128,True
2.1,30,477697.668822,True
2.7,30,477744.681592,True
0.0,30,477797.494692,False
0.0,30,477846.504909,False
2.9,30,477885.902481,True
0.0,30,477926.614446,False
2.4,30,477970.468363,True
2.0,30,478014.486711,True
0.0,30,478074.938353,False
0.0,30,478117.370604,False
1.9,30,478175.974581,True
0.0,30,478229.584468,False
2.6,30,478275.141225,True
2.9,30,478319.417746,True
2.9,30,478364.122041,True
2.8,30,478413.501238,True
2.2,30,478470.582546,True
1.5,30,478518.584653,False
2.7,30,478560.462011,True
0.0,30,478604.559533,False
2.5,30,478644.511547,True
0.0,30,478689.668492,False
0.0,30,478733.911337,False
0.0,30,478777.952202,False
0.0,30,478825.415724,False
0.0,30,478869.387004,False
2.2,30,478921.573991,True
0.0,30,479241.529408,False
0.0,30,479284.587516,False
2.4,30,479327.268756,True
0.0,30,479372.337405,False
2.2,30,479415.326885,True
1.6,30,479462.010337,True
0.0,30,479504.643888,False
0.0,30,479548.890384,False
2.9,30,479596.676005,True
0.0,30,479643.177737,False
2.9,30,479695.63524,True
2.8,30,479745.599602,True
0.0,30,479791.51847,False
2.7,30,479837.153571,True
2.8,30,479881.685815,True
2.9,30,479929.099294,True
1.3,30,479973.897286,True
0.0,30,480018.157961,False
2.2,30,480067.551502,True
0.0,30,480116.120496,False
0.0,30,480160.063293,False
2.8,30,480207.559883,True
0.0,30,480256.590538,False
1.3,30,480301.493042,True
0.0,30,480345.180532,False
0.0,30,480389.129869,False
2.7,30,480432.747081,True
1.9,30,480474.285333,False
2.6,30,480519.916838,True
0.0,30,480587.295382,False
2.7,30,480629.620042,True
3.0,30,480673.395302,True
2.8,30,480726.950966,True
0.0,30,480773.360099,False
0.0,30,481114.694774,False
0.0,30,481158.159441,False
2.8,30,481205.88744,True
0.0,30,481253.027735,False
0.0,30,481302.667443,False
2.4,30,481347.23474,True
0.0,30,481395.944738,False
0.0,30,481445.238432,False
2.6,30,481483.552355,True
2.9,30,481530.437955,True
0.0,30,481582.413623,False
0.0,30,481627.171953,False
2.7,30,481675.178763,True
2.6,30,481719.815271,True
2.0,30,481768.318871,True
0.0,30,481822.215786,False
2.8,30,481869.38871,True
2.3,30,481914.853433,True
2.0,30,481962.368339,True
3.0,30,482008.132659,True
3.0,30,482051.311489,True
0.0,30,482104.712549,False
0.0,30,482155.504958,False
2.3,30,482199.938702,True
2.4,30,482243.748698,True
2.4,30,482284.519962,True
0.0,30,482328.537373,False
2.7,30,482372.362209,True
0.0,30,482417.669715,False
2.8,30,482462.941418,True
2.7,30,482510.485231,True
2.0,30,482557.897766,True
2.6,30,482605.750592,True
0.0,30,482652.83784,False
0.0,30,482984.475274,False
0.0,30,483030.940864,False
2.5,30,483076.505131,True
0.0,30,483126.430573,False
2.8,30,483170.435512,True
2.7,30,483218.370341,True
2.7,30,483259.738582,True
2.6,30,483300.574627,True
2.4,30,483357.777509,True
2.5,30,483400.591649,True
0.0,30,483444.505525,False
2.6,30,483490.503955,True
0.0,30,483536.682829,False
0.0,30,483580.672473,False
2.2,30,483625.27026,True
3.0,30,483671.371065,True
0.0,30,483718.105216,False
2.8,30,483767.359338,True
0.0,30,483811.356266,False
2.8,30,483859.246718,True
2.4,30,483906.226645,True
0.0,30,483958.873947,False
2.5,30,484000.745757,True
0.0,30,484049.571063,False
0.0,30,484101.059142,False
0.0,30,484149.272819,False
0.0,30,484198.969337,False
2.7,30,484246.619846,True
2.3,30,484295.780821,True
2.4,30,484338.351238,True
0.0,30,484382.851211,False
2.6,30,484432.315477,True
3.0,30,484477.128416,True
2.5,30,484521.812116,True
0.0,30,484864.634101,False
3.0,30,484912.855131,True
2.6,30,484959.587868,True
0.0,30,485008.649517,False
1.4,30,485051.717773,True
0.0,30,485098.036596,False
2.3,30,485143.771309,True
2.5,30,485190.464903,True
0.0,30,485238.999981,False
2.7,30,485287.186913,True
3.0,30,485331.869036,True
3.0,30,485375.131454,True
2.6,30,485416.929211,True
0.0,30,485466.317174,False
0.0,30,485512.62497,False
2.6,30,485562.540535,True
0.0,30,485606.140791,False
0.0,30,485651.024348,False
0.0,30,485700.350672,False
0.0,30,485743.555071,False
1.3,30,485794.204494,True
2.6,30,485841.478628,True
0.0,30,485885.915857,False
0.0,30,485928.17679,False
2.8,30,485971.878246,True
0.0,30,486020.463742,False
0.0,30,486070.452258,False
0.0,30,486122.555344,False
0.0,30,486168.687592,False
2.8,30,486217.162854,True
2.8,30,486267.988327,True
0.0,30,486310.615075,False
2.9,30,486357.387892,True
2.7,30,486400.016438,True
0.0,30,486733.484445,False
1.3,30,486776.082772,True
0.2,30,486821.220678,True
2.8,30,486864.765355,True
0.0,30,486911.391842,False
2.9,30,486957.541652,True
0.0,30,487005.0765,False
2.5,30,487044.64187,True
0.6,30,487087.444609,False
2.9,30,487139.717641,True
2.5,30,487187.726556,True
2.7,30,487233.237075,True
0.0,30,487279.119547,False
0.0,30,487327.665325,False
2.8,30,487376.88265,True
0.0,30,487422.866472,False
0.0,30,487467.896353,False
0.0,30,487510.623707,False
3.0,30,487557.169084,True
2.7,30,487602.979607,True
2.3,30,487663.401762,True
2.6,30,487710.984003,True
3.0,30,487751.276082,True
0.0,30,487797.409467,False
0.0,30,487844.677374,False
2.7,30,487888.337504,True
0.0,30,487939.887655,False
2.4,30,487995.414506,True
2.7,30,488042.581765,True
0.0,30,488086.791093,False
2.2,30,488137.039021,True
2.2,30,488184.531606,True
2.6,30,488232.758142,True
1.8,30,488283.971681,False
0.0,30,488326.368451,False
0.0,30,488627.357672,False
2.8,30,488673.199902,True
2.7,30,488718.630098,True
2.6,30,488762.590689,True
2.7,30,488804.724288,True
2.6,30,488851.938078,True
0.0,30,488903.489798,False
3.0,30,488947.768348,True
2.6,30,488997.589068,True
0.0,30,489039.577666,False
2.7,30,489084.490108,True
2.7,30,489134.506049,True
0.0,30,489181.983342,False
2.7,30,489229.825727,True
2.6,30,489282.373111,True
2.5,30,489328.021359,True
2.7,30,489371.020856,True
2.8,30,489414.774553,True
0.0,30,489457.50096,False
2.4,30,489509.445087,True
0.0,30,489552.335124,False
0.0,30,489605.77728,False
2.8,30,489648.010976,True
2.9,30,489689.661131,True
0.0,30,489741.948321,False
2.5,30,489785.701713,True
2.1,30,489833.153759,True
2.7,30,489873.775232,True
0.0,30,489919.874555,False
0.0,30,489967.542661,False
0.0,30,490014.285767,False
3.0,30,490061.756035,True
2.2,30,490105.734046,True
2.7,30,490146.822961,True
0.0,30,490457.060583,False
0.0,30,490501.921042,False
2.3,30,490554.655649,True
0.0,30,490600.781538,False
2.5,30,490647.971382,True
3.0,30,490704.615211,True
3.0,30,490753.02181,True
2.3,30,490802.190608,True
0.0,30,490844.91587,False
2.3,30,490891.763957,True
1.6,30,490941.612265,True
2.3,30,490986.839347,True
2.7,30,491030.87846,True
3.0,30,491076.789764,True
0.0,30,491131.240024,False
2.9,30,491178.777672,True
2.6,30,491228.668998,True
0.0,30,491275.763283,False
0.0,30,491328.279941,False
2.9,30,491370.167994,True
0.0,30,491420.991347,False
0.0,30,491466.956905,False
0.0,30,491514.189,False
0.0,30,491561.466836,False
0.0,30,491611.872987,False
0.0,30,491658.522431,False
2.9,30,491710.538516,True
0.0,30,491750.267544,False
2.4,30,491795.434327,True
0.5,30,491840.128734,True
3.0,30,491889.402831,True
0.0,30,491935.549261,False
2.8,30,491976.639984,True
3.0,30,492020.800476,True
2.8,30,492348.417059,True
2.5,30,492398.50633,True
1.3,30,492450.03671,True
0.0,30,492512.509543,False
0.0,30,492553.526763,False
0.0,30,492598.442444,False
2.8,30,492643.89155,True
1.9,30,492690.225605,True
2.4,30,492744.485873,True
2.6,30,492788.476895,True
0.0,30,492835.822174,False
1.1,30,492877.565321,False
0.0,30,492922.218142,False
0.0,30,492978.872799,False
0.0,30,493021.429879,False
0.0,30,493065.751733,False
2.1,30,493110.2493,True
0.5,30,493155.641729,True
2.4,30,493200.448724,True
2.8,30,493249.126092,True
0.0,30,493293.693259,False
2.3,30,493340.555763,True
0.0,30,493388.630877,False
0.0,30,493433.392657,False
0.0,30,493478.896704,False
0.0,30,493533.173578,False
0.0,30,493581.531259,False
0.0,30,493624.325301,False
0.0,30,493670.293894,False
2.6,30,493717.072592,True
0.0,30,493759.675907,False
0.0,30,493804.88718,False
0.0,30,493847.771283,False
0.0,30,493890.770031,False
0.0,30,494235.208008,False
2.2,30,494288.816515,True
2.4,30,494332.080903,True
2.7,30,494374.123784,True
2.8,30,494431.213372,True
0.0,30,494479.812857,False
2.5,30,494525.338918,True
2.5,30,494569.43351,True
0.1,30,494616.562536,True
2.5,30,494662.230865,True
2.5,30,494704.922811,True
2.7,30,494748.879814,True
2.8,30,494815.924919,True
3.0,30,494870.763826,True
0.0,30,494916.410541,False
2.8,30,494963.979772,True
0.0,30,495009.674702,False
2.8,30,495053.142851,True
2.9,30,495100.493962,True
0.0,30,495153.876273,False
2.7,30,495199.449305,True
0.0,30,495246.97277,False
0.0,30,495289.903756,False
0.0,30,495341.980582,False
0.0,30,495385.14946,False
0.0,30,495436.625936,False
2.7,30,495478.050308,True
0.0,30,495521.988778,False
2.8,30,495567.797769,True
2.7,30,495612.260826,True
2.7,30,495662.838772,True
0.0,30,495708.033123,False
2.8,30,495759.312094,True
1.2,30,495804.757078,True
0.0,30,496135.252433,False
2.7,30,496179.123898,True
2.5,30,496225.202584,True
0.0,30,496269.865384,False
2.5,30,496313.103564,True
2.8,30,496356.051919,True
2.8,30,496403.247989,True
0.0,30,496444.434154,False
0.0,30,496493.901319,False
2.8,30,496540.517745,True
2.7,30,496586.485211,True
2.5,30,496630.857486,True
0.0,30,496683.136911,False
0.0,30,496735.108263,False
2.6,30,496783.327069,True
0.9,30,496824.236437,True
0.0,30,496869.348348,False
0.0,30,496913.786781,False
0.0,30,496968.468565,False
0.0,30,497013.041629,False
0.0,30,497060.00987,False
2.7,30,497105.158705,True
0.0,30,497149.615809,False
0.0,30,497202.186091,False
3.0,30,497245.678807,True
2.7,30,497296.757968,True
2.3,30,497344.0646,True
0.0,30,497391.93476,False
2.5,30,497439.427425,True
3.0,30,497488.456283,True
2.8,30,497533.836103,True
2.7,30,497575.716271,True
0.0,30,497626.767591,False
0.0,30,497670.4596,False
2.0,30,497988.279145,True
0.0,30,498033.343966,False
2.2,30,498078.924724,True
0.0,30,498124.399063,False
2.1,30,498165.695399,True
0.0,30,498207.700121,False
2.6,30,498266.608411,True
0.0,30,498311.426895,False
1.0,30,498359.037346,True
2.2,30,498404.152879,True
0.0,30,498446.312346,False
2.7,30,498491.986561,True
0.0,30,498533.833082,False
0.0,30,498584.971099,False
0.0,30,498634.14103,False
2.5,30,498678.107412,True
2.6,30,498721.692161,True
2.8,30,498761.172542,True
0.0,30,498800.899398,False
0.0,30,498845.820075,False
2.1,30,498892.302586,True
0.0,30,498933.740692,False
0.0,30,498980.339991,False
2.6,30,499023.256964,True
0.0,30,499068.192858,False
0.0,30,499110.918308,False
0.0,30,499159.83893,False
1.5,30,499206.660643,True
0.0,30,499246.765961,False
2.6,30,499290.48966,True
2.7,30,499330.181643,True
0.0,30,499376.498746,False
0.0,30,499426.369888,False
0.0,30,499475.794411,False
1.5,30,499813.501095,True
2.8,30,499857.979071,True
1.9,30,499902.032831,True
0.0,30,499948.918813,False
2.6,30,500004.894979,True
2.0,30,500044.27938,True
0.0,30,500085.838293,False
2.6,30,500132.945944,True
2.2,30,500179.856737,True
0.0,30,500224.742863,False
0.0,30,500273.037488,False
2.5,30,500316.868388,True
2.8,30,500360.039913,True
0.0,30,500407.052444,False
2.5,30,500457.51277,True
0.0,30,500502.973946,False
2.8,30,500551.30255,True
2.8,30,500596.707085,True
0.0,30,500644.756028,False
2.8,30,500692.959784,True
2.3,30,500741.334525,True
0.0,30,500787.236855,False
0.0,30,500827.926516,False
1.9,30,500882.496881,True
0.0,30,500926.025277,False
2.0,30,500980.60569,False
0.0,30,501025.2552,False
2.8,30,501068.982324,True
0.0,30,501108.301749,False
2.7,30,501158.488155,True
2.8,30,501204.706491,True
0.0,30,501249.434629,False
0.0,30,501289.741094,False
0.0,30,501332.247184,False
2.6,30,501701.438284,True
0.0,30,501749.751577,False
2.3,30,501798.802068,True
0.0,30,501853.052713,False
2.8,30,501898.363561,True
0.3,30,501949.342494,True
2.7,30,501999.634373,True
0.0,30,502050.636142,False
2.9,30,502097.138986,True
2.6,30,502145.865913,True
0.0,30,502193.377715,False
2.8,30,502238.605779,True
2.9,30,502285.694102,True
2.4,30,502334.69627,True
0.0,30,502378.959061,False
0.0,30,502432.128828,False
2.7,30,502476.614424,True
0.0,30,502526.327397,False
3.0,30,502569.75947,True
0.0,30,502613.294031,False
0.0,30,502656.732985,False
0.0,30,502702.708406,False
0.0,30,502753.078349,False
0.0,30,502800.896078,False
2.3,30,502849.575197,True
2.5,30,502892.69298,True
0.0,30,502938.038737,False
2.9,30,502981.282283,True
2.8,30,503026.626111,True
2.3,30,503072.806804,True
2.6,30,503126.611911,True
2.8,30,503170.362282,True
0.0,30,503217.367541,False
0.0,30,503263.626942,False
0.0,30,503301.9757,False
1.4,30,503654.46809,True
2.3,30,503703.324879,True
0.0,30,503756.723348,False
3.0,30,503807.465868,True
0.0,30,503859.385369,False
0.0,30,503906.045678,False
0.0,30,503956.133998,False
0.0,30,504001.020812,False
2.9,30,504046.023752,True
0.0,30,504091.313981,False
2.0,30,504140.213592,False
2.5,30,504189.395401,True
0.0,30,504236.975768,False
2.1,30,504279.014899,True
0.0,30,504326.525625,False
2.4,30,504373.439699,True
0.0,30,504423.624296,False
2.8,30,504469.655497,True
0.0,30,504520.734331,False
2.5,30,504568.931083,True
2.7,30,504620.806323,True
0.0,30,504664.022528,False
2.6,30,504709.281928,True
2.9,30,504754.302348,True
0.0,30,504801.390587,False
2.5,30,504858.3958,True
2.6,30,504906.483653,True
0.0,30,504952.578201,False
0.0,30,504994.481904,False
0.0,30,505039.215931,False
2.6,30,505089.642593,True
0.0,30,505134.195065,False
1.7,30,505182.801121,True
0.0,30,505225.84698,False
0.0,30,505571.311599,False
2.8,30,505617.726526,True
0.0,30,505665.309004,False
3.0,30,505713.514096,True
0.0,30,505757.978396,False
2.8,30,505805.931397,True
0.0,30,505847.626791,False
0.0,30,505898.232812,False
2.9,30,505949.786193,True
2.4,30,505993.633389,True
2.6,30,506039.688219,True
2.0,30,506086.808743,True
2.2,30,506130.815955,True
2.3,30,506170.52942,True
0.0,30,506217.79165,False
2.5,30,506270.921488,True
2.3,30,506316.393107,True
0.0,30,506372.962589,False
1.8,30,506420.613546,True
2.8,30,506463.853245,True
2.2,30,506506.656908,False
0.0,30,506561.877958,False
2.0,30,506609.146182,True
2.7,30,506658.657122,True
0.0,30,506704.477489,False
2.6,30,506749.178401,True
0.0,30,506795.223938,False
0.0,30,506860.624762,False
0.0,30,506912.32126,False
0.0,30,506960.867227,False
3.0,30,507006.014587,True
0.0,30,507053.730398,False
2.5,30,507102.71141,True
0.0,30,507149.125218,False
2.6,30,507510.031589,True
2.6,30,507555.81386,True
2.9,30,507604.460176,True
2.6,30,507654.03872,True
0.8,30,507712.920805,True
2.0,30,507763.009627,True
0.0,30,507806.416897,False
2.4,30,507852.254871,True
0.0,30,507903.413969,False
0.0,30,507946.622411,False
0.0,30,507989.779361,False
2.7,30,508033.846645,True
0.0,30,508076.610548,False
2.6,30,508122.957353,True
2.3,30,508169.088662,True
0.0,30,508219.877549,False
0.0,30,508263.280128,False
3.0,30,508305.07388,True
0.0,30,508352.011688,False
2.7,30,508403.314658,True
2.6,30,508447.421137,True
2.8,30,508494.695211,True
0.1,30,508540.960975,True
2.4,30,508590.155214,True
2.7,30,508639.17256,True
0.0,30,508689.284186,False
2.7,30,508733.173628,True
0.0,30,508772.294534,False
1.5,30,508822.890383,True
0.0,30,508875.177681,False
0.0,30,508920.138227,False
2.9,30,508960.150576,True
0.0,30,509005.297045,False
2.1,30,509046.617935,True
0.0,30,509436.501616,False
0.0,30,509484.081668,False
0.0,30,509540.099345,False
2.7,30,509599.815104,True
2.6,30,509648.302808,True
2.8,30,509697.342158,True
0.0,30,509749.483884,False
0.0,30,509801.493608,False
2.7,30,509868.966714,True
0.0,30,509914.208279,False
1.6,30,509959.65466,True
2.8,30,510013.012842,True
3.0,30,510055.863607,True
2.4,30,510099.088666,True
0.0,30,510144.188643,False
0.0,30,510187.841343,False
2.9,30,510232.14994,True
2.7,30,510277.281665,True
0.0,30,510319.03678,False
0.0,30,510364.706755,False
2.1,30,510414.805398,False
2.2,30,510470.200926,True
2.3,30,510516.561462,True
1.6,30,510563.68558,True
2.8,30,510607.652556,True
2.9,30,510656.144874,True
0.0,30,510703.953746,False
2.7,30,510743.89082,True
0.0,30,510788.467675,False
0.0,30,510832.089057,False
2.3,30,510877.92722,True
0.0,30,510919.739097,False
2.8,30,510969.399675,True
0.0,30,511018.057087,False
2.7,30,511393.523199,True
0.0,30,511440.242007,False
3.0,30,511486.34644,True
0.0,30,511534.897254,False
0.5,30,511579.062381,True
2.7,30,511629.062538,True
0.0,30,511676.228624,False
0.0,30,511723.422673,False
0.0,30,511779.52681,False
2.6,30,511821.048593,True
2.9,30,511865.845866,True
0.9,30,511911.783443,True
2.6,30,511957.003353,True
2.8,30,512006.023069,True
2.8,30,512049.928456,True
0.0,30,512096.504858,False
0.0,30,512140.932662,False
0.0,30,512191.269264,False
2.8,30,512245.640712,True
0.1,30,512301.459483,False
2.8,30,512342.746638,True
2.7,30,512394.18457,True
0.0,30,512440.679664,False
1.8,30,512493.7935,True
2.8,30,512540.328816,True
0.0,30,512590.749037,False
0.0,30,512639.374377,False
0.0,30,512685.715326,False
0.0,30,512729.939781,False
2.9,30,512774.313114,True
0.0,30,512826.623836,False
0.0,30,512876.240536,False
2.4,30,512925.75804,True
2.8,30,512970.64979,True
2.5,30,513326.811508,True
3.0,30,513366.001069,True
0.0,30,513413.529256,False
0.0,30,513461.570807,False
0.0,30,513516.599391,False
0.0,30,513563.879435,False
2.8,30,513609.624974,True
0.0,30,513655.467519,False
2.5,30,513705.083294,True
0.0,30,513754.867179,False
3.0,30,513801.781834,True
0.0,30,513845.479656,False
3.0,30,513890.074669,True
0.0,30,513934.048588,False
2.6,30,513979.205535,True
0.0,30,514030.048529,False
0.0,30,514079.372491,False
2.6,30,514134.346477,True
0.0,30,514180.782236,False
2.5,30,514229.932945,True
3.0,30,514278.939911,True
0.0,30,514322.459956,False
0.0,30,514370.447341,False
0.0,30,514419.09945,False
0.0,30,514467.846541,False
0.0,30,514512.741069,False
0.0,30,514557.764083,False
0.0,30,514601.05361,False
0.0,30,514647.530478,False
0.0,30,514699.67382,False
2.7,30,514750.692921,True
0.0,30,514796.885338,False
0.0,30,514859.427431,False
0.0,30,514906.525268,False
0.0,30,515272.249748,False
0.0,30,515319.424357,False
0.0,30,515365.118329,False
0.0,30,515410.480062,False
0.0,30,515459.77806,False
0.0,30,515506.732929,False
2.9,30,515552.532107,True
3.0,30,515600.477517,True
2.4,30,515652.465266,True
2.4,30,515695.984152,True
0.0,30,515747.907766,False
2.6,30,515793.759313,True
0.0,30,515840.799079,False
0.0,30,515890.585128,False
2.1,30,515938.984542,True
2.8,30,515984.161387,True
0.0,30,516032.044107,False
0.0,30,516082.822181,False
2.3,30,516128.235621,True
0.0,30,516171.066864,False
0.0,30,516213.805086,False
2.3,30,516261.01864,True
0.0,30,516332.072701,False
2.5,30,516383.309954,True
0.0,30,516426.283732,False
2.3,30,516471.44831,True
0.0,30,516524.461494,False
0.0,30,516574.825674,False
3.0,30,516636.257622,True
0.0,30,516679.48551,False
2.5,30,516724.083262,True
2.9,30,516776.133598,True
0.0,30,516823.819635,False
0.0,30,516878.690878,False
2.1,30,516927.556297,True
0.0,30,517286.900503,False
2.7,30,517332.96981,True
0.8,30,517379.570183,True
2.7,30,517422.494967,True
2.4,30,517467.170756,True
0.0,30,517513.607641,False
2.7,30,517553.850877,True
0.0,30,517600.385974,False
2.3,30,517647.002355,True
1.6,30,517707.091165,True
2.5,30,517753.243865,True
0.0,30,517801.616007,False
0.0,30,517846.261408,False
2.6,30,517894.479795,True
0.0,30,517941.243122,False
1.9,30,517990.726991,True
2.1,30,518039.754572,True
2.5,30,518085.748019,True
0.9,30,518137.176079,True
1.5,30,518189.992181,False
0.0,30,518238.24799,False
1.7,30,518282.225484,True
2.9,30,518328.005198,True
0.0,30,518373.055352,False
0.0,30,518423.589866,False
2.0,30,518470.820942,True
2.8,30,518522.375014,True
2.8,30,518571.381466,True
2.0,30,518615.762655,True
2.5,30,518664.215858,True
2.8,30,518710.325958,True
2.7,30,518759.471682,True
1.7,30,518808.421248,True
0.0,30,518856.535989,False
2.6,30,519214.728233,True
0.0,30,519266.444063,False
2.6,30,519307.959394,True
2.6,30,519351.857046,True
0.0,30,519401.442704,False
0.0,30,519443.480619,False
0.0,30,519486.280741,False
0.0,30,519533.513239,False
0.0,30,519580.288661,False
3.0,30,519629.575658,True
0.0,30,519676.174203,False
0.0,30,519723.681326,False
2.6,30,519767.626633,True
2.4,30,519819.120502,True
1.6,30,519868.756566,True
2.8,30,519921.690075,True
2.9,30,519970.042725,True
0.0,30,520019.654714,False
2.6,30,520059.877527,True
0.0,30,520106.64251,False
1.8,30,520156.53025,True
2.5,30,520199.847643,True
0.0,30,520247.100278,False
2.1,30,520302.875515,True
0.0,30,520351.04943,False
2.1,30,520399.950963,True
2.7,30,520461.190493,True
0.8,30,520511.29568,True
2.1,30,520554.220574,True
0.0,30,520608.328433,False
2.7,30,520655.11458,True
2.4,30,520702.934245,True
2.8,30,520744.281268,True
0.0,30,520790.313737,False
2.3,30,521151.793344,True
3.0,30,521195.945848,True
0.0,30,521239.784182,False
0.0,30,521282.922097,False
0.0,30,521325.679566,False
2.8,30,521382.681166,True
0.0,30,521432.867898,False
0.0,30,521476.888595,False
0.0,30,521521.29346,False
2.0,30,521574.642963,True
0.0,30,521620.340595,False
0.7,30,521660.810051,False
0.0,30,521709.438775,False
2.6,30,521752.972972,True
0.0,30,521807.637807,False
3.0,30,521849.008803,True
2.8,30,521894.396492,True
0.0,30,521945.028535,False
0.0,30,521990.638009,False
2.5,30,522037.610525,True
2.8,30,522086.167887,True
2.6,30,522130.441144,True
0.0,30,522177.570604,False
2.7,30,522225.114739,True
2.2,30,522273.581765,True
3.0,30,522316.759394,True
0.0,30,522366.712594,False
2.5,30,522415.661428,True
2.8,30,522461.362239,True
2.5,30,522503.987537,True
2.1,30,522551.726079,True
2.9,30,522596.917064,True
0.0,30,522641.85791,False
0.0,30,522691.902468,False
0.0,30,523041.249285,False
0.0,30,523087.455777,False
2.6,30,523133.36267,True
2.0,30,523180.691965,True
0.0,30,523229.947084,False
2.3,30,523276.411192,True
0.2,30,523325.902249,False
0.0,30,523392.689725,False
2.7,30,523441.848555,True
2.4,30,523492.444084,True
0.0,30,523534.932174,False
2.9,30,523584.178656,True
0.0,30,523627.832074,False
0.0,30,523673.842784,False
0.0,30,523724.516988,False
1.8,30,523769.419258,True
3.0,30,523813.908776,True
0.0,30,523861.939349,False
2.7,30,523912.34741,True
2.8,30,523959.591602,True
0.0,30,524007.883651,False
2.8,30,524052.359467,True
0.0,30,524094.098669,False
2.1,30,524142.436854,True
2.6,30,524185.757029,True
2.0,30,524228.350001,True
2.4,30,524276.79904,True
2.7,30,524320.911484,True
2.5,30,524365.782985,True
0.0,30,524409.103815,False
2.3,30,524460.992247,True
2.6,30,524501.430721,True
2.7,30,524555.434602,True
1.6,30,524601.090614,True
2.7,30,524953.529971,True
0.0,30,524994.590357,False
2.4,30,525043.252165,True
2.4,30,525090.65795,True
2.6,30,525136.603469,True
0.0,30,525183.885961,False
2.5,30,525237.723372,True
1.3,30,525284.006704,True
2.6,30,525330.260089,True
3.0,30,525376.487877,True
0.5,30,525422.017826,True
0.0,30,525465.34906,False
0.0,30,525506.600734,False
2.4,30,525554.012127,True
0.0,30,525603.960589,False
0.0,30,525646.178398,False
2.8,30,525687.173058,True
2.1,30,525735.767883,True
2.6,30,525779.813776,True
2.8,30,525831.444394,True
2.3,30,525873.882463,True
2.3,30,525919.098254,True
0.0,30,525963.323242,False
3.0,30,526010.676628,True
2.8,30,526058.397141,True
0.7,30,526103.32849,True
0.0,30,526148.442314,False
2.4,30,526205.711533,True
0.0,30,526247.67232,False
0.0,30,526290.467409,False
0.0,30,526337.496826,False
0.0,30,526383.190254,False
0.0,30,526427.856327,False
0.0,30,526475.868079,False
0.0,30,526828.327495,False
3.0,30,526875.829297,True
2.7,30,526928.382896,True
0.0,30,526975.525745,False
1.9,30,527019.669376,True
2.8,30,527065.728171,True
0.0,30,527116.541122,False
0.0,30,527160.938339,False
0.0,30,527203.497862,False
2.8,30,527258.608903,True
2.9,30,527303.390104,True
1.5,30,527349.926938,True
0.0,30,527394.981798,False
0.0,30,527443.923628,False
2.8,30,527490.219001,True
0.0,30,527531.334348,False
0.0,30,527574.226278,False
0.0,30,527618.575973,False
0.0,30,527661.043534,False
2.0,30,527707.06892,True
0.0,30,527755.294515,False
2.7,30,527803.020745,True
0.0,30,527848.140635,False
3.0,30,527894.919738,True
0.0,30,527941.915409,False
2.7,30,527992.07911,True
0.0,30,528039.791574,False
2.6,30,528090.0148,True
0.0,30,528137.370545,False
0.0,30,528185.662985,False
2.8,30,528229.976492,True
0.0,30,528275.725791,False
0.0,30,528323.103765,False
2.8,30,528370.278655,True
0.0,30,528731.488144,False
0.0,30,528781.434023,False
2.9,30,528826.762391,True
2.7,30,528870.859229,True
2.6,30,528919.416519,True
2.8,30,528980.13563,True
0.0,30,529025.601307,False
3.0,30,529075.567947,True
2.7,30,529119.355099,True
0.0,30,529167.773802,False
2.0,30,529213.252867,False
2.9,30,529259.216068,True
2.9,30,529316.684587,True
2.7,30,529361.911544,True
0.0,30,529409.485696,False
0.0,30,529451.872148,False
2.3,30,529498.869647,True
2.8,30,529545.398328,True
2.5,30,529594.182939,True
0.0,30,529639.890559,False
2.7,30,529684.231577,True
2.6,30,529734.494734,True
2.9,30,529778.402341,True
2.2,30,529823.191164,False
1.7,30,529875.226739,True
3.0,30,529922.488403,True
0.0,30,529968.542126,False
2.3,30,530019.603468,True
2.3,30,530065.414499,True
0.0,30,530117.463875,False
2.6,30,530161.515573,True
0.0,30,530213.461389,False
2.2,30,530264.480673,True
2.7,30,530306.097728,True
0.0,30,530679.523663,False
0.0,30,530727.316551,False
2.6,30,530776.223155,True
3.0,30,530825.206582,True
0.0,30,530872.384637,False
2.6,30,530915.402911,True
3.0,30,530959.996547,True
3.0,30,531002.192975,True
0.0,30,531044.327993,False
2.6,30,531093.599642,True
0.0,30,531139.430331,False
0.0,30,531187.80416,False
0.0,30,531232.528257,False
0.0,30,531277.195215,False
2.5,30,531322.319117,True
0.0,30,531370.074865,False
2.7,30,531417.426665,True
0.0,30,531467.104643,False
2.3,30,531508.534695,True
2.4,30,531560.582313,True
0.0,30,531610.234739,False
0.0,30,531658.83326,False
3.0,30,531703.628534,True
0.0,30,531748.71888,False
0.0,30,531798.749453,False
0.0,30,531844.025899,False
1.6,30,531893.350782,False
0.0,30,531936.9986,False
0.0,30,531980.873389,False
1.7,30,532030.434965,True
0.0,30,532080.430784,False
0.0,30,532135.814009,False
0.0,30,532180.655012,False
2.4,30,532229.187357,True
2.7,30,532276.705701,True
3.0,30,532626.736294,True
2.4,30,532676.248503,True
0.0,30,532722.722267,False
2.3,30,532768.509155,True
1.4,30,532814.506498,True
2.7,30,532856.233354,True
0.0,30,532899.797363,False
0.0,30,532947.116337,False
2.3,30,532992.785872,True
1.5,30,533040.247443,True
2.9,30,533084.25738,True
2.5,30,533126.026962,True
0.0,30,533170.222218,False
2.0,30,533225.034538,True
2.7,30,533277.194634,True
1.4,30,533331.811279,True
0.0,30,533381.999616,False
2.9,30,533422.642439,True
1.8,30,533476.962765,False
2.8,30,533522.824802,True
0.0,30,533567.421507,False
2.5,30,533618.194885,True
2.8,30,533664.175299,True
2.8,30,533712.501314,True
0.0,30,533761.323763,False
2.3,30,533808.33816,True
0.0,30,533848.952931,False
2.4,30,533894.961255,True
2.8,30,533939.182899,True
2.8,30,533983.397771,True
0.0,30,534032.209923,False
2.0,30,534075.564152,True
0.0,30,534129.180835,False
0.0,30,534183.315761,False
2.2,30,534501.324417,True
0.0,30,534546.100819,False
0.0,30,534592.172722,False
2.8,30,534641.057613,True
2.9,30,534681.735721,True
1.0,30,534735.761913,True
0.0,30,534780.665865,False
2.7,30,534832.312137,True
0.0,30,534880.8127,False
2.6,30,534925.027431,True
0.0,30,534966.943031,False
0.0,30,535016.215634,False
2.3,30,535060.191764,True
2.5,30,535106.930413,True
2.9,30,535157.670346,True
2.6,30,535200.252089,True
2.6,30,535246.697856,True
0.0,30,535294.400441,False
0.0,30,535337.789703,False
0.0,30,535382.17765,False
0.0,30,535428.735008,False
0.0,30,535479.037641,False
2.1,30,535526.690342,True
2.9,30,535571.075133,True
3.0,30,535610.294738,True
0.0,30,535666.951782,False
0.0,30,535712.362447,False
2.7,30,535754.82549,True
2.8,30,535797.751002,True
2.8,30,535841.081319,True
0.0,30,535883.423601,False
0.0,30,535956.173415,False
0.0,30,536009.426866,False
2.6,30,536055.917368,True
2.3,30,536373.010929,True
0.0,30,536424.164482,False
0.0,30,536469.470886,False
2.1,30,536515.658255,True
0.0,30,536561.333424,False
2.9,30,536605.362037,True
0.0,30,536648.78026,False
2.6,30,536693.655074,True
0.0,30,536740.823524,False
0.0,30,536779.00615,False
0.0,30,536825.660479,False
2.9,30,536878.736223,True
3.0,30,536919.301053,True
2.7,30,536963.596568,True
2.8,30,537015.475744,True
2.8,30,537057.779443,True
0.0,30,537102.603332,False
3.0,30,537144.618613,True
0.0,30,537194.091969,False
0.0,30,537238.628742,False
2.0,30,537289.190802,True
0.0,30,537334.808602,False
2.7,30,537377.894654,True
2.1,30,537421.301241,True
3.0,30,537466.291102,True
0.0,30,537516.186351,False
0.0,30,537559.680765,False
1.8,30,537607.708024,True
1.9,30,537654.16687,True
0.0,30,537704.844501,False
0.0,30,537761.876261,False
0.0,30,537806.650352,False
0.0,30,537853.440458,False
0.0,30,537899.966406,False
0.0,30,538196.649743,False
0.0,30,538244.066854,False
2.8,30,538286.329502,True
2.7,30,538333.533288,True
0.0,30,538376.3825,False
1.2,30,538422.052116,True
0.0,30,538465.403552,False
0.0,30,538513.201466,False
2.6,30,538562.880174,True
3.0,30,538620.691881,True
2.4,30,538666.207316,True
1.6,30,538706.971209,True
0.6,30,538755.652996,True
0.6,30,538796.261011,True
0.0,30,538840.182688,False
2.1,30,538882.503402,True
2.3,30,538932.001761,True
0.0,30,538975.358209,False
2.5,30,539023.467565,True
2.6,30,539071.321135,True
2.2,30,539119.418118,False
2.5,30,539162.585523,True
0.0,30,539206.686084,False
0.0,30,539250.276741,False
2.8,30,539300.622197,True
2.5,30,539351.069019,True
2.9,30,539396.333827,True
0.0,30,539442.705334,False
3.0,30,539483.806427,True
2.6,30,539531.890625,True
0.0,30,539579.407768,False
0.0,30,539621.361907,False
0.0,30,539670.895768,False
0.0,30,539711.795748,False
2.7,30,540082.970667,True
2.7,30,540129.294801,True
1.9,30,540175.358547,True
0.0,30,540222.00265,False
2.6,30,540269.749734,True
1.9,30,540313.539394,True
2.7,30,540359.936737,True
2.0,30,540400.921383,True
2.3,30,540452.896319,True
0.0,30,540496.224202,False
0.0,30,540540.560747,False
0.0,30,540587.22072,False
2.4,30,540633.144037,True
2.7,30,540680.665724,True
0.0,30,540729.441593,False
2.6,30,540782.487384,True
0.0,30,540838.130273,False
2.7,30,540883.711357,True
0.2,30,540929.902864,True
0.0,30,540981.818863,False
0.0,30,541027.239838,False
0.0,30,541075.150911,False
0.0,30,541120.772609,False
2.4,30,541164.314655,True
2.8,30,541215.093228,True
0.0,30,541257.447258,False
0.0,30,541301.457571,False
2.7,30,541345.220247,True
2.6,30,541389.520602,True
0.0,30,541434.24699,False
1.5,30,541480.15561,True
0.0,30,541528.799059,False
3.0,30,541577.782745,True
2.9,30,541623.602136,True
2.9,30,541985.799639,True
0.0,30,542032.169724,False
2.6,30,542077.241509,True
2.1,30,542120.837657,True
2.6,30,542163.55402,True
0.0,30,542206.411024,False
3.0,30,542250.84189,True
2.8,30,542296.818012,True
2.1,30,542342.850067,True
2.7,30,542385.025261,True
2.3,30,542430.951825,True
0.0,30,542478.078211,False
2.8,30,542530.11399,True
0.0,30,542576.633682,False
0.0,30,542634.179575,False
1.9,30,542679.600281,True
2.4,30,542726.089041,True
2.6,30,542772.53527,True
2.9,30,542829.500277,True
0.0,30,542872.163726,False
0.0,30,542917.761077,False
2.5,30,542968.576606,True
2.3,30,543011.278583,True
2.6,30,543063.448743,True
2.0,30,543113.722083,True
0.0,30,543163.95796,False
0.0,30,543206.153879,False
0.0,30,543253.508393,False
0.0,30,543296.76565,False
2.8,30,543345.004292,True
3.0,30,543397.594816,True
2.5,30,543444.033556,True
0.0,30,543491.783168,False
0.0,30,543539.927446,False
0.0,30,543877.81567,False
0.0,30,543924.564284,False
0.0,30,543972.581995,False
0.0,30,544012.898499,False
0.0,30,544060.788083,False
2.1,30,544102.647176,True
0.0,30,544147.407412,False
1.9,30,544196.694271,True
0.0,30,544244.573207,False
1.9,30,544292.911317,True
1.3,30,544336.176485,True
2.6,30,544382.63944,True
0.0,30,544427.848019,False
0.0,30,544482.177309,False
2.7,30,544549.291076,True
1.7,30,544594.594833,True
0.0,30,544638.114881,False
0.0,30,544682.539972,False
2.4,30,544729.715317,True
2.3,30,544775.1859,True
0.0,30,544820.20276,False
2.8,30,544868.98043,True
2.1,30,544913.063381,True
2.4,30,544954.491178,True
2.6,30,544999.074405,True
3.0,30,545047.614939,True
1.6,30,545091.299541,True
0.0,30,545141.714749,False
2.4,30,545185.734049,True
2.9,30,545237.515582,True
3.0,30,545282.710023,True
0.0,30,545329.466921,False
2.7,30,545373.85224,True
0.0,30,545418.36271,False
2.5,30,545466.258194,True
0.0,30,545813.739393,False
2.2,30,545861.034201,True
0.0,30,545908.275195,False
2.6,30,545958.928405,True
2.3,30,546005.945409,True
0.7,30,546048.102903,True
0.0,30,546099.301042,False
2.6,30,546141.940178,True
2.7,30,546189.839472,True
2.4,30,546238.661414,True
2.8,30,546281.393275,True
2.8,30,546321.41416,True
1.8,30,546369.996157,True
0.7,30,546410.055351,True
0.0,30,546456.177563,False
2.2,30,546502.513235,True
0.0,30,546548.989871,False
2.6,30,546595.929091,True
2.6,30,546639.606067,True
2.1,30,546694.423657,True
2.7,30,546739.072421,True
0.0,30,546784.241656,False
2.2,30,546829.584337,True
0.0,30,546875.477329,False
0.0,30,546921.633482,False
0.0,30,546969.464816,False
0.0,30,547019.921754,False
2.9,30,547066.966215,True
2.7,30,547116.812259,True
2.9,30,547165.611699,True
3.0,30,547209.610706,True
0.0,30,547251.955714,False
0.0,30,547298.768987,False
0.0,30,547342.212721,False
0.0,30,547722.593411,False
0.0,30,547769.449216,False
0.0,30,547811.49979,False
2.0,30,547860.197578,True
0.0,30,547904.267909,False
1.5,30,547954.533609,True
0.0,30,547997.822511,False
0.0,30,548085.43499,False
0.0,30,548134.115725,False
2.7,30,548183.957104,True
3.0,30,548235.708192,True
2.5,30,548275.228504,True
2.9,30,548324.569484,True
0.0,30,548371.744758,False
0.0,30,548415.103288,False
1.9,30,548458.410241,True
2.9,30,548509.440753,True
2.5,30,548556.307534,True
2.6,30,548601.064603,True
2.4,30,548647.532654,True
2.4,30,548690.390372,True
0.0,30,548734.400319,False
3.0,30,548790.194424,True
0.0,30,548833.518991,False
2.4,30,548883.580103,True
2.6,30,548934.74276,True
2.7,30,548981.43372,True
1.8,30,549030.993186,True
0.0,30,549079.011968,False
0.0,30,549123.28666,False
3.0,30,549180.005234,True
2.1,30,549224.90448,True
0.0,30,549268.531092,False
2.3,30,549307.062105,True
0.0,30,549653.741478,False
0.0,30,549694.03404,False
1.7,30,549737.612591,True
0.0,30,549782.822162,False
0.0,30,549826.911091,False
0.0,30,549868.998083,False
0.0,30,549914.963204,False
2.7,30,549959.462985,True
2.8,30,550002.069897,True
0.0,30,550047.015559,False
0.0,30,550093.86724,False
2.7,30,550137.79303,True
2.8,30,550179.900403,True
2.2,30,550228.199301,True
0.0,30,550274.918167,False
2.8,30,550315.889388,True
0.0,30,550357.532057,False
1.0,30,550401.428396,True
0.0,30,550450.902349,False
0.0,30,550498.450654,False
2.6,30,550546.719815,True
0.0,30,550594.206922,False
0.0,30,550638.732676,False
0.0,30,550685.367444,False
0.0,30,550731.724272,False
2.6,30,550782.951484,True
0.0,30,550829.907201,False
0.0,30,550875.808584,False
1.5,30,550926.509303,True
3.0,30,550973.05604,True
0.0,30,551021.667617,False
0.0,30,551063.643237,False
2.5,30,551109.213425,True
0.0,30,551152.433027,False
0.0,30,551528.22563,False
0.0,30,551573.796439,False
0.0,30,551624.854591,False
2.0,30,551673.728638,True
2.0,30,551724.770394,True
0.0,30,551768.573021,False
2.6,30,551814.312056,True
0.0,30,551865.940524,False
0.0,30,551908.965064,False
0.0,30,551955.78304,False
0.0,30,552002.305881,False
2.2,30,552050.798398,True
3.0,30,552097.808035,True
0.0,30,552141.204063,False
1.0,30,552185.727459,True
0.0,30,552230.413188,False
2.4,30,552271.897227,True
0.0,30,552316.063824,False
2.7,30,552367.931533,True
2.6,30,552416.117815,True
0.0,30,552461.283656,False
2.4,30,552507.697892,True
2.7,30,552551.638323,True
0.0,30,552596.641882,False
0.0,30,552641.706813,False
2.7,30,552685.378453,True
0.0,30,552731.586475,False
0.0,30,552780.059443,False
0.0,30,552826.760776,False
0.0,30,552874.441249,False
2.4,30,552924.685828,True
2.8,30,552974.31809,True
2.5,30,553018.883989,True
1.8,30,553063.312284,True
0.0,30,553394.939002,False
1.8,30,553452.082565,True
2.6,30,553495.705892,True
0.7,30,553538.356959,True
2.9,30,553584.918732,True
0.0,30,553630.968299,False
1.6,30,553675.48671,True
0.0,30,553720.801297,False
2.0,30,553768.302394,True
0.0,30,553810.118894,False
2.4,30,553857.428193,True
2.8,30,553900.289851,True
2.6,30,553951.206848,True
0.0,30,553993.970697,False
0.0,30,554041.227158,False
0.0,30,554084.539529,False
2.6,30,554132.64079,True
0.0,30,554175.846079,False
2.0,30,554221.304009,True
0.0,30,554288.829897,False
0.0,30,554330.954676,False
2.7,30,554375.174975,True
0.0,30,554420.867959,False
2.8,30,554465.252566,True
0.0,30,554512.229447,False
0.0,30,554557.862196,False
2.7,30,554608.064324,True
3.0,30,554658.069314,True
2.6,30,554704.187796,True
2.9,30,554751.773939,True
2.0,30,554797.386211,True
0.0,30,554840.688583,False
1.1,30,554883.722133,True
2.4,30,554931.817451,True
1.8,30,555303.630789,True
3.0,30,555346.34653,True
2.3,30,555398.508837,True
2.5,30,555445.048388,True
0.0,30,555501.30991,False
2.6,30,555545.678974,True
2.3,30,555590.268893,True
2.5,30,555640.160562,True
0.0,30,555684.413211,False
3.0,30,555730.898558,True
0.0,30,555780.010212,False
2.1,30,555830.643197,True
2.4,30,555876.431977,True
2.5,30,555921.09288,True
0.6,30,555969.088199,True
2.8,30,556016.659041,True
2.6,30,556063.478149,True
2.8,30,556111.982681,True
0.0,30,556152.848107,False
0.0,30,556197.806528,False
0.0,30,556248.108676,False
2.1,30,556296.707998,True
2.0,30,556339.672063,True
2.3,30,556387.579571,True
2.1,30,556442.770628,True
0.0,30,556486.085581,False
0.0,30,556531.101798,False
3.0,30,556579.526037,True
0.0,30,556624.053259,False
0.0,30,556673.731848,False
2.0,30,556717.824682,True
3.0,30,556760.814785,True
0.0,30,556810.720412,False
0.0,30,556861.470907,False
2.2,30,557209.900641,True
2.4,30,557258.301207,True
0.0,30,557309.830868,False
1.8,30,557363.641517,True
0.0,30,557409.02485,False
2.6,30,557457.73059,True
2.6,30,557508.546398,True
2.1,30,557552.058788,True
0.0,30,557602.105301,False
0.0,30,557648.829381,False
0.0,30,557692.647097,False
2.4,30,557740.132463,True
2.7,30,557784.926068,True
2.6,30,557830.338979,True
0.0,30,557877.673814,False
0.0,30,557924.741765,False
1.0,30,557974.476972,True
2.2,30,558018.357133,True
0.0,30,558068.378209,False
2.8,30,558115.812435,True
0.0,30,558165.784367,False
2.4,30,558216.866856,True
2.7,30,558263.976092,True
1.1,30,558312.535944,True
0.7,30,558356.995429,True
2.5,30,558403.460546,True
0.0,30,558445.996278,False
2.8,30,558495.60154,True
2.3,30,558540.894056,True
0.0,30,558590.178143,False
0.1,30,558633.886138,True
2.8,30,558679.119074,True
2.4,30,558722.698543,True
0.0,30,558769.58794,False
2.3,30,559104.77379,True
0.0,30,559153.781282,False
0.0,30,559199.975941,False
0.0,30,559244.238831,False
1.8,30,559298.274936,True
0.0,30,559341.702129,False
0.0,30,559385.421409,False
0.0,30,559430.030501,False
0.0,30,559474.811524,False
0.0,30,559523.359408,False
0.0,30,559569.792931,False
0.0,30,559616.547262,False
0.0,30,559659.949757,False
2.5,30,559710.605901,True
2.3,30,559756.719148,True
2.8,30,559802.008635,True
0.0,30,559847.925261,False
0.0,30,559897.105199,False
0.0,30,559941.077729,False
0.0,30,559985.653134,False
0.0,30,560031.503367,False
2.7,30,560099.076799,True
1.6,30,560144.243736,True
2.8,30,560188.51943,True
2.8,30,560233.399127,True
2.7,30,560279.929616,True
2.7,30,560328.442852,True
2.2,30,560377.014184,True
0.0,30,560425.220519,False
2.7,30,560474.495782,True
2.4,30,560536.263453,True
0.0,30,560580.880885,False
2.6,30,560634.343868,True
2.8,30,560677.413296,True
2.6,30,560725.462001,True
0.0,30,561076.027585,False
2.5,30,561120.559576,True
0.0,30,561166.48799,False
0.0,30,561212.802921,False
2.2,30,561259.975363,True
2.7,30,561307.598208,True
2.7,30,561355.923131,True
2.4,30,561401.923644,True
0.0,30,561446.700276,False
0.0,30,561492.669282,False
0.0,30,561535.989664,False
2.5,30,561588.491374,True
2.6,30,561635.471034,True
0.7,30,561678.023627,False
0.0,30,561725.658489,False
1.2,30,561773.141346,True
2.5,30,561826.154705,True
2.6,30,561872.364707,True
0.0,30,561918.904348,False
2.0,30,561961.400267,True
0.0,30,562009.981688,False
2.6,30,562055.655599,True
0.0,30,562104.451654,False
0.0,30,562152.170466,False
0.0,30,562195.418748,False
3.0,30,562240.01107,True
1.5,30,562284.881264,True
2.4,30,562350.067413,True
2.2,30,562396.607992,True
0.0,30,562438.943127,False
2.7,30,562488.471147,True
0.0,30,562535.461917,False
0.0,30,562581.715447,False
2.7,30,562627.866817,True
0.0,30,562967.666898,False
0.0,30,563014.345995,False
2.6,30,563060.949341,True
2.7,30,563109.147449,True
0.0,30,563160.390485,False
2.8,30,563208.100671,True
2.5,30,563249.897554,True
2.3,30,563300.19874,True
2.6,30,563347.503591,False
2.7,30,563392.856491,True
0.0,30,563437.250372,False
0.0,30,563482.578262,False
0.0,30,563526.431151,False
1.8,30,563572.805417,True
0.0,30,563622.156309,False
0.0,30,563664.758423,False
2.5,30,563709.950532,True
2.1,30,563753.56549,True
0.0,30,563797.998063,False
0.0,30,563841.089812,False
0.0,30,563886.580789,False
0.0,30,563931.423275,False
2.5,30,563979.423444,True
2.5,30,564028.101885,True
3.0,30,564075.147599,True
2.7,30,564123.440145,True
2.8,30,564167.102482,True
2.6,30,564221.612732,True
0.0,30,564264.919418,False
0.0,30,564313.377397,False
0.0,30,564359.439675,False
0.0,30,564408.170485,False
2.8,30,564458.273654,True
2.8,30,564510.104163,True
2.6,30,564851.282608,True
2.6,30,564892.603445,True
2.4,30,564934.485432,True
0.0,30,564977.645984,False
2.6,30,565025.265811,True
2.7,30,565078.734312,True
0.0,30,565126.078584,False
2.8,30,565171.673386,True
2.4,30,565218.233848,True
0.0,30,565262.765552,False
0.0,30,565310.204014,False
0.0,30,565353.86509,False
0.4,30,565396.402194,False
1.2,30,565440.711935,True
0.0,30,565487.843764,False
2.6,30,565538.596757,True
2.6,30,565583.80854,True
2.7,30,565630.601033,True
2.7,30,565684.694756,True
2.7,30,565730.47039,True
0.0,30,565777.33689,False
0.0,30,565825.534636,False
0.9,30,565867.597886,True
2.5,30,565916.533036,True
2.7,30,565969.171433,True
0.0,30,566010.792501,False
0.0,30,566072.284619,False
0.0,30,566120.28142,False
3.0,30,566165.955961,True
2.8,30,566218.219706,True
2.7,30,566264.824713,True
0.8,30,566306.43206,False
0.0,30,566352.664985,False
1.0,30,566401.965207,True
0.0,30,566770.970203,False
2.4,30,566816.011639,True
2.1,30,566861.36763,True
1.7,30,566904.439236,True
2.7,30,566945.914087,True
2.5,30,566993.055394,True
2.8,30,567039.565407,True
2.9,30,567087.394358,True
3.0,30,567134.902582,True
0.0,30,567180.75427,False
0.0,30,567230.227493,False
1.9,30,567273.003621,True
0.0,30,567322.504287,False
2.5,30,567369.635222,True
0.0,30,567417.244946,False
0.0,30,567466.719065,False
0.0,30,567505.356404,False
0.0,30,567553.921497,False
2.8,30,567605.449129,True
1.6,30,567646.586833,True
0.0,30,567694.804802,False
0.0,30,567745.606749,False
0.0,30,567791.812366,False
0.0,30,567836.800153,False
2.7,30,567878.352358,True
2.7,30,567919.824304,True
2.2,30,567976.887014,True
2.8,30,568021.520272,True
1.7,30,568067.153973,True
2.3,30,568107.308125,True
0.0,30,568155.806827,False
0.0,30,568201.472265,False
2.6,30,568246.281483,True
0.0,30,568290.406295,False
0.0,30,568644.381937,False
0.0,30,568693.220968,False
2.4,30,568739.669664,True
0.0,30,568786.885436,False
3.0,30,568835.886593,True
0.0,30,568885.898317,False
2.9,30,568929.872,True
1.6,30,568980.648388,True
2.5,30,569024.38486,True
1.4,30,569068.798533,False
2.5,30,569113.520228,True
0.0,30,569159.287707,False
2.3,30,569210.035001,True
0.0,30,569258.838001,False
0.0,30,569306.954174,False
0.0,30,569350.85708,False
0.0,30,569395.317711,False
0.0,30,569440.407554,False
1.4,30,569492.518745,True
2.6,30,569541.923026,True
2.6,30,569588.946257,True
0.0,30,569634.296485,False
0.0,30,569682.3902,False
0.0,30,569728.825781,False
3.0,30,569797.634171,True
0.0,30,569842.771642,False
0.0,30,569885.106612,False
0.0,30,569930.145455,False
2.5,30,569974.569721,True
0.0,30,570026.233492,False
2.5,30,570102.386411,True
2.5,30,570146.948073,True
2.9,30,570202.584894,True
2.6,30,570249.028055,True
0.0,30,570596.825975,False
0.0,30,570638.439045,False
1.6,30,570689.371413,True
0.7,30,570742.015889,True
0.0,30,570788.254103,False
1.6,30,570836.897715,True
0.0,30,570884.382988,False
0.0,30,570925.771369,False
0.0,30,570974.001945,False
2.5,30,571016.999537,True
3.0,30,571062.381306,True
1.7,30,571108.685345,True
0.0,30,571158.517529,False
2.8,30,571202.520103,True
0.0,30,571247.664753,False
0.0,30,571292.763514,False
0.0,30,571343.244702,False
2.8,30,571398.581899,True
2.9,30,571441.498867,True
0.0,30,571492.994246,False
2.6,30,571545.462896,True
0.0,30,571592.471089,False
0.0,30,571639.407303,False
2.1,30,571692.951534,True
2.7,30,571739.927695,True
3.0,30,571784.993819,True
2.4,30,571831.552631,True
0.0,30,571874.181283,False
0.0,30,571921.640082,False
0.0,30,571973.542797,False
2.8,30,572015.074585,True
3.0,30,572059.977539,True
2.1,30,572107.133601,True
0.0,30,572157.040322,False
0.0,30,572529.17966,False
2.5,30,572575.81828,True
2.6,30,572624.25608,True
0.0,30,572670.312283,False
2.4,30,572722.380677,True
0.0,30,572772.230631,False
2.6,30,572813.648859,True
1.8,30,572857.172951,True
2.7,30,572905.338642,True
0.0,30,572955.506398,False
2.7,30,573003.27673,True
0.0,30,573051.617705,False
0.0,30,573098.841777,False
0.0,30,573150.591619,False
0.0,30,573196.774227,False
2.8,30,573245.341975,True
2.4,30,573299.102444,True
2.5,30,573343.318859,True
0.0,30,573393.48002,False
0.0,30,573446.034103,False
0.0,30,573489.755072,False
2.3,30,573540.140395,True
2.6,30,573590.856973,True
0.0,30,573639.200221,False
2.5,30,573686.813992,True
2.2,30,573731.578036,True
2.8,30,573780.455335,True
2.4,30,573826.277017,True
2.4,30,573879.371537,True
0.0,30,573926.920779,False
2.8,30,573971.509816,True
3.0,30,574018.165895,True
2.4,30,574061.073653,True
2.6,30,574113.394164,True
3.0,30,574155.470038,True
3.0,30,574516.625676,True
0.0,30,574559.714677,False
2.7,30,574603.908444,True
3.0,30,574653.460171,True
2.1,30,574701.522713,True
0.0,30,574747.912046,False
0.0,30,574796.793349,False
0.0,30,574843.437446,False
0.0,30,574890.502062,False
0.0,30,574935.303607,False
2.8,30,574985.235634,True
2.8,30,575034.684001,True
0.0,30,575082.617236,False
0.0,30,575129.57917,False
0.0,30,575177.250323,False
2.8,30,575226.689571,True
2.4,30,575271.183417,True
2.8,30,575319.282724,True
0.0,30,575363.367867,False
0.0,30,575409.062091,False
2.9,30,575462.682989,True
2.8,30,575507.49944,True
3.0,30,575577.342323,True
2.2,30,575622.082416,True
0.0,30,575672.781957,False
0.0,30,575714.953419,False
3.0,30,575760.175517,True
2.6,30,575806.569692,True
0.0,30,575851.320823,False
0.0,30,575897.670795,False
1.6,30,575945.360457,True
0.0,30,575988.86634,False
0.0,30,576034.773455,False
0.0,30,576079.794807,False
2.1,30,576413.98916,True
0.0,30,576457.935153,False
2.6,30,576504.943612,True
0.0,30,576564.343892,False
0.0,30,576607.536998,False
0.0,30,576658.786238,False
2.7,30,576704.623651,True
2.6,30,576756.876126,True
0.0,30,576801.326792,False
2.4,30,576851.9761,True
2.8,30,576902.364902,True
0.0,30,576951.209839,False
0.0,30,577007.694044,False
0.0,30,577055.768157,False
2.6,30,577101.898422,True
2.3,30,577151.160196,True
2.4,30,577196.47744,True
2.0,30,577246.488038,True
0.0,30,577291.667373,False
2.6,30,577338.099882,True
2.6,30,577379.951836,True
0.0,30,577422.712162,False
1.3,30,577472.996515,True
2.9,30,577523.341641,True
2.8,30,577572.501624,True
0.0,30,577621.325621,False
0.0,30,577665.952345,False
2.4,30,577709.821515,True
0.0,30,577758.54771,False
0.0,30,577808.795049,False
3.0,30,577856.492857,True
0.0,30,577902.333799,False
0.3,30,577948.482347,True
1.9,30,577996.497593,True
2.5,30,578375.289841,True
3.0,30,578422.448667,True
0.0,30,578469.34412,False
0.0,30,578524.030844,False
2.4,30,578570.414712,True
2.8,30,578618.015565,True
0.0,30,578666.056061,False
2.5,30,578716.097067,True
0.0,30,578765.013619,False
3.0,30,578807.868762,True
2.3,30,578853.132879,True
2.5,30,578902.875312,True
1.6,30,578945.491884,False
0.0,30,578997.648136,False
0.0,30,579050.130644,False
2.1,30,579096.433103,True
3.0,30,579145.644091,True
0.0,30,579192.641398,False
0.0,30,579240.213916,False
0.0,30,579291.803506,False
2.5,30,579336.235344,True
2.7,30,579391.363937,True
3.0,30,579433.584278,True
2.8,30,579476.802019,True
1.3,30,579522.621598,True
0.0,30,579573.007467,False
2.5,30,579616.54926,True
0.0,30,579665.132468,False
0.0,30,579711.898856,False
2.9,30,579767.508889,True
0.0,30,579815.883646,False
0.0,30,579860.673764,False
2.5,30,579908.487139,True
2.4,30,579957.654186,True
0.0,30,580294.997819,False
2.4,30,580350.631057,True
0.0,30,580395.531465,False
2.3,30,580441.783024,True
0.0,30,580486.032387,False
0.0,30,580544.215981,False
2.5,30,580595.928685,True
0.0,30,580666.819586,False
0.0,30,580717.050917,False
2.6,30,580763.868951,True
0.0,30,580809.10543,False
0.0,30,580860.947222,False
0.0,30,580923.061618,False
2.8,30,580971.517007,True
2.9,30,581021.871867,True
2.6,30,581074.164026,True
2.9,30,581125.272259,True
2.2,30,581176.196031,True
2.8,30,581224.731973,True
0.0,30,581274.574912,False
0.0,30,581322.794447,False
0.0,30,581368.674115,False
2.9,30,581420.242682,True
2.4,30,581468.792546,True
2.6,30,581520.693295,True
0.0,30,581565.930106,False
2.0,30,581614.374877,True
0.0,30,581657.241124,False
2.6,30,581709.362773,True
0.0,30,581754.446641,False
2.5,30,581804.025724,True
2.6,30,581857.727692,True
0.0,30,581904.528777,False
0.0,30,581981.4296,False
1.2,30,582343.976497,True
0.0,30,582388.647211,False
2.4,30,582431.538868,True
0.0,30,582484.822807,False
2.6,30,582528.672461,True
0.0,30,582577.962539,False
0.0,30,582625.605971,False
2.4,30,582681.361077,True
1.2,30,582730.77561,False
2.2,30,582784.093772,True
2.8,30,582826.120722,True
3.0,30,582872.187353,True
0.0,30,582926.852466,False
3.0,30,582972.632922,True
0.0,30,583018.945389,False
2.2,30,583067.946576,True
2.9,30,583119.800454,True
0.0,30,583164.136958,False
2.9,30,583212.776995,True
0.0,30,583253.2593,False
2.6,30,583298.395223,True
0.0,30,583349.289409,False
0.0,30,583399.467671,False
2.9,30,583443.945315,True
2.5,30,583485.560385,True
0.0,30,583530.592253,False
0.0,30,583585.095192,False
0.0,30,583635.622353,False
2.2,30,583680.749666,True
0.0,30,583734.475573,False
0.0,30,583782.709948,False
0.9,30,583827.623088,True
2.1,30,583884.86219,True
2.1,30,583930.256224,True
