#{"t_start": 1770256123.561691, "env_id": "FetchBridgeBullet7Blocks-v1"}
r,l,t,is_success
0.0,30,90.683633,False
1.6,30,152.542025,True
2.9,30,207.516676,True
3.0,30,270.244148,True
0.0,30,320.982479,False
0.0,30,382.344479,False
1.5,30,450.185392,True
0.0,30,495.62299,False
0.0,30,560.425227,False
0.0,30,626.050251,False
0.0,30,684.695426,False
0.0,30,748.271294,False
0.0,30,803.567577,False
3.0,30,860.505446,True
0.0,30,919.11266,False
0.0,30,981.387729,False
0.0,30,1044.154425,False
0.0,30,1104.452678,False
3.0,30,1174.489751,True
0.0,30,1250.832941,False
3.0,30,1322.639455,True
2.8,30,1375.225928,True
2.8,30,1434.751899,True
0.0,30,1496.608252,False
0.0,30,1563.634146,False
0.0,30,1627.747281,False
0.0,30,1691.383455,False
0.0,30,1755.078796,False
2.0,30,1817.600164,True
0.0,30,1886.035923,False
2.2,30,1957.993149,True
3.0,30,2027.019291,True
0.0,30,2093.237077,False
2.9,30,2145.327735,True
3.0,30,2556.280019,True
0.0,30,2613.6206,False
3.0,30,2678.193222,True
0.0,30,2740.444203,False
0.0,30,2798.229542,False
2.6,30,2862.016764,True
0.0,30,2923.069063,False
2.4,30,2985.5813,True
0.0,30,3051.976652,False
0.0,30,3121.37997,False
0.0,30,3184.457422,False
2.7,30,3245.608266,True
0.0,30,3312.854949,False
0.0,30,3369.811921,False
2.5,30,3437.284167,True
2.7,30,3496.916833,True
0.0,30,3562.638302,False
0.0,30,3624.793867,False
1.4,30,3682.621232,True
0.0,30,3739.203198,False
0.0,30,3800.855063,False
0.0,30,3860.889869,False
0.0,30,3923.093782,False
0.0,30,3983.244786,False
0.0,30,4035.163168,False
0.0,30,4087.272963,False
0.0,30,4151.362462,False
0.0,30,4209.350314,False
3.0,30,4274.262892,True
2.4,30,4336.188258,True
0.0,30,4404.393932,False
1.4,30,4460.37262,True
0.0,30,4517.807354,False
0.0,30,4577.241111,False
0.0,30,5056.847083,False
3.0,30,5117.838468,True
2.7,30,5166.081823,True
0.0,30,5219.200144,False
0.0,30,5287.235256,False
0.0,30,5350.24081,False
0.0,30,5411.147958,False
2.9,30,5472.593732,True
0.0,30,5526.965376,False
0.0,30,5576.590251,False
0.0,30,5634.727012,False
0.0,30,5703.258008,False
1.9,30,5756.543736,True
2.7,30,5817.410352,True
0.0,30,5872.282533,False
0.0,30,5929.638741,False
0.0,30,5984.852131,False
0.8,30,6045.934006,False
0.0,30,6098.025546,False
0.0,30,6155.489058,False
0.0,30,6221.048942,False
0.0,30,6282.750323,False
0.0,30,6347.722585,False
0.8,30,6402.259561,False
2.8,30,6457.756814,True
2.2,30,6520.521391,True
0.0,30,6584.036614,False
0.0,30,6639.780617,False
0.0,30,6694.100132,False
0.0,30,6755.80019,False
0.0,30,6829.430002,False
2.9,30,6882.519484,True
0.0,30,6938.412416,False
0.0,30,7003.590253,False
0.0,30,7422.943635,False
2.8,30,7480.313712,True
2.2,30,7541.288823,True
0.0,30,7600.415359,False
2.3,30,7647.861651,True
0.0,30,7693.067034,False
0.0,30,7750.14224,False
0.0,30,7811.273505,False
3.0,30,7860.033433,True
2.6,30,7927.016525,True
1.8,30,7984.692497,True
0.0,30,8046.09217,False
0.0,30,8105.67083,False
0.0,30,8158.738013,False
0.0,30,8220.468008,False
2.9,30,8268.949432,True
2.7,30,8332.952327,True
0.0,30,8388.384482,False
0.0,30,8448.792559,False
2.4,30,8512.343503,True
2.1,30,8569.384228,True
0.0,30,8629.318331,False
0.0,30,8687.718515,False
0.0,30,8741.360893,False
3.0,30,8801.53774,True
0.0,30,8858.531725,False
0.0,30,8919.929183,False
3.0,30,8974.617054,True
0.0,30,9045.543287,False
0.0,30,9098.226437,False
0.0,30,9169.324892,False
0.0,30,9235.734409,False
0.0,30,9281.997648,False
1.9,30,9338.137931,True
0.0,30,9718.728674,False
0.0,30,9779.72756,False
0.0,30,9842.688428,False
0.0,30,9902.475446,False
0.0,30,9964.545714,False
0.0,30,10022.797881,False
0.0,30,10094.565422,False
0.0,30,10150.198532,False
0.0,30,10201.458548,False
0.0,30,10260.666386,False
0.0,30,10321.847085,False
2.5,30,10390.279158,True
1.9,30,10448.274537,True
0.0,30,10518.880196,False
0.0,30,10587.875501,False
2.3,30,10651.654968,True
0.0,30,10718.215281,False
0.0,30,10769.419066,False
0.0,30,10833.290737,False
0.0,30,10892.665325,False
0.0,30,10950.834794,False
0.0,30,11011.514402,False
0.0,30,11073.843171,False
0.0,30,11135.874703,False
2.5,30,11195.18593,True
0.0,30,11256.634818,False
0.0,30,11308.530626,False
0.0,30,11362.153499,False
0.0,30,11419.04927,False
1.8,30,11476.715884,True
0.0,30,11538.791347,False
0.0,30,11602.002925,False
0.0,30,11656.32549,False
0.0,30,11708.642719,False
0.0,30,12123.773995,False
2.9,30,12188.134309,True
0.0,30,12252.2226,False
1.6,30,12300.657362,False
0.0,30,12360.242252,False
0.0,30,12415.244148,False
0.0,30,12486.695694,False
0.0,30,12548.586192,False
0.0,30,12604.124067,False
1.0,30,12665.216253,True
0.0,30,12721.631688,False
2.4,30,12772.223004,True
0.0,30,12831.932427,False
2.6,30,12884.845976,True
0.0,30,12945.389476,False
0.0,30,13006.237457,False
0.0,30,13070.047749,False
0.0,30,13125.531859,False
0.0,30,13176.094579,False
0.0,30,13231.386281,False
2.1,30,13283.108379,True
3.0,30,13347.435768,True
1.3,30,13407.816903,True
3.0,30,13460.350721,True
0.0,30,13524.940963,False
2.7,30,13582.060148,True
0.0,30,13640.778319,False
0.0,30,13696.388192,False
0.0,30,13759.544174,False
0.0,30,13825.166049,False
0.0,30,13884.206393,False
3.0,30,13944.923093,True
0.0,30,14005.769153,False
0.0,30,14059.461655,False
3.0,30,14472.491136,True
0.0,30,14528.452502,False
1.1,30,14592.40387,True
2.7,30,14657.972142,True
0.0,30,14706.382379,False
0.0,30,14758.342718,False
2.1,30,14807.371804,True
0.0,30,14861.054859,False
0.0,30,14919.032768,False
2.6,30,14975.485122,True
0.0,30,15034.451311,False
0.0,30,15071.146916,False
1.5,30,15127.015864,True
0.0,30,15178.858051,False
0.0,30,15233.473099,False
0.0,30,15291.813517,False
2.7,30,15343.40399,True
0.0,30,15397.192481,False
0.0,30,15453.61299,False
0.0,30,15499.867111,False
2.7,30,15552.00904,True
0.0,30,15607.747595,False
0.0,30,15671.429879,False
0.0,30,15730.373687,False
0.0,30,15793.084701,False
0.0,30,15849.882308,False
0.0,30,15907.153314,False
2.6,30,15964.624037,True
2.9,30,16024.157157,True
0.0,30,16073.018938,False
0.0,30,16135.566649,False
0.0,30,16188.322693,False
0.0,30,16251.457335,False
1.8,30,16311.755814,True
0.0,30,16735.390768,False
0.0,30,16789.649971,False
0.0,30,16850.612611,False
0.0,30,16912.157375,False
0.0,30,16966.198501,False
0.0,30,17019.215441,False
0.0,30,17076.032674,False
2.9,30,17135.04751,True
2.9,30,17194.910469,True
0.0,30,17257.085517,False
0.0,30,17319.602255,False
2.7,30,17366.078286,True
0.0,30,17418.523577,False
0.0,30,17470.401057,False
1.7,30,17528.492744,True
0.0,30,17582.233786,False
0.0,30,17653.737521,False
0.5,30,17715.586797,True
0.0,30,17776.74473,False
2.7,30,17834.212816,True
0.0,30,17885.252243,False
0.0,30,17937.747195,False
0.0,30,17997.85613,False
0.7,30,18058.121333,False
0.0,30,18121.5986,False
3.0,30,18185.247085,True
2.4,30,18235.943182,True
0.0,30,18294.234632,False
2.5,30,18352.491194,True
2.8,30,18411.324299,True
2.3,30,18471.457465,True
0.0,30,18533.71452,False
0.0,30,18587.342222,False
0.0,30,18638.368922,False
0.0,30,18705.616085,False
2.6,30,19079.854473,True
0.0,30,19133.895819,False
0.0,30,19195.019851,False
0.0,30,19245.874172,False
0.0,30,19306.022739,False
3.0,30,19360.679955,True
0.0,30,19412.542232,False
0.0,30,19467.507886,False
0.0,30,19523.279627,False
0.0,30,19573.238864,False
0.0,30,19633.548835,False
2.0,30,19699.108966,True
3.0,30,19755.191491,True
0.0,30,19803.749499,False
0.0,30,19872.557809,False
0.0,30,19931.510066,False
0.0,30,19990.303757,False
0.0,30,20041.292739,False
0.0,30,20092.819715,False
0.0,30,20154.73762,False
0.0,30,20209.190306,False
0.0,30,20271.25901,False
1.2,30,20323.205551,True
2.8,30,20381.017696,True
0.0,30,20435.121386,False
0.0,30,20498.144749,False
0.0,30,20551.927064,False
2.5,30,20608.663614,True
0.0,30,20663.53613,False
0.0,30,20717.635148,False
0.0,30,20770.640753,False
0.0,30,20819.003495,False
0.0,30,20874.958039,False
0.0,30,20933.67044,False
2.4,30,21294.039831,True
3.0,30,21350.229381,True
0.0,30,21411.229284,False
2.2,30,21467.550568,True
0.0,30,21528.496194,False
2.1,30,21584.070333,True
0.0,30,21642.428292,False
0.0,30,21703.310687,False
0.0,30,21765.753225,False
0.0,30,21819.688546,False
0.0,30,21876.698007,False
0.0,30,21933.8951,False
0.0,30,21986.138241,False
0.0,30,22043.982959,False
0.0,30,22097.581926,False
1.9,30,22159.625657,True
0.0,30,22212.847633,False
0.0,30,22271.748472,False
0.0,30,22322.484801,False
0.0,30,22388.127322,False
0.0,30,22443.775141,False
0.0,30,22503.28474,False
2.5,30,22558.784023,True
0.0,30,22604.121755,False
2.8,30,22662.066896,True
2.7,30,22724.92485,True
0.0,30,22786.229776,False
0.0,30,22848.33617,False
0.0,30,22905.34774,False
0.0,30,22960.940153,False
0.0,30,23016.602482,False
0.0,30,23076.239616,False
0.0,30,23132.160294,False
0.0,30,23181.617217,False
0.0,30,23595.597389,False
2.8,30,23656.520303,True
0.0,30,23712.511676,False
0.0,30,23772.450693,False
0.0,30,23824.863624,False
2.8,30,23876.838435,True
0.0,30,23936.931836,False
0.0,30,23991.912438,False
2.9,30,24051.497372,True
0.0,30,24103.380135,False
2.2,30,24161.364642,True
2.6,30,24214.592666,True
2.4,30,24266.440805,True
2.4,30,24321.588805,True
2.5,30,24379.688624,True
0.5,30,24430.336752,True
0.6,30,24486.051276,True
0.0,30,24543.263393,False
1.8,30,24598.975154,True
0.0,30,24654.90616,False
2.3,30,24712.032496,True
0.0,30,24780.024404,False
0.0,30,24834.067352,False
2.9,30,24886.61032,True
1.5,30,24951.251708,True
2.6,30,25004.802269,True
0.0,30,25066.521851,False
0.0,30,25120.372865,False
3.0,30,25178.534857,True
0.0,30,25236.019165,False
0.0,30,25292.670883,False
2.9,30,25344.48703,True
1.3,30,25403.8769,True
3.0,30,25459.883726,True
0.0,30,25828.337705,False
0.7,30,25887.726954,True
1.8,30,25944.214165,True
0.0,30,26008.172387,False
0.0,30,26061.498847,False
2.0,30,26115.270525,True
0.0,30,26191.004249,False
0.0,30,26253.647815,False
3.0,30,26303.217074,True
0.0,30,26351.196755,False
2.6,30,26405.531081,True
0.0,30,26490.148081,False
0.0,30,26550.688899,False
0.0,30,26605.752848,False
3.0,30,26656.355781,True
2.8,30,26720.188456,True
0.0,30,26780.419828,False
0.0,30,26841.402736,False
0.0,30,26895.548709,False
0.0,30,26960.394505,False
0.0,30,27021.845462,False
2.6,30,27076.966258,True
2.6,30,27132.896386,True
0.0,30,27189.996121,False
0.0,30,27251.327782,False
0.0,30,27307.804394,False
0.0,30,27365.134969,False
0.0,30,27419.26238,False
0.0,30,27468.225691,False
0.0,30,27547.232783,False
2.7,30,27603.679175,True
0.0,30,27662.617907,False
2.9,30,27713.090158,True
2.6,30,27776.493343,True
3.0,30,28129.765511,True
0.0,30,28180.995618,False
2.9,30,28236.403094,True
0.0,30,28296.468209,False
0.0,30,28384.567381,False
2.7,30,28449.072713,True
2.9,30,28505.629799,True
2.8,30,28571.757634,True
3.0,30,28637.745474,True
0.0,30,28692.87949,False
2.9,30,28748.487879,True
3.0,30,28823.050307,True
2.7,30,28874.529896,True
0.0,30,28931.501726,False
2.6,30,28986.283352,True
0.0,30,29046.888545,False
0.0,30,29106.266948,False
0.7,30,29155.052733,True
0.0,30,29215.0545,False
0.0,30,29281.419086,False
0.0,30,29337.053737,False
0.0,30,29395.266162,False
0.0,30,29461.848619,False
2.8,30,29511.548476,True
1.7,30,29561.81514,True
2.9,30,29618.020738,True
2.8,30,29672.204455,True
0.0,30,29724.910937,False
0.0,30,29784.505083,False
0.0,30,29839.548819,False
2.9,30,29902.280591,True
0.0,30,29959.604855,False
3.0,30,30012.10916,True
0.0,30,30065.980964,False
2.0,30,30420.563294,True
2.9,30,30474.645396,True
2.6,30,30532.419136,True
2.7,30,30591.682988,True
3.0,30,30655.073125,True
2.3,30,30715.763842,True
1.5,30,30770.869538,True
2.7,30,30829.264412,True
0.0,30,30892.379738,False
3.0,30,30954.493562,True
2.6,30,31022.586004,True
0.0,30,31078.712876,False
0.0,30,31136.197936,False
2.1,30,31194.327444,True
0.6,30,31249.381252,True
0.0,30,31318.279113,False
2.7,30,31380.53847,True
0.0,30,31438.832519,False
2.9,30,31496.27963,True
0.0,30,31558.665993,False
0.0,30,31619.081265,False
2.2,30,31681.587503,True
2.8,30,31742.277812,True
0.0,30,31796.019266,False
0.0,30,31864.677342,False
2.7,30,31915.942125,True
3.0,30,31966.762071,True
3.0,30,32024.378826,True
2.6,30,32075.430057,True
2.5,30,32128.455168,True
0.0,30,32188.923977,False
2.6,30,32245.081925,True
2.4,30,32302.883274,True
0.0,30,32362.063872,False
0.0,30,32704.389264,False
3.0,30,32767.610288,True
2.4,30,32824.872355,True
0.0,30,32879.610301,False
0.0,30,32947.165077,False
0.0,30,33009.507366,False
0.0,30,33070.354713,False
1.5,30,33122.494249,True
2.1,30,33180.925441,True
2.7,30,33243.274575,True
0.0,30,33298.806254,False
2.9,30,33350.900302,True
2.8,30,33415.371074,True
0.0,30,33471.303047,False
0.0,30,33533.613209,False
0.0,30,33597.160297,False
3.0,30,33663.924516,True
0.0,30,33722.393111,False
0.0,30,33780.707696,False
2.7,30,33832.147385,True
2.7,30,33888.40653,True
2.8,30,33951.21235,True
0.0,30,34004.547149,False
2.9,30,34060.566416,True
2.3,30,34115.59025,True
0.0,30,34170.556137,False
0.0,30,34236.471141,False
0.0,30,34295.522564,False
0.0,30,34355.722519,False
2.5,30,34411.094446,True
2.8,30,34473.873354,True
0.0,30,34537.862377,False
2.6,30,34590.804765,True
0.0,30,34648.103594,False
2.7,30,34710.401083,True
0.0,30,35080.943988,False
0.0,30,35153.62787,False
0.0,30,35208.554831,False
2.2,30,35264.348503,True
0.0,30,35326.003907,False
2.5,30,35379.023705,True
0.0,30,35444.755537,False
0.0,30,35503.656424,False
3.0,30,35559.704616,True
2.6,30,35626.486471,True
0.0,30,35691.920183,False
0.0,30,35742.243447,False
0.0,30,35802.199107,False
0.0,30,35856.964091,False
0.0,30,35915.157344,False
2.6,30,35969.71204,True
2.6,30,36026.079276,True
3.0,30,36087.59601,True
2.5,30,36151.238809,True
0.0,30,36205.561352,False
1.0,30,36267.351643,True
2.4,30,36323.758292,True
3.0,30,36392.028358,True
0.0,30,36451.903955,False
0.0,30,36508.812696,False
2.8,30,36572.334244,True
0.0,30,36635.092062,False
0.0,30,36699.876049,False
2.8,30,36755.091694,True
2.6,30,36812.572086,True
0.0,30,36868.269699,False
2.8,30,36927.273146,True
2.6,30,36996.869991,True
2.7,30,37053.957195,True
2.2,30,37432.093273,True
2.1,30,37491.317042,True
1.9,30,37558.943731,True
2.6,30,37617.812575,True
0.1,30,37670.403158,False
0.0,30,37728.954724,False
0.6,30,37792.493278,False
0.0,30,37840.828382,False
0.0,30,37894.527777,False
0.0,30,37957.232499,False
0.0,30,38016.474658,False
0.0,30,38077.816733,False
3.0,30,38136.27667,True
2.5,30,38204.036726,True
2.8,30,38258.848306,True
0.0,30,38316.972268,False
0.0,30,38386.833499,False
0.0,30,38443.877896,False
2.6,30,38505.50558,True
0.0,30,38567.073086,False
0.0,30,38626.261971,False
0.0,30,38682.322461,False
0.0,30,38741.218025,False
0.8,30,38801.48504,True
1.3,30,38878.060462,True
2.7,30,38938.588136,True
2.5,30,39002.850234,True
0.0,30,39077.466182,False
0.0,30,39147.874009,False
2.6,30,39210.980727,True
1.8,30,39272.522189,True
0.0,30,39336.334364,False
2.8,30,39400.608308,True
2.7,30,39458.464781,True
0.0,30,39863.01311,False
2.5,30,39927.007155,True
2.7,30,39987.811342,True
0.0,30,40044.67732,False
0.0,30,40103.334782,False
2.1,30,40171.245931,True
0.0,30,40231.720173,False
0.0,30,40292.747773,False
2.8,30,40353.853286,True
0.0,30,40415.951092,False
0.8,30,40482.920209,True
0.0,30,40543.877878,False
2.9,30,40605.6961,True
2.7,30,40668.926965,True
2.1,30,40726.155286,True
0.0,30,40787.3748,False
1.9,30,40841.68211,True
0.0,30,40922.051382,False
3.0,30,40979.736009,True
0.0,30,41041.111978,False
2.9,30,41102.465804,True
2.8,30,41160.689182,True
3.0,30,41219.331367,True
3.0,30,41279.663928,True
0.0,30,41340.958425,False
2.9,30,41396.107902,True
1.1,30,41461.078686,True
0.0,30,41508.428962,False
0.0,30,41561.714008,False
2.6,30,41621.061732,True
0.0,30,41682.527021,False
0.0,30,41739.943966,False
0.0,30,41804.348747,False
2.8,30,41868.333278,True
2.9,30,42283.454231,True
0.0,30,42348.751723,False
2.7,30,42411.174609,True
1.8,30,42472.5788,True
2.8,30,42533.376913,True
2.7,30,42605.256533,True
0.0,30,42673.592096,False
2.5,30,42739.233443,True
0.0,30,42798.092264,False
2.7,30,42856.252042,True
2.0,30,42936.040952,True
0.0,30,43003.731876,False
2.8,30,43065.705005,True
2.8,30,43131.03486,True
2.6,30,43189.903445,True
0.0,30,43247.120948,False
0.0,30,43308.08774,False
2.4,30,43376.604998,True
2.6,30,43424.746943,True
2.8,30,43481.254004,True
0.8,30,43544.5643,False
2.1,30,43602.91444,True
2.7,30,43663.70274,True
3.0,30,43719.590722,True
0.0,30,43775.761901,False
2.6,30,43839.806993,True
0.0,30,43895.202457,False
0.0,30,43958.832489,False
2.3,30,44027.272909,True
2.5,30,44091.712357,True
0.0,30,44157.078616,False
0.0,30,44210.80905,False
0.0,30,44259.097968,False
2.6,30,44309.171035,True
0.0,30,44635.556812,False
0.0,30,44676.96864,False
0.0,30,44722.975056,False
0.0,30,44789.627541,False
2.4,30,44839.70762,True
2.4,30,44891.807116,True
0.0,30,44938.582987,False
0.0,30,44985.38817,False
0.0,30,45025.373607,False
0.0,30,45065.551232,False
2.7,30,45112.393857,True
0.0,30,45158.491187,False
2.4,30,45203.969035,True
0.0,30,45247.608476,False
0.0,30,45296.041251,False
0.0,30,45332.907762,False
0.0,30,45375.01908,False
0.0,30,45419.363022,False
2.9,30,45465.506083,True
0.0,30,45506.607407,False
0.0,30,45555.027526,False
0.0,30,45598.253685,False
0.0,30,45638.382584,False
2.1,30,45679.110508,True
0.0,30,45724.080689,False
2.7,30,45771.574461,True
0.0,30,45822.054237,False
0.0,30,45867.792205,False
0.0,30,45920.5848,False
0.0,30,45967.045905,False
1.1,30,46012.242097,True
0.0,30,46060.705342,False
2.7,30,46102.041727,True
0.0,30,46145.730109,False
2.3,30,46485.936825,True
2.3,30,46527.866621,True
0.0,30,46570.112945,False
0.0,30,46619.885788,False
1.7,30,46669.096091,False
0.0,30,46719.256047,False
0.0,30,46758.754967,False
0.0,30,46804.278801,False
0.0,30,46854.272778,False
0.0,30,46902.648336,False
0.0,30,46948.697813,False
1.7,30,46998.837542,True
0.0,30,47061.391008,False
0.0,30,47112.829025,False
2.8,30,47156.667096,True
2.7,30,47200.998187,True
0.0,30,47248.348701,False
0.0,30,47294.479543,False
3.0,30,47341.521934,True
0.0,30,47391.181838,False
0.0,30,47441.904794,False
0.0,30,47484.790943,False
2.6,30,47536.344,True
2.7,30,47587.896612,True
1.4,30,47635.717751,True
0.0,30,47686.368738,False
0.9,30,47745.26926,True
2.8,30,47795.795628,True
0.2,30,47837.398125,True
0.0,30,47886.647341,False
2.6,30,47938.118741,True
2.3,30,47985.176066,True
2.7,30,48031.408452,True
0.0,30,48078.996994,False
0.0,30,48371.009767,False
0.0,30,48424.065319,False
2.7,30,48466.867249,True
0.0,30,48515.072665,False
2.1,30,48562.395465,True
0.0,30,48604.641036,False
0.0,30,48659.276087,False
2.7,30,48698.887937,True
0.0,30,48748.700134,False
1.1,30,48795.9733,False
0.0,30,48852.159936,False
0.0,30,48898.486023,False
0.0,30,48949.024813,False
2.8,30,49007.633793,True
0.0,30,49050.527559,False
0.0,30,49099.602633,False
0.0,30,49139.47955,False
2.0,30,49181.755445,True
0.0,30,49223.90757,False
2.7,30,49278.887673,True
0.0,30,49324.8077,False
0.0,30,49367.425737,False
1.7,30,49446.959192,True
2.5,30,49496.870758,True
2.8,30,49540.296016,True
2.4,30,49585.323759,True
2.8,30,49632.67313,True
2.4,30,49680.189504,True
2.8,30,49732.95339,True
0.0,30,49789.90178,False
0.0,30,49835.880795,False
0.0,30,49886.376698,False
0.0,30,49937.786089,False
3.0,30,49984.73969,True
0.0,30,50309.162358,False
2.5,30,50357.621441,True
0.0,30,50400.759825,False
0.0,30,50448.715554,False
0.0,30,50494.341791,False
2.6,30,50544.611521,True
2.2,30,50600.005741,True
0.8,30,50652.775055,True
2.8,30,50697.534092,True
1.5,30,50737.839486,True
2.5,30,50788.796485,True
2.6,30,50836.294064,True
0.0,30,50882.528563,False
0.0,30,50926.258612,False
3.0,30,50973.489039,True
0.0,30,51024.975863,False
0.0,30,51071.442887,False
0.0,30,51118.550795,False
0.4,30,51168.33352,True
2.5,30,51212.232057,True
2.9,30,51257.364095,True
0.0,30,51305.521258,False
0.0,30,51353.382931,False
2.7,30,51396.4228,True
0.0,30,51437.619359,False
0.0,30,51485.270693,False
0.0,30,51529.191681,False
2.7,30,51570.905528,True
3.0,30,51614.822387,True
3.0,30,51655.374833,True
0.0,30,51702.164187,False
2.9,30,51748.704561,True
2.7,30,51798.852827,True
2.7,30,51846.964937,True
0.0,30,51894.45047,False
2.6,30,52194.667478,True
2.7,30,52236.040421,True
2.9,30,52281.086917,True
0.0,30,52329.422676,False
1.7,30,52377.525245,True
0.9,30,52415.901192,True
2.5,30,52465.885021,True
2.5,30,52526.361847,True
0.0,30,52571.705836,False
0.0,30,52618.338011,False
3.0,30,52663.096575,True
0.0,30,52707.353829,False
2.9,30,52754.291441,True
0.1,30,52802.374777,False
0.0,30,52845.681943,False
1.9,30,52889.303471,True
1.1,30,52937.087369,True
0.0,30,52985.452172,False
2.8,30,53035.938912,True
2.9,30,53077.554194,True
1.8,30,53116.419,True
1.1,30,53162.369927,True
2.9,30,53206.772209,True
2.8,30,53258.556501,True
2.7,30,53305.069837,True
2.7,30,53352.613236,True
0.0,30,53399.785415,False
0.5,30,53445.13605,True
0.0,30,53487.443336,False
2.2,30,53527.58918,False
0.0,30,53576.446006,False
0.0,30,53620.973278,False
2.9,30,53662.533347,True
2.5,30,53706.587029,True
2.9,30,54036.580344,True
2.8,30,54090.567853,True
2.5,30,54135.223894,True
0.0,30,54177.729092,False
0.0,30,54225.629838,False
3.0,30,54273.160481,True
0.0,30,54319.480133,False
2.5,30,54361.873324,True
2.5,30,54406.701261,True
2.6,30,54454.28368,True
1.8,30,54499.429097,True
0.0,30,54544.190073,False
2.2,30,54590.205842,True
2.4,30,54637.625854,True
0.0,30,54685.235641,False
3.0,30,54734.8354,True
2.9,30,54775.314016,True
2.8,30,54824.974553,True
0.0,30,54875.207544,False
0.0,30,54920.038641,False
2.5,30,54970.559557,True
0.0,30,55020.180836,False
2.7,30,55071.085279,True
2.8,30,55114.389774,True
3.0,30,55172.431118,True
2.2,30,55217.725824,True
2.6,30,55268.809983,False
2.6,30,55317.08908,True
2.7,30,55359.815099,True
3.0,30,55405.750912,True
0.0,30,55452.676948,False
2.5,30,55507.080374,True
0.0,30,55551.823956,False
2.7,30,55599.663406,True
2.7,30,55913.829535,True
0.0,30,55963.785471,False
0.0,30,56013.170666,False
0.0,30,56056.936415,False
3.0,30,56105.078267,True
2.8,30,56151.195038,True
0.0,30,56194.747506,False
0.0,30,56241.034979,False
2.8,30,56289.464908,True
0.2,30,56333.11472,False
0.0,30,56383.218548,False
2.6,30,56426.461442,True
2.2,30,56473.449913,True
2.9,30,56515.45686,True
2.9,30,56567.959186,True
0.0,30,56607.286254,False
0.0,30,56654.409181,False
2.6,30,56702.488991,True
2.9,30,56751.084739,True
2.6,30,56796.235846,True
2.8,30,56840.92873,True
2.8,30,56893.630234,True
2.0,30,56933.233376,True
0.0,30,56981.803526,False
2.9,30,57030.914559,True
0.0,30,57076.555092,False
0.0,30,57118.176963,False
0.0,30,57160.372894,False
2.7,30,57203.36126,True
0.0,30,57248.944357,False
0.0,30,57298.329438,False
2.6,30,57345.083134,True
0.0,30,57390.811952,False
0.0,30,57448.382187,False
0.0,30,57738.245604,False
0.2,30,57782.043044,False
2.5,30,57832.115896,True
2.9,30,57875.734849,True
0.0,30,57924.15033,False
2.8,30,57970.439478,True
3.0,30,58022.971263,True
0.0,30,58075.701985,False
2.5,30,58126.473431,True
2.7,30,58184.416474,True
1.9,30,58248.37309,True
0.5,30,58297.23724,False
2.4,30,58338.720926,True
0.0,30,58380.370249,False
0.0,30,58445.047016,False
0.0,30,58491.400115,False
0.0,30,58541.56032,False
2.8,30,58586.385494,True
3.0,30,58631.360941,True
0.0,30,58671.298393,False
2.8,30,58727.801284,True
0.0,30,58774.262984,False
3.0,30,58815.866334,True
1.0,30,58862.656234,True
2.6,30,58908.749389,True
0.0,30,58959.462044,False
1.3,30,59003.118454,True
2.6,30,59052.431755,True
0.0,30,59094.731736,False
0.0,30,59135.396454,False
2.3,30,59178.245033,True
2.2,30,59220.115264,True
2.8,30,59264.217684,True
0.0,30,59314.881411,False
0.0,30,59594.423732,False
0.0,30,59639.934672,False
2.5,30,59687.096914,True
0.0,30,59737.757076,False
2.6,30,59780.125424,True
2.6,30,59816.681209,True
2.1,30,59859.178228,True
0.0,30,59903.267869,False
0.0,30,59947.223681,False
0.0,30,59995.638874,False
0.0,30,60052.972596,False
0.0,30,60100.170566,False
2.9,30,60144.841226,True
0.0,30,60191.358734,False
2.1,30,60234.070203,True
3.0,30,60288.965183,True
0.0,30,60332.87147,False
2.9,30,60390.176722,True
0.9,30,60439.893758,True
2.9,30,60491.218167,True
0.0,30,60537.779223,False
1.2,30,60585.991464,True
0.3,30,60638.608299,False
2.5,30,60686.964661,True
2.6,30,60734.785528,True
1.8,30,60786.569102,True
0.0,30,60832.484347,False
2.6,30,60878.893441,True
0.0,30,60923.613667,False
3.0,30,60971.315664,True
2.4,30,61012.375181,True
2.9,30,61060.414301,True
1.6,30,61106.89653,True
1.9,30,61165.671532,True
0.0,30,61468.712186,False
2.8,30,61510.553355,True
2.8,30,61560.870889,True
3.0,30,61602.306571,True
2.9,30,61645.118771,True
0.0,30,61682.967445,False
2.5,30,61725.556788,True
2.8,30,61764.746403,True
0.0,30,61811.969073,False
0.0,30,61854.800862,False
3.0,30,61900.010008,True
0.0,30,61943.042412,False
2.8,30,61992.392373,True
0.4,30,62047.035048,False
0.0,30,62093.775603,False
0.0,30,62142.15768,False
2.8,30,62191.713726,True
0.0,30,62241.932237,False
0.0,30,62291.962922,False
2.7,30,62356.32044,True
0.0,30,62403.717651,False
0.0,30,62451.437999,False
2.0,30,62499.599327,True
2.9,30,62546.026222,True
2.8,30,62609.828566,True
0.0,30,62661.218568,False
0.0,30,62705.458548,False
0.0,30,62751.48841,False
0.0,30,62795.856001,False
0.0,30,62843.805251,False
0.0,30,62893.208137,False
1.9,30,62939.648378,True
0.0,30,62987.129359,False
3.0,30,63040.841962,True
0.0,30,63364.164197,False
0.0,30,63413.440382,False
0.0,30,63468.299622,False
2.2,30,63512.424481,True
0.0,30,63559.07049,False
0.0,30,63601.000652,False
0.9,30,63653.604363,True
2.5,30,63700.643208,True
0.0,30,63746.309757,False
2.9,30,63795.261408,True
0.0,30,63837.943799,False
2.6,30,63884.589797,True
0.0,30,63931.177334,False
2.8,30,63978.295493,True
0.0,30,64024.357244,False
2.6,30,64081.719035,True
0.0,30,64130.733361,False
0.0,30,64178.305324,False
1.5,30,64221.613414,False
2.6,30,64265.360644,True
0.0,30,64306.778004,False
0.0,30,64357.761118,False
0.0,30,64403.376932,False
1.5,30,64455.949019,False
0.0,30,64505.574396,False
0.0,30,64550.92353,False
1.6,30,64600.309406,True
0.9,30,64648.474761,True
1.9,30,64691.768525,True
2.9,30,64754.040421,True
0.0,30,64806.823726,False
2.2,30,64846.023556,True
0.0,30,64893.953783,False
0.0,30,64944.42602,False
2.8,30,64998.611933,True
2.8,30,65297.869122,True
2.4,30,65342.151683,True
0.3,30,65387.63653,False
3.0,30,65437.690809,True
2.2,30,65485.769989,True
2.1,30,65528.491058,True
0.0,30,65578.607038,False
0.0,30,65626.705265,False
0.0,30,65671.915166,False
2.4,30,65718.697603,True
0.0,30,65763.619165,False
2.9,30,65809.806306,True
0.0,30,65864.367683,False
0.9,30,65913.853974,True
3.0,30,65965.072737,True
1.9,30,66016.596274,True
2.8,30,66062.294822,True
2.6,30,66105.379763,True
2.5,30,66153.427007,True
2.7,30,66192.605868,True
2.8,30,66241.609155,True
0.0,30,66318.574456,False
0.0,30,66402.185927,False
3.0,30,66456.065863,True
2.3,30,66518.54519,True
0.0,30,66567.578591,False
0.0,30,66609.374321,False
2.8,30,66654.716525,True
2.8,30,66703.263765,True
3.0,30,66760.713833,True
0.0,30,66807.280057,False
0.0,30,66857.323276,False
2.3,30,66909.342847,True
3.0,30,66954.785559,True
0.0,30,67248.886769,False
2.3,30,67297.541799,True
0.0,30,67345.404764,False
1.0,30,67392.638851,False
2.5,30,67436.129967,True
2.8,30,67493.865582,True
2.4,30,67535.649899,True
2.9,30,67580.948065,True
0.0,30,67626.952365,False
0.0,30,67672.444407,False
0.0,30,67717.486567,False
0.0,30,67764.591569,False
3.0,30,67815.195156,True
0.0,30,67859.675121,False
2.5,30,67918.595742,True
2.6,30,67966.34513,True
3.0,30,68013.483734,True
2.1,30,68060.9992,True
2.6,30,68106.947221,True
0.0,30,68149.381181,False
2.1,30,68200.508971,True
2.6,30,68246.90486,True
2.0,30,68292.431491,True
2.8,30,68342.626323,True
2.8,30,68391.459705,False
2.0,30,68435.912548,True
2.8,30,68478.649112,True
0.0,30,68519.979389,False
0.0,30,68560.489923,False
0.0,30,68608.268874,False
0.0,30,68657.073144,False
2.5,30,68704.510277,True
0.0,30,68750.140753,False
0.0,30,68796.381902,False
0.0,30,69125.175293,False
0.0,30,69173.382025,False
0.0,30,69218.464442,False
0.0,30,69266.34621,False
0.0,30,69314.133704,False
0.0,30,69359.890984,False
3.0,30,69407.356712,True
0.0,30,69458.127028,False
2.8,30,69504.53437,True
2.7,30,69547.404316,True
0.0,30,69598.125503,False
0.0,30,69646.002067,False
0.0,30,69691.626347,False
0.0,30,69742.670247,False
0.0,30,69793.324959,False
0.2,30,69837.493276,False
3.0,30,69883.366597,True
2.8,30,69931.810043,True
0.0,30,69977.719961,False
0.0,30,70026.402556,False
0.0,30,70079.989933,False
0.0,30,70125.195615,False
2.2,30,70168.311568,True
0.0,30,70217.11447,False
3.0,30,70266.036403,True
0.0,30,70310.758014,False
0.7,30,70361.073698,True
2.7,30,70417.501629,True
0.0,30,70469.155856,False
2.9,30,70519.3805,True
0.0,30,70564.223859,False
0.3,30,70610.788226,False
2.6,30,70655.337022,True
2.5,30,70708.240532,True
1.8,30,71022.103752,True
0.2,30,71066.317442,True
0.0,30,71120.833454,False
0.0,30,71163.413143,False
2.7,30,71210.955847,True
2.8,30,71263.617814,True
2.8,30,71313.843917,True
2.3,30,71358.571403,True
2.5,30,71404.059438,True
0.0,30,71453.352016,False
0.0,30,71505.624275,False
2.8,30,71549.062895,True
1.8,30,71594.922665,True
2.8,30,71640.867655,True
3.0,30,71693.937158,True
0.0,30,71738.871241,False
2.8,30,71780.139146,True
0.0,30,71828.364794,False
0.0,30,71871.426042,False
0.0,30,71921.593632,False
2.8,30,71968.563746,True
0.0,30,72015.986708,False
0.0,30,72072.634219,False
0.0,30,72122.435895,False
2.5,30,72170.432297,True
2.9,30,72219.348795,True
2.5,30,72287.648881,True
0.0,30,72337.972473,False
2.6,30,72381.289462,True
2.5,30,72432.607375,True
0.0,30,72480.275507,False
0.0,30,72529.24849,False
0.0,30,72579.798776,False
0.0,30,72625.864769,False
0.0,30,72964.279489,False
0.0,30,73013.440141,False
3.0,30,73071.897828,True
0.0,30,73120.484175,False
0.3,30,73166.87588,False
2.3,30,73215.954304,True
1.2,30,73264.093056,True
2.4,30,73314.492291,True
0.0,30,73364.583211,False
0.5,30,73409.437902,False
2.6,30,73456.494508,True
3.0,30,73519.441174,True
2.3,30,73565.5772,True
0.0,30,73622.016489,False
2.9,30,73673.571247,True
0.0,30,73724.539912,False
0.0,30,73772.350279,False
2.8,30,73815.680129,True
0.0,30,73864.520012,False
2.8,30,73913.898812,True
2.7,30,73961.343243,True
2.6,30,74005.410817,True
2.5,30,74063.563727,True
3.0,30,74103.399787,True
2.8,30,74148.649108,True
0.0,30,74195.51503,False
2.9,30,74241.794982,True
2.8,30,74287.526679,True
0.0,30,74333.799694,False
0.0,30,74382.376007,False
2.5,30,74426.665403,True
2.9,30,74476.684585,True
2.6,30,74522.916886,True
2.5,30,74590.625099,True
2.7,30,74918.565316,True
0.0,30,74969.665869,False
2.8,30,75019.764618,True
0.0,30,75069.219279,False
2.5,30,75117.999246,True
0.0,30,75165.810826,False
2.6,30,75208.972963,True
0.3,30,75285.551225,False
0.0,30,75332.681631,False
0.0,30,75379.232289,False
0.0,30,75425.003828,False
3.0,30,75476.941046,True
2.3,30,75526.005536,True
2.8,30,75568.009991,True
0.0,30,75615.325579,False
0.0,30,75658.452819,False
0.0,30,75711.432175,False
0.0,30,75758.405043,False
2.9,30,75812.20244,True
0.0,30,75860.164886,False
2.8,30,75908.264002,True
0.0,30,75956.237072,False
0.0,30,76002.743144,False
2.3,30,76054.430552,True
2.3,30,76101.25535,True
0.0,30,76150.490241,False
0.0,30,76196.454346,False
2.9,30,76240.786651,True
1.9,30,76286.270708,True
0.0,30,76332.288563,False
0.0,30,76383.310941,False
2.3,30,76427.51484,True
2.9,30,76473.150192,True
0.0,30,76522.02145,False
0.0,30,76877.289382,False
0.0,30,76928.371899,False
2.5,30,76980.95701,True
2.7,30,77027.180931,True
0.0,30,77076.828822,False
0.0,30,77124.896805,False
0.0,30,77174.204841,False
0.0,30,77218.524699,False
2.5,30,77265.919572,True
0.0,30,77316.319426,False
0.0,30,77371.723536,False
2.4,30,77425.589126,True
2.5,30,77474.052127,True
0.0,30,77523.624167,False
0.0,30,77574.02835,False
2.9,30,77625.970835,True
2.7,30,77673.153867,True
0.0,30,77717.313979,False
2.7,30,77763.403871,True
2.8,30,77807.939627,True
0.0,30,77856.729396,False
2.8,30,77899.143776,True
2.4,30,77960.611764,True
2.1,30,78011.7179,True
0.0,30,78063.599878,False
0.0,30,78109.87107,False
0.0,30,78156.283407,False
0.0,30,78209.694943,False
0.0,30,78258.836044,False
0.0,30,78307.715933,False
2.7,30,78356.96294,True
0.0,30,78415.759474,False
2.2,30,78466.105246,True
0.0,30,78505.893409,False
2.4,30,78838.291636,True
0.0,30,78883.564002,False
2.6,30,78928.873374,True
0.0,30,78970.778125,False
0.0,30,79015.958371,False
0.0,30,79061.831844,False
1.8,30,79107.125175,True
2.8,30,79159.99929,True
2.7,30,79206.15617,True
2.9,30,79269.03519,True
2.8,30,79318.987106,True
2.3,30,79364.782294,True
0.0,30,79406.27438,False
2.9,30,79453.27163,True
0.0,30,79508.182448,False
0.0,30,79562.993211,False
2.2,30,79611.376492,True
2.5,30,79656.512344,True
0.0,30,79699.884004,False
0.0,30,79746.294315,False
2.5,30,79795.146596,True
1.7,30,79841.491756,True
2.6,30,79886.986028,True
2.8,30,79933.819386,True
0.0,30,79980.762703,False
0.0,30,80022.820843,False
1.9,30,80075.306166,True
2.5,30,80116.440106,True
0.0,30,80176.372649,False
2.8,30,80224.979713,True
2.7,30,80270.969598,True
0.0,30,80320.656858,False
0.0,30,80363.935899,False
2.8,30,80406.350134,True
2.9,30,80452.783005,True
0.0,30,80798.298744,False
2.9,30,80840.718899,True
0.0,30,80890.048115,False
2.2,30,80944.173476,True
2.5,30,80994.947894,True
2.5,30,81038.369233,True
2.1,30,81085.191744,True
0.0,30,81131.297238,False
2.7,30,81182.026663,True
0.0,30,81227.134095,False
2.9,30,81273.982965,True
0.0,30,81318.694611,False
2.7,30,81366.9813,True
0.0,30,81410.256641,False
2.1,30,81461.267975,True
2.4,30,81512.455486,True
0.0,30,81560.8423,False
0.0,30,81610.036433,False
0.0,30,81648.975045,False
0.0,30,81696.189492,False
2.8,30,81745.662993,True
0.0,30,81797.365222,False
0.8,30,81842.44719,True
0.0,30,81890.298779,False
0.0,30,81931.459668,False
0.0,30,81976.124051,False
2.6,30,82022.811812,True
0.0,30,82071.973764,False
0.0,30,82118.864649,False
2.6,30,82166.984711,True
0.0,30,82208.982324,False
2.8,30,82263.903321,True
0.0,30,82310.154034,False
2.9,30,82355.370019,True
0.0,30,82681.539284,False
0.0,30,82729.860529,False
0.0,30,82777.212986,False
0.0,30,82823.478965,False
0.0,30,82874.3938,False
2.5,30,82924.648959,True
2.9,30,82967.217048,True
2.8,30,83006.900817,True
0.0,30,83049.294078,False
0.0,30,83102.032234,False
0.0,30,83151.010966,False
0.0,30,83195.643094,False
3.0,30,83239.051619,True
2.8,30,83285.230782,True
0.0,30,83334.548723,False
2.9,30,83376.46878,True
3.0,30,83419.072378,True
0.0,30,83467.994366,False
0.0,30,83521.337497,False
0.0,30,83572.642381,False
2.3,30,83622.930393,True
2.6,30,83670.565119,True
0.6,30,83718.680667,False
0.0,30,83765.6702,False
2.8,30,83811.328303,True
2.7,30,83860.611187,True
0.0,30,83908.802164,False
2.2,30,83957.18084,True
2.9,30,84001.965395,True
0.0,30,84049.174082,False
0.0,30,84095.778471,False
2.2,30,84140.115933,True
0.0,30,84189.963078,False
0.0,30,84238.573579,False
0.8,30,84554.387382,True
2.5,30,84597.837321,True
0.0,30,84642.366216,False
2.7,30,84701.762705,True
0.0,30,84747.76104,False
2.8,30,84795.744012,True
1.9,30,84838.660523,True
0.0,30,84896.441218,False
2.7,30,84947.462915,True
0.0,30,84996.29198,False
0.0,30,85054.415352,False
0.0,30,85101.634313,False
0.0,30,85147.871747,False
0.0,30,85195.283181,False
1.2,30,85237.693654,True
0.0,30,85283.812968,False
0.0,30,85329.685506,False
0.0,30,85376.594513,False
0.0,30,85435.592975,False
3.0,30,85483.519348,True
2.8,30,85527.702875,True
0.0,30,85573.079595,False
0.0,30,85621.170499,False
0.0,30,85676.130819,False
0.0,30,85720.727803,False
2.3,30,85763.834155,True
0.0,30,85808.441805,False
2.0,30,85854.391996,True
0.0,30,85898.376714,False
2.4,30,85942.779521,True
1.0,30,85988.609916,True
0.0,30,86036.219892,False
2.8,30,86081.029729,True
0.0,30,86127.668435,False
0.0,30,86484.619532,False
3.0,30,86529.031913,True
2.5,30,86576.6718,True
0.0,30,86631.300275,False
0.8,30,86686.176076,True
3.0,30,86734.416303,True
2.4,30,86786.079878,True
1.2,30,86834.06858,False
0.0,30,86886.494562,False
2.8,30,86935.620912,True
0.0,30,86981.933887,False
2.2,30,87031.104155,True
2.8,30,87076.625244,True
2.7,30,87120.928154,True
0.0,30,87170.089955,False
0.0,30,87222.833781,False
3.0,30,87277.570971,True
0.0,30,87320.653679,False
0.0,30,87366.274961,False
0.0,30,87410.210834,False
2.9,30,87454.440519,True
0.0,30,87497.851023,False
0.0,30,87551.602879,False
0.0,30,87595.409738,False
2.5,30,87638.895229,True
0.0,30,87694.568933,False
3.0,30,87748.598953,True
0.0,30,87798.340701,False
0.0,30,87844.643572,False
0.0,30,87890.69298,False
3.0,30,87937.740448,True
2.4,30,87986.09186,True
3.0,30,88033.399281,True
0.0,30,88078.908019,False
2.7,30,88368.242759,True
2.8,30,88412.851825,True
0.0,30,88457.008047,False
2.3,30,88501.236821,True
2.8,30,88542.679564,True
2.2,30,88587.822549,True
0.0,30,88635.678867,False
0.0,30,88692.100804,False
2.4,30,88740.497695,True
2.5,30,88788.081493,True
0.0,30,88834.404395,False
0.0,30,88890.89885,False
0.0,30,88933.988069,False
2.6,30,88985.124274,True
0.0,30,89035.131071,False
2.7,30,89097.468029,True
0.0,30,89149.060243,False
0.0,30,89188.371287,False
0.0,30,89237.079843,False
0.0,30,89293.437406,False
2.6,30,89344.666892,True
2.4,30,89400.841312,True
0.0,30,89453.464181,False
1.8,30,89501.455836,True
2.6,30,89547.900469,True
0.0,30,89596.50169,False
0.0,30,89641.740162,False
2.0,30,89685.759184,True
2.8,30,89732.619598,True
0.0,30,89785.027918,False
2.3,30,89833.872612,True
2.6,30,89878.642824,True
0.0,30,89930.358936,False
1.5,30,89973.959882,False
2.6,30,90289.489686,True
2.0,30,90336.209889,False
2.7,30,90377.287784,True
0.0,30,90420.031428,False
2.8,30,90469.908961,True
3.0,30,90519.998311,True
0.0,30,90563.630821,False
1.9,30,90609.135752,True
0.0,30,90658.351561,False
2.1,30,90705.650118,True
2.8,30,90755.564959,True
2.6,30,90807.213217,True
2.4,30,90857.714855,True
2.6,30,90902.352094,True
2.4,30,90947.246731,True
0.0,30,90995.519556,False
0.0,30,91042.24365,False
0.0,30,91094.936456,False
2.7,30,91136.893882,True
0.0,30,91180.814135,False
3.0,30,91231.741503,True
0.0,30,91278.046865,False
0.9,30,91325.182781,True
2.1,30,91364.224815,True
0.0,30,91410.940617,False
0.0,30,91459.520823,False
0.0,30,91507.316657,False
0.0,30,91550.337438,False
2.5,30,91594.595505,True
2.6,30,91636.592773,True
2.9,30,91679.707902,True
2.5,30,91726.792828,True
2.7,30,91773.453458,True
2.5,30,91821.414312,True
2.3,30,92165.096775,True
0.0,30,92207.063364,False
0.0,30,92248.02849,False
0.0,30,92295.810195,False
1.9,30,92347.633488,True
3.0,30,92404.20887,True
0.0,30,92450.703634,False
2.5,30,92496.126496,True
0.0,30,92541.493152,False
2.4,30,92588.837938,True
2.8,30,92633.506364,True
0.0,30,92677.898471,False
0.0,30,92721.569002,False
0.0,30,92767.600058,False
0.0,30,92812.879051,False
0.0,30,92859.608,False
0.0,30,92910.307663,False
2.7,30,92956.175519,True
0.0,30,93004.111424,False
0.0,30,93045.854321,False
2.1,30,93108.802426,True
2.1,30,93160.767981,True
0.0,30,93208.905236,False
0.0,30,93251.272324,False
0.0,30,93298.548934,False
0.0,30,93341.801335,False
2.0,30,93390.034841,True
0.0,30,93429.659023,False
0.0,30,93476.766994,False
0.0,30,93525.617233,False
0.0,30,93578.130875,False
0.0,30,93623.310759,False
0.0,30,93663.168572,False
2.7,30,93708.411502,True
0.0,30,93759.850868,False
2.5,30,94102.179768,True
2.2,30,94156.258652,True
2.9,30,94210.070344,True
0.0,30,94255.644158,False
0.0,30,94311.882985,False
0.0,30,94351.478104,False
0.0,30,94405.343595,False
0.0,30,94453.918079,False
0.0,30,94501.276855,False
2.2,30,94548.059984,True
3.0,30,94598.946811,True
2.3,30,94651.637844,True
0.0,30,94697.758951,False
0.0,30,94745.665863,False
1.9,30,94797.343664,True
2.3,30,94852.494539,True
2.9,30,94898.592004,True
0.0,30,94948.345144,False
0.0,30,94999.106951,False
2.4,30,95052.062828,True
2.2,30,95095.165514,True
1.5,30,95150.488903,True
0.0,30,95196.419322,False
0.0,30,95242.038958,False
2.3,30,95285.459031,True
3.0,30,95338.457415,True
2.8,30,95380.771096,True
0.0,30,95429.482783,False
2.6,30,95476.220513,True
0.0,30,95525.778455,False
0.0,30,95567.444257,False
2.6,30,95612.89362,True
3.0,30,95668.806786,True
0.0,30,95715.320453,False
1.7,30,96043.359221,True
0.0,30,96095.04146,False
0.0,30,96139.68901,False
0.0,30,96188.957397,False
0.0,30,96238.291979,False
0.0,30,96281.307262,False
0.0,30,96329.084586,False
0.0,30,96375.01546,False
0.0,30,96421.610668,False
0.0,30,96468.760128,False
0.0,30,96513.920465,False
0.0,30,96557.215245,False
2.7,30,96599.295112,True
3.0,30,96647.056948,True
2.8,30,96695.092055,True
0.0,30,96741.682167,False
1.3,30,96800.284998,True
0.0,30,96849.953181,False
2.7,30,96898.068875,True
0.0,30,96939.703972,False
2.4,30,96983.804292,True
0.0,30,97030.470893,False
2.8,30,97076.058377,True
0.0,30,97125.350191,False
0.0,30,97172.396987,False
0.0,30,97221.475201,False
0.0,30,97269.019139,False
0.0,30,97315.310414,False
2.2,30,97360.940075,True
2.9,30,97431.932068,True
2.9,30,97477.830294,True
2.4,30,97529.34467,True
2.0,30,97576.702889,True
2.3,30,97624.783282,True
3.0,30,97955.997785,True
0.0,30,97997.97694,False
0.0,30,98042.494894,False
0.0,30,98087.982745,False
2.2,30,98135.174635,True
2.0,30,98184.207956,True
2.8,30,98233.139807,True
0.0,30,98277.41135,False
0.0,30,98320.409288,False
0.6,30,98366.549764,True
0.0,30,98416.053905,False
0.0,30,98463.743017,False
2.8,30,98517.115077,True
0.0,30,98567.123689,False
0.0,30,98610.343247,False
2.7,30,98655.112833,True
0.0,30,98706.768332,False
0.0,30,98751.077047,False
0.0,30,98795.252421,False
3.0,30,98839.46175,True
0.0,30,98885.485979,False
2.6,30,98941.363333,True
0.0,30,99013.682721,False
2.7,30,99064.451634,True
0.0,30,99115.929441,False
2.3,30,99163.786192,True
0.0,30,99216.739356,False
2.2,30,99266.044633,True
0.0,30,99318.85938,False
0.0,30,99365.070129,False
2.1,30,99414.957856,True
3.0,30,99465.403162,True
2.6,30,99525.531653,True
0.0,30,99570.045213,False
0.0,30,99919.003333,False
0.0,30,99967.871598,False
0.0,30,100014.577024,False
0.0,30,100066.931651,False
2.7,30,100106.083836,True
2.9,30,100157.018904,True
2.9,30,100203.13347,True
0.0,30,100249.4277,False
0.0,30,100295.203707,False
2.7,30,100345.226537,True
3.0,30,100392.137662,True
0.0,30,100437.511282,False
2.8,30,100487.481644,True
2.4,30,100540.088382,True
2.5,30,100581.655575,True
0.0,30,100626.337865,False
0.0,30,100677.72836,False
0.0,30,100722.925798,False
2.9,30,100779.989114,True
0.0,30,100838.198428,False
0.0,30,100889.376988,False
1.5,30,100940.009285,True
0.0,30,100987.758952,False
0.0,30,101033.423768,False
0.0,30,101079.740064,False
2.9,30,101124.893397,True
0.0,30,101174.87527,False
0.0,30,101225.361888,False
0.0,30,101271.912982,False
0.0,30,101321.774873,False
0.0,30,101374.448409,False
0.0,30,101420.208446,False
0.0,30,101469.100533,False
2.3,30,101525.283288,True
2.6,30,101861.32444,True
0.0,30,101910.960891,False
2.8,30,101955.836304,True
0.0,30,102007.894264,False
0.0,30,102053.708776,False
2.7,30,102110.347529,True
2.8,30,102152.682294,True
2.3,30,102206.023951,True
0.0,30,102250.015747,False
2.8,30,102294.985569,True
0.0,30,102344.901576,False
2.4,30,102387.471848,True
2.4,30,102435.568002,True
0.0,30,102482.437919,False
0.9,30,102531.82064,True
1.1,30,102576.938338,False
2.8,30,102626.486204,True
2.9,30,102672.435496,True
2.6,30,102724.755301,True
3.0,30,102773.276857,True
0.0,30,102818.173056,False
3.0,30,102865.965242,True
0.0,30,102913.423379,False
2.8,30,102968.501715,True
0.0,30,103019.359066,False
2.3,30,103065.241463,True
2.8,30,103117.960206,True
0.1,30,103166.750289,True
0.0,30,103207.133207,False
0.0,30,103261.750304,False
2.7,30,103300.82315,True
2.9,30,103344.499684,True
0.0,30,103395.974608,False
0.0,30,103437.881754,False
0.0,30,103791.903819,False
2.6,30,103835.153796,True
0.0,30,103883.989835,False
2.8,30,103929.763537,True
0.0,30,103976.717589,False
3.0,30,104026.98234,True
2.7,30,104069.93753,True
2.9,30,104118.104265,True
2.7,30,104167.555088,True
0.0,30,104216.307313,False
1.8,30,104261.77172,True
0.0,30,104327.171021,False
0.0,30,104375.14488,False
0.0,30,104420.051652,False
2.5,30,104466.308665,True
2.6,30,104513.310195,True
0.0,30,104562.078846,False
0.0,30,104609.283633,False
0.0,30,104654.728218,False
2.7,30,104704.366979,True
0.0,30,104754.461771,False
2.6,30,104804.94893,True
0.0,30,104850.783186,False
0.0,30,104897.066042,False
2.5,30,104948.877491,True
2.7,30,104995.880131,True
0.0,30,105049.284832,False
2.7,30,105095.560548,True
0.0,30,105143.31178,False
3.0,30,105194.989506,True
2.0,30,105245.59991,False
1.9,30,105291.475712,True
2.4,30,105334.096626,True
3.0,30,105384.105855,True
0.0,30,105710.515664,False
0.0,30,105765.418278,False
2.5,30,105812.261032,True
2.8,30,105858.474797,True
2.8,30,105907.271147,True
2.5,30,105956.474396,True
0.0,30,106004.019609,False
3.0,30,106049.40762,True
0.0,30,106097.320611,False
0.0,30,106147.432132,False
0.0,30,106187.856699,False
3.0,30,106232.169143,True
0.0,30,106281.743603,False
2.7,30,106324.372805,True
0.0,30,106370.0321,False
2.8,30,106414.55957,True
2.3,30,106460.311738,True
0.0,30,106509.168293,False
0.0,30,106554.537104,False
1.6,30,106606.079765,True
0.0,30,106648.298295,False
0.0,30,106711.860653,False
2.7,30,106754.52036,True
0.0,30,106801.688987,False
0.0,30,106847.835793,False
2.9,30,106897.317168,True
0.0,30,106941.86956,False
2.7,30,106991.185154,True
0.0,30,107041.548798,False
0.0,30,107085.710893,False
2.7,30,107131.143336,True
0.0,30,107183.045286,False
0.0,30,107229.060544,False
0.0,30,107270.042916,False
0.0,30,107574.492172,False
0.0,30,107621.123738,False
2.5,30,107670.939656,True
0.0,30,107721.606453,False
3.0,30,107764.867806,True
2.7,30,107810.600428,True
0.0,30,107862.772873,False
0.0,30,107910.613595,False
0.0,30,107953.728629,False
0.0,30,108000.429383,False
2.3,30,108047.258642,True
0.0,30,108094.156278,False
0.0,30,108140.729916,False
0.0,30,108183.756325,False
2.7,30,108227.732091,True
2.2,30,108275.490025,True
0.0,30,108321.927404,False
2.4,30,108369.151492,True
2.6,30,108417.947864,True
0.0,30,108461.206541,False
2.5,30,108511.938762,True
2.2,30,108557.260069,True
0.0,30,108604.332899,False
0.0,30,108649.313583,False
2.3,30,108695.977952,True
0.0,30,108740.361126,False
2.5,30,108792.387828,True
0.0,30,108837.940357,False
2.7,30,108893.931852,True
2.8,30,108943.972092,True
0.0,30,108992.304606,False
2.9,30,109033.560023,True
2.4,30,109075.836372,True
2.6,30,109123.469732,True
0.0,30,109171.527772,False
0.0,30,109491.042534,False
0.0,30,109538.361903,False
2.6,30,109579.534218,True
2.7,30,109631.640111,True
3.0,30,109678.204294,True
0.0,30,109729.468797,False
0.0,30,109781.38285,False
2.0,30,109839.232989,True
2.9,30,109886.677003,True
0.0,30,109937.416546,False
0.0,30,109985.686306,False
0.0,30,110037.26528,False
2.3,30,110082.009715,True
0.0,30,110127.627451,False
0.0,30,110183.889505,False
2.7,30,110232.724932,True
0.0,30,110277.526932,False
2.6,30,110325.423307,True
0.0,30,110369.303106,False
2.9,30,110414.978247,True
0.0,30,110462.840031,False
0.0,30,110503.846015,False
0.0,30,110547.572068,False
2.1,30,110596.064152,True
0.0,30,110639.844377,False
0.0,30,110686.599282,False
0.0,30,110740.999149,False
0.0,30,110790.211128,False
0.0,30,110838.222652,False
0.0,30,110887.536678,False
0.0,30,110932.419865,False
0.0,30,110989.903619,False
2.6,30,111038.189407,True
2.1,30,111088.176739,True
2.7,30,111434.012159,True
2.9,30,111486.044977,True
0.0,30,111529.906925,False
0.0,30,111573.852719,False
2.8,30,111618.403896,True
0.0,30,111661.756045,False
2.5,30,111704.475744,True
0.0,30,111751.903127,False
0.0,30,111798.209051,False
2.3,30,111838.168346,True
0.0,30,111887.168788,False
0.0,30,111932.7273,False
2.7,30,111979.398335,True
0.0,30,112024.159411,False
1.9,30,112068.717634,True
0.6,30,112123.225706,True
2.4,30,112166.136693,True
0.0,30,112216.102604,False
0.0,30,112261.864354,False
0.0,30,112303.914546,False
2.5,30,112350.809107,True
0.0,30,112395.286489,False
0.0,30,112443.470681,False
0.0,30,112487.301926,False
0.0,30,112532.572283,False
2.4,30,112582.908469,True
2.3,30,112629.041901,True
2.5,30,112678.959724,True
0.0,30,112727.212041,False
0.0,30,112776.733042,False
2.8,30,112818.501631,True
2.5,30,112859.5447,True
2.1,30,112905.926947,True
0.0,30,112952.618328,False
3.0,30,113290.953439,True
0.0,30,113337.201649,False
0.0,30,113386.501283,False
0.0,30,113433.808094,False
1.2,30,113481.787524,True
0.0,30,113526.255775,False
0.0,30,113576.385956,False
0.0,30,113622.103426,False
0.0,30,113669.504213,False
0.0,30,113716.052295,False
0.0,30,113766.684609,False
2.1,30,113818.522628,True
0.0,30,113862.321758,False
0.0,30,113911.973978,False
1.5,30,113962.583046,True
2.2,30,114015.402447,True
2.4,30,114066.396922,True
1.5,30,114112.910131,True
0.0,30,114156.508033,False
0.0,30,114201.582553,False
2.8,30,114257.368068,True
2.7,30,114305.642659,True
0.0,30,114354.824506,False
0.0,30,114402.937804,False
0.0,30,114451.77729,False
2.6,30,114497.681007,True
0.0,30,114546.32791,False
0.0,30,114594.885294,False
0.8,30,114644.836993,True
0.0,30,114700.00098,False
2.8,30,114749.077115,True
0.0,30,114802.519586,False
2.6,30,114854.691375,True
0.0,30,114903.488674,False
2.6,30,115214.007196,True
2.7,30,115265.452923,True
2.7,30,115310.367901,True
2.3,30,115354.062353,True
2.7,30,115403.51913,True
2.1,30,115449.982578,True
0.0,30,115498.953579,False
0.3,30,115543.64391,True
2.5,30,115591.861413,True
2.4,30,115640.556065,True
0.0,30,115687.179735,False
0.0,30,115737.471997,False
2.5,30,115783.863671,True
0.0,30,115832.52786,False
0.0,30,115881.22012,False
0.0,30,115925.417001,False
2.6,30,115984.677786,True
1.7,30,116032.347777,True
1.5,30,116083.895741,True
0.0,30,116129.778205,False
2.3,30,116177.01698,True
2.7,30,116229.49485,True
0.0,30,116272.736236,False
1.9,30,116320.175599,True
3.0,30,116365.887453,True
1.7,30,116413.723197,True
3.0,30,116461.771515,True
0.0,30,116505.114666,False
2.1,30,116549.815402,True
3.0,30,116598.481789,True
0.0,30,116648.190862,False
0.0,30,116694.118634,False
0.0,30,116745.068763,False
2.9,30,116788.72351,True
0.0,30,117120.066965,False
2.3,30,117169.960062,True
2.8,30,117217.091447,True
2.4,30,117272.205911,True
2.4,30,117319.62635,True
0.0,30,117373.048858,False
2.8,30,117418.47171,True
2.6,30,117465.604233,True
0.0,30,117516.767648,False
0.5,30,117569.622657,True
0.0,30,117646.152134,False
2.2,30,117690.532247,True
0.0,30,117758.883186,False
2.5,30,117807.561243,True
3.0,30,117854.060988,True
2.5,30,117899.653573,True
2.4,30,117946.276035,True
2.6,30,117993.594754,True
0.0,30,118042.4581,False
2.8,30,118094.776335,True
2.9,30,118150.228183,True
2.8,30,118203.706357,True
0.0,30,118250.566752,False
0.0,30,118297.036556,False
2.7,30,118349.055774,True
2.5,30,118402.6625,True
2.7,30,118446.416167,True
0.0,30,118492.661863,False
0.0,30,118548.500352,False
2.8,30,118596.407089,True
2.6,30,118641.641364,True
0.0,30,118686.341017,False
2.4,30,118732.066121,True
0.0,30,118782.033088,False
1.0,30,119140.299087,True
2.0,30,119186.993082,True
0.0,30,119234.480546,False
2.4,30,119284.908414,True
0.0,30,119332.007507,False
2.7,30,119379.874712,True
2.4,30,119424.423999,True
2.7,30,119469.629696,True
2.6,30,119517.91134,True
2.7,30,119563.650885,True
0.0,30,119604.445416,False
0.0,30,119649.080012,False
0.0,30,119697.119992,False
0.0,30,119746.569444,False
0.0,30,119794.040213,False
0.0,30,119853.166759,False
2.6,30,119903.878007,True
2.5,30,119952.55118,True
0.0,30,119998.895422,False
0.0,30,120049.223825,False
0.0,30,120096.990675,False
2.6,30,120145.143479,True
2.7,30,120191.577498,True
2.3,30,120245.508212,True
0.0,30,120292.370233,False
0.0,30,120341.981648,False
0.0,30,120389.256968,False
0.0,30,120438.247186,False
0.0,30,120478.901763,False
3.0,30,120525.925689,True
2.6,30,120574.448846,True
2.4,30,120615.995354,True
2.4,30,120662.092161,True
0.0,30,120708.826439,False
2.3,30,121047.676886,True
0.0,30,121095.59468,False
2.9,30,121143.093607,True
0.0,30,121190.428097,False
2.7,30,121236.919312,True
2.1,30,121299.889894,True
0.7,30,121347.378609,True
0.0,30,121404.240968,False
0.0,30,121450.72682,False
2.1,30,121504.700885,True
3.0,30,121554.36381,True
2.2,30,121600.758169,True
0.0,30,121648.622379,False
2.8,30,121691.677245,True
0.0,30,121737.350339,False
0.0,30,121784.789096,False
0.0,30,121835.648796,False
1.8,30,121893.364824,True
0.0,30,121942.593479,False
2.4,30,121991.332449,True
2.8,30,122043.59286,True
2.3,30,122086.930558,True
0.0,30,122135.660215,False
3.0,30,122183.714522,True
0.0,30,122234.820065,False
2.3,30,122280.068293,True
2.5,30,122325.773812,True
0.0,30,122376.614373,False
2.8,30,122423.478944,True
0.0,30,122473.936388,False
0.0,30,122534.467073,False
0.0,30,122581.921721,False
0.0,30,122625.378159,False
1.1,30,122674.762754,True
0.0,30,122718.551084,False
2.6,30,123051.822945,True
2.6,30,123099.705966,True
1.9,30,123148.739181,False
2.6,30,123195.905979,True
1.3,30,123240.869676,True
0.0,30,123285.701778,False
0.0,30,123335.345986,False
0.0,30,123384.366229,False
0.0,30,123435.870694,False
1.0,30,123487.281287,False
2.8,30,123537.34177,True
0.0,30,123583.778732,False
2.6,30,123630.402834,True
0.0,30,123676.873029,False
0.0,30,123720.981879,False
2.5,30,123764.511604,True
1.3,30,123814.896521,False
2.7,30,123860.382805,True
0.0,30,123905.751255,False
0.0,30,123951.426422,False
1.5,30,124005.969944,True
2.4,30,124053.757712,True
2.3,30,124099.612755,False
0.0,30,124149.040697,False
1.1,30,124197.370066,True
3.0,30,124246.699972,True
1.0,30,124296.847052,False
3.0,30,124345.251779,True
2.4,30,124390.054205,True
2.3,30,124440.53501,True
0.0,30,124484.944476,False
2.3,30,124536.682764,True
0.0,30,124591.855656,False
3.0,30,124640.223471,True
2.4,30,124975.564923,True
2.7,30,125017.361015,True
0.0,30,125069.490203,False
2.8,30,125122.666056,True
3.0,30,125172.659297,True
0.0,30,125219.300272,False
2.7,30,125278.91332,True
0.0,30,125324.259251,False
1.9,30,125369.61434,True
1.4,30,125417.339538,True
0.0,30,125470.33404,False
2.6,30,125518.602702,True
2.7,30,125574.653782,True
0.0,30,125624.202293,False
2.7,30,125671.088653,True
0.0,30,125726.319419,False
1.6,30,125778.163466,True
3.0,30,125827.457402,True
0.0,30,125877.304674,False
0.0,30,125927.117676,False
2.8,30,125975.341932,True
2.7,30,126019.144989,True
0.0,30,126065.933672,False
0.0,30,126112.442308,False
0.0,30,126160.486303,False
0.0,30,126209.677338,False
0.0,30,126261.983084,False
2.7,30,126308.754884,True
2.7,30,126358.870616,True
1.2,30,126413.476646,True
0.0,30,126475.927668,False
3.0,30,126539.967296,True
2.8,30,126588.382657,True
0.0,30,126632.111358,False
2.6,30,126971.157223,True
0.0,30,127019.227749,False
2.5,30,127070.503606,True
0.0,30,127115.717765,False
2.4,30,127159.830442,True
0.0,30,127205.682058,False
2.6,30,127254.9563,True
2.8,30,127302.70476,True
0.0,30,127348.829599,False
0.0,30,127400.166955,False
0.0,30,127445.775103,False
2.6,30,127491.220932,True
0.0,30,127541.778697,False
0.0,30,127592.856009,False
0.0,30,127635.610312,False
0.0,30,127680.156098,False
0.0,30,127723.957861,False
0.0,30,127765.453833,False
0.0,30,127806.582274,False
1.8,30,127869.478678,True
0.0,30,127921.464189,False
0.0,30,127966.739392,False
2.9,30,128011.760211,True
0.0,30,128061.607438,False
3.0,30,128108.828356,True
3.0,30,128151.315144,True
0.0,30,128193.75115,False
2.8,30,128242.585026,True
2.6,30,128290.803616,True
0.0,30,128339.516258,False
2.5,30,128395.979423,True
0.0,30,128446.348991,False
2.4,30,128492.861347,True
0.0,30,128549.110471,False
0.0,30,128907.141603,False
2.9,30,128952.597829,True
0.0,30,128996.584582,False
2.7,30,129037.420587,True
0.0,30,129081.183381,False
2.5,30,129124.377126,True
2.6,30,129168.224182,True
0.0,30,129218.423857,False
0.0,30,129265.144255,False
2.5,30,129312.038006,True
0.0,30,129355.841142,False
0.0,30,129408.194446,False
0.0,30,129456.062648,False
2.6,30,129502.770279,True
0.0,30,129552.193381,False
2.4,30,129599.739097,True
3.0,30,129645.779801,True
0.0,30,129696.63817,False
0.0,30,129745.684847,False
0.0,30,129796.796556,False
2.7,30,129842.21826,True
0.0,30,129892.724036,False
2.6,30,129943.731732,True
2.7,30,129989.139132,True
2.2,30,130035.903843,True
2.4,30,130086.481006,True
0.0,30,130133.706469,False
2.8,30,130174.329503,True
2.7,30,130222.71887,True
2.6,30,130273.217978,True
2.7,30,130318.414557,True
0.0,30,130368.346868,False
0.0,30,130416.605973,False
0.0,30,130466.976882,False
2.6,30,130800.445262,True
0.0,30,130848.540008,False
2.6,30,130904.071902,True
2.1,30,130957.369181,True
0.0,30,130998.474504,False
2.5,30,131044.881779,True
2.4,30,131092.763036,True
2.4,30,131142.356402,True
2.9,30,131191.960798,True
3.0,30,131243.990714,True
0.0,30,131296.683583,False
0.0,30,131341.4946,False
0.0,30,131389.804269,False
0.0,30,131434.952936,False
0.0,30,131480.857638,False
2.9,30,131529.242869,True
3.0,30,131575.837389,True
2.2,30,131620.552391,True
0.0,30,131667.036886,False
2.8,30,131713.563822,True
0.0,30,131757.108211,False
2.5,30,131815.787236,True
0.8,30,131862.915788,True
2.8,30,131906.063251,True
3.0,30,131950.609173,True
0.0,30,132000.779179,False
2.6,30,132050.895644,True
2.6,30,132105.527133,True
0.0,30,132155.792255,False
3.0,30,132200.082183,True
2.7,30,132251.599127,True
0.0,30,132294.150928,False
0.0,30,132340.683599,False
0.0,30,132388.77345,False
2.3,30,132746.031494,True
2.4,30,132790.46209,True
2.3,30,132837.767039,True
2.8,30,132889.047444,True
0.0,30,132935.081692,False
2.8,30,132989.534671,True
2.8,30,133039.45016,True
0.0,30,133086.696498,False
2.6,30,133131.503523,True
2.2,30,133174.531527,True
0.0,30,133225.974854,False
0.0,30,133274.123832,False
0.0,30,133320.836553,False
2.3,30,133362.190455,True
0.0,30,133408.480987,False
0.0,30,133452.674979,False
3.0,30,133497.07916,True
2.2,30,133554.456698,True
0.0,30,133602.32133,False
0.0,30,133653.011272,False
0.0,30,133698.047712,False
0.0,30,133746.51722,False
0.9,30,133796.215364,True
1.8,30,133842.628285,True
0.0,30,133890.531136,False
2.7,30,133942.528868,True
2.6,30,133988.686605,True
0.0,30,134035.836396,False
3.0,30,134089.441802,True
3.0,30,134139.50844,True
2.5,30,134185.227661,True
2.5,30,134232.398886,True
0.0,30,134280.842881,False
0.0,30,134339.517077,False
0.0,30,134674.586618,False
2.0,30,134722.308922,True
1.5,30,134770.508482,True
0.0,30,134815.250013,False
0.0,30,134866.230688,False
3.0,30,134918.799237,True
0.0,30,134968.130513,False
0.0,30,135013.871973,False
0.0,30,135057.669279,False
0.0,30,135104.358054,False
0.0,30,135152.363594,False
0.0,30,135201.408641,False
2.5,30,135249.9417,True
2.6,30,135298.138005,True
2.2,30,135340.679924,True
0.0,30,135390.383659,False
0.0,30,135438.84407,False
0.0,30,135483.659823,False
2.2,30,135532.617437,True
2.8,30,135580.394475,True
0.0,30,135624.950927,False
0.0,30,135675.5941,False
2.6,30,135725.421397,True
2.7,30,135775.281359,True
0.0,30,135827.470762,False
0.0,30,135884.445401,False
0.0,30,135933.485832,False
0.0,30,135980.366586,False
0.0,30,136023.846913,False
0.0,30,136068.495544,False
2.8,30,136115.271859,True
2.8,30,136160.557756,True
0.0,30,136212.329985,False
2.9,30,136261.280838,True
1.3,30,136576.437732,True
2.9,30,136624.703674,True
3.0,30,136673.417989,True
0.0,30,136719.718041,False
0.0,30,136764.976689,False
3.0,30,136813.138927,True
2.7,30,136868.874928,True
0.0,30,136911.06592,False
2.4,30,136960.514891,True
0.3,30,137001.409861,False
0.0,30,137047.763556,False
0.0,30,137101.572096,False
3.0,30,137153.683186,True
0.0,30,137201.222782,False
2.1,30,137243.403774,True
0.0,30,137293.847704,False
1.3,30,137341.857595,True
0.0,30,137389.936378,False
2.3,30,137435.585163,True
0.0,30,137482.634153,False
2.8,30,137533.932531,True
2.0,30,137585.968719,True
0.0,30,137634.976131,False
2.8,30,137687.838919,True
0.0,30,137732.796467,False
2.1,30,137779.02836,True
0.0,30,137826.359042,False
2.8,30,137873.982354,True
2.8,30,137924.522474,True
2.8,30,137980.193,True
0.0,30,138028.15538,False
0.0,30,138071.914622,False
0.0,30,138124.200832,False
0.0,30,138177.117816,False
2.3,30,138224.777339,True
2.9,30,138575.011447,True
1.5,30,138622.854905,True
2.5,30,138671.998878,True
1.4,30,138716.416124,True
2.5,30,138769.099691,True
2.8,30,138814.759381,True
0.0,30,138862.490499,False
0.0,30,138915.772339,False
2.7,30,138962.862356,True
3.0,30,139001.690989,True
3.0,30,139047.588769,True
2.9,30,139101.017869,True
2.8,30,139151.426458,True
0.0,30,139196.830898,False
0.0,30,139245.878871,False
2.3,30,139291.244215,True
0.0,30,139337.317327,False
2.6,30,139384.718759,True
0.0,30,139429.238248,False
2.4,30,139476.250437,True
1.9,30,139524.224827,True
0.0,30,139574.196602,False
2.6,30,139634.88234,True
0.0,30,139680.83358,False
0.0,30,139725.899761,False
2.1,30,139774.178358,True
2.5,30,139821.992632,True
2.7,30,139867.66576,True
0.0,30,139915.587424,False
0.0,30,139957.799954,False
0.0,30,140000.914984,False
3.0,30,140047.772021,True
2.7,30,140091.597356,True
0.0,30,140140.983058,False
0.0,30,140479.523286,False
0.0,30,140527.666977,False
2.8,30,140579.360486,True
0.0,30,140631.454313,False
0.0,30,140683.642724,False
0.0,30,140733.519741,False
2.5,30,140788.387572,True
0.0,30,140837.779935,False
2.7,30,140887.266101,True
0.0,30,140938.88597,False
0.0,30,140983.525367,False
0.0,30,141032.828951,False
2.5,30,141078.472346,True
0.0,30,141126.766629,False
0.0,30,141178.050748,False
0.0,30,141227.600751,False
2.7,30,141274.249724,True
0.0,30,141324.43814,False
1.3,30,141373.639614,True
2.0,30,141419.122326,True
2.3,30,141463.765602,True
0.0,30,141508.163802,False
0.0,30,141552.138168,False
2.2,30,141595.275669,True
0.0,30,141640.097221,False
0.0,30,141686.6784,False
0.0,30,141734.691254,False
1.1,30,141778.837184,True
2.9,30,141828.270998,True
0.0,30,141873.272583,False
0.0,30,141920.135021,False
0.0,30,141968.742843,False
0.0,30,142012.213383,False
0.0,30,142061.189746,False
2.0,30,142460.017675,True
2.6,30,142504.21251,True
2.1,30,142548.485054,True
2.3,30,142593.689269,False
2.4,30,142641.606605,True
2.4,30,142702.074764,True
2.7,30,142745.655668,True
2.2,30,142793.758601,True
0.4,30,142847.019038,True
1.8,30,142893.366841,True
2.5,30,142943.816145,True
2.4,30,142990.926584,True
1.9,30,143032.590261,True
0.0,30,143078.087582,False
0.0,30,143125.173602,False
0.0,30,143174.48187,False
2.0,30,143222.928295,True
0.0,30,143273.189256,False
2.9,30,143320.378369,True
2.9,30,143369.357,True
3.0,30,143420.712403,True
2.3,30,143465.165821,True
2.3,30,143524.733993,True
0.0,30,143577.304137,False
0.0,30,143624.177027,False
0.0,30,143678.26421,False
3.0,30,143729.611193,True
0.0,30,143779.308282,False
0.0,30,143829.992633,False
0.0,30,143889.417608,False
2.6,30,143934.464911,True
3.0,30,143982.702533,True
2.7,30,144027.863054,True
0.0,30,144078.02392,False
1.9,30,144420.003307,True
0.0,30,144463.83534,False
2.8,30,144514.124589,True
2.7,30,144558.109899,True
0.0,30,144606.220795,False
0.0,30,144650.926496,False
2.5,30,144696.797366,True
0.0,30,144744.111441,False
2.7,30,144794.997408,True
0.0,30,144847.203846,False
2.9,30,144892.425507,True
2.8,30,144939.622963,True
2.5,30,144999.765351,True
2.8,30,145052.278283,True
0.8,30,145096.94116,True
2.4,30,145146.552682,True
2.6,30,145198.176572,True
2.8,30,145251.163808,True
1.6,30,145302.662444,True
0.0,30,145354.659735,False
2.7,30,145404.511153,True
0.0,30,145455.03876,False
0.0,30,145506.648175,False
2.6,30,145557.499714,True
2.3,30,145603.343063,True
0.0,30,145652.91314,False
3.0,30,145703.074586,True
0.0,30,145751.318949,False
2.2,30,145795.456059,True
2.7,30,145839.585238,True
2.6,30,145886.633467,True
2.4,30,145932.733255,True
0.0,30,145984.25611,False
2.6,30,146029.950159,True
2.7,30,146359.962196,True
0.0,30,146414.493189,False
0.0,30,146463.993836,False
0.0,30,146507.800739,False
0.0,30,146555.517228,False
0.0,30,146597.342776,False
2.4,30,146638.935699,True
0.0,30,146691.605703,False
2.4,30,146740.561592,True
2.8,30,146790.372793,True
0.0,30,146838.731714,False
0.0,30,146883.138685,False
3.0,30,146925.1841,True
0.0,30,146972.228707,False
2.3,30,147021.12123,True
0.0,30,147068.974249,False
2.5,30,147119.7723,True
0.0,30,147168.082477,False
0.0,30,147216.714487,False
0.0,30,147262.692475,False
2.6,30,147310.330575,True
1.9,30,147354.899401,True
3.0,30,147397.923453,True
2.6,30,147438.314038,True
2.4,30,147477.859578,True
2.9,30,147521.02531,True
0.0,30,147566.249473,False
2.0,30,147610.613795,True
0.0,30,147672.249701,False
2.9,30,147727.366478,True
2.9,30,147774.432279,True
0.0,30,147820.608731,False
0.0,30,147866.722771,False
0.0,30,147916.074707,False
1.0,30,148243.314794,True
3.0,30,148285.76768,True
2.8,30,148330.475805,True
0.0,30,148374.285365,False
0.0,30,148422.677945,False
2.6,30,148471.332478,True
2.6,30,148518.034211,True
2.8,30,148566.376339,True
1.7,30,148615.132123,True
2.3,30,148661.129043,True
2.8,30,148710.567052,True
0.0,30,148761.044215,False
3.0,30,148807.922925,True
2.2,30,148852.207465,True
0.0,30,148898.598123,False
0.0,30,148948.805103,False
0.0,30,149001.689221,False
0.0,30,149048.513092,False
2.6,30,149093.434337,True
2.3,30,149142.096493,True
0.0,30,149190.702554,False
0.0,30,149233.566592,False
0.0,30,149280.867635,False
0.0,30,149327.282136,False
2.6,30,149372.287988,True
0.0,30,149420.498579,False
2.8,30,149467.97438,True
2.9,30,149512.919466,True
2.8,30,149568.533149,True
1.1,30,149612.748935,True
2.3,30,149663.152238,True
2.9,30,149709.547108,True
0.0,30,149753.10957,False
0.0,30,149799.983553,False
2.4,30,150130.460259,True
0.0,30,150179.413313,False
0.0,30,150221.128111,False
0.0,30,150268.373971,False
0.0,30,150314.385886,False
2.8,30,150369.743543,True
0.0,30,150415.102942,False
2.0,30,150459.460238,True
2.7,30,150506.864384,True
2.6,30,150558.641303,True
1.7,30,150603.700622,True
0.0,30,150647.688941,False
1.8,30,150689.288675,True
0.0,30,150733.899562,False
2.8,30,150781.468858,True
0.0,30,150847.117401,False
0.0,30,150890.115671,False
0.0,30,150938.916112,False
0.0,30,150985.774835,False
0.0,30,151030.301986,False
0.0,30,151075.157569,False
0.0,30,151124.135479,False
0.0,30,151168.000839,False
0.0,30,151210.580671,False
0.0,30,151257.31968,False
2.4,30,151310.342157,True
0.0,30,151360.681928,False
0.9,30,151402.081313,True
2.6,30,151448.267821,True
2.7,30,151497.060298,True
0.0,30,151539.835018,False
0.0,30,151585.592114,False
2.7,30,151632.992337,True
2.7,30,151679.666085,True
0.0,30,151725.760612,False
2.8,30,152042.623073,True
2.6,30,152104.782528,True
0.0,30,152153.577256,False
0.0,30,152203.267311,False
2.8,30,152251.19375,True
0.0,30,152300.364131,False
2.8,30,152346.532849,True
0.0,30,152393.115361,False
2.1,30,152450.13634,True
0.0,30,152496.952526,False
0.0,30,152548.260799,False
0.0,30,152594.779052,False
0.0,30,152642.508889,False
0.0,30,152690.253618,False
2.9,30,152734.573177,True
2.5,30,152781.925871,True
0.0,30,152827.578143,False
0.0,30,152879.021675,False
0.0,30,152924.955907,False
2.7,30,152971.391294,True
0.0,30,153015.079038,False
2.7,30,153054.370624,True
0.0,30,153149.974767,False
2.5,30,153199.613885,True
0.0,30,153242.149274,False
2.2,30,153289.215954,False
0.0,30,153338.73195,False
0.0,30,153384.226479,False
1.0,30,153433.069194,True
2.6,30,153491.134407,True
1.4,30,153537.93149,True
0.0,30,153590.794436,False
0.0,30,153635.786039,False
0.0,30,153679.61999,False
0.0,30,154014.726023,False
0.0,30,154060.995236,False
0.0,30,154107.545526,False
0.9,30,154149.432272,False
2.3,30,154197.674599,True
2.7,30,154254.634593,True
2.8,30,154303.969629,True
0.0,30,154350.758159,False
0.0,30,154397.393825,False
2.6,30,154449.243829,True
0.0,30,154500.523683,False
0.0,30,154544.593421,False
0.0,30,154597.073089,False
2.2,30,154646.036457,True
2.4,30,154694.36542,True
2.3,30,154736.685553,True
2.6,30,154779.708476,True
2.6,30,154825.853628,True
2.7,30,154869.944866,True
0.0,30,154912.173042,False
0.0,30,154979.505994,False
0.0,30,155025.477041,False
0.0,30,155071.80388,False
1.7,30,155119.167991,True
1.7,30,155165.169589,False
0.0,30,155211.222775,False
0.0,30,155269.794907,False
0.5,30,155317.698062,False
0.0,30,155361.396602,False
2.8,30,155402.948804,True
1.9,30,155446.169478,True
0.0,30,155490.140275,False
2.6,30,155535.69183,True
0.0,30,155584.428531,False
0.0,30,155930.091285,False
3.0,30,155972.914588,True
3.0,30,156019.219863,True
0.0,30,156062.21937,False
2.5,30,156107.831106,True
3.0,30,156159.825361,True
2.6,30,156217.512341,True
2.1,30,156278.67128,True
2.2,30,156325.10777,True
2.6,30,156374.989926,True
2.4,30,156430.387287,True
2.6,30,156473.323718,True
0.0,30,156526.263715,False
0.4,30,156575.639045,True
2.1,30,156624.867741,True
0.0,30,156676.598703,False
0.0,30,156718.02101,False
2.7,30,156765.752069,True
2.1,30,156817.743799,True
2.0,30,156860.79795,True
0.0,30,156905.371387,False
2.9,30,156954.345303,True
2.7,30,157002.104406,True
2.8,30,157049.872888,True
2.6,30,157114.20412,True
2.6,30,157159.137196,True
2.8,30,157203.410575,True
2.7,30,157250.533934,True
0.0,30,157296.957701,False
2.8,30,157346.061751,True
2.5,30,157394.578951,True
2.8,30,157443.01093,True
3.0,30,157489.594638,True
0.0,30,157534.493962,False
2.6,30,157899.332154,True
2.7,30,157948.221316,True
0.0,30,157995.480884,False
1.7,30,158056.098809,True
0.0,30,158100.40421,False
0.0,30,158144.539495,False
0.0,30,158193.255129,False
2.3,30,158243.251933,True
3.0,30,158290.368709,True
2.9,30,158339.163583,True
2.8,30,158391.146364,True
0.0,30,158436.192564,False
0.0,30,158479.52664,False
2.9,30,158525.345577,True
2.2,30,158570.376761,True
2.4,30,158611.78546,True
2.9,30,158658.841373,True
0.0,30,158706.34951,False
0.2,30,158760.105373,False
0.0,30,158813.738267,False
1.5,30,158858.665617,True
0.0,30,158905.37956,False
0.9,30,158951.569278,True
2.0,30,159000.779985,True
2.6,30,159047.028573,True
0.0,30,159097.478203,False
0.0,30,159145.143317,False
1.9,30,159185.495275,True
0.0,30,159234.53945,False
2.8,30,159283.881271,True
0.0,30,159328.489817,False
0.0,30,159375.660766,False
0.0,30,159422.695222,False
2.3,30,159468.618934,True
0.0,30,159821.481812,False
0.0,30,159865.728946,False
0.0,30,159913.789059,False
0.0,30,159976.330544,False
0.9,30,160038.12513,True
2.2,30,160086.01319,True
0.0,30,160131.785149,False
0.0,30,160178.235187,False
0.0,30,160225.950822,False
2.8,30,160277.453396,True
0.0,30,160321.558676,False
0.0,30,160364.598325,False
0.0,30,160414.851742,False
0.0,30,160463.642841,False
2.7,30,160510.941348,True
0.0,30,160552.474547,False
2.9,30,160600.486011,True
0.0,30,160646.716263,False
0.0,30,160694.829662,False
0.0,30,160750.310037,False
2.1,30,160799.34947,True
0.0,30,160849.512733,False
0.0,30,160895.996661,False
2.8,30,160944.105411,True
2.6,30,160988.764793,True
0.0,30,161035.420523,False
0.0,30,161095.919775,False
2.8,30,161139.551304,True
2.7,30,161187.562494,True
2.6,30,161233.602831,True
0.0,30,161292.05065,False
0.0,30,161333.272068,False
0.0,30,161374.342012,False
2.4,30,161446.863744,True
0.0,30,161750.838359,False
0.0,30,161798.752935,False
2.6,30,161847.197378,True
0.0,30,161892.039033,False
2.6,30,161940.644847,True
0.0,30,161990.250021,False
2.8,30,162035.168514,True
0.0,30,162083.934501,False
0.0,30,162131.251257,False
0.0,30,162178.777826,False
2.0,30,162236.630539,False
0.0,30,162286.98248,False
0.0,30,162330.591454,False
0.0,30,162381.355907,False
2.8,30,162428.142277,True
2.3,30,162474.904489,True
0.0,30,162519.651856,False
2.4,30,162568.152094,True
0.0,30,162617.615304,False
2.8,30,162663.036456,True
2.7,30,162714.21643,True
2.7,30,162762.545023,True
2.8,30,162810.325343,True
2.8,30,162855.988797,True
0.0,30,162906.180212,False
0.0,30,162955.790384,False
2.2,30,162999.419797,True
2.6,30,163056.47935,True
0.0,30,163100.652714,False
0.0,30,163147.241765,False
0.0,30,163195.187841,False
0.0,30,163239.324808,False
0.0,30,163285.078286,False
0.0,30,163332.874293,False
0.0,30,163650.066435,False
2.7,30,163694.401855,True
2.7,30,163736.364826,True
0.0,30,163784.491525,False
0.0,30,163830.900229,False
2.6,30,163878.989022,True
2.1,30,163928.098059,True
0.0,30,163977.97072,False
0.0,30,164019.748266,False
0.0,30,164063.630713,False
0.0,30,164114.618092,False
2.5,30,164163.720152,True
0.0,30,164215.728837,False
1.4,30,164262.200732,True
0.0,30,164307.219574,False
2.4,30,164351.154317,True
2.5,30,164401.759711,True
0.0,30,164450.162008,False
0.0,30,164494.837276,False
0.0,30,164544.819447,False
2.9,30,164596.048285,True
0.0,30,164642.087356,False
0.0,30,164695.410172,False
0.0,30,164743.610153,False
2.7,30,164789.481817,True
2.3,30,164841.52862,True
0.9,30,164892.10575,True
0.0,30,164947.602823,False
0.0,30,164993.74655,False
2.3,30,165046.299178,True
2.7,30,165089.548104,True
0.0,30,165134.083678,False
0.0,30,165180.782529,False
2.3,30,165231.697343,True
2.0,30,165537.484999,True
0.0,30,165582.59501,False
0.0,30,165627.200479,False
2.9,30,165670.975003,True
0.0,30,165718.142076,False
0.0,30,165773.231979,False
0.0,30,165819.704616,False
1.8,30,165874.298301,True
0.0,30,165919.872488,False
2.7,30,165965.214619,True
2.8,30,166013.068905,True
2.7,30,166069.552828,True
2.2,30,166115.091345,True
2.8,30,166161.830542,True
0.0,30,166215.055494,False
0.0,30,166268.970196,False
0.0,30,166317.254748,False
2.8,30,166364.211715,True
0.0,30,166416.481889,False
0.0,30,166467.701512,False
2.6,30,166515.941216,True
0.0,30,166560.925334,False
0.0,30,166607.995278,False
0.0,30,166656.127802,False
2.4,30,166704.097037,True
2.5,30,166748.386243,True
2.7,30,166791.997497,True
0.2,30,166834.892093,False
0.0,30,166879.353415,False
2.5,30,166925.173315,True
0.0,30,166975.736022,False
2.2,30,167020.519081,True
2.6,30,167064.853431,True
0.0,30,167114.026462,False
0.0,30,167157.307776,False
2.5,30,167467.263614,True
0.0,30,167511.289063,False
2.9,30,167554.732962,True
2.0,30,167604.454347,True
2.3,30,167649.389633,True
2.6,30,167697.381741,True
3.0,30,167744.159576,True
2.8,30,167788.592784,True
0.0,30,167830.041049,False
2.7,30,167880.633672,True
2.3,30,167923.904798,True
2.5,30,167963.372285,True
3.0,30,168008.035157,True
0.0,30,168056.422968,False
0.0,30,168105.265918,False
1.0,30,168152.772875,True
2.4,30,168201.423112,True
1.9,30,168247.935053,True
0.0,30,168293.598059,False
2.3,30,168342.005462,True
2.5,30,168385.879227,True
2.8,30,168433.23274,True
0.0,30,168486.23941,False
2.8,30,168530.196281,True
2.8,30,168573.336106,True
2.7,30,168624.470058,True
1.4,30,168668.152414,True
2.9,30,168709.394786,True
0.0,30,168755.686764,False
0.0,30,168804.932726,False
1.7,30,168849.78253,True
0.4,30,168905.234426,True
2.9,30,168948.5316,True
0.0,30,168992.634531,False
2.3,30,169294.177789,True
0.0,30,169342.65909,False
2.8,30,169388.130561,True
0.0,30,169435.685106,False
2.3,30,169477.924412,True
1.9,30,169527.37836,True
3.0,30,169577.015691,True
1.6,30,169622.38445,True
2.8,30,169666.84433,False
2.4,30,169716.238112,True
1.5,30,169763.351124,True
2.9,30,169812.418824,True
2.8,30,169856.396102,True
2.8,30,169902.29889,True
2.8,30,169954.671053,True
0.0,30,170001.88901,False
0.0,30,170045.335051,False
0.0,30,170093.538984,False
0.0,30,170139.499195,False
0.0,30,170184.918617,False
0.0,30,170231.362382,False
0.5,30,170287.067914,True
0.0,30,170334.743003,False
2.2,30,170376.475733,True
0.0,30,170419.56092,False
2.6,30,170469.879227,True
0.0,30,170513.664433,False
0.0,30,170554.583019,False
0.0,30,170602.415485,False
2.7,30,170644.670082,True
2.7,30,170711.652863,True
1.5,30,170761.831593,True
2.4,30,170808.132702,True
2.6,30,170870.860696,True
0.0,30,171159.66933,False
0.0,30,171205.702726,False
2.5,30,171249.383799,True
0.0,30,171293.683141,False
2.5,30,171343.206269,True
2.3,30,171390.682359,True
3.0,30,171435.167954,True
0.0,30,171475.907932,False
2.7,30,171521.738261,True
2.6,30,171563.570844,True
2.8,30,171606.637498,True
2.7,30,171656.183971,True
0.0,30,171702.683143,False
2.7,30,171750.595377,True
0.0,30,171801.296945,False
0.0,30,171847.900738,False
2.5,30,171894.301439,True
2.5,30,171941.507914,True
2.6,30,171994.324246,True
0.0,30,172036.579408,False
2.9,30,172091.505539,True
2.8,30,172139.394758,True
0.0,30,172186.338168,False
2.3,30,172233.882832,False
2.9,30,172289.001009,True
2.8,30,172329.783607,True
0.0,30,172376.450541,False
0.0,30,172423.787288,False
0.0,30,172470.114954,False
1.1,30,172519.910696,True
0.0,30,172576.453294,False
2.4,30,172624.050957,True
2.7,30,172671.176571,True
0.0,30,172716.80522,False
0.0,30,172990.728805,False
2.5,30,173036.004476,True
2.6,30,173084.285399,True
2.9,30,173125.897122,True
2.6,30,173169.348969,True
0.0,30,173220.545892,False
2.8,30,173264.956028,True
0.0,30,173313.924261,False
2.8,30,173358.349618,True
2.5,30,173409.825975,True
0.0,30,173452.251761,False
0.0,30,173504.785347,False
0.0,30,173552.962019,False
2.3,30,173599.490521,True
1.7,30,173645.264981,True
2.8,30,173685.575084,True
3.0,30,173730.634844,True
0.0,30,173772.969001,False
2.8,30,173818.449774,True
0.0,30,173865.617278,False
2.8,30,173900.966574,True
2.4,30,173945.833021,True
1.6,30,173990.20754,True
0.0,30,174043.93665,False
2.6,30,174084.686883,True
2.6,30,174130.389724,True
0.0,30,174176.729147,False
2.9,30,174226.898586,True
0.0,30,174281.35237,False
0.0,30,174325.82078,False
0.0,30,174378.629647,False
2.8,30,174433.92186,True
2.9,30,174485.13104,True
0.5,30,174531.4914,True
2.3,30,174818.539623,True
2.6,30,174863.589221,True
0.0,30,174908.587848,False
2.6,30,174951.536937,True
0.0,30,174996.69409,False
3.0,30,175040.139392,True
2.5,30,175086.518149,True
2.8,30,175132.773822,True
0.0,30,175189.111008,False
0.0,30,175230.996266,False
0.0,30,175277.123271,False
0.0,30,175318.711032,False
0.0,30,175363.077187,False
1.2,30,175408.055227,True
2.8,30,175452.535279,True
0.0,30,175498.309505,False
0.0,30,175541.067376,False
0.0,30,175587.740451,False
0.0,30,175633.665152,False
0.0,30,175679.420104,False
0.0,30,175724.299366,False
0.0,30,175771.527208,False
3.0,30,175815.310587,True
0.0,30,175862.620945,False
0.0,30,175904.498826,False
1.9,30,175948.040818,True
2.6,30,175994.032037,True
3.0,30,176038.833905,True
2.8,30,176088.092604,True
0.0,30,176135.70406,False
2.7,30,176178.824941,True
0.0,30,176216.423914,False
2.6,30,176263.115543,True
0.0,30,176308.466689,False
0.0,30,176581.144524,False
0.0,30,176628.935757,False
2.7,30,176675.244947,True
2.5,30,176723.343096,True
2.9,30,176765.345891,True
2.9,30,176807.473665,True
2.2,30,176856.973478,True
2.5,30,176906.782026,True
3.0,30,176952.009699,True
0.0,30,177008.785581,False
0.0,30,177057.234083,False
2.0,30,177102.672123,True
2.4,30,177144.153037,True
3.0,30,177189.374826,True
0.0,30,177235.448188,False
2.7,30,177284.647704,True
2.8,30,177333.453782,True
0.0,30,177385.956302,False
0.0,30,177432.710048,False
0.0,30,177476.653682,False
3.0,30,177525.470831,True
2.3,30,177575.192984,True
0.0,30,177616.231439,False
2.2,30,177659.548894,True
2.5,30,177700.659412,True
0.0,30,177747.092884,False
2.9,30,177786.315881,True
2.4,30,177828.925722,True
0.0,30,177872.186954,False
3.0,30,177920.933817,True
0.0,30,177965.943847,False
0.0,30,178007.423313,False
0.0,30,178049.548675,False
0.0,30,178090.918118,False
0.9,30,178389.808287,True
2.6,30,178441.306566,True
2.3,30,178490.023033,True
0.0,30,178535.13981,False
2.5,30,178585.42695,True
0.0,30,178626.295692,False
2.5,30,178670.711699,True
0.0,30,178721.728949,False
0.0,30,178782.157053,False
0.0,30,178827.609314,False
2.9,30,178879.137119,True
0.0,30,178923.821798,False
0.0,30,178967.191537,False
2.6,30,179016.301983,True
2.4,30,179059.774472,True
1.4,30,179109.037781,True
2.8,30,179160.004311,True
2.6,30,179202.979377,True
2.8,30,179253.353992,True
1.8,30,179296.896879,False
2.7,30,179337.704313,True
0.0,30,179383.263356,False
0.0,30,179433.429547,False
2.7,30,179481.743109,True
2.3,30,179525.96243,True
2.7,30,179576.462603,True
0.0,30,179624.993538,False
2.7,30,179671.766287,True
0.0,30,179714.780462,False
2.7,30,179762.084533,True
0.0,30,179808.294875,False
0.0,30,179856.106533,False
2.8,30,179905.185362,True
2.5,30,179951.890232,True
2.7,30,180000.009615,True
2.1,30,180358.029301,True
0.0,30,180406.47703,False
0.0,30,180457.009244,False
2.8,30,180501.666235,True
2.7,30,180546.001338,True
2.3,30,180593.65028,True
0.0,30,180639.834782,False
0.0,30,180686.437796,False
0.0,30,180742.8273,False
2.5,30,180788.234869,True
3.0,30,180835.57354,True
2.5,30,180884.126085,True
2.8,30,180929.728554,True
0.0,30,180978.541564,False
2.4,30,181026.696319,True
2.5,30,181074.454418,True
2.7,30,181120.79723,True
0.0,30,181167.629168,False
0.0,30,181208.027219,False
0.0,30,181256.51801,False
0.0,30,181310.393811,False
0.0,30,181355.407969,False
2.1,30,181403.477455,True
0.0,30,181449.649515,False
1.9,30,181497.579238,True
2.6,30,181541.849181,True
0.0,30,181591.138583,False
2.0,30,181632.765953,True
2.5,30,181681.598247,True
2.8,30,181726.966801,True
0.0,30,181770.834262,False
0.0,30,181816.426961,False
0.0,30,181861.37874,False
0.0,30,181906.402485,False
0.0,30,182273.008983,False
0.0,30,182323.60112,False
2.7,30,182371.778266,True
2.5,30,182422.874812,True
0.0,30,182466.534272,False
0.0,30,182507.304105,False
0.0,30,182564.35206,False
0.0,30,182609.051888,False
2.6,30,182659.009147,True
2.2,30,182705.496686,True
2.4,30,182750.904455,True
0.0,30,182795.706872,False
2.7,30,182844.638531,True
0.0,30,182894.788843,False
0.0,30,182940.94762,False
0.0,30,182982.456458,False
0.0,30,183032.429623,False
0.0,30,183078.152665,False
0.4,30,183124.602004,True
0.0,30,183170.397053,False
2.6,30,183214.199309,True
0.0,30,183260.232444,False
2.7,30,183307.940986,True
3.0,30,183354.018863,True
2.4,30,183410.010285,True
0.0,30,183483.399647,False
2.7,30,183529.213636,True
3.0,30,183575.647557,True
2.0,30,183633.066687,True
0.0,30,183684.11393,False
0.0,30,183727.317758,False
2.8,30,183776.236946,True
2.6,30,183821.885798,True
2.3,30,183871.95415,True
0.0,30,184214.095675,False
2.5,30,184254.796595,True
2.4,30,184300.596571,True
2.7,30,184344.610634,True
0.0,30,184388.230764,False
0.0,30,184434.593655,False
3.0,30,184481.779694,True
0.0,30,184525.841914,False
2.9,30,184572.186562,True
2.6,30,184621.085319,True
2.7,30,184671.068495,True
0.0,30,184714.171807,False
2.6,30,184759.850831,True
0.0,30,184801.571935,False
0.0,30,184850.881422,False
2.5,30,184907.257464,True
0.0,30,184958.436507,False
0.0,30,185006.83403,False
0.0,30,185052.938663,False
2.8,30,185098.232297,True
0.0,30,185143.970156,False
2.7,30,185190.455957,True
0.0,30,185250.558179,False
2.7,30,185310.787285,True
0.0,30,185360.058108,False
0.0,30,185404.041183,False
3.0,30,185448.868546,True
1.4,30,185491.327314,True
0.0,30,185532.643586,False
0.0,30,185576.617558,False
0.0,30,185624.551137,False
2.7,30,185669.819419,True
0.0,30,185712.428185,False
0.0,30,185759.342006,False
2.8,30,186137.071666,True
2.3,30,186184.036705,True
0.0,30,186244.037808,False
2.6,30,186290.397788,True
0.0,30,186339.583044,False
2.6,30,186385.37156,True
2.6,30,186434.81363,True
2.0,30,186477.18576,True
2.8,30,186529.553061,True
2.3,30,186582.515813,True
0.0,30,186628.518957,False
2.3,30,186684.364898,True
0.0,30,186736.161198,False
0.0,30,186788.546182,False
2.6,30,186834.397156,True
0.0,30,186879.265156,False
2.7,30,186932.258169,True
0.0,30,186976.941607,False
3.0,30,187023.703183,True
0.0,30,187067.205664,False
0.0,30,187118.069767,False
0.0,30,187161.967775,False
2.7,30,187208.388602,True
0.0,30,187270.488376,False
0.0,30,187318.083412,False
2.5,30,187362.428842,True
2.7,30,187407.21459,True
0.9,30,187457.215823,True
0.0,30,187498.90667,False
2.6,30,187542.807608,True
2.7,30,187586.689716,True
2.5,30,187632.999476,True
0.5,30,187684.876348,True
2.6,30,187730.524938,True
2.8,30,188100.98789,True
2.2,30,188151.419249,True
0.0,30,188198.906071,False
0.0,30,188247.400803,False
0.0,30,188292.167696,False
1.9,30,188334.730251,True
0.0,30,188381.896076,False
2.6,30,188432.654045,True
1.7,30,188479.827995,False
2.8,30,188526.966,True
0.5,30,188568.985517,False
0.0,30,188618.716243,False
0.0,30,188662.546219,False
0.0,30,188712.536523,False
2.8,30,188760.654532,True
0.0,30,188811.34199,False
2.7,30,188867.857576,True
0.0,30,188913.031988,False
0.0,30,188960.757064,False
0.0,30,189009.092904,False
0.0,30,189064.142978,False
0.0,30,189111.909609,False
0.0,30,189155.933295,False
0.0,30,189208.117932,False
0.0,30,189261.33698,False
2.8,30,189307.186137,True
0.0,30,189351.434502,False
2.8,30,189401.550987,True
0.0,30,189448.215181,False
2.3,30,189493.674528,True
2.5,30,189537.831572,True
0.0,30,189590.142625,False
2.7,30,189635.799684,True
0.0,30,189687.155056,False
0.0,30,190017.183125,False
2.6,30,190062.930571,True
2.7,30,190109.344599,True
0.0,30,190156.442209,False
0.0,30,190203.69076,False
0.0,30,190247.464501,False
2.2,30,190292.389163,True
0.0,30,190338.127909,False
2.7,30,190385.651549,True
0.0,30,190442.109066,False
0.0,30,190489.366187,False
0.0,30,190534.795333,False
0.0,30,190581.801765,False
2.8,30,190628.618543,True
0.0,30,190675.824813,False
0.0,30,190727.779417,False
0.0,30,190778.630255,False
1.9,30,190826.97766,True
0.0,30,190871.576487,False
0.0,30,190919.459606,False
0.0,30,190971.861668,False
0.0,30,191011.970581,False
2.7,30,191060.540173,True
2.2,30,191106.97502,True
0.0,30,191151.498627,False
0.0,30,191199.240762,False
2.7,30,191246.415071,True
0.0,30,191291.19998,False
2.9,30,191352.943747,True
0.0,30,191408.115974,False
1.9,30,191459.169381,True
1.3,30,191506.65641,True
0.0,30,191555.201276,False
0.0,30,191601.640909,False
2.8,30,191946.392907,True
2.2,30,191996.865195,True
0.0,30,192044.203936,False
0.0,30,192091.756704,False
0.0,30,192137.585968,False
0.0,30,192179.556546,False
0.0,30,192225.961298,False
0.0,30,192268.848374,False
0.0,30,192313.811388,False
0.0,30,192356.998691,False
0.0,30,192402.60592,False
0.0,30,192444.324798,False
1.5,30,192490.020621,True
3.0,30,192531.210109,True
0.0,30,192578.705025,False
0.0,30,192626.731107,False
2.7,30,192672.151375,True
2.3,30,192716.816203,True
0.0,30,192769.524483,False
2.6,30,192815.519041,True
2.3,30,192858.679138,True
0.0,30,192900.591965,False
2.0,30,192949.117031,True
1.5,30,192999.828003,True
2.7,30,193048.191,True
0.0,30,193094.050986,False
2.5,30,193140.332812,True
2.8,30,193186.169973,True
1.1,30,193231.014406,True
2.8,30,193276.079227,True
2.6,30,193320.266675,True
0.0,30,193364.601796,False
2.8,30,193409.274288,True
0.0,30,193473.482093,False
2.6,30,193837.177814,True
0.0,30,193880.94189,False
3.0,30,193929.131371,True
0.0,30,193974.404631,False
1.5,30,194027.500506,True
2.5,30,194080.174678,True
2.8,30,194125.201769,True
2.9,30,194176.065628,True
2.6,30,194223.148519,True
0.0,30,194272.290309,False
2.3,30,194318.373606,True
2.8,30,194363.676176,True
0.0,30,194411.581086,False
2.6,30,194461.478653,True
2.3,30,194510.78848,True
0.0,30,194557.438975,False
2.8,30,194603.207295,True
2.4,30,194652.529066,True
2.9,30,194702.354157,True
2.4,30,194747.486888,True
0.0,30,194793.430053,False
2.8,30,194844.55475,True
0.0,30,194887.189865,False
2.9,30,194933.313176,True
2.8,30,194983.820158,True
0.9,30,195026.946697,True
0.0,30,195069.724887,False
2.5,30,195122.414987,True
0.2,30,195172.40933,False
2.8,30,195220.65679,True
2.4,30,195270.715001,True
0.0,30,195322.833407,False
0.0,30,195377.932444,False
2.7,30,195423.730487,True
0.0,30,195467.277068,False
0.0,30,195814.865756,False
0.0,30,195861.311591,False
0.0,30,195910.748037,False
0.0,30,195963.505276,False
2.9,30,196018.612349,True
2.2,30,196064.682974,True
2.1,30,196110.834596,True
0.0,30,196152.511425,False
2.7,30,196200.547886,True
1.0,30,196247.394672,True
0.0,30,196309.750362,False
2.7,30,196358.2201,True
0.0,30,196416.100945,False
1.6,30,196464.576582,True
0.0,30,196512.63791,False
0.0,30,196564.670418,False
0.0,30,196609.274415,False
2.9,30,196658.920245,True
2.8,30,196708.163561,True
0.0,30,196757.579383,False
0.0,30,196807.639244,False
2.8,30,196859.639444,True
0.0,30,196904.2485,False
2.8,30,196945.538989,True
0.0,30,196991.737696,False
0.0,30,197039.636236,False
2.3,30,197087.680264,True
0.0,30,197135.620797,False
3.0,30,197186.820873,True
0.0,30,197233.439859,False
2.8,30,197286.319314,True
0.0,30,197338.780635,False
2.8,30,197392.91544,True
2.6,30,197441.769869,True
0.0,30,197757.162083,False
1.8,30,197800.981567,True
2.4,30,197845.681391,True
0.0,30,197889.873626,False
0.0,30,197936.654082,False
0.0,30,197982.269039,False
0.0,30,198024.774533,False
2.6,30,198071.192746,True
2.7,30,198113.44263,True
1.7,30,198160.482516,True
2.7,30,198211.076647,True
2.6,30,198259.925008,True
0.0,30,198313.371069,False
2.2,30,198369.528754,True
2.8,30,198420.404462,True
0.0,30,198471.471968,False
0.0,30,198518.97907,False
2.7,30,198564.764779,True
0.0,30,198611.538884,False
2.5,30,198659.93723,True
0.0,30,198718.638745,False
2.5,30,198764.976142,True
0.0,30,198820.929419,False
0.0,30,198865.558151,False
0.0,30,198913.715451,False
2.8,30,198954.736547,True
1.6,30,199002.571342,True
3.0,30,199050.498578,True
0.0,30,199099.933125,False
0.0,30,199151.668371,False
2.5,30,199204.128371,True
0.0,30,199256.756944,False
0.0,30,199307.600943,False
0.0,30,199348.0177,False
0.0,30,199683.049044,False
0.0,30,199727.905668,False
0.0,30,199782.045844,False
2.2,30,199828.57822,True
0.0,30,199876.532013,False
2.6,30,199925.227262,True
0.0,30,199968.54477,False
0.0,30,200062.712719,False
0.0,30,200109.172227,False
2.6,30,200155.244407,True
0.0,30,200200.674911,False
0.0,30,200243.048789,False
0.0,30,200288.907777,False
3.0,30,200334.324548,True
2.7,30,200382.429831,True
2.4,30,200430.563233,True
2.8,30,200477.694096,True
0.0,30,200526.892611,False
0.0,30,200573.26656,False
0.0,30,200624.094942,False
0.0,30,200669.625466,False
0.0,30,200714.840668,False
2.7,30,200769.097071,True
2.1,30,200813.1634,True
2.7,30,200856.52501,True
3.0,30,200913.385673,True
2.6,30,200968.305623,True
0.0,30,201023.55628,False
1.5,30,201073.85794,True
0.0,30,201118.294293,False
2.6,30,201164.420375,True
0.0,30,201207.997733,False
0.0,30,201254.339624,False
2.1,30,201299.828198,True
0.0,30,201648.795743,False
0.0,30,201698.960831,False
0.0,30,201752.82977,False
1.9,30,201806.969359,True
0.0,30,201857.220515,False
2.6,30,201902.694445,True
2.1,30,201942.0047,True
0.6,30,201987.205446,True
0.0,30,202033.136382,False
2.7,30,202073.548859,True
0.0,30,202124.522364,False
2.6,30,202175.107323,True
0.0,30,202219.809796,False
0.0,30,202272.304418,False
1.7,30,202318.267608,True
2.8,30,202362.14718,True
1.6,30,202405.119057,False
2.9,30,202447.638811,True
0.0,30,202501.630849,False
0.0,30,202548.425912,False
2.6,30,202591.664989,True
0.0,30,202638.078414,False
1.8,30,202683.666818,True
2.9,30,202733.87599,True
2.5,30,202786.458594,True
2.7,30,202830.309137,True
0.0,30,202872.814921,False
2.8,30,202918.901198,True
0.0,30,202960.940885,False
2.3,30,203007.441372,True
3.0,30,203053.085199,True
0.0,30,203100.778887,False
2.2,30,203146.679842,True
3.0,30,203198.047734,True
0.0,30,203544.520343,False
0.0,30,203592.840192,False
2.7,30,203649.472323,True
0.0,30,203699.169269,False
2.7,30,203765.975508,True
2.8,30,203811.081178,True
0.0,30,203865.350721,False
0.0,30,203911.693096,False
0.0,30,203959.903634,False
0.0,30,204007.254853,False
0.0,30,204053.062329,False
2.1,30,204103.070278,True
3.0,30,204144.885138,True
0.0,30,204197.611054,False
2.6,30,204240.885184,True
2.8,30,204289.295956,True
0.0,30,204336.530784,False
0.0,30,204382.231945,False
1.5,30,204427.831342,True
2.7,30,204473.323569,True
0.0,30,204520.31179,False
0.0,30,204575.136553,False
1.5,30,204621.141586,True
2.8,30,204673.036878,True
0.0,30,204719.65273,False
3.0,30,204760.955192,True
0.0,30,204806.003762,False
0.0,30,204859.126126,False
0.0,30,204905.25324,False
2.8,30,204944.19413,True
0.0,30,204986.785228,False
0.9,30,205033.434418,True
0.0,30,205080.699139,False
0.0,30,205129.239643,False
0.0,30,205461.722173,False
3.0,30,205506.024502,True
2.7,30,205555.020233,True
2.4,30,205600.808173,True
2.2,30,205648.991637,True
2.6,30,205699.364195,True
0.0,30,205747.123977,False
0.0,30,205797.098466,False
2.7,30,205844.470512,True
1.1,30,205887.198153,True
1.6,30,205932.34945,True
2.3,30,205982.943409,True
2.7,30,206032.897566,True
2.7,30,206077.895106,True
2.9,30,206124.78574,True
0.0,30,206176.946963,False
2.8,30,206222.729931,True
2.7,30,206268.432999,True
3.0,30,206316.20119,True
0.0,30,206365.010581,False
0.9,30,206414.320186,True
0.0,30,206462.768013,False
2.7,30,206506.537325,True
0.0,30,206553.947377,False
2.8,30,206609.737278,True
0.0,30,206657.397462,False
3.0,30,206700.665578,True
1.8,30,206753.04381,True
2.8,30,206797.931689,True
0.0,30,206852.594061,False
2.6,30,206897.927336,True
3.0,30,206949.899966,True
0.0,30,206996.810737,False
0.0,30,207045.117924,False
0.0,30,207377.959732,False
2.8,30,207425.426245,True
0.0,30,207470.755651,False
2.7,30,207524.198278,True
2.1,30,207568.267345,True
0.0,30,207620.105237,False
2.9,30,207665.629735,True
0.0,30,207709.319715,False
2.8,30,207755.223663,True
0.0,30,207800.360941,False
0.0,30,207847.971279,False
1.7,30,207890.21849,False
0.0,30,207945.727606,False
0.0,30,207993.84041,False
2.0,30,208036.236487,True
2.9,30,208084.172866,True
3.0,30,208127.903905,True
2.8,30,208170.627606,True
2.8,30,208211.442264,True
2.8,30,208262.437033,True
1.2,30,208309.704826,True
2.4,30,208360.310957,True
0.0,30,208405.630617,False
2.8,30,208457.511538,True
0.0,30,208504.138716,False
0.0,30,208545.558328,False
0.0,30,208589.668725,False
0.0,30,208634.471158,False
2.8,30,208684.811368,True
2.0,30,208731.537673,True
0.0,30,208775.515574,False
0.0,30,208821.158023,False
0.0,30,208863.73184,False
2.6,30,208928.640841,True
2.5,30,208977.21823,True
2.7,30,209337.402261,True
0.3,30,209384.804883,True
2.4,30,209424.982664,True
2.7,30,209471.138158,True
0.0,30,209520.233215,False
2.4,30,209563.171849,True
2.5,30,209610.018142,True
3.0,30,209657.852112,True
0.0,30,209705.677783,False
2.6,30,209752.706731,True
2.4,30,209795.762176,True
2.9,30,209843.929657,True
0.0,30,209891.985621,False
2.5,30,209941.057739,True
0.0,30,209988.019515,False
2.7,30,210039.167738,True
2.8,30,210083.360375,True
0.0,30,210129.664269,False
0.0,30,210169.79703,False
3.0,30,210226.588927,True
2.7,30,210272.228546,True
1.1,30,210320.409019,True
2.4,30,210362.213279,True
0.0,30,210411.145627,False
2.7,30,210466.241906,True
2.2,30,210519.116933,True
2.6,30,210566.426975,True
1.7,30,210617.75657,True
2.3,30,210667.635885,True
2.5,30,210713.880716,True
2.7,30,210758.097188,True
0.0,30,210804.551181,False
0.0,30,210853.149264,False
0.0,30,210899.460953,False
3.0,30,211217.237134,True
2.3,30,211261.134516,True
1.1,30,211313.402536,True
0.0,30,211357.118891,False
0.0,30,211402.314675,False
0.0,30,211447.443908,False
2.8,30,211491.264647,True
0.0,30,211534.673152,False
0.0,30,211581.392741,False
0.0,30,211630.685874,False
1.5,30,211677.215285,True
0.0,30,211721.500563,False
0.0,30,211766.828753,False
2.2,30,211813.516198,True
2.7,30,211873.930431,True
2.6,30,211919.861454,True
0.0,30,211965.097066,False
0.0,30,212011.881505,False
2.7,30,212054.811209,True
0.0,30,212116.577641,False
2.5,30,212160.376798,True
0.0,30,212208.042404,False
0.0,30,212256.438509,False
2.7,30,212301.530715,True
0.0,30,212343.927045,False
2.8,30,212393.149019,True
0.0,30,212436.214626,False
2.5,30,212484.500789,True
0.0,30,212532.941894,False
0.0,30,212586.607409,False
2.3,30,212635.562678,True
2.4,30,212677.660288,True
0.4,30,212725.767065,False
1.6,30,212769.435409,True
3.0,30,213099.448667,True
2.4,30,213147.052608,True
0.0,30,213199.879922,False
0.0,30,213250.645206,False
2.7,30,213302.885293,True
0.0,30,213346.654842,False
0.0,30,213394.652987,False
2.7,30,213442.815735,True
0.0,30,213488.802438,False
2.8,30,213530.921292,True
2.8,30,213571.647089,True
0.0,30,213652.89001,False
0.0,30,213699.124854,False
0.0,30,213743.658484,False
0.0,30,213817.32944,False
0.0,30,213862.162988,False
0.0,30,213901.696607,False
0.0,30,213959.251043,False
0.0,30,214006.740591,False
2.6,30,214055.168845,True
0.6,30,214102.331481,True
0.0,30,214148.381201,False
2.8,30,214189.447006,True
0.0,30,214230.299936,False
3.0,30,214274.168294,True
0.0,30,214328.719778,False
0.0,30,214375.935853,False
0.0,30,214417.402781,False
0.0,30,214460.606643,False
2.2,30,214514.050725,True
2.8,30,214554.969049,True
2.3,30,214602.721434,True
2.5,30,214649.277952,True
0.0,30,214690.631093,False
2.6,30,215022.860452,True
2.5,30,215068.990744,True
0.0,30,215114.099048,False
2.9,30,215159.721679,True
2.9,30,215202.426901,True
1.6,30,215244.090862,True
3.0,30,215287.851256,True
2.7,30,215374.345317,True
0.0,30,215433.147163,False
2.8,30,215479.723401,True
2.4,30,215525.636099,True
2.6,30,215574.11524,True
2.7,30,215620.038299,True
2.6,30,215666.508631,True
2.7,30,215720.64921,True
0.0,30,215772.103822,False
0.0,30,215820.040446,False
2.7,30,215865.385516,True
2.9,30,215912.414115,True
2.7,30,215958.916373,True
0.0,30,216008.571484,False
0.0,30,216051.917213,False
2.7,30,216102.986942,True
0.0,30,216153.230127,False
0.0,30,216199.95413,False
2.8,30,216245.266392,True
0.0,30,216287.645724,False
0.0,30,216336.633743,False
0.0,30,216381.959986,False
2.5,30,216422.073996,True
0.0,30,216466.355958,False
0.0,30,216518.191263,False
2.6,30,216563.131909,True
2.1,30,216613.742091,True
0.0,30,216934.699847,False
2.8,30,216976.328659,True
2.7,30,217022.56731,True
2.1,30,217069.508365,True
2.9,30,217118.787662,True
2.6,30,217165.974418,True
0.0,30,217216.479789,False
0.0,30,217267.453497,False
2.4,30,217322.231122,True
0.0,30,217369.416318,False
0.0,30,217422.997904,False
0.0,30,217468.463494,False
0.0,30,217513.394021,False
0.0,30,217561.74476,False
0.0,30,217605.232567,False
0.0,30,217648.936436,False
2.8,30,217695.431583,True
0.0,30,217739.775406,False
2.7,30,217784.683358,True
2.6,30,217837.232809,True
2.5,30,217880.959344,True
0.0,30,217922.92249,False
0.0,30,217967.65474,False
0.0,30,218019.455572,False
0.0,30,218062.103261,False
0.0,30,218111.423028,False
0.0,30,218159.644254,False
0.0,30,218209.343581,False
0.0,30,218254.811426,False
0.0,30,218300.04915,False
3.0,30,218346.999536,True
0.0,30,218390.442331,False
0.0,30,218435.236001,False
2.4,30,218479.226735,True
2.5,30,218778.329312,True
2.6,30,218826.347544,True
0.0,30,218893.326929,False
0.0,30,218930.848923,False
0.0,30,218974.951583,False
0.0,30,219021.324858,False
0.0,30,219064.163395,False
0.0,30,219118.547382,False
2.7,30,219162.581619,True
2.6,30,219211.870173,True
0.0,30,219256.253009,False
0.0,30,219303.700358,False
0.0,30,219349.777429,False
2.5,30,219399.779756,True
0.0,30,219446.850891,False
0.0,30,219496.455633,False
0.0,30,219543.09023,False
0.0,30,219590.492475,False
2.5,30,219645.712383,True
1.8,30,219694.38482,True
0.0,30,219741.117625,False
2.9,30,219785.220856,True
2.3,30,219828.444206,True
0.0,30,219875.667578,False
2.5,30,219919.20495,True
0.0,30,219971.265095,False
2.1,30,220018.548319,True
2.5,30,220066.218953,True
0.0,30,220112.608463,False
1.8,30,220154.566355,True
3.0,30,220206.500606,True
0.0,30,220251.40115,False
0.0,30,220300.229114,False
3.0,30,220355.477933,True
2.3,30,220668.565815,True
0.0,30,220723.167384,False
2.7,30,220773.768032,True
2.5,30,220828.279575,True
2.2,30,220871.690029,True
2.3,30,220915.854315,True
2.8,30,220960.736104,True
0.0,30,221004.122912,False
0.3,30,221046.48759,False
2.7,30,221087.240574,True
2.5,30,221129.598636,True
2.0,30,221167.900153,True
2.5,30,221212.403883,True
2.6,30,221257.857297,True
0.0,30,221304.853115,False
1.5,30,221352.111345,True
0.0,30,221395.786539,False
0.0,30,221442.382867,False
2.4,30,221483.550403,True
1.6,30,221527.657132,True
1.3,30,221573.653368,False
2.0,30,221621.518366,True
1.5,30,221667.714039,True
0.0,30,221711.067028,False
2.8,30,221757.317236,True
2.8,30,221810.045584,True
2.2,30,221854.068449,True
2.5,30,221897.685004,True
2.2,30,221947.51068,True
2.7,30,221996.048863,True
0.0,30,222043.200401,False
0.0,30,222086.583852,False
0.0,30,222127.173975,False
2.2,30,222173.001254,True
2.6,30,222489.475676,True
1.3,30,222536.585214,True
2.0,30,222585.101661,True
2.7,30,222627.369534,True
0.0,30,222670.474535,False
2.9,30,222714.215093,True
0.0,30,222756.900626,False
0.0,30,222800.061422,False
3.0,30,222842.79092,True
0.0,30,222888.417849,False
0.0,30,222929.342048,False
2.6,30,222977.657398,True
0.0,30,223027.250904,False
2.5,30,223071.546632,True
2.1,30,223119.402385,True
0.0,30,223166.250793,False
0.0,30,223217.436369,False
2.7,30,223266.475883,True
0.6,30,223311.583411,True
0.0,30,223362.593201,False
0.0,30,223413.613203,False
0.0,30,223463.084166,False
2.3,30,223503.082006,True
2.4,30,223544.211855,True
2.5,30,223590.916798,True
0.6,30,223639.043409,True
2.5,30,223683.327735,True
0.0,30,223729.324385,False
0.0,30,223773.615947,False
2.7,30,223820.746119,True
0.0,30,223870.893308,False
2.6,30,223920.104174,True
3.0,30,223966.981589,True
2.1,30,224017.301009,False
2.2,30,224063.304157,True
2.5,30,224399.835381,True
0.0,30,224439.08104,False
0.0,30,224484.415202,False
0.0,30,224526.460193,False
2.9,30,224573.41392,True
2.7,30,224625.60103,True
3.0,30,224672.107127,True
0.0,30,224722.191741,False
2.8,30,224764.758013,True
2.9,30,224808.136435,True
2.4,30,224852.683773,True
0.9,30,224898.876009,True
0.0,30,224948.405635,False
1.7,30,224995.458508,True
0.0,30,225042.135926,False
0.5,30,225090.033883,True
1.8,30,225138.082392,True
0.0,30,225181.183805,False
2.5,30,225229.259535,True
3.0,30,225274.132892,True
0.0,30,225317.025184,False
3.0,30,225360.974216,True
0.0,30,225407.994063,False
2.7,30,225452.743068,True
0.0,30,225499.40027,False
0.0,30,225548.370512,False
2.7,30,225594.854528,True
0.0,30,225646.855209,False
0.0,30,225695.348759,False
0.0,30,225747.091812,False
2.5,30,225797.864556,True
0.0,30,225841.293042,False
0.0,30,225885.232785,False
0.0,30,225930.323739,False
0.0,30,226217.352744,False
0.0,30,226263.249525,False
2.6,30,226304.499504,True
2.7,30,226343.170467,True
1.9,30,226390.311155,True
0.0,30,226435.089322,False
2.7,30,226486.715283,True
0.0,30,226531.800879,False
2.0,30,226579.645198,True
0.0,30,226626.279641,False
2.8,30,226673.693739,True
0.0,30,226717.665528,False
2.7,30,226761.13236,True
0.0,30,226810.927189,False
2.9,30,226857.288609,True
0.0,30,226901.85989,False
0.0,30,226944.990993,False
2.8,30,226989.833015,True
2.4,30,227047.977432,True
2.4,30,227094.806507,True
0.0,30,227145.241293,False
2.8,30,227198.935224,True
2.5,30,227249.977918,True
0.0,30,227301.226629,False
0.0,30,227343.956394,False
2.6,30,227386.374575,True
0.0,30,227435.429085,False
2.4,30,227482.213686,True
0.0,30,227526.596062,False
0.0,30,227569.29718,False
3.0,30,227611.762001,True
2.8,30,227657.1939,True
0.0,30,227702.01249,False
2.6,30,227746.818901,True
0.0,30,228043.464838,False
2.4,30,228086.635637,True
2.7,30,228136.327626,True
2.2,30,228187.678805,True
2.7,30,228231.628035,True
2.9,30,228276.738897,True
0.0,30,228323.168703,False
0.0,30,228373.538726,False
2.4,30,228414.796033,True
2.7,30,228459.876993,True
2.7,30,228507.549462,True
2.8,30,228556.518826,True
2.8,30,228604.347584,True
3.0,30,228651.936755,True
0.0,30,228697.511026,False
2.4,30,228744.500958,True
2.6,30,228802.162392,True
1.7,30,228844.117819,True
0.0,30,228889.706488,False
3.0,30,228941.324316,True
0.0,30,228991.29469,False
2.0,30,229037.431456,True
2.7,30,229081.680111,True
3.0,30,229127.219197,True
0.0,30,229172.85225,False
0.0,30,229220.795444,False
0.0,30,229258.778389,False
0.0,30,229334.023851,False
2.6,30,229386.471266,True
2.7,30,229429.142164,True
0.0,30,229470.703437,False
2.4,30,229517.92436,True
2.4,30,229567.726862,True
0.0,30,229616.965868,False
2.5,30,229921.437267,True
2.5,30,229971.798372,True
0.0,30,230015.658453,False
0.0,30,230066.077572,False
2.7,30,230113.211483,True
2.8,30,230156.727111,True
0.0,30,230201.319697,False
1.3,30,230243.230941,True
0.0,30,230294.374442,False
2.3,30,230337.532128,True
2.3,30,230390.805873,True
2.5,30,230434.746331,True
3.0,30,230477.259786,True
0.0,30,230521.826351,False
0.0,30,230569.838875,False
2.6,30,230618.733753,True
0.0,30,230664.247429,False
0.0,30,230706.935274,False
2.9,30,230751.079428,True
0.0,30,230790.399641,False
2.6,30,230839.393902,True
0.0,30,230887.891894,False
0.0,30,230935.147814,False
0.0,30,230985.379237,False
2.0,30,231046.482547,True
0.0,30,231098.45392,False
2.8,30,231153.137952,True
0.0,30,231201.310425,False
2.6,30,231240.399195,True
3.0,30,231281.858807,True
2.8,30,231335.451849,True
2.8,30,231387.520168,True
2.4,30,231435.195387,True
2.5,30,231479.634398,True
0.0,30,231755.46234,False
0.0,30,231799.903801,False
0.0,30,231845.130568,False
0.0,30,231884.828141,False
0.0,30,231926.584938,False
2.5,30,231974.706012,True
2.6,30,232018.570078,True
0.0,30,232062.711046,False
2.5,30,232108.236151,True
2.8,30,232151.996655,True
1.7,30,232203.339882,True
2.5,30,232248.280565,True
2.7,30,232293.228343,True
2.0,30,232337.799364,True
2.4,30,232388.737428,True
2.0,30,232436.163948,True
0.0,30,232485.436239,False
2.9,30,232532.152099,True
2.4,30,232581.22142,True
2.2,30,232632.851414,True
2.9,30,232671.46416,True
2.1,30,232720.278592,True
0.0,30,232765.342,False
3.0,30,232810.403048,True
0.0,30,232853.305794,False
0.0,30,232901.844441,False
2.3,30,232945.095532,True
2.5,30,232993.725548,True
0.7,30,233041.68558,True
0.0,30,233093.841387,False
0.0,30,233136.597434,False
0.0,30,233186.495157,False
0.0,30,233239.501319,False
0.0,30,233289.073891,False
0.0,30,233595.03729,False
0.0,30,233639.763665,False
0.0,30,233682.740436,False
0.0,30,233725.666162,False
1.7,30,233768.532488,True
2.9,30,233816.237508,True
2.9,30,233866.591043,True
0.0,30,233910.20219,False
1.3,30,233954.47279,True
1.5,30,233996.47091,True
2.3,30,234045.948683,True
0.0,30,234105.192408,False
1.9,30,234158.789116,True
0.0,30,234199.294056,False
0.4,30,234243.337255,True
2.5,30,234284.514969,True
2.9,30,234332.010918,True
2.5,30,234383.024697,True
0.0,30,234432.508727,False
0.0,30,234480.838558,False
0.0,30,234523.43898,False
2.3,30,234566.575058,True
0.0,30,234614.330477,False
0.0,30,234655.513856,False
0.0,30,234705.662745,False
0.0,30,234753.137471,False
2.4,30,234795.061193,True
0.0,30,234844.107637,False
0.0,30,234888.151006,False
0.0,30,234933.503858,False
2.5,30,234985.498104,True
2.6,30,235034.790877,True
2.2,30,235081.497699,True
0.0,30,235135.526754,False
0.0,30,235422.56067,False
2.6,30,235472.237885,True
0.0,30,235517.766568,False
0.0,30,235566.064579,False
0.0,30,235610.291027,False
1.5,30,235651.177351,True
0.0,30,235699.356894,False
0.0,30,235743.808041,False
2.3,30,235790.996238,True
3.0,30,235835.591422,True
2.9,30,235879.938096,True
0.7,30,235923.577668,True
2.6,30,235965.029427,True
0.0,30,236006.357787,False
2.5,30,236050.683726,True
0.0,30,236093.587023,False
2.4,30,236139.921569,True
0.0,30,236185.885192,False
0.0,30,236229.37026,False
3.0,30,236270.795739,True
2.7,30,236319.345347,True
0.0,30,236363.541103,False
2.6,30,236407.546989,True
0.0,30,236449.912515,False
2.6,30,236494.767967,True
2.1,30,236540.46249,True
0.0,30,236595.40861,False
0.6,30,236638.679454,True
0.0,30,236680.584855,False
2.6,30,236723.788725,True
2.7,30,236773.4717,True
2.4,30,236821.108122,True
0.0,30,236863.813334,False
0.0,30,236908.544047,False
0.0,30,236952.845203,False
0.0,30,237268.905198,False
2.3,30,237312.509271,True
2.4,30,237368.263137,True
0.0,30,237415.611081,False
0.0,30,237466.023226,False
0.0,30,237513.606452,False
0.0,30,237559.462573,False
0.0,30,237607.476703,False
0.0,30,237650.455858,False
0.0,30,237696.421315,False
2.5,30,237742.057453,True
2.8,30,237794.301981,True
0.0,30,237838.563935,False
2.5,30,237886.566091,True
1.4,30,237934.753467,True
0.0,30,237979.623503,False
2.2,30,238024.066117,True
2.6,30,238067.85632,True
0.0,30,238112.097271,False
1.4,30,238155.802726,True
2.7,30,238203.819935,True
0.0,30,238248.851267,False
2.2,30,238301.060665,True
2.8,30,238346.948373,True
2.4,30,238387.535827,True
0.0,30,238430.16537,False
0.0,30,238476.544409,False
2.4,30,238526.13674,True
0.0,30,238570.850349,False
2.6,30,238622.888172,True
0.0,30,238667.685578,False
0.0,30,238715.162552,False
0.0,30,238756.54153,False
2.8,30,238801.335065,True
2.7,30,239132.49652,True
0.0,30,239171.499536,False
2.9,30,239217.625907,True
0.0,30,239265.688996,False
0.0,30,239314.67339,False
2.8,30,239362.232744,True
2.5,30,239407.543262,True
3.0,30,239454.782512,True
0.5,30,239497.536241,False
1.3,30,239545.67784,True
2.8,30,239600.631741,True
2.5,30,239643.934757,True
2.9,30,239693.092848,True
3.0,30,239742.285957,True
0.0,30,239788.137515,False
2.4,30,239841.512356,True
2.4,30,239892.327133,True
0.0,30,240001.683019,False
0.0,30,240053.969425,False
0.0,30,240109.258979,False
2.0,30,240152.359789,True
0.0,30,240197.315445,False
2.9,30,240239.388991,True
0.0,30,240288.346084,False
0.0,30,240328.969634,False
0.0,30,240374.18205,False
0.3,30,240430.889685,False
0.0,30,240481.778763,False
2.0,30,240527.688048,True
2.7,30,240576.057459,True
2.5,30,240626.848613,True
2.0,30,240671.00198,True
0.0,30,240713.994736,False
2.6,30,240763.277127,False
2.7,30,241074.205682,True
0.0,30,241119.23439,False
0.0,30,241166.111575,False
2.3,30,241214.173953,True
1.8,30,241265.407491,True
2.8,30,241318.111404,True
0.0,30,241360.904469,False
0.0,30,241404.752527,False
2.8,30,241445.698878,True
0.0,30,241490.521821,False
0.0,30,241542.181593,False
2.5,30,241584.374097,True
0.0,30,241626.233057,False
2.9,30,241667.73862,True
0.0,30,241718.026179,False
0.0,30,241768.547345,False
0.0,30,241810.525104,False
0.0,30,241855.490592,False
2.4,30,241898.928303,True
1.6,30,241947.026968,True
0.0,30,241997.896269,False
0.0,30,242040.194552,False
0.3,30,242086.416525,True
0.0,30,242135.562382,False
0.0,30,242177.130709,False
1.7,30,242224.309206,True
2.9,30,242268.572005,True
0.0,30,242325.076925,False
0.0,30,242369.441949,False
0.0,30,242442.723315,False
0.0,30,242488.013894,False
2.5,30,242534.575058,True
2.5,30,242585.302361,True
1.2,30,242627.969338,True
0.0,30,242941.290918,False
0.0,30,242985.877458,False
0.0,30,243034.232284,False
0.0,30,243081.165215,False
2.7,30,243127.654973,True
0.0,30,243166.390474,False
3.0,30,243213.975093,True
0.0,30,243256.808173,False
0.0,30,243300.946523,False
2.9,30,243350.153686,True
0.0,30,243398.043509,False
0.0,30,243442.419697,False
2.6,30,243488.145495,True
0.0,30,243529.40114,False
0.0,30,243578.957217,False
0.0,30,243645.631295,False
0.0,30,243691.833809,False
0.0,30,243739.415511,False
2.9,30,243796.980446,True
0.0,30,243842.100373,False
2.8,30,243885.917052,True
0.0,30,243928.848478,False
2.7,30,243973.625597,True
2.6,30,244027.239113,True
0.0,30,244074.4496,False
0.0,30,244117.786546,False
0.0,30,244163.593726,False
0.0,30,244209.820033,False
2.8,30,244254.158687,True
0.0,30,244301.940922,False
0.0,30,244347.134411,False
2.7,30,244388.837028,True
2.6,30,244441.4156,True
0.0,30,244486.07203,False
2.8,30,244798.017202,True
0.0,30,244842.481221,False
0.0,30,244891.789765,False
0.0,30,244945.516361,False
0.0,30,244992.166653,False
2.6,30,245037.553808,True
0.0,30,245085.748805,False
2.2,30,245130.163619,True
1.4,30,245175.541425,True
2.2,30,245218.343822,True
0.0,30,245266.112586,False
2.8,30,245310.027858,True
2.8,30,245356.488193,True
0.0,30,245398.129766,False
0.0,30,245453.317309,False
0.0,30,245503.139013,False
0.0,30,245550.124971,False
2.9,30,245593.787045,True
3.0,30,245640.757536,True
0.0,30,245687.732776,False
0.0,30,245737.869845,False
2.5,30,245788.995926,True
2.7,30,245838.346908,True
2.6,30,245886.612068,True
2.7,30,245931.016136,True
2.2,30,245989.5017,True
0.0,30,246036.516069,False
0.0,30,246080.067222,False
2.4,30,246130.120279,True
2.5,30,246177.91256,True
2.8,30,246220.872515,True
2.5,30,246263.802858,True
0.0,30,246308.506498,False
2.1,30,246360.188421,False
2.6,30,246701.878115,True
2.8,30,246750.074879,True
3.0,30,246794.715451,True
2.7,30,246838.078922,True
2.5,30,246887.593911,True
0.6,30,246938.119038,True
0.0,30,246981.015648,False
2.7,30,247030.487365,True
2.6,30,247080.647082,True
2.1,30,247126.028344,True
0.0,30,247175.177941,False
0.0,30,247221.31557,False
1.6,30,247265.266039,True
0.0,30,247307.249845,False
2.4,30,247346.585015,True
2.6,30,247392.392129,True
0.0,30,247435.25209,False
0.0,30,247481.825021,False
3.0,30,247530.647409,True
2.6,30,247580.995444,True
0.0,30,247625.466226,False
0.0,30,247673.234895,False
0.0,30,247723.986762,False
2.9,30,247769.24026,True
0.0,30,247813.073213,False
0.0,30,247858.924324,False
0.0,30,247927.662475,False
1.4,30,247969.150127,True
2.6,30,248013.209734,True
0.0,30,248058.906591,False
0.1,30,248110.03114,False
2.6,30,248161.469353,True
2.7,30,248215.532984,True
2.8,30,248267.615141,True
2.8,30,248605.715691,True
2.8,30,248649.545571,True
2.5,30,248694.822526,True
0.0,30,248741.608884,False
0.0,30,248790.295178,False
0.0,30,248834.140857,False
0.0,30,248880.361224,False
2.9,30,248927.818571,True
0.0,30,248982.129092,False
2.8,30,249033.580328,True
1.3,30,249085.349051,True
2.7,30,249127.991926,True
0.0,30,249170.897003,False
2.6,30,249222.687325,True
2.8,30,249268.216266,True
2.5,30,249316.256142,True
2.8,30,249356.089442,True
2.7,30,249410.649373,True
2.4,30,249463.102704,True
0.0,30,249508.545465,False
2.5,30,249553.915107,True
2.7,30,249626.755703,True
2.6,30,249672.839812,True
2.8,30,249717.747548,True
2.5,30,249763.543753,True
0.0,30,249809.106656,False
0.0,30,249863.528114,False
0.0,30,249911.028495,False
2.7,30,249955.0479,True
0.0,30,250002.803596,False
2.3,30,250046.331215,True
0.0,30,250090.206241,False
2.3,30,250140.042131,True
3.0,30,250185.070415,True
0.1,30,250508.496357,True
3.0,30,250551.452452,True
1.3,30,250598.913738,True
2.8,30,250648.729182,True
2.9,30,250697.922961,True
0.0,30,250743.433262,False
0.0,30,250786.409129,False
0.0,30,250836.695014,False
3.0,30,250881.442801,True
0.0,30,250924.300191,False
2.7,30,250966.888759,True
0.0,30,251011.364847,False
2.6,30,251053.727005,True
2.7,30,251097.541764,True
0.0,30,251147.78468,False
0.0,30,251197.190313,False
1.5,30,251248.754442,True
0.0,30,251300.656826,False
2.7,30,251348.337368,True
2.6,30,251399.925334,True
0.4,30,251446.754834,False
2.2,30,251490.347345,False
2.4,30,251533.401407,True
0.0,30,251578.727678,False
0.0,30,251622.218118,False
2.5,30,251670.265717,True
2.9,30,251719.461078,True
0.0,30,251767.00439,False
0.0,30,251812.242001,False
2.2,30,251853.948236,True
2.6,30,251894.659311,True
0.0,30,251937.379021,False
2.0,30,251980.442174,True
2.6,30,252030.881495,True
2.6,30,252081.477669,True
2.5,30,252405.6707,True
0.0,30,252450.155897,False
0.0,30,252497.119217,False
2.3,30,252545.495919,False
0.0,30,252592.138489,False
2.6,30,252645.567056,True
2.9,30,252691.198416,True
1.8,30,252750.926386,True
2.3,30,252794.9096,True
3.0,30,252839.666089,True
0.0,30,252888.004299,False
0.0,30,252935.105032,False
2.8,30,252983.888035,True
2.8,30,253027.89041,True
2.4,30,253071.090979,True
1.7,30,253114.44493,True
0.0,30,253160.005383,False
2.9,30,253218.231553,True
2.2,30,253264.284118,True
0.0,30,253310.231439,False
0.0,30,253354.44248,False
0.0,30,253400.758011,False
0.0,30,253454.909152,False
0.0,30,253502.320264,False
0.0,30,253548.390335,False
3.0,30,253588.099296,True
2.4,30,253635.188907,True
0.9,30,253682.136732,True
0.0,30,253724.71483,False
0.0,30,253772.930105,False
0.0,30,253818.863563,False
0.0,30,253865.032974,False
2.6,30,253920.151415,True
3.0,30,253968.516515,True
0.0,30,254295.139628,False
2.3,30,254343.248945,True
2.0,30,254387.349738,True
0.0,30,254430.357247,False
2.5,30,254476.766683,True
0.0,30,254526.678414,False
2.4,30,254574.711383,True
2.8,30,254624.148501,True
2.4,30,254669.151467,True
0.0,30,254720.266061,False
0.0,30,254764.775264,False
0.0,30,254814.885889,False
0.0,30,254855.988528,False
0.0,30,254897.301201,False
2.7,30,254943.634061,True
2.6,30,254996.217434,True
0.0,30,255041.343364,False
0.0,30,255087.563366,False
1.9,30,255132.397948,True
0.0,30,255188.291438,False
0.0,30,255234.083872,False
0.0,30,255281.038252,False
1.3,30,255326.687485,False
0.6,30,255368.79412,True
2.8,30,255411.423666,True
2.8,30,255464.346467,True
1.9,30,255511.516912,True
0.0,30,255557.333811,False
2.7,30,255602.117735,True
2.7,30,255652.533658,True
2.7,30,255705.604165,True
0.0,30,255750.081119,False
0.0,30,255796.317144,False
2.5,30,255840.25461,True
0.0,30,256180.129413,False
0.0,30,256227.869475,False
2.0,30,256279.156764,True
0.0,30,256326.530565,False
2.5,30,256372.823212,True
2.3,30,256424.644361,True
0.0,30,256472.569183,False
0.0,30,256525.733072,False
2.2,30,256576.888516,True
2.6,30,256627.711656,True
0.0,30,256678.175442,False
2.7,30,256725.788985,True
2.8,30,256772.882167,True
0.0,30,256815.657011,False
2.8,30,256857.910873,True
0.0,30,256904.137887,False
0.0,30,256947.855707,False
2.6,30,256996.861098,True
0.0,30,257045.971208,False
2.9,30,257095.178617,True
2.5,30,257162.042492,True
2.7,30,257211.640035,True
0.0,30,257259.423064,False
0.0,30,257309.140516,False
0.0,30,257356.979645,False
1.9,30,257404.697114,True
0.0,30,257452.177052,False
2.6,30,257505.335773,True
0.0,30,257553.306314,False
2.7,30,257595.958906,True
2.3,30,257634.947178,True
1.3,30,257679.539964,True
0.0,30,257723.429766,False
0.0,30,257778.841355,False
2.6,30,258112.806455,True
2.7,30,258158.837416,True
0.0,30,258215.935614,False
0.0,30,258263.816934,False
2.7,30,258310.519717,True
2.9,30,258359.302562,True
2.4,30,258406.903601,True
2.7,30,258456.960994,True
2.1,30,258504.052626,True
0.0,30,258547.625196,False
0.0,30,258594.552223,False
0.0,30,258640.861662,False
2.6,30,258682.542972,True
0.0,30,258729.684221,False
2.0,30,258788.752558,True
2.8,30,258833.154652,True
2.5,30,258883.536486,True
0.0,30,258926.493931,False
0.0,30,258977.108006,False
0.0,30,259021.226065,False
0.0,30,259071.976177,False
2.8,30,259113.778588,True
0.0,30,259158.847943,False
2.8,30,259204.699346,True
2.8,30,259254.683624,True
1.5,30,259303.686131,True
2.3,30,259352.988799,True
0.0,30,259403.680336,False
2.7,30,259454.957068,True
2.8,30,259500.574659,False
2.4,30,259544.082976,True
2.0,30,259595.752548,True
0.0,30,259641.765802,False
0.0,30,259688.693894,False
0.0,30,260048.604032,False
0.0,30,260099.108829,False
2.1,30,260147.612903,True
0.0,30,260200.315591,False
2.7,30,260245.493761,True
2.7,30,260300.069063,True
2.3,30,260349.336637,True
3.0,30,260406.885509,True
0.0,30,260458.77861,False
1.4,30,260505.643284,True
0.0,30,260565.209035,False
2.8,30,260606.418969,True
1.9,30,260652.49915,True
2.8,30,260697.986635,True
3.0,30,260743.678026,True
0.0,30,260791.521661,False
0.0,30,260840.322285,False
0.0,30,260885.349349,False
2.6,30,260934.964136,True
2.5,30,260985.277087,True
0.0,30,261035.130379,False
0.0,30,261081.187266,False
1.0,30,261134.002403,False
0.0,30,261183.270705,False
0.0,30,261230.644313,False
1.6,30,261282.166899,True
0.0,30,261322.664077,False
0.0,30,261365.588425,False
2.3,30,261408.379493,True
1.6,30,261463.988606,True
0.0,30,261512.454078,False
2.8,30,261560.657969,True
2.8,30,261606.354192,True
0.0,30,261652.336134,False
0.0,30,261984.810267,False
2.6,30,262028.511218,True
2.8,30,262078.713895,True
0.0,30,262124.268044,False
1.0,30,262174.430279,True
0.0,30,262218.159135,False
0.0,30,262264.428645,False
0.0,30,262309.064369,False
2.7,30,262355.408276,True
2.8,30,262405.414121,True
2.8,30,262453.912924,True
2.7,30,262496.204761,False
3.0,30,262549.299371,True
2.9,30,262593.510643,True
2.5,30,262640.626922,True
2.5,30,262686.52968,True
0.0,30,262733.496331,False
2.7,30,262778.323357,True
2.6,30,262829.029051,True
2.8,30,262870.134259,True
0.0,30,262914.077314,False
0.0,30,262959.6921,False
0.0,30,263008.790234,False
0.0,30,263054.819086,False
0.0,30,263095.90758,False
0.0,30,263139.034556,False
0.0,30,263193.281491,False
0.0,30,263236.018219,False
2.6,30,263277.975505,True
2.6,30,263325.93706,True
0.0,30,263375.829945,False
0.0,30,263420.107405,False
2.6,30,263473.029433,True
0.0,30,263516.162466,False
2.7,30,263866.979648,True
2.9,30,263919.73511,True
0.0,30,263973.05576,False
2.9,30,264018.136095,True
2.7,30,264064.133974,True
0.0,30,264120.379918,False
0.0,30,264169.719356,False
0.0,30,264216.535317,False
0.0,30,264267.712639,False
2.7,30,264312.310552,True
0.0,30,264358.066822,False
0.0,30,264402.402584,False
3.0,30,264443.936185,True
0.0,30,264491.373285,False
2.7,30,264543.183972,True
0.0,30,264600.513325,False
0.0,30,264647.256543,False
2.7,30,264693.761692,True
0.0,30,264738.114251,False
0.0,30,264788.26942,False
0.0,30,264833.338675,False
0.0,30,264882.986109,False
0.0,30,264936.660033,False
0.0,30,264983.69505,False
0.3,30,265029.539443,True
2.7,30,265075.235745,True
0.0,30,265118.736881,False
2.4,30,265162.552536,True
0.0,30,265217.442442,False
0.0,30,265272.235379,False
2.8,30,265315.981781,True
2.7,30,265360.906873,True
0.0,30,265409.946557,False
2.0,30,265458.488494,True
0.0,30,265504.540503,False
0.0,30,265845.161544,False
2.9,30,265894.389645,True
1.6,30,265940.58532,True
2.9,30,265984.465495,True
2.1,30,266030.049044,True
2.9,30,266080.987334,True
2.0,30,266127.919119,True
3.0,30,266172.719797,True
2.7,30,266214.762948,True
2.4,30,266262.372731,True
2.9,30,266303.993889,True
0.0,30,266357.801707,False
0.0,30,266398.954868,False
2.3,30,266447.323217,True
0.0,30,266492.374423,False
2.7,30,266539.54368,True
0.0,30,266580.215409,False
2.7,30,266627.588075,True
2.5,30,266678.431601,True
0.0,30,266727.121171,False
2.6,30,266772.438919,True
0.0,30,266820.522312,False
2.5,30,266866.492841,True
0.0,30,266914.527824,False
0.0,30,266958.313628,False
0.0,30,267002.644307,False
0.0,30,267043.8803,False
0.0,30,267087.746122,False
1.8,30,267132.898308,True
0.0,30,267176.674334,False
0.0,30,267224.267486,False
2.3,30,267272.930178,True
2.5,30,267320.666609,True
0.0,30,267368.951834,False
0.0,30,267730.88317,False
2.5,30,267782.212865,True
2.5,30,267825.697466,True
3.0,30,267872.767498,True
2.0,30,267918.567384,True
0.0,30,267967.855304,False
3.0,30,268016.749573,True
0.0,30,268060.19496,False
0.0,30,268106.942823,False
2.9,30,268156.555294,True
3.0,30,268201.350782,True
2.7,30,268245.045723,True
0.0,30,268290.562686,False
0.0,30,268334.537104,False
0.0,30,268387.144967,False
0.0,30,268435.621542,False
0.0,30,268477.619958,False
0.0,30,268524.292511,False
2.7,30,268571.09186,True
0.0,30,268621.5254,False
0.0,30,268664.503386,False
0.0,30,268707.180227,False
0.0,30,268753.538053,False
0.0,30,268799.554106,False
0.0,30,268847.790164,False
0.0,30,268892.54108,False
2.5,30,268936.973796,True
0.0,30,268978.20673,False
1.3,30,269030.105105,True
2.5,30,269075.512437,True
2.8,30,269125.805754,True
0.0,30,269174.051233,False
0.0,30,269220.908236,False
2.5,30,269268.734854,True
0.0,30,269610.80386,False
1.9,30,269661.296395,True
0.0,30,269706.192559,False
0.0,30,269752.07811,False
1.9,30,269801.941488,True
0.0,30,269847.85444,False
2.7,30,269902.257571,True
2.5,30,269948.242561,True
0.0,30,269991.796099,False
0.0,30,270035.514251,False
0.0,30,270086.050014,False
2.4,30,270131.032372,True
0.0,30,270176.794508,False
2.2,30,270231.946275,True
2.2,30,270275.976566,True
2.6,30,270322.428148,True
2.8,30,270366.724038,True
0.0,30,270416.01305,False
0.0,30,270462.765705,False
0.0,30,270512.212218,False
3.0,30,270567.247794,True
0.0,30,270612.048842,False
2.8,30,270665.826854,True
2.5,30,270714.480393,True
0.0,30,270765.186828,False
2.0,30,270822.789633,True
0.0,30,270871.824395,False
0.0,30,270917.866537,False
0.0,30,270967.868456,False
0.0,30,271014.333491,False
0.0,30,271061.924763,False
0.0,30,271109.764365,False
0.0,30,271161.819203,False
0.7,30,271217.376208,True
0.0,30,271547.376255,False
0.0,30,271600.353427,False
0.0,30,271654.493985,False
2.3,30,271695.065908,True
0.0,30,271741.786507,False
0.0,30,271794.333456,False
2.4,30,271836.982717,True
0.0,30,271880.123668,False
0.0,30,271926.747441,False
0.0,30,271976.509917,False
2.9,30,272022.406567,True
0.0,30,272067.443365,False
2.1,30,272112.176286,True
2.8,30,272161.907436,True
2.2,30,272217.339123,True
2.4,30,272262.198915,True
2.9,30,272305.579467,True
1.5,30,272353.403303,True
2.9,30,272396.922935,True
0.0,30,272445.13224,False
2.5,30,272489.358485,True
2.9,30,272532.953688,True
2.7,30,272583.064853,True
2.8,30,272625.679137,True
2.8,30,272671.510558,True
0.0,30,272717.381619,False
3.0,30,272771.62285,True
0.0,30,272816.845069,False
2.5,30,272867.59386,True
0.0,30,272909.616725,False
0.0,30,272952.921947,False
2.9,30,272996.582979,True
0.0,30,273042.285517,False
0.0,30,273089.110602,False
0.0,30,273383.091039,False
0.0,30,273436.999475,False
0.0,30,273488.533298,False
2.9,30,273538.739704,True
0.0,30,273584.704503,False
0.0,30,273631.007446,False
2.9,30,273673.833506,True
0.0,30,273725.151551,False
0.0,30,273773.037903,False
2.7,30,273817.878139,True
2.3,30,273862.111018,True
3.0,30,273906.24165,True
0.0,30,273950.168411,False
0.0,30,274002.469532,False
2.8,30,274048.802418,True
2.3,30,274092.683815,True
2.5,30,274139.345477,True
2.2,30,274200.821616,True
2.4,30,274244.843074,True
0.0,30,274290.198217,False
2.6,30,274333.558633,True
0.0,30,274382.614839,False
0.0,30,274429.581287,False
2.8,30,274476.374045,True
2.7,30,274524.467856,True
2.4,30,274569.134917,True
2.8,30,274610.365403,True
2.2,30,274653.634673,True
0.0,30,274703.351749,False
0.0,30,274747.599941,False
0.0,30,274796.517547,False
0.0,30,274840.714191,False
0.0,30,274884.291662,False
0.0,30,274927.614434,False
0.0,30,275239.386446,False
0.0,30,275286.592859,False
2.5,30,275328.349049,True
0.0,30,275372.960504,False
2.7,30,275420.444009,True
3.0,30,275470.636115,True
0.0,30,275512.971961,False
0.0,30,275558.498561,False
0.0,30,275599.369197,False
2.1,30,275644.714279,True
0.0,30,275688.778076,False
0.0,30,275738.964629,False
0.0,30,275788.158987,False
1.9,30,275831.997818,True
2.6,30,275871.611906,True
2.6,30,275910.982912,True
2.8,30,275955.501314,True
0.0,30,275999.337237,False
2.8,30,276049.794634,True
0.0,30,276096.397629,False
2.6,30,276146.262431,True
0.0,30,276194.992233,False
0.0,30,276247.191021,False
0.9,30,276295.836116,True
0.0,30,276348.33636,False
0.0,30,276394.675222,False
2.4,30,276438.584365,True
2.4,30,276484.127639,True
0.0,30,276532.419971,False
0.0,30,276579.199103,False
2.7,30,276630.20495,True
0.0,30,276673.075212,False
0.0,30,276723.275925,False
0.0,30,276771.002475,False
2.7,30,277060.938924,True
0.0,30,277109.448208,False
2.1,30,277151.775583,True
0.0,30,277194.883786,False
2.8,30,277246.398051,True
2.4,30,277291.56057,True
0.9,30,277335.835939,False
0.0,30,277382.484994,False
0.0,30,277425.675559,False
0.0,30,277475.181512,False
2.7,30,277525.142596,True
2.9,30,277570.124076,True
0.0,30,277625.64949,False
0.0,30,277673.892095,False
0.0,30,277715.357586,False
2.6,30,277765.276221,True
2.6,30,277810.631378,True
0.0,30,277861.791498,False
0.0,30,277907.543789,False
2.5,30,277951.266789,True
2.9,30,278005.241685,True
0.0,30,278064.807639,False
0.0,30,278109.3174,False
2.8,30,278156.855554,True
0.0,30,278199.168573,False
2.5,30,278250.229986,True
1.2,30,278301.887536,True
0.0,30,278348.986378,False
0.0,30,278390.876962,False
2.5,30,278440.275589,True
2.7,30,278488.806909,True
2.6,30,278537.165698,True
2.7,30,278578.332293,True
2.6,30,278621.402421,True
0.0,30,278941.338389,False
0.0,30,278989.358179,False
2.2,30,279043.797971,True
0.0,30,279088.828902,False
2.1,30,279131.816393,True
0.0,30,279181.843183,False
0.0,30,279228.908989,False
2.9,30,279275.619571,True
1.9,30,279329.107094,True
2.0,30,279369.385802,True
0.0,30,279411.236207,False
2.5,30,279461.903835,True
0.0,30,279503.884415,False
2.9,30,279547.271048,True
0.0,30,279593.886924,False
2.4,30,279644.814068,True
0.0,30,279690.7534,False
3.0,30,279740.361747,True
2.6,30,279790.987007,True
2.5,30,279840.503865,True
2.4,30,279887.788666,True
0.0,30,279931.983213,False
0.1,30,279976.296901,False
1.9,30,280023.644403,True
0.0,30,280070.68446,False
2.9,30,280120.568806,True
2.7,30,280164.660602,True
0.0,30,280214.956611,False
0.0,30,280258.759447,False
0.0,30,280313.261444,False
2.8,30,280358.110321,True
1.6,30,280400.642174,True
1.5,30,280455.740552,True
0.0,30,280500.257045,False
2.5,30,280546.904674,True
3.0,30,280840.655662,True
2.3,30,280886.395893,True
2.5,30,280931.178884,True
2.7,30,280980.715727,True
1.8,30,281028.032407,True
0.0,30,281073.567202,False
2.2,30,281119.146008,True
0.0,30,281163.614264,False
1.3,30,281213.960192,True
0.0,30,281257.430036,False
0.0,30,281305.906075,False
2.6,30,281351.326658,True
2.9,30,281395.806672,True
0.0,30,281438.107966,False
2.6,30,281482.62657,True
1.3,30,281536.747543,True
2.9,30,281583.394901,True
2.6,30,281629.720252,True
0.0,30,281676.330419,False
0.0,30,281726.246389,False
0.0,30,281771.651168,False
0.0,30,281817.448996,False
0.0,30,281863.943208,False
3.0,30,281913.902563,True
2.3,30,281961.424689,True
0.0,30,282011.078135,False
2.5,30,282056.599499,True
0.0,30,282101.646351,False
2.0,30,282148.665228,True
0.0,30,282195.505633,False
2.1,30,282244.333127,True
2.1,30,282296.365025,True
1.2,30,282343.724857,True
2.6,30,282398.711384,True
3.0,30,282736.564326,True
0.0,30,282783.021914,False
0.0,30,282834.106079,False
1.6,30,282893.051444,True
0.0,30,282938.203423,False
0.0,30,282987.185484,False
2.7,30,283033.863337,True
2.8,30,283083.561832,True
0.0,30,283131.668752,False
0.0,30,283185.222644,False
0.0,30,283239.693569,False
2.6,30,283287.071081,True
0.0,30,283337.793315,False
2.7,30,283381.186987,True
2.8,30,283436.502695,True
0.0,30,283486.830451,False
2.6,30,283534.114299,True
0.7,30,283583.362497,False
2.6,30,283627.599852,True
2.8,30,283677.948742,True
0.0,30,283722.477706,False
0.0,30,283774.058502,False
2.7,30,283822.431952,True
2.6,30,283867.72452,True
0.0,30,283915.158988,False
2.6,30,283962.227582,True
2.5,30,284009.998143,True
1.9,30,284056.649777,True
0.0,30,284106.16728,False
0.0,30,284152.883878,False
0.0,30,284200.949013,False
0.5,30,284251.683562,True
0.0,30,284301.442388,False
2.9,30,284347.975517,True
0.0,30,284686.158655,False
2.9,30,284737.123013,True
0.1,30,284790.526175,False
2.7,30,284841.789971,True
2.3,30,284890.928856,True
2.4,30,284939.778167,True
1.2,30,284987.694192,True
0.0,30,285031.638561,False
0.0,30,285078.735614,False
2.8,30,285131.236065,True
0.0,30,285177.547677,False
0.0,30,285219.299769,False
0.0,30,285267.898515,False
0.0,30,285314.542399,False
3.0,30,285358.321287,True
2.2,30,285411.125063,True
0.0,30,285461.907203,False
2.8,30,285509.496613,True
2.3,30,285555.257832,True
0.0,30,285598.802975,False
0.0,30,285648.755544,False
2.8,30,285701.086858,True
0.0,30,285748.202307,False
2.8,30,285793.800918,True
0.0,30,285844.31187,False
0.0,30,285895.177607,False
0.0,30,285938.339898,False
0.0,30,285987.143454,False
2.6,30,286030.323158,True
2.3,30,286081.766549,True
0.0,30,286127.627337,False
0.0,30,286179.730654,False
2.8,30,286223.193866,True
3.0,30,286277.268656,True
2.3,30,286638.779838,True
0.0,30,286692.795434,False
1.0,30,286737.03873,True
0.0,30,286786.068685,False
0.0,30,286836.368129,False
2.6,30,286881.157663,True
0.0,30,286930.842569,False
2.1,30,286977.679013,True
0.0,30,287022.625216,False
2.8,30,287066.2323,True
1.3,30,287112.583489,True
2.3,30,287158.228375,True
2.7,30,287205.79494,True
2.6,30,287259.589946,True
2.7,30,287308.957392,True
2.7,30,287360.21638,True
0.0,30,287402.554647,False
0.0,30,287451.83945,False
0.0,30,287501.294291,False
0.0,30,287551.275499,False
0.0,30,287601.252594,False
0.0,30,287649.073074,False
0.0,30,287697.925527,False
0.0,30,287742.332304,False
0.0,30,287788.956472,False
0.0,30,287839.495431,False
0.4,30,287881.04844,False
0.0,30,287923.817412,False
0.0,30,287963.504163,False
0.0,30,288012.618171,False
0.0,30,288057.154898,False
2.8,30,288107.291037,True
0.0,30,288153.205462,False
0.0,30,288196.737316,False
0.0,30,288505.959663,False
0.0,30,288554.323642,False
0.0,30,288595.790911,False
0.0,30,288634.417281,False
0.0,30,288684.069506,False
0.0,30,288731.4106,False
2.4,30,288806.119795,True
2.3,30,288855.218404,True
2.6,30,288902.812208,True
0.0,30,288945.662678,False
0.0,30,288992.68547,False
2.8,30,289040.173195,True
0.0,30,289092.055234,False
2.5,30,289134.647441,True
2.8,30,289186.651206,True
2.9,30,289240.200021,True
2.5,30,289287.805668,True
0.0,30,289335.144965,False
2.3,30,289383.639492,True
0.0,30,289422.487306,False
2.3,30,289467.900954,True
2.9,30,289516.676146,True
1.9,30,289571.485505,True
2.5,30,289610.30767,True
2.7,30,289658.688744,True
2.3,30,289702.415724,True
0.0,30,289747.195034,False
0.0,30,289795.950871,False
2.6,30,289844.99335,True
0.0,30,289904.674975,False
0.0,30,289951.058585,False
0.0,30,289998.251742,False
0.0,30,290044.293042,False
1.6,30,290102.566969,True
2.4,30,290452.751571,True
0.0,30,290498.012411,False
0.0,30,290546.320285,False
2.6,30,290595.681123,True
0.0,30,290643.851226,False
2.7,30,290688.112726,True
1.9,30,290736.843233,True
0.0,30,290779.30848,False
2.5,30,290825.059299,True
0.0,30,290872.975785,False
3.0,30,290925.32807,True
2.1,30,290988.876368,True
0.0,30,291037.382782,False
0.0,30,291083.697742,False
0.0,30,291126.26397,False
0.0,30,291169.814685,False
2.7,30,291218.971544,True
0.0,30,291262.680991,False
2.5,30,291304.977886,True
0.0,30,291355.032048,False
0.0,30,291401.165263,False
0.0,30,291442.654778,False
0.0,30,291486.429052,False
2.4,30,291533.800273,True
2.6,30,291582.079508,True
0.0,30,291625.375838,False
0.0,30,291674.553432,False
2.4,30,291724.964914,True
0.0,30,291772.840066,False
2.7,30,291825.762623,True
0.0,30,291872.300128,False
2.5,30,291916.019286,True
0.0,30,291958.081917,False
0.0,30,292004.580139,False
0.0,30,292378.042976,False
0.0,30,292436.042632,False
2.3,30,292484.14946,True
2.7,30,292530.160364,True
3.0,30,292573.019446,True
0.0,30,292631.049732,False
2.5,30,292682.060533,True
0.0,30,292733.179943,False
1.6,30,292780.305851,True
1.5,30,292820.402215,True
2.4,30,292867.085767,True
1.4,30,292907.625317,True
0.0,30,292952.663475,False
0.0,30,292993.908504,False
0.5,30,293041.338321,True
0.0,30,293090.726113,False
2.0,30,293139.712211,True
2.4,30,293192.644296,True
2.5,30,293234.897446,True
0.0,30,293280.323064,False
0.5,30,293327.180563,True
2.4,30,293375.078033,True
1.3,30,293420.610621,True
1.7,30,293464.88024,True
2.7,30,293506.359208,True
2.7,30,293549.948836,True
0.0,30,293595.071433,False
2.5,30,293642.758005,True
2.3,30,293684.244992,True
0.0,30,293734.393005,False
0.0,30,293783.947713,False
2.9,30,293832.745868,True
2.9,30,293874.760287,True
2.4,30,293923.157191,True
0.0,30,293972.750074,False
0.0,30,294285.45547,False
0.0,30,294324.148345,False
0.0,30,294366.998788,False
0.0,30,294415.4503,False
2.6,30,294457.527918,True
2.0,30,294504.795286,True
0.0,30,294554.885108,False
0.0,30,294601.827154,False
0.0,30,294647.291679,False
2.5,30,294698.498292,True
3.0,30,294740.661886,True
3.0,30,294784.738191,True
0.0,30,294833.840712,False
0.0,30,294875.979309,False
0.0,30,294924.778512,False
0.7,30,294972.432039,True
3.0,30,295020.327786,True
2.5,30,295064.459862,True
0.0,30,295109.943928,False
0.0,30,295157.867596,False
0.0,30,295203.848287,False
0.0,30,295251.801394,False
2.8,30,295293.761883,True
2.2,30,295340.130382,True
0.0,30,295387.01361,False
2.4,30,295434.019368,True
0.0,30,295479.264803,False
3.0,30,295537.179245,True
2.3,30,295581.251693,True
2.5,30,295622.251471,True
1.0,30,295664.010484,True
0.0,30,295710.064015,False
0.0,30,295753.834185,False
1.1,30,295805.54799,True
0.0,30,296113.613569,False
2.5,30,296157.834936,True
2.1,30,296203.415817,True
0.0,30,296247.506644,False
2.9,30,296290.997232,True
2.9,30,296332.673933,True
0.0,30,296377.984584,False
2.7,30,296424.636578,True
0.5,30,296468.054332,False
2.3,30,296514.985654,True
0.0,30,296557.22533,False
2.0,30,296604.924718,True
2.8,30,296651.664676,True
0.0,30,296698.642531,False
0.0,30,296740.882506,False
2.9,30,296783.881407,True
0.0,30,296834.508837,False
0.0,30,296880.513928,False
2.3,30,296922.05986,True
0.0,30,296972.023118,False
2.7,30,297019.334031,True
0.0,30,297063.48378,False
0.0,30,297108.982565,False
2.8,30,297156.874768,True
0.0,30,297199.385281,False
3.0,30,297246.447289,True
0.0,30,297301.568961,False
0.0,30,297349.858484,False
0.0,30,297393.711213,False
0.0,30,297436.191018,False
2.5,30,297474.229234,True
0.0,30,297520.277305,False
2.6,30,297570.389299,True
2.1,30,297618.809875,True
2.4,30,297896.559612,True
0.0,30,297941.039065,False
2.8,30,297988.284987,True
0.0,30,298037.712778,False
2.4,30,298079.738216,True
2.9,30,298127.300479,True
0.0,30,298170.034921,False
0.0,30,298214.195654,False
2.4,30,298260.398942,True
1.9,30,298304.555577,True
0.0,30,298349.411022,False
1.8,30,298403.89151,True
0.7,30,298449.765111,True
0.0,30,298503.5631,False
2.4,30,298544.322903,True
3.0,30,298589.672289,True
0.0,30,298644.639831,False
1.9,30,298691.339446,True
0.0,30,298735.516503,False
0.0,30,298774.174645,False
2.5,30,298819.033827,True
2.2,30,298867.229007,True
2.1,30,298909.660582,True
0.0,30,298956.979851,False
0.0,30,299002.5161,False
0.0,30,299043.403602,False
0.7,30,299091.685378,True
0.0,30,299136.65843,False
2.4,30,299182.328323,True
2.6,30,299227.855134,True
2.6,30,299272.624149,True
1.9,30,299323.073262,True
1.9,30,299369.427808,True
2.7,30,299410.372676,True
0.0,30,299696.522462,False
0.0,30,299747.614945,False
2.8,30,299792.753937,True
0.0,30,299841.072671,False
0.0,30,299889.721755,False
0.0,30,299936.010165,False
2.6,30,299976.157719,True
2.1,30,300024.48066,True
2.3,30,300070.908806,True
2.4,30,300118.853643,True
0.4,30,300169.637109,True
0.0,30,300213.11312,False
0.0,30,300256.142745,False
1.1,30,300305.162489,True
2.9,30,300348.199632,True
2.6,30,300399.331853,True
2.6,30,300447.64349,True
0.0,30,300485.881968,False
0.0,30,300530.823528,False
0.0,30,300579.21824,False
2.7,30,300623.078902,True
2.9,30,300663.395112,True
0.0,30,300714.895896,False
2.7,30,300755.901547,True
0.0,30,300801.113865,False
0.0,30,300844.261611,False
2.5,30,300895.693263,True
0.0,30,300941.649956,False
0.0,30,300983.105366,False
2.9,30,301032.888495,True
1.1,30,301077.339721,True
2.0,30,301122.174188,True
2.6,30,301168.448925,True
2.6,30,301216.406726,True
0.0,30,301510.453763,False
0.0,30,301558.284421,False
2.6,30,301606.858009,True
1.7,30,301659.438979,True
2.7,30,301705.418375,True
0.0,30,301754.555908,False
2.8,30,301802.097696,True
1.6,30,301847.385195,True
1.8,30,301921.433822,True
2.3,30,301981.423137,True
0.0,30,302024.596218,False
1.3,30,302069.918168,False
0.0,30,302116.585106,False
0.0,30,302167.897977,False
0.0,30,302211.686142,False
0.0,30,302257.736178,False
1.8,30,302310.325913,True
2.3,30,302356.442322,True
2.2,30,302403.516876,True
2.4,30,302445.02565,True
2.8,30,302490.396463,True
3.0,30,302537.359526,True
2.5,30,302577.171053,True
0.0,30,302625.009116,False
0.0,30,302674.493798,False
0.0,30,302716.018053,False
0.0,30,302761.099188,False
2.8,30,302809.658826,True
0.0,30,302856.905562,False
2.9,30,302898.748022,True
0.0,30,302938.295941,False
2.1,30,302984.874286,True
2.8,30,303033.501855,True
2.6,30,303075.993543,True
2.9,30,303372.308723,True
2.2,30,303416.680354,True
2.7,30,303458.98315,True
2.7,30,303505.592432,True
0.7,30,303548.239539,True
0.0,30,303585.87353,False
2.8,30,303629.540405,True
0.0,30,303676.244803,False
2.6,30,303716.970592,True
2.8,30,303760.822359,True
0.0,30,303805.90144,False
2.7,30,303850.094933,True
1.1,30,303894.800485,True
2.9,30,303941.359483,True
2.6,30,303978.805591,True
2.1,30,304033.236528,True
2.4,30,304079.588334,True
0.0,30,304124.092255,False
0.0,30,304170.147274,False
0.0,30,304215.25753,False
0.9,30,304259.035926,True
0.0,30,304299.205982,False
0.7,30,304343.269202,True
0.0,30,304387.256566,False
0.0,30,304430.437051,False
0.0,30,304475.589535,False
3.0,30,304518.22213,True
0.0,30,304566.218595,False
0.0,30,304603.232937,False
0.0,30,304655.432901,False
0.0,30,304697.017758,False
2.8,30,304735.991708,True
2.9,30,304778.024138,True
0.0,30,304826.614367,False
2.6,30,305115.647343,True
0.0,30,305159.548584,False
2.4,30,305208.439047,True
0.0,30,305253.454924,False
0.0,30,305292.548603,False
2.6,30,305335.538599,True
0.0,30,305378.636575,False
0.0,30,305430.531967,False
0.0,30,305477.555062,False
3.0,30,305524.638905,True
2.9,30,305571.920572,True
0.0,30,305617.513093,False
2.2,30,305661.632374,True
2.4,30,305708.57514,True
1.6,30,305758.769758,True
2.9,30,305808.899447,True
2.9,30,305852.802761,True
2.7,30,305897.324692,True
2.1,30,305938.133078,True
2.2,30,305981.221398,True
0.6,30,306023.394922,True
0.0,30,306075.002089,False
0.0,30,306120.15146,False
0.0,30,306167.13979,False
0.0,30,306212.361286,False
2.7,30,306256.889952,True
0.0,30,306301.1576,False
0.0,30,306348.063061,False
0.0,30,306394.479227,False
0.0,30,306449.406163,False
0.0,30,306501.517519,False
2.5,30,306549.937397,True
0.0,30,306595.266647,False
0.0,30,306638.900442,False
2.9,30,306948.515142,True
0.0,30,306991.658137,False
0.0,30,307034.685099,False
0.0,30,307081.578675,False
0.0,30,307129.502821,False
2.7,30,307172.383597,True
0.0,30,307222.928099,False
2.9,30,307269.806399,True
2.7,30,307317.724147,True
3.0,30,307363.893426,True
0.0,30,307414.633174,False
2.8,30,307454.876144,True
0.0,30,307499.296381,False
2.8,30,307544.841111,True
0.0,30,307587.626538,False
2.2,30,307638.059876,True
0.0,30,307681.106812,False
1.3,30,307729.614029,True
0.0,30,307773.123914,False
0.0,30,307816.043044,False
0.0,30,307863.644926,False
2.7,30,307911.16007,True
3.0,30,307962.473563,True
0.0,30,308010.735309,False
1.4,30,308055.729735,True
0.0,30,308099.604716,False
2.6,30,308143.270358,True
1.8,30,308190.567513,True
0.0,30,308232.915231,False
2.8,30,308279.32963,True
3.0,30,308323.853614,True
2.2,30,308368.000935,True
2.3,30,308410.619941,True
2.5,30,308456.070192,True
2.0,30,308496.185479,True
2.1,30,308821.948786,True
3.0,30,308865.857472,True
0.0,30,308914.688692,False
0.0,30,308963.285712,False
0.7,30,309005.1352,False
0.0,30,309050.407032,False
0.0,30,309101.398512,False
0.0,30,309145.516778,False
1.2,30,309187.174816,True
2.4,30,309238.715016,True
0.0,30,309292.076767,False
1.6,30,309336.978653,True
0.0,30,309382.268848,False
1.9,30,309425.34397,True
1.8,30,309472.461738,True
2.3,30,309519.316239,True
0.0,30,309563.638937,False
2.8,30,309610.993102,True
2.9,30,309667.969292,True
0.0,30,309710.209964,False
0.0,30,309756.782288,False
0.0,30,309802.074061,False
0.0,30,309846.388203,False
0.0,30,309892.218216,False
2.2,30,309939.248702,True
0.0,30,309984.09676,False
2.6,30,310029.693314,True
2.8,30,310074.331542,True
0.0,30,310124.367276,False
2.8,30,310169.593198,True
0.0,30,310216.259987,False
2.8,30,310265.743321,True
0.0,30,310312.733683,False
2.4,30,310356.685665,True
2.4,30,310688.743354,True
0.0,30,310734.075944,False
0.0,30,310785.246234,False
0.0,30,310827.875414,False
2.7,30,310879.819822,True
3.0,30,310925.598523,True
2.6,30,310974.526333,True
2.8,30,311025.109116,True
2.9,30,311072.230999,True
0.0,30,311121.761906,False
0.0,30,311166.879853,False
0.0,30,311210.17903,False
2.6,30,311255.393341,True
0.0,30,311300.964185,False
0.0,30,311345.140486,False
2.3,30,311390.495537,True
0.0,30,311436.06682,False
2.9,30,311482.69882,True
2.5,30,311526.445584,True
0.0,30,311576.033262,False
0.0,30,311618.648036,False
0.0,30,311671.157099,False
0.0,30,311718.840771,False
2.7,30,311798.7595,True
2.6,30,311848.275616,True
0.0,30,311891.255004,False
0.0,30,311938.963664,False
2.0,30,311981.310058,True
0.0,30,312028.56683,False
0.0,30,312075.789999,False
0.0,30,312138.278933,False
2.8,30,312190.33947,True
0.0,30,312246.704789,False
0.0,30,312309.428664,False
2.4,30,312604.289238,True
0.0,30,312651.822403,False
3.0,30,312696.319713,True
0.0,30,312740.921552,False
1.2,30,312788.658365,True
1.6,30,312830.02848,True
0.0,30,312875.652308,False
2.5,30,312920.611215,True
2.4,30,312970.688291,True
0.0,30,313017.136352,False
2.4,30,313061.988984,True
3.0,30,313108.738111,True
2.2,30,313155.620075,True
0.0,30,313197.340801,False
0.0,30,313245.173268,False
2.9,30,313292.182964,True
2.4,30,313336.239219,True
2.8,30,313379.750274,True
2.7,30,313424.483625,True
2.5,30,313476.601424,True
0.0,30,313524.247493,False
2.7,30,313565.954906,True
2.6,30,313612.305729,True
2.4,30,313664.170026,True
2.7,30,313709.234417,True
2.6,30,313756.739165,True
0.8,30,313802.40084,False
2.6,30,313847.956557,True
2.8,30,313895.930871,True
0.0,30,313944.080717,False
2.5,30,313994.336143,True
2.7,30,314036.577774,True
0.0,30,314085.814323,False
0.0,30,314132.518589,False
0.0,30,314438.920922,False
0.0,30,314484.941654,False
0.0,30,314532.199091,False
0.0,30,314573.747797,False
2.6,30,314621.488441,True
2.6,30,314667.854137,True
0.0,30,314715.541506,False
2.9,30,314772.528916,True
2.9,30,314816.989702,True
0.0,30,314866.751467,False
0.0,30,314909.621131,False
2.6,30,314955.461231,True
0.0,30,315003.128368,False
2.4,30,315046.12441,True
0.0,30,315082.897452,False
0.0,30,315129.440672,False
0.0,30,315176.938665,False
2.5,30,315224.130601,True
2.5,30,315273.126907,True
2.4,30,315315.790027,True
0.0,30,315358.837477,False
0.0,30,315401.850871,False
0.0,30,315446.803732,False
0.0,30,315487.369914,False
0.0,30,315534.059785,False
0.0,30,315582.565145,False
0.0,30,315623.138965,False
2.8,30,315672.596462,True
2.8,30,315715.418322,True
2.9,30,315771.541115,True
1.7,30,315813.696631,True
2.7,30,315858.801491,False
0.0,30,315902.689098,False
2.6,30,315947.839985,True
2.1,30,316263.822634,True
2.4,30,316312.982946,True
0.0,30,316354.671945,False
0.0,30,316401.611179,False
2.7,30,316443.145344,True
1.8,30,316490.564565,True
2.4,30,316534.380191,True
2.6,30,316581.022421,True
0.0,30,316623.462746,False
2.2,30,316668.782419,True
0.0,30,316717.077578,False
0.0,30,316764.571796,False
1.4,30,316809.353912,True
0.0,30,316854.806622,False
2.1,30,316898.933015,True
2.8,30,316942.089453,True
0.0,30,316989.641883,False
0.0,30,317035.616374,False
2.8,30,317087.354392,True
1.8,30,317133.729331,False
2.9,30,317179.055644,True
1.4,30,317224.860218,True
2.1,30,317271.805315,True
2.7,30,317318.961844,True
2.4,30,317363.510077,True
0.0,30,317407.67781,False
0.0,30,317448.600842,False
0.0,30,317490.58326,False
2.4,30,317537.397281,True
2.9,30,317585.013637,True
2.4,30,317636.972306,True
0.0,30,317679.638871,False
0.0,30,317719.1857,False
0.0,30,317770.051493,False
2.1,30,318085.362346,True
0.0,30,318133.7263,False
3.0,30,318175.508393,True
1.7,30,318218.851448,True
0.0,30,318259.364519,False
0.0,30,318303.505069,False
2.8,30,318343.141924,True
0.0,30,318387.783122,False
2.3,30,318431.935697,True
2.8,30,318477.95541,True
0.0,30,318522.202083,False
0.0,30,318564.524899,False
0.0,30,318607.302222,False
2.7,30,318648.972821,True
0.0,30,318694.738879,False
0.0,30,318744.086277,False
0.0,30,318788.711893,False
0.0,30,318836.394686,False
3.0,30,318886.359699,True
2.8,30,318937.872164,True
0.2,30,318983.905309,True
1.7,30,319022.860354,False
0.0,30,319069.249113,False
0.0,30,319116.032498,False
0.0,30,319160.021416,False
2.6,30,319203.115069,True
2.5,30,319244.810985,True
2.8,30,319284.280391,True
1.6,30,319328.968103,True
1.1,30,319372.672606,True
0.7,30,319418.078557,True
3.0,30,319464.103365,True
2.8,30,319513.642242,True
0.0,30,319558.191226,False
0.0,30,319861.440227,False
0.0,30,319904.611626,False
2.4,30,319949.981695,True
2.3,30,319998.731541,True
0.0,30,320049.264757,False
0.5,30,320095.496482,True
0.0,30,320143.04052,False
0.0,30,320188.417462,False
2.4,30,320236.086485,True
0.0,30,320282.884507,False
1.9,30,320328.221441,True
0.0,30,320369.739555,False
2.0,30,320413.51468,True
1.8,30,320459.829556,True
2.2,30,320504.90013,True
2.4,30,320548.165784,True
2.5,30,320594.660534,True
0.0,30,320639.622093,False
2.8,30,320689.595448,True
0.0,30,320733.362482,False
2.8,30,320777.690573,True
2.4,30,320823.868393,True
0.0,30,320870.499281,False
0.0,30,320910.926655,False
0.0,30,320958.446307,False
2.3,30,321003.084406,True
0.0,30,321048.675441,False
2.7,30,321093.870391,True
2.8,30,321142.599632,True
0.0,30,321185.002294,False
2.0,30,321241.298574,True
2.7,30,321290.009649,True
3.0,30,321333.951444,True
0.0,30,321401.948678,False
2.1,30,321448.214549,True
0.0,30,321743.349818,False
0.0,30,321789.325094,False
2.5,30,321834.807347,True
0.0,30,321880.011592,False
3.0,30,321934.942071,True
2.4,30,321981.040947,True
2.6,30,322023.768864,True
2.4,30,322070.896518,True
0.0,30,322120.900344,False
0.0,30,322168.92412,False
2.5,30,322210.126849,True
2.9,30,322255.428539,True
2.9,30,322298.079674,True
2.5,30,322342.82564,True
3.0,30,322392.99884,True
1.2,30,322442.435002,False
0.0,30,322486.055846,False
0.0,30,322530.89221,False
0.0,30,322579.501623,False
2.5,30,322627.178188,True
2.5,30,322686.123243,True
2.9,30,322730.1658,True
0.0,30,322774.565902,False
0.0,30,322818.632777,False
1.9,30,322861.628302,True
0.0,30,322914.017327,False
2.5,30,322962.295229,True
0.0,30,323020.733064,False
2.5,30,323070.001228,True
0.0,30,323117.979955,False
1.9,30,323167.227813,True
0.1,30,323223.546411,False
2.7,30,323263.835592,True
0.0,30,323314.658171,False
0.0,30,323647.188165,False
1.2,30,323696.037544,True
2.2,30,323740.405547,True
0.0,30,323784.354592,False
3.0,30,323828.829387,True
0.0,30,323872.713552,False
0.0,30,323919.294662,False
2.1,30,323963.650033,True
2.4,30,324006.091722,True
0.0,30,324049.033804,False
2.0,30,324092.679802,True
2.5,30,324152.256423,True
0.0,30,324199.220119,False
0.0,30,324252.419676,False
3.0,30,324302.43082,True
0.0,30,324341.945371,False
0.1,30,324387.381118,True
2.6,30,324431.437069,True
2.5,30,324475.549707,True
2.9,30,324521.098793,True
0.0,30,324564.804749,False
2.9,30,324613.627375,True
0.0,30,324663.363714,False
3.0,30,324708.922537,True
2.8,30,324753.586446,True
2.2,30,324804.605838,True
2.6,30,324847.051017,True
0.0,30,324890.036341,False
0.0,30,324949.408182,False
0.0,30,324990.287089,False
0.0,30,325033.04434,False
2.3,30,325084.307041,True
2.6,30,325128.45011,True
0.0,30,325175.347398,False
0.0,30,325508.721781,False
0.0,30,325552.16675,False
0.0,30,325596.579847,False
3.0,30,325662.012888,True
2.8,30,325713.125241,True
0.0,30,325758.267352,False
0.0,30,325805.7271,False
0.0,30,325853.39432,False
0.0,30,325895.812797,False
2.4,30,325944.21827,True
0.0,30,325990.320693,False
0.0,30,326042.347745,False
2.2,30,326093.474126,True
0.0,30,326143.880961,False
0.0,30,326188.121444,False
0.0,30,326228.364639,False
0.0,30,326273.735397,False
0.0,30,326321.571075,False
1.5,30,326365.155904,True
0.0,30,326415.106223,False
0.0,30,326466.398125,False
0.0,30,326511.266034,False
0.0,30,326555.881685,False
0.0,30,326603.518047,False
2.0,30,326651.665031,True
0.0,30,326696.743252,False
2.5,30,326737.842628,True
1.2,30,326796.759531,True
0.0,30,326835.977872,False
2.3,30,326883.610481,True
0.0,30,326930.489053,False
0.0,30,326987.465402,False
0.0,30,327034.199939,False
0.0,30,327078.56759,False
0.0,30,327391.450056,False
0.0,30,327436.444285,False
0.0,30,327482.043334,False
0.0,30,327530.240585,False
0.0,30,327571.189321,False
2.3,30,327623.991128,True
0.0,30,327668.940907,False
2.5,30,327714.481168,True
0.0,30,327763.04599,False
2.7,30,327804.756334,True
0.0,30,327850.102626,False
1.6,30,327895.428362,True
0.0,30,327943.800939,False
2.6,30,327990.075294,True
1.6,30,328038.943819,True
0.0,30,328086.532455,False
0.0,30,328135.164898,False
0.0,30,328179.14565,False
2.1,30,328227.759475,True
0.0,30,328277.929638,False
0.0,30,328319.875284,False
2.6,30,328366.433492,True
0.0,30,328410.021451,False
0.0,30,328450.332225,False
0.0,30,328494.962433,False
2.5,30,328534.697047,True
0.0,30,328577.714765,False
2.7,30,328625.418976,True
2.6,30,328670.54424,True
0.0,30,328716.364699,False
2.5,30,328764.497618,True
0.0,30,328808.297863,False
2.1,30,328848.39978,True
0.0,30,328898.455373,False
0.0,30,329185.820628,False
1.9,30,329232.186755,False
0.0,30,329272.213619,False
0.0,30,329315.462275,False
0.0,30,329359.31665,False
0.7,30,329405.519208,True
2.7,30,329449.988665,True
0.0,30,329496.132635,False
0.0,30,329544.776308,False
0.0,30,329589.247776,False
0.0,30,329632.374412,False
2.6,30,329679.885998,True
1.1,30,329730.111583,True
0.0,30,329771.071882,False
2.4,30,329815.493413,True
0.0,30,329867.768072,False
2.6,30,329913.092799,True
2.2,30,329958.157878,True
1.0,30,330011.426399,True
0.0,30,330057.987084,False
0.0,30,330098.038702,False
2.1,30,330142.61298,True
0.0,30,330183.25216,False
0.0,30,330229.92338,False
2.3,30,330275.766983,True
2.7,30,330321.438335,True
0.0,30,330363.650178,False
2.8,30,330411.595136,True
3.0,30,330461.875717,True
2.8,30,330500.854463,True
0.0,30,330544.763819,False
2.1,30,330593.882353,True
2.8,30,330641.86167,True
2.5,30,330686.915876,True
0.0,30,330988.808899,False
0.0,30,331030.934875,False
0.8,30,331078.451473,True
0.0,30,331119.894169,False
2.6,30,331174.240088,True
0.0,30,331225.597694,False
0.0,30,331270.746606,False
2.7,30,331315.438788,True
0.0,30,331363.302844,False
0.0,30,331407.092978,False
2.9,30,331450.776288,True
0.0,30,331501.101663,False
1.9,30,331544.192683,True
2.6,30,331602.002871,True
0.0,30,331651.232145,False
2.6,30,331691.48964,True
2.3,30,331731.128779,True
0.0,30,331774.744942,False
2.9,30,331822.868962,True
2.2,30,331868.155545,True
0.0,30,331918.290684,False
0.0,30,331962.297394,False
2.7,30,332007.690188,True
0.0,30,332058.512005,False
1.2,30,332104.288194,True
0.0,30,332153.217303,False
0.0,30,332197.760677,False
2.0,30,332239.467477,True
3.0,30,332283.119997,True
0.0,30,332323.366005,False
2.7,30,332364.560013,True
0.0,30,332404.611456,False
0.0,30,332449.392964,False
2.7,30,332496.903402,True
0.0,30,332808.830524,False
2.6,30,332851.947669,True
0.0,30,332898.631923,False
0.0,30,332942.116316,False
0.0,30,332987.926954,False
1.9,30,333034.598968,True
1.8,30,333076.761181,True
0.0,30,333124.983905,False
2.3,30,333174.295693,True
2.0,30,333217.391326,True
2.6,30,333261.97818,True
0.6,30,333307.929981,False
3.0,30,333359.348912,True
2.3,30,333402.8513,True
2.3,30,333459.379622,True
2.2,30,333504.437713,True
3.0,30,333551.511799,True
3.0,30,333601.000456,True
0.0,30,333647.279377,False
0.0,30,333689.829745,False
0.0,30,333739.1094,False
2.7,30,333792.915053,True
2.9,30,333850.565637,True
2.7,30,333895.641593,True
1.9,30,333936.731061,True
2.6,30,333989.152634,True
2.7,30,334030.177402,True
0.0,30,334073.286998,False
2.5,30,334115.452888,True
0.0,30,334162.845751,False
2.9,30,334206.464309,True
2.8,30,334251.428516,True
2.8,30,334296.499821,True
2.0,30,334342.041282,True
2.7,30,334639.977562,True
2.2,30,334684.926895,True
2.7,30,334732.26795,True
0.0,30,334787.565007,False
2.6,30,334831.607565,True
3.0,30,334877.623597,True
0.0,30,334921.292354,False
0.0,30,334965.985806,False
0.0,30,335016.607432,False
0.0,30,335061.352051,False
0.0,30,335106.203276,False
2.5,30,335148.807875,True
2.6,30,335195.233536,True
0.0,30,335245.625664,False
2.4,30,335297.411817,True
2.5,30,335344.402306,True
1.6,30,335386.054915,True
2.7,30,335426.847951,True
0.1,30,335472.672879,True
2.6,30,335518.800422,True
2.5,30,335563.505251,True
0.0,30,335625.380114,False
0.0,30,335668.737047,False
0.0,30,335714.692004,False
0.0,30,335772.643464,False
0.0,30,335818.901711,False
1.9,30,335864.777639,True
0.0,30,335906.472115,False
2.5,30,335954.207417,True
2.7,30,336002.178184,True
0.0,30,336049.487152,False
0.0,30,336099.485921,False
1.8,30,336144.438503,True
0.0,30,336190.404473,False
2.7,30,336233.096734,True
2.7,30,336496.318113,True
2.9,30,336542.888885,True
0.0,30,336587.843381,False
0.0,30,336653.607908,False
1.3,30,336696.759825,True
2.6,30,336742.913261,True
2.0,30,336789.673381,True
2.6,30,336832.974427,True
2.6,30,336875.704381,True
0.0,30,336922.504815,False
0.0,30,336961.625396,False
2.3,30,337007.92385,True
0.0,30,337054.156909,False
0.0,30,337096.722262,False
2.6,30,337142.814766,True
0.0,30,337183.610068,False
2.4,30,337231.227468,True
2.4,30,337272.535141,True
0.0,30,337318.641169,False
0.0,30,337358.850126,False
2.9,30,337402.006016,True
0.0,30,337445.772936,False
0.0,30,337488.621232,False
0.0,30,337539.136638,False
0.0,30,337578.867559,False
0.0,30,337624.116602,False
3.0,30,337661.445259,True
2.4,30,337704.580854,True
2.6,30,337748.040076,True
3.0,30,337799.283995,True
0.0,30,337842.045381,False
0.0,30,337887.60162,False
1.1,30,337926.84413,False
0.0,30,337970.199236,False
0.0,30,338266.09665,False
2.5,30,338313.693386,True
0.0,30,338362.4855,False
0.0,30,338413.18967,False
0.0,30,338477.222611,False
2.5,30,338520.599688,True
2.0,30,338568.363972,True
0.0,30,338607.533162,False
0.0,30,338649.679664,False
2.8,30,338693.680033,True
0.0,30,338737.023262,False
0.0,30,338781.819566,False
2.3,30,338829.782414,True
0.8,30,338874.961555,True
0.0,30,338916.450698,False
0.0,30,338959.125597,False
0.0,30,339003.053442,False
0.0,30,339048.981837,False
0.0,30,339092.896295,False
2.8,30,339141.107773,True
0.0,30,339186.738314,False
0.0,30,339232.974361,False
2.5,30,339275.328563,True
2.8,30,339315.326729,True
2.1,30,339356.397334,True
0.0,30,339400.516336,False
2.9,30,339449.157185,True
0.7,30,339493.988473,True
0.0,30,339537.569262,False
0.0,30,339583.414547,False
2.1,30,339627.345791,True
2.8,30,339672.169603,True
2.7,30,339718.372437,True
0.0,30,339759.298654,False
2.5,30,340050.984566,True
2.1,30,340098.774695,True
0.0,30,340142.031683,False
0.0,30,340187.085139,False
2.9,30,340230.128214,True
0.0,30,340278.14535,False
2.6,30,340324.677145,True
2.6,30,340372.767431,True
3.0,30,340420.20646,True
2.6,30,340466.347963,True
0.0,30,340517.036092,False
0.0,30,340563.742797,False
2.3,30,340609.351351,True
0.0,30,340652.541727,False
2.6,30,340694.366715,True
2.8,30,340739.471719,True
2.6,30,340786.361905,True
0.0,30,340830.773504,False
2.8,30,340875.576115,True
0.0,30,340927.11385,False
1.8,30,340973.391655,True
0.0,30,341018.690498,False
0.0,30,341064.908036,False
3.0,30,341102.950411,True
0.0,30,341144.573872,False
0.0,30,341190.880512,False
0.0,30,341236.754549,False
0.0,30,341282.000013,False
1.3,30,341327.121222,True
2.6,30,341378.733959,True
2.6,30,341424.530353,True
0.0,30,341468.060455,False
0.0,30,341514.268178,False
2.6,30,341555.962488,True
0.0,30,341860.042637,False
0.0,30,341908.446496,False
2.7,30,341957.381612,True
1.4,30,342006.902135,False
1.7,30,342057.289791,True
2.7,30,342104.08923,True
0.0,30,342150.352746,False
0.0,30,342192.688299,False
2.8,30,342238.895387,True
0.0,30,342277.863304,False
0.0,30,342321.98621,False
2.7,30,342364.271624,True
0.0,30,342408.413823,False
2.5,30,342452.974699,True
0.0,30,342495.19289,False
3.0,30,342544.857038,True
2.9,30,342587.917245,True
0.0,30,342633.960537,False
0.0,30,342681.318696,False
0.0,30,342728.371804,False
2.8,30,342771.80409,True
0.0,30,342811.706513,False
2.3,30,342858.089177,True
0.0,30,342906.980692,False
2.2,30,342952.896657,True
0.0,30,342996.580456,False
0.0,30,343042.324175,False
0.0,30,343091.04801,False
0.0,30,343135.219418,False
0.0,30,343180.605536,False
0.0,30,343225.097984,False
0.0,30,343270.233473,False
1.9,30,343315.219209,True
0.3,30,343364.168711,False
0.0,30,343667.99245,False
2.4,30,343717.76314,True
3.0,30,343764.950234,True
0.0,30,343817.866242,False
2.3,30,343862.991097,True
2.8,30,343910.040878,True
2.4,30,343953.877451,True
0.0,30,344000.24951,False
2.8,30,344045.135665,True
2.5,30,344094.791564,True
2.6,30,344139.854604,True
2.4,30,344183.457035,True
0.0,30,344234.251629,False
0.0,30,344284.270971,False
0.8,30,344331.17857,True
0.0,30,344376.804229,False
0.0,30,344422.598332,False
2.8,30,344466.486636,True
0.0,30,344510.723903,False
0.0,30,344557.531075,False
0.0,30,344604.417569,False
0.0,30,344652.356245,False
2.8,30,344695.559698,True
0.0,30,344747.286697,False
0.0,30,344789.230095,False
2.3,30,344836.246936,True
0.0,30,344875.285283,False
1.4,30,344919.311069,True
0.0,30,344970.907541,False
0.0,30,345012.566581,False
0.0,30,345060.902224,False
0.0,30,345102.438341,False
2.6,30,345141.959311,True
0.0,30,345185.346188,False
0.0,30,345462.088851,False
3.0,30,345506.307289,True
0.0,30,345552.732479,False
2.7,30,345603.992237,True
2.7,30,345649.927741,True
2.3,30,345693.26698,True
2.7,30,345738.107415,True
0.0,30,345790.992131,False
2.8,30,345831.601703,True
0.0,30,345875.975324,False
0.0,30,345916.204082,False
0.0,30,345961.822062,False
0.0,30,346003.222443,False
0.0,30,346042.730357,False
0.0,30,346090.529056,False
2.8,30,346135.923599,True
0.0,30,346196.595227,False
1.0,30,346242.500274,True
0.0,30,346286.248711,False
2.7,30,346328.16346,True
0.0,30,346372.963783,False
2.2,30,346421.363648,True
2.6,30,346463.999946,True
2.1,30,346511.440848,True
0.0,30,346558.354816,False
0.0,30,346611.166963,False
2.1,30,346659.618534,True
2.5,30,346707.06439,True
0.0,30,346754.999265,False
0.0,30,346800.130171,False
2.6,30,346849.650735,True
0.0,30,346889.368399,False
0.0,30,346929.309965,False
0.0,30,346973.067642,False
0.0,30,347290.181368,False
0.0,30,347334.661046,False
0.0,30,347380.840792,False
0.0,30,347425.710832,False
1.5,30,347481.205156,True
2.7,30,347526.924937,True
2.8,30,347571.387311,True
2.2,30,347613.420748,True
2.3,30,347655.090659,True
0.8,30,347703.721527,True
0.0,30,347749.472685,False
0.0,30,347795.799339,False
1.9,30,347835.996351,True
0.0,30,347885.538654,False
3.0,30,347930.78526,True
2.1,30,347976.432568,True
0.0,30,348024.837343,False
2.7,30,348069.041511,True
2.1,30,348115.571993,True
1.5,30,348160.83413,True
0.0,30,348206.974243,False
2.4,30,348254.828774,True
3.0,30,348299.872799,True
2.8,30,348344.18974,True
0.0,30,348390.35897,False
3.0,30,348438.938829,True
2.7,30,348487.575071,True
2.3,30,348534.268431,True
0.0,30,348573.219819,False
0.0,30,348622.871113,False
0.0,30,348664.172848,False
0.0,30,348706.66942,False
2.7,30,348752.127507,True
2.8,30,348796.671455,True
0.0,30,348839.927036,False
0.0,30,349168.957866,False
0.0,30,349213.687099,False
0.0,30,349262.897287,False
2.8,30,349332.56307,True
0.0,30,349381.944756,False
0.0,30,349428.387059,False
0.0,30,349473.474605,False
0.0,30,349519.621862,False
0.0,30,349569.246934,False
0.0,30,349609.362108,False
0.0,30,349659.473906,False
1.6,30,349708.724916,True
0.0,30,349752.937106,False
0.0,30,349818.485425,False
2.5,30,349860.466529,True
3.0,30,349909.829034,True
2.4,30,349954.291472,True
0.0,30,350004.408042,False
2.8,30,350051.885903,True
0.0,30,350092.565132,False
0.0,30,350135.644989,False
0.0,30,350183.555084,False
2.6,30,350224.664087,True
0.0,30,350271.723782,False
2.3,30,350326.772763,True
2.8,30,350378.426054,True
0.0,30,350427.062629,False
0.0,30,350468.896307,False
2.4,30,350513.61211,True
2.1,30,350555.893417,True
2.3,30,350598.954289,True
0.0,30,350644.499934,False
0.0,30,350692.258767,False
0.0,30,350735.315331,False
2.8,30,351035.680742,True
2.6,30,351078.294408,True
0.0,30,351126.143127,False
0.0,30,351172.579824,False
0.0,30,351222.76748,False
0.0,30,351269.650993,False
0.0,30,351316.012252,False
3.0,30,351364.632093,True
2.6,30,351414.304899,True
0.0,30,351456.461602,False
0.0,30,351506.868978,False
0.0,30,351554.613554,False
2.2,30,351604.263122,True
0.0,30,351653.159951,False
2.6,30,351698.346002,True
2.8,30,351748.834072,True
0.0,30,351793.107976,False
2.8,30,351835.215711,True
2.8,30,351877.180966,True
2.8,30,351927.630523,True
2.8,30,351983.761123,True
0.0,30,352026.271704,False
2.6,30,352072.107409,True
0.9,30,352117.664525,True
1.5,30,352163.68208,True
2.5,30,352210.43094,True
2.5,30,352257.561455,True
1.8,30,352300.428812,True
3.0,30,352348.122075,True
0.8,30,352390.15604,True
2.8,30,352440.811221,True
2.1,30,352484.9616,True
0.0,30,352530.972598,False
2.0,30,352578.521966,True
3.0,30,352879.462678,True
0.0,30,352922.117277,False
0.0,30,352970.84225,False
0.0,30,353020.128792,False
0.0,30,353065.527145,False
0.0,30,353102.293698,False
2.7,30,353147.204907,True
0.0,30,353193.648174,False
0.0,30,353237.437412,False
0.0,30,353291.583712,False
0.0,30,353338.565657,False
0.0,30,353386.644157,False
2.7,30,353430.203736,True
2.4,30,353480.628015,True
2.2,30,353524.452516,True
0.0,30,353567.912554,False
0.0,30,353613.637265,False
0.0,30,353661.872465,False
2.6,30,353707.025977,True
2.8,30,353749.156604,True
2.7,30,353795.380518,True
0.0,30,353843.333625,False
0.0,30,353887.267002,False
2.5,30,353929.040628,True
2.3,30,353976.332702,True
0.0,30,354018.002398,False
0.0,30,354065.366526,False
2.2,30,354113.70739,True
2.2,30,354159.472054,True
0.0,30,354205.544229,False
0.0,30,354254.065429,False
0.0,30,354292.847773,False
0.0,30,354340.795057,False
0.0,30,354386.056055,False
2.8,30,354716.918293,True
0.0,30,354766.683289,False
0.0,30,354809.604342,False
2.9,30,354855.619026,True
2.4,30,354904.174785,True
2.6,30,354946.648273,True
2.4,30,354993.627594,True
2.3,30,355038.968387,True
1.8,30,355090.872408,True
0.0,30,355132.898326,False
3.0,30,355179.91914,True
0.0,30,355223.078307,False
0.0,30,355275.131688,False
2.6,30,355315.145596,True
0.0,30,355359.506187,False
0.0,30,355403.981733,False
2.8,30,355449.462193,True
3.0,30,355495.913706,True
2.4,30,355548.130708,True
0.0,30,355592.764578,False
0.0,30,355634.08745,False
0.0,30,355677.504791,False
0.0,30,355724.312808,False
0.0,30,355787.062259,False
0.0,30,355831.853361,False
0.0,30,355876.126955,False
0.0,30,355921.029561,False
0.0,30,355965.061583,False
2.9,30,356017.41849,True
2.0,30,356066.388396,True
0.0,30,356111.592337,False
0.0,30,356158.539513,False
0.0,30,356202.370421,False
0.0,30,356249.152788,False
0.0,30,356561.507906,False
0.0,30,356604.429601,False
0.0,30,356649.088754,False
0.0,30,356690.510318,False
3.0,30,356737.592619,True
0.0,30,356784.613947,False
2.3,30,356828.885197,False
0.0,30,356879.758807,False
0.0,30,356924.663773,False
0.0,30,356969.212823,False
0.0,30,357026.364634,False
2.3,30,357073.302557,True
2.4,30,357125.136308,True
3.0,30,357170.67464,True
0.0,30,357220.701901,False
3.0,30,357270.17706,True
0.0,30,357319.887113,False
2.5,30,357374.445371,True
0.0,30,357425.389545,False
3.0,30,357469.783817,True
0.0,30,357518.389115,False
0.0,30,357564.833425,False
3.0,30,357611.842402,True
0.0,30,357658.775753,False
0.0,30,357708.167554,False
0.0,30,357752.102263,False
0.0,30,357793.980572,False
2.6,30,357836.49434,True
2.7,30,357879.85041,True
0.0,30,357923.85667,False
0.9,30,357978.250588,True
0.0,30,358023.161718,False
0.0,30,358069.496819,False
1.5,30,358120.376042,True
2.8,30,358445.426747,True
0.0,30,358493.356085,False
1.1,30,358539.239871,False
0.0,30,358583.17098,False
2.7,30,358635.002853,True
0.0,30,358680.908729,False
0.0,30,358722.199621,False
0.0,30,358767.977116,False
2.1,30,358809.715312,True
2.5,30,358855.151525,True
0.0,30,358903.371717,False
0.0,30,358952.405367,False
0.0,30,358995.62565,False
0.0,30,359039.046832,False
1.7,30,359083.763512,True
3.0,30,359126.512064,True
2.9,30,359174.552818,True
0.0,30,359221.31987,False
0.0,30,359275.102164,False
0.0,30,359323.059626,False
0.0,30,359367.907718,False
2.6,30,359418.494599,True
2.7,30,359457.21811,True
0.0,30,359503.793695,False
0.0,30,359546.60398,False
2.2,30,359590.837873,True
2.8,30,359637.850963,True
2.5,30,359679.818429,True
2.7,30,359726.315293,True
0.0,30,359768.490193,False
2.6,30,359820.587285,True
0.0,30,359867.46729,False
0.0,30,359912.152938,False
3.0,30,359968.985857,True
0.0,30,360288.998867,False
2.1,30,360328.134514,True
3.0,30,360379.464413,True
2.7,30,360424.710358,True
0.0,30,360473.232243,False
2.8,30,360522.007173,True
0.0,30,360566.586883,False
0.0,30,360612.179043,False
1.9,30,360662.171093,True
0.0,30,360704.385832,False
1.9,30,360744.110413,True
2.4,30,360787.670414,True
2.9,30,360834.631689,True
2.7,30,360884.974834,True
2.6,30,360931.769254,True
0.0,30,360975.672867,False
0.0,30,361020.191443,False
2.8,30,361068.778272,True
0.0,30,361115.094075,False
2.2,30,361163.380854,True
2.4,30,361210.03274,True
0.0,30,361250.083003,False
0.0,30,361297.12348,False
2.8,30,361341.498418,True
0.0,30,361386.115951,False
0.5,30,361428.695183,False
2.7,30,361473.191221,True
0.0,30,361519.929306,False
2.8,30,361568.342532,True
0.0,30,361615.901906,False
2.7,30,361659.897336,True
0.0,30,361707.160898,False
0.0,30,361752.575169,False
2.7,30,361799.926094,True
2.5,30,362116.384879,True
0.0,30,362161.31386,False
2.1,30,362204.681206,True
2.2,30,362266.746331,True
2.4,30,362311.496898,True
0.0,30,362355.452059,False
0.0,30,362403.935753,False
0.0,30,362448.738447,False
2.5,30,362499.213681,True
0.0,30,362547.870618,False
0.0,30,362595.392036,False
0.0,30,362645.572302,False
2.8,30,362686.75495,True
0.0,30,362735.944971,False
2.8,30,362776.720423,True
0.0,30,362816.352804,False
0.0,30,362862.339858,False
3.0,30,362911.446054,True
2.8,30,362959.391544,True
2.1,30,363002.885692,True
2.2,30,363053.053626,True
0.0,30,363103.598121,False
0.0,30,363147.5413,False
0.0,30,363191.864602,False
0.0,30,363240.337016,False
0.0,30,363289.363086,False
0.0,30,363338.360489,False
2.4,30,363386.500465,True
0.0,30,363435.282172,False
0.0,30,363486.936683,False
0.0,30,363531.200534,False
3.0,30,363579.513234,True
0.9,30,363629.226117,False
2.8,30,363674.57498,True
0.0,30,363720.725474,False
2.4,30,364024.559457,True
0.0,30,364071.243456,False
0.0,30,364115.460474,False
1.6,30,364164.755964,True
0.0,30,364208.59754,False
0.0,30,364249.055142,False
0.0,30,364297.493427,False
0.0,30,364348.663392,False
2.6,30,364396.664656,True
2.7,30,364441.00423,True
2.9,30,364483.383781,True
2.6,30,364532.224259,True
2.7,30,364578.894093,True
2.9,30,364629.316199,True
2.9,30,364673.968008,True
2.8,30,364716.512976,True
2.9,30,364758.876417,True
2.4,30,364805.183024,True
0.0,30,364843.358904,False
0.0,30,364893.120293,False
2.5,30,364939.019122,True
2.7,30,364983.133181,True
2.8,30,365031.409155,True
2.4,30,365076.836585,True
3.0,30,365116.707772,True
2.7,30,365165.384381,True
0.0,30,365211.307507,False
2.5,30,365255.485787,True
0.0,30,365293.112889,False
2.2,30,365338.740784,True
2.7,30,365381.617608,True
0.0,30,365422.412539,False
2.7,30,365468.791307,True
0.0,30,365513.902703,False
0.0,30,365827.792846,False
2.4,30,365875.467718,True
0.0,30,365920.9613,False
0.0,30,365964.947725,False
2.8,30,366009.497777,True
2.4,30,366052.563441,True
0.0,30,366102.246295,False
2.5,30,366147.463433,True
2.7,30,366198.047011,True
0.0,30,366237.827939,False
1.4,30,366279.446053,False
0.0,30,366321.859009,False
0.0,30,366369.705202,False
0.0,30,366413.501736,False
2.7,30,366457.646787,True
0.0,30,366505.145691,False
2.7,30,366552.230588,True
2.8,30,366601.360644,True
2.6,30,366646.026458,True
0.0,30,366696.578175,False
0.0,30,366740.376883,False
2.8,30,366783.89324,True
3.0,30,366824.439375,True
0.0,30,366873.367593,False
3.0,30,366918.820373,True
2.9,30,366973.78021,True
0.0,30,367016.575569,False
2.0,30,367073.825299,True
0.0,30,367120.515777,False
2.3,30,367190.042655,True
0.0,30,367240.970311,False
0.0,30,367288.057979,False
0.0,30,367330.489367,False
0.0,30,367380.829576,False
0.0,30,367677.272603,False
3.0,30,367725.635211,True
2.9,30,367768.571192,True
2.7,30,367811.547323,True
0.0,30,367857.628752,False
0.0,30,367901.601175,False
2.7,30,367946.151968,True
1.0,30,367989.526266,True
0.0,30,368035.891762,False
0.0,30,368081.872206,False
2.8,30,368123.309716,True
0.0,30,368166.106445,False
0.0,30,368211.324744,False
0.0,30,368256.468418,False
0.0,30,368306.19932,False
0.0,30,368350.761815,False
0.0,30,368389.843118,False
0.0,30,368437.268939,False
2.3,30,368491.303622,True
2.0,30,368536.232052,True
1.6,30,368581.485154,True
2.6,30,368626.812097,True
0.0,30,368674.252685,False
2.9,30,368718.728705,True
2.1,30,368763.460554,True
2.6,30,368813.73171,True
0.0,30,368860.605342,False
0.0,30,368906.267495,False
0.2,30,368952.659008,True
2.9,30,368996.644571,True
0.0,30,369044.619099,False
0.0,30,369086.347481,False
0.0,30,369130.238374,False
1.6,30,369181.374517,True
0.0,30,369500.536694,False
0.0,30,369544.81706,False
2.2,30,369591.734302,True
2.7,30,369639.039586,True
0.0,30,369683.699893,False
2.8,30,369727.956262,True
2.2,30,369774.42604,True
2.3,30,369821.74933,True
2.7,30,369874.367037,True
2.6,30,369922.289922,True
2.5,30,369967.623791,True
2.4,30,370010.316705,True
2.6,30,370056.9015,True
2.7,30,370107.394711,True
2.8,30,370153.845331,True
2.7,30,370202.527371,True
2.6,30,370249.346902,True
2.0,30,370299.474149,True
2.5,30,370350.507337,True
0.0,30,370394.704086,False
2.9,30,370436.867376,True
2.7,30,370484.569662,True
0.0,30,370529.635581,False
0.0,30,370578.236531,False
0.0,30,370625.166606,False
2.7,30,370674.192804,True
0.0,30,370719.708436,False
2.6,30,370766.056921,True
2.8,30,370817.351061,True
2.8,30,370859.557844,True
1.9,30,370906.477002,True
2.9,30,370950.606097,True
0.9,30,370991.829725,True
2.4,30,371041.563312,True
0.0,30,371353.708541,False
2.7,30,371400.316103,True
0.0,30,371444.653313,False
0.0,30,371488.806444,False
2.7,30,371534.828551,True
0.0,30,371577.423356,False
0.0,30,371623.870847,False
0.0,30,371672.002009,False
0.0,30,371718.19112,False
0.0,30,371767.320541,False
0.0,30,371811.80422,False
0.0,30,371865.71681,False
0.0,30,371913.648986,False
0.0,30,371962.366796,False
2.5,30,372016.835856,True
2.7,30,372060.027455,True
0.0,30,372110.058244,False
0.0,30,372151.053392,False
2.7,30,372197.159358,True
0.0,30,372242.590412,False
0.0,30,372280.678166,False
0.0,30,372332.108061,False
0.0,30,372384.212007,False
0.5,30,372429.026969,True
1.6,30,372480.185573,True
2.5,30,372522.629125,True
0.0,30,372566.256366,False
1.1,30,372617.144115,False
2.5,30,372665.783007,True
0.0,30,372713.230519,False
0.0,30,372760.013514,False
2.4,30,372809.891289,True
2.6,30,372860.495529,True
1.4,30,372908.981628,True
2.1,30,373212.452289,True
2.3,30,373254.69128,True
2.6,30,373300.637854,True
0.0,30,373345.097772,False
1.6,30,373389.993058,True
0.0,30,373436.379847,False
2.8,30,373482.045849,True
2.4,30,373532.788602,True
2.8,30,373577.006059,True
0.0,30,373624.362098,False
0.0,30,373670.807685,False
2.9,30,373718.790359,True
0.0,30,373767.434519,False
2.7,30,373811.463052,True
0.0,30,373855.793519,False
0.0,30,373896.90518,False
2.6,30,373940.28115,True
0.3,30,373988.350355,True
0.0,30,374033.491794,False
1.9,30,374080.705871,True
0.0,30,374124.547009,False
2.6,30,374170.012059,True
1.6,30,374220.196046,False
2.5,30,374267.43186,True
0.0,30,374308.971403,False
2.5,30,374356.742178,True
2.7,30,374444.734672,True
2.5,30,374485.39072,True
0.0,30,374537.576643,False
0.0,30,374585.97102,False
3.0,30,374630.853306,True
1.8,30,374672.865957,True
2.7,30,374725.917159,True
2.5,30,374769.95417,True
2.7,30,375090.890168,True
0.0,30,375136.906965,False
2.7,30,375185.75557,True
2.3,30,375237.431612,True
0.0,30,375281.472882,False
0.0,30,375326.014331,False
1.6,30,375374.061686,True
0.0,30,375418.020492,False
0.0,30,375466.092649,False
0.0,30,375515.947945,False
0.0,30,375562.210523,False
0.0,30,375609.503865,False
0.0,30,375660.45522,False
0.0,30,375706.934705,False
0.4,30,375750.962385,True
1.7,30,375794.174599,True
0.0,30,375840.170473,False
2.5,30,375884.696298,True
0.0,30,375930.823096,False
3.0,30,375978.953943,True
2.7,30,376027.668405,True
2.8,30,376076.074412,True
2.3,30,376129.450014,True
3.0,30,376180.784605,True
2.3,30,376226.45187,True
0.0,30,376270.908662,False
1.9,30,376316.450558,True
2.8,30,376357.188261,True
2.8,30,376409.044111,True
1.2,30,376455.547223,True
2.5,30,376508.423175,True
0.0,30,376558.991273,False
2.6,30,376601.292599,True
0.0,30,376649.870797,False
0.0,30,376694.621026,False
2.8,30,376996.752886,True
0.0,30,377037.373134,False
0.0,30,377081.852076,False
2.5,30,377127.33426,True
2.4,30,377173.644478,True
0.0,30,377221.689932,False
0.0,30,377269.98754,False
2.6,30,377316.401359,True
0.0,30,377359.311807,False
2.9,30,377405.413344,True
2.5,30,377449.295127,True
0.0,30,377491.349368,False
0.0,30,377537.149373,False
0.0,30,377587.887552,False
2.0,30,377637.769022,True
2.2,30,377688.576998,True
0.0,30,377736.773319,False
1.5,30,377801.170269,True
0.0,30,377847.476111,False
2.0,30,377894.216126,True
2.9,30,377941.508854,True
0.0,30,377985.640181,False
0.0,30,378028.693524,False
2.3,30,378074.107095,True
0.0,30,378129.188618,False
2.6,30,378181.085063,True
2.9,30,378224.80068,True
3.0,30,378272.705567,True
2.6,30,378316.92973,True
2.9,30,378366.565288,True
0.3,30,378414.718254,True
0.0,30,378461.080278,False
2.1,30,378508.167456,True
0.0,30,378555.266398,False
2.4,30,378891.543905,True
2.3,30,378936.930651,True
0.0,30,378983.05279,False
0.0,30,379030.00627,False
1.9,30,379073.106145,True
2.8,30,379120.044209,True
2.8,30,379166.680234,True
0.9,30,379209.937621,True
2.6,30,379258.511071,True
0.0,30,379306.747758,False
0.0,30,379355.370177,False
0.0,30,379401.876121,False
2.5,30,379448.193769,True
2.5,30,379493.982898,True
3.0,30,379543.161552,True
0.0,30,379591.365207,False
2.7,30,379639.22131,True
0.0,30,379684.529381,False
0.0,30,379734.766052,False
0.0,30,379785.576016,False
0.0,30,379830.460186,False
2.5,30,379872.424303,True
2.6,30,379922.534157,True
2.4,30,379967.56448,True
2.5,30,380016.25139,True
0.0,30,380062.841318,False
1.3,30,380107.774936,True
0.0,30,380155.976521,False
0.0,30,380201.0315,False
0.8,30,380252.208007,True
2.5,30,380297.424429,True
2.5,30,380344.279122,True
0.0,30,380392.114846,False
2.5,30,380433.254462,False
0.0,30,380751.964664,False
0.0,30,380799.345138,False
1.2,30,380848.659904,True
2.8,30,380897.765166,True
2.4,30,380940.768443,True
2.7,30,380985.196104,True
0.0,30,381030.939485,False
0.0,30,381076.468997,False
0.0,30,381123.365019,False
1.5,30,381165.871377,True
1.4,30,381211.607884,True
2.2,30,381263.770708,True
0.0,30,381305.460354,False
0.0,30,381353.251583,False
0.0,30,381395.454398,False
0.0,30,381440.132404,False
0.0,30,381486.505189,False
0.0,30,381529.958686,False
2.5,30,381574.241884,True
2.9,30,381621.190542,True
2.8,30,381669.912668,True
2.7,30,381715.420814,True
0.0,30,381761.826219,False
0.9,30,381807.705147,True
0.0,30,381855.923065,False
2.9,30,381900.054521,True
3.0,30,381951.29985,True
3.0,30,381997.945746,True
2.1,30,382043.259402,True
0.0,30,382088.16776,False
1.7,30,382130.398316,True
2.7,30,382174.309865,True
1.2,30,382219.034662,True
0.0,30,382258.970124,False
2.7,30,382616.50334,True
0.0,30,382657.052875,False
2.4,30,382704.579057,True
3.0,30,382755.243653,True
0.0,30,382792.676872,False
2.7,30,382842.298526,True
2.7,30,382889.314069,True
2.6,30,382936.845227,True
2.8,30,382984.351757,True
0.0,30,383030.398109,False
1.6,30,383074.559704,True
1.0,30,383122.490592,False
0.0,30,383165.461845,False
2.6,30,383206.548654,True
2.8,30,383252.217525,False
2.5,30,383300.783871,True
0.0,30,383347.471876,False
2.7,30,383397.535982,True
2.9,30,383443.456323,True
2.4,30,383488.344233,True
0.0,30,383535.292477,False
0.0,30,383586.622185,False
2.1,30,383633.506377,True
0.0,30,383673.089997,False
0.0,30,383721.944729,False
0.0,30,383774.807637,False
0.0,30,383817.723544,False
2.7,30,383869.14074,True
2.6,30,383921.544293,True
2.4,30,383970.617722,True
2.5,30,384017.874885,True
0.0,30,384059.46842,False
2.8,30,384111.642659,True
0.0,30,384155.825641,False
2.1,30,384468.594922,True
0.0,30,384520.266459,False
0.0,30,384566.227485,False
0.0,30,384608.85924,False
3.0,30,384656.412727,True
2.3,30,384732.131966,True
0.0,30,384777.177684,False
0.0,30,384831.933853,False
0.0,30,384880.537318,False
0.0,30,384923.528164,False
0.0,30,384967.185627,False
2.6,30,385019.074788,True
2.4,30,385071.973265,True
1.8,30,385117.53062,True
0.0,30,385159.11292,False
0.8,30,385207.123884,True
0.0,30,385251.058326,False
0.0,30,385307.441278,False
0.0,30,385354.097676,False
0.0,30,385401.333667,False
3.0,30,385451.489358,True
0.0,30,385496.236328,False
0.0,30,385542.721617,False
0.0,30,385588.94923,False
2.5,30,385631.013798,True
0.0,30,385678.689392,False
0.0,30,385721.302904,False
2.6,30,385765.020193,True
0.0,30,385807.472765,False
2.0,30,385851.064888,True
0.0,30,385895.515283,False
0.0,30,385949.552146,False
0.0,30,385993.054942,False
0.0,30,386037.503711,False
2.7,30,386368.400346,True
0.0,30,386413.439086,False
2.6,30,386457.661958,True
2.3,30,386498.032286,True
0.0,30,386545.804125,False
0.0,30,386588.429419,False
2.3,30,386634.708076,True
1.5,30,386680.177661,True
0.0,30,386720.47666,False
2.5,30,386765.157725,True
2.5,30,386812.164654,True
0.0,30,386861.633188,False
2.4,30,386908.451151,True
2.2,30,386954.859973,True
3.0,30,387012.649146,True
0.0,30,387060.029163,False
2.9,30,387106.517929,True
2.7,30,387177.661177,True
0.0,30,387230.908051,False
0.0,30,387275.745862,False
0.0,30,387321.787966,False
0.0,30,387365.287869,False
2.6,30,387414.147343,True
3.0,30,387455.301487,True
2.5,30,387500.659546,True
0.2,30,387545.758358,False
0.0,30,387593.287956,False
2.4,30,387637.588687,True
2.2,30,387679.998691,True
0.0,30,387722.420221,False
0.0,30,387767.185996,False
0.0,30,387810.653708,False
2.7,30,387862.47946,True
1.4,30,387904.890796,True
1.7,30,388211.227055,True
0.0,30,388260.665852,False
2.3,30,388304.035314,True
2.4,30,388349.419286,True
1.9,30,388397.014889,False
1.0,30,388446.589683,True
0.0,30,388491.104162,False
0.0,30,388537.401321,False
0.0,30,388583.821044,False
0.0,30,388628.409208,False
0.0,30,388675.325511,False
2.1,30,388721.943073,True
0.0,30,388766.473498,False
2.7,30,388809.701139,True
1.8,30,388854.746495,True
1.8,30,388901.963091,True
2.5,30,388946.243231,True
2.0,30,388991.833438,True
2.8,30,389038.119614,True
0.0,30,389080.913117,False
2.4,30,389126.886078,True
0.0,30,389175.91958,False
0.0,30,389224.212565,False
0.0,30,389267.524775,False
2.5,30,389321.950074,True
2.5,30,389367.313569,True
2.8,30,389413.905417,True
2.3,30,389471.265786,True
2.5,30,389520.441228,True
3.0,30,389564.634648,True
2.8,30,389614.471028,True
3.0,30,389659.948657,True
2.7,30,389703.049372,True
2.7,30,389743.212832,True
0.0,30,390035.808929,False
0.0,30,390085.677017,False
0.0,30,390132.643883,False
2.5,30,390175.547523,True
1.7,30,390222.448138,True
0.0,30,390267.043196,False
0.0,30,390316.778155,False
3.0,30,390361.528237,True
2.9,30,390406.488165,True
0.0,30,390453.079865,False
0.0,30,390500.214529,False
0.0,30,390544.605896,False
2.8,30,390592.08657,True
0.0,30,390635.282748,False
0.0,30,390679.733171,False
2.4,30,390719.010216,True
2.2,30,390764.6732,True
0.0,30,390811.554415,False
0.0,30,390856.507497,False
2.4,30,390900.249327,True
0.0,30,390944.616203,False
2.7,30,390996.134935,True
2.1,30,391040.448645,True
0.0,30,391085.321271,False
2.6,30,391130.111655,True
2.6,30,391180.836768,True
1.5,30,391225.597172,True
2.4,30,391277.477122,True
0.0,30,391328.503464,False
0.0,30,391377.300603,False
0.0,30,391427.385926,False
2.8,30,391470.831401,True
2.8,30,391513.324088,True
0.0,30,391560.33799,False
1.2,30,391600.688293,True
0.0,30,391903.451079,False
0.0,30,391949.177612,False
2.6,30,391989.702406,True
0.0,30,392031.904511,False
2.6,30,392071.555775,True
0.0,30,392119.362059,False
0.0,30,392166.163833,False
2.8,30,392210.217322,True
0.0,30,392254.401869,False
3.0,30,392301.800297,True
2.3,30,392346.999319,True
2.9,30,392392.033132,True
0.0,30,392437.097929,False
0.0,30,392488.471568,False
0.0,30,392533.282745,False
0.0,30,392576.811564,False
0.0,30,392624.595709,False
2.8,30,392669.939084,True
0.0,30,392718.220056,False
0.0,30,392760.788053,False
2.4,30,392806.534057,True
2.7,30,392850.87199,True
3.0,30,392889.778586,True
0.0,30,392933.794403,False
2.5,30,392978.304795,True
0.0,30,393029.546869,False
1.8,30,393077.113301,True
0.0,30,393125.329952,False
2.8,30,393173.657364,True
2.2,30,393222.053888,True
0.0,30,393268.990582,False
2.3,30,393314.333153,True
2.2,30,393359.735701,True
2.3,30,393409.901134,True
3.0,30,393710.912516,True
3.0,30,393764.623004,True
2.8,30,393807.180357,True
0.0,30,393863.718836,False
0.0,30,393912.726048,False
0.0,30,393956.960127,False
3.0,30,394002.278118,True
1.5,30,394047.709155,True
2.9,30,394090.577035,True
2.4,30,394135.222151,True
2.6,30,394179.512717,True
0.0,30,394228.096433,False
0.6,30,394272.056909,True
1.3,30,394318.255548,True
2.5,30,394360.740072,True
2.5,30,394403.562381,True
2.8,30,394441.654088,True
0.0,30,394484.02207,False
0.0,30,394532.005034,False
0.0,30,394577.342967,False
0.0,30,394621.289711,False
1.8,30,394665.937989,True
0.0,30,394706.195937,False
0.0,30,394752.399854,False
0.0,30,394800.11627,False
0.0,30,394840.7004,False
0.0,30,394884.964624,False
0.0,30,394928.617849,False
2.6,30,394979.243199,True
0.0,30,395024.788112,False
2.9,30,395070.943531,True
0.0,30,395115.320987,False
0.0,30,395158.294081,False
2.3,30,395200.753815,True
0.0,30,395488.264946,False
3.0,30,395530.684311,True
0.0,30,395573.23269,False
0.2,30,395618.366775,True
2.0,30,395663.274006,True
2.1,30,395713.986087,True
2.7,30,395756.635371,True
1.7,30,395805.463065,True
3.0,30,395849.131717,True
2.6,30,395893.640769,True
0.0,30,395935.932875,False
2.9,30,395982.690825,True
0.0,30,396034.096245,False
0.0,30,396079.70339,False
2.6,30,396138.120622,True
2.7,30,396183.044489,True
0.0,30,396227.107425,False
2.6,30,396273.33222,True
2.7,30,396316.964915,True
1.3,30,396362.578131,False
0.0,30,396410.713571,False
0.0,30,396456.717091,False
1.8,30,396501.668855,True
0.0,30,396545.742851,False
2.7,30,396585.408867,True
0.0,30,396627.427876,False
0.0,30,396676.380356,False
2.1,30,396718.004546,True
2.4,30,396768.307723,True
2.5,30,396823.055184,True
2.7,30,396862.922359,True
0.0,30,396910.791501,False
0.0,30,396954.659544,False
0.0,30,397001.984803,False
2.9,30,397315.083459,True
0.0,30,397356.292038,False
0.0,30,397404.752514,False
2.8,30,397445.102223,True
1.9,30,397490.184289,True
1.9,30,397535.960294,True
3.0,30,397582.276819,True
3.0,30,397625.370413,True
0.0,30,397678.429342,False
3.0,30,397725.885888,True
2.7,30,397767.501847,True
0.0,30,397814.689909,False
0.0,30,397856.659832,False
2.7,30,397906.440732,True
1.0,30,397953.083724,True
2.6,30,398005.147432,True
0.0,30,398051.277958,False
0.0,30,398092.463927,False
0.0,30,398132.667807,False
0.0,30,398177.10196,False
0.0,30,398223.275908,False
2.6,30,398267.45967,True
2.4,30,398314.753944,True
2.6,30,398357.716713,True
2.7,30,398408.412584,True
0.0,30,398452.508339,False
0.0,30,398499.484332,False
0.0,30,398543.892077,False
2.7,30,398588.583696,True
0.0,30,398646.897417,False
2.9,30,398695.431985,True
2.6,30,398734.848055,True
2.6,30,398779.965051,True
0.0,30,398831.36714,False
0.0,30,399121.79437,False
0.0,30,399168.318827,False
0.0,30,399216.779497,False
2.0,30,399266.150822,True
2.3,30,399309.92928,True
2.3,30,399361.03294,True
0.0,30,399405.046645,False
0.0,30,399446.541844,False
2.4,30,399493.798613,True
0.9,30,399542.520581,True
2.5,30,399585.941388,True
2.5,30,399633.227141,True
0.0,30,399690.369018,False
0.0,30,399733.662837,False
2.0,30,399781.421544,True
2.4,30,399825.404202,True
0.0,30,399873.914429,False
0.0,30,399921.330846,False
0.0,30,399965.606896,False
2.8,30,400012.339501,True
2.8,30,400056.826383,True
2.5,30,400102.869954,True
0.0,30,400151.088465,False
0.0,30,400197.396018,False
2.7,30,400241.334687,True
0.0,30,400283.362974,False
0.0,30,400331.109795,False
2.7,30,400375.707015,True
2.9,30,400422.99069,True
0.0,30,400497.540295,False
0.0,30,400546.044345,False
2.4,30,400590.112685,True
2.4,30,400639.703051,True
2.8,30,400689.733742,True
0.0,30,400961.885793,False
0.0,30,401004.632685,False
2.6,30,401047.478138,True
0.0,30,401091.436574,False
0.0,30,401134.860794,False
2.1,30,401184.359875,True
0.0,30,401230.976759,False
0.0,30,401278.714829,False
0.0,30,401323.421989,False
2.8,30,401370.42465,True
0.0,30,401407.93645,False
0.0,30,401452.373711,False
2.2,30,401498.957017,True
0.0,30,401541.760886,False
2.3,30,401586.647802,True
2.7,30,401633.181846,True
2.7,30,401677.774669,True
2.7,30,401726.523248,True
0.0,30,401770.130399,False
2.0,30,401812.298164,True
2.6,30,401854.865128,True
0.0,30,401898.561606,False
0.0,30,401939.305808,False
0.0,30,401983.10984,False
2.6,30,402025.057359,True
0.0,30,402071.50607,False
0.0,30,402117.025604,False
2.1,30,402166.977051,True
3.0,30,402214.877336,True
0.0,30,402256.947505,False
2.5,30,402304.024881,True
0.0,30,402345.048505,False
2.7,30,402386.076747,True
2.1,30,402432.273421,True
0.0,30,402726.77814,False
2.6,30,402773.210494,True
2.8,30,402820.178241,True
2.3,30,402868.711923,True
0.0,30,402915.975011,False
1.7,30,402964.890138,True
1.7,30,403008.473758,True
0.1,30,403054.224319,True
2.6,30,403098.312123,True
1.5,30,403143.004956,True
2.8,30,403193.713076,True
2.5,30,403232.614794,True
2.8,30,403275.527679,True
2.8,30,403323.468289,True
0.0,30,403366.985642,False
0.0,30,403409.603202,False
2.6,30,403457.779039,True
1.8,30,403500.672942,True
2.3,30,403543.993194,True
1.9,30,403589.176837,True
0.0,30,403630.235182,False
2.0,30,403691.798041,True
0.0,30,403741.676903,False
2.7,30,403783.850493,True
0.0,30,403827.873023,False
0.0,30,403869.764127,False
2.6,30,403925.988353,True
2.3,30,403970.762904,True
2.3,30,404016.361,True
2.7,30,404056.856936,True
2.3,30,404100.499976,True
2.2,30,404150.578923,True
0.0,30,404194.256773,False
0.0,30,404251.908037,False
2.6,30,404295.119443,True
2.2,30,404545.760494,True
2.4,30,404605.880066,True
0.0,30,404656.377765,False
0.8,30,404702.051759,True
2.5,30,404741.767244,True
0.0,30,404784.035288,False
0.0,30,404827.905667,False
0.0,30,404873.010748,False
0.0,30,404911.552001,False
2.7,30,404955.990311,True
2.7,30,405003.518461,True
0.0,30,405043.006769,False
0.0,30,405086.998346,False
2.7,30,405130.837404,True
2.6,30,405175.149097,True
2.7,30,405220.281183,True
1.7,30,405263.255095,True
0.0,30,405308.128722,False
2.9,30,405355.537933,True
0.0,30,405413.575506,False
2.0,30,405457.081308,True
2.8,30,405500.240939,True
0.0,30,405540.57724,False
0.0,30,405586.540512,False
0.0,30,405632.861352,False
2.7,30,405682.219863,True
0.0,30,405728.869381,False
3.0,30,405775.371621,True
0.0,30,405823.771006,False
2.6,30,405869.814879,True
2.2,30,405916.689313,True
2.8,30,405960.589258,True
0.0,30,406004.495847,False
2.8,30,406046.666655,True
0.0,30,406329.279497,False
2.8,30,406374.11959,True
0.0,30,406421.789294,False
0.0,30,406469.515248,False
0.0,30,406512.843741,False
2.7,30,406555.148215,True
2.6,30,406597.236042,True
0.0,30,406644.350298,False
2.2,30,406688.48331,True
0.0,30,406738.964548,False
2.3,30,406783.847385,True
1.4,30,406832.928591,True
0.0,30,406881.065056,False
0.0,30,406926.892567,False
2.8,30,406967.292547,True
0.0,30,407015.837773,False
2.8,30,407056.590294,True
0.0,30,407099.772285,False
2.3,30,407147.904441,True
0.0,30,407197.313051,False
2.5,30,407241.981471,True
0.0,30,407290.088815,False
0.0,30,407336.441382,False
2.5,30,407391.994424,True
0.0,30,407437.939577,False
2.1,30,407487.149749,True
1.8,30,407541.891197,True
0.0,30,407589.247037,False
2.1,30,407634.366739,True
0.0,30,407674.719943,False
1.5,30,407719.750049,True
0.0,30,407762.843885,False
2.6,30,407805.325866,True
2.5,30,407862.244394,True
2.9,30,408144.020134,True
2.7,30,408189.18097,True
0.0,30,408233.762878,False
0.0,30,408283.54244,False
2.7,30,408329.922531,True
2.2,30,408377.857466,True
0.0,30,408429.948595,False
2.5,30,408474.950579,True
0.0,30,408516.801571,False
2.8,30,408563.494523,True
2.7,30,408611.478811,True
2.9,30,408657.442086,False
0.8,30,408702.55471,True
0.0,30,408746.908508,False
2.8,30,408787.566895,True
3.0,30,408832.672642,True
0.0,30,408874.72742,False
2.8,30,408918.175445,True
0.0,30,408977.030739,False
2.6,30,409026.134295,True
0.0,30,409077.066953,False
0.0,30,409118.090498,False
2.3,30,409162.050345,True
3.0,30,409207.596592,True
1.6,30,409256.014612,True
0.0,30,409304.792948,False
0.0,30,409350.187839,False
0.7,30,409392.847159,True
2.7,30,409442.973819,True
0.0,30,409485.56616,False
0.0,30,409531.156724,False
2.2,30,409574.071555,True
1.8,30,409616.571932,False
0.0,30,409661.987865,False
0.0,30,409943.908992,False
0.0,30,409987.514235,False
2.6,30,410033.435629,True
0.0,30,410076.206441,False
0.8,30,410128.203173,False
2.8,30,410173.192508,True
2.8,30,410215.715184,True
3.0,30,410261.162894,True
0.0,30,410312.448359,False
0.0,30,410358.663402,False
0.0,30,410409.265293,False
2.2,30,410455.649326,True
2.8,30,410506.834718,True
2.8,30,410545.424338,True
2.8,30,410592.107417,True
2.4,30,410638.773532,True
2.3,30,410683.273607,True
0.0,30,410725.484577,False
2.6,30,410768.275581,True
0.0,30,410816.31597,False
0.0,30,410859.624111,False
2.4,30,410905.287139,True
0.0,30,410958.12158,False
0.0,30,411000.419623,False
2.9,30,411049.382565,True
2.5,30,411093.781797,True
0.0,30,411133.157043,False
0.0,30,411178.730556,False
2.3,30,411227.949808,True
0.0,30,411274.59345,False
0.0,30,411320.886566,False
0.0,30,411365.256457,False
1.8,30,411414.851916,True
0.0,30,411459.262303,False
2.4,30,411775.790128,True
2.6,30,411819.26575,True
2.6,30,411869.076206,True
0.0,30,411914.922113,False
2.8,30,411962.164701,True
0.0,30,412007.480509,False
0.0,30,412055.198147,False
2.8,30,412097.048233,True
0.0,30,412142.927891,False
0.0,30,412191.908399,False
3.0,30,412236.232248,True
0.0,30,412285.260132,False
2.8,30,412333.277648,True
0.0,30,412377.063516,False
0.0,30,412417.579619,False
2.6,30,412464.223909,True
0.0,30,412516.407516,False
0.0,30,412563.666343,False
0.6,30,412607.484108,True
2.6,30,412661.875002,True
2.9,30,412710.975363,True
2.6,30,412760.364166,True
0.0,30,412804.559891,False
0.0,30,412848.174185,False
0.0,30,412893.075342,False
0.0,30,412937.277451,False
2.5,30,412979.314773,True
2.1,30,413020.260739,True
2.9,30,413064.924657,True
1.8,30,413114.956425,True
2.9,30,413163.453626,True
2.7,30,413221.934987,True
0.0,30,413268.340206,False
2.9,30,413317.352998,True
2.8,30,413593.753036,True
0.0,30,413638.230123,False
2.1,30,413688.428244,True
0.2,30,413739.568882,True
2.7,30,413781.866456,True
0.0,30,413827.003572,False
0.0,30,413867.39837,False
0.0,30,413918.23859,False
0.0,30,413961.011711,False
2.8,30,414010.709593,True
0.0,30,414060.731866,False
0.0,30,414104.323772,False
0.0,30,414144.398855,False
2.6,30,414187.743628,True
2.6,30,414236.415599,True
2.8,30,414277.196128,True
1.9,30,414321.172677,True
2.7,30,414363.581519,True
0.0,30,414413.077181,False
0.0,30,414458.219387,False
1.2,30,414499.850762,True
2.5,30,414543.44965,True
2.5,30,414591.367937,True
2.6,30,414638.084086,True
2.7,30,414685.483742,True
0.0,30,414732.532364,False
2.6,30,414771.246442,True
0.0,30,414818.849048,False
0.0,30,414862.312134,False
1.8,30,414906.368177,True
0.0,30,414955.270889,False
2.5,30,414997.262876,True
2.2,30,415045.317001,True
2.5,30,415089.776276,True
0.0,30,415377.938637,False
0.0,30,415422.466451,False
0.0,30,415469.521257,False
2.8,30,415518.263073,True
2.5,30,415560.779165,True
0.0,30,415606.945062,False
2.6,30,415650.251285,True
3.0,30,415695.368453,True
2.1,30,415740.461557,True
0.0,30,415785.276385,False
2.4,30,415827.500452,True
0.0,30,415870.613957,False
0.0,30,415923.058254,False
2.4,30,415965.028768,True
3.0,30,416012.593876,True
2.7,30,416052.756459,True
0.0,30,416097.605968,False
0.1,30,416154.24449,False
0.9,30,416201.711903,True
0.9,30,416250.384236,True
2.3,30,416296.723284,True
0.0,30,416342.557415,False
2.5,30,416382.678746,True
0.0,30,416424.170457,False
1.0,30,416476.882563,False
0.0,30,416521.611625,False
2.8,30,416567.29801,True
2.7,30,416612.498582,True
0.0,30,416655.332367,False
2.7,30,416700.151348,True
0.0,30,416744.164851,False
3.0,30,416797.949527,True
0.0,30,416847.50632,False
0.0,30,416891.37064,False
2.6,30,417192.90517,True
2.6,30,417237.713471,True
2.8,30,417285.877893,True
2.6,30,417332.134419,True
2.8,30,417378.77474,True
2.8,30,417426.397769,True
2.9,30,417465.614739,True
0.0,30,417514.410691,False
0.0,30,417564.806414,False
0.0,30,417607.543771,False
2.3,30,417648.663228,True
2.7,30,417693.782071,True
0.0,30,417738.622084,False
2.5,30,417782.328379,True
2.6,30,417826.988058,True
0.0,30,417884.193205,False
2.8,30,417932.577415,True
0.0,30,417975.382919,False
0.8,30,418021.076601,True
2.5,30,418062.007712,True
2.7,30,418104.046349,True
2.8,30,418154.367816,True
2.8,30,418193.443184,True
2.7,30,418231.478675,True
0.0,30,418279.956505,False
1.6,30,418321.308787,True
0.0,30,418369.513042,False
0.0,30,418411.026929,False
0.0,30,418455.751143,False
2.6,30,418497.938369,True
2.7,30,418542.439266,True
2.3,30,418582.84735,True
0.0,30,418627.276654,False
0.0,30,418673.623636,False
0.0,30,418718.444904,False
0.0,30,419000.769796,False
2.5,30,419045.726374,True
0.0,30,419093.340627,False
2.4,30,419143.894869,True
2.6,30,419188.36317,True
2.6,30,419232.924024,True
0.0,30,419283.795443,False
0.0,30,419331.916733,False
0.4,30,419379.673694,False
2.8,30,419438.584118,True
2.6,30,419483.255077,True
2.4,30,419529.392149,True
0.0,30,419571.186167,False
0.9,30,419617.481224,False
0.0,30,419660.908005,False
0.0,30,419706.162367,False
0.0,30,419747.914948,False
0.0,30,419791.756082,False
3.0,30,419834.217021,True
2.7,30,419875.688516,True
3.0,30,419926.229634,True
0.0,30,419971.194677,False
0.0,30,420013.907466,False
0.0,30,420057.331594,False
2.6,30,420100.163547,True
1.9,30,420147.148005,True
0.0,30,420194.483247,False
2.7,30,420234.024865,True
0.0,30,420278.917886,False
2.8,30,420324.843916,True
0.0,30,420364.654161,False
0.0,30,420409.961712,False
2.9,30,420467.894581,True
0.0,30,420508.943583,False
0.0,30,420819.188839,False
0.0,30,420864.406703,False
2.7,30,420907.731557,True
3.0,30,420957.852263,True
2.1,30,420997.688891,True
2.5,30,421053.528761,True
2.1,30,421097.291795,True
2.4,30,421146.926563,True
2.8,30,421193.577749,True
0.0,30,421237.383618,False
2.7,30,421284.379859,True
0.0,30,421327.958114,False
0.0,30,421375.969911,False
1.1,30,421424.060267,True
2.3,30,421474.803619,True
0.0,30,421519.077897,False
2.8,30,421563.75269,True
2.2,30,421612.951115,True
2.1,30,421650.066588,True
0.0,30,421692.727971,False
0.0,30,421737.270727,False
0.0,30,421783.517301,False
0.0,30,421830.983983,False
2.7,30,421882.532447,True
0.0,30,421924.608767,False
1.3,30,421972.184819,True
0.0,30,422017.432218,False
2.5,30,422065.267855,True
3.0,30,422113.051214,True
2.8,30,422160.366469,True
2.8,30,422202.027963,True
2.9,30,422252.272384,True
2.3,30,422293.701518,False
2.6,30,422338.581948,True
0.7,30,422672.196259,False
0.0,30,422715.832425,False
1.6,30,422763.923172,True
0.0,30,422827.538601,False
2.0,30,422870.841672,True
2.3,30,422916.891031,True
0.0,30,422960.250775,False
0.0,30,423003.170182,False
3.0,30,423050.622248,True
2.7,30,423099.274457,True
2.7,30,423142.414026,True
2.4,30,423186.343433,True
0.0,30,423231.775763,False
0.0,30,423271.502326,False
2.7,30,423315.164934,True
2.7,30,423363.959106,True
0.2,30,423411.93455,True
1.5,30,423453.186329,True
2.5,30,423494.516667,True
1.5,30,423541.279113,True
0.0,30,423588.345133,False
2.9,30,423635.426137,True
0.0,30,423675.916928,False
0.4,30,423718.241398,True
2.7,30,423758.507347,True
2.8,30,423797.765911,True
0.0,30,423840.881435,False
3.0,30,423887.508448,True
0.0,30,423938.280671,False
2.7,30,423976.51609,True
1.8,30,424021.086047,True
0.0,30,424076.24014,False
0.0,30,424117.516843,False
0.0,30,424162.974899,False
0.0,30,424489.520425,False
0.0,30,424536.815601,False
2.6,30,424581.431941,True
2.8,30,424628.905484,True
1.6,30,424679.260446,False
0.0,30,424729.593232,False
2.2,30,424772.307099,True
1.0,30,424815.910155,False
2.9,30,424858.580179,True
2.6,30,424904.300668,True
0.0,30,424955.675903,False
0.0,30,424998.361699,False
0.0,30,425043.966823,False
0.7,30,425090.846051,True
2.2,30,425130.199127,True
0.0,30,425173.286317,False
0.0,30,425218.792923,False
0.0,30,425262.213197,False
0.0,30,425308.509071,False
2.2,30,425353.069419,True
0.0,30,425394.045805,False
2.9,30,425436.553461,True
0.0,30,425479.322788,False
0.0,30,425528.001312,False
1.5,30,425575.373157,True
2.3,30,425618.086845,True
2.6,30,425672.643968,True
0.0,30,425717.44574,False
0.0,30,425763.551652,False
3.0,30,425802.544256,True
2.4,30,425848.988102,True
0.0,30,425891.742787,False
2.8,30,425936.212932,True
0.3,30,425984.896608,False
2.7,30,426299.286968,True
2.3,30,426342.721232,True
2.5,30,426389.71858,True
2.6,30,426460.062352,True
2.1,30,426512.422575,True
0.0,30,426556.360097,False
0.0,30,426601.650943,False
0.0,30,426656.581731,False
2.5,30,426704.892373,True
0.5,30,426752.142013,True
0.0,30,426800.497761,False
0.0,30,426845.975835,False
0.0,30,426893.829115,False
2.5,30,426941.632644,True
2.6,30,426989.223778,True
2.2,30,427031.623909,True
2.8,30,427076.431443,True
0.0,30,427119.778876,False
2.8,30,427166.847887,True
0.0,30,427211.45203,False
2.6,30,427260.43369,True
0.0,30,427309.652693,False
0.0,30,427359.145787,False
2.9,30,427403.135981,True
1.7,30,427448.693511,True
0.0,30,427496.099915,False
1.8,30,427538.888664,True
1.1,30,427585.407101,True
3.0,30,427630.672809,True
2.9,30,427679.295878,True
2.2,30,427725.401108,True
3.0,30,427771.721165,True
3.0,30,427821.360994,True
0.0,30,427863.193457,False
2.9,30,428218.061778,True
0.0,30,428263.375938,False
2.6,30,428308.110447,True
1.8,30,428351.712532,True
1.9,30,428401.317911,True
1.8,30,428448.230194,True
2.5,30,428492.86152,True
2.8,30,428539.640892,True
0.0,30,428583.479197,False
0.0,30,428626.804105,False
0.0,30,428679.361943,False
0.0,30,428728.34044,False
2.7,30,428774.069631,True
3.0,30,428817.580683,True
2.4,30,428864.086376,True
2.9,30,428905.989043,True
2.3,30,428950.896973,True
1.4,30,428996.196004,True
0.0,30,429043.094163,False
3.0,30,429086.932935,True
0.0,30,429128.528497,False
1.9,30,429182.880047,True
2.7,30,429230.702526,True
0.0,30,429275.60735,False
2.6,30,429320.447728,True
2.6,30,429362.563191,True
2.6,30,429412.419431,True
2.0,30,429456.505554,True
0.0,30,429501.269715,False
2.0,30,429550.069437,True
2.4,30,429595.383566,True
2.9,30,429638.453737,True
0.0,30,429693.45282,False
0.0,30,429739.041446,False
0.4,30,430091.956339,False
3.0,30,430133.300603,True
0.0,30,430177.799014,False
1.7,30,430226.982852,True
0.0,30,430276.741829,False
3.0,30,430320.259589,True
0.0,30,430368.095106,False
2.6,30,430415.765861,True
2.8,30,430460.298132,True
2.9,30,430512.951338,True
3.0,30,430558.52154,True
2.8,30,430611.653567,True
0.0,30,430663.962617,False
2.7,30,430712.47964,True
2.7,30,430760.847231,True
2.1,30,430808.729427,True
2.7,30,430862.184308,True
2.0,30,430902.478826,True
0.0,30,430950.572004,False
0.0,30,430994.000074,False
0.0,30,431037.868088,False
2.7,30,431086.778801,True
3.0,30,431137.140972,True
2.8,30,431188.626298,True
0.0,30,431234.402652,False
2.8,30,431277.794309,True
2.6,30,431327.833774,True
0.0,30,431371.942668,False
3.0,30,431419.030707,True
2.8,30,431467.880664,True
2.6,30,431519.012553,True
2.9,30,431568.422302,True
2.3,30,431616.376855,True
2.8,30,431663.550665,True
0.0,30,431706.21921,False
2.1,30,432042.855754,True
0.0,30,432085.119686,False
2.5,30,432133.07564,True
0.0,30,432187.587218,False
2.4,30,432230.794398,True
2.5,30,432279.376274,True
0.0,30,432328.41562,False
0.0,30,432376.105798,False
2.7,30,432424.381454,True
2.5,30,432467.631235,True
2.1,30,432515.125295,True
0.0,30,432564.641326,False
3.0,30,432606.880361,True
2.5,30,432663.750399,True
0.0,30,432708.985829,False
0.0,30,432755.752328,False
0.0,30,432802.945889,False
0.0,30,432850.608309,False
2.5,30,432892.241627,True
2.6,30,432936.67303,True
0.0,30,432980.112985,False
1.1,30,433027.038816,False
2.5,30,433076.526302,True
2.3,30,433123.560599,True
0.0,30,433169.163066,False
0.0,30,433213.096905,False
3.0,30,433252.642908,True
0.0,30,433300.492878,False
0.0,30,433345.831103,False
2.6,30,433391.153801,True
2.9,30,433438.740785,True
2.4,30,433487.112469,True
0.0,30,433535.481705,False
3.0,30,433578.103805,True
0.0,30,433933.669531,False
2.7,30,433981.456439,True
2.6,30,434029.321782,True
2.2,30,434074.359994,True
2.7,30,434115.274309,True
2.4,30,434163.635813,True
2.7,30,434210.899875,True
3.0,30,434254.546173,True
0.0,30,434298.356105,False
2.5,30,434346.828863,True
2.5,30,434396.946758,True
2.9,30,434445.409428,True
0.0,30,434495.375869,False
2.8,30,434543.538082,True
0.0,30,434588.732989,False
0.0,30,434631.794989,False
0.0,30,434681.640671,False
2.8,30,434734.392628,True
2.6,30,434778.337523,True
0.0,30,434825.0788,False
0.0,30,434868.687937,False
0.0,30,434912.530948,False
0.0,30,434963.858541,False
0.0,30,435010.587225,False
0.0,30,435057.724884,False
2.6,30,435105.109825,True
2.6,30,435150.147951,True
0.9,30,435195.223499,False
0.0,30,435238.341236,False
2.8,30,435287.047292,True
2.7,30,435335.303408,True
2.6,30,435383.925516,True
0.0,30,435430.637377,False
0.0,30,435476.963182,False
0.0,30,435828.539547,False
0.0,30,435872.426392,False
0.0,30,435920.273177,False
2.2,30,435964.389047,True
2.6,30,436016.646128,True
1.8,30,436062.428519,True
0.0,30,436110.404186,False
0.0,30,436151.667849,False
2.8,30,436198.865468,True
0.0,30,436245.48053,False
0.0,30,436287.23116,False
2.7,30,436334.273097,True
2.5,30,436384.802073,True
0.0,30,436434.708474,False
0.0,30,436482.790359,False
0.0,30,436531.413223,False
2.9,30,436584.957886,True
2.1,30,436630.320422,True
0.0,30,436674.303203,False
2.2,30,436726.069215,True
0.0,30,436769.981345,False
2.7,30,436820.871992,True
0.0,30,436863.492579,False
1.7,30,436916.472976,True
0.0,30,436962.29057,False
0.0,30,437012.879683,False
3.0,30,437060.527574,True
0.0,30,437106.061449,False
2.0,30,437148.951864,True
0.0,30,437202.119624,False
0.0,30,437248.024556,False
0.0,30,437297.714468,False
3.0,30,437340.901521,True
3.0,30,437387.687766,True
2.6,30,437726.095125,True
0.0,30,437779.842054,False
2.0,30,437830.522221,True
2.1,30,437889.084127,True
3.0,30,437937.165885,True
0.0,30,437982.036058,False
3.0,30,438031.062151,True
2.6,30,438078.475347,True
2.1,30,438125.556682,True
0.0,30,438170.427857,False
0.0,30,438217.540374,False
0.0,30,438266.053913,False
0.0,30,438309.563213,False
1.4,30,438356.321348,True
2.8,30,438406.839257,True
0.3,30,438452.920687,True
2.4,30,438498.473526,False
2.8,30,438546.561468,True
2.7,30,438590.191355,True
2.6,30,438640.047858,True
0.0,30,438685.312832,False
2.8,30,438731.367947,True
2.7,30,438782.715927,True
2.9,30,438827.404818,True
0.0,30,438873.029274,False
2.4,30,438921.370332,True
1.8,30,438970.1177,True
2.7,30,439021.841435,True
3.0,30,439068.712472,True
2.8,30,439119.785847,True
0.0,30,439168.980149,False
2.8,30,439219.101127,True
2.0,30,439271.572893,True
2.8,30,439319.36984,True
0.0,30,439644.203562,False
1.8,30,439687.200381,True
2.9,30,439740.994678,True
2.8,30,439793.365285,True
2.4,30,439845.317476,True
0.0,30,439890.944849,False
2.4,30,439937.819176,True
2.5,30,439984.955279,True
0.0,30,440039.917301,False
3.0,30,440088.972694,True
0.0,30,440138.139123,False
2.8,30,440189.91137,True
2.6,30,440236.49591,True
1.7,30,440281.327103,True
0.0,30,440330.456238,False
0.5,30,440374.490865,True
1.8,30,440418.733357,True
2.9,30,440464.516682,True
0.0,30,440510.332863,False
0.0,30,440555.587431,False
0.0,30,440599.479601,False
2.3,30,440651.373883,True
0.0,30,440697.468786,False
0.0,30,440747.756278,False
3.0,30,440797.451059,True
2.7,30,440838.848293,True
2.6,30,440887.538348,True
2.6,30,440939.289485,True
2.2,30,440981.86613,True
3.0,30,441030.922829,True
0.0,30,441089.944984,False
2.7,30,441134.19183,True
2.6,30,441185.87014,True
0.0,30,441233.841035,False
0.3,30,441574.223707,False
0.0,30,441621.931165,False
2.5,30,441671.17033,True
3.0,30,441722.35118,True
0.0,30,441767.260136,False
2.7,30,441811.873515,True
0.0,30,441862.081329,False
0.0,30,441909.03972,False
2.4,30,441955.747677,True
0.0,30,442001.8974,False
0.0,30,442053.531945,False
0.0,30,442095.331034,False
2.8,30,442143.985341,True
2.8,30,442190.783168,True
2.3,30,442233.405514,True
0.0,30,442277.324113,False
2.5,30,442331.227346,True
0.0,30,442377.841209,False
0.0,30,442423.113357,False
0.0,30,442478.142451,False
2.7,30,442521.675289,True
2.8,30,442566.081988,True
2.9,30,442614.397784,True
0.0,30,442657.499103,False
0.0,30,442698.055011,False
2.9,30,442743.479787,True
0.0,30,442788.453667,False
3.0,30,442829.206005,True
2.6,30,442872.186643,True
2.6,30,442909.960308,True
2.0,30,442954.204435,True
0.0,30,443001.004274,False
0.0,30,443044.029012,False
2.4,30,443091.668251,True
2.7,30,443440.270083,True
0.0,30,443490.090241,False
2.6,30,443534.030958,True
3.0,30,443583.309011,True
0.0,30,443630.096103,False
2.8,30,443676.578991,True
0.0,30,443725.855834,False
0.0,30,443768.820928,False
0.0,30,443815.887343,False
2.8,30,443861.769531,True
0.0,30,443907.512881,False
0.0,30,443955.592623,False
2.5,30,443997.977463,True
2.2,30,444046.70242,True
0.0,30,444095.930019,False
0.0,30,444151.610268,False
0.0,30,444199.315134,False
0.0,30,444244.010135,False
1.4,30,444288.758304,True
2.7,30,444335.006054,True
0.0,30,444381.117682,False
2.3,30,444422.980611,True
0.0,30,444466.247228,False
3.0,30,444515.464445,True
1.8,30,444565.13544,False
0.0,30,444609.01378,False
2.8,30,444654.560643,True
2.7,30,444701.064128,True
2.9,30,444750.951327,True
0.6,30,444798.376369,True
2.7,30,444850.572171,True
2.4,30,444897.104961,True
2.1,30,444947.667979,True
2.8,30,444992.085831,True
2.8,30,445335.230367,True
2.1,30,445382.24303,True
0.0,30,445429.396427,False
0.0,30,445479.284824,False
0.0,30,445527.96495,False
2.2,30,445572.672889,True
0.0,30,445612.366701,False
2.5,30,445655.412193,True
1.2,30,445699.533132,False
0.0,30,445746.994596,False
0.0,30,445792.556586,False
2.6,30,445845.635936,True
0.0,30,445892.333125,False
0.0,30,445940.160489,False
2.8,30,445988.810889,True
3.0,30,446032.152545,True
2.0,30,446076.295695,True
0.0,30,446133.684005,False
0.0,30,446178.709573,False
0.0,30,446224.560218,False
0.0,30,446267.052835,False
2.6,30,446309.720282,True
2.7,30,446359.533782,True
2.7,30,446402.990777,True
1.5,30,446447.173544,False
0.0,30,446491.125332,False
2.5,30,446530.615905,True
0.0,30,446577.843163,False
2.7,30,446621.620987,True
2.5,30,446665.244429,True
0.0,30,446709.413256,False
1.0,30,446754.107924,True
2.6,30,446800.198477,True
0.0,30,446848.062216,False
0.0,30,446894.035972,False
0.0,30,447242.842013,False
2.5,30,447286.414652,True
0.0,30,447333.34863,False
0.0,30,447382.856209,False
2.7,30,447426.090508,True
2.8,30,447472.778995,True
0.0,30,447516.67008,False
0.0,30,447561.871905,False
1.8,30,447616.922885,True
0.0,30,447660.205931,False
0.0,30,447704.404655,False
0.9,30,447753.164211,True
0.0,30,447801.408635,False
0.0,30,447847.667114,False
0.0,30,447894.4396,False
2.8,30,447938.283011,True
2.9,30,447986.662736,True
2.5,30,448031.173101,True
0.0,30,448075.16964,False
1.7,30,448119.729617,True
2.9,30,448172.310812,True
2.4,30,448223.381236,True
0.0,30,448264.569297,False
1.7,30,448309.053627,False
0.0,30,448359.105816,False
2.8,30,448406.087535,True
0.0,30,448459.561158,False
0.0,30,448510.558767,False
0.0,30,448555.122062,False
2.3,30,448606.201035,True
0.0,30,448653.891988,False
2.4,30,448704.029292,True
2.3,30,448750.636871,True
0.0,30,448793.644884,False
2.5,30,449148.309001,True
2.4,30,449196.449705,True
0.0,30,449242.698449,False
0.0,30,449287.183427,False
2.7,30,449337.362623,True
2.5,30,449376.593398,True
0.0,30,449423.044158,False
2.4,30,449463.62214,True
0.0,30,449510.204046,False
0.0,30,449557.051832,False
2.9,30,449600.251666,True
0.0,30,449642.115858,False
2.7,30,449695.042736,True
2.3,30,449742.934499,True
2.3,30,449786.466395,True
2.7,30,449825.795436,True
2.2,30,449874.161062,True
2.8,30,449916.865321,True
2.1,30,449963.931872,True
2.9,30,450007.533871,True
2.4,30,450055.579373,True
0.0,30,450100.670881,False
0.0,30,450142.258164,False
2.4,30,450187.952552,True
2.9,30,450235.485871,True
0.0,30,450280.449088,False
0.0,30,450325.877876,False
0.0,30,450370.052573,False
0.0,30,450422.093383,False
0.0,30,450465.162564,False
0.0,30,450507.753018,False
2.7,30,450550.366353,True
2.5,30,450593.289417,True
2.1,30,450644.656338,True
2.8,30,450985.51649,True
2.8,30,451031.450913,True
2.6,30,451074.696455,True
0.0,30,451120.633381,False
2.5,30,451169.007897,True
0.0,30,451216.002143,False
0.0,30,451262.826243,False
2.6,30,451308.086377,True
0.0,30,451351.011452,False
0.0,30,451392.047467,False
2.6,30,451438.195398,True
0.0,30,451477.958683,False
3.0,30,451525.263711,True
3.0,30,451573.052048,True
2.4,30,451627.046774,True
3.0,30,451668.42573,True
2.1,30,451710.072934,True
2.4,30,451754.089159,True
2.6,30,451794.610686,True
0.0,30,451840.929782,False
0.0,30,451888.758654,False
0.8,30,451938.580538,True
0.0,30,451984.328248,False
3.0,30,452024.166876,True
2.8,30,452066.710335,True
2.6,30,452118.813088,True
0.0,30,452165.779213,False
1.9,30,452214.295318,True
2.8,30,452255.287046,True
0.0,30,452300.724821,False
2.5,30,452347.119146,True
0.0,30,452394.105551,False
2.6,30,452444.433986,True
2.8,30,452490.313617,True
0.0,30,452822.947857,False
2.8,30,452875.67884,True
0.0,30,452920.850372,False
1.6,30,452964.658543,False
0.0,30,453011.551918,False
0.0,30,453053.351979,False
0.0,30,453095.177907,False
2.8,30,453147.140194,True
2.8,30,453192.728763,True
0.0,30,453237.377676,False
0.0,30,453284.517762,False
0.0,30,453330.155478,False
1.5,30,453379.845574,True
2.1,30,453428.489609,True
0.0,30,453476.151042,False
2.9,30,453522.216096,True
0.0,30,453572.232954,False
0.0,30,453622.349148,False
2.7,30,453667.023005,True
0.0,30,453710.981588,False
0.0,30,453754.433206,False
0.0,30,453796.686534,False
2.4,30,453839.97326,True
2.9,30,453883.411064,True
0.0,30,453930.766651,False
0.0,30,453979.342285,False
2.1,30,454035.10513,True
0.0,30,454082.104834,False
0.0,30,454130.203367,False
2.4,30,454174.029728,True
0.0,30,454219.928657,False
0.0,30,454268.784544,False
2.4,30,454318.227833,True
2.9,30,454362.788777,True
2.7,30,454704.573548,True
3.0,30,454753.626235,True
2.8,30,454800.252499,True
2.7,30,454842.271069,True
1.6,30,454883.152443,True
2.3,30,454929.125851,True
1.9,30,454979.873239,True
0.0,30,455023.854953,False
0.0,30,455069.529454,False
1.9,30,455113.315706,True
2.6,30,455163.426829,True
0.0,30,455209.021855,False
0.0,30,455250.836566,False
2.5,30,455300.745663,True
0.0,30,455344.390968,False
2.5,30,455392.701195,True
2.5,30,455434.745173,True
3.0,30,455479.459583,True
0.0,30,455524.081754,False
0.0,30,455566.873646,False
2.8,30,455613.975197,True
2.4,30,455664.167387,True
0.0,30,455712.811082,False
0.0,30,455756.883554,False
0.0,30,455805.449194,False
3.0,30,455855.294607,True
0.0,30,455901.054302,False
0.0,30,455946.60753,False
2.6,30,455992.585115,True
3.0,30,456040.174016,True
3.0,30,456085.424276,True
0.0,30,456130.024807,False
2.7,30,456174.484936,True
2.8,30,456224.033496,True
0.0,30,456560.677179,False
2.4,30,456605.597866,True
0.0,30,456647.662372,False
0.0,30,456694.191059,False
0.0,30,456738.002802,False
2.7,30,456780.279932,True
1.6,30,456827.583633,True
2.6,30,456870.173227,True
1.8,30,456915.910228,True
2.9,30,456960.817408,True
2.5,30,457009.528705,True
0.0,30,457057.241968,False
2.5,30,457105.352012,True
2.6,30,457153.07801,True
0.0,30,457195.839251,False
0.0,30,457240.853304,False
2.8,30,457291.628561,True
0.0,30,457336.451174,False
0.0,30,457386.711274,False
2.0,30,457435.245773,True
2.3,30,457481.920676,True
0.0,30,457526.062833,False
0.0,30,457571.649133,False
2.9,30,457617.30841,True
0.0,30,457660.111692,False
0.0,30,457708.172025,False
0.2,30,457757.358714,True
2.7,30,457800.293867,True
0.0,30,457848.419191,False
2.4,30,457898.555638,True
2.7,30,457940.939832,True
1.7,30,457982.667792,True
0.0,30,458026.122692,False
2.9,30,458074.887013,True
0.0,30,458395.098796,False
0.0,30,458438.394732,False
0.0,30,458486.920115,False
2.5,30,458532.14738,True
2.7,30,458577.895458,True
2.7,30,458625.378584,True
0.0,30,458672.893656,False
0.0,30,458724.902295,False
0.0,30,458775.734983,False
0.0,30,458818.306582,False
0.0,30,458863.507797,False
2.9,30,458909.07801,True
0.0,30,458952.500555,False
2.9,30,458992.859348,True
2.3,30,459036.23635,True
2.7,30,459084.838811,True
0.0,30,459136.544244,False
2.7,30,459183.77446,True
1.2,30,459231.338821,True
1.5,30,459278.454921,True
0.0,30,459326.045868,False
0.0,30,459367.543937,False
2.9,30,459418.112327,True
0.0,30,459468.400546,False
0.0,30,459515.729426,False
2.5,30,459554.319964,True
0.0,30,459598.772638,False
0.0,30,459644.516669,False
2.7,30,459687.873922,True
0.0,30,459735.529363,False
0.3,30,459782.142063,True
0.0,30,459827.346218,False
2.5,30,459870.748895,True
2.8,30,459922.294363,True
0.0,30,459965.293879,False
2.4,30,460307.439237,True
3.0,30,460350.627315,True
0.0,30,460396.762907,False
0.0,30,460448.985633,False
0.0,30,460490.961273,False
0.0,30,460533.437715,False
3.0,30,460575.650735,True
2.1,30,460623.200106,True
0.0,30,460669.173571,False
2.0,30,460723.14031,True
0.0,30,460769.307916,False
0.0,30,460819.18552,False
0.0,30,460865.992047,False
0.0,30,460910.583598,False
0.0,30,460955.570086,False
2.5,30,461005.145167,True
2.8,30,461051.302262,True
0.0,30,461094.777682,False
3.0,30,461142.575245,True
0.0,30,461198.28518,False
3.0,30,461244.659406,True
2.8,30,461294.26576,True
2.6,30,461340.206704,True
0.0,30,461382.116682,False
2.5,30,461423.332005,True
0.0,30,461468.316598,False
2.7,30,461511.509441,True
2.9,30,461554.207838,True
2.5,30,461601.517086,True
0.0,30,461650.201079,False
2.3,30,461695.10597,True
2.8,30,461744.523689,True
2.8,30,461793.968511,True
2.5,30,461838.379878,True
0.0,30,462170.709755,False
2.8,30,462218.027769,True
2.9,30,462264.00079,True
0.0,30,462307.897785,False
0.0,30,462360.080308,False
0.0,30,462408.939937,False
1.5,30,462466.657269,True
0.0,30,462515.10196,False
2.8,30,462559.946689,True
0.0,30,462605.491458,False
2.8,30,462651.499086,True
3.0,30,462694.087934,True
0.0,30,462740.596767,False
0.0,30,462783.852977,False
2.5,30,462833.976606,True
2.5,30,462884.715682,True
2.9,30,462930.380827,True
0.0,30,462969.985903,False
0.0,30,463010.084247,False
2.7,30,463053.490668,True
1.7,30,463102.326477,True
2.7,30,463146.653661,True
0.0,30,463192.100432,False
1.9,30,463237.928263,True
2.9,30,463287.264231,True
0.0,30,463330.196324,False
0.0,30,463374.03139,False
0.0,30,463418.37985,False
0.0,30,463461.821738,False
3.0,30,463507.503293,True
2.3,30,463555.026164,True
0.0,30,463614.205624,False
0.0,30,463658.901485,False
0.0,30,463706.713755,False
2.0,30,464053.03916,True
0.0,30,464101.526553,False
2.7,30,464145.723026,True
3.0,30,464191.784863,True
2.7,30,464234.375744,True
2.2,30,464280.700661,True
0.0,30,464321.502846,False
2.1,30,464368.225074,True
2.9,30,464415.261086,True
0.0,30,464461.051846,False
0.0,30,464503.844174,False
2.7,30,464547.835428,True
2.5,30,464593.19187,True
0.0,30,464639.228154,False
0.0,30,464685.51417,False
2.0,30,464731.116721,True
2.7,30,464778.359983,True
0.0,30,464826.811354,False
2.8,30,464870.830828,True
0.0,30,464922.559055,False
0.0,30,464969.149809,False
1.9,30,465018.588824,True
0.0,30,465065.47205,False
0.0,30,465119.882692,False
2.8,30,465167.138191,True
2.7,30,465207.621711,True
2.2,30,465248.179589,True
2.7,30,465293.910394,True
2.8,30,465338.983657,True
0.0,30,465383.566507,False
0.0,30,465426.008358,False
0.0,30,465470.716317,False
0.0,30,465515.308242,False
0.0,30,465564.218387,False
2.4,30,465918.125683,True
0.0,30,465963.893766,False
0.0,30,466008.608771,False
0.0,30,466054.672524,False
2.1,30,466105.204996,True
0.0,30,466152.473762,False
0.0,30,466202.435173,False
3.0,30,466249.135556,True
2.5,30,466297.61825,True
0.0,30,466340.976903,False
2.6,30,466387.209114,True
2.6,30,466430.555866,True
2.8,30,466480.936754,True
1.6,30,466529.789017,True
0.0,30,466574.794557,False
2.3,30,466625.786296,True
2.7,30,466666.003276,True
0.0,30,466716.708508,False
0.0,30,466764.939093,False
0.0,30,466809.322422,False
3.0,30,466857.072701,True
0.0,30,466904.195114,False
0.0,30,466953.285109,False
2.0,30,466998.32004,True
2.7,30,467040.772437,True
2.6,30,467084.88337,False
0.0,30,467135.463386,False
0.0,30,467179.756664,False
2.6,30,467226.944258,True
0.0,30,467273.793908,False
0.0,30,467320.806292,False
3.0,30,467365.341733,True
2.5,30,467407.079126,True
2.7,30,467451.925994,True
0.0,30,467814.497915,False
2.5,30,467859.983303,True
0.0,30,467907.80743,False
0.0,30,467954.036496,False
1.2,30,468001.830391,False
2.5,30,468052.887426,True
2.8,30,468102.290477,True
0.0,30,468144.676977,False
0.0,30,468191.384544,False
2.8,30,468237.09933,True
2.6,30,468281.417812,True
0.0,30,468324.515735,False
0.0,30,468374.524797,False
0.0,30,468419.577525,False
2.6,30,468468.556703,True
0.0,30,468514.24196,False
2.7,30,468561.714219,True
2.4,30,468605.855733,True
2.6,30,468654.844354,True
0.0,30,468702.392805,False
0.0,30,468747.440722,False
2.3,30,468789.660539,True
0.0,30,468834.711967,False
2.8,30,468880.110044,True
0.0,30,468934.87545,False
2.3,30,468983.461415,True
2.5,30,469028.952425,True
2.5,30,469076.092499,True
2.8,30,469119.158359,True
0.0,30,469166.292484,False
2.1,30,469224.498752,True
2.7,30,469273.461426,True
0.0,30,469317.248852,False
2.7,30,469361.841424,True
0.0,30,469703.071397,False
3.0,30,469752.067164,True
2.6,30,469802.674674,True
0.0,30,469849.126332,False
0.0,30,469889.573591,False
2.7,30,469936.750301,True
2.7,30,469987.106174,True
2.9,30,470036.515371,True
2.6,30,470095.242396,True
0.0,30,470140.263405,False
2.7,30,470203.983483,True
0.0,30,470251.729186,False
2.6,30,470295.730277,True
0.0,30,470340.351592,False
2.7,30,470388.090455,True
0.3,30,470438.317444,True
0.0,30,470490.714038,False
3.0,30,470535.822047,True
0.0,30,470585.083185,False
0.0,30,470633.049834,False
2.4,30,470682.565806,True
2.8,30,470733.907538,True
0.0,30,470784.867508,False
3.0,30,470831.326161,True
0.0,30,470874.552373,False
0.0,30,470931.697753,False
2.5,30,470974.89515,True
2.9,30,471020.133504,True
2.7,30,471065.186346,True
0.0,30,471131.552771,False
2.8,30,471181.061352,True
2.6,30,471230.048176,True
2.8,30,471275.941569,True
2.5,30,471320.774228,True
2.5,30,471646.662579,True
0.0,30,471693.784768,False
0.0,30,471744.234678,False
2.5,30,471793.227715,True
2.8,30,471839.773609,True
0.0,30,471889.835872,False
0.0,30,471934.599433,False
3.0,30,471978.991777,True
2.6,30,472024.743916,True
0.0,30,472071.303185,False
2.7,30,472114.593753,True
0.0,30,472167.16034,False
2.5,30,472210.840274,True
1.7,30,472280.439552,True
0.0,30,472330.515684,False
0.0,30,472383.581506,False
0.0,30,472429.365957,False
0.0,30,472475.170925,False
0.0,30,472519.131157,False
2.0,30,472567.103531,True
2.5,30,472610.659121,True
2.6,30,472656.500875,True
0.0,30,472702.501695,False
2.5,30,472753.941421,True
3.0,30,472805.955004,True
2.5,30,472860.349824,True
0.8,30,472906.950023,True
2.5,30,472955.879946,True
3.0,30,473006.296659,True
0.0,30,473054.778442,False
2.9,30,473104.725395,True
0.0,30,473152.218001,False
0.0,30,473200.781729,False
0.0,30,473246.113138,False
2.6,30,473572.90828,True
2.9,30,473621.368438,True
0.0,30,473669.554519,False
0.0,30,473716.239209,False
0.0,30,473764.200858,False
0.0,30,473804.557691,False
0.0,30,473850.959986,False
2.6,30,473893.284715,True
2.7,30,473937.331136,True
0.0,30,473986.744032,False
0.0,30,474034.493706,False
2.4,30,474081.779691,True
0.0,30,474131.105206,False
2.2,30,474176.949637,True
0.0,30,474222.546071,False
0.0,30,474266.645756,False
0.0,30,474312.491939,False
0.0,30,474355.059831,False
0.0,30,474400.333412,False
0.0,30,474449.088646,False
0.0,30,474496.638109,False
0.0,30,474544.920447,False
0.0,30,474591.131518,False
0.0,30,474634.147743,False
2.7,30,474691.926715,True
0.0,30,474739.185802,False
0.0,30,474786.020811,False
2.7,30,474833.350735,True
0.0,30,474884.287447,False
0.0,30,474932.699922,False
0.0,30,474982.307131,False
2.7,30,475033.764845,True
2.7,30,475077.200794,True
2.6,30,475135.847874,True
2.4,30,475186.167829,True
2.8,30,475524.072172,True
2.6,30,475570.496737,True
0.5,30,475617.4678,True
2.3,30,475666.494995,True
2.9,30,475716.648423,True
3.0,30,475763.737506,True
0.0,30,475810.114631,False
3.0,30,475854.995532,True
0.0,30,475904.794065,False
2.6,30,475949.415029,True
2.1,30,475993.810305,True
2.8,30,476033.509207,True
0.0,30,476082.191247,False
0.0,30,476133.985442,False
2.9,30,476178.325502,True
0.0,30,476224.218525,False
1.5,30,476270.783316,True
2.7,30,476317.116987,True
0.1,30,476364.189052,True
1.2,30,476413.367416,False
0.0,30,476464.011343,False
2.7,30,476508.529364,True
0.0,30,476556.859099,False
0.0,30,476602.505005,False
0.0,30,476647.628695,False
0.0,30,476693.487342,False
0.0,30,476739.063868,False
0.0,30,476782.257988,False
0.0,30,476828.302927,False
2.8,30,476876.138178,True
0.0,30,476919.03892,False
2.7,30,476967.674102,True
1.5,30,477013.907165,True
2.6,30,477066.911044,True
0.0,30,477378.701458,False
2.5,30,477426.502976,True
2.5,30,477475.480753,True
2.7,30,477519.82112,True
2.5,30,477561.455674,True
2.8,30,477604.326679,True
2.5,30,477649.456006,True
0.0,30,477694.954412,False
2.3,30,477742.159973,True
0.4,30,477794.519099,True
2.8,30,477843.635098,True
0.0,30,477883.172658,False
2.8,30,477924.430248,True
0.0,30,477967.305981,False
2.9,30,478011.847052,True
2.6,30,478072.48759,True
3.0,30,478114.909818,True
2.9,30,478172.610411,True
2.6,30,478226.405184,True
2.3,30,478271.595062,True
2.6,30,478316.583191,True
1.6,30,478362.633549,True
0.0,30,478410.547424,False
0.0,30,478467.736162,False
0.0,30,478515.572537,False
2.6,30,478557.794402,True
2.6,30,478601.99083,True
0.0,30,478641.962129,False
0.0,30,478687.04353,False
0.0,30,478730.842664,False
3.0,30,478775.677089,True
0.0,30,478822.693151,False
2.3,30,478866.485111,True
0.0,30,478919.251683,False
0.0,30,479238.548315,False
1.9,30,479282.429739,True
0.0,30,479324.809207,False
0.0,30,479369.421061,False
2.8,30,479412.04863,True
3.0,30,479458.775884,True
0.4,30,479502.020725,True
1.2,30,479546.860855,True
0.0,30,479592.708396,False
0.0,30,479640.335773,False
0.9,30,479692.74291,True
2.7,30,479742.629427,True
2.3,30,479788.690539,True
0.0,30,479834.698967,False
2.8,30,479878.849351,True
2.4,30,479925.985835,True
0.0,30,479971.176608,False
2.0,30,480015.230015,True
0.0,30,480064.358681,False
0.0,30,480113.222869,False
2.2,30,480157.449596,False
2.4,30,480204.577785,True
0.0,30,480253.611577,False
0.0,30,480298.171992,False
0.0,30,480342.215637,False
2.6,30,480385.95665,True
0.0,30,480430.158026,False
0.0,30,480471.570857,False
2.5,30,480516.690691,True
2.6,30,480583.987968,True
2.9,30,480626.458109,True
2.7,30,480670.660343,True
0.0,30,480723.881943,False
0.0,30,480770.733688,False
2.5,30,481111.875415,True
0.0,30,481154.909443,False
2.6,30,481203.400117,True
2.6,30,481250.1478,True
0.0,30,481299.119339,False
0.0,30,481344.400699,False
2.4,30,481393.623258,True
2.7,30,481441.348693,True
0.0,30,481480.662358,False
3.0,30,481527.131348,True
2.4,30,481580.210474,True
0.0,30,481624.504964,False
2.8,30,481672.632106,True
0.0,30,481716.415027,False
0.0,30,481765.319373,False
0.0,30,481820.366383,False
2.5,30,481866.338062,True
2.0,30,481911.943662,True
2.5,30,481958.232764,True
2.2,30,482005.663047,True
1.3,30,482047.916136,True
2.7,30,482101.81161,True
2.7,30,482152.574949,True
0.0,30,482196.873253,False
0.0,30,482241.102126,False
2.1,30,482282.206831,True
0.0,30,482325.655275,False
0.0,30,482369.325041,False
2.5,30,482414.546786,True
0.0,30,482459.637924,False
2.5,30,482507.779316,True
0.9,30,482554.864511,True
2.5,30,482602.957463,True
1.2,30,482650.045321,True
2.7,30,482981.847708,True
0.0,30,483028.133374,False
0.0,30,483073.922914,False
0.0,30,483123.369479,False
2.5,30,483167.456996,True
0.0,30,483216.408197,False
0.0,30,483257.056226,False
0.0,30,483297.534496,False
2.6,30,483355.17558,True
0.0,30,483397.48686,False
3.0,30,483441.966107,True
2.6,30,483487.36586,True
2.8,30,483533.620965,True
1.6,30,483577.745759,True
0.0,30,483621.955122,False
0.0,30,483668.672377,False
2.8,30,483714.832362,True
2.3,30,483764.161659,True
3.0,30,483808.880582,True
2.4,30,483856.435147,True
0.0,30,483903.217721,False
2.8,30,483954.670436,True
2.7,30,483998.018523,True
0.0,30,484047.021092,False
3.0,30,484098.293162,True
2.8,30,484146.464359,True
2.5,30,484196.319772,True
2.4,30,484244.625103,True
2.4,30,484292.866278,True
2.5,30,484335.461805,True
2.2,30,484379.614226,True
2.6,30,484429.631978,True
0.0,30,484473.844431,False
0.0,30,484518.5738,False
3.0,30,484861.772017,True
0.0,30,484910.046082,False
0.0,30,484956.191737,False
3.0,30,485005.268604,True
2.9,30,485048.955351,True
0.0,30,485095.568947,False
2.6,30,485140.549334,True
3.0,30,485187.830008,True
0.0,30,485236.649324,False
1.9,30,485284.604738,True
0.0,30,485328.714171,False
0.0,30,485372.186053,False
0.0,30,485413.87042,False
0.0,30,485463.669985,False
2.2,30,485509.218288,True
2.6,30,485559.445619,True
2.2,30,485604.051007,True
2.7,30,485648.461927,True
2.7,30,485697.202172,True
2.4,30,485740.847556,True
0.0,30,485791.460327,False
0.0,30,485839.258554,False
0.0,30,485882.593518,False
2.3,30,485926.068599,True
3.0,30,485968.634647,True
0.0,30,486017.6327,False
3.0,30,486067.665196,True
2.6,30,486119.408202,True
0.0,30,486166.07999,False
2.8,30,486215.21534,True
0.0,30,486266.059259,False
0.0,30,486308.088619,False
1.0,30,486355.134284,True
1.1,30,486397.261703,True
2.5,30,486730.941108,True
0.0,30,486773.372748,False
0.0,30,486818.153768,False
2.2,30,486861.747816,True
1.9,30,486908.490288,True
0.0,30,486954.386162,False
3.0,30,487002.258637,True
2.5,30,487041.825039,True
2.7,30,487085.015766,True
0.0,30,487136.552202,False
0.0,30,487185.508445,False
0.0,30,487229.794394,False
2.7,30,487276.153026,True
2.8,30,487325.473987,True
0.0,30,487373.853135,False
0.7,30,487420.077535,True
0.0,30,487465.045211,False
0.0,30,487507.959503,False
3.0,30,487554.473731,True
2.8,30,487600.282902,True
0.0,30,487660.485831,False
2.3,30,487708.248436,True
2.3,30,487748.446522,True
0.0,30,487794.122499,False
2.6,30,487841.645199,True
0.0,30,487885.099878,False
2.7,30,487936.817433,True
0.0,30,487992.348817,False
1.4,30,488040.04674,True
0.0,30,488084.299274,False
0.0,30,488133.066959,False
2.8,30,488181.673261,True
0.9,30,488229.924389,True
2.5,30,488281.280606,True
0.0,30,488322.488283,False
2.9,30,488624.678174,True
0.0,30,488670.503092,False
2.8,30,488716.25345,True
2.3,30,488760.014437,True
0.0,30,488801.880876,False
2.6,30,488849.171525,True
2.7,30,488901.005695,True
0.0,30,488944.98436,False
0.0,30,488994.744593,False
0.0,30,489037.001554,False
2.5,30,489081.766749,True
2.1,30,489131.250952,True
0.0,30,489179.091678,False
0.0,30,489227.827705,False
0.0,30,489279.156797,False
2.7,30,489325.682935,True
0.0,30,489367.700347,False
0.1,30,489411.691271,False
0.0,30,489455.219114,False
0.0,30,489506.567934,False
2.7,30,489549.213479,True
0.0,30,489602.47967,False
3.0,30,489645.509239,True
0.0,30,489687.256566,False
0.0,30,489738.919212,False
2.5,30,489783.264787,True
3.0,30,489830.279594,True
1.6,30,489871.428798,True
0.0,30,489916.526082,False
0.0,30,489964.701785,False
0.0,30,490011.16628,False
0.0,30,490059.306434,False
2.5,30,490102.894554,True
0.0,30,490144.178189,False
2.8,30,490453.613348,True
0.0,30,490499.605693,False
0.0,30,490551.756338,False
2.6,30,490597.713747,True
2.7,30,490645.176618,True
2.7,30,490701.60112,True
2.7,30,490749.832787,True
2.7,30,490799.402025,True
0.0,30,490842.168598,False
0.0,30,490888.891706,False
2.8,30,490938.300007,True
2.2,30,490984.236785,True
2.8,30,491027.845444,True
0.0,30,491073.448523,False
0.0,30,491127.918709,False
2.9,30,491175.901216,True
2.9,30,491226.03261,True
0.0,30,491273.243262,False
2.6,30,491325.844857,True
2.3,30,491367.966852,True
0.0,30,491418.051265,False
2.2,30,491464.785816,True
2.4,30,491512.736837,True
2.8,30,491558.562995,True
2.6,30,491609.022183,True
0.0,30,491655.859096,False
0.0,30,491707.606244,False
0.0,30,491747.654726,False
0.0,30,491792.928728,False
2.7,30,491836.747405,True
2.5,30,491886.244687,True
0.0,30,491932.305888,False
0.0,30,491974.514946,False
2.4,30,492018.072055,True
2.7,30,492345.613365,True
0.0,30,492395.738264,False
0.0,30,492447.569907,False
2.2,30,492509.852293,True
0.0,30,492550.506878,False
0.0,30,492595.557936,False
2.4,30,492640.758723,True
3.0,30,492686.687413,True
0.0,30,492741.315232,False
0.0,30,492785.67703,False
0.0,30,492833.36809,False
2.4,30,492874.667906,True
0.0,30,492919.636617,False
2.0,30,492975.537121,True
0.0,30,493019.189153,False
2.8,30,493062.749123,True
0.0,30,493107.652285,False
2.5,30,493152.411608,True
2.5,30,493197.388496,True
0.0,30,493246.299127,False
0.0,30,493290.907475,False
2.6,30,493337.53637,True
0.0,30,493385.712126,False
2.5,30,493430.986207,True
2.3,30,493476.102383,True
0.8,30,493529.970288,True
0.0,30,493578.506073,False
1.8,30,493621.638668,True
2.0,30,493666.925673,True
0.0,30,493714.670515,False
2.7,30,493757.555778,True
2.8,30,493801.860241,True
2.2,30,493845.173004,True
0.0,30,493887.888364,False
0.0,30,494232.093843,False
2.8,30,494285.762837,True
1.1,30,494329.125912,True
0.0,30,494371.127631,False
0.0,30,494427.963259,False
0.0,30,494476.892471,False
2.8,30,494522.434376,True
0.0,30,494566.651959,False
2.6,30,494613.207759,True
2.5,30,494659.660764,True
2.4,30,494702.088068,True
0.0,30,494746.722755,False
1.0,30,494811.729428,True
2.7,30,494867.104472,True
0.0,30,494913.688886,False
0.0,30,494961.41061,False
2.3,30,495006.525837,True
2.8,30,495050.495727,True
0.0,30,495097.898915,False
2.8,30,495150.275876,True
2.7,30,495196.72987,True
2.5,30,495243.57358,True
0.0,30,495287.389613,False
2.9,30,495339.928049,True
2.0,30,495382.269672,True
0.0,30,495433.592933,False
2.7,30,495474.977246,True
0.0,30,495519.5165,False
2.0,30,495564.649576,True
0.0,30,495609.078917,False
0.0,30,495660.402709,False
2.5,30,495705.525049,True
0.0,30,495756.594548,False
2.2,30,495801.79313,True
2.8,30,496132.364393,True
2.7,30,496176.400704,True
2.7,30,496222.474042,True
0.0,30,496267.807899,False
0.0,30,496310.736867,False
0.0,30,496353.676003,False
0.0,30,496400.254072,False
0.0,30,496442.157016,False
0.0,30,496490.570778,False
0.0,30,496537.07793,False
2.5,30,496583.830666,True
0.0,30,496627.856582,False
2.2,30,496679.686909,True
0.0,30,496732.685196,False
0.0,30,496780.28851,False
2.6,30,496820.729975,True
0.0,30,496866.588764,False
2.5,30,496912.587315,True
0.0,30,496965.623715,False
0.0,30,497010.278242,False
0.0,30,497057.218374,False
2.4,30,497102.970742,True
2.7,30,497146.845879,True
2.8,30,497200.039516,True
0.0,30,497243.079284,False
0.0,30,497293.796631,False
0.0,30,497341.120461,False
0.0,30,497389.155257,False
2.8,30,497437.062391,True
2.8,30,497485.42307,True
0.0,30,497530.529306,False
0.0,30,497572.751644,False
2.0,30,497624.027997,True
2.5,30,497666.983531,True
2.7,30,497985.05088,True
0.0,30,498030.498904,False
0.0,30,498076.27686,False
2.6,30,498121.251508,True
2.4,30,498162.959661,True
2.8,30,498204.694129,True
2.3,30,498263.653245,True
0.0,30,498308.926188,False
0.0,30,498356.625774,False
2.9,30,498401.411355,True
2.9,30,498443.513603,True
0.0,30,498488.981151,False
2.8,30,498530.887073,True
2.7,30,498582.12313,True
2.5,30,498631.151737,True
0.0,30,498675.347098,False
0.0,30,498719.005972,False
0.0,30,498759.021005,False
0.0,30,498798.391558,False
0.0,30,498843.336694,False
0.9,30,498889.626346,True
0.0,30,498931.21181,False
2.4,30,498977.48018,True
2.7,30,499020.371603,True
3.0,30,499064.944892,True
0.0,30,499109.72775,False
2.6,30,499157.010284,True
0.0,30,499203.707066,False
2.7,30,499242.850572,True
0.0,30,499288.305132,False
0.0,30,499327.395248,False
2.7,30,499373.39217,True
0.0,30,499423.314644,False
2.6,30,499472.763661,True
0.0,30,499810.293976,False
0.0,30,499855.126523,False
3.0,30,499899.168789,True
2.3,30,499946.488505,False
0.0,30,500001.565419,False
0.0,30,500041.587849,False
0.0,30,500083.540608,False
0.0,30,500130.461797,False
0.0,30,500176.427098,False
0.0,30,500222.307564,False
2.7,30,500269.819589,True
1.7,30,500313.923246,False
0.0,30,500357.265053,False
0.0,30,500404.414461,False
0.0,30,500455.155464,False
0.0,30,500499.625466,False
0.0,30,500549.059369,False
2.9,30,500593.523527,True
0.0,30,500641.575359,False
0.0,30,500690.205869,False
0.0,30,500737.662465,False
0.0,30,500784.548578,False
2.6,30,500825.283174,True
0.0,30,500879.058468,False
0.9,30,500923.980763,True
2.8,30,500977.882257,True
0.0,30,501023.192829,False
2.0,30,501065.720226,True
2.3,30,501105.919966,True
0.0,30,501155.04514,False
0.0,30,501201.325948,False
2.6,30,501246.660855,True
2.9,30,501286.934855,True
0.0,30,501329.433841,False
2.8,30,501698.145339,True
2.5,30,501747.631962,True
0.0,30,501795.984033,False
0.0,30,501849.628066,False
2.9,30,501895.388014,True
0.0,30,501946.120814,False
2.6,30,501996.698124,True
2.6,30,502047.877343,True
2.5,30,502094.075747,True
2.8,30,502143.029449,True
0.0,30,502190.002814,False
2.5,30,502235.616596,True
2.5,30,502282.829351,True
2.6,30,502331.538979,True
0.0,30,502376.191073,False
0.0,30,502428.844385,False
0.0,30,502473.640767,False
2.0,30,502523.280717,True
1.8,30,502566.967864,True
2.6,30,502611.10139,True
0.0,30,502654.365422,False
0.0,30,502699.869497,False
0.9,30,502750.239552,True
0.0,30,502797.510193,False
0.0,30,502846.56308,False
2.7,30,502889.457633,True
3.0,30,502934.456949,True
2.8,30,502977.736831,True
0.0,30,503023.864459,False
0.0,30,503070.301054,False
0.0,30,503123.237988,False
2.8,30,503166.992976,True
2.9,30,503214.987227,True
2.7,30,503260.846923,True
2.2,30,503298.654165,True
1.2,30,503651.395821,False
2.6,30,503700.393526,True
0.0,30,503753.732628,False
0.0,30,503805.031845,False
2.8,30,503856.985078,True
1.0,30,503903.540724,True
1.3,30,503953.226412,False
0.0,30,503998.147581,False
0.0,30,504043.396651,False
0.0,30,504088.979027,False
0.0,30,504137.608535,False
0.0,30,504185.096505,False
0.0,30,504233.784997,False
2.8,30,504276.762365,True
0.0,30,504324.303568,False
0.0,30,504369.783218,False
0.0,30,504420.545138,False
2.8,30,504467.20585,True
0.0,30,504518.018175,False
0.0,30,504566.075723,False
0.0,30,504618.05295,False
0.0,30,504661.323911,False
1.9,30,504705.719372,True
2.4,30,504751.480089,True
0.0,30,504798.713428,False
0.0,30,504855.701492,False
0.0,30,504904.10051,False
0.0,30,504949.962982,False
0.0,30,504991.983283,False
2.8,30,505036.225513,True
0.0,30,505086.940647,False
0.0,30,505132.142448,False
0.0,30,505179.492334,False
0.0,30,505223.109113,False
0.0,30,505568.586414,False
0.8,30,505614.85335,True
2.6,30,505662.386161,True
0.0,30,505710.768823,False
0.0,30,505754.813959,False
2.6,30,505802.235085,True
1.9,30,505845.541558,False
0.0,30,505896.004421,False
3.0,30,505946.925942,True
2.2,30,505990.673104,True
0.0,30,506036.601414,False
2.1,30,506083.935282,True
0.0,30,506127.996642,False
2.4,30,506167.363286,True
2.8,30,506215.877983,True
0.0,30,506267.013631,False
0.0,30,506313.241423,False
2.3,30,506370.260224,True
2.8,30,506417.472274,True
2.6,30,506461.441851,True
0.0,30,506504.299057,False
0.0,30,506558.50864,False
0.0,30,506606.083562,False
2.8,30,506655.580429,True
2.3,30,506701.64956,True
0.0,30,506746.220714,False
0.0,30,506791.16462,False
2.4,30,506858.294281,True
0.0,30,506909.325337,False
2.9,30,506960.553758,True
3.0,30,507003.217014,True
0.0,30,507050.969881,False
0.0,30,507098.969919,False
2.3,30,507145.892704,True
0.0,30,507506.964541,False
3.0,30,507553.536347,True
2.8,30,507603.299797,True
0.0,30,507651.195122,False
0.0,30,507709.866606,False
0.0,30,507759.795868,False
1.0,30,507803.484175,False
0.0,30,507849.239093,False
2.7,30,507900.256049,True
2.6,30,507944.032233,True
0.0,30,507986.812676,False
1.1,30,508031.573806,True
0.0,30,508073.435477,False
0.0,30,508120.095361,False
2.3,30,508166.29073,True
0.0,30,508217.028094,False
2.4,30,508260.863021,True
0.0,30,508301.327386,False
0.0,30,508349.376006,False
0.0,30,508399.701171,False
2.5,30,508444.03624,True
2.8,30,508492.2636,True
2.5,30,508538.15268,True
2.8,30,508587.344617,True
2.8,30,508636.184161,True
2.9,30,508686.381019,True
0.0,30,508729.764148,False
0.0,30,508769.395017,False
0.0,30,508819.957631,False
0.0,30,508872.248563,False
0.0,30,508917.063607,False
1.7,30,508957.318598,True
0.1,30,509002.141617,False
1.8,30,509043.31601,True
1.9,30,509433.565228,True
0.0,30,509481.346738,False
0.0,30,509536.923243,False
0.0,30,509597.177092,False
0.0,30,509645.466651,False
2.6,30,509694.302224,True
0.0,30,509746.840299,False
2.7,30,509798.902899,True
3.0,30,509865.61743,True
2.0,30,509910.711973,True
2.7,30,509957.342419,True
0.0,30,510009.797858,False
2.5,30,510053.057267,True
2.8,30,510096.38966,True
2.8,30,510141.100614,True
2.8,30,510185.13426,True
0.0,30,510229.243401,False
0.0,30,510274.373199,False
2.6,30,510315.856713,True
0.0,30,510362.084983,False
0.0,30,510411.921356,False
0.0,30,510467.213576,False
2.4,30,510513.788331,True
2.5,30,510561.000094,True
0.0,30,510605.16416,False
0.0,30,510653.419968,False
0.0,30,510701.410241,False
2.6,30,510741.224638,True
0.0,30,510786.08158,False
0.0,30,510829.429529,False
0.0,30,510874.718246,False
2.7,30,510916.762718,True
0.0,30,510967.308044,False
2.4,30,511015.579879,True
2.4,30,511390.730053,True
0.0,30,511437.414591,False
0.6,30,511483.180628,True
0.0,30,511531.96414,False
0.0,30,511575.726468,False
0.0,30,511626.190715,False
1.8,30,511673.602673,True
0.0,30,511719.240258,False
3.0,30,511777.362684,True
0.0,30,511818.222897,False
2.7,30,511862.555898,True
2.0,30,511909.032846,True
2.9,30,511953.840876,True
0.0,30,512003.25994,False
2.4,30,512047.020985,True
0.0,30,512093.605107,False
0.7,30,512138.689288,True
2.8,30,512188.413787,True
0.0,30,512244.724484,False
0.0,30,512299.191684,False
0.0,30,512340.099578,False
2.9,30,512390.879669,True
0.0,30,512439.109363,False
2.6,30,512490.981996,True
0.0,30,512537.407326,False
0.0,30,512588.0072,False
2.9,30,512636.414821,True
2.1,30,512682.656425,True
1.7,30,512727.4926,True
2.6,30,512771.308782,True
2.5,30,512823.048586,True
0.0,30,512873.921325,False
1.9,30,512922.785314,True
0.0,30,512968.139791,False
0.0,30,513324.746678,False
2.8,30,513364.079136,True
0.0,30,513410.621234,False
2.5,30,513458.793431,True
0.0,30,513514.030924,False
0.0,30,513561.056484,False
2.5,30,513606.656951,True
2.5,30,513652.52402,True
2.8,30,513701.755945,True
2.6,30,513751.952229,True
1.2,30,513799.343801,True
0.0,30,513843.164416,False
2.3,30,513887.581164,True
2.3,30,513931.195485,True
0.0,30,513975.958945,False
2.3,30,514027.49814,True
0.0,30,514075.878306,False
2.6,30,514128.666393,True
1.8,30,514178.370846,True
2.8,30,514227.348029,True
0.0,30,514275.607948,False
2.5,30,514319.807076,True
2.5,30,514367.647496,True
2.2,30,514416.290474,True
2.9,30,514465.571766,True
0.9,30,514509.46669,True
2.8,30,514554.881726,True
2.8,30,514598.987249,True
2.5,30,514644.540494,True
0.0,30,514696.559493,False
2.4,30,514747.700468,True
0.0,30,514793.632305,False
0.0,30,514856.366788,False
2.7,30,514903.936369,True
0.0,30,515269.632646,False
0.0,30,515317.040065,False
2.8,30,515362.24339,True
2.6,30,515408.181123,True
0.8,30,515456.7306,True
2.8,30,515502.735065,True
2.8,30,515549.368367,True
2.8,30,515597.696375,True
2.6,30,515648.971133,True
2.4,30,515693.492873,True
0.0,30,515744.67253,False
0.0,30,515790.738696,False
2.9,30,515837.921741,True
0.0,30,515887.752269,False
2.8,30,515936.275509,True
0.4,30,515980.523953,True
1.5,30,516029.144434,True
0.0,30,516080.204474,False
2.9,30,516126.016888,True
0.0,30,516168.656489,False
0.0,30,516210.255579,False
2.5,30,516257.135969,True
0.0,30,516328.795993,False
0.0,30,516380.825161,False
0.0,30,516423.409007,False
0.0,30,516468.085839,False
3.0,30,516521.122699,True
2.5,30,516572.441815,True
2.9,30,516632.517679,True
2.5,30,516675.550575,True
0.0,30,516721.462003,False
0.0,30,516773.107086,False
2.8,30,516821.332477,True
0.0,30,516876.224367,False
2.8,30,516924.591335,True
0.0,30,517283.368664,False
0.0,30,517330.200391,False
2.5,30,517376.711888,True
2.8,30,517419.45381,True
2.6,30,517464.140054,True
2.7,30,517510.542821,True
0.0,30,517551.219579,False
2.6,30,517597.11737,True
0.0,30,517644.589423,False
3.0,30,517703.919726,True
2.5,30,517750.236033,True
2.7,30,517798.334839,True
2.5,30,517843.904524,True
0.0,30,517891.680293,False
2.2,30,517937.672889,True
2.4,30,517987.007522,True
2.5,30,518036.348126,True
0.0,30,518082.916726,False
2.1,30,518135.173607,False
2.6,30,518187.54328,True
0.0,30,518235.003191,False
2.8,30,518279.618633,True
2.7,30,518325.380306,True
2.4,30,518370.140878,True
2.4,30,518420.838252,True
0.0,30,518467.943265,False
0.0,30,518519.096155,False
0.0,30,518567.918961,False
2.3,30,518612.97432,True
0.0,30,518661.988016,False
0.0,30,518707.274078,False
0.0,30,518757.032835,False
2.5,30,518806.843168,True
2.9,30,518853.585601,True
0.0,30,519212.027048,False
0.0,30,519263.583887,False
2.4,30,519305.446343,True
0.0,30,519349.762214,False
2.5,30,519398.393562,True
0.0,30,519440.128048,False
0.0,30,519483.346724,False
0.0,30,519530.430037,False
0.0,30,519577.595496,False
0.0,30,519626.924937,False
0.0,30,519672.925477,False
2.7,30,519720.731746,True
0.0,30,519764.961926,False
3.0,30,519816.359685,True
0.0,30,519865.953359,False
0.0,30,519919.459879,False
3.0,30,519967.2186,True
0.0,30,520017.089581,False
2.3,30,520057.270133,True
2.8,30,520103.758171,True
1.2,30,520153.136111,True
2.6,30,520197.003409,True
0.0,30,520244.068228,False
2.8,30,520300.480584,True
2.8,30,520348.142481,True
0.0,30,520397.06145,False
0.0,30,520458.051879,False
2.9,30,520508.311393,True
0.0,30,520551.621663,False
0.0,30,520605.289337,False
2.8,30,520651.883117,True
1.4,30,520700.336169,True
2.3,30,520741.696289,True
0.0,30,520787.138692,False
1.1,30,521149.039209,True
2.0,30,521192.512872,True
2.7,30,521236.582062,True
0.0,30,521280.471698,False
3.0,30,521323.274039,True
2.8,30,521379.794014,True
2.8,30,521430.466262,True
2.2,30,521474.316285,True
0.0,30,521518.47717,False
2.3,30,521572.115995,True
0.1,30,521618.025924,True
2.8,30,521657.14826,True
0.0,30,521706.048461,False
2.3,30,521750.409629,True
0.0,30,521805.458947,False
0.0,30,521846.069806,False
3.0,30,521891.822013,True
3.0,30,521941.494112,True
2.5,30,521987.808011,True
0.8,30,522034.174294,True
2.0,30,522083.887923,True
2.7,30,522128.039724,True
2.8,30,522174.705523,True
2.8,30,522222.211837,True
0.0,30,522271.421534,False
0.0,30,522314.055842,False
0.0,30,522363.985061,False
0.0,30,522413.168644,False
2.8,30,522457.765464,True
0.0,30,522501.180378,False
2.2,30,522548.564417,True
0.1,30,522594.491588,True
0.0,30,522638.819482,False
0.0,30,522689.022331,False
0.0,30,523038.346514,False
2.6,30,523084.049155,True
2.5,30,523129.617439,True
2.5,30,523177.418545,True
2.8,30,523226.812929,True
0.0,30,523273.836254,False
3.0,30,523322.487131,True
0.0,30,523389.64187,False
2.8,30,523439.379063,True
2.4,30,523489.050758,True
2.2,30,523532.71822,True
0.0,30,523580.720314,False
1.6,30,523625.102023,True
2.7,30,523670.817321,True
2.4,30,523722.136141,True
0.0,30,523766.075243,False
2.7,30,523811.096061,True
0.0,30,523858.703307,False
0.0,30,523909.466081,False
2.2,30,523956.821655,False
0.6,30,524004.966572,True
2.6,30,524050.005226,True
2.7,30,524091.238677,True
0.0,30,524139.341088,False
0.0,30,524182.569675,False
2.7,30,524226.046478,True
2.3,30,524273.547203,True
2.8,30,524318.339166,True
2.7,30,524363.489506,True
0.0,30,524406.533459,False
0.0,30,524456.566595,False
2.7,30,524498.951893,True
2.5,30,524552.689352,True
0.0,30,524598.521079,False
2.7,30,524950.221943,True
0.9,30,524991.36946,False
0.0,30,525039.738769,False
0.0,30,525088.040269,False
0.0,30,525133.951607,False
0.0,30,525181.441717,False
2.6,30,525234.595202,True
0.0,30,525281.024813,False
0.0,30,525327.508436,False
2.8,30,525374.009479,True
2.5,30,525418.685902,True
2.3,30,525462.105421,True
0.0,30,525503.737839,False
2.6,30,525550.311327,True
0.0,30,525601.645962,False
0.0,30,525643.272698,False
3.0,30,525684.521767,True
0.0,30,525733.535035,False
2.4,30,525777.39671,True
0.0,30,525828.314763,False
2.6,30,525872.300073,True
0.0,30,525915.946711,False
3.0,30,525960.361413,True
2.1,30,526009.417602,True
0.0,30,526056.270587,False
2.9,30,526100.236567,True
2.8,30,526145.766154,True
0.9,30,526202.526498,True
0.0,30,526244.37005,False
0.0,30,526287.017865,False
2.7,30,526334.505924,True
1.8,30,526380.778345,True
0.0,30,526424.634073,False
0.0,30,526473.295553,False
0.0,30,526825.60131,False
0.0,30,526872.938221,False
0.0,30,526925.882264,False
2.8,30,526972.294574,True
3.0,30,527016.430969,True
0.0,30,527063.054527,False
2.9,30,527113.74028,True
0.0,30,527157.936495,False
2.1,30,527200.591864,True
0.0,30,527256.493843,False
0.0,30,527301.702977,False
2.8,30,527347.96817,True
0.0,30,527391.545866,False
2.9,30,527440.583117,True
3.0,30,527487.810759,True
0.0,30,527528.678698,False
0.0,30,527571.361547,False
3.0,30,527615.896095,True
2.3,30,527658.650339,True
2.7,30,527704.42963,True
0.9,30,527752.685692,False
0.0,30,527799.955262,False
0.0,30,527845.40543,False
2.5,30,527891.315288,True
0.0,30,527938.510022,False
2.5,30,527989.142302,True
2.6,30,528036.361219,True
0.0,30,528086.973812,False
0.1,30,528135.076781,True
0.0,30,528182.293156,False
0.0,30,528226.960882,False
2.8,30,528273.244843,True
0.3,30,528320.386587,True
0.0,30,528367.337713,False
1.9,30,528727.644738,True
0.0,30,528778.827519,False
2.0,30,528823.756693,True
2.6,30,528867.882431,True
0.0,30,528917.141713,False
0.0,30,528977.826577,False
0.0,30,529022.94381,False
2.5,30,529073.286151,True
0.0,30,529116.804059,False
2.7,30,529165.357651,True
2.5,30,529210.585119,True
0.0,30,529256.802813,False
3.0,30,529313.883971,True
0.0,30,529358.666222,False
2.7,30,529406.577626,True
0.0,30,529449.034801,False
3.0,30,529496.835202,True
0.0,30,529542.455766,False
2.8,30,529591.334886,True
0.0,30,529635.597291,False
2.5,30,529681.887607,True
2.5,30,529730.740762,True
2.8,30,529775.272657,True
1.2,30,529820.708313,True
0.0,30,529872.870463,False
0.0,30,529919.483594,False
2.3,30,529966.428859,True
3.0,30,530016.533826,True
1.9,30,530062.718105,True
0.0,30,530114.687136,False
0.0,30,530159.168157,False
3.0,30,530210.620107,True
2.8,30,530261.639534,True
0.0,30,530303.857651,False
2.8,30,530676.565372,True
0.0,30,530724.055467,False
2.8,30,530772.973064,True
2.2,30,530822.615517,True
2.5,30,530868.959887,True
1.8,30,530912.880965,True
2.6,30,530957.851162,True
2.7,30,530999.091353,True
3.0,30,531041.34473,True
3.0,30,531090.109969,True
2.5,30,531136.129338,True
2.4,30,531185.169045,True
2.8,30,531229.460617,True
0.0,30,531274.729189,False
0.0,30,531318.843833,False
3.0,30,531366.370297,True
2.2,30,531414.642313,True
0.0,30,531464.700393,False
0.0,30,531505.547162,False
0.0,30,531557.906359,False
0.0,30,531607.431357,False
0.0,30,531655.53574,False
0.0,30,531700.818326,False
2.9,30,531745.639053,True
1.8,30,531796.815299,True
0.0,30,531841.250466,False
0.0,30,531890.346746,False
0.5,30,531933.849314,False
2.8,30,531977.855341,True
2.5,30,532027.521445,True
0.0,30,532078.138065,False
2.4,30,532134.072939,True
0.0,30,532178.461594,False
2.5,30,532226.755242,True
0.0,30,532273.821535,False
0.0,30,532623.729867,False
1.3,30,532673.531756,True
0.0,30,532719.185338,False
1.4,30,532766.748193,True
2.8,30,532812.555143,True
0.0,30,532853.6042,False
2.3,30,532896.721507,True
0.0,30,532945.043153,False
2.4,30,532989.552161,True
2.8,30,533036.604414,True
0.0,30,533081.783872,False
2.8,30,533123.461508,True
3.0,30,533167.153278,True
0.0,30,533222.02026,False
2.7,30,533272.885633,True
0.0,30,533329.246039,False
0.0,30,533378.931573,False
2.9,30,533419.944319,True
1.6,30,533473.384979,True
1.3,30,533520.652292,True
0.0,30,533565.117278,False
2.8,30,533615.342407,True
0.0,30,533661.632093,False
0.0,30,533709.308444,False
1.7,30,533758.611271,True
0.0,30,533804.863505,False
0.0,30,533846.794496,False
2.7,30,533892.390477,True
2.2,30,533935.98807,True
0.0,30,533980.955877,False
2.2,30,534029.616062,True
0.0,30,534073.127176,False
2.7,30,534127.288827,True
0.0,30,534180.679955,False
3.0,30,534498.586705,True
0.0,30,534543.466955,False
0.0,30,534589.12371,False
2.5,30,534638.223318,True
0.0,30,534678.615179,False
0.0,30,534732.97596,False
0.0,30,534777.456621,False
0.0,30,534830.091885,False
0.5,30,534877.779036,True
2.8,30,534922.164742,True
0.1,30,534963.829004,False
2.6,30,535013.151338,True
2.4,30,535057.967498,True
1.4,30,535105.273964,True
0.0,30,535154.676136,False
0.0,30,535197.975154,False
2.8,30,535243.730501,True
0.0,30,535291.517901,False
2.4,30,535335.05976,True
0.0,30,535379.249613,False
0.0,30,535425.929321,False
2.4,30,535476.313827,True
2.6,30,535523.739083,True
2.0,30,535568.688431,True
2.7,30,535607.576513,True
1.8,30,535664.48308,True
0.0,30,535709.590175,False
0.0,30,535751.649194,False
2.3,30,535794.361742,True
0.0,30,535838.049003,False
0.0,30,535880.682667,False
2.9,30,535953.344174,True
2.5,30,536006.372026,True
2.9,30,536053.216965,True
2.3,30,536371.008373,True
2.6,30,536422.219481,True
2.3,30,536467.692955,False
3.0,30,536512.372061,True
0.0,30,536559.365983,False
2.5,30,536601.668662,True
0.0,30,536646.133074,False
2.8,30,536690.788609,True
2.2,30,536738.332221,True
0.0,30,536776.453455,False
0.0,30,536822.51133,False
2.4,30,536875.165745,True
1.0,30,536916.31078,True
0.0,30,536961.834205,False
0.0,30,537013.812099,False
0.0,30,537054.871586,False
0.0,30,537099.244907,False
2.8,30,537141.988279,True
2.6,30,537190.958227,True
1.0,30,537236.163948,True
2.4,30,537285.699167,True
1.9,30,537332.067285,True
0.0,30,537375.335663,False
2.1,30,537418.423587,True
2.2,30,537463.55963,True
0.0,30,537513.390129,False
2.6,30,537556.716395,True
2.8,30,537604.209869,True
0.0,30,537651.550092,False
0.0,30,537702.349407,False
0.0,30,537759.069575,False
2.6,30,537803.384826,True
0.0,30,537850.948115,False
0.0,30,537897.364287,False
0.0,30,538194.435477,False
1.8,30,538242.462428,True
0.8,30,538284.424961,True
2.5,30,538330.69886,True
0.0,30,538373.607398,False
0.0,30,538418.29282,False
0.7,30,538462.004975,True
0.0,30,538510.460359,False
0.0,30,538559.267921,False
1.7,30,538617.856082,True
2.8,30,538663.481689,True
0.0,30,538704.104559,False
0.0,30,538752.776069,False
2.9,30,538793.195003,True
0.0,30,538837.363306,False
0.0,30,538880.165781,False
2.5,30,538929.933346,True
2.8,30,538971.789,True
2.3,30,539020.553322,True
2.8,30,539068.124222,True
0.0,30,539116.587197,False
0.0,30,539159.484426,False
0.0,30,539204.296086,False
0.0,30,539247.792037,False
2.9,30,539297.545417,True
2.6,30,539348.539791,True
0.0,30,539393.156191,False
0.0,30,539440.067842,False
0.0,30,539480.882792,False
0.0,30,539528.55952,False
0.3,30,539576.556699,True
2.4,30,539618.155346,True
2.1,30,539668.918587,True
2.8,30,539708.941234,True
0.0,30,540079.975451,False
0.0,30,540126.346349,False
0.0,30,540171.221833,False
0.0,30,540219.270959,False
0.0,30,540266.951678,False
2.3,30,540310.510333,True
0.0,30,540357.190514,False
2.7,30,540399.155267,True
0.0,30,540449.556119,False
1.3,30,540492.901088,True
2.5,30,540538.19791,True
2.8,30,540583.749018,True
2.6,30,540630.479826,True
3.0,30,540677.986937,True
2.5,30,540726.113487,True
0.0,30,540779.692112,False
2.5,30,540835.643691,True
2.6,30,540880.745569,True
2.7,30,540926.388406,True
0.0,30,540978.686291,False
2.8,30,541023.722852,True
2.9,30,541072.098964,True
0.0,30,541117.669574,False
0.0,30,541161.856858,False
2.4,30,541211.522911,True
1.2,30,541255.342142,True
0.0,30,541298.527643,False
2.2,30,541341.329451,True
0.0,30,541387.475632,False
2.8,30,541431.50842,True
2.4,30,541476.982184,True
0.0,30,541525.381285,False
0.0,30,541574.675767,False
0.0,30,541620.943393,False
2.5,30,541983.516244,True
0.0,30,542029.35988,False
2.7,30,542074.823045,True
3.0,30,542117.370711,True
0.0,30,542160.821013,False
3.0,30,542202.962175,True
0.0,30,542249.06048,False
2.7,30,542294.388113,True
3.0,30,542339.903504,True
0.0,30,542382.301745,False
2.7,30,542428.197175,True
0.0,30,542475.260922,False
2.4,30,542526.605168,True
2.6,30,542574.294572,True
0.0,30,542631.21566,False
2.6,30,542677.318419,True
2.7,30,542723.429997,True
2.6,30,542770.382338,True
0.0,30,542827.094018,False
1.5,30,542869.517805,True
3.0,30,542915.306446,True
2.3,30,542965.98947,True
2.7,30,543008.104137,True
2.3,30,543060.260653,True
3.0,30,543110.373915,True
2.6,30,543160.901369,True
2.7,30,543203.259801,True
2.6,30,543250.003302,True
0.0,30,543294.149782,False
2.9,30,543342.02817,True
2.8,30,543394.389308,True
2.7,30,543442.378238,True
2.4,30,543488.538092,True
2.8,30,543538.287545,True
0.0,30,543874.810639,False
0.0,30,543921.246854,False
0.0,30,543969.065663,False
2.7,30,544010.172407,True
0.0,30,544058.901963,False
2.6,30,544099.651839,True
0.0,30,544144.557055,False
0.0,30,544194.273488,False
0.0,30,544241.553013,False
0.0,30,544290.111908,False
0.0,30,544333.054288,False
0.0,30,544380.051877,False
0.0,30,544425.337889,False
1.7,30,544479.352513,True
2.6,30,544546.454803,True
2.5,30,544591.690906,True
0.0,30,544635.448818,False
0.0,30,544679.352013,False
2.3,30,544726.624972,True
2.5,30,544772.906241,True
0.0,30,544816.561702,False
0.0,30,544866.196572,False
2.8,30,544910.30915,True
2.5,30,544951.539474,True
2.8,30,544997.110496,True
2.0,30,545044.782634,True
2.7,30,545089.06025,True
0.0,30,545138.90006,False
0.0,30,545183.16878,False
0.0,30,545234.033481,False
0.0,30,545280.221671,False
2.8,30,545327.222215,True
0.0,30,545371.230088,False
3.0,30,545415.729902,True
0.0,30,545463.272364,False
0.0,30,545810.536896,False
0.0,30,545858.051488,False
0.0,30,545906.024604,False
0.0,30,545956.072097,False
0.0,30,546003.893613,False
2.5,30,546045.418097,True
0.0,30,546096.497746,False
2.7,30,546138.947637,True
2.6,30,546186.427471,True
2.4,30,546235.460882,True
0.0,30,546278.52529,False
0.0,30,546319.327543,False
0.0,30,546366.843444,False
0.0,30,546407.793477,False
3.0,30,546453.61518,True
0.0,30,546499.294273,False
2.7,30,546545.246553,True
0.9,30,546592.329845,True
0.0,30,546636.531841,False
1.4,30,546691.271875,True
0.0,30,546736.746617,False
0.0,30,546781.419005,False
0.0,30,546826.916794,False
1.9,30,546872.682023,True
0.0,30,546918.700595,False
2.7,30,546966.801931,True
0.0,30,547016.734181,False
0.0,30,547063.873122,False
0.0,30,547114.159405,False
2.6,30,547163.007009,True
2.2,30,547205.307095,True
1.3,30,547249.176816,True
2.8,30,547294.963248,True
2.8,30,547339.882654,True
2.6,30,547719.364276,True
0.0,30,547767.158057,False
0.0,30,547808.472328,False
0.0,30,547857.204523,False
2.8,30,547900.589302,True
0.0,30,547951.738464,False
0.0,30,547994.998032,False
2.4,30,548082.045551,True
0.6,30,548131.286249,True
2.5,30,548181.164107,True
2.3,30,548233.204055,True
0.0,30,548272.152936,False
0.0,30,548321.92443,False
0.0,30,548369.256784,False
2.2,30,548412.131263,True
0.0,30,548454.912807,False
0.0,30,548506.777818,False
2.7,30,548553.048167,True
0.0,30,548598.045615,False
0.0,30,548644.741138,False
0.0,30,548688.093943,False
2.4,30,548732.256439,True
1.6,30,548787.519227,True
2.8,30,548830.312379,True
2.7,30,548880.739935,True
0.0,30,548932.094888,False
0.0,30,548978.165264,False
2.6,30,549027.731,True
2.3,30,549076.148291,True
2.6,30,549120.901129,True
2.6,30,549177.198433,True
2.6,30,549222.490558,True
0.0,30,549265.132802,False
0.0,30,549304.313941,False
0.0,30,549650.705304,False
1.3,30,549691.773475,True
0.0,30,549733.941566,False
0.0,30,549779.975926,False
2.3,30,549824.110428,True
0.2,30,549866.340035,True
2.3,30,549912.373462,True
0.0,30,549956.686607,False
0.0,30,549998.670509,False
2.4,30,550044.192086,True
0.0,30,550090.505426,False
2.3,30,550135.033368,True
2.7,30,550178.614249,True
3.0,30,550225.875047,True
0.8,30,550272.842533,True
0.0,30,550313.025092,False
0.0,30,550354.692604,False
0.0,30,550398.496434,False
2.6,30,550448.050524,True
3.0,30,550493.175633,True
1.6,30,550543.521653,True
0.0,30,550591.11946,False
0.0,30,550636.076438,False
0.0,30,550682.813987,False
2.5,30,550728.518718,True
2.4,30,550779.5763,True
0.0,30,550827.249514,False
2.8,30,550873.550276,True
0.0,30,550924.001679,False
2.8,30,550969.810769,True
0.0,30,551019.31064,False
2.9,30,551060.694233,True
2.2,30,551106.202129,True
0.0,30,551150.250334,False
2.5,30,551525.366499,True
2.1,30,551570.87625,True
0.0,30,551622.348944,False
0.0,30,551670.566341,False
0.0,30,551721.454252,False
0.0,30,551765.364513,False
2.8,30,551811.109674,True
0.0,30,551862.815421,False
2.4,30,551906.269263,True
2.2,30,551952.413081,True
0.0,30,552000.270448,False
0.0,30,552047.806384,False
2.6,30,552095.916163,True
0.0,30,552138.122824,False
0.0,30,552182.790796,False
0.0,30,552227.602008,False
2.9,30,552270.384287,True
0.0,30,552312.619828,False
0.0,30,552365.242685,False
3.0,30,552413.096719,True
0.0,30,552457.933422,False
2.8,30,552506.750236,True
0.0,30,552549.216235,False
0.0,30,552593.788944,False
2.9,30,552639.007595,True
2.5,30,552682.224289,True
0.0,30,552728.335784,False
0.0,30,552777.081489,False
2.7,30,552823.536689,True
1.4,30,552872.269632,True
2.7,30,552921.698225,True
0.0,30,552971.277736,False
0.0,30,553016.234354,False
0.0,30,553060.347444,False
2.5,30,553391.801724,True
0.0,30,553449.13408,False
0.0,30,553492.46382,False
0.0,30,553535.665966,False
0.0,30,553582.630596,False
0.0,30,553628.193057,False
2.6,30,553672.579714,True
0.0,30,553718.381086,False
2.1,30,553766.079387,True
0.0,30,553807.153071,False
0.0,30,553854.267494,False
0.0,30,553897.659122,False
0.0,30,553948.008479,False
2.9,30,553990.928368,True
0.0,30,554037.509035,False
0.0,30,554081.252228,False
0.0,30,554129.702024,False
2.4,30,554172.844777,True
0.0,30,554218.361677,False
0.0,30,554285.669789,False
0.0,30,554328.196535,False
0.0,30,554371.896227,False
2.1,30,554418.120104,True
2.1,30,554462.731989,True
0.0,30,554508.305871,False
2.4,30,554554.983385,True
0.0,30,554605.115143,False
2.7,30,554655.325567,True
2.8,30,554702.820572,True
0.0,30,554748.844893,False
0.0,30,554794.01597,False
0.0,30,554837.867529,False
0.0,30,554880.975495,False
0.0,30,554928.978968,False
2.0,30,555301.416867,True
2.9,30,555343.212032,True
2.5,30,555395.753243,True
1.9,30,555443.018397,True
0.0,30,555498.833817,False
2.6,30,555542.854657,True
0.0,30,555587.427067,False
0.0,30,555637.183198,False
2.6,30,555681.395814,True
0.0,30,555727.958917,False
0.0,30,555777.06045,False
2.3,30,555828.493548,True
1.8,30,555873.536271,True
2.0,30,555918.487361,True
0.0,30,555965.912145,False
1.6,30,556013.894444,True
0.0,30,556060.379852,False
0.0,30,556108.111298,False
0.0,30,556149.616212,False
2.2,30,556194.60641,True
1.5,30,556245.268957,True
2.8,30,556293.894485,True
0.0,30,556337.047334,False
0.0,30,556384.716425,False
0.0,30,556439.657164,False
2.8,30,556482.68072,True
0.0,30,556527.419522,False
0.0,30,556577.481576,False
1.3,30,556621.416562,True
0.0,30,556670.973856,False
3.0,30,556715.669246,True
3.0,30,556758.114453,True
2.8,30,556808.480533,True
0.0,30,556857.815866,False
2.6,30,557207.496102,True
2.6,30,557255.392215,True
2.6,30,557306.507963,True
0.0,30,557361.823678,False
0.0,30,557406.926905,False
0.3,30,557455.001673,True
0.0,30,557505.444964,False
0.6,30,557549.637454,True
0.0,30,557599.101864,False
0.0,30,557645.74847,False
2.7,30,557689.964648,True
2.8,30,557737.720177,True
2.6,30,557782.912158,True
0.0,30,557827.511518,False
0.0,30,557874.431306,False
0.0,30,557921.935086,False
2.4,30,557971.006616,True
0.0,30,558015.553193,False
1.1,30,558066.436785,True
2.7,30,558113.144943,True
2.8,30,558163.726835,True
2.0,30,558214.124806,True
0.0,30,558261.320847,False
0.0,30,558308.782991,False
0.0,30,558353.778668,False
3.0,30,558400.477346,True
2.8,30,558442.932571,True
0.0,30,558492.764931,False
3.0,30,558538.336776,True
2.3,30,558587.110647,True
0.0,30,558629.605574,False
0.0,30,558676.10987,False
2.3,30,558719.331415,True
0.0,30,558766.615483,False
0.0,30,559101.92336,False
2.8,30,559150.656424,True
2.2,30,559196.434477,True
1.4,30,559241.028082,True
0.0,30,559296.136016,False
2.1,30,559339.281172,True
2.7,30,559382.276781,True
0.0,30,559427.570663,False
3.0,30,559471.814089,True
1.7,30,559520.955162,True
2.6,30,559567.162152,True
3.0,30,559613.599342,True
0.0,30,559657.502302,False
0.0,30,559707.659534,False
0.0,30,559753.214715,False
2.2,30,559798.732317,True
0.7,30,559845.39964,True
0.0,30,559894.23881,False
1.2,30,559938.349873,False
0.0,30,559982.787469,False
2.4,30,560029.195105,True
0.0,30,560096.411412,False
0.0,30,560140.998165,False
2.8,30,560186.01114,True
2.9,30,560230.187977,True
0.0,30,560277.260582,False
0.0,30,560326.089964,False
1.9,30,560373.68734,True
0.0,30,560422.517172,False
2.7,30,560471.333029,True
0.0,30,560533.644077,False
2.0,30,560578.050962,True
0.0,30,560631.416576,False
0.0,30,560674.447232,False
2.4,30,560722.528137,True
0.0,30,561073.624588,False
0.0,30,561117.773809,False
2.6,30,561164.374238,True
0.0,30,561210.433321,False
0.0,30,561257.095958,False
0.0,30,561304.458731,False
2.4,30,561352.562824,True
2.3,30,561399.183127,True
0.0,30,561443.913807,False
0.0,30,561489.86388,False
2.5,30,561532.982626,True
0.0,30,561585.59618,False
3.0,30,561633.287034,True
0.0,30,561675.276851,False
0.0,30,561722.608247,False
0.0,30,561769.844046,False
2.5,30,561823.908018,True
2.2,30,561870.053026,True
2.0,30,561916.639549,True
0.0,30,561958.812849,False
2.6,30,562005.932056,True
0.0,30,562053.32153,False
2.8,30,562101.620861,True
0.0,30,562148.606883,False
0.0,30,562192.351624,False
2.7,30,562237.080192,True
2.9,30,562282.985549,True
0.0,30,562346.924741,False
2.8,30,562393.415418,True
2.1,30,562436.478901,True
3.0,30,562485.57122,True
0.0,30,562532.216347,False
2.3,30,562578.984995,True
2.7,30,562625.440794,True
0.2,30,562963.796953,False
0.0,30,563011.828,False
0.0,30,563058.144493,False
2.9,30,563105.84453,True
2.7,30,563157.663607,True
1.0,30,563205.161959,True
0.0,30,563247.137712,False
0.0,30,563296.924078,False
0.0,30,563344.125644,False
1.6,30,563390.231606,True
2.0,30,563434.914753,True
2.6,30,563479.720906,True
1.4,30,563523.939898,True
2.2,30,563569.966098,False
0.0,30,563619.61001,False
2.2,30,563661.711452,True
2.7,30,563706.668756,True
0.0,30,563751.433323,False
0.0,30,563794.769742,False
0.0,30,563837.633421,False
0.0,30,563883.58795,False
0.0,30,563928.838965,False
2.5,30,563976.992846,True
0.0,30,564025.158214,False
0.0,30,564071.504485,False
2.7,30,564121.083003,True
2.5,30,564164.179744,True
0.0,30,564218.549999,False
0.0,30,564262.48566,False
0.0,30,564310.609663,False
2.8,30,564355.954618,True
0.0,30,564404.764091,False
2.5,30,564456.227399,True
2.6,30,564506.763872,True
0.0,30,564847.902877,False
0.0,30,564889.511372,False
0.0,30,564931.314566,False
0.0,30,564975.186928,False
0.0,30,565023.165356,False
0.0,30,565076.018655,False
2.2,30,565123.076856,True
0.0,30,565168.849441,False
2.6,30,565215.514409,True
2.4,30,565259.827196,True
0.0,30,565307.243478,False
0.0,30,565350.613058,False
2.6,30,565393.193768,True
0.1,30,565438.319093,True
0.0,30,565484.846174,False
2.5,30,565536.210963,True
2.7,30,565581.133186,True
0.0,30,565627.617125,False
1.8,30,565681.152699,True
0.0,30,565727.949944,False
2.8,30,565774.735237,True
0.0,30,565822.480076,False
0.8,30,565863.976138,True
2.5,30,565914.268556,True
0.0,30,565965.647466,False
0.0,30,566007.948648,False
0.0,30,566070.25138,False
2.6,30,566117.777393,True
2.3,30,566163.724015,True
0.0,30,566214.998285,False
2.4,30,566262.692255,True
2.6,30,566303.619236,True
0.0,30,566349.968007,False
3.0,30,566399.001853,True
2.4,30,566767.858476,True
0.0,30,566813.280985,False
2.9,30,566858.256038,True
0.0,30,566901.289618,False
0.0,30,566942.6069,False
1.6,30,566991.06014,True
2.8,30,567037.374716,True
3.0,30,567084.482814,True
0.0,30,567131.603275,False
0.0,30,567177.998193,False
0.0,30,567227.998962,False
2.2,30,567269.77612,True
0.0,30,567320.357962,False
2.8,30,567366.972992,True
0.0,30,567414.130853,False
0.0,30,567463.869375,False
2.7,30,567502.378116,True
1.4,30,567552.491054,False
0.0,30,567603.496109,False
0.0,30,567643.035462,False
0.0,30,567692.492136,False
3.0,30,567745.199664,True
0.0,30,567789.11884,False
0.0,30,567833.96313,False
0.0,30,567875.848,False
2.1,30,567917.308234,True
2.8,30,567974.554219,True
2.8,30,568019.583373,True
2.1,30,568064.429262,True
2.8,30,568103.690285,True
2.5,30,568152.787369,True
0.0,30,568199.050626,False
0.0,30,568243.228261,False
2.9,30,568287.234278,True
0.5,30,568641.162465,True
0.0,30,568691.097587,False
1.3,30,568737.67117,True
0.0,30,568783.625854,False
0.0,30,568833.595201,False
1.7,30,568881.72174,False
2.6,30,568926.801697,True
2.6,30,568977.004874,True
0.0,30,569021.573977,False
2.8,30,569065.348795,True
0.0,30,569110.871419,False
2.7,30,569156.624528,True
0.0,30,569207.728626,False
0.6,30,569256.204907,False
0.0,30,569304.282581,False
0.0,30,569348.06072,False
1.3,30,569392.636232,True
2.9,30,569437.365264,True
0.0,30,569490.288989,False
2.4,30,569538.8665,True
2.1,30,569586.423194,True
0.0,30,569630.971636,False
1.7,30,569679.569483,True
0.0,30,569726.204044,False
2.7,30,569794.981845,True
2.7,30,569840.374219,True
2.7,30,569881.762017,True
0.0,30,569927.546012,False
1.6,30,569971.415636,True
0.0,30,570023.437741,False
2.6,30,570099.557312,True
2.4,30,570144.361569,True
0.0,30,570200.263041,False
0.0,30,570247.449726,False
2.8,30,570594.052595,True
2.8,30,570635.512664,True
2.8,30,570686.926958,True
2.6,30,570739.757291,True
0.0,30,570784.996439,False
2.5,30,570834.141318,True
0.0,30,570881.964029,False
0.0,30,570922.477321,False
0.0,30,570971.168289,False
2.7,30,571014.080568,True
2.4,30,571059.810465,True
2.5,30,571105.556681,True
1.6,30,571155.822351,True
3.0,30,571199.880853,True
2.8,30,571244.941236,True
0.0,30,571289.35461,False
2.6,30,571340.361087,True
0.0,30,571395.527868,False
0.0,30,571439.197803,False
1.1,30,571490.468931,True
0.0,30,571542.586985,False
0.0,30,571589.541814,False
2.8,30,571637.30711,True
2.7,30,571690.108505,True
0.0,30,571737.094218,False
2.6,30,571782.330439,True
2.8,30,571828.771061,True
0.0,30,571871.215981,False
1.0,30,571919.256336,True
1.8,30,571969.325691,True
2.4,30,572013.352231,True
0.0,30,572057.215486,False
1.9,30,572104.461215,True
0.0,30,572154.391541,False
2.4,30,572525.747036,True
2.9,30,572573.371399,True
2.7,30,572621.627264,True
0.0,30,572667.644885,False
2.3,30,572719.327097,True
2.9,30,572769.017219,True
3.0,30,572811.169136,True
2.5,30,572855.357806,True
0.0,30,572902.063089,False
0.0,30,572952.411081,False
2.1,30,573000.467498,True
2.4,30,573049.098173,True
0.0,30,573095.663538,False
0.3,30,573147.862216,True
0.0,30,573194.492937,False
0.0,30,573242.546581,False
0.0,30,573296.737881,False
0.0,30,573339.743183,False
2.9,30,573391.094706,True
2.7,30,573442.55494,True
0.0,30,573487.089578,False
2.5,30,573536.819199,True
0.0,30,573588.183925,False
2.8,30,573636.229357,True
0.0,30,573683.905503,False
1.4,30,573728.154067,True
0.0,30,573777.403129,False
2.2,30,573823.694989,True
1.0,30,573875.747812,True
0.0,30,573924.830842,False
2.1,30,573969.010245,False
0.0,30,574014.979242,False
0.0,30,574058.01788,False
2.4,30,574110.900861,True
0.0,30,574153.161465,False
1.8,30,574513.334609,True
0.0,30,574557.18459,False
0.0,30,574601.214244,False
0.0,30,574650.215001,False
0.0,30,574698.785967,False
2.0,30,574745.841695,True
2.6,30,574793.609449,True
2.8,30,574840.48396,True
2.7,30,574886.383646,True
1.2,30,574932.193942,True
0.0,30,574983.19849,False
0.0,30,575031.6954,False
0.0,30,575079.746252,False
0.0,30,575127.352407,False
2.9,30,575174.255919,True
0.0,30,575223.621865,False
0.0,30,575268.181672,False
0.0,30,575316.23738,False
0.0,30,575360.103642,False
2.7,30,575406.266859,True
0.0,30,575459.691023,False
0.0,30,575505.109535,False
3.0,30,575574.013767,True
1.4,30,575618.876599,True
0.0,30,575669.98617,False
0.0,30,575712.620176,False
2.3,30,575757.38062,True
1.6,30,575803.495992,True
0.0,30,575848.621168,False
2.5,30,575894.935101,True
2.0,30,575942.49841,True
1.1,30,575985.898083,True
2.8,30,576031.547109,True
0.8,30,576077.162711,True
0.0,30,576411.576322,False
0.0,30,576455.487885,False
2.8,30,576501.905232,True
2.8,30,576561.138192,True
2.6,30,576605.355383,True
0.0,30,576655.940203,False
3.0,30,576701.599509,True
0.0,30,576753.711543,False
2.8,30,576797.940021,True
0.0,30,576848.871164,False
2.6,30,576900.091538,True
2.5,30,576947.937627,True
2.8,30,577005.199882,True
2.8,30,577053.142887,True
0.0,30,577097.687661,False
2.7,30,577147.365686,True
2.8,30,577193.538498,True
1.2,30,577243.673432,True
2.3,30,577289.118764,True
0.0,30,577335.157512,False
2.7,30,577376.395922,True
2.8,30,577420.024495,True
2.6,30,577470.323865,True
0.0,30,577520.487332,False
2.3,30,577570.406152,True
0.0,30,577618.041686,False
3.0,30,577662.28762,True
0.0,30,577706.807132,False
0.0,30,577756.093074,False
2.4,30,577806.213369,True
2.9,30,577853.860564,True
2.8,30,577899.486271,True
0.0,30,577945.034174,False
0.0,30,577993.155795,False
2.7,30,578372.290802,True
0.0,30,578419.343632,False
0.0,30,578466.666604,False
0.7,30,578521.649334,True
2.5,30,578567.670087,True
2.4,30,578615.865868,True
2.8,30,578662.760134,True
0.0,30,578713.323756,False
0.0,30,578761.924091,False
2.6,30,578805.249263,True
3.0,30,578851.012853,True
2.4,30,578899.327876,True
2.8,30,578942.71791,True
1.8,30,578995.159904,True
0.0,30,579048.814018,False
0.0,30,579093.868063,False
0.0,30,579142.57545,False
2.9,30,579189.690871,True
2.6,30,579236.964844,True
2.8,30,579289.006733,True
0.0,30,579332.866702,False
2.0,30,579388.774664,True
3.0,30,579430.279825,True
1.5,30,579473.466812,True
2.4,30,579519.335176,True
0.0,30,579569.09645,False
0.0,30,579613.527825,False
2.2,30,579662.020515,True
2.1,30,579709.421548,True
0.0,30,579765.132692,False
0.0,30,579813.378637,False
0.0,30,579858.059651,False
2.3,30,579905.726624,True
2.3,30,579955.138133,True
0.0,30,580292.012185,False
2.4,30,580348.540619,True
2.9,30,580392.584377,True
2.9,30,580439.613608,True
2.7,30,580483.081992,True
0.0,30,580541.368284,False
2.6,30,580592.278824,True
2.0,30,580664.255782,True
2.6,30,580715.063997,True
2.3,30,580761.371912,True
0.0,30,580806.649642,False
2.6,30,580857.502708,True
0.0,30,580920.746893,False
0.0,30,580968.607797,False
0.0,30,581019.311303,False
0.0,30,581070.56344,False
2.4,30,581122.530323,True
0.0,30,581174.242936,False
2.5,30,581221.877838,True
0.0,30,581271.556107,False
2.0,30,581320.715169,True
0.0,30,581366.569683,False
0.0,30,581417.209647,False
0.0,30,581466.258038,False
2.3,30,581517.911168,True
1.4,30,581563.259076,True
2.4,30,581610.83267,True
0.0,30,581654.651551,False
2.7,30,581706.503887,True
2.8,30,581751.2701,True
2.8,30,581801.199597,True
0.0,30,581855.023155,False
0.0,30,581901.820377,False
2.7,30,581978.852559,True
0.5,30,582340.341692,True
0.0,30,582386.101494,False
3.0,30,582428.850238,True
0.0,30,582482.13301,False
0.0,30,582525.167888,False
0.0,30,582574.850321,False
2.8,30,582622.969567,True
0.0,30,582678.374482,False
2.6,30,582728.460163,True
2.7,30,582780.980356,True
0.0,30,582822.895594,False
2.7,30,582869.345667,True
0.0,30,582924.110261,False
0.0,30,582969.915291,False
2.8,30,583015.630745,True
2.6,30,583064.946671,True
2.4,30,583117.022743,True
1.2,30,583161.911058,True
0.0,30,583209.288969,False
0.0,30,583250.326256,False
0.0,30,583295.064868,False
2.6,30,583346.513651,True
0.0,30,583397.093291,False
0.2,30,583440.989597,True
2.6,30,583482.96773,True
0.0,30,583527.75562,False
0.0,30,583582.883464,False
2.7,30,583633.091013,True
3.0,30,583677.803524,True
0.0,30,583731.701913,False
0.0,30,583780.212267,False
3.0,30,583824.821699,True
2.6,30,583881.060268,True
3.0,30,583928.222758,True
