#{"t_start": 1770256120.2333438, "env_id": "FetchBridgeBullet7Blocks-v1"}
r,l,t,is_success
0.0,30,94.110882,False
1.3,30,155.872989,True
0.0,30,211.507881,False
0.0,30,273.040643,False
2.6,30,324.690738,True
0.0,30,385.777358,False
0.0,30,454.406847,False
3.0,30,500.297587,True
0.0,30,562.820099,False
1.2,30,628.561903,True
1.5,30,687.61108,True
0.0,30,751.637851,False
3.0,30,808.160777,True
0.0,30,862.844326,False
0.0,30,922.355647,False
0.0,30,984.479354,False
2.9,30,1048.340622,True
1.6,30,1108.188498,True
0.0,30,1177.326123,False
0.0,30,1253.523955,False
0.0,30,1325.551331,False
0.0,30,1379.207017,False
0.0,30,1438.256018,False
0.0,30,1499.58677,False
0.0,30,1566.973075,False
0.0,30,1631.298816,False
0.0,30,1694.406546,False
0.0,30,1758.638761,False
0.0,30,1821.146134,False
0.0,30,1890.563751,False
0.0,30,1962.959958,False
0.0,30,2029.994417,False
0.0,30,2095.64329,False
3.0,30,2149.501147,True
0.0,30,2559.349831,False
0.7,30,2616.269804,True
0.0,30,2680.81746,False
0.0,30,2745.238324,False
0.0,30,2802.492345,False
0.0,30,2864.717935,False
0.0,30,2926.215783,False
0.0,30,2989.020138,False
0.0,30,3055.036217,False
0.0,30,3124.453469,False
2.7,30,3188.888549,True
3.0,30,3248.939744,True
2.9,30,3316.563472,True
0.0,30,3373.034763,False
0.0,30,3440.770023,False
0.0,30,3501.947479,False
3.0,30,3565.515414,True
0.0,30,3628.547729,False
2.1,30,3686.137224,True
0.0,30,3742.371414,False
0.0,30,3804.265073,False
0.0,30,3863.53189,False
2.9,30,3926.852184,True
0.0,30,3986.576912,False
2.2,30,4038.256686,True
2.1,30,4092.70378,True
0.0,30,4154.369294,False
0.0,30,4212.709704,False
0.2,30,4276.564063,True
0.0,30,4338.673998,False
3.0,30,4407.307966,True
0.0,30,4464.064471,False
0.0,30,4521.067135,False
0.0,30,4580.819063,False
0.0,30,5060.26437,False
0.0,30,5121.90237,False
2.2,30,5169.902783,True
2.6,30,5222.136347,True
2.5,30,5290.604818,True
0.0,30,5353.997044,False
2.9,30,5414.264242,True
2.8,30,5474.387264,True
0.0,30,5529.692471,False
1.7,30,5580.816864,True
2.6,30,5637.408713,True
0.0,30,5705.931705,False
0.0,30,5760.056769,False
2.3,30,5820.738348,True
0.0,30,5875.971121,False
0.0,30,5932.796207,False
0.0,30,5988.340105,False
0.0,30,6049.231282,False
2.5,30,6101.212953,True
2.6,30,6158.473651,True
0.0,30,6224.728904,False
3.0,30,6285.464388,True
3.0,30,6350.457408,True
0.0,30,6405.608913,False
0.9,30,6461.093868,True
0.0,30,6523.930848,False
0.0,30,6587.347349,False
0.0,30,6643.329201,False
0.0,30,6697.562588,False
0.0,30,6758.300031,False
0.0,30,6832.946568,False
0.0,30,6886.227711,False
0.0,30,6941.843901,False
0.0,30,7006.74628,False
0.0,30,7426.259062,False
2.1,30,7483.066754,True
1.2,30,7544.723378,True
0.0,30,7603.714818,False
0.0,30,7651.37142,False
2.9,30,7699.077783,True
0.0,30,7752.949013,False
0.0,30,7815.613815,False
0.0,30,7862.623655,False
0.0,30,7930.57193,False
0.0,30,7988.148466,False
2.7,30,8049.027822,True
0.0,30,8109.283881,False
1.7,30,8161.990885,True
0.0,30,8223.650016,False
0.0,30,8272.472813,False
0.0,30,8336.86799,False
0.0,30,8391.391189,False
0.0,30,8452.171651,False
0.0,30,8516.05301,False
0.0,30,8572.420086,False
0.0,30,8632.654456,False
2.8,30,8690.8692,True
3.0,30,8744.464305,True
2.6,30,8804.881374,True
0.0,30,8861.78387,False
2.8,30,8922.806394,True
0.0,30,8978.313811,False
0.0,30,9049.269981,False
1.2,30,9101.377515,True
0.0,30,9172.575224,False
0.0,30,9238.943483,False
0.0,30,9285.293375,False
0.0,30,9341.58944,False
0.0,30,9721.52241,False
0.0,30,9782.510396,False
2.6,30,9845.771615,True
2.2,30,9905.437365,True
0.8,30,9967.74209,True
1.9,30,10025.869141,True
0.0,30,10098.078144,False
2.6,30,10154.108068,True
2.8,30,10204.620982,True
1.6,30,10263.4645,False
0.0,30,10325.190407,False
0.0,30,10393.817399,False
0.0,30,10451.82494,False
2.1,30,10521.593895,True
3.0,30,10591.060003,True
0.0,30,10654.629738,False
0.5,30,10721.093839,True
0.0,30,10773.116159,False
0.0,30,10836.168406,False
0.0,30,10896.559825,False
0.0,30,10954.211362,False
0.0,30,11014.871994,False
3.0,30,11077.395011,True
0.0,30,11139.153539,False
3.0,30,11200.061026,True
0.0,30,11260.043164,False
0.0,30,11311.880883,False
0.0,30,11365.521625,False
0.0,30,11422.731524,False
0.0,30,11480.429627,False
0.0,30,11542.146346,False
0.0,30,11605.411916,False
0.0,30,11659.654675,False
0.0,30,11712.248885,False
0.0,30,12127.275215,False
0.0,30,12190.057365,False
2.5,30,12255.192069,True
0.0,30,12304.805015,False
3.0,30,12364.352193,True
0.0,30,12418.273393,False
0.0,30,12489.553083,False
0.0,30,12551.038797,False
0.0,30,12607.443263,False
0.0,30,12668.539618,False
0.0,30,12724.858937,False
2.9,30,12776.436309,True
0.0,30,12834.992545,False
0.0,30,12888.384184,False
1.8,30,12948.572515,True
0.0,30,13009.665161,False
0.0,30,13073.764964,False
0.0,30,13128.627575,False
0.0,30,13179.63512,False
2.5,30,13234.551248,True
0.0,30,13287.307179,False
2.7,30,13350.7822,True
0.0,30,13411.589768,False
0.0,30,13464.492939,False
2.4,30,13528.245631,True
0.0,30,13585.321167,False
3.0,30,13644.596129,True
0.0,30,13699.044145,False
0.0,30,13763.037142,False
0.0,30,13828.842465,False
0.0,30,13888.242213,False
0.0,30,13947.688393,False
0.0,30,14009.04145,False
0.0,30,14062.466374,False
0.0,30,14475.057471,False
2.6,30,14531.618406,True
0.0,30,14595.523497,False
0.0,30,14661.872197,False
2.6,30,14709.612881,True
2.2,30,14760.699862,True
0.0,30,14811.141509,False
2.2,30,14865.420839,True
0.0,30,14923.861897,False
2.0,30,14978.806505,True
2.3,30,15037.643472,True
0.0,30,15074.495581,False
2.5,30,15130.344309,True
2.4,30,15181.433673,True
1.8,30,15236.713297,True
0.0,30,15295.261496,False
0.0,30,15346.862732,False
0.0,30,15400.544662,False
0.0,30,15457.0033,False
0.8,30,15502.549139,True
0.0,30,15555.498387,False
0.0,30,15611.544097,False
0.0,30,15674.805979,False
2.9,30,15733.619156,True
2.0,30,15796.307945,True
0.0,30,15853.072594,False
1.8,30,15909.257458,True
0.0,30,15968.29527,False
0.4,30,16027.477622,True
0.0,30,16076.035567,False
0.0,30,16138.875033,False
2.1,30,16191.309091,True
2.5,30,16254.575679,True
0.0,30,16315.546327,False
0.0,30,16739.099527,False
0.0,30,16794.119148,False
2.8,30,16853.905605,True
2.8,30,16916.863781,True
0.0,30,16969.123526,False
2.5,30,17021.726779,True
0.0,30,17079.087028,False
2.9,30,17137.311342,True
0.0,30,17199.135181,False
0.8,30,17260.315323,True
0.0,30,17322.860729,False
0.0,30,17369.58907,False
0.0,30,17422.567726,False
0.0,30,17473.72036,False
2.8,30,17532.126657,True
0.0,30,17585.140406,False
0.0,30,17656.896923,False
0.0,30,17718.918412,False
0.0,30,17780.067821,False
0.0,30,17838.045573,False
1.3,30,17888.377228,True
0.0,30,17941.199745,False
0.0,30,18001.163135,False
0.0,30,18061.220398,False
1.3,30,18123.436678,True
0.8,30,18188.751504,False
0.0,30,18240.053661,False
0.0,30,18297.311339,False
0.0,30,18356.903523,False
0.0,30,18414.773773,False
0.0,30,18476.210845,False
0.5,30,18537.251041,False
0.0,30,18590.276837,False
0.0,30,18641.766018,False
2.9,30,18708.707786,True
0.0,30,19083.923454,False
0.0,30,19137.218487,False
2.7,30,19197.040686,True
0.0,30,19248.911725,False
2.8,30,19308.057713,True
0.0,30,19363.588451,False
0.0,30,19416.331202,False
0.0,30,19470.553336,False
0.0,30,19526.531746,False
0.0,30,19576.806974,False
0.0,30,19637.300246,False
1.9,30,19702.43914,True
0.0,30,19758.351279,False
2.3,30,19806.909781,True
0.0,30,19875.975933,False
1.3,30,19934.397065,True
0.0,30,19992.857553,False
0.0,30,20044.461407,False
0.0,30,20097.208383,False
2.9,30,20157.842732,True
0.0,30,20212.579626,False
0.0,30,20275.408546,False
0.0,30,20326.676463,False
0.0,30,20384.521612,False
2.7,30,20437.708108,True
2.8,30,20501.170721,True
0.0,30,20555.248076,False
0.0,30,20613.272565,False
2.8,30,20666.358962,True
2.7,30,20721.196903,True
0.0,30,20774.443508,False
0.0,30,20822.273106,False
2.7,30,20878.118969,True
0.3,30,20936.858481,True
0.0,30,21297.756065,False
0.0,30,21353.807698,False
2.8,30,21414.051224,True
2.3,30,21471.312245,True
0.0,30,21531.429663,False
0.0,30,21588.071072,False
2.4,30,21645.460554,True
2.6,30,21706.417903,True
0.4,30,21769.239066,True
2.3,30,21822.853999,True
0.0,30,21879.995484,False
0.0,30,21937.172582,False
0.0,30,21989.465985,False
2.8,30,22047.141453,True
0.0,30,22100.91415,False
1.4,30,22162.390954,True
0.0,30,22216.386459,False
0.0,30,22274.887278,False
2.8,30,22325.696858,True
2.9,30,22391.1223,True
2.7,30,22446.976651,True
2.1,30,22506.249744,True
0.0,30,22562.275347,False
2.7,30,22607.341553,True
0.0,30,22666.09194,False
2.6,30,22728.257313,True
2.6,30,22789.177754,True
2.4,30,22851.414355,True
2.8,30,22908.35498,True
0.0,30,22964.412633,False
0.0,30,23020.730315,False
1.4,30,23079.4216,True
1.8,30,23134.60354,True
0.0,30,23184.586465,False
0.0,30,23598.91166,False
0.0,30,23659.998537,False
2.6,30,23716.162252,True
0.0,30,23776.000558,False
2.4,30,23827.483143,True
0.0,30,23880.44523,False
0.0,30,23939.404241,False
0.0,30,23994.755708,False
0.0,30,24055.295254,False
2.9,30,24106.491979,True
2.7,30,24164.689212,True
2.6,30,24217.576202,True
0.0,30,24270.269831,False
0.0,30,24325.146811,False
3.0,30,24383.745962,True
2.0,30,24432.822531,True
0.0,30,24489.699854,False
0.0,30,24546.625775,False
2.2,30,24602.295671,True
2.8,30,24657.436856,True
0.0,30,24715.646322,False
0.0,30,24783.140095,False
0.0,30,24837.117676,False
2.9,30,24889.938503,True
3.0,30,24956.040961,True
0.0,30,25008.186805,False
0.0,30,25070.391472,False
1.3,30,25123.57177,True
0.0,30,25181.442123,False
0.0,30,25239.516738,False
0.0,30,25296.738256,False
0.0,30,25347.518978,False
2.6,30,25407.20552,True
0.0,30,25462.497898,False
2.2,30,25831.345621,True
0.0,30,25891.342428,False
0.0,30,25947.708099,False
0.0,30,26011.181428,False
0.0,30,26065.02598,False
0.5,30,26118.844047,True
2.8,30,26192.764211,True
0.0,30,26257.074789,False
0.0,30,26306.646001,False
2.8,30,26354.341561,True
0.0,30,26409.092242,False
2.7,30,26493.068043,True
2.8,30,26553.830029,True
0.0,30,26608.772887,False
0.0,30,26659.313201,False
0.0,30,26723.99303,False
1.0,30,26783.371395,True
1.8,30,26844.602363,True
1.9,30,26899.001373,True
2.9,30,26962.452906,True
2.7,30,27024.591362,True
2.7,30,27080.285049,True
0.0,30,27137.94864,False
0.0,30,27193.322382,False
2.1,30,27254.549811,True
2.7,30,27310.410632,True
2.9,30,27368.218476,True
2.2,30,27422.360571,True
0.0,30,27471.214924,False
0.0,30,27549.914404,False
0.0,30,27607.066566,False
0.0,30,27666.001666,False
0.0,30,27716.562992,False
2.7,30,27779.811586,True
0.0,30,28133.272162,False
0.0,30,28183.630923,False
0.0,30,28239.729848,False
2.7,30,28299.715653,True
2.9,30,28387.739382,True
0.0,30,28452.980077,False
0.0,30,28509.534001,False
0.0,30,28576.683358,False
0.0,30,28640.594293,False
2.6,30,28696.613571,True
0.0,30,28752.03384,False
2.8,30,28824.591026,True
0.0,30,28878.098423,False
0.0,30,28933.971167,False
2.6,30,28989.625698,True
0.0,30,29050.280754,False
0.0,30,29109.314935,False
2.8,30,29158.383249,True
0.0,30,29218.217461,False
0.0,30,29284.871089,False
0.0,30,29340.209528,False
1.0,30,29398.447732,True
1.3,30,29464.740478,True
0.0,30,29516.269312,False
0.0,30,29565.322253,False
0.0,30,29621.523376,False
1.0,30,29675.533955,True
0.0,30,29727.81341,False
2.6,30,29786.912861,True
0.0,30,29842.739036,False
0.0,30,29905.956117,False
0.0,30,29963.612464,False
0.0,30,30015.559761,False
2.7,30,30069.268023,True
0.0,30,30424.147261,False
2.8,30,30477.993286,True
2.1,30,30535.757842,True
0.0,30,30595.536114,False
2.9,30,30657.137534,True
2.7,30,30719.472384,True
0.0,30,30774.534735,False
0.0,30,30833.075031,False
1.7,30,30895.225828,True
2.4,30,30958.197151,True
2.8,30,31025.91422,True
0.0,30,31081.305457,False
0.0,30,31139.324395,False
0.0,30,31198.683887,False
0.0,30,31252.935994,False
2.9,30,31321.396055,True
0.0,30,31384.414957,False
0.0,30,31441.856562,False
0.0,30,31499.761456,False
0.0,30,31561.915095,False
2.6,30,31622.065582,True
2.6,30,31686.245237,True
0.0,30,31745.97108,False
1.2,30,31799.123065,True
0.0,30,31868.151006,False
1.8,30,31919.243712,True
0.0,30,31970.801278,False
2.6,30,32027.723458,True
3.0,30,32080.584161,True
3.0,30,32131.820454,True
0.0,30,32192.047767,False
0.0,30,32248.495694,False
2.4,30,32307.241427,True
0.0,30,32365.255641,False
0.0,30,32706.51936,False
0.0,30,32771.352003,False
2.0,30,32828.21331,True
3.0,30,32883.718647,True
1.9,30,32950.237206,True
2.9,30,33012.459135,True
0.0,30,33073.7166,False
0.0,30,33126.073435,False
0.0,30,33184.452944,False
0.0,30,33247.141683,False
0.0,30,33301.788129,False
2.9,30,33354.936262,True
0.0,30,33418.765202,False
0.0,30,33475.043312,False
2.6,30,33536.372931,True
0.0,30,33599.496572,False
0.0,30,33666.111262,False
0.0,30,33725.395155,False
2.7,30,33783.853586,True
0.0,30,33835.65745,False
0.0,30,33892.292853,False
3.0,30,33954.555706,True
0.0,30,34007.905746,False
1.0,30,34063.343903,True
1.7,30,34119.078588,False
0.0,30,34173.862034,False
2.8,30,34240.851588,True
0.0,30,34299.114476,False
2.6,30,34357.226086,True
2.8,30,34414.421446,True
0.0,30,34477.70439,False
2.7,30,34541.060837,True
0.0,30,34594.337029,False
0.0,30,34651.615076,False
0.0,30,34712.576961,False
3.0,30,35084.124055,True
2.1,30,35156.737115,True
0.0,30,35212.76462,False
0.0,30,35268.161908,False
2.3,30,35329.172965,True
0.0,30,35382.56063,False
2.2,30,35447.940511,True
2.6,30,35506.453933,True
0.0,30,35562.659364,False
3.0,30,35631.543869,True
1.7,30,35695.737241,True
2.5,30,35745.379963,True
2.6,30,35805.024185,True
0.0,30,35860.028718,False
2.7,30,35918.52373,True
2.9,30,35973.025599,True
2.8,30,36029.401226,True
0.0,30,36091.091555,False
0.0,30,36156.366752,False
0.0,30,36209.707817,False
0.0,30,36270.972993,False
1.3,30,36327.042,True
1.2,30,36395.355669,True
2.8,30,36455.453283,True
2.7,30,36512.033426,True
1.7,30,36574.44076,True
0.0,30,36637.746595,False
0.0,30,36703.144072,False
2.3,30,36758.426569,True
3.0,30,36815.134866,True
0.0,30,36872.044763,False
2.8,30,36931.247639,True
0.0,30,37000.858751,False
0.0,30,37057.868558,False
1.4,30,37435.807938,True
0.0,30,37495.178758,False
0.0,30,37560.702736,False
2.7,30,37621.126062,True
0.0,30,37673.757857,False
0.0,30,37732.159235,False
1.2,30,37795.129886,True
0.0,30,37844.177512,False
0.0,30,37897.977946,False
2.7,30,37960.552056,True
2.5,30,38020.148257,True
2.7,30,38081.324735,True
0.0,30,38139.814961,False
3.0,30,38206.586869,True
2.9,30,38262.212806,True
0.7,30,38319.932296,True
2.6,30,38389.982358,True
1.6,30,38447.257065,True
0.0,30,38509.006043,False
0.0,30,38570.529842,False
1.3,30,38629.51444,True
0.0,30,38687.180168,False
0.0,30,38744.473194,False
2.7,30,38805.303152,True
0.0,30,38881.029527,False
0.0,30,38942.425681,False
2.8,30,39006.20582,True
1.3,30,39081.548568,False
2.2,30,39151.038847,True
2.8,30,39214.504016,True
0.0,30,39275.967449,False
2.7,30,39339.512446,True
3.0,30,39405.584021,True
2.7,30,39461.47269,True
0.0,30,39866.280297,False
3.0,30,39930.521628,True
2.8,30,39991.143423,True
0.0,30,40047.88152,False
2.1,30,40105.629628,True
2.8,30,40174.580141,True
0.0,30,40235.059204,False
0.0,30,40296.148622,False
0.0,30,40357.34418,False
2.8,30,40417.289215,True
0.0,30,40486.243012,False
0.0,30,40545.737019,False
0.0,30,40608.045063,False
2.6,30,40673.331007,False
0.0,30,40729.654201,False
3.0,30,40789.736453,True
2.0,30,40845.023752,True
0.0,30,40925.977524,False
2.7,30,40982.037485,True
2.6,30,41044.038016,True
2.6,30,41105.805824,True
0.0,30,41164.200062,False
0.0,30,41223.087454,False
0.0,30,41283.151321,False
0.0,30,41344.300166,False
2.3,30,41399.464084,True
2.5,30,41464.466262,True
2.7,30,41511.650072,True
0.0,30,41565.023561,False
2.8,30,41625.325594,True
2.8,30,41685.600981,True
3.0,30,41744.786944,True
0.0,30,41807.024897,False
3.0,30,41871.947349,True
0.0,30,42286.102928,False
2.9,30,42350.826752,True
0.0,30,42413.775532,False
2.8,30,42475.882311,True
2.4,30,42537.195799,True
2.7,30,42609.01556,True
2.4,30,42677.231233,True
1.9,30,42744.742546,True
2.9,30,42801.815689,True
2.8,30,42859.594082,True
0.0,30,42939.36742,False
2.3,30,43007.287857,True
2.5,30,43069.048526,True
2.7,30,43134.373487,True
2.4,30,43193.215989,True
0.0,30,43249.389707,False
2.6,30,43310.977727,True
3.0,30,43380.752178,True
0.0,30,43428.16518,False
2.8,30,43484.589994,True
2.0,30,43548.260382,True
0.0,30,43606.949353,False
2.8,30,43667.051423,True
0.0,30,43723.052389,False
0.0,30,43779.243101,False
2.7,30,43842.360718,True
0.0,30,43898.474832,False
0.0,30,43962.75068,False
0.0,30,44030.978901,False
2.8,30,44095.050569,True
2.5,30,44160.187486,True
0.0,30,44214.586958,False
0.0,30,44262.617768,False
2.9,30,44311.664486,True
0.0,30,44638.90822,False
0.0,30,44680.336747,False
2.5,30,44725.712712,True
2.3,30,44792.713881,True
0.0,30,44843.100976,False
2.6,30,44895.132388,True
2.6,30,44941.447931,True
2.5,30,44988.112661,True
0.0,30,45028.702273,False
0.0,30,45068.833016,False
2.6,30,45116.22566,True
2.1,30,45161.748123,True
0.0,30,45207.875795,False
2.8,30,45250.482476,True
0.0,30,45299.402939,False
2.2,30,45336.011979,True
2.3,30,45378.515791,True
2.7,30,45422.560555,True
0.0,30,45469.044374,False
2.6,30,45509.445364,True
0.0,30,45557.464288,False
0.0,30,45600.562329,False
0.0,30,45641.436617,False
2.8,30,45682.260186,True
0.0,30,45727.372216,False
2.9,30,45774.933818,True
2.3,30,45824.877405,True
0.0,30,45871.077775,False
0.0,30,45924.262897,False
0.0,30,45970.557426,False
0.5,30,46015.558263,True
2.8,30,46064.644129,True
0.0,30,46105.771737,False
0.0,30,46149.281061,False
3.0,30,46488.949901,True
0.0,30,46531.133476,False
0.0,30,46573.41147,False
0.0,30,46623.100449,False
0.0,30,46672.783253,False
1.5,30,46722.459177,True
0.0,30,46761.792108,False
0.0,30,46807.435913,False
0.0,30,46857.603991,False
1.6,30,46905.18739,True
2.1,30,46952.256601,True
2.4,30,47001.436521,True
1.9,30,47064.487602,True
2.4,30,47115.870689,True
0.0,30,47159.801579,False
0.0,30,47204.402386,False
2.5,30,47251.42045,True
0.0,30,47297.751509,False
0.0,30,47343.840009,False
0.0,30,47394.215765,False
0.0,30,47445.58549,False
0.0,30,47489.372037,False
1.8,30,47539.679512,True
0.0,30,47592.20874,False
0.0,30,47639.294807,False
0.5,30,47689.704291,True
0.0,30,47748.619689,False
0.0,30,47799.677569,False
0.0,30,47840.948587,False
0.0,30,47889.909756,False
3.0,30,47941.544976,True
1.2,30,47988.507151,True
0.0,30,48035.120069,False
2.5,30,48082.628849,True
0.0,30,48374.223765,False
2.1,30,48427.424466,True
2.0,30,48470.169103,True
0.0,30,48518.503309,False
0.0,30,48565.859087,False
0.0,30,48607.846667,False
3.0,30,48663.570776,True
2.0,30,48702.13826,True
0.0,30,48751.421378,False
2.0,30,48799.225458,True
0.0,30,48855.18547,False
2.3,30,48901.833679,True
0.0,30,48952.359174,False
0.2,30,49010.47517,False
2.6,30,49053.783181,True
0.0,30,49102.904636,False
2.7,30,49143.219365,True
0.0,30,49185.208821,False
0.0,30,49226.98464,False
2.7,30,49283.383072,True
1.3,30,49328.460388,True
0.0,30,49370.629052,False
0.0,30,49450.05482,False
3.0,30,49501.214813,True
0.0,30,49543.737268,False
3.0,30,49589.281903,True
0.0,30,49636.452114,False
0.0,30,49683.382689,False
0.6,30,49736.490561,False
0.0,30,49792.030238,False
2.0,30,49839.235699,True
0.0,30,49889.678251,False
0.0,30,49940.741845,False
0.0,30,49988.185383,False
2.0,30,50312.099179,True
2.8,30,50360.960991,True
0.0,30,50404.056592,False
0.0,30,50452.032483,False
1.9,30,50497.612868,True
2.0,30,50547.610066,True
2.0,30,50603.346352,True
2.9,30,50656.48069,True
2.5,30,50700.861319,True
1.1,30,50741.296084,True
0.0,30,50791.794217,False
0.0,30,50839.784368,False
0.0,30,50885.40094,False
0.5,30,50929.203281,True
0.0,30,50977.282326,False
2.5,30,51027.979832,True
2.8,30,51074.71737,True
2.7,30,51122.110399,True
0.0,30,51171.400628,False
0.0,30,51215.584026,False
0.0,30,51260.125843,False
0.0,30,51309.579416,False
2.9,30,51356.325933,True
0.0,30,51400.022161,False
0.0,30,51440.769454,False
0.0,30,51488.489876,False
3.0,30,51532.860853,True
0.0,30,51574.344881,False
2.7,30,51617.349042,True
0.0,30,51658.586918,False
3.0,30,51706.079642,True
0.0,30,51751.904654,False
0.0,30,51802.323325,False
0.0,30,51850.20806,False
0.0,30,51897.756695,False
0.0,30,52197.167522,False
2.6,30,52240.014036,True
0.0,30,52284.490821,False
2.8,30,52332.603084,True
0.0,30,52380.992314,False
0.8,30,52419.243189,True
2.9,30,52469.216074,True
0.0,30,52530.031321,False
0.0,30,52574.991263,False
2.5,30,52621.904675,True
0.0,30,52665.848775,False
2.1,30,52710.73551,True
2.8,30,52757.469745,True
2.5,30,52805.29413,True
2.9,30,52849.416626,True
0.0,30,52892.794537,False
3.0,30,52941.714474,True
0.0,30,52988.538396,False
2.8,30,53038.472856,True
2.8,30,53080.884861,True
2.9,30,53119.697634,True
2.9,30,53166.159851,True
0.0,30,53210.31654,False
0.0,30,53261.258328,False
3.0,30,53308.736341,True
2.7,30,53355.948169,True
1.7,30,53402.945624,True
0.0,30,53447.999494,False
0.0,30,53491.564903,False
0.0,30,53531.06705,False
0.0,30,53579.583505,False
2.6,30,53624.016132,True
2.9,30,53666.458327,True
2.8,30,53710.240194,True
2.6,30,54040.260455,True
2.8,30,54094.105486,True
0.0,30,54138.354637,False
2.8,30,54180.962716,True
0.0,30,54228.812989,False
0.0,30,54276.924445,False
0.0,30,54323.498308,False
0.0,30,54365.134954,False
0.0,30,54409.941252,False
2.7,30,54458.071803,True
0.0,30,54502.78645,False
2.7,30,54547.07979,True
2.6,30,54592.604369,True
2.1,30,54641.362555,True
2.9,30,54688.564685,True
2.7,30,54737.049294,True
3.0,30,54778.921511,True
0.0,30,54828.582872,False
2.9,30,54878.56226,True
1.3,30,54923.376873,True
0.0,30,54974.238071,False
2.3,30,55023.817271,True
0.0,30,55074.475352,False
2.7,30,55117.839904,True
1.8,30,55174.975624,True
0.0,30,55220.927063,False
0.0,30,55272.291859,False
2.8,30,55320.857883,True
0.0,30,55362.664186,False
2.7,30,55409.37466,True
0.0,30,55455.95502,False
0.0,30,55510.529212,False
0.0,30,55555.082598,False
0.0,30,55603.289723,False
2.8,30,55917.201364,True
0.0,30,55966.219033,False
1.2,30,56016.441629,True
0.0,30,56060.147168,False
2.9,30,56108.401977,True
0.0,30,56154.465389,False
1.3,30,56197.830485,True
0.0,30,56243.89978,False
0.0,30,56292.500324,False
2.3,30,56336.373033,True
0.0,30,56386.34739,False
0.0,30,56430.404849,False
2.7,30,56477.302419,True
0.0,30,56519.323732,False
1.3,30,56571.218559,True
0.0,30,56610.555427,False
0.0,30,56657.66513,False
0.0,30,56706.403908,False
2.7,30,56754.724043,True
0.0,30,56800.305488,False
0.0,30,56844.389768,False
2.9,30,56896.387849,True
0.0,30,56936.646041,False
0.0,30,56985.302057,False
2.4,30,57035.59573,True
2.7,30,57078.894238,True
0.0,30,57121.57535,False
2.5,30,57163.533371,True
2.8,30,57206.593593,True
2.4,30,57252.562159,True
2.3,30,57301.928103,True
2.4,30,57349.398052,True
1.5,30,57394.268124,True
0.0,30,57451.965228,False
1.4,30,57741.252063,True
0.0,30,57785.441631,False
2.5,30,57835.633246,True
0.0,30,57879.321568,False
0.0,30,57927.504076,False
0.0,30,57974.336542,False
0.0,30,58025.86613,False
1.1,30,58078.919661,True
2.7,30,58129.922606,True
0.0,30,58187.390749,False
2.3,30,58251.657629,True
0.0,30,58299.603631,False
2.8,30,58341.898676,True
1.9,30,58383.107196,True
2.5,30,58448.393295,True
0.0,30,58494.245171,False
0.0,30,58544.275062,False
2.5,30,58589.639131,True
2.7,30,58633.187889,True
0.0,30,58674.281902,False
0.0,30,58731.520966,False
2.7,30,58779.20256,True
0.0,30,58819.746396,False
2.7,30,58866.016227,True
3.0,30,58912.314565,True
0.0,30,58962.543819,False
0.0,30,59006.687335,False
0.0,30,59055.809682,False
2.6,30,59097.994864,True
2.9,30,59138.634015,True
3.0,30,59181.906801,True
2.6,30,59223.096928,True
0.0,30,59267.729686,False
0.0,30,59318.106553,False
2.3,30,59597.663435,True
0.5,30,59644.288709,True
2.5,30,59690.525089,True
0.0,30,59741.113064,False
2.3,30,59783.600477,True
0.0,30,59819.839614,False
2.6,30,59862.479752,True
2.7,30,59907.571615,True
1.8,30,59950.423849,True
2.7,30,59998.792001,True
0.0,30,60056.231258,False
0.0,30,60102.994743,False
0.0,30,60148.170029,False
0.0,30,60195.021513,False
2.9,30,60238.956236,True
2.8,30,60292.306144,True
2.8,30,60336.440499,True
2.9,30,60393.678569,True
2.9,30,60443.408912,True
2.8,30,60494.686125,True
2.8,30,60541.318982,True
0.0,30,60589.446147,False
0.0,30,60641.486695,False
0.0,30,60691.413596,False
0.0,30,60738.160737,False
2.6,30,60789.639856,True
2.8,30,60835.994526,True
2.5,30,60882.825906,True
2.6,30,60926.863611,True
1.6,30,60973.868939,True
0.0,30,61015.723453,False
2.4,30,61063.721672,True
1.9,30,61109.900818,True
0.0,30,61169.438739,False
0.0,30,61472.137994,False
2.0,30,61513.753466,True
0.0,30,61564.4296,False
1.4,30,61605.533864,True
0.0,30,61648.067646,False
2.9,30,61686.18724,True
0.0,30,61729.554521,False
2.4,30,61768.086339,True
2.5,30,61815.419304,True
2.4,30,61857.698575,True
0.0,30,61903.750896,False
0.0,30,61946.358926,False
0.0,30,61995.920097,False
0.0,30,62049.891073,False
2.9,30,62097.437983,True
1.4,30,62144.452298,True
0.0,30,62194.828582,False
2.8,30,62245.965245,True
1.9,30,62295.525006,True
0.0,30,62359.671727,False
2.7,30,62406.759303,True
0.0,30,62454.646019,False
2.9,30,62504.667271,True
2.7,30,62549.667284,True
2.4,30,62613.780386,True
2.7,30,62663.893855,True
0.0,30,62708.8483,False
0.0,30,62755.268848,False
2.8,30,62799.061075,True
2.5,30,62847.843875,False
2.9,30,62896.246765,True
2.6,30,62944.032532,True
0.0,30,62990.465484,False
2.5,30,63043.178933,True
2.9,30,63370.053772,True
2.8,30,63416.572998,True
0.0,30,63471.783674,False
2.3,30,63515.627887,True
0.0,30,63560.834065,False
0.0,30,63604.295728,False
2.6,30,63656.913821,True
0.0,30,63704.051526,False
0.0,30,63749.216131,False
0.4,30,63798.327221,True
0.1,30,63841.280705,False
2.4,30,63887.683498,True
2.2,30,63934.410232,True
0.0,30,63981.935788,False
0.0,30,64028.935729,False
2.6,30,64085.165646,True
2.5,30,64133.772597,True
0.0,30,64180.869509,False
0.0,30,64225.297893,False
0.0,30,64268.601223,False
0.0,30,64310.5038,False
2.3,30,64360.485951,True
0.0,30,64405.978799,False
2.8,30,64459.74281,True
0.0,30,64509.233176,False
0.0,30,64554.29861,False
0.0,30,64603.824221,False
0.0,30,64653.349011,False
2.8,30,64695.084396,True
2.8,30,64757.366848,True
0.0,30,64809.628551,False
0.0,30,64849.389299,False
2.7,30,64896.706125,True
2.7,30,64947.470643,True
0.0,30,65002.210226,False
0.0,30,65301.203366,False
0.0,30,65345.902887,False
2.7,30,65390.916445,True
2.2,30,65439.746643,True
0.0,30,65488.871525,False
0.0,30,65532.30795,False
0.0,30,65581.360786,False
0.0,30,65629.818782,False
0.0,30,65675.758043,False
0.0,30,65722.21102,False
1.7,30,65766.830703,True
0.0,30,65813.972842,False
0.0,30,65867.976751,False
2.3,30,65917.167108,True
2.8,30,65967.742689,True
3.0,30,66020.284309,True
3.0,30,66065.761001,True
2.3,30,66108.316854,True
1.3,30,66156.676511,True
0.0,30,66195.52941,False
0.0,30,66245.005847,False
0.0,30,66321.808866,False
2.7,30,66406.05721,True
3.0,30,66459.382832,True
0.0,30,66522.28216,False
0.0,30,66570.364719,False
0.0,30,66612.784549,False
0.8,30,66658.050482,True
0.0,30,66707.278967,False
1.5,30,66763.662177,True
2.6,30,66809.564244,True
0.0,30,66861.42747,False
2.8,30,66912.178756,True
0.0,30,66957.286059,False
2.5,30,67252.130311,True
2.5,30,67300.498507,True
0.0,30,67349.07369,False
1.5,30,67395.460319,True
0.0,30,67439.609372,False
2.5,30,67497.26325,True
2.6,30,67539.075805,True
0.0,30,67584.460779,False
2.7,30,67630.340617,True
0.0,30,67675.259783,False
0.0,30,67721.120367,False
2.7,30,67767.874435,True
3.0,30,67818.42122,True
2.9,30,67863.028023,True
2.9,30,67921.976006,True
0.0,30,67967.850788,False
0.9,30,68017.000849,False
2.0,30,68063.956149,True
2.9,30,68109.682698,True
0.0,30,68152.857705,False
2.4,30,68204.103179,True
0.0,30,68250.641315,False
0.0,30,68293.981459,False
2.3,30,68346.364318,True
0.0,30,68394.341508,False
2.8,30,68438.525484,True
0.0,30,68482.371606,False
0.0,30,68523.335866,False
1.3,30,68564.205835,False
0.0,30,68611.926833,False
0.3,30,68660.197175,False
1.8,30,68706.417354,True
0.0,30,68753.238141,False
0.0,30,68799.698261,False
2.6,30,69127.676355,True
2.6,30,69176.08555,True
2.7,30,69222.359843,True
2.4,30,69270.129844,True
2.8,30,69318.004763,True
0.0,30,69362.708349,False
2.7,30,69411.60618,True
0.0,30,69461.480357,False
0.0,30,69508.138407,False
2.7,30,69550.785789,True
2.3,30,69601.301959,True
0.0,30,69649.243983,False
2.6,30,69694.949843,True
2.1,30,69746.611805,True
0.0,30,69796.841936,False
2.5,30,69840.764102,True
2.2,30,69886.685944,True
2.8,30,69935.318735,True
2.5,30,69981.9511,True
2.1,30,70029.581506,True
0.0,30,70083.238518,False
0.0,30,70128.644414,False
2.5,30,70171.351919,True
0.0,30,70220.519068,False
0.0,30,70268.623736,False
0.0,30,70314.097433,False
0.0,30,70364.117242,False
2.8,30,70419.378733,True
0.1,30,70473.689965,False
0.0,30,70522.742986,False
2.8,30,70567.421185,True
2.1,30,70614.052688,True
0.0,30,70658.429189,False
0.0,30,70711.714807,False
0.0,30,71025.487978,False
0.0,30,71070.125138,False
0.0,30,71124.487149,False
2.2,30,71166.840921,True
0.0,30,71213.840657,False
2.9,30,71268.33806,True
2.9,30,71315.473377,True
0.0,30,71362.196982,False
0.0,30,71407.302048,False
0.3,30,71456.775629,False
0.0,30,71508.779039,False
0.0,30,71553.378434,False
2.9,30,71597.890059,True
0.0,30,71644.861516,False
0.0,30,71697.455636,False
0.0,30,71742.195965,False
0.0,30,71783.450891,False
0.0,30,71831.191013,False
0.0,30,71874.41785,False
2.6,30,71925.106802,True
0.0,30,71972.298853,False
2.9,30,72019.208091,True
0.0,30,72076.41106,False
2.3,30,72125.623051,True
0.0,30,72174.05432,False
0.0,30,72222.546401,False
1.9,30,72290.624665,True
0.0,30,72341.24382,False
1.9,30,72384.751242,True
2.4,30,72435.601316,True
0.0,30,72484.358779,False
0.0,30,72532.871404,False
3.0,30,72583.044025,True
1.0,30,72629.226609,True
0.0,30,72967.681179,False
0.0,30,73016.29899,False
0.0,30,73075.13851,False
2.9,30,73122.942809,True
0.0,30,73170.254623,False
0.0,30,73219.394173,False
0.0,30,73267.735473,False
0.0,30,73317.151463,False
0.3,30,73368.501802,False
0.0,30,73412.486663,False
0.0,30,73460.134161,False
2.5,30,73521.970481,True
2.5,30,73569.548132,True
0.0,30,73625.496282,False
0.0,30,73676.574061,False
0.0,30,73727.762448,False
0.0,30,73775.691509,False
2.0,30,73819.183616,False
0.0,30,73867.903533,False
2.1,30,73916.9164,True
2.7,30,73964.966209,True
0.0,30,74008.544488,False
0.0,30,74066.679898,False
2.8,30,74106.786434,True
0.0,30,74151.543205,False
2.8,30,74198.7644,True
2.0,30,74245.003613,True
0.0,30,74289.94226,False
2.9,30,74336.88747,True
0.0,30,74385.579887,False
0.0,30,74430.264001,False
3.0,30,74479.039089,True
2.7,30,74526.321195,True
2.5,30,74594.524022,True
2.7,30,74922.303225,True
2.1,30,74973.148167,True
2.8,30,75022.960442,True
2.5,30,75072.45589,True
2.8,30,75121.092549,True
2.8,30,75168.959811,True
2.8,30,75211.969762,True
0.0,30,75289.153057,False
0.0,30,75335.97837,False
0.0,30,75382.045478,False
2.7,30,75428.573525,True
0.0,30,75479.77123,False
0.0,30,75528.962492,False
0.0,30,75571.596952,False
0.0,30,75618.798767,False
0.0,30,75661.792478,False
0.0,30,75715.901983,False
0.0,30,75761.806599,False
0.0,30,75815.622055,False
2.9,30,75863.241667,True
0.0,30,75912.195457,False
2.7,30,75959.6004,True
0.0,30,76006.195825,False
2.9,30,76058.245785,True
2.4,30,76104.74214,True
0.0,30,76153.324405,False
3.0,30,76199.714263,True
0.0,30,76243.418792,False
2.6,30,76289.372703,True
0.0,30,76336.149477,False
2.4,30,76387.405496,True
0.0,30,76430.627969,False
2.6,30,76476.04704,True
2.4,30,76525.203409,True
0.0,30,76880.584005,False
2.4,30,76931.637949,True
2.7,30,76984.199578,True
0.0,30,77030.814518,False
2.3,30,77081.108703,True
0.0,30,77127.922575,False
0.0,30,77178.14889,False
0.0,30,77222.496081,False
2.8,30,77269.368953,True
3.0,30,77318.988986,True
2.6,30,77375.271627,True
1.1,30,77429.421125,True
0.0,30,77477.582377,False
2.1,30,77526.845589,True
1.2,30,77577.884187,True
0.0,30,77630.066304,False
2.6,30,77676.509406,True
2.6,30,77720.542711,True
0.0,30,77766.8925,False
0.0,30,77811.499512,False
0.0,30,77860.051132,False
0.0,30,77902.637206,False
1.9,30,77964.07741,True
2.1,30,78015.03239,True
2.8,30,78066.742154,True
0.0,30,78113.229379,False
0.0,30,78159.51694,False
0.1,30,78212.650442,False
0.0,30,78262.070538,False
3.0,30,78310.776467,True
0.0,30,78360.466266,False
0.0,30,78418.735997,False
2.9,30,78469.874201,True
0.0,30,78509.280622,False
3.0,30,78840.736773,True
0.0,30,78886.832557,False
0.0,30,78932.037337,False
0.0,30,78974.133116,False
0.6,30,79019.904829,False
2.9,30,79064.805103,True
2.6,30,79110.612053,True
2.3,30,79163.147934,True
0.0,30,79209.590666,False
0.0,30,79272.772711,False
0.0,30,79322.022986,False
0.0,30,79367.65257,False
2.4,30,79409.037439,True
2.8,30,79455.745737,True
0.0,30,79511.784086,False
0.0,30,79566.546328,False
1.8,30,79614.800341,True
0.0,30,79660.0381,False
1.2,30,79702.728389,True
0.0,30,79750.556487,False
0.0,30,79798.48617,False
0.0,30,79844.880867,False
2.9,30,79890.708589,True
0.0,30,79937.665312,False
0.0,30,79984.318493,False
0.0,30,80026.145099,False
0.0,30,80078.689716,False
0.0,30,80120.483464,False
0.0,30,80179.642953,False
0.0,30,80228.785326,False
0.0,30,80274.338944,False
2.3,30,80323.007626,True
0.0,30,80367.00323,False
3.0,30,80409.684438,True
0.9,30,80456.206303,True
3.0,30,80801.904962,True
0.0,30,80844.11377,False
0.0,30,80893.116025,False
3.0,30,80947.368459,True
2.8,30,80998.274952,True
2.5,30,81042.073869,True
2.4,30,81088.428194,True
2.8,30,81134.612455,True
2.3,30,81185.393733,True
2.7,30,81229.867577,True
0.0,30,81277.677325,False
0.0,30,81321.840922,False
0.0,30,81370.903984,False
2.7,30,81414.009031,True
2.7,30,81465.87812,True
0.0,30,81514.748957,False
0.0,30,81564.157762,False
3.0,30,81614.124677,True
0.7,30,81652.881298,True
0.0,30,81699.313792,False
0.0,30,81749.236992,False
2.8,30,81799.547965,True
3.0,30,81845.561822,True
2.7,30,81893.498077,True
0.0,30,81934.801347,False
0.7,30,81979.426934,False
0.0,30,82026.236449,False
0.0,30,82074.761827,False
0.0,30,82122.433261,False
2.5,30,82170.324261,True
0.0,30,82211.322379,False
0.3,30,82266.582603,True
0.0,30,82313.001077,False
0.0,30,82358.796699,False
0.0,30,82684.80684,False
0.0,30,82732.620449,False
2.8,30,82781.870634,True
0.0,30,82826.584068,False
2.6,30,82877.591181,True
2.2,30,82928.642286,True
2.2,30,82970.549184,True
0.0,30,83010.401502,False
0.0,30,83052.944158,False
3.0,30,83105.645321,True
2.6,30,83154.604282,True
0.0,30,83199.576828,False
2.6,30,83242.423303,True
2.4,30,83288.563641,True
0.0,30,83337.790059,False
0.0,30,83379.223146,False
0.0,30,83422.63218,False
2.9,30,83472.097999,True
2.7,30,83524.363491,True
0.0,30,83574.884274,False
0.0,30,83626.014118,False
2.6,30,83673.635254,True
2.5,30,83722.094335,True
0.0,30,83769.159599,False
0.0,30,83814.829911,False
0.0,30,83863.141899,False
1.2,30,83911.913253,True
0.0,30,83960.883551,False
2.1,30,84005.922792,True
0.0,30,84051.523612,False
2.2,30,84099.024889,True
0.0,30,84143.469482,False
0.0,30,84192.906799,False
2.2,30,84242.577902,True
1.8,30,84557.873085,True
0.0,30,84601.041591,False
0.8,30,84645.504469,True
0.0,30,84705.086089,False
0.0,30,84751.119706,False
1.9,30,84799.396445,True
2.4,30,84843.58763,True
2.8,30,84899.735782,True
3.0,30,84951.09041,True
2.8,30,84999.75756,True
2.6,30,85057.263256,True
0.0,30,85105.427789,False
0.0,30,85151.818233,False
2.7,30,85198.997697,True
2.7,30,85241.36952,True
0.0,30,85286.836685,False
0.0,30,85332.822569,False
2.8,30,85379.8192,True
0.0,30,85439.49567,False
2.9,30,85486.289066,True
0.0,30,85531.042558,False
0.0,30,85576.119289,False
0.0,30,85623.994567,False
2.9,30,85679.440853,True
2.0,30,85724.047004,True
2.8,30,85766.99537,True
0.0,30,85811.669027,False
0.5,30,85857.738093,True
0.0,30,85901.528572,False
0.0,30,85946.287696,False
0.0,30,85992.003654,False
0.0,30,86040.080693,False
2.4,30,86084.334158,True
0.0,30,86131.019811,False
0.0,30,86488.129536,False
2.5,30,86532.09789,True
2.9,30,86580.488854,True
0.0,30,86634.351489,False
0.3,30,86689.397093,False
1.7,30,86737.858637,True
0.0,30,86788.597722,False
0.0,30,86837.626057,False
0.0,30,86889.798681,False
0.0,30,86939.175383,False
0.0,30,86986.270482,False
2.4,30,87034.62361,True
0.0,30,87080.008604,False
0.0,30,87124.491168,False
2.1,30,87174.147275,True
0.0,30,87226.043408,False
0.0,30,87281.098955,False
0.7,30,87324.024242,True
2.9,30,87369.417977,True
0.0,30,87413.491771,False
2.8,30,87457.769876,True
0.0,30,87500.742488,False
2.1,30,87554.370507,True
2.8,30,87598.381807,True
3.0,30,87642.369136,True
2.8,30,87697.506562,True
0.0,30,87752.038028,False
0.0,30,87801.96032,False
0.0,30,87848.103374,False
0.0,30,87894.692979,False
0.0,30,87940.311305,False
2.8,30,87989.435875,True
0.0,30,88036.786904,False
2.6,30,88082.349294,True
0.0,30,88372.032669,False
2.7,30,88415.65583,True
0.0,30,88459.979548,False
2.8,30,88504.236548,True
1.7,30,88545.905652,True
0.0,30,88590.1995,False
2.4,30,88638.994757,True
0.0,30,88695.634173,False
0.0,30,88743.491438,False
2.8,30,88790.774494,True
0.0,30,88837.571827,False
3.0,30,88895.285463,True
0.0,30,88937.462415,False
2.0,30,88988.863569,True
3.0,30,89038.289792,True
2.8,30,89100.808589,True
0.0,30,89152.397647,False
0.0,30,89191.599484,False
0.0,30,89240.741724,False
2.8,30,89296.345193,True
0.0,30,89348.321234,False
3.0,30,89404.271523,True
0.9,30,89456.681391,True
1.9,30,89504.144732,True
2.4,30,89551.216781,True
0.0,30,89599.993411,False
0.0,30,89645.072911,False
1.3,30,89688.932164,True
2.6,30,89735.716679,True
2.6,30,89788.05149,True
0.0,30,89837.220077,False
1.7,30,89883.387905,True
2.5,30,89933.238075,True
2.4,30,89976.992314,True
2.9,30,90292.688455,True
3.0,30,90338.920546,True
0.0,30,90380.533984,False
0.0,30,90423.706672,False
2.6,30,90473.145694,True
0.0,30,90522.146276,False
2.8,30,90568.065239,True
0.0,30,90612.898688,False
2.9,30,90661.577631,True
2.9,30,90709.012212,True
2.8,30,90758.211943,True
0.5,30,90811.038779,False
0.7,30,90861.617814,False
0.0,30,90905.805177,False
0.0,30,90950.659068,False
0.0,30,90998.680696,False
2.5,30,91046.02903,True
2.7,30,91098.321134,True
0.0,30,91140.242309,False
2.0,30,91183.978787,True
2.3,30,91234.676645,True
0.0,30,91281.489655,False
2.5,30,91328.423907,True
0.0,30,91367.915563,False
2.7,30,91414.183757,True
3.0,30,91463.486451,True
0.0,30,91510.163301,False
2.5,30,91553.286261,True
0.0,30,91598.366323,False
0.0,30,91640.102784,False
0.0,30,91683.188518,False
2.6,30,91729.993312,True
0.0,30,91776.743036,False
0.0,30,91824.853537,False
0.0,30,92168.930049,False
2.0,30,92210.143913,True
0.0,30,92251.175446,False
0.0,30,92298.994218,False
0.0,30,92350.662543,False
0.0,30,92406.71716,False
0.0,30,92454.078925,False
2.6,30,92499.476148,True
2.2,30,92544.131597,True
0.0,30,92592.309515,False
2.3,30,92636.706624,True
0.0,30,92681.286894,False
2.5,30,92724.915742,True
0.0,30,92771.207934,False
0.0,30,92816.267401,False
0.0,30,92863.499664,False
2.7,30,92913.374493,True
1.7,30,92959.499474,True
2.5,30,93007.381836,True
0.0,30,93049.553178,False
2.4,30,93112.264805,True
1.2,30,93163.989809,False
2.3,30,93212.243009,True
0.0,30,93254.234493,False
0.0,30,93300.957749,False
0.0,30,93345.059458,False
0.0,30,93393.553029,False
0.0,30,93433.039059,False
2.9,30,93480.489837,True
2.0,30,93528.721819,False
0.0,30,93582.064754,False
2.9,30,93626.458553,True
2.8,30,93666.99363,True
0.0,30,93712.269756,False
0.0,30,93763.035015,False
2.0,30,94107.334472,False
0.0,30,94159.688347,False
0.0,30,94211.810349,False
0.3,30,94258.723048,True
1.9,30,94315.144453,True
2.7,30,94354.49596,True
3.0,30,94408.549256,True
0.0,30,94457.439939,False
0.0,30,94504.908433,False
2.2,30,94551.044228,True
2.5,30,94602.162534,True
1.6,30,94654.875182,False
0.0,30,94701.129092,False
0.0,30,94749.010724,False
2.1,30,94800.664374,True
0.0,30,94855.95665,False
1.4,30,94902.039151,True
1.7,30,94952.010404,True
1.7,30,95002.548786,False
0.0,30,95053.756957,False
2.4,30,95097.78165,True
0.0,30,95154.357191,False
2.1,30,95200.04657,True
0.0,30,95245.307577,False
0.0,30,95289.470016,False
2.9,30,95341.026262,True
2.8,30,95384.392118,True
2.3,30,95432.616245,True
0.0,30,95479.490073,False
0.0,30,95528.309897,False
0.0,30,95570.619343,False
0.0,30,95616.363922,False
0.0,30,95671.219633,False
0.0,30,95719.115583,False
2.3,30,96046.972731,True
2.2,30,96098.288093,True
2.9,30,96143.739766,True
0.0,30,96192.339296,False
0.0,30,96241.557398,False
0.0,30,96284.503484,False
0.0,30,96332.831748,False
0.0,30,96378.925487,False
0.0,30,96425.419929,False
2.7,30,96472.097914,True
0.0,30,96517.569744,False
2.4,30,96560.557097,True
0.0,30,96603.072813,False
0.0,30,96648.831386,False
0.0,30,96698.556269,False
2.5,30,96744.912841,True
0.0,30,96803.515876,False
0.0,30,96853.176227,False
0.0,30,96901.333708,False
0.0,30,96942.269379,False
0.0,30,96987.610511,False
2.3,30,97033.766315,True
2.8,30,97081.410348,True
0.0,30,97128.81737,False
0.0,30,97175.888109,False
0.0,30,97224.600472,False
2.7,30,97272.653673,True
0.0,30,97318.95253,False
0.0,30,97363.983607,False
0.0,30,97434.946171,False
2.2,30,97481.276868,True
0.0,30,97532.338255,False
0.0,30,97580.491323,False
2.4,30,97628.183807,True
0.0,30,97959.160385,False
0.0,30,98001.041685,False
0.0,30,98045.419865,False
0.0,30,98091.063145,False
0.0,30,98138.52819,False
2.7,30,98187.078339,True
2.5,30,98235.083019,True
2.7,30,98280.665793,True
0.0,30,98323.347552,False
2.5,30,98369.528459,True
0.1,30,98418.329453,False
0.0,30,98466.454062,False
2.3,30,98520.310728,True
3.0,30,98570.459257,True
0.0,30,98613.650295,False
0.0,30,98658.565809,False
2.8,30,98708.90099,True
0.0,30,98753.90534,False
0.0,30,98798.657967,False
3.0,30,98843.463446,True
0.0,30,98887.704102,False
2.4,30,98944.878508,True
0.0,30,99016.951275,False
2.7,30,99065.912435,True
2.6,30,99118.892271,True
0.1,30,99167.521503,False
0.0,30,99220.15143,False
2.9,30,99269.493122,True
1.9,30,99322.199014,True
0.8,30,99368.539243,True
2.7,30,99418.221567,True
0.0,30,99468.392874,False
2.4,30,99528.862145,True
2.4,30,99573.656418,True
2.5,30,99922.214922,True
2.3,30,99970.763219,True
0.0,30,100017.711647,False
2.9,30,100070.057525,True
0.0,30,100109.612362,False
0.0,30,100160.078863,False
0.0,30,100206.628224,False
0.0,30,100253.082564,False
0.0,30,100298.345222,False
0.0,30,100349.124969,False
0.0,30,100395.461704,False
2.2,30,100441.005528,True
2.9,30,100490.685603,True
2.5,30,100543.469188,True
1.8,30,100585.527025,True
2.8,30,100629.442959,True
0.0,30,100680.92877,False
2.8,30,100727.773092,True
0.0,30,100782.854079,False
0.0,30,100841.318791,False
0.5,30,100892.212794,False
0.0,30,100943.585562,False
1.8,30,100991.494598,True
2.5,30,101037.066549,True
0.0,30,101083.175622,False
2.7,30,101128.558855,True
0.0,30,101177.92902,False
0.0,30,101229.070489,False
0.0,30,101275.528271,False
0.0,30,101325.194963,False
0.0,30,101377.635385,False
0.0,30,101423.296877,False
1.8,30,101472.231148,True
0.0,30,101529.090742,False
2.7,30,101864.00741,True
0.0,30,101914.565323,False
3.0,30,101959.145557,True
0.0,30,102011.386747,False
2.4,30,102056.60656,True
0.4,30,102114.656554,False
2.7,30,102155.871898,True
0.0,30,102209.671914,False
2.8,30,102252.540967,True
0.0,30,102298.849204,False
0.0,30,102348.023655,False
2.7,30,102390.366302,True
0.7,30,102439.310778,True
0.5,30,102485.518858,True
2.1,30,102534.561016,True
0.0,30,102580.076949,False
0.0,30,102631.227675,False
0.0,30,102674.1923,False
2.7,30,102728.34915,True
0.0,30,102776.018018,False
3.0,30,102821.806931,True
2.8,30,102869.095249,True
0.0,30,102916.477049,False
0.0,30,102971.416419,False
2.1,30,103022.109185,True
2.0,30,103068.761814,True
0.0,30,103121.966281,False
2.5,30,103169.855189,True
2.6,30,103210.456894,True
0.0,30,103264.549399,False
0.0,30,103304.100134,False
2.6,30,103347.992009,True
3.0,30,103400.527411,True
0.0,30,103441.357678,False
3.0,30,103794.830912,True
0.0,30,103839.162619,False
0.0,30,103887.320091,False
0.0,30,103933.903485,False
2.1,30,103980.025987,True
2.7,30,104029.692629,True
0.0,30,104073.001051,False
0.0,30,104121.721251,False
2.2,30,104170.460241,True
0.0,30,104219.839264,False
1.3,30,104265.126637,True
0.0,30,104330.818207,False
0.0,30,104377.468227,False
0.0,30,104422.96382,False
0.0,30,104469.912709,False
3.0,30,104516.769031,True
0.0,30,104565.362434,False
1.8,30,104612.352666,True
0.0,30,104658.244944,False
2.2,30,104707.637368,True
0.0,30,104757.511979,False
0.0,30,104807.675501,False
2.2,30,104854.304792,True
2.7,30,104900.186894,True
1.5,30,104952.370849,True
2.5,30,104999.614242,True
1.0,30,105053.283676,True
2.7,30,105098.789593,True
0.0,30,105146.730758,False
2.4,30,105198.50418,True
2.0,30,105248.898324,True
1.7,30,105295.025953,True
0.0,30,105337.577354,False
2.2,30,105386.770919,True
0.0,30,105714.23542,False
2.5,30,105768.724797,True
0.0,30,105815.799394,False
0.0,30,105862.837898,False
3.0,30,105912.147402,True
0.0,30,105959.701997,False
1.6,30,106006.414149,True
0.0,30,106052.869638,False
2.2,30,106099.911805,True
0.0,30,106150.039748,False
0.0,30,106191.158834,False
3.0,30,106235.90966,True
2.6,30,106285.051412,True
0.0,30,106327.301003,False
0.0,30,106373.068051,False
2.8,30,106417.881103,True
0.0,30,106463.630298,False
3.0,30,106512.495917,True
0.0,30,106557.866507,False
0.4,30,106608.837908,False
0.0,30,106652.057248,False
2.7,30,106714.650214,True
0.0,30,106757.339913,False
0.0,30,106804.320254,False
0.0,30,106851.060161,False
0.0,30,106899.52221,False
0.0,30,106945.543232,False
3.0,30,106994.07375,True
0.0,30,107044.806863,False
0.0,30,107089.021832,False
2.5,30,107134.075736,True
0.0,30,107186.100541,False
2.2,30,107232.697141,True
2.8,30,107273.263462,True
0.0,30,107577.487785,False
0.0,30,107624.820929,False
0.0,30,107674.16309,False
0.0,30,107724.859864,False
0.0,30,107768.494748,False
0.0,30,107813.917048,False
2.4,30,107866.053638,True
2.4,30,107913.913491,True
2.7,30,107957.400249,True
2.8,30,108003.579607,True
2.6,30,108050.67034,True
3.0,30,108098.135864,True
1.5,30,108143.629531,True
2.5,30,108187.573102,True
2.0,30,108230.774621,True
2.8,30,108278.125993,True
2.7,30,108325.338562,True
2.7,30,108372.673564,True
0.0,30,108421.159536,False
0.0,30,108464.741542,False
0.8,30,108515.375945,True
0.0,30,108560.8444,False
0.8,30,108607.417107,True
0.0,30,108652.156341,False
0.9,30,108699.407853,True
0.0,30,108744.319728,False
2.6,30,108794.550221,True
0.0,30,108841.842026,False
2.9,30,108897.03169,True
2.7,30,108947.052739,True
2.4,30,108996.493102,True
0.0,30,109036.946296,False
3.0,30,109078.697078,True
0.0,30,109127.252931,False
0.0,30,109175.667562,False
0.0,30,109493.805709,False
2.7,30,109541.225064,True
2.6,30,109582.528812,True
2.8,30,109634.974931,True
0.0,30,109681.610492,False
2.3,30,109732.344135,True
2.7,30,109784.774858,True
0.0,30,109842.607454,False
0.0,30,109889.447376,False
2.7,30,109940.565702,True
2.4,30,109989.128511,True
2.2,30,110040.431409,True
2.7,30,110085.334015,True
2.4,30,110130.824013,True
3.0,30,110186.776117,True
0.0,30,110235.830171,False
0.0,30,110281.929298,False
0.0,30,110328.555745,False
2.2,30,110372.389836,True
2.0,30,110418.732761,True
0.0,30,110466.177937,False
2.1,30,110506.728991,True
2.8,30,110550.527064,True
2.1,30,110599.521368,True
0.3,30,110643.202687,False
2.9,30,110689.356711,True
2.4,30,110743.677465,True
0.0,30,110792.982697,False
0.0,30,110841.221004,False
2.7,30,110890.308838,True
2.8,30,110934.977883,True
0.0,30,110992.981169,False
0.0,30,111040.992973,False
2.2,30,111091.419966,True
3.0,30,111437.124958,True
0.0,30,111488.921729,False
1.1,30,111533.19661,True
0.0,30,111577.318625,False
0.0,30,111621.631103,False
2.4,30,111665.065279,True
2.5,30,111707.941154,True
0.0,30,111755.169512,False
2.7,30,111801.063495,True
2.0,30,111840.956902,True
0.0,30,111890.41241,False
2.4,30,111935.981743,True
2.6,30,111982.125623,True
0.0,30,112027.409362,False
0.0,30,112072.169372,False
3.0,30,112125.745535,True
2.9,30,112170.39932,True
0.0,30,112218.799855,False
0.0,30,112265.80131,False
0.0,30,112307.420328,False
0.0,30,112354.133515,False
2.8,30,112399.162753,True
1.4,30,112446.516417,True
0.0,30,112490.52117,False
2.4,30,112535.920179,True
0.0,30,112586.353736,False
0.0,30,112632.520862,False
1.9,30,112681.979173,True
2.8,30,112730.198058,True
2.8,30,112779.967824,True
0.0,30,112822.034738,False
0.7,30,112862.411135,True
0.0,30,112908.595435,False
3.0,30,112955.422951,True
0.0,30,113293.344485,False
0.0,30,113340.348267,False
0.0,30,113389.803639,False
0.0,30,113437.281083,False
2.4,30,113485.253315,True
0.0,30,113529.429087,False
0.0,30,113579.680106,False
2.6,30,113625.392011,True
0.0,30,113672.697425,False
2.2,30,113719.725589,True
0.0,30,113770.032537,False
0.0,30,113821.390682,False
0.0,30,113865.995097,False
0.0,30,113915.466617,False
3.0,30,113966.159645,True
0.0,30,114018.844576,False
0.0,30,114068.003206,False
0.0,30,114116.025983,False
0.0,30,114160.005913,False
1.4,30,114204.999839,False
0.8,30,114261.49617,True
0.0,30,114308.335437,False
2.6,30,114358.070756,True
2.6,30,114406.882657,True
2.5,30,114455.343181,True
2.8,30,114501.053764,True
0.0,30,114548.816583,False
2.5,30,114598.220724,True
0.0,30,114648.297465,False
2.7,30,114703.734162,True
3.0,30,114752.020565,True
0.0,30,114805.727137,False
0.0,30,114857.541419,False
0.0,30,114907.014722,False
2.8,30,115217.450696,True
2.7,30,115268.839549,True
0.0,30,115313.878735,False
2.1,30,115357.962162,True
3.0,30,115407.846999,True
0.0,30,115453.704457,False
2.8,30,115502.229179,True
0.0,30,115546.979134,False
0.0,30,115595.383726,False
2.8,30,115643.888186,True
2.4,30,115691.032464,True
2.8,30,115740.314987,True
0.0,30,115786.953592,False
0.0,30,115835.853303,False
0.0,30,115883.996385,False
2.8,30,115928.466869,True
0.0,30,115987.035396,False
0.0,30,116036.509035,False
2.3,30,116087.269736,True
0.0,30,116133.107319,False
0.0,30,116180.530466,False
0.0,30,116232.902748,False
2.1,30,116275.686011,True
3.0,30,116322.886068,True
2.7,30,116369.545652,True
0.0,30,116417.289335,False
0.0,30,116464.923088,False
2.4,30,116508.95914,True
0.0,30,116553.514617,False
0.0,30,116601.374832,False
0.0,30,116652.049553,False
0.0,30,116697.750474,False
2.4,30,116748.855376,True
2.7,30,116791.973575,True
2.8,30,117123.636228,True
2.7,30,117173.303891,True
0.0,30,117220.437326,False
3.0,30,117275.212248,True
0.0,30,117323.294436,False
0.0,30,117376.574759,False
2.2,30,117421.671448,True
2.3,30,117469.121567,True
2.9,30,117521.122162,True
0.0,30,117573.079338,False
0.0,30,117649.873535,False
0.0,30,117694.679448,False
1.5,30,117762.112364,True
0.0,30,117809.564121,False
0.0,30,117857.294929,False
3.0,30,117903.092939,True
2.9,30,117950.287326,True
3.0,30,117997.281368,True
3.0,30,118046.820891,True
1.3,30,118099.039063,True
2.7,30,118154.233489,True
2.5,30,118206.048668,True
1.0,30,118253.221137,True
2.5,30,118300.989477,True
3.0,30,118352.380058,True
2.9,30,118405.267662,True
2.6,30,118449.766017,True
2.6,30,118496.18404,True
0.0,30,118552.258988,False
2.1,30,118600.477929,True
2.8,30,118644.989179,True
0.0,30,118689.607687,False
3.0,30,118735.144651,True
2.2,30,118785.207596,True
2.8,30,119143.996557,True
2.8,30,119189.946939,True
2.9,30,119237.573463,True
2.6,30,119287.800482,True
2.8,30,119335.176183,True
0.0,30,119383.595106,False
0.0,30,119427.647732,False
2.7,30,119473.012993,True
0.0,30,119521.565306,False
3.0,30,119567.111934,True
2.6,30,119607.664854,True
2.3,30,119652.204418,True
1.4,30,119700.115875,True
0.0,30,119748.661223,False
0.0,30,119797.311079,False
2.6,30,119856.053347,True
2.6,30,119906.98937,True
0.0,30,119955.426911,False
2.9,30,120001.952889,True
2.0,30,120052.517462,True
2.6,30,120100.258911,True
2.7,30,120148.465193,True
0.0,30,120194.683116,False
3.0,30,120249.13081,True
2.6,30,120296.20285,True
0.0,30,120345.794874,False
1.6,30,120392.349402,True
2.8,30,120440.511223,True
2.3,30,120482.274348,True
0.0,30,120528.82993,False
1.3,30,120577.697268,True
2.8,30,120619.859716,True
2.1,30,120665.453745,True
2.7,30,120712.180905,True
2.9,30,121051.196836,True
0.0,30,121098.72571,False
0.0,30,121145.564631,False
0.0,30,121193.623707,False
1.8,30,121240.466653,False
0.0,30,121303.874357,False
2.4,30,121351.019303,True
0.6,30,121407.352462,True
0.0,30,121454.318629,False
0.0,30,121508.234061,False
2.6,30,121558.042217,True
0.0,30,121604.291522,False
1.7,30,121652.171088,True
2.2,30,121694.975753,True
2.6,30,121741.50795,True
2.5,30,121787.936361,True
0.0,30,121838.65617,False
0.0,30,121896.350081,False
0.0,30,121945.82502,False
0.0,30,121994.64117,False
1.5,30,122046.932969,True
0.0,30,122089.963779,False
0.0,30,122139.048519,False
0.0,30,122186.26682,False
0.0,30,122238.026028,False
0.0,30,122283.456313,False
0.0,30,122328.564838,False
2.5,30,122379.128646,True
2.8,30,122426.825876,True
0.0,30,122477.283915,False
0.0,30,122537.977797,False
0.0,30,122585.180984,False
2.7,30,122628.524704,True
0.0,30,122678.088339,False
2.9,30,122723.100354,True
1.7,30,123055.306967,True
0.0,30,123103.034801,False
0.0,30,123150.669068,False
2.8,30,123199.041423,True
0.0,30,123244.121136,False
0.0,30,123288.576542,False
0.0,30,123338.572386,False
2.2,30,123387.706568,True
2.6,30,123439.258124,True
0.0,30,123490.552367,False
2.7,30,123540.911714,True
2.8,30,123588.505319,True
2.6,30,123633.385134,True
0.0,30,123680.163124,False
0.0,30,123724.031398,False
2.8,30,123767.83647,True
2.3,30,123817.619313,True
0.0,30,123864.075115,False
0.0,30,123909.033376,False
0.0,30,123954.159824,False
0.0,30,124008.171569,False
2.9,30,124056.664572,True
0.0,30,124102.917791,False
1.7,30,124152.547453,True
0.0,30,124201.545099,False
2.5,30,124249.194463,True
3.0,30,124300.661728,True
0.0,30,124348.282528,False
0.0,30,124393.49551,False
2.6,30,124443.208583,True
2.6,30,124489.017413,True
0.0,30,124539.63236,False
2.9,30,124594.845337,True
0.0,30,124643.693816,False
2.8,30,124979.143632,True
0.4,30,125020.369806,False
0.0,30,125072.768746,False
2.9,30,125125.579987,True
1.4,30,125175.246935,True
2.7,30,125222.573931,True
0.0,30,125282.490041,False
2.8,30,125327.376819,True
0.0,30,125373.244385,False
2.9,30,125420.394366,True
2.8,30,125473.533001,True
0.0,30,125522.838259,False
1.7,30,125577.725401,True
2.9,30,125627.114614,True
2.8,30,125674.531745,True
0.0,30,125729.845756,False
0.0,30,125781.113064,False
2.6,30,125830.960591,True
2.8,30,125880.865475,True
2.5,30,125930.612539,True
0.0,30,125979.128535,False
0.0,30,126022.420986,False
0.0,30,126069.456242,False
0.0,30,126115.778051,False
2.0,30,126163.428871,True
1.8,30,126213.037365,True
0.0,30,126264.803674,False
0.0,30,126311.988863,False
0.0,30,126362.035563,False
0.0,30,126416.72044,False
0.0,30,126479.329087,False
2.5,30,126542.509287,True
0.0,30,126591.935828,False
0.0,30,126635.510901,False
0.0,30,126975.078437,False
0.0,30,127022.700345,False
2.8,30,127073.533515,True
2.5,30,127118.813501,True
2.8,30,127163.932064,True
2.3,30,127209.224609,True
0.0,30,127258.137769,False
2.7,30,127306.395815,True
0.0,30,127352.127119,False
2.5,30,127403.882489,True
0.0,30,127448.990193,False
0.0,30,127494.700716,False
2.4,30,127545.066936,True
2.9,30,127596.077554,True
0.0,30,127639.821348,False
0.0,30,127684.305323,False
0.0,30,127727.069263,False
0.0,30,127768.298126,False
0.0,30,127809.855544,False
0.0,30,127873.26122,False
0.0,30,127924.544126,False
0.0,30,127970.076362,False
0.0,30,128014.801286,False
0.0,30,128065.043729,False
0.0,30,128112.376086,False
0.0,30,128154.782237,False
0.0,30,128196.944808,False
0.0,30,128243.974448,False
0.0,30,128293.942769,False
0.0,30,128342.539066,False
1.7,30,128399.305846,True
3.0,30,128449.793964,True
0.0,30,128496.140512,False
0.0,30,128552.376117,False
2.9,30,128910.723192,True
0.0,30,128956.363008,False
0.0,30,129000.368068,False
0.0,30,129041.163116,False
2.8,30,129084.181851,True
2.3,30,129127.737162,True
0.0,30,129171.938555,False
2.8,30,129222.248909,True
0.0,30,129268.250509,False
2.5,30,129315.221332,True
0.0,30,129359.304095,False
2.4,30,129411.44168,True
0.0,30,129459.008184,False
2.9,30,129507.039444,True
2.5,30,129555.610683,True
2.6,30,129602.458728,True
0.0,30,129647.726764,False
1.6,30,129699.572215,True
2.6,30,129748.908886,True
2.7,30,129799.216568,True
0.0,30,129846.008957,False
0.0,30,129896.032187,False
0.7,30,129946.987779,True
0.0,30,129992.617683,False
2.4,30,130039.2326,True
2.8,30,130089.927601,True
0.0,30,130138.125677,False
3.0,30,130178.178773,True
0.0,30,130225.576066,False
0.0,30,130276.618581,False
2.1,30,130321.733857,True
2.7,30,130371.079971,True
2.0,30,130419.687302,True
0.0,30,130470.2877,False
0.0,30,130804.135644,False
2.2,30,130851.150966,True
3.0,30,130907.306874,True
2.7,30,130960.385922,True
2.1,30,131001.721613,True
0.0,30,131048.193527,False
0.0,30,131096.380723,False
0.0,30,131145.496416,False
0.0,30,131195.509295,False
0.0,30,131247.076235,False
2.4,30,131300.095036,True
0.0,30,131344.3439,False
0.0,30,131393.129214,False
2.6,30,131438.61231,True
2.5,30,131484.111723,True
0.0,30,131533.168979,False
2.5,30,131578.680591,True
0.0,30,131624.341239,False
0.0,30,131670.155244,False
0.0,30,131716.890199,False
2.7,30,131760.496423,True
2.6,30,131819.113233,True
0.0,30,131866.358869,False
2.7,30,131909.371622,True
0.0,30,131954.06312,False
2.6,30,132004.143989,True
2.7,30,132054.633694,True
2.3,30,132108.323631,True
0.0,30,132158.610105,False
2.0,30,132203.317536,True
2.0,30,132255.313806,True
2.7,30,132297.236602,True
2.3,30,132343.875948,True
0.0,30,132392.095426,False
2.6,30,132750.069994,True
2.9,30,132794.597778,True
2.8,30,132841.353838,True
1.9,30,132891.340538,True
2.7,30,132937.794221,True
2.8,30,132993.120254,True
0.0,30,133042.665395,False
2.8,30,133089.914302,True
0.0,30,133134.804582,False
0.0,30,133177.331975,False
2.7,30,133229.177727,True
2.7,30,133276.607671,True
2.6,30,133323.907482,True
2.8,30,133365.419184,True
0.0,30,133411.420036,False
0.0,30,133456.113701,False
0.0,30,133500.164345,False
0.0,30,133558.388058,False
0.0,30,133605.595642,False
0.0,30,133656.612546,False
0.0,30,133701.855577,False
0.0,30,133750.366161,False
0.0,30,133799.631706,False
0.0,30,133846.127271,False
0.0,30,133894.091846,False
0.1,30,133946.311936,True
2.9,30,133992.214728,True
2.4,30,134038.949312,True
2.2,30,134093.040176,True
0.0,30,134142.635952,False
2.7,30,134188.991421,True
0.9,30,134235.889083,True
2.4,30,134283.887186,True
2.2,30,134343.796528,True
0.2,30,134677.997648,False
0.0,30,134724.606291,False
2.9,30,134774.234058,True
0.0,30,134818.836828,False
0.0,30,134869.525661,False
3.0,30,134921.506877,True
0.0,30,134971.204151,False
2.8,30,135016.877322,True
0.0,30,135060.768235,False
0.0,30,135107.902115,False
0.0,30,135155.259861,False
0.0,30,135204.904762,False
2.8,30,135253.037897,True
0.0,30,135302.001686,False
3.0,30,135344.456952,True
0.0,30,135394.374312,False
2.6,30,135441.674957,True
0.0,30,135487.310626,False
0.0,30,135535.673935,False
2.5,30,135583.537276,True
0.0,30,135628.234622,False
2.7,30,135678.850008,True
0.2,30,135728.699644,False
2.8,30,135778.764385,True
0.0,30,135830.720412,False
2.8,30,135887.624847,True
2.8,30,135937.139291,True
0.0,30,135983.391161,False
1.5,30,136027.669444,False
0.0,30,136072.076824,False
0.0,30,136118.236909,False
2.6,30,136164.242129,True
2.5,30,136216.079386,True
0.0,30,136264.488371,False
0.0,30,136578.839438,False
0.0,30,136628.666897,False
2.7,30,136676.500592,True
0.0,30,136723.085227,False
2.7,30,136769.497789,True
2.8,30,136816.468181,True
2.2,30,136871.908294,True
0.0,30,136914.377875,False
0.0,30,136962.990719,False
0.0,30,137004.519327,False
2.8,30,137051.338748,True
0.0,30,137104.97196,False
1.3,30,137156.405298,True
0.0,30,137204.566285,False
0.0,30,137246.673642,False
2.9,30,137297.273207,True
0.0,30,137345.324134,False
0.0,30,137392.602041,False
3.0,30,137439.094404,True
2.7,30,137485.811402,True
0.0,30,137537.342253,False
2.6,30,137589.814661,True
2.4,30,137638.595022,True
3.0,30,137690.763842,True
0.0,30,137736.419212,False
0.0,30,137782.511511,False
0.0,30,137828.762591,False
2.8,30,137877.417879,True
0.0,30,137928.022028,False
0.0,30,137984.350071,False
0.0,30,138031.529063,False
0.0,30,138075.091774,False
0.0,30,138127.249756,False
2.8,30,138179.8483,True
2.5,30,138228.065197,True
0.0,30,138578.623287,False
0.0,30,138626.830741,False
0.0,30,138675.442827,False
1.9,30,138720.540413,True
2.4,30,138772.011413,True
0.0,30,138818.137688,False
2.8,30,138865.668998,True
2.9,30,138918.88431,True
0.0,30,138966.41379,False
0.0,30,139004.54724,False
2.3,30,139050.933352,True
0.0,30,139104.59012,False
0.0,30,139155.612795,False
2.7,30,139199.8932,True
0.0,30,139249.187619,False
2.8,30,139294.182318,True
0.0,30,139340.214728,False
0.0,30,139388.329902,False
2.6,30,139432.097329,True
2.4,30,139479.120681,True
0.0,30,139527.911155,False
1.4,30,139578.064266,True
2.8,30,139638.921438,True
0.0,30,139685.260358,False
2.7,30,139729.235271,True
2.0,30,139777.162121,True
2.6,30,139825.254513,True
2.9,30,139871.311202,True
2.6,30,139918.931122,True
2.0,30,139961.303954,True
0.0,30,140003.603204,False
2.3,30,140050.973025,True
1.9,30,140095.4423,True
2.3,30,140144.305949,True
0.0,30,140482.745754,False
0.0,30,140530.848518,False
0.0,30,140581.646704,False
1.9,30,140634.38667,True
0.0,30,140686.355366,False
0.0,30,140736.978372,False
2.2,30,140791.862373,True
0.0,30,140841.352139,False
0.0,30,140890.716643,False
0.0,30,140942.179036,False
2.8,30,140986.80481,True
0.0,30,141036.087595,False
2.8,30,141081.048047,True
1.6,30,141129.960645,True
2.8,30,141181.41788,True
1.8,30,141231.01478,True
0.0,30,141277.579833,False
0.0,30,141328.070044,False
2.2,30,141376.520203,True
0.0,30,141422.176533,False
0.0,30,141467.509307,False
2.7,30,141511.731675,True
2.8,30,141555.32172,True
0.0,30,141598.978157,False
0.0,30,141643.427626,False
0.0,30,141689.882097,False
0.0,30,141737.928941,False
0.0,30,141782.745135,False
0.0,30,141831.090657,False
1.7,30,141876.554889,True
2.6,30,141923.326272,True
1.8,30,141971.311872,True
0.0,30,142015.939775,False
0.0,30,142064.15789,False
2.3,30,142463.443838,True
0.0,30,142507.103249,False
2.8,30,142552.44099,True
1.9,30,142596.705557,True
2.6,30,142645.198099,True
0.0,30,142704.18961,False
0.0,30,142749.462884,False
2.6,30,142797.446401,True
2.6,30,142850.360901,True
2.4,30,142896.724683,True
2.4,30,142947.030179,True
0.0,30,142994.230272,False
2.8,30,143034.915349,True
0.0,30,143081.136876,False
0.3,30,143128.395257,True
2.8,30,143177.007044,True
2.4,30,143226.383299,True
2.5,30,143276.075831,True
1.9,30,143323.737404,True
0.0,30,143372.647211,False
2.7,30,143424.105306,True
0.0,30,143468.442644,False
0.8,30,143528.09162,False
0.0,30,143580.717354,False
0.0,30,143627.910233,False
0.0,30,143681.313487,False
3.0,30,143734.11131,True
2.7,30,143782.365288,True
0.2,30,143833.124812,True
2.6,30,143893.201605,True
0.0,30,143937.618799,False
2.6,30,143986.09444,True
2.5,30,144030.1181,True
2.4,30,144082.031607,True
0.0,30,144423.793305,False
0.0,30,144467.214888,False
0.0,30,144517.56276,False
2.8,30,144561.443408,True
3.0,30,144609.832396,True
0.0,30,144653.921541,False
2.6,30,144699.466457,True
0.0,30,144747.329283,False
2.7,30,144797.697236,True
2.8,30,144850.47569,True
2.7,30,144895.792856,True
0.0,30,144943.140653,False
2.7,30,145002.62636,True
0.0,30,145053.617325,False
0.0,30,145099.47257,False
0.0,30,145150.162647,False
0.0,30,145201.512178,False
2.4,30,145254.565774,True
0.0,30,145307.112258,False
0.0,30,145357.543356,False
1.6,30,145407.774236,True
2.5,30,145457.884062,True
0.0,30,145509.829155,False
3.0,30,145560.419966,True
2.3,30,145606.787097,True
0.0,30,145656.750536,False
2.3,30,145706.112612,True
0.0,30,145754.250509,False
3.0,30,145798.636304,True
0.0,30,145842.840795,False
0.0,30,145890.077953,False
2.8,30,145936.552279,True
0.0,30,145987.847576,False
2.7,30,146033.345208,True
2.4,30,146363.348735,True
0.0,30,146418.302001,False
2.2,30,146467.091935,True
0.0,30,146511.50607,False
0.0,30,146559.443479,False
2.4,30,146600.465264,True
1.1,30,146642.674966,True
2.8,30,146695.13942,True
2.8,30,146744.158912,True
2.6,30,146794.198759,True
2.4,30,146841.981294,True
2.4,30,146886.090675,True
1.9,30,146929.217469,False
0.0,30,146975.633202,False
2.5,30,147024.834328,True
2.5,30,147072.140139,True
0.0,30,147123.262038,False
2.6,30,147171.301966,True
2.2,30,147219.986227,True
0.0,30,147266.23608,False
2.4,30,147313.5047,True
0.0,30,147358.162376,False
0.0,30,147401.46982,False
3.0,30,147441.276943,True
2.8,30,147481.27215,True
0.0,30,147524.436742,False
3.0,30,147570.092489,True
2.6,30,147613.929798,True
2.4,30,147675.244762,True
0.0,30,147730.631737,False
0.0,30,147777.49896,False
2.3,30,147823.972469,True
0.0,30,147869.620294,False
0.0,30,147919.407288,False
0.0,30,148246.86969,False
0.0,30,148290.154034,False
0.0,30,148334.704409,False
2.4,30,148378.121609,True
0.0,30,148427.259816,False
0.0,30,148474.927514,False
2.4,30,148521.607857,True
2.8,30,148569.751983,True
2.7,30,148617.95774,True
2.7,30,148664.39709,True
3.0,30,148714.592263,True
2.8,30,148765.512317,True
0.0,30,148811.116416,False
0.0,30,148856.409575,False
0.0,30,148902.039187,False
2.7,30,148952.494426,True
0.0,30,149005.250235,False
2.1,30,149051.649729,True
0.0,30,149097.368994,False
0.0,30,149145.088189,False
0.0,30,149192.976965,False
0.0,30,149236.953233,False
3.0,30,149284.446633,True
2.9,30,149330.142795,True
0.0,30,149375.497562,False
2.6,30,149423.96492,True
3.0,30,149471.303414,True
0.0,30,149516.776482,False
2.6,30,149571.186041,True
0.0,30,149615.993874,False
2.2,30,149666.433601,True
2.3,30,149712.73229,True
2.7,30,149756.309512,True
2.5,30,149803.297158,True
2.6,30,150133.217869,True
1.3,30,150182.340335,True
0.0,30,150225.019436,False
2.2,30,150271.825226,True
0.0,30,150319.170197,False
1.9,30,150373.299729,True
0.0,30,150418.318846,False
0.0,30,150462.978701,False
0.0,30,150510.38414,False
0.0,30,150561.211876,False
0.0,30,150607.105969,False
0.0,30,150651.168128,False
2.7,30,150692.971893,True
0.0,30,150736.892686,False
0.0,30,150785.608617,False
2.5,30,150849.684247,True
0.0,30,150893.25874,False
0.0,30,150942.792838,False
0.0,30,150988.995398,False
0.0,30,151033.554701,False
0.0,30,151078.520409,False
2.3,30,151127.370286,True
2.6,30,151170.885724,True
0.0,30,151212.971767,False
2.5,30,151260.622709,True
0.0,30,151313.940108,False
2.4,30,151362.646649,True
2.8,30,151404.7248,True
0.0,30,151451.708333,False
2.6,30,151499.723013,True
2.0,30,151543.121677,True
0.0,30,151589.224625,False
0.0,30,151636.529916,False
2.5,30,151683.151439,True
2.7,30,151729.450253,True
2.6,30,152045.896985,True
0.0,30,152108.511077,False
0.0,30,152157.382811,False
2.8,30,152206.285703,True
0.0,30,152254.63459,False
2.7,30,152303.271725,True
0.0,30,152349.440624,False
2.4,30,152396.267089,True
2.7,30,152453.341431,True
2.8,30,152500.216206,True
0.0,30,152551.677535,False
2.6,30,152598.256534,True
2.8,30,152645.522829,True
2.8,30,152693.444099,True
0.0,30,152738.91529,False
0.0,30,152785.686179,False
1.9,30,152830.171694,True
2.7,30,152881.89155,True
2.4,30,152928.31856,True
2.9,30,152974.975899,True
3.0,30,153018.118077,True
2.8,30,153057.576991,True
3.0,30,153153.46907,True
0.0,30,153202.697383,False
0.0,30,153245.718963,False
2.2,30,153292.475995,True
2.8,30,153341.312657,True
3.0,30,153387.785721,True
2.0,30,153436.41938,True
0.0,30,153493.160586,False
2.3,30,153541.899995,False
0.0,30,153594.536304,False
0.0,30,153638.923886,False
2.4,30,153683.19578,True
0.0,30,154017.845433,False
2.6,30,154064.608698,True
2.2,30,154110.993767,True
0.0,30,154152.961305,False
2.5,30,154201.147185,True
2.6,30,154257.290616,True
0.0,30,154307.240719,False
0.0,30,154354.615271,False
0.0,30,154400.665231,False
0.0,30,154452.88266,False
2.4,30,154504.234909,True
2.5,30,154547.66036,True
0.0,30,154600.500512,False
0.0,30,154649.217897,False
0.0,30,154697.794706,False
2.2,30,154739.774454,True
2.8,30,154783.314831,True
2.7,30,154829.121954,True
2.7,30,154872.950938,True
0.0,30,154915.090196,False
0.0,30,154982.369767,False
1.0,30,155028.765688,True
0.0,30,155075.318784,False
1.7,30,155123.064111,True
2.5,30,155168.343514,True
0.0,30,155214.532064,False
2.6,30,155273.130955,True
1.9,30,155320.923203,True
0.0,30,155364.577474,False
0.0,30,155405.952618,False
0.0,30,155449.522938,False
1.1,30,155493.102835,False
2.7,30,155539.226007,True
2.7,30,155588.101577,True
3.0,30,155932.6617,True
0.0,30,155976.248573,False
2.8,30,156021.550069,True
0.0,30,156065.237031,False
2.7,30,156111.169984,True
0.0,30,156162.98751,False
2.8,30,156220.842287,True
2.6,30,156281.749934,True
0.0,30,156328.864339,False
3.0,30,156378.777993,True
0.0,30,156434.693388,False
0.0,30,156476.847238,False
2.3,30,156529.741971,True
0.0,30,156578.626224,False
2.3,30,156628.19646,True
0.0,30,156679.804132,False
0.0,30,156720.990515,False
0.0,30,156768.657973,False
2.7,30,156820.876306,True
2.7,30,156864.133211,True
0.0,30,156908.852934,False
2.9,30,156957.009136,True
0.0,30,157005.669615,False
0.0,30,157053.613848,False
0.0,30,157116.904239,False
2.6,30,157162.474369,True
2.8,30,157207.121917,True
0.0,30,157253.235054,False
0.0,30,157300.156263,False
0.0,30,157349.461597,False
0.0,30,157397.627551,False
0.0,30,157445.771354,False
2.6,30,157493.076387,True
0.0,30,157538.228538,False
0.0,30,157902.665197,False
0.0,30,157951.915432,False
2.7,30,157998.536919,True
2.7,30,158059.538983,True
2.6,30,158103.705147,True
0.0,30,158147.680838,False
0.0,30,158197.340837,False
0.0,30,158246.630902,False
2.7,30,158293.715166,True
0.0,30,158341.926029,False
2.7,30,158394.3076,True
2.8,30,158439.329525,True
2.9,30,158482.301508,True
3.0,30,158528.061853,True
0.0,30,158573.397844,False
2.5,30,158614.391169,True
2.8,30,158661.803874,True
0.0,30,158709.510982,False
0.0,30,158763.810897,False
1.6,30,158816.910389,True
0.7,30,158861.946043,False
2.7,30,158908.121214,True
0.0,30,158954.911485,False
0.0,30,159004.074565,False
2.8,30,159050.376345,True
2.5,30,159100.951782,True
0.0,30,159148.434576,False
0.0,30,159188.983935,False
2.7,30,159238.064895,True
0.0,30,159287.324395,False
2.9,30,159331.734356,True
0.0,30,159378.82556,False
0.0,30,159426.269943,False
0.0,30,159472.071221,False
0.0,30,159824.835673,False
2.7,30,159868.433376,True
0.0,30,159916.928093,False
2.9,30,159979.554645,True
2.0,30,160040.683904,True
0.0,30,160089.466425,False
0.0,30,160135.65045,False
0.0,30,160181.167983,False
0.0,30,160229.1149,False
0.0,30,160280.979659,False
2.5,30,160324.175272,True
2.5,30,160367.919372,True
1.6,30,160417.958213,True
0.0,30,160466.550175,False
2.3,30,160515.018735,False
0.0,30,160556.376794,False
0.0,30,160604.11238,False
2.4,30,160650.524915,True
3.0,30,160698.908943,True
0.0,30,160753.598393,False
2.4,30,160802.677935,True
2.5,30,160852.415018,True
0.0,30,160899.753198,False
0.0,30,160947.602539,False
0.0,30,160992.255082,False
0.0,30,161039.23495,False
2.2,30,161098.239807,True
2.4,30,161141.891356,True
0.0,30,161190.958809,False
0.4,30,161237.47159,False
2.7,30,161294.91667,True
2.4,30,161336.755492,True
0.0,30,161377.976308,False
0.0,30,161450.8646,False
1.3,30,161753.688554,True
2.3,30,161801.852516,True
2.6,30,161851.11415,True
3.0,30,161895.952825,True
0.0,30,161944.013679,False
0.0,30,161993.841825,False
0.0,30,162038.710123,False
2.1,30,162086.073478,True
2.6,30,162134.313813,True
0.0,30,162182.17582,False
0.0,30,162239.517792,False
2.8,30,162290.125221,True
2.7,30,162333.251245,True
2.6,30,162384.489556,True
0.0,30,162431.9544,False
2.8,30,162477.925714,True
0.6,30,162523.358811,True
2.8,30,162571.453104,True
0.0,30,162620.928983,False
0.0,30,162666.418438,False
0.0,30,162717.710315,False
0.0,30,162765.979229,False
2.2,30,162813.566956,True
0.0,30,162858.915555,False
1.7,30,162909.692735,True
0.6,30,162960.012339,True
0.0,30,163002.916085,False
2.6,30,163059.67105,True
2.6,30,163104.091892,True
0.0,30,163150.56471,False
1.1,30,163198.476613,True
0.0,30,163242.726489,False
2.6,30,163287.98778,True
0.0,30,163335.868783,False
0.0,30,163653.481221,False
2.5,30,163698.651886,True
2.3,30,163739.088977,True
0.0,30,163787.67657,False
2.4,30,163833.983443,True
2.7,30,163881.95264,True
0.0,30,163931.377539,False
1.5,30,163981.11388,True
0.0,30,164022.962094,False
2.5,30,164067.213206,True
0.0,30,164117.876725,False
1.7,30,164166.902473,True
0.0,30,164218.254899,False
1.8,30,164265.382891,True
3.0,30,164310.244,True
0.0,30,164354.625388,False
2.8,30,164404.700567,True
0.0,30,164453.052718,False
0.0,30,164498.185556,False
0.0,30,164548.583798,False
0.0,30,164599.249571,False
0.0,30,164645.272433,False
0.0,30,164698.330327,False
3.0,30,164747.930873,True
2.8,30,164792.820984,True
1.1,30,164844.706773,False
0.0,30,164895.32908,False
0.0,30,164950.568698,False
2.1,30,164997.293448,True
2.9,30,165049.71994,True
2.5,30,165092.786343,True
2.9,30,165139.026565,True
2.4,30,165183.608979,True
0.0,30,165235.079528,False
0.0,30,165541.352135,False
0.0,30,165586.215747,False
0.0,30,165630.395517,False
2.7,30,165674.409511,True
2.4,30,165721.311384,True
0.0,30,165776.914114,False
1.0,30,165822.806319,True
3.0,30,165878.528053,True
0.0,30,165923.041721,False
0.0,30,165969.225983,False
2.4,30,166016.330008,True
2.8,30,166072.518117,True
2.7,30,166118.292094,True
0.0,30,166164.72858,False
0.0,30,166218.677124,False
0.0,30,166271.862291,False
0.0,30,166320.953619,False
1.7,30,166367.93751,True
2.7,30,166419.235586,True
0.0,30,166471.181475,False
0.0,30,166520.348286,False
0.0,30,166564.360976,False
0.0,30,166611.245107,False
0.0,30,166659.53657,False
2.6,30,166706.703076,True
2.4,30,166751.365277,True
2.9,30,166795.70612,True
0.0,30,166837.61503,False
0.0,30,166882.461794,False
0.0,30,166928.19886,False
2.8,30,166979.359489,True
2.4,30,167023.367378,True
2.8,30,167067.718723,True
2.6,30,167116.323448,True
2.5,30,167160.206597,True
0.0,30,167470.937384,False
2.6,30,167513.687324,True
0.0,30,167558.218468,False
2.9,30,167607.092922,True
0.0,30,167652.814385,False
2.9,30,167700.347935,True
0.0,30,167747.549814,False
2.5,30,167792.092828,True
1.9,30,167833.69267,True
2.5,30,167884.29903,True
0.0,30,167926.895413,False
0.0,30,167966.41452,False
1.1,30,168011.007327,True
0.3,30,168059.575934,True
2.8,30,168107.582291,True
2.6,30,168157.339957,True
2.8,30,168204.827948,True
2.6,30,168251.42718,True
2.5,30,168297.164818,True
2.9,30,168345.208853,True
2.7,30,168389.443788,True
0.0,30,168436.681114,False
2.2,30,168489.365216,True
2.2,30,168533.141788,True
1.9,30,168576.669373,True
2.8,30,168627.204953,True
2.5,30,168670.380298,True
0.0,30,168712.904355,False
0.0,30,168759.102398,False
2.7,30,168808.26961,True
2.9,30,168853.054204,True
0.0,30,168908.576515,False
2.5,30,168951.690418,True
2.9,30,168996.245857,True
0.0,30,169297.399649,False
2.7,30,169345.373896,True
0.0,30,169391.516764,False
2.3,30,169439.034199,True
0.0,30,169481.389568,False
0.0,30,169530.885883,False
0.0,30,169576.987653,False
2.1,30,169625.854731,True
0.0,30,169671.051237,False
0.0,30,169719.709302,False
0.0,30,169766.213398,False
1.4,30,169816.172247,True
2.6,30,169860.152612,True
0.0,30,169906.012401,False
2.2,30,169958.543455,True
2.6,30,170005.112907,True
0.0,30,170048.741174,False
0.0,30,170096.900987,False
0.0,30,170142.968007,False
2.0,30,170188.097479,True
2.1,30,170235.047332,True
0.0,30,170290.330975,False
0.0,30,170338.205438,False
0.0,30,170379.374952,False
2.2,30,170422.916054,True
0.3,30,170473.717182,False
2.9,30,170517.227625,True
2.7,30,170557.949813,True
2.5,30,170604.946313,True
0.0,30,170648.492817,False
2.8,30,170714.203279,True
0.0,30,170765.330373,False
0.0,30,170811.258425,False
2.6,30,170874.820091,True
1.4,30,171162.705809,True
2.5,30,171208.564085,True
0.0,30,171253.193512,False
0.0,30,171296.995804,False
0.0,30,171345.214068,False
2.6,30,171393.728473,True
0.0,30,171437.983229,False
0.0,30,171479.451754,False
0.0,30,171525.313222,False
0.0,30,171567.034505,False
0.0,30,171609.816432,False
2.5,30,171659.099923,True
2.3,30,171705.909012,True
0.0,30,171753.620889,False
0.0,30,171804.703946,False
0.0,30,171851.013243,False
0.0,30,171897.093135,False
2.4,30,171944.293992,True
2.8,30,171997.263727,True
1.0,30,172039.340751,True
0.0,30,172094.17719,False
0.0,30,172142.570596,False
1.8,30,172189.571254,True
0.0,30,172237.134033,False
0.0,30,172292.077404,False
0.0,30,172333.745423,False
1.6,30,172379.608741,True
0.0,30,172426.869124,False
0.0,30,172473.342444,False
0.2,30,172522.867247,False
2.9,30,172579.590061,True
2.6,30,172627.542767,True
2.4,30,172674.54204,True
2.2,30,172719.509071,True
0.0,30,172993.399995,False
0.0,30,173039.26734,False
2.6,30,173087.142992,True
0.0,30,173129.621249,False
0.0,30,173172.899705,False
0.0,30,173223.440981,False
2.4,30,173268.419653,True
0.0,30,173316.808659,False
0.0,30,173361.718845,False
0.0,30,173413.278167,False
2.4,30,173455.549499,True
0.0,30,173508.195796,False
0.0,30,173556.14096,False
1.0,30,173602.280488,True
0.0,30,173648.710104,False
0.0,30,173688.645872,False
2.8,30,173733.557429,True
2.8,30,173776.129347,True
2.4,30,173822.148371,True
0.0,30,173869.635599,False
2.5,30,173904.432256,True
0.0,30,173949.236124,False
0.0,30,173993.762032,False
2.7,30,174047.225488,True
0.0,30,174088.347214,False
2.6,30,174133.900766,True
2.5,30,174179.693881,True
0.0,30,174230.255404,False
0.0,30,174284.734823,False
1.7,30,174327.984581,True
0.0,30,174382.161992,False
0.0,30,174438.074836,False
2.8,30,174488.627805,True
0.0,30,174535.333006,False
2.8,30,174822.339927,True
0.0,30,174867.490194,False
2.7,30,174911.4936,True
0.0,30,174955.331663,False
2.2,30,175000.528283,True
0.0,30,175043.529372,False
2.6,30,175090.318663,True
0.0,30,175135.60886,False
0.0,30,175192.353088,False
2.0,30,175234.149317,True
0.0,30,175280.117118,False
0.0,30,175322.734877,False
3.0,30,175366.725794,True
2.5,30,175411.403297,True
2.8,30,175455.847817,True
2.8,30,175502.04214,True
0.0,30,175545.134529,False
0.0,30,175591.706838,False
2.0,30,175636.847521,True
0.0,30,175682.181485,False
2.8,30,175727.463639,True
0.0,30,175774.881408,False
2.6,30,175818.500219,True
0.0,30,175865.43123,False
2.8,30,175908.908572,True
2.7,30,175951.727205,True
2.7,30,175997.12119,True
2.5,30,176043.587246,True
3.0,30,176090.978404,True
1.1,30,176138.953395,True
1.4,30,176182.751812,True
0.0,30,176220.043241,False
2.4,30,176266.450805,True
0.0,30,176312.046597,False
2.7,30,176584.291216,True
2.9,30,176633.62806,True
2.5,30,176678.471844,True
0.0,30,176726.186422,False
0.0,30,176769.288746,False
2.7,30,176810.669232,True
0.0,30,176860.153866,False
0.0,30,176910.116447,False
0.0,30,176955.266126,False
0.0,30,177012.586161,False
0.0,30,177060.522134,False
2.1,30,177104.843219,True
2.4,30,177147.265062,True
2.1,30,177192.836111,True
0.0,30,177239.095375,False
0.0,30,177287.976909,False
2.6,30,177337.046839,True
0.0,30,177389.526758,False
0.0,30,177436.06834,False
2.2,30,177480.334613,True
0.0,30,177528.406401,False
2.5,30,177578.535157,True
1.1,30,177618.976912,True
2.2,30,177663.225769,True
2.4,30,177703.886192,True
2.7,30,177749.895367,True
0.0,30,177789.462255,False
0.0,30,177832.064961,False
0.0,30,177875.877963,False
2.8,30,177923.497329,True
0.0,30,177969.288227,False
3.0,30,178010.632918,True
2.7,30,178052.749081,True
3.0,30,178094.2849,True
0.0,30,178393.393959,False
0.0,30,178444.857517,False
0.0,30,178493.641144,False
0.0,30,178538.347126,False
2.9,30,178588.744361,True
0.0,30,178629.132006,False
0.0,30,178674.684233,False
0.0,30,178725.016411,False
0.5,30,178787.875189,True
0.0,30,178830.943876,False
2.8,30,178882.079902,True
2.5,30,178927.119631,True
3.0,30,178970.78035,True
0.0,30,179019.891074,False
0.0,30,179062.783531,False
0.0,30,179112.730381,False
2.3,30,179163.739386,True
0.0,30,179205.819182,False
0.0,30,179256.717395,False
3.0,30,179299.5367,True
0.0,30,179341.039887,False
2.5,30,179386.761039,True
0.0,30,179436.786216,False
0.0,30,179485.255089,False
0.0,30,179529.441325,False
0.0,30,179579.93362,False
2.7,30,179628.138603,True
0.0,30,179675.14777,False
2.5,30,179717.734135,True
2.4,30,179765.523415,True
1.2,30,179811.636952,True
0.0,30,179859.691969,False
2.5,30,179908.953243,False
1.7,30,179955.473445,True
1.6,30,180003.456387,True
0.0,30,180361.317525,False
2.6,30,180409.639356,True
2.8,30,180460.316805,True
0.0,30,180505.076866,False
0.0,30,180549.921295,False
0.0,30,180597.48992,False
2.0,30,180643.186932,True
2.1,30,180689.709159,True
0.0,30,180745.963681,False
3.0,30,180791.960884,True
2.2,30,180839.021374,True
0.0,30,180887.147032,False
0.0,30,180933.003692,False
0.0,30,180981.92279,False
0.0,30,181028.52441,False
0.9,30,181077.529701,True
0.0,30,181123.885734,False
0.0,30,181170.805341,False
0.9,30,181211.437541,False
0.0,30,181260.149724,False
2.8,30,181314.179287,True
2.4,30,181358.571178,True
0.0,30,181407.659404,False
2.8,30,181453.105341,True
0.0,30,181500.800476,False
0.0,30,181544.986194,False
0.0,30,181594.422656,False
0.0,30,181637.741415,False
0.0,30,181685.348039,False
2.7,30,181730.137478,True
0.0,30,181774.309703,False
2.7,30,181820.547519,True
2.9,30,181864.899472,True
2.4,30,181910.195694,True
0.0,30,182276.331818,False
2.7,30,182326.817897,True
2.6,30,182375.19358,True
0.0,30,182426.485197,False
0.0,30,182469.942915,False
2.7,30,182510.220039,True
2.5,30,182566.895225,True
0.0,30,182612.467695,False
0.0,30,182662.017075,False
2.3,30,182709.408158,True
2.6,30,182754.106891,True
0.0,30,182798.900047,False
2.7,30,182847.46789,True
0.0,30,182897.650678,False
0.0,30,182943.715154,False
0.0,30,182985.733113,False
2.6,30,183035.668313,True
0.0,30,183082.654254,False
0.0,30,183127.164461,False
0.0,30,183173.566849,False
2.2,30,183217.505964,True
0.0,30,183263.308773,False
2.2,30,183311.774203,True
0.0,30,183357.433493,False
0.0,30,183412.884414,False
0.0,30,183486.450212,False
0.0,30,183532.603134,False
0.0,30,183579.151821,False
0.0,30,183636.370529,False
2.6,30,183687.332703,True
2.4,30,183730.741304,True
2.6,30,183779.80004,True
0.0,30,183824.749464,False
0.0,30,183875.270898,False
0.0,30,184217.902508,False
0.0,30,184257.718041,False
1.9,30,184304.120899,True
0.0,30,184348.372654,False
0.0,30,184392.645566,False
0.0,30,184438.034332,False
2.7,30,184484.711133,True
0.0,30,184529.463865,False
0.0,30,184575.65906,False
2.9,30,184625.202661,True
2.6,30,184673.87507,True
2.1,30,184717.391936,True
2.6,30,184763.105129,True
0.0,30,184804.553931,False
0.0,30,184854.279718,False
2.8,30,184910.572201,True
2.2,30,184961.748864,True
2.8,30,185009.299257,True
0.0,30,185056.166955,False
0.0,30,185101.728896,False
0.0,30,185147.681169,False
0.0,30,185193.708325,False
3.0,30,185254.813722,True
2.6,30,185313.242128,True
2.7,30,185363.635929,True
0.0,30,185407.727226,False
0.0,30,185452.100774,False
1.4,30,185494.941043,True
2.8,30,185535.46611,True
3.0,30,185580.373129,True
0.0,30,185628.417385,False
2.7,30,185673.16082,True
1.6,30,185715.712812,True
0.0,30,185762.372377,False
0.0,30,186140.275939,False
0.0,30,186187.032178,False
2.4,30,186247.416495,False
0.0,30,186295.242144,False
0.0,30,186342.886041,False
2.7,30,186389.170674,True
2.8,30,186438.190148,True
0.0,30,186480.825033,False
0.0,30,186532.667742,False
2.3,30,186585.840719,True
0.0,30,186632.131297,False
0.0,30,186687.705276,False
0.0,30,186739.327102,False
0.0,30,186792.017817,False
1.8,30,186837.732473,True
2.6,30,186881.758524,True
2.2,30,186935.45935,True
2.7,30,186980.435496,True
0.0,30,187026.46298,False
0.0,30,187070.445981,False
0.0,30,187121.695933,False
2.8,30,187165.230668,True
0.0,30,187211.809502,False
0.0,30,187273.733948,False
2.3,30,187321.424676,True
2.9,30,187366.558687,True
0.0,30,187411.070319,False
2.4,30,187460.355667,True
0.0,30,187501.842416,False
2.3,30,187546.618484,True
0.0,30,187590.441981,False
0.0,30,187636.1847,False
0.0,30,187688.734464,False
0.0,30,187733.634995,False
0.0,30,188104.631655,False
0.9,30,188154.648523,True
1.8,30,188202.011243,True
2.3,30,188250.301178,True
2.2,30,188295.931917,True
0.0,30,188337.900117,False
0.0,30,188386.2315,False
2.6,30,188435.297488,True
2.7,30,188485.48499,True
0.0,30,188530.139232,False
2.7,30,188572.024254,True
2.0,30,188621.985515,False
2.7,30,188665.625177,True
0.0,30,188715.728903,False
2.1,30,188764.041404,True
0.0,30,188815.106877,False
2.7,30,188871.196341,True
2.6,30,188916.25832,True
0.0,30,188963.095023,False
0.0,30,189012.486874,False
2.8,30,189067.304495,True
3.0,30,189115.104546,True
0.0,30,189159.030226,False
0.0,30,189210.674026,False
0.0,30,189264.572928,False
2.7,30,189310.817394,True
3.0,30,189355.029561,True
0.0,30,189404.879844,False
2.6,30,189451.523004,True
1.3,30,189497.242119,False
0.0,30,189541.203578,False
0.0,30,189593.279498,False
2.6,30,189639.702204,True
2.4,30,189689.989873,True
0.0,30,190020.606079,False
0.0,30,190065.334056,False
0.0,30,190113.721738,False
0.0,30,190160.421533,False
2.8,30,190206.687982,True
0.0,30,190250.472773,False
0.0,30,190295.29033,False
0.0,30,190341.071935,False
0.0,30,190388.994155,False
0.0,30,190445.523606,False
2.5,30,190492.657587,True
0.0,30,190538.557562,False
2.5,30,190585.135059,True
0.0,30,190632.084293,False
0.0,30,190678.757893,False
2.5,30,190731.108241,True
0.0,30,190781.892451,False
0.0,30,190830.274385,False
2.6,30,190874.751812,True
0.0,30,190923.287197,False
0.0,30,190975.323532,False
0.0,30,191015.190709,False
2.5,30,191064.506476,True
0.0,30,191110.920963,False
0.5,30,191154.97776,True
2.8,30,191204.30055,True
0.0,30,191250.084732,False
0.0,30,191294.620547,False
2.6,30,191356.292126,True
2.8,30,191411.276338,True
0.0,30,191462.787639,False
0.0,30,191510.099281,False
0.0,30,191558.576658,False
0.0,30,191604.521497,False
0.0,30,191949.215507,False
0.0,30,191999.569266,False
2.8,30,192047.644849,True
2.7,30,192095.548648,True
0.0,30,192140.855002,False
2.9,30,192182.881664,True
2.6,30,192229.39054,True
2.6,30,192272.292211,True
0.0,30,192316.657342,False
0.0,30,192360.906596,False
0.0,30,192406.224781,False
2.6,30,192447.893268,True
2.9,30,192492.793834,True
3.0,30,192534.588664,True
0.0,30,192582.603959,False
0.0,30,192630.779898,False
2.1,30,192675.351166,True
0.0,30,192720.10554,False
0.0,30,192772.401095,False
1.7,30,192818.296551,True
0.0,30,192862.313725,False
0.0,30,192904.391648,False
2.9,30,192952.58742,True
0.0,30,193003.277881,False
0.9,30,193052.677574,True
2.4,30,193097.266438,True
1.7,30,193142.869038,True
2.8,30,193189.56268,True
0.0,30,193234.358246,False
2.9,30,193279.815004,True
0.0,30,193323.661599,False
2.5,30,193367.930003,True
0.0,30,193412.519269,False
2.7,30,193476.860943,True
2.7,30,193841.111265,True
2.6,30,193884.028231,True
2.2,30,193933.249228,False
2.8,30,193978.454215,True
2.9,30,194030.844076,True
0.0,30,194083.096087,False
0.0,30,194128.860583,False
0.0,30,194179.59889,False
0.0,30,194226.619433,False
2.6,30,194275.196556,True
0.0,30,194321.813693,False
0.0,30,194366.779147,False
0.0,30,194414.426755,False
2.7,30,194465.128686,True
0.0,30,194513.717077,False
2.8,30,194560.665899,True
2.4,30,194606.015854,True
0.0,30,194656.122667,False
0.0,30,194705.225056,False
0.0,30,194750.806562,False
2.8,30,194796.574091,True
2.6,30,194847.893254,True
0.0,30,194890.892533,False
2.3,30,194936.63223,True
2.8,30,194987.493392,True
2.5,30,195030.520761,True
0.0,30,195072.446328,False
0.0,30,195125.736491,False
2.7,30,195176.160022,True
0.0,30,195224.685277,False
0.0,30,195274.657997,False
2.2,30,195326.025322,True
2.6,30,195381.266621,True
0.0,30,195427.490911,False
0.0,30,195471.067637,False
0.0,30,195817.931302,False
0.0,30,195864.483733,False
2.4,30,195913.861159,True
3.0,30,195966.492046,True
0.0,30,196022.068648,False
0.0,30,196067.92046,False
3.0,30,196114.449021,True
2.7,30,196155.623785,True
2.9,30,196203.800131,True
2.6,30,196250.352509,True
2.7,30,196313.23847,True
2.8,30,196361.244115,True
0.0,30,196419.384826,False
2.6,30,196469.304183,True
0.0,30,196515.421328,False
0.0,30,196568.168559,False
0.0,30,196612.354367,False
0.0,30,196662.438673,False
0.0,30,196711.669744,False
1.6,30,196760.804225,True
2.5,30,196811.088532,True
0.0,30,196862.067021,False
0.0,30,196907.29654,False
2.9,30,196948.874846,True
0.0,30,196994.966361,False
0.0,30,197042.949749,False
2.5,30,197090.46721,True
0.0,30,197138.948385,False
0.0,30,197190.802582,False
0.0,30,197236.945368,False
0.0,30,197289.693615,False
2.9,30,197341.019638,True
0.0,30,197396.187678,False
0.0,30,197445.272395,False
0.1,30,197760.388967,False
2.5,30,197804.218452,True
0.0,30,197849.188438,False
0.0,30,197893.092963,False
2.6,30,197939.593671,True
0.0,30,197985.586623,False
2.2,30,198028.176386,True
0.0,30,198074.440641,False
1.5,30,198116.889667,True
0.0,30,198163.674323,False
2.1,30,198216.628894,True
0.9,30,198263.400584,True
0.4,30,198317.614819,False
0.0,30,198372.828049,False
0.0,30,198423.790691,False
0.0,30,198474.07827,False
0.0,30,198522.679724,False
2.8,30,198568.376543,True
2.4,30,198614.762349,True
2.7,30,198663.467182,True
0.0,30,198722.066783,False
1.6,30,198768.559539,True
0.0,30,198824.161181,False
2.4,30,198869.055674,True
0.0,30,198916.978647,False
0.0,30,198957.953703,False
0.0,30,199006.050128,False
2.4,30,199053.650656,True
0.0,30,199103.681211,False
0.0,30,199155.199885,False
1.7,30,199207.456019,True
1.7,30,199259.680218,False
2.2,30,199311.19728,True
0.0,30,199351.542612,False
0.0,30,199686.842273,False
2.9,30,199730.47342,True
0.0,30,199785.745821,False
2.5,30,199831.009933,True
0.0,30,199879.863216,False
3.0,30,199928.118267,True
0.0,30,199972.673791,False
2.4,30,200066.897805,True
0.0,30,200112.156707,False
0.0,30,200157.952011,False
0.0,30,200203.854566,False
0.0,30,200246.560708,False
0.0,30,200292.389302,False
0.0,30,200337.504335,False
2.7,30,200385.345145,True
3.0,30,200433.555146,True
0.0,30,200481.032912,False
0.0,30,200530.755661,False
0.0,30,200576.476451,False
0.0,30,200626.608123,False
2.4,30,200673.429223,True
2.8,30,200718.235677,True
0.0,30,200771.683287,False
0.0,30,200816.209927,False
2.6,30,200860.36662,True
3.0,30,200916.881654,True
0.0,30,200971.295835,False
2.9,30,201026.732987,True
0.0,30,201077.181916,False
2.8,30,201122.273238,True
2.7,30,201167.748526,True
2.8,30,201211.217551,True
0.0,30,201256.904019,False
2.6,30,201302.45879,True
0.0,30,201652.877485,False
0.0,30,201702.454177,False
0.0,30,201756.310835,False
0.0,30,201810.488873,False
2.6,30,201860.317374,True
2.6,30,201906.17931,True
2.8,30,201945.34278,True
2.9,30,201990.63336,True
2.2,30,202036.440094,False
0.0,30,202077.309676,False
0.0,30,202127.766339,False
2.7,30,202178.035346,True
2.1,30,202223.100276,True
2.6,30,202276.256161,True
0.0,30,202322.102954,False
1.5,30,202365.569766,True
0.0,30,202408.45354,False
0.0,30,202451.129536,False
1.8,30,202504.511497,True
2.5,30,202551.776636,True
0.0,30,202594.992928,False
2.5,30,202641.774931,True
2.7,30,202686.639197,True
0.0,30,202735.833179,False
2.3,30,202788.820331,True
0.0,30,202833.413937,False
2.0,30,202875.885762,True
2.1,30,202922.176793,True
0.0,30,202963.82637,False
0.0,30,203009.90729,False
0.0,30,203056.190407,False
0.0,30,203104.339426,False
2.4,30,203150.014919,True
0.0,30,203201.43963,False
1.6,30,203547.890667,True
0.5,30,203595.425352,True
2.4,30,203652.865051,True
0.0,30,203701.789569,False
1.1,30,203769.163604,True
2.8,30,203814.503218,True
0.0,30,203868.185596,False
0.0,30,203915.535369,False
0.0,30,203963.236141,False
2.8,30,204010.964958,True
0.0,30,204056.607412,False
0.0,30,204106.238762,False
2.7,30,204148.348842,True
1.8,30,204200.519483,True
2.4,30,204244.372807,True
0.0,30,204292.289644,False
2.7,30,204339.481233,True
0.0,30,204385.366072,False
2.1,30,204431.05484,True
2.8,30,204476.323084,True
2.6,30,204524.14662,True
2.5,30,204578.092115,True
2.0,30,204624.571472,True
2.4,30,204676.375577,True
2.5,30,204722.328598,True
0.0,30,204764.238848,False
0.0,30,204809.227064,False
3.0,30,204862.395926,True
1.2,30,204908.599306,True
0.0,30,204947.647659,False
0.1,30,204989.764639,False
0.0,30,205037.349678,False
0.0,30,205083.519591,False
0.0,30,205132.149657,False
2.7,30,205465.145857,True
0.0,30,205509.246623,False
2.7,30,205558.355937,True
2.7,30,205604.337101,True
2.9,30,205652.068514,True
0.0,30,205702.115677,False
0.5,30,205750.351601,False
1.1,30,205800.051921,True
2.5,30,205847.237055,True
2.3,30,205889.826817,True
2.8,30,205936.163234,True
0.0,30,205986.452996,False
2.6,30,206036.357838,True
1.8,30,206080.82461,True
2.5,30,206127.528511,True
0.0,30,206180.690058,False
0.0,30,206224.801838,False
2.8,30,206271.811149,True
2.8,30,206319.009097,True
1.0,30,206369.038872,True
2.5,30,206417.196436,True
1.5,30,206466.213739,True
2.5,30,206509.056879,True
0.0,30,206556.716811,False
0.0,30,206614.180242,False
2.7,30,206660.376093,True
2.7,30,206704.383782,True
2.2,30,206756.029062,True
2.3,30,206801.251807,True
0.0,30,206856.232895,False
2.5,30,206901.370198,True
2.7,30,206953.545886,True
0.0,30,207000.076568,False
0.0,30,207048.150959,False
2.8,30,207381.169816,True
0.8,30,207428.552534,True
0.0,30,207474.235095,False
2.5,30,207527.33765,True
2.6,30,207571.980326,True
2.0,30,207622.827801,True
0.0,30,207669.220208,False
2.5,30,207712.204579,True
2.1,30,207758.743899,True
0.0,30,207804.199291,False
2.7,30,207851.357325,True
0.0,30,207893.978271,False
2.2,30,207948.53914,True
1.2,30,207997.098433,True
2.7,30,208039.885732,True
0.0,30,208086.066772,False
2.7,30,208130.791381,True
2.9,30,208173.830354,True
0.0,30,208214.045339,False
3.0,30,208266.199044,True
2.3,30,208313.042035,True
1.7,30,208363.625916,True
2.5,30,208410.033884,True
0.0,30,208460.57014,False
2.4,30,208507.194573,True
0.0,30,208548.660376,False
0.0,30,208592.882205,False
0.0,30,208637.618606,False
0.0,30,208687.748152,False
2.7,30,208734.870536,True
0.0,30,208779.569604,False
0.0,30,208824.907796,False
2.7,30,208866.917088,True
0.0,30,208932.686061,False
0.0,30,208980.802418,False
0.0,30,209340.865358,False
0.0,30,209388.712232,False
0.0,30,209428.450584,False
0.0,30,209474.882163,False
2.4,30,209523.670573,True
2.4,30,209566.278931,True
0.0,30,209613.797189,False
2.1,30,209660.001028,True
0.0,30,209708.845322,False
0.0,30,209756.177084,False
0.0,30,209799.503334,False
2.8,30,209846.234401,True
0.0,30,209895.217906,False
2.7,30,209943.712695,True
2.9,30,209992.418017,True
2.7,30,210042.495304,True
2.6,30,210086.692796,True
0.0,30,210132.752294,False
0.0,30,210173.576842,False
0.0,30,210229.293382,False
2.8,30,210274.980648,True
0.0,30,210323.956375,False
0.0,30,210365.391671,False
2.3,30,210414.676759,True
2.7,30,210469.241776,True
2.7,30,210523.658156,True
0.0,30,210570.05871,False
0.3,30,210621.168404,True
2.7,30,210670.680346,True
0.0,30,210716.780924,False
0.0,30,210761.548541,False
0.0,30,210807.862309,False
0.0,30,210856.889526,False
0.0,30,210902.330706,False
3.0,30,211220.436797,True
2.7,30,211264.440654,True
0.0,30,211316.753931,False
2.7,30,211360.634218,True
0.0,30,211405.638907,False
2.2,30,211450.288027,True
2.2,30,211494.728525,True
0.0,30,211539.376753,False
2.7,30,211584.632192,True
0.0,30,211634.619858,False
3.0,30,211680.553041,True
2.4,30,211724.823836,True
2.6,30,211770.03125,True
0.0,30,211817.1849,False
0.0,30,211877.251338,False
0.0,30,211923.173591,False
2.7,30,211968.917962,True
2.8,30,212014.79222,True
2.2,30,212057.626442,True
1.7,30,212119.694891,True
0.0,30,212163.490897,False
0.0,30,212211.532783,False
2.7,30,212259.746999,True
2.8,30,212304.55745,True
0.0,30,212347.30898,False
2.9,30,212396.070773,True
2.4,30,212439.392994,True
2.8,30,212488.162307,True
2.7,30,212536.233943,True
0.0,30,212589.977371,False
0.0,30,212637.609248,False
2.3,30,212680.88113,True
0.0,30,212729.127284,False
2.6,30,212772.767499,True
0.0,30,213102.276526,False
0.0,30,213150.636801,False
1.9,30,213203.121849,True
0.0,30,213254.92199,False
0.0,30,213306.284694,False
2.2,30,213351.084424,True
0.0,30,213398.081898,False
0.0,30,213446.287226,False
0.0,30,213491.895636,False
2.8,30,213534.194188,True
2.4,30,213574.870784,True
0.0,30,213655.742039,False
0.0,30,213702.716909,False
3.0,30,213746.982023,True
0.0,30,213821.293927,False
0.0,30,213865.390671,False
0.0,30,213904.629668,False
2.6,30,213962.543037,True
2.6,30,214009.917626,True
0.0,30,214058.55145,False
0.0,30,214105.6841,False
0.0,30,214151.482746,False
2.8,30,214192.754293,True
2.5,30,214233.760225,True
2.7,30,214277.563378,True
0.0,30,214331.946421,False
0.0,30,214379.531636,False
2.6,30,214420.52923,True
2.7,30,214463.511763,True
0.0,30,214517.198091,False
0.0,30,214557.933682,False
1.9,30,214606.062212,True
2.5,30,214652.1101,True
0.0,30,214694.190841,False
2.1,30,215026.075171,True
0.0,30,215072.543574,False
2.5,30,215117.233051,True
2.5,30,215162.624354,True
0.0,30,215205.884285,False
2.7,30,215246.73829,True
0.0,30,215291.449779,False
0.0,30,215377.593935,False
1.5,30,215436.821692,True
2.6,30,215482.669845,True
2.4,30,215528.746424,True
0.0,30,215577.378323,False
0.0,30,215623.370891,False
0.0,30,215669.774827,False
0.0,30,215723.813501,False
2.6,30,215775.665022,True
2.3,30,215823.166718,True
0.0,30,215868.257807,False
0.0,30,215915.860967,False
0.0,30,215962.779486,False
0.0,30,216012.23445,False
0.0,30,216056.02269,False
3.0,30,216106.245162,True
0.0,30,216156.618524,False
0.0,30,216203.28517,False
0.0,30,216248.54207,False
0.0,30,216290.877042,False
2.6,30,216339.92869,True
0.0,30,216384.936238,False
2.7,30,216425.889841,True
0.0,30,216469.790048,False
0.0,30,216521.449326,False
2.6,30,216566.943343,True
0.0,30,216617.236475,False
2.7,30,216937.625788,True
2.7,30,216980.019832,True
2.5,30,217026.832738,True
0.0,30,217072.877053,False
0.0,30,217122.870014,False
2.6,30,217169.098805,True
0.0,30,217220.316724,False
2.8,30,217270.027528,True
0.0,30,217324.714298,False
0.0,30,217372.509205,False
2.5,30,217427.216013,True
2.6,30,217471.570677,True
0.0,30,217516.983252,False
0.0,30,217565.133119,False
0.0,30,217608.694369,False
0.0,30,217652.242394,False
0.0,30,217699.316499,False
2.9,30,217743.167222,True
0.0,30,217788.446102,False
0.0,30,217840.732421,False
0.0,30,217884.296702,False
0.0,30,217926.248735,False
0.0,30,217971.3588,False
2.4,30,218023.168068,True
1.7,30,218065.10946,True
2.8,30,218114.340619,True
0.0,30,218162.856587,False
2.6,30,218213.65971,True
2.7,30,218257.375952,True
2.9,30,218302.327012,True
2.3,30,218350.542897,True
2.9,30,218393.78024,True
0.0,30,218439.011957,False
2.6,30,218481.811393,True
0.0,30,218781.143974,False
0.0,30,218830.084332,False
2.7,30,218896.976687,True
0.0,30,218934.086862,False
1.2,30,218979.090659,False
0.0,30,219025.000558,False
3.0,30,219067.374259,True
0.0,30,219121.752927,False
0.0,30,219165.818239,False
0.0,30,219215.795498,False
0.0,30,219259.600621,False
0.0,30,219306.859018,False
0.0,30,219353.425981,False
0.0,30,219403.113031,False
0.0,30,219450.280097,False
2.5,30,219499.622343,True
2.4,30,219546.313072,True
2.8,30,219593.603952,True
2.8,30,219649.034763,True
2.5,30,219698.101957,True
2.5,30,219744.324603,True
0.0,30,219788.721319,False
2.4,30,219831.502352,True
0.0,30,219879.390011,False
2.5,30,219922.81516,True
2.5,30,219974.330854,True
2.6,30,220022.487402,True
2.6,30,220069.539604,True
2.3,30,220115.73746,True
2.2,30,220157.71701,True
2.5,30,220209.913599,True
0.0,30,220254.88203,False
0.0,30,220304.335649,False
0.0,30,220358.944224,False
2.1,30,220672.978372,True
2.3,30,220726.909753,True
2.8,30,220777.252075,True
0.0,30,220831.98338,False
0.0,30,220875.748446,False
2.7,30,220918.699871,True
1.6,30,220965.495444,False
0.0,30,221007.573373,False
0.0,30,221048.943997,False
0.0,30,221090.614276,False
2.7,30,221132.717574,True
1.3,30,221170.628738,True
2.6,30,221216.812839,True
2.6,30,221261.763361,True
0.0,30,221308.711811,False
2.8,30,221355.532573,True
0.0,30,221398.899915,False
1.7,30,221445.718353,True
2.3,30,221486.443722,True
0.0,30,221530.949775,False
0.0,30,221577.400253,False
2.7,30,221624.912164,True
2.3,30,221671.131992,True
1.7,30,221714.849113,True
0.0,30,221760.369033,False
1.9,30,221813.476682,True
2.5,30,221856.730386,True
0.0,30,221901.677892,False
2.7,30,221950.209942,True
0.0,30,222000.100474,False
0.0,30,222046.871616,False
0.0,30,222089.269594,False
0.0,30,222130.59273,False
1.2,30,222175.948147,True
2.6,30,222491.935829,True
2.6,30,222539.734448,True
2.9,30,222588.486194,True
0.0,30,222629.972494,False
2.4,30,222673.532124,True
1.5,30,222717.412947,True
2.6,30,222759.615976,True
0.0,30,222803.651487,False
0.0,30,222846.405284,False
3.0,30,222891.835279,True
0.0,30,222932.61544,False
0.0,30,222980.937945,False
0.0,30,223030.692187,False
0.2,30,223074.760982,False
2.3,30,223122.701547,True
0.0,30,223169.723646,False
2.8,30,223220.618886,True
0.0,30,223269.853414,False
2.7,30,223314.79559,True
2.6,30,223365.858258,True
0.0,30,223416.933788,False
2.6,30,223466.465163,True
2.8,30,223506.091925,True
2.4,30,223547.382957,True
0.0,30,223594.82115,False
0.0,30,223642.088997,False
2.4,30,223686.674276,True
0.0,30,223731.027233,False
1.3,30,223776.735961,True
2.5,30,223824.288909,True
2.5,30,223873.814749,True
0.0,30,223922.969283,False
1.1,30,223970.188703,True
0.0,30,224019.791466,False
0.0,30,224066.928356,False
2.5,30,224402.530685,True
0.0,30,224442.4227,False
2.4,30,224487.407797,True
3.0,30,224529.91787,True
2.7,30,224576.730684,True
0.0,30,224628.935545,False
0.0,30,224675.287835,False
0.0,30,224725.48678,False
0.0,30,224768.102876,False
0.0,30,224811.337251,False
0.0,30,224856.23074,False
2.4,30,224902.067859,True
2.5,30,224951.493445,True
0.0,30,224999.072536,False
3.0,30,225045.394824,True
2.2,30,225094.700721,True
0.0,30,225141.271479,False
2.6,30,225184.580596,True
2.0,30,225232.959107,True
2.2,30,225277.264737,True
0.0,30,225320.460377,False
1.8,30,225364.175003,True
0.0,30,225411.253425,False
2.5,30,225455.90371,True
0.0,30,225502.980726,False
0.0,30,225551.460978,False
1.4,30,225598.186361,True
0.0,30,225649.777649,False
0.0,30,225698.271626,False
1.8,30,225750.406639,True
0.0,30,225800.932461,False
0.0,30,225844.876684,False
0.0,30,225888.714631,False
0.0,30,225934.105271,False
0.0,30,226220.811725,False
2.7,30,226267.190246,True
0.0,30,226307.832307,False
0.0,30,226346.548278,False
2.7,30,226393.705834,True
0.0,30,226438.954874,False
2.6,30,226490.259801,True
0.0,30,226535.313998,False
1.9,30,226582.504627,True
0.0,30,226629.866263,False
0.0,30,226677.40137,False
0.0,30,226720.798474,False
0.0,30,226764.679643,False
0.0,30,226814.044051,False
0.0,30,226860.02192,False
0.0,30,226904.849546,False
0.0,30,226948.622011,False
0.0,30,226993.278581,False
0.0,30,227051.782578,False
2.8,30,227098.142118,True
0.0,30,227148.588148,False
0.0,30,227202.386707,False
0.0,30,227253.846806,False
0.0,30,227303.259313,False
2.7,30,227347.280771,True
0.0,30,227390.135432,False
2.1,30,227439.395311,True
0.6,30,227485.481421,True
0.2,30,227530.479654,True
2.4,30,227572.194255,True
2.5,30,227613.711581,True
0.0,30,227661.309012,False
0.0,30,227705.18564,False
0.0,30,227749.525985,False
1.7,30,228045.985766,True
0.0,30,228089.977181,False
0.0,30,228139.672249,False
2.7,30,228190.403103,True
2.4,30,228235.098661,True
2.4,30,228279.878568,True
0.0,30,228326.968701,False
0.0,30,228377.367054,False
0.0,30,228418.436833,False
2.6,30,228463.958446,True
2.4,30,228511.71929,True
0.0,30,228560.92073,False
2.8,30,228607.824915,True
2.7,30,228654.774457,True
2.8,30,228701.285587,True
0.0,30,228747.96742,False
0.0,30,228804.937212,False
2.7,30,228847.379,True
0.0,30,228893.160109,False
2.5,30,228944.409838,True
2.7,30,228994.739912,True
2.5,30,229041.073773,True
0.0,30,229085.542511,False
1.8,30,229130.651229,True
2.5,30,229176.043146,True
2.4,30,229224.655985,True
0.0,30,229262.83744,False
0.0,30,229338.016752,False
2.4,30,229388.80814,True
2.3,30,229432.478022,True
0.0,30,229474.013189,False
2.8,30,229521.573381,True
1.6,30,229570.523591,True
0.0,30,229620.453805,False
2.7,30,229924.277773,True
0.0,30,229974.629275,False
0.0,30,230019.013752,False
0.0,30,230069.53924,False
1.9,30,230116.41936,True
1.7,30,230159.596724,True
0.0,30,230204.68774,False
2.4,30,230246.950405,True
2.7,30,230297.079032,True
0.0,30,230341.34175,False
0.0,30,230394.410191,False
0.0,30,230438.173967,False
0.0,30,230480.097184,False
0.0,30,230525.324656,False
2.6,30,230573.193146,True
2.6,30,230621.106199,True
1.3,30,230667.118098,True
0.0,30,230710.2819,False
0.0,30,230754.499412,False
0.0,30,230793.535197,False
2.7,30,230842.924838,True
0.0,30,230890.329489,False
0.0,30,230938.0367,False
2.8,30,230989.536716,True
0.0,30,231049.421521,False
0.0,30,231102.981045,False
2.9,30,231156.60529,True
2.4,30,231205.075002,True
0.0,30,231243.874285,False
0.0,30,231285.976834,False
2.7,30,231338.865487,True
0.0,30,231390.61385,False
2.7,30,231439.089742,True
1.7,30,231482.199428,True
2.5,30,231758.937643,False
2.6,30,231802.722339,True
0.0,30,231848.074973,False
0.0,30,231887.90236,False
2.6,30,231930.517662,True
0.0,30,231978.273569,False
0.0,30,232021.911608,False
0.0,30,232066.059253,False
2.6,30,232112.054452,True
0.0,30,232154.517098,False
0.0,30,232206.787856,False
0.0,30,232252.133237,False
0.0,30,232297.436162,False
2.6,30,232341.28379,True
2.6,30,232392.488083,True
2.8,30,232438.472753,True
0.0,30,232488.101638,False
2.7,30,232535.447494,True
0.0,30,232584.389792,False
0.0,30,232635.461063,False
0.0,30,232674.90144,False
0.0,30,232724.110377,False
2.3,30,232768.314479,True
2.5,30,232814.556607,True
3.0,30,232856.623078,True
2.0,30,232905.279119,True
0.0,30,232948.235544,False
0.0,30,232996.595182,False
2.9,30,233044.677696,True
0.0,30,233096.938566,False
0.0,30,233139.931557,False
2.9,30,233190.297306,True
0.0,30,233242.836164,False
2.6,30,233292.735728,True
3.0,30,233599.252156,True
0.0,30,233642.437965,False
0.0,30,233686.110286,False
2.2,30,233729.157971,True
3.0,30,233771.310012,True
0.0,30,233820.068548,False
0.0,30,233870.592942,False
2.9,30,233913.298391,True
0.0,30,233958.229666,False
0.0,30,234000.156189,False
2.5,30,234049.139277,True
2.1,30,234108.254839,True
3.0,30,234162.059577,True
0.0,30,234203.284802,False
0.0,30,234246.79794,False
2.4,30,234287.876537,True
0.0,30,234335.464292,False
0.0,30,234387.237131,False
2.0,30,234435.700897,True
0.0,30,234484.147354,False
0.0,30,234526.783493,False
0.0,30,234569.460582,False
0.0,30,234617.749712,False
2.7,30,234658.401593,True
2.4,30,234708.266228,True
0.0,30,234756.872941,False
0.0,30,234798.503818,False
2.6,30,234847.030762,True
0.0,30,234891.401672,False
0.0,30,234937.265465,False
2.5,30,234989.231187,True
2.8,30,235038.184555,True
1.9,30,235084.893476,True
0.0,30,235139.139662,False
2.4,30,235425.806329,True
0.0,30,235475.511387,False
2.8,30,235520.93759,True
1.5,30,235570.485483,True
0.0,30,235613.861503,False
2.6,30,235654.044006,True
2.3,30,235702.075052,True
0.0,30,235747.649485,False
0.0,30,235794.433579,False
0.0,30,235838.559154,False
2.6,30,235884.40895,True
2.7,30,235928.299007,True
0.0,30,235968.378726,False
2.8,30,236009.695114,True
0.0,30,236053.292001,False
0.0,30,236097.260335,False
3.0,30,236143.24036,True
2.6,30,236189.118429,True
0.0,30,236232.450794,False
2.8,30,236273.55279,True
0.0,30,236322.984092,False
2.5,30,236367.152663,True
2.7,30,236410.950263,True
0.8,30,236453.526848,True
1.4,30,236498.19063,False
0.0,30,236543.420254,False
2.9,30,236598.762368,True
2.8,30,236642.468171,True
2.8,30,236683.800118,True
2.4,30,236726.767371,True
0.0,30,236775.875428,False
2.4,30,236823.061885,True
1.9,30,236867.34597,True
0.0,30,236911.999011,False
2.6,30,236955.776289,True
0.0,30,237271.873715,False
0.0,30,237315.879014,False
2.7,30,237372.239016,True
2.7,30,237418.776396,True
0.0,30,237469.70731,False
0.0,30,237517.248251,False
2.7,30,237563.077903,True
1.7,30,237610.667624,True
2.8,30,237653.577723,True
0.0,30,237699.899365,False
0.0,30,237745.392712,False
0.0,30,237797.787435,False
0.0,30,237841.751042,False
0.0,30,237890.548798,False
2.3,30,237937.944095,True
0.0,30,237983.502762,False
0.0,30,238028.016939,False
2.5,30,238071.307616,True
3.0,30,238115.837773,True
0.0,30,238158.989519,False
0.0,30,238207.209867,False
0.0,30,238252.078928,False
0.0,30,238304.37368,False
0.0,30,238350.256659,False
2.4,30,238391.228775,True
2.9,30,238433.394868,True
0.0,30,238480.00031,False
1.6,30,238529.386847,True
0.0,30,238574.207397,False
0.0,30,238625.746305,False
0.0,30,238670.988516,False
2.5,30,238718.182618,True
1.0,30,238759.842485,True
2.5,30,238804.565668,True
2.4,30,239136.151141,True
2.5,30,239174.925594,True
0.0,30,239221.362576,False
0.0,30,239268.596074,False
0.0,30,239317.701126,False
0.0,30,239365.972617,False
2.4,30,239411.255112,True
1.8,30,239458.104459,True
2.2,30,239502.584127,True
0.0,30,239549.053473,False
0.0,30,239604.358404,False
2.6,30,239647.262889,True
2.5,30,239696.833166,True
0.0,30,239744.534714,False
0.0,30,239791.353945,False
3.0,30,239844.086579,True
0.0,30,239896.06785,False
3.0,30,240004.876787,True
2.4,30,240057.884793,True
0.0,30,240112.638343,False
2.7,30,240155.667706,True
2.4,30,240200.769421,True
0.0,30,240243.52194,False
0.0,30,240291.008301,False
0.0,30,240331.948191,False
2.2,30,240378.973804,True
2.4,30,240434.653857,True
2.2,30,240484.842691,True
0.0,30,240530.706922,False
0.0,30,240579.365895,False
0.0,30,240630.086481,False
0.0,30,240674.27112,False
0.0,30,240717.192729,False
2.7,30,240766.590329,True
0.0,30,241077.516465,False
2.6,30,241122.745056,True
3.0,30,241169.029632,True
2.9,30,241218.56574,True
3.0,30,241268.655697,True
3.0,30,241321.144534,True
0.0,30,241363.721256,False
0.0,30,241407.150592,False
3.0,30,241449.719383,True
0.2,30,241493.878208,True
0.0,30,241545.262348,False
0.0,30,241587.665969,False
2.8,30,241628.578766,True
0.0,30,241670.966726,False
1.2,30,241721.383972,True
2.8,30,241771.725606,True
2.9,30,241813.775803,True
1.7,30,241858.515624,True
0.0,30,241902.547458,False
3.0,30,241951.889237,True
2.8,30,242000.493481,True
0.0,30,242043.686066,False
2.0,30,242090.319973,True
0.0,30,242138.580227,False
2.6,30,242180.932907,True
0.0,30,242227.660262,False
2.7,30,242270.595494,True
0.0,30,242328.660378,False
3.0,30,242372.763304,True
0.0,30,242445.842922,False
0.0,30,242491.851534,False
0.0,30,242537.645846,False
2.8,30,242588.893173,True
0.0,30,242631.668938,False
1.1,30,242944.782027,False
0.0,30,242989.489033,False
2.1,30,243038.740315,True
0.0,30,243084.106023,False
2.8,30,243131.373884,True
0.0,30,243169.595953,False
0.0,30,243217.47325,False
2.1,30,243260.341368,True
2.1,30,243304.726671,True
0.0,30,243352.466258,False
0.8,30,243401.371184,True
0.0,30,243445.772842,False
2.4,30,243491.755248,True
0.0,30,243532.089965,False
2.9,30,243582.631136,True
2.2,30,243648.980345,True
0.0,30,243695.036158,False
0.0,30,243743.078614,False
0.0,30,243800.51425,False
2.1,30,243845.04649,True
0.0,30,243889.621384,False
2.6,30,243931.94618,True
0.0,30,243977.205026,False
0.0,30,244030.904815,False
2.7,30,244078.218529,True
0.0,30,244120.377962,False
2.4,30,244166.319831,True
2.5,30,244213.266249,True
2.8,30,244257.315299,True
2.6,30,244304.589624,True
2.8,30,244350.377895,True
2.6,30,244392.173062,True
3.0,30,244445.283823,True
3.0,30,244488.834139,True
0.0,30,244801.486241,False
0.0,30,244846.323003,False
2.6,30,244894.932312,True
0.0,30,244948.933743,False
0.0,30,244995.115242,False
2.4,30,245041.397835,True
0.8,30,245088.624461,True
0.0,30,245134.387796,False
2.4,30,245178.872517,True
2.4,30,245221.594004,True
0.0,30,245269.361071,False
0.0,30,245313.204777,False
0.0,30,245359.479324,False
2.0,30,245400.949097,True
0.0,30,245456.640431,False
0.0,30,245506.384775,False
2.7,30,245554.292131,True
2.7,30,245597.243862,True
0.0,30,245643.92787,False
2.6,30,245691.813919,True
2.6,30,245741.154813,True
0.0,30,245791.879058,False
2.7,30,245841.982839,True
2.9,30,245889.81431,True
1.5,30,245934.194133,True
2.3,30,245993.757709,True
0.0,30,246040.276452,False
2.3,30,246083.605384,True
0.0,30,246132.825808,False
2.2,30,246181.100822,True
2.8,30,246224.009002,True
2.8,30,246266.786519,True
0.0,30,246312.306068,False
2.7,30,246364.33511,True
0.0,30,246705.467841,False
1.7,30,246753.346316,True
2.8,30,246797.827543,True
0.0,30,246841.271739,False
2.0,30,246890.834913,True
0.0,30,246941.020929,False
1.9,30,246985.257081,True
2.8,30,247034.030009,True
0.0,30,247084.126425,False
0.0,30,247129.266985,False
2.8,30,247178.05316,True
2.8,30,247223.39585,True
0.0,30,247268.490536,False
0.0,30,247310.076793,False
2.4,30,247349.5592,True
2.0,30,247395.731765,True
2.4,30,247438.112398,True
0.0,30,247484.834837,False
2.4,30,247534.484316,True
0.2,30,247584.225316,False
2.6,30,247628.738775,True
2.7,30,247676.374132,True
2.2,30,247727.100569,True
2.4,30,247773.028585,True
2.9,30,247816.252773,True
2.4,30,247862.270233,True
2.7,30,247930.240216,True
0.0,30,247971.943992,False
0.0,30,248016.37299,False
0.0,30,248062.275046,False
0.0,30,248113.579055,False
2.6,30,248165.320129,True
2.4,30,248218.857651,True
2.6,30,248270.902439,True
0.0,30,248608.24826,False
0.0,30,248652.53071,False
0.0,30,248697.914315,False
2.5,30,248744.76872,True
2.4,30,248793.56976,False
0.0,30,248837.237735,False
0.0,30,248883.016216,False
2.4,30,248931.420846,True
2.6,30,248986.391478,True
2.4,30,249039.0879,True
0.0,30,249089.083145,False
0.0,30,249131.437507,False
0.0,30,249175.477573,False
2.6,30,249226.296606,True
2.6,30,249270.870452,True
0.0,30,249319.012283,False
0.0,30,249359.166463,False
2.8,30,249413.075568,True
2.6,30,249465.817276,True
1.8,30,249511.838212,True
2.7,30,249556.981807,True
2.6,30,249631.049969,True
0.0,30,249676.413373,False
0.0,30,249720.945152,False
0.0,30,249766.455335,False
2.0,30,249811.777806,True
0.0,30,249866.887021,False
2.9,30,249913.852309,True
0.0,30,249958.474361,False
2.7,30,250006.248079,True
0.0,30,250049.851676,False
0.0,30,250093.956688,False
2.2,30,250142.263475,True
1.1,30,250188.390356,True
0.6,30,250512.458733,False
0.0,30,250554.489084,False
0.0,30,250602.449353,False
2.6,30,250651.806987,True
0.0,30,250701.196087,False
2.1,30,250746.632126,True
2.8,30,250789.590405,True
2.5,30,250840.418957,True
2.6,30,250884.119869,True
2.5,30,250927.561033,True
2.6,30,250970.00287,True
2.8,30,251014.436924,True
2.2,30,251057.293633,True
0.0,30,251100.943371,False
1.0,30,251151.262407,True
0.0,30,251201.284998,False
0.0,30,251251.230524,False
2.6,30,251303.984352,True
0.0,30,251351.74583,False
0.0,30,251403.545715,False
0.0,30,251450.086401,False
0.0,30,251493.623442,False
2.0,30,251536.37699,True
0.0,30,251582.011052,False
2.4,30,251625.430827,True
2.8,30,251673.077679,True
2.1,30,251723.525912,True
0.0,30,251769.867215,False
0.0,30,251815.729278,False
0.0,30,251857.063135,False
0.0,30,251898.140157,False
2.4,30,251940.883687,True
0.0,30,251983.396619,False
0.0,30,252033.883752,False
0.0,30,252084.941136,False
2.9,30,252408.424155,True
2.6,30,252453.492265,True
0.0,30,252500.365041,False
0.0,30,252548.607513,False
2.4,30,252594.985812,True
0.0,30,252648.908819,False
0.0,30,252694.776592,False
0.0,30,252754.403321,False
0.0,30,252798.813418,False
2.2,30,252843.24656,True
0.8,30,252890.935021,False
1.5,30,252938.44492,True
0.0,30,252987.092908,False
0.0,30,253031.236047,False
3.0,30,253074.863368,True
1.0,30,253117.379249,True
0.0,30,253163.977413,False
0.0,30,253222.150668,False
2.4,30,253267.774033,True
2.3,30,253313.591926,True
0.0,30,253357.746605,False
0.0,30,253403.58988,False
0.0,30,253458.210206,False
0.0,30,253505.515487,False
2.5,30,253551.561336,True
2.1,30,253591.469648,True
0.0,30,253637.589709,False
2.8,30,253685.03493,True
2.7,30,253727.708736,True
0.0,30,253776.076093,False
0.0,30,253822.25824,False
2.8,30,253869.398301,True
0.0,30,253923.801819,False
0.0,30,253970.851299,False
0.0,30,254298.325787,False
2.6,30,254345.21693,True
0.0,30,254390.844023,False
0.0,30,254433.264124,False
2.9,30,254479.404138,True
1.4,30,254529.56526,True
2.2,30,254577.6767,True
2.6,30,254627.565481,True
0.0,30,254673.037431,False
3.0,30,254724.38387,True
0.0,30,254767.92931,False
3.0,30,254817.683227,True
0.0,30,254859.783536,False
0.0,30,254900.166064,False
0.0,30,254946.811201,False
2.6,30,254999.471121,True
1.5,30,255044.624971,True
1.9,30,255091.162009,True
0.0,30,255135.495914,False
0.0,30,255191.881351,False
0.0,30,255237.393543,False
1.0,30,255284.629146,True
1.3,30,255329.574355,True
0.0,30,255372.043043,False
0.0,30,255414.738738,False
2.7,30,255466.699753,True
2.8,30,255514.959262,True
0.0,30,255560.886175,False
2.5,30,255605.301481,True
2.8,30,255655.99343,True
2.6,30,255709.060765,True
0.0,30,255752.947644,False
0.0,30,255799.274823,False
2.7,30,255843.492224,True
2.7,30,256183.382539,True
0.0,30,256231.201094,False
0.0,30,256282.613274,False
2.3,30,256329.744185,True
2.9,30,256376.666677,True
1.8,30,256427.980318,True
2.3,30,256476.530596,True
0.0,30,256529.016427,False
2.8,30,256580.887619,True
0.0,30,256631.74237,False
2.8,30,256681.564722,True
0.0,30,256729.199854,False
2.6,30,256776.100232,True
1.5,30,256818.601744,True
0.0,30,256861.427609,False
2.8,30,256907.086335,True
2.6,30,256952.190861,True
0.0,30,257000.616958,False
2.6,30,257048.91258,True
0.4,30,257099.015515,False
2.9,30,257165.720098,True
2.7,30,257215.085138,True
2.9,30,257262.17249,True
2.8,30,257312.362006,True
2.1,30,257360.123349,True
2.7,30,257408.759223,False
0.0,30,257455.585515,False
2.5,30,257508.830511,True
0.0,30,257556.469322,False
0.0,30,257598.909393,False
0.0,30,257638.299983,False
2.7,30,257682.876482,True
2.8,30,257727.426557,True
0.0,30,257782.069898,False
1.0,30,258116.557381,True
0.0,30,258162.911789,False
0.0,30,258219.284765,False
0.0,30,258267.207088,False
0.0,30,258314.004331,False
0.0,30,258362.216239,False
2.6,30,258409.589985,True
2.0,30,258459.753396,True
0.0,30,258507.461231,False
3.0,30,258551.323929,True
2.8,30,258598.407983,True
2.6,30,258644.086895,True
2.6,30,258686.917794,True
0.0,30,258733.267045,False
2.6,30,258791.762565,True
0.0,30,258836.573417,False
0.0,30,258886.69472,False
0.0,30,258929.516755,False
0.0,30,258980.563861,False
0.0,30,259024.293078,False
0.0,30,259075.6687,False
2.9,30,259117.133446,True
2.6,30,259161.969991,True
0.0,30,259209.098212,False
0.0,30,259257.731063,False
0.0,30,259307.447512,False
2.0,30,259356.450913,True
0.0,30,259406.665982,False
2.7,30,259458.512264,True
0.0,30,259503.510208,False
2.3,30,259547.42709,True
2.3,30,259599.906886,True
0.0,30,259645.138094,False
3.0,30,259692.062597,True
2.6,30,260051.905808,True
0.0,30,260102.626592,False
0.0,30,260150.865347,False
0.0,30,260203.492381,False
0.0,30,260249.795438,False
0.0,30,260303.515897,False
2.1,30,260352.538474,True
0.0,30,260410.280741,False
0.0,30,260461.669093,False
0.0,30,260509.125141,False
0.0,30,260568.102903,False
0.0,30,260609.918409,False
2.8,30,260655.972896,True
0.0,30,260701.716277,False
2.8,30,260747.182767,True
2.9,30,260794.558034,True
0.0,30,260843.53982,False
2.5,30,260888.565189,True
2.8,30,260937.895132,True
0.9,30,260987.743711,True
0.0,30,261037.860045,False
0.0,30,261084.304698,False
1.2,30,261136.813889,True
0.0,30,261186.469252,False
0.0,30,261233.890106,False
1.7,30,261285.083742,True
0.0,30,261326.350025,False
0.0,30,261368.973097,False
0.0,30,261411.861923,False
0.0,30,261467.440036,False
0.0,30,261515.861151,False
0.0,30,261564.426192,False
0.0,30,261610.042781,False
0.0,30,261656.230537,False
2.1,30,261988.472975,True
1.5,30,262031.70518,True
2.6,30,262082.883829,True
0.0,30,262127.592557,False
2.7,30,262176.063582,True
1.8,30,262221.98541,True
0.0,30,262267.792877,False
2.8,30,262312.457468,True
2.7,30,262358.896787,True
3.0,30,262409.614698,True
2.4,30,262457.677712,True
2.5,30,262498.67878,True
0.0,30,262552.486604,False
0.0,30,262596.982358,False
2.3,30,262643.976852,True
2.0,30,262689.952318,True
0.0,30,262736.653643,False
3.0,30,262781.692705,True
0.0,30,262832.435338,False
0.9,30,262873.897025,True
2.7,30,262916.498929,True
2.7,30,262963.346838,True
2.2,30,263012.43145,True
0.0,30,263058.714017,False
2.2,30,263098.006641,True
0.0,30,263142.461159,False
0.0,30,263196.122234,False
0.0,30,263239.424181,False
2.4,30,263281.184269,True
0.0,30,263328.806698,False
0.0,30,263378.976827,False
1.6,30,263422.894786,True
0.0,30,263476.198759,False
2.1,30,263519.348987,True
0.0,30,263870.654503,False
1.7,30,263923.523677,True
2.7,30,263976.702232,True
0.0,30,264021.226839,False
2.6,30,264067.703414,True
0.0,30,264123.323766,False
0.0,30,264172.865748,False
2.6,30,264219.648382,True
2.6,30,264270.633144,True
2.6,30,264315.660306,True
1.8,30,264361.065343,True
2.1,30,264405.64947,True
2.6,30,264447.286233,True
0.0,30,264494.525251,False
2.4,30,264547.048036,True
2.7,30,264603.926327,True
2.7,30,264650.756293,True
0.5,30,264697.191359,True
0.0,30,264741.886973,False
0.0,30,264791.180832,False
2.5,30,264836.589262,True
2.8,30,264886.326912,True
2.8,30,264939.727233,True
0.0,30,264986.629937,False
2.6,30,265033.090775,True
0.0,30,265078.703225,False
0.0,30,265121.827982,False
2.5,30,265165.740728,True
2.6,30,265220.638809,True
0.0,30,265275.478714,False
2.9,30,265318.953593,True
2.2,30,265364.411152,True
0.0,30,265413.249951,False
0.0,30,265461.551633,False
2.5,30,265507.775772,True
2.6,30,265848.128314,True
0.0,30,265897.339401,False
0.0,30,265942.522111,False
0.4,30,265987.551461,False
2.7,30,266033.744446,True
0.0,30,266084.367496,False
0.0,30,266130.536894,False
0.0,30,266175.340698,False
0.0,30,266218.462754,False
0.0,30,266265.66662,False
0.0,30,266307.686062,False
1.1,30,266360.955375,True
0.0,30,266402.334614,False
0.0,30,266450.627197,False
2.7,30,266495.669819,True
0.0,30,266542.972849,False
0.0,30,266583.556466,False
0.0,30,266631.125622,False
0.0,30,266681.674378,False
0.0,30,266730.518336,False
2.8,30,266775.233819,True
0.0,30,266823.481794,False
2.8,30,266869.771415,True
0.0,30,266917.849518,False
0.0,30,266961.844095,False
3.0,30,267005.640322,True
0.0,30,267046.794237,False
2.1,30,267090.91547,True
0.0,30,267136.249758,False
0.0,30,267179.963061,False
2.4,30,267227.501734,True
0.0,30,267276.291578,False
0.0,30,267324.65342,False
0.0,30,267372.190994,False
0.0,30,267735.376295,False
2.6,30,267785.638564,True
2.2,30,267828.914735,True
0.0,30,267876.17679,False
2.7,30,267921.480914,True
2.9,30,267971.607907,True
0.0,30,268020.110677,False
2.1,30,268063.829087,True
2.8,30,268110.246027,True
2.5,30,268159.350383,True
0.0,30,268205.293866,False
2.8,30,268248.486985,True
1.7,30,268293.877069,True
0.0,30,268338.794868,False
2.8,30,268391.029679,True
0.0,30,268438.583839,False
2.4,30,268480.648187,True
0.0,30,268526.938589,False
0.0,30,268574.510278,False
2.7,30,268624.709518,True
0.0,30,268667.883219,False
2.1,30,268710.315521,True
0.0,30,268756.810561,False
2.7,30,268802.405063,True
2.8,30,268850.875146,True
2.4,30,268895.556026,True
0.2,30,268940.189384,True
2.6,30,268980.858442,True
0.0,30,269033.619287,False
2.2,30,269078.474774,True
0.0,30,269129.337336,False
0.0,30,269177.958225,False
0.0,30,269224.260698,False
0.0,30,269272.066576,False
2.1,30,269613.313418,True
0.0,30,269663.755493,False
0.0,30,269709.555855,False
0.0,30,269755.45823,False
0.0,30,269805.372244,False
0.0,30,269851.191042,False
1.9,30,269905.959024,True
0.0,30,269951.481483,False
0.0,30,269995.008977,False
1.5,30,270039.579051,True
3.0,30,270089.21453,True
0.0,30,270134.685271,False
2.6,30,270179.97095,True
1.8,30,270235.280974,True
2.7,30,270280.041697,True
2.1,30,270325.7304,True
1.9,30,270369.366534,True
0.0,30,270419.824384,False
0.0,30,270466.481627,False
0.0,30,270515.690189,False
0.0,30,270570.698918,False
3.0,30,270615.382967,True
3.0,30,270670.307167,True
2.8,30,270718.177241,True
3.0,30,270768.229115,True
0.0,30,270826.797958,False
0.0,30,270874.749616,False
2.1,30,270921.539741,True
0.0,30,270971.146538,False
0.0,30,271017.595805,False
2.8,30,271064.671192,True
2.5,30,271112.908537,True
0.0,30,271165.189986,False
0.0,30,271220.856346,False
2.7,30,271550.760374,True
0.0,30,271603.714247,False
0.0,30,271657.487057,False
2.7,30,271698.171926,True
2.8,30,271745.026275,True
0.0,30,271796.426299,False
0.0,30,271840.381944,False
2.8,30,271883.207962,True
0.0,30,271930.249813,False
2.4,30,271980.202768,True
0.0,30,272026.188105,False
2.6,30,272069.951138,True
2.4,30,272115.093785,True
2.7,30,272165.211765,True
0.0,30,272220.688176,False
2.5,30,272265.922904,True
0.0,30,272308.461881,False
2.4,30,272355.952644,True
0.0,30,272399.495278,False
0.0,30,272448.576685,False
3.0,30,272493.110351,True
1.6,30,272536.304475,True
0.0,30,272586.381767,False
0.0,30,272629.305428,False
0.0,30,272676.090728,False
2.1,30,272720.717504,True
3.0,30,272774.844515,True
0.0,30,272821.12666,False
2.2,30,272871.145924,True
0.0,30,272913.149493,False
2.4,30,272956.261934,True
2.3,30,273000.1595,True
1.0,30,273046.080373,True
0.0,30,273092.261389,False
3.0,30,273387.261786,True
0.0,30,273440.919933,False
3.0,30,273491.712125,True
2.2,30,273542.498601,True
0.0,30,273588.323399,False
2.8,30,273633.987101,True
1.1,30,273677.345052,True
2.4,30,273728.540311,True
2.2,30,273776.516859,True
1.9,30,273820.771769,True
2.7,30,273865.560984,True
2.8,30,273909.669199,True
2.7,30,273953.063013,True
2.8,30,274004.829427,True
0.0,30,274052.552296,False
1.9,30,274096.280901,True
0.0,30,274142.791673,False
0.0,30,274203.497557,False
0.0,30,274248.778313,False
1.6,30,274293.435385,False
0.0,30,274337.123097,False
0.0,30,274385.544428,False
2.1,30,274433.020499,True
2.7,30,274479.353595,True
0.0,30,274528.390753,False
2.9,30,274572.454582,True
2.8,30,274614.093812,True
0.0,30,274656.573202,False
2.2,30,274705.991775,True
0.0,30,274751.18056,False
2.7,30,274799.323397,True
0.0,30,274844.214934,False
2.3,30,274887.57571,True
0.0,30,274930.847637,False
0.0,30,275242.848975,False
0.0,30,275290.640694,False
0.0,30,275331.400157,False
0.0,30,275375.823591,False
0.0,30,275423.6797,False
0.0,30,275474.309391,False
0.0,30,275516.501505,False
2.7,30,275562.490518,True
3.0,30,275602.769693,True
3.0,30,275648.173799,True
0.0,30,275692.56821,False
0.0,30,275742.113201,False
2.8,30,275791.575984,True
2.7,30,275836.231207,True
2.6,30,275875.326765,True
0.0,30,275914.313214,False
0.0,30,275959.243301,False
0.0,30,276003.062273,False
0.0,30,276053.003313,False
2.9,30,276099.559816,True
2.1,30,276149.577498,True
0.0,30,276198.113881,False
2.5,30,276250.215167,True
0.0,30,276298.828608,False
0.0,30,276351.497286,False
0.0,30,276397.759061,False
0.0,30,276441.322003,False
0.0,30,276487.089531,False
0.0,30,276535.912321,False
0.0,30,276581.68133,False
2.0,30,276633.424118,True
0.0,30,276676.600058,False
2.6,30,276726.321311,True
0.0,30,276773.646223,False
2.6,30,277063.808168,True
2.8,30,277112.826784,True
0.0,30,277155.083822,False
0.0,30,277198.817546,False
2.9,30,277249.828543,True
2.4,30,277295.056236,True
0.0,30,277338.615978,False
2.1,30,277385.699002,True
0.0,30,277428.605371,False
2.7,30,277478.81273,True
0.0,30,277528.63357,False
2.3,30,277573.863575,True
0.0,30,277629.466331,False
0.0,30,277677.341375,False
0.0,30,277719.378104,False
3.0,30,277767.881675,True
2.3,30,277813.843303,True
2.7,30,277865.277994,True
2.7,30,277911.247026,True
0.0,30,277955.298987,False
2.7,30,278008.749769,True
2.4,30,278068.229486,False
2.2,30,278112.346015,True
3.0,30,278160.062048,True
2.8,30,278201.713678,True
0.0,30,278253.645597,False
0.0,30,278305.244672,False
2.5,30,278352.750172,True
2.6,30,278394.598408,True
0.0,30,278443.882234,False
0.0,30,278492.136609,False
0.0,30,278539.073358,False
2.6,30,278581.767181,True
0.0,30,278624.982893,False
2.9,30,278944.467395,True
1.7,30,278992.441914,False
0.0,30,279046.636292,False
0.0,30,279092.165801,False
0.0,30,279135.282943,False
2.7,30,279185.43297,True
0.0,30,279232.428297,False
0.0,30,279279.278574,False
2.7,30,279332.227859,True
0.0,30,279372.716786,False
2.6,30,279414.359991,True
0.0,30,279464.963813,False
0.1,30,279506.919819,True
0.0,30,279551.068614,False
3.0,30,279597.867827,True
2.8,30,279648.973733,True
2.7,30,279694.113247,True
1.2,30,279743.443907,True
1.6,30,279794.916746,True
2.9,30,279844.566673,True
0.0,30,279890.70231,False
2.3,30,279935.028357,True
0.4,30,279978.906941,True
0.0,30,280026.853356,False
0.0,30,280073.523694,False
2.8,30,280123.805423,True
2.0,30,280167.762727,False
0.0,30,280217.827156,False
0.0,30,280262.358889,False
0.0,30,280316.399106,False
0.0,30,280361.124901,False
0.0,30,280403.780126,False
0.0,30,280458.622248,False
2.6,30,280503.913631,True
0.0,30,280550.339958,False
0.0,30,280843.988682,False
2.8,30,280889.122207,True
0.0,30,280933.781009,False
2.5,30,280983.05382,True
0.0,30,281031.765462,False
2.9,30,281077.144426,True
2.3,30,281122.381712,True
0.0,30,281167.303625,False
0.0,30,281217.610394,False
1.6,30,281261.42177,True
3.0,30,281309.238272,True
0.0,30,281354.635629,False
2.5,30,281399.633531,True
2.5,30,281441.339941,True
2.2,30,281485.324296,True
0.0,30,281540.041626,False
1.8,30,281586.056234,True
3.0,30,281633.140243,True
0.0,30,281680.002789,False
0.0,30,281729.809432,False
0.0,30,281775.15992,False
0.0,30,281820.324529,False
0.0,30,281867.1673,False
1.0,30,281917.001907,True
2.4,30,281965.188026,True
2.5,30,282014.950737,True
2.6,30,282060.037534,True
0.0,30,282104.986469,False
0.0,30,282152.237544,False
0.0,30,282199.021052,False
2.6,30,282248.568176,True
0.0,30,282299.273614,False
0.0,30,282347.208091,False
2.3,30,282402.400641,True
2.5,30,282740.693171,True
2.7,30,282785.917484,True
2.2,30,282837.660013,True
3.0,30,282896.404547,True
2.3,30,282941.606206,True
2.7,30,282989.91301,True
2.8,30,283037.207973,True
0.0,30,283085.806713,False
2.9,30,283134.915224,True
3.0,30,283189.202464,True
1.2,30,283242.834961,True
1.6,30,283290.619342,True
2.5,30,283341.60907,True
0.0,30,283384.566484,False
0.0,30,283439.479198,False
0.0,30,283489.757249,False
2.4,30,283537.426207,True
2.4,30,283586.702559,True
0.0,30,283631.269889,False
0.0,30,283681.402857,False
0.0,30,283725.456,False
0.0,30,283776.783063,False
3.0,30,283826.087176,True
2.6,30,283870.426475,True
2.4,30,283919.127952,True
0.0,30,283965.286253,False
1.4,30,284013.500473,True
2.2,30,284060.002074,True
0.0,30,284109.216221,False
2.6,30,284155.402935,True
2.2,30,284205.398152,True
2.0,30,284255.760587,True
0.0,30,284305.193012,False
0.0,30,284351.298983,False
0.0,30,284689.695623,False
0.0,30,284740.234784,False
1.5,30,284793.531481,True
0.0,30,284844.578387,False
0.0,30,284894.290565,False
1.9,30,284942.486071,True
2.3,30,284990.302707,True
0.0,30,285035.206383,False
2.4,30,285081.304695,True
2.5,30,285134.231947,True
0.0,30,285181.381605,False
0.0,30,285223.22435,False
2.8,30,285270.76519,True
0.0,30,285318.390612,False
0.0,30,285361.327791,False
2.6,30,285414.963595,True
2.7,30,285465.590586,True
2.6,30,285512.71677,True
0.0,30,285557.58847,False
0.0,30,285602.071843,False
0.0,30,285651.740294,False
0.0,30,285704.136768,False
2.6,30,285750.897991,True
0.0,30,285797.128842,False
0.0,30,285847.735381,False
0.0,30,285898.439783,False
0.0,30,285941.245392,False
0.0,30,285990.456453,False
0.0,30,286033.828027,False
2.1,30,286085.071276,True
0.0,30,286131.089078,False
2.8,30,286182.469829,True
2.1,30,286226.959833,True
0.0,30,286280.158846,False
0.9,30,286641.908156,True
2.7,30,286696.322937,True
0.0,30,286740.55043,False
2.5,30,286789.803102,True
2.2,30,286839.759908,True
0.0,30,286884.137403,False
0.0,30,286933.996588,False
2.4,30,286981.414642,True
2.3,30,287025.834126,True
2.4,30,287069.099361,True
0.0,30,287115.938769,False
2.3,30,287161.477388,True
0.0,30,287209.318949,False
2.7,30,287262.342659,True
2.8,30,287312.511883,True
0.0,30,287362.885934,False
2.3,30,287405.882028,True
0.9,30,287455.002721,True
2.6,30,287504.533367,True
2.8,30,287554.715753,True
2.8,30,287604.913467,True
0.0,30,287651.667349,False
0.0,30,287701.413512,False
2.6,30,287745.334342,True
1.5,30,287791.987061,True
0.0,30,287842.367025,False
0.0,30,287884.293043,False
0.0,30,287926.434136,False
2.7,30,287966.675264,True
2.9,30,288015.573101,True
0.0,30,288060.948451,False
2.8,30,288111.665006,True
0.0,30,288156.654491,False
0.0,30,288200.127811,False
0.0,30,288510.20946,False
0.0,30,288557.521322,False
3.0,30,288599.164209,True
2.7,30,288638.143996,True
2.4,30,288687.322516,True
2.8,30,288734.638586,True
2.3,30,288809.466465,True
2.8,30,288858.181531,True
2.2,30,288906.684073,True
2.6,30,288949.671707,True
2.5,30,288995.732823,True
0.0,30,289043.343674,False
0.0,30,289095.190955,False
2.9,30,289138.979503,True
1.7,30,289190.375807,True
1.8,30,289243.321614,True
2.7,30,289291.11489,True
0.0,30,289338.502532,False
0.0,30,289386.571909,False
2.5,30,289425.792201,True
0.0,30,289470.337879,False
2.7,30,289520.129644,True
0.0,30,289574.91348,False
0.0,30,289613.492498,False
2.8,30,289661.292149,True
0.0,30,289705.650044,False
0.0,30,289749.905766,False
2.1,30,289799.655344,True
0.0,30,289848.213644,False
1.2,30,289907.530671,True
1.3,30,289954.902464,False
2.4,30,290001.501463,True
0.0,30,290047.596246,False
0.0,30,290104.95534,False
0.0,30,290454.984171,False
0.0,30,290500.7821,False
2.8,30,290549.190817,True
0.0,30,290598.786208,False
0.0,30,290647.619266,False
2.7,30,290691.863638,True
0.0,30,290739.793286,False
0.0,30,290783.275506,False
2.8,30,290828.382448,True
0.0,30,290875.946072,False
0.0,30,290928.201684,False
2.4,30,290991.77411,True
1.9,30,291040.57154,True
0.0,30,291086.333784,False
2.8,30,291129.933558,True
0.0,30,291173.087229,False
0.0,30,291222.457583,False
1.5,30,291265.155308,False
0.9,30,291308.735801,True
0.0,30,291359.116864,False
0.0,30,291405.441853,False
0.0,30,291445.990469,False
1.9,30,291489.108572,True
2.1,30,291537.721449,True
0.0,30,291585.417741,False
0.0,30,291629.063914,False
0.0,30,291677.46014,False
0.0,30,291728.485556,False
0.0,30,291777.819466,False
0.0,30,291828.79745,False
2.4,30,291875.614884,True
0.0,30,291919.415657,False
2.7,30,291961.716867,True
0.0,30,292007.801666,False
2.8,30,292381.445394,True
0.0,30,292439.585596,False
2.4,30,292487.517534,True
3.0,30,292533.232549,True
0.0,30,292576.495858,False
0.0,30,292633.892235,False
2.2,30,292685.935382,True
2.4,30,292736.134354,True
2.6,30,292783.255597,True
2.8,30,292823.804861,True
1.2,30,292869.814869,True
0.0,30,292910.901591,False
0.0,30,292956.812257,False
2.8,30,292996.85321,True
0.0,30,293044.825927,False
0.0,30,293094.27304,False
2.7,30,293143.106014,True
2.9,30,293195.441437,True
0.0,30,293237.924047,False
0.0,30,293283.725358,False
2.2,30,293330.493727,True
2.9,30,293378.047913,True
2.9,30,293423.935087,True
0.0,30,293468.688944,False
0.0,30,293509.962043,False
2.4,30,293552.876583,True
0.0,30,293598.396509,False
0.0,30,293646.251888,False
2.5,30,293687.781059,True
2.5,30,293738.586941,True
0.0,30,293786.45329,False
2.4,30,293836.210191,True
1.9,30,293878.318636,True
0.0,30,293925.914517,False
2.2,30,293975.844797,True
0.0,30,294288.349495,False
0.0,30,294327.477447,False
2.7,30,294370.837409,True
0.0,30,294418.690534,False
2.5,30,294460.787756,True
2.6,30,294507.846524,True
0.0,30,294557.84099,False
2.6,30,294604.938175,True
0.0,30,294651.11126,False
0.0,30,294701.961784,False
2.8,30,294744.095619,True
0.0,30,294787.948244,False
0.0,30,294837.444286,False
2.9,30,294878.885816,True
0.0,30,294927.580641,False
1.9,30,294976.04685,True
2.8,30,295023.635149,True
0.0,30,295068.131123,False
0.0,30,295112.7348,False
2.4,30,295161.032667,True
0.0,30,295207.242208,False
3.0,30,295254.849162,True
0.0,30,295297.19102,False
2.8,30,295343.721048,True
2.7,30,295391.352141,True
2.7,30,295437.668059,True
0.0,30,295482.218083,False
2.6,30,295540.379399,True
0.0,30,295584.699306,False
2.7,30,295625.363875,True
0.5,30,295668.285176,False
3.0,30,295713.393796,True
0.0,30,295758.039456,False
2.6,30,295809.294486,True
0.0,30,296117.223789,False
0.0,30,296161.095229,False
2.6,30,296205.762206,True
2.8,30,296250.933568,True
2.8,30,296294.727684,True
2.4,30,296335.406283,True
3.0,30,296381.491023,True
0.0,30,296427.453969,False
0.0,30,296471.107313,False
2.4,30,296518.859654,True
0.9,30,296560.634334,True
2.9,30,296608.386419,True
2.6,30,296655.166722,True
2.7,30,296700.916936,True
0.0,30,296744.355767,False
2.0,30,296787.206379,True
0.0,30,296837.974145,False
0.0,30,296883.006123,False
2.5,30,296925.589125,True
0.0,30,296975.030129,False
0.0,30,297022.362069,False
0.0,30,297066.783168,False
2.4,30,297112.038762,True
2.5,30,297159.225096,True
0.0,30,297202.947604,False
0.0,30,297249.260369,False
2.6,30,297304.784241,True
0.0,30,297353.918161,False
0.9,30,297397.332479,True
2.9,30,297439.154244,True
0.0,30,297477.890894,False
0.0,30,297523.594944,False
0.0,30,297574.313167,False
0.0,30,297622.762208,False
1.9,30,297899.731816,True
1.5,30,297944.658825,False
2.3,30,297991.791365,True
1.9,30,298041.067117,True
0.0,30,298083.169406,False
0.0,30,298130.083457,False
2.8,30,298173.371097,True
1.5,30,298217.917344,True
2.8,30,298262.980504,True
0.0,30,298307.906268,False
2.6,30,298351.847961,True
1.7,30,298407.178093,True
1.9,30,298453.085136,True
0.0,30,298506.878106,False
0.0,30,298547.284255,False
0.0,30,298592.512075,False
2.9,30,298648.039185,True
0.0,30,298694.314922,False
2.0,30,298738.846017,True
0.0,30,298777.311834,False
2.2,30,298822.46689,True
0.0,30,298871.105262,False
0.0,30,298913.323056,False
0.0,30,298960.667826,False
0.0,30,299005.626072,False
0.0,30,299046.801818,False
1.6,30,299095.02645,True
0.0,30,299139.488171,False
0.0,30,299185.426212,False
2.2,30,299230.866613,True
0.0,30,299276.269077,False
0.0,30,299326.64918,False
0.0,30,299372.984278,False
2.9,30,299414.529855,True
2.7,30,299699.641414,True
2.7,30,299750.861513,True
0.0,30,299795.423106,False
2.9,30,299843.56102,True
2.3,30,299893.385947,True
0.0,30,299939.341025,False
0.0,30,299979.849888,False
0.0,30,300027.078888,False
0.0,30,300074.326598,False
1.6,30,300122.207568,True
2.7,30,300172.047102,True
0.0,30,300216.825835,False
2.2,30,300259.46725,True
0.0,30,300308.295008,False
1.2,30,300350.929779,True
2.1,30,300402.251592,True
0.0,30,300450.978742,False
2.8,30,300489.220892,True
2.7,30,300533.933258,True
0.0,30,300582.468011,False
0.0,30,300626.539238,False
1.6,30,300665.534729,True
2.5,30,300718.490972,True
0.0,30,300759.402417,False
2.1,30,300804.126577,True
0.0,30,300847.712382,False
0.0,30,300899.206095,False
0.0,30,300944.789368,False
2.2,30,300986.454355,True
0.0,30,301036.377656,False
0.0,30,301080.855862,False
0.0,30,301125.939308,False
0.0,30,301171.726736,False
2.7,30,301219.738914,True
2.7,30,301513.57096,True
2.6,30,301561.624656,True
0.0,30,301610.46296,False
0.0,30,301662.159232,False
0.0,30,301708.338511,False
2.7,30,301757.448234,True
0.0,30,301804.893364,False
0.0,30,301850.905158,False
0.0,30,301924.768104,False
2.1,30,301984.337761,True
0.0,30,302028.06618,False
0.0,30,302072.569982,False
2.0,30,302120.125421,True
2.9,30,302171.262387,True
0.0,30,302215.201818,False
1.6,30,302261.462243,True
0.0,30,302313.115113,False
0.0,30,302360.156501,False
2.3,30,302406.572335,True
2.0,30,302447.810942,True
0.0,30,302493.551839,False
0.0,30,302540.533702,False
0.0,30,302580.620145,False
3.0,30,302627.857059,True
0.8,30,302678.544413,True
0.0,30,302719.78517,False
0.9,30,302764.260096,True
2.7,30,302813.012921,True
2.1,30,302859.882846,True
0.0,30,302902.501881,False
0.0,30,302941.779213,False
2.8,30,302988.385087,True
0.6,30,303036.398796,True
0.0,30,303079.364615,False
0.0,30,303375.287465,False
2.3,30,303420.022013,True
2.7,30,303462.578083,True
2.8,30,303508.836366,True
0.0,30,303551.534413,False
0.1,30,303589.399654,False
2.7,30,303631.889341,True
2.5,30,303679.472409,True
0.0,30,303720.736436,False
3.0,30,303764.295924,True
0.0,30,303809.360544,False
0.0,30,303853.912134,False
0.0,30,303898.508134,False
2.6,30,303944.699653,True
2.2,30,303982.00691,True
0.0,30,304036.570835,False
0.0,30,304083.477307,False
1.6,30,304127.578663,True
2.6,30,304173.466861,True
2.0,30,304218.791192,True
0.0,30,304262.522726,False
0.0,30,304302.506642,False
2.5,30,304347.292965,True
2.3,30,304389.819229,True
2.6,30,304432.070789,True
2.3,30,304479.037702,True
2.0,30,304521.158402,True
2.9,30,304569.107614,True
1.4,30,304607.047588,True
2.1,30,304658.797136,True
0.0,30,304699.786792,False
0.0,30,304739.575844,False
2.4,30,304781.665592,True
0.0,30,304829.996716,False
2.5,30,305119.100379,True
2.7,30,305162.371023,True
0.0,30,305211.893088,False
0.0,30,305256.303629,False
1.9,30,305295.388002,True
0.0,30,305338.124607,False
2.6,30,305381.566077,True
0.0,30,305433.625729,False
2.2,30,305481.244112,False
2.5,30,305527.038968,True
0.0,30,305575.563962,False
2.8,30,305621.508121,True
1.3,30,305665.066045,True
2.5,30,305711.945422,True
0.0,30,305762.07289,False
2.7,30,305811.556399,True
2.9,30,305856.04286,True
3.0,30,305900.849802,True
2.6,30,305941.496309,True
0.0,30,305984.7404,False
0.0,30,306026.233021,False
2.6,30,306078.414876,True
1.3,30,306123.235107,True
0.0,30,306170.756027,False
2.6,30,306216.321395,False
2.6,30,306260.320873,True
0.0,30,306304.18274,False
2.7,30,306351.865663,True
3.0,30,306397.223053,True
3.0,30,306452.397403,True
2.7,30,306504.418951,True
0.0,30,306553.48631,False
0.0,30,306599.095463,False
0.0,30,306642.380718,False
0.0,30,306951.649475,False
0.0,30,306994.939148,False
2.8,30,307038.132108,True
0.0,30,307084.676368,False
2.8,30,307132.413314,True
0.0,30,307176.98706,False
2.7,30,307226.31514,True
0.0,30,307273.605398,False
1.6,30,307321.097338,True
0.0,30,307366.38016,False
0.0,30,307417.307345,False
2.6,30,307458.398157,True
2.8,30,307502.739796,True
0.0,30,307548.526197,False
3.0,30,307591.170559,True
0.0,30,307641.740292,False
2.2,30,307684.154814,True
2.2,30,307732.974419,True
0.0,30,307776.66741,False
1.7,30,307819.150473,True
1.9,30,307866.693004,True
0.0,30,307914.468601,False
0.0,30,307966.266232,False
0.0,30,308014.069958,False
0.0,30,308058.673815,False
0.1,30,308103.594131,False
0.0,30,308147.126956,False
0.0,30,308194.054077,False
2.2,30,308236.137614,True
0.0,30,308282.594248,False
0.0,30,308327.385167,False
2.7,30,308371.334835,True
0.0,30,308414.196147,False
0.0,30,308459.369513,False
0.5,30,308499.710007,False
2.8,30,308826.288642,True
2.1,30,308869.215675,True
2.8,30,308918.213561,True
0.0,30,308966.403614,False
0.0,30,309008.532948,False
0.0,30,309053.721206,False
2.7,30,309104.968045,True
0.0,30,309149.030017,False
0.4,30,309190.259727,True
0.3,30,309241.424351,False
2.6,30,309295.710155,True
2.7,30,309339.499843,True
0.0,30,309386.811582,False
1.8,30,309428.68497,True
0.0,30,309475.519228,False
2.9,30,309522.726094,True
0.0,30,309567.093423,False
2.5,30,309614.3486,True
2.2,30,309670.371551,True
2.4,30,309714.004946,True
0.0,30,309759.651423,False
1.7,30,309805.234062,True
0.0,30,309849.33794,False
2.6,30,309895.300394,True
0.0,30,309942.698299,False
2.3,30,309987.31057,True
2.7,30,310032.781088,True
0.0,30,310077.940845,False
2.3,30,310127.898571,True
0.0,30,310172.976623,False
0.0,30,310219.395027,False
2.4,30,310270.747526,True
0.0,30,310315.946269,False
2.9,30,310360.490191,True
2.9,30,310692.030654,True
2.7,30,310737.403247,True
3.0,30,310789.842167,True
2.5,30,310831.465451,True
2.6,30,310882.473673,True
0.2,30,310928.721233,False
2.6,30,310977.653219,True
0.0,30,311028.509963,False
2.7,30,311075.092773,True
0.0,30,311124.761605,False
0.0,30,311170.644511,False
2.8,30,311214.468227,True
0.0,30,311258.275407,False
2.4,30,311304.170583,True
2.6,30,311348.785018,True
0.0,30,311393.06354,False
2.7,30,311439.259619,True
0.0,30,311484.522369,False
0.0,30,311529.93257,False
0.0,30,311579.456943,False
2.8,30,311621.719912,True
2.8,30,311674.504031,True
2.5,30,311722.058217,True
2.3,30,311802.12353,True
2.9,30,311850.987805,True
0.0,30,311894.707784,False
1.8,30,311942.313888,True
0.0,30,311984.480765,False
2.6,30,312031.745511,True
2.1,30,312079.004487,True
0.8,30,312141.605473,True
0.0,30,312193.769111,False
0.0,30,312250.665051,False
0.0,30,312312.955744,False
0.0,30,312607.867082,False
0.0,30,312655.042757,False
1.3,30,312700.005774,True
0.0,30,312745.065344,False
0.0,30,312792.052701,False
0.0,30,312833.974245,False
0.0,30,312879.304136,False
0.0,30,312923.715937,False
2.7,30,312973.707942,True
2.9,30,313020.512951,True
2.7,30,313065.32614,True
2.4,30,313111.250531,True
0.0,30,313157.979342,False
0.0,30,313201.160236,False
2.3,30,313248.678637,True
2.5,30,313294.415693,True
0.0,30,313339.678503,False
2.5,30,313382.136561,True
2.6,30,313427.738826,True
3.0,30,313479.162013,True
0.0,30,313527.195354,False
0.0,30,313569.538331,False
0.0,30,313615.749484,False
2.5,30,313667.871185,True
0.0,30,313712.447763,False
1.7,30,313759.59499,True
0.0,30,313805.730934,False
1.9,30,313850.716861,True
2.7,30,313898.95908,True
2.5,30,313948.387759,True
0.0,30,313997.683851,False
0.0,30,314040.208332,False
0.0,30,314089.609563,False
0.0,30,314136.624736,False
0.0,30,314442.521015,False
0.0,30,314487.292557,False
0.5,30,314536.397027,True
0.0,30,314577.204564,False
2.7,30,314625.434826,True
2.6,30,314670.860578,True
0.0,30,314719.479539,False
0.0,30,314775.739592,False
2.9,30,314821.449997,True
0.0,30,314867.878242,False
0.0,30,314913.2401,False
0.0,30,314958.858282,False
2.2,30,315007.007674,True
0.0,30,315049.555927,False
2.7,30,315086.317979,True
0.0,30,315133.056224,False
1.9,30,315180.388178,True
2.8,30,315227.92444,True
2.3,30,315275.801972,True
0.0,30,315319.349207,False
0.0,30,315362.669842,False
0.0,30,315405.835252,False
0.0,30,315450.226273,False
0.0,30,315490.862077,False
0.5,30,315537.809297,True
0.0,30,315585.294435,False
1.4,30,315626.193918,True
2.9,30,315676.793216,True
2.5,30,315719.031384,True
2.6,30,315774.911444,True
2.7,30,315816.791859,True
2.9,30,315861.422235,True
2.9,30,315906.472368,True
2.8,30,315950.350098,True
0.0,30,316267.553534,False
1.7,30,316315.825228,True
0.0,30,316358.238429,False
2.5,30,316405.200298,True
2.6,30,316446.930491,True
2.8,30,316493.899152,True
0.0,30,316537.741099,False
0.0,30,316584.572356,False
0.0,30,316626.844668,False
1.8,30,316672.115062,True
2.6,30,316720.248045,True
2.4,30,316768.640882,True
2.3,30,316812.511035,True
0.0,30,316858.258937,False
0.0,30,316901.997201,False
3.0,30,316945.268541,True
2.8,30,316992.537231,True
2.8,30,317038.702768,True
0.0,30,317090.297357,False
2.0,30,317136.786761,True
0.0,30,317181.818152,False
1.2,30,317227.953648,True
1.7,30,317276.36241,True
0.0,30,317322.437199,False
0.5,30,317366.389563,True
2.5,30,317410.575684,True
0.0,30,317451.594234,False
1.4,30,317493.968552,True
2.6,30,317541.167242,True
0.0,30,317587.949642,False
2.6,30,317640.571415,True
2.4,30,317682.821711,True
2.9,30,317722.207466,True
0.0,30,317773.752178,False
2.3,30,318088.504418,True
1.8,30,318137.355004,True
3.0,30,318178.027488,True
0.0,30,318222.211434,False
0.8,30,318262.682231,True
2.6,30,318306.635642,True
3.0,30,318346.629846,True
2.4,30,318390.647822,True
0.0,30,318435.791688,False
0.0,30,318481.165727,False
2.8,30,318525.623474,True
2.5,30,318568.228657,True
0.0,30,318610.171441,False
0.0,30,318652.74817,False
2.5,30,318698.114795,True
0.0,30,318746.823204,False
0.0,30,318792.00933,False
0.0,30,318839.707519,False
2.7,30,318889.546246,True
0.0,30,318941.242433,False
2.8,30,318987.521495,True
0.0,30,319025.691478,False
2.7,30,319071.608682,True
0.0,30,319119.375099,False
0.0,30,319162.967572,False
1.1,30,319206.674644,False
2.8,30,319247.484988,True
0.0,30,319287.622766,False
0.0,30,319332.150455,False
0.0,30,319376.205292,False
0.0,30,319421.802459,False
2.7,30,319467.989471,True
1.7,30,319517.012164,True
0.0,30,319561.974484,False
2.5,30,319864.098059,True
2.5,30,319907.4101,True
0.0,30,319953.330049,False
2.7,30,320002.08242,True
0.0,30,320051.941633,False
1.6,30,320099.109411,True
2.3,30,320146.104275,True
0.0,30,320191.671235,False
2.6,30,320239.53418,True
2.9,30,320286.281445,True
0.0,30,320330.170019,False
1.7,30,320373.417253,True
2.7,30,320416.626843,True
2.4,30,320463.521035,True
0.6,30,320508.630409,False
0.0,30,320551.444144,False
0.0,30,320597.398854,False
0.0,30,320642.835279,False
0.0,30,320692.577284,False
0.0,30,320736.347226,False
2.2,30,320780.72502,True
2.2,30,320827.306476,True
2.7,30,320872.866606,True
0.0,30,320913.769597,False
3.0,30,320961.276131,True
0.0,30,321007.195356,False
3.0,30,321053.100775,True
2.5,30,321097.673457,True
0.0,30,321145.955364,False
2.3,30,321188.642404,True
2.7,30,321244.993633,True
0.0,30,321293.743489,False
2.8,30,321337.139034,True
1.3,30,321405.473436,True
0.0,30,321451.72965,False
2.3,30,321746.579167,True
0.0,30,321792.645723,False
1.3,30,321839.024438,True
0.0,30,321883.361023,False
0.0,30,321938.760977,False
2.4,30,321985.143503,True
0.0,30,322027.259833,False
2.9,30,322074.05379,True
0.0,30,322124.61753,False
0.0,30,322172.720481,False
0.0,30,322213.340554,False
0.0,30,322259.466062,False
0.0,30,322301.481128,False
0.0,30,322345.293499,False
0.0,30,322396.888035,False
2.6,30,322446.164992,True
0.0,30,322489.175481,False
2.4,30,322534.337691,True
0.0,30,322582.756778,False
2.4,30,322630.42002,True
0.0,30,322689.214923,False
2.9,30,322733.039654,True
2.3,30,322778.0137,True
2.5,30,322822.354652,True
2.6,30,322864.785571,True
0.0,30,322918.54553,False
0.0,30,322965.320696,False
2.4,30,323024.295407,True
0.0,30,323073.495116,False
0.0,30,323121.604463,False
1.3,30,323170.740145,True
0.0,30,323226.729948,False
0.0,30,323267.417725,False
2.2,30,323318.453505,True
0.0,30,323649.821294,False
0.0,30,323699.969562,False
2.7,30,323743.569046,True
2.4,30,323787.666601,True
2.6,30,323831.535141,True
0.0,30,323876.11628,False
2.8,30,323922.306519,True
2.9,30,323967.02577,True
0.0,30,324009.252331,False
0.0,30,324052.56119,False
0.0,30,324096.135841,False
2.6,30,324155.740478,True
0.0,30,324202.340295,False
0.0,30,324255.901344,False
0.0,30,324305.404805,False
2.7,30,324345.832331,True
2.0,30,324390.155325,True
0.0,30,324434.09522,False
2.0,30,324478.418051,True
3.0,30,324523.216428,True
0.0,30,324567.885176,False
0.0,30,324616.848735,False
2.4,30,324666.688681,True
2.7,30,324712.090463,True
0.0,30,324757.194593,False
2.8,30,324807.944523,True
0.0,30,324850.320349,False
0.0,30,324893.357858,False
0.0,30,324952.521179,False
2.2,30,324994.124686,True
3.0,30,325036.204885,True
2.8,30,325087.770883,True
2.3,30,325131.386899,True
1.1,30,325179.465233,True
0.0,30,325512.05797,False
2.0,30,325555.220104,True
2.7,30,325599.450198,True
0.0,30,325664.989021,False
2.6,30,325716.034494,True
2.5,30,325761.409054,True
0.0,30,325809.077965,False
1.7,30,325856.182199,False
0.0,30,325899.946296,False
2.7,30,325947.130335,True
0.0,30,325994.269011,False
0.9,30,326045.758333,False
0.0,30,326096.392491,False
0.0,30,326147.033712,False
0.0,30,326191.349143,False
2.7,30,326231.669275,True
0.0,30,326277.195992,False
0.0,30,326324.849965,False
0.0,30,326368.762976,False
2.0,30,326418.230146,True
0.0,30,326468.742821,False
2.5,30,326514.321743,True
0.0,30,326559.79075,False
0.0,30,326607.23211,False
2.7,30,326654.522173,True
1.3,30,326699.990245,True
0.0,30,326740.732653,False
0.0,30,326799.920661,False
0.0,30,326839.879335,False
2.8,30,326886.759004,True
0.0,30,326932.798439,False
0.0,30,326990.535642,False
2.6,30,327037.796021,True
2.9,30,327082.726761,True
0.0,30,327395.107656,False
0.0,30,327439.671731,False
0.0,30,327485.50459,False
0.0,30,327532.448936,False
0.0,30,327574.331516,False
0.0,30,327627.270485,False
2.4,30,327671.783441,True
0.0,30,327717.542824,False
2.7,30,327766.676061,True
0.0,30,327808.328412,False
2.4,30,327853.435894,True
0.0,30,327898.960732,False
0.0,30,327946.868178,False
0.0,30,327993.413692,False
2.9,30,328042.275016,True
0.0,30,328089.835593,False
0.0,30,328137.3927,False
2.7,30,328183.234637,True
0.0,30,328231.368572,False
2.5,30,328280.958635,True
2.8,30,328323.359307,True
0.0,30,328369.791663,False
2.3,30,328413.342646,True
2.5,30,328454.405797,True
0.0,30,328498.120693,False
3.0,30,328538.070316,True
0.0,30,328581.057979,False
0.0,30,328628.920666,False
2.4,30,328674.300259,True
0.0,30,328719.629904,False
0.0,30,328767.612364,False
0.0,30,328811.192974,False
2.9,30,328852.570073,True
1.2,30,328901.780628,True
2.8,30,329189.056937,True
2.8,30,329235.403224,True
0.0,30,329275.484574,False
1.7,30,329319.010441,False
2.7,30,329363.125162,True
0.0,30,329408.985523,False
2.7,30,329453.43941,True
2.8,30,329499.509955,True
2.8,30,329548.545522,True
0.8,30,329592.480244,True
2.4,30,329635.30089,True
0.0,30,329683.348097,False
2.8,30,329733.482475,True
0.0,30,329774.763328,False
0.0,30,329818.826738,False
3.0,30,329870.941112,True
0.0,30,329915.332404,False
2.5,30,329961.36291,True
0.0,30,330014.869034,False
2.9,30,330061.444965,True
0.0,30,330101.067568,False
0.0,30,330145.641844,False
2.4,30,330186.598767,True
2.5,30,330233.239875,True
2.1,30,330280.146818,True
0.0,30,330324.860809,False
2.8,30,330366.763842,True
2.8,30,330414.845578,True
2.9,30,330465.518091,True
0.3,30,330504.777324,True
2.3,30,330547.772103,True
2.7,30,330596.755845,True
0.0,30,330645.283459,False
2.5,30,330690.251239,True
0.0,30,330992.060807,False
1.7,30,331034.111521,True
1.2,30,331081.384942,True
2.5,30,331123.001438,True
0.0,30,331177.748703,False
2.8,30,331230.231603,True
0.0,30,331273.718592,False
0.0,30,331319.050673,False
2.4,30,331366.415558,True
2.6,30,331410.145517,True
2.5,30,331454.309802,True
1.7,30,331504.854282,True
0.0,30,331547.547593,False
2.6,30,331604.795393,True
0.0,30,331654.08946,False
0.0,30,331695.395279,False
0.0,30,331734.113357,False
0.0,30,331777.886857,False
0.0,30,331826.034698,False
2.6,30,331871.682153,True
1.2,30,331921.729198,True
3.0,30,331965.498483,True
2.9,30,332011.182198,True
0.6,30,332062.458983,False
0.0,30,332107.424696,False
0.0,30,332156.573715,False
1.9,30,332201.121994,True
0.0,30,332242.538786,False
2.6,30,332287.517231,True
2.8,30,332326.683432,True
0.0,30,332367.863076,False
2.7,30,332407.680719,True
0.0,30,332453.010074,False
0.0,30,332499.662812,False
0.0,30,332812.032542,False
0.0,30,332855.466753,False
0.0,30,332901.880062,False
0.0,30,332945.619526,False
0.0,30,332991.351943,False
1.9,30,333038.54282,True
2.5,30,333079.699318,True
0.0,30,333128.497593,False
3.0,30,333176.599915,True
2.6,30,333220.616043,True
2.4,30,333265.012547,True
2.7,30,333312.00806,True
0.0,30,333362.908865,False
0.0,30,333406.303907,False
2.4,30,333462.685235,True
2.4,30,333507.866513,True
2.1,30,333554.933466,True
1.6,30,333604.366127,True
2.7,30,333650.460691,True
0.0,30,333692.837449,False
0.0,30,333742.547253,False
0.0,30,333796.565025,False
2.8,30,333853.765218,True
2.2,30,333899.77481,True
0.0,30,333940.427967,False
2.6,30,333992.136699,True
0.0,30,334033.136794,False
2.8,30,334076.605345,True
2.0,30,334118.911567,True
0.5,30,334165.754239,False
0.0,30,334209.480061,False
0.0,30,334254.831446,False
0.0,30,334300.197679,False
2.5,30,334345.014894,True
0.0,30,334643.396598,False
0.0,30,334687.941247,False
0.0,30,334735.717024,False
1.3,30,334791.103173,False
0.0,30,334835.118098,False
0.0,30,334881.015164,False
3.0,30,334925.27724,True
2.4,30,334969.159279,True
0.0,30,335020.176203,False
0.0,30,335064.702138,False
0.0,30,335109.407131,False
0.0,30,335152.251591,False
0.0,30,335199.094321,False
0.0,30,335255.086742,False
1.5,30,335300.61765,False
0.0,30,335348.026535,False
0.0,30,335389.271305,False
2.9,30,335431.623616,False
0.8,30,335474.672257,False
2.8,30,335521.806424,True
0.0,30,335567.513677,False
2.9,30,335627.256456,True
2.3,30,335671.455375,True
0.0,30,335718.453016,False
2.6,30,335776.677178,True
2.2,30,335821.744279,True
0.0,30,335868.109831,False
2.7,30,335910.231608,True
2.9,30,335958.557404,True
2.3,30,336005.690378,True
2.7,30,336053.373614,True
0.0,30,336102.817323,False
0.0,30,336148.108416,False
0.0,30,336193.743444,False
0.0,30,336236.348589,False
2.9,30,336500.133415,True
0.0,30,336546.353173,False
2.5,30,336591.057231,True
0.0,30,336657.419525,False
2.8,30,336699.538478,True
2.8,30,336746.293828,True
2.4,30,336792.59757,True
0.0,30,336836.770968,False
0.0,30,336879.274989,False
0.0,30,336925.124541,False
2.6,30,336964.924159,True
2.7,30,337011.153801,True
1.6,30,337057.216696,True
0.0,30,337099.949872,False
0.0,30,337145.906821,False
2.2,30,337186.534437,True
0.0,30,337234.37336,False
0.0,30,337275.668643,False
2.7,30,337322.411754,True
0.0,30,337362.64284,False
2.6,30,337405.509725,True
2.3,30,337448.580619,True
0.0,30,337491.804915,False
0.0,30,337542.774397,False
2.7,30,337582.164593,True
0.0,30,337627.388615,False
0.0,30,337664.975779,False
0.0,30,337707.543213,False
0.0,30,337751.955239,False
2.8,30,337801.728917,True
0.0,30,337846.014813,False
2.6,30,337891.120397,True
2.5,30,337930.322406,True
0.0,30,337973.145426,False
2.6,30,338267.929638,True
2.8,30,338317.017102,True
2.8,30,338366.466885,True
1.4,30,338416.288699,True
0.0,30,338481.351409,False
1.1,30,338524.87266,True
0.0,30,338571.326354,False
0.0,30,338611.199116,False
2.8,30,338652.424019,True
0.0,30,338697.312588,False
0.0,30,338739.211896,False
3.0,30,338784.957138,True
0.0,30,338833.260897,False
0.0,30,338878.63032,False
0.0,30,338920.577308,False
0.0,30,338962.524937,False
0.0,30,339006.769427,False
2.4,30,339052.853722,True
0.0,30,339096.32894,False
0.0,30,339144.546211,False
0.0,30,339190.072505,False
2.1,30,339236.13023,True
2.7,30,339278.131291,True
0.0,30,339317.825324,False
0.0,30,339359.886292,False
2.3,30,339403.857396,True
2.5,30,339452.982296,True
2.7,30,339497.044681,True
0.0,30,339540.372174,False
0.0,30,339587.085348,False
1.0,30,339630.378867,True
2.2,30,339675.571092,True
0.0,30,339722.119229,False
1.5,30,339762.533135,True
0.0,30,340054.324127,False
0.0,30,340102.528744,False
0.0,30,340144.801897,False
3.0,30,340190.297691,True
2.5,30,340233.67099,True
1.5,30,340280.646508,True
1.9,30,340328.31756,True
0.0,30,340376.152502,False
0.0,30,340422.965216,False
2.3,30,340469.799874,True
0.0,30,340520.724179,False
2.7,30,340567.201155,True
2.5,30,340612.321414,True
1.9,30,340655.347491,True
0.0,30,340697.798764,False
0.0,30,340742.805884,False
0.0,30,340789.504797,False
0.0,30,340834.05476,False
1.0,30,340879.361053,True
0.0,30,340931.183492,False
0.0,30,340976.464556,False
0.0,30,341021.657686,False
2.9,30,341067.851429,True
2.5,30,341105.913017,True
2.4,30,341147.374813,True
2.4,30,341194.370444,True
0.0,30,341240.01707,False
0.0,30,341284.694689,False
2.7,30,341330.459862,True
0.0,30,341382.921468,False
2.8,30,341427.872377,True
2.6,30,341471.239084,True
0.0,30,341517.807912,False
2.4,30,341558.899428,True
0.0,30,341863.652496,False
2.2,30,341911.510106,True
0.0,30,341960.395122,False
2.3,30,342009.390912,True
0.0,30,342061.552721,False
0.0,30,342108.528962,False
0.0,30,342154.062067,False
0.0,30,342196.054805,False
0.0,30,342242.230884,False
0.0,30,342281.093087,False
2.9,30,342325.938733,True
0.0,30,342367.769162,False
0.0,30,342411.439674,False
0.4,30,342456.906203,True
2.7,30,342499.292891,True
3.0,30,342546.478903,True
0.0,30,342590.948618,False
2.8,30,342639.090129,True
0.0,30,342684.582753,False
0.0,30,342731.418613,False
0.0,30,342775.500385,False
2.6,30,342814.860797,True
2.3,30,342861.158621,True
2.5,30,342910.564273,True
0.0,30,342955.943916,False
2.7,30,342999.840849,True
0.0,30,343046.018619,False
0.0,30,343094.392045,False
2.7,30,343138.294878,True
2.4,30,343183.859752,True
0.0,30,343228.215196,False
0.0,30,343273.393036,False
2.5,30,343319.125984,True
2.4,30,343366.886116,True
0.0,30,343670.924608,False
0.0,30,343721.388359,False
2.5,30,343767.451059,True
2.8,30,343821.092683,True
2.6,30,343867.117501,True
0.0,30,343913.510656,False
0.0,30,343957.403114,False
2.4,30,344003.932921,True
2.4,30,344048.54929,True
0.0,30,344097.960207,False
2.9,30,344143.843901,True
2.7,30,344186.907372,True
2.9,30,344237.435545,True
2.2,30,344287.477839,True
0.0,30,344334.606201,False
0.0,30,344379.808191,False
0.0,30,344425.837283,False
0.0,30,344469.851833,False
0.0,30,344513.639605,False
2.3,30,344560.764607,True
0.0,30,344607.900527,False
2.3,30,344655.851105,True
0.0,30,344698.502584,False
2.3,30,344752.809036,True
3.0,30,344792.399652,True
2.3,30,344839.354092,True
0.0,30,344878.72356,False
2.8,30,344922.519836,True
2.5,30,344974.394789,True
0.0,30,345015.824631,False
1.1,30,345064.009892,True
1.9,30,345106.465584,True
0.0,30,345145.269905,False
0.0,30,345188.420632,False
2.5,30,345465.508419,True
0.0,30,345509.551391,False
0.0,30,345555.512623,False
2.8,30,345607.193422,True
0.0,30,345652.191941,False
0.0,30,345696.412956,False
0.0,30,345741.997899,False
2.7,30,345793.516901,True
0.0,30,345834.756166,False
2.6,30,345879.423757,True
0.0,30,345919.055077,False
0.0,30,345965.208349,False
1.9,30,346006.712289,True
2.3,30,346046.599208,True
0.0,30,346095.430619,False
2.8,30,346138.996781,True
2.4,30,346200.027726,True
1.6,30,346246.138694,True
2.7,30,346288.930434,True
2.4,30,346331.170665,True
2.5,30,346376.142265,True
0.9,30,346424.978468,True
0.0,30,346466.987763,False
2.6,30,346515.042157,True
2.6,30,346561.768366,True
2.7,30,346613.997709,True
0.0,30,346663.213209,False
1.9,30,346710.602442,True
0.0,30,346758.488221,False
2.6,30,346803.418706,True
2.9,30,346851.699046,True
2.4,30,346892.062135,True
2.4,30,346932.249198,True
3.0,30,346976.254041,True
0.0,30,347293.512018,False
2.8,30,347339.333034,True
0.0,30,347384.184472,False
0.0,30,347428.889563,False
2.7,30,347483.694482,True
2.3,30,347530.020309,True
0.0,30,347574.541914,False
0.3,30,347616.509555,False
2.7,30,347658.824908,True
0.0,30,347706.947695,False
2.8,30,347753.80079,True
0.0,30,347799.30858,False
0.0,30,347839.101705,False
2.4,30,347887.598231,True
0.0,30,347934.032009,False
2.3,30,347979.854968,True
1.8,30,348028.140335,True
0.0,30,348073.439574,False
0.0,30,348119.117189,False
0.0,30,348164.272752,False
1.8,30,348210.435948,True
2.7,30,348257.813944,True
1.5,30,348301.328485,True
2.0,30,348347.485282,True
0.0,30,348393.850122,False
0.0,30,348442.430845,False
0.0,30,348491.359389,False
2.5,30,348537.34978,True
2.3,30,348576.879457,True
0.0,30,348626.334448,False
2.6,30,348666.571195,True
0.0,30,348709.825718,False
0.0,30,348756.143953,False
2.5,30,348799.918033,True
0.0,30,348842.580644,False
2.7,30,349172.245446,True
2.6,30,349217.469796,True
2.6,30,349266.226056,True
2.4,30,349335.744934,True
0.0,30,349384.696064,False
3.0,30,349432.881866,True
2.7,30,349476.753725,True
0.0,30,349523.168789,False
2.2,30,349572.038914,True
0.0,30,349613.225225,False
3.0,30,349663.215971,True
2.7,30,349711.616246,True
2.7,30,349756.26191,True
2.4,30,349821.820157,True
2.6,30,349863.801612,True
0.0,30,349912.29963,False
2.8,30,349957.641929,True
0.0,30,350007.61969,False
2.1,30,350055.192955,True
2.4,30,350096.386074,True
0.0,30,350138.765168,False
0.0,30,350186.529974,False
2.7,30,350227.995517,True
0.0,30,350274.715113,False
0.0,30,350329.615511,False
0.0,30,350381.608802,False
0.0,30,350430.866661,False
2.4,30,350471.894067,True
2.9,30,350516.769791,True
0.0,30,350558.964454,False
2.6,30,350602.135685,True
2.4,30,350648.104206,True
2.4,30,350695.635495,True
0.0,30,350738.331754,False
2.8,30,351039.044777,True
2.5,30,351081.37402,True
2.6,30,351129.755092,True
2.6,30,351175.879269,True
0.0,30,351225.953846,False
0.0,30,351273.161055,False
0.0,30,351319.032175,False
2.9,30,351369.103489,True
2.7,30,351417.668661,True
0.0,30,351459.956989,False
0.0,30,351510.036748,False
0.0,30,351558.183709,False
2.4,30,351607.542117,True
2.6,30,351655.811149,True
2.7,30,351701.465034,True
0.0,30,351752.063104,False
0.0,30,351797.041387,False
1.2,30,351838.895686,True
0.0,30,351880.84257,False
2.7,30,351930.603985,True
2.8,30,351987.34863,True
0.0,30,352029.447324,False
2.2,30,352075.229003,True
1.6,30,352121.348294,True
2.7,30,352167.330362,True
2.4,30,352214.073401,True
0.0,30,352261.73245,False
0.0,30,352303.682948,False
0.0,30,352351.151287,False
2.6,30,352393.413785,True
3.0,30,352442.910877,True
0.0,30,352488.015399,False
2.5,30,352534.476157,True
0.0,30,352582.025759,False
0.0,30,352882.645106,False
0.0,30,352925.622223,False
2.2,30,352974.97509,True
2.5,30,353023.839964,True
2.6,30,353068.734155,True
2.5,30,353105.426748,True
0.0,30,353150.214299,False
2.3,30,353196.79283,True
0.0,30,353240.193722,False
0.0,30,353295.001393,False
2.5,30,353341.467877,True
2.6,30,353391.506385,True
0.4,30,353434.977077,True
0.0,30,353484.258866,False
0.7,30,353528.364936,True
0.0,30,353571.483305,False
0.0,30,353616.821284,False
2.1,30,353665.290381,True
2.9,30,353709.84776,True
0.0,30,353751.874683,False
0.0,30,353799.409336,False
0.0,30,353846.669074,False
0.0,30,353890.683245,False
0.0,30,353932.379333,False
0.0,30,353980.070574,False
1.7,30,354021.110739,True
0.0,30,354068.702132,False
0.0,30,354117.174016,False
0.0,30,354163.56914,False
0.0,30,354208.689643,False
3.0,30,354257.075964,True
2.8,30,354296.377018,True
0.6,30,354344.124418,True
2.9,30,354389.339472,True
1.9,30,354720.651898,True
2.4,30,354770.829524,True
2.6,30,354813.318913,True
2.1,30,354859.269004,True
0.0,30,354908.067029,False
2.4,30,354950.122342,True
2.0,30,354997.139569,True
0.0,30,355042.438008,False
0.0,30,355094.264156,False
0.0,30,355136.231388,False
2.5,30,355182.976704,True
0.0,30,355226.507301,False
0.0,30,355278.969345,False
2.5,30,355318.624295,True
2.4,30,355362.579073,True
2.5,30,355407.233049,True
0.0,30,355452.642345,False
2.9,30,355499.410321,True
0.0,30,355551.464664,False
0.0,30,355595.687943,False
0.0,30,355638.317362,False
2.8,30,355680.399514,True
0.0,30,355727.520085,False
0.0,30,355789.95368,False
2.1,30,355834.827157,True
0.0,30,355879.507959,False
2.5,30,355924.051161,True
2.5,30,355967.743671,True
2.7,30,356021.217368,True
0.0,30,356069.867074,False
0.0,30,356114.957076,False
2.6,30,356161.274802,True
2.1,30,356206.291249,True
0.0,30,356252.41316,False
0.0,30,356565.49606,False
0.0,30,356607.836785,False
0.0,30,356651.813287,False
0.0,30,356693.889287,False
0.0,30,356741.616157,False
0.0,30,356787.661026,False
2.0,30,356831.349123,True
2.0,30,356883.097538,True
2.2,30,356928.312187,True
2.8,30,356972.413332,True
3.0,30,357030.045525,True
2.6,30,357076.434489,True
2.8,30,357127.897476,True
2.3,30,357174.309669,True
1.8,30,357224.173674,True
0.0,30,357273.672929,False
0.0,30,357323.356738,False
0.5,30,357377.589315,True
2.3,30,357429.084611,False
0.0,30,357472.676115,False
2.8,30,357521.68792,True
3.0,30,357568.492833,True
0.0,30,357615.168256,False
0.0,30,357662.211935,False
0.0,30,357711.244213,False
0.0,30,357756.017084,False
1.4,30,357797.180727,True
0.0,30,357839.883261,False
0.0,30,357883.365887,False
0.0,30,357927.246667,False
0.0,30,357981.278851,False
0.0,30,358026.731384,False
2.7,30,358072.574487,True
2.3,30,358123.084086,False
0.0,30,358448.745865,False
0.0,30,358496.675267,False
0.0,30,358542.719775,False
0.0,30,358586.474213,False
0.0,30,358638.193241,False
0.0,30,358684.291222,False
0.0,30,358725.601929,False
0.0,30,358771.176165,False
2.3,30,358812.794951,True
2.7,30,358857.34767,True
0.0,30,358907.012365,False
0.0,30,358955.811052,False
0.0,30,358999.691669,False
3.0,30,359042.369324,True
0.0,30,359087.391236,False
3.0,30,359131.165647,True
2.8,30,359177.908319,True
1.8,30,359224.460178,True
1.9,30,359278.092532,True
0.0,30,359326.935158,False
0.0,30,359370.976727,False
0.0,30,359421.185411,False
0.0,30,359460.569389,False
0.0,30,359507.342471,False
0.0,30,359549.881913,False
0.0,30,359594.16224,False
2.2,30,359640.980841,True
0.0,30,359683.167984,False
0.0,30,359730.203804,False
0.0,30,359772.636889,False
0.0,30,359823.627045,False
0.0,30,359870.937009,False
2.8,30,359915.336698,True
0.0,30,359971.991488,False
2.5,30,360291.959287,True
2.8,30,360331.361141,True
1.2,30,360382.341146,True
0.4,30,360427.889777,True
2.3,30,360476.5419,True
0.0,30,360525.530139,False
0.0,30,360569.532308,False
3.0,30,360615.020798,True
0.0,30,360664.707427,False
0.0,30,360708.222925,False
0.0,30,360746.753844,False
0.0,30,360791.169492,False
1.4,30,360838.271206,True
0.0,30,360888.310964,False
2.9,30,360935.884319,True
0.0,30,360979.394765,False
2.8,30,361023.91808,True
0.0,30,361071.871175,False
0.0,30,361119.052202,False
0.0,30,361166.513407,False
0.0,30,361212.423146,False
0.0,30,361253.776827,False
2.6,30,361300.270195,True
3.0,30,361344.963726,True
2.0,30,361389.479709,True
0.0,30,361431.805721,False
0.0,30,361476.600709,False
2.9,30,361523.469736,True
0.0,30,361570.405963,False
2.4,30,361619.11742,True
2.7,30,361663.668672,True
2.6,30,361710.367018,True
0.0,30,361755.376989,False
0.0,30,361802.845302,False
0.0,30,362119.929992,False
0.0,30,362164.278572,False
1.9,30,362208.158388,True
3.0,30,362269.735781,True
0.0,30,362314.813084,False
0.0,30,362359.200791,False
2.9,30,362407.384856,True
2.7,30,362452.470617,True
0.0,30,362502.507849,False
2.3,30,362550.440102,True
0.0,30,362598.648553,False
2.3,30,362649.086174,True
2.5,30,362690.200363,True
2.8,30,362739.384183,True
0.0,30,362779.778394,False
2.5,30,362819.059139,True
3.0,30,362866.381618,True
2.6,30,362914.347919,True
0.0,30,362962.32433,False
1.8,30,363006.820218,True
0.0,30,363056.121115,False
0.0,30,363107.055983,False
0.0,30,363150.669506,False
0.0,30,363195.068523,False
2.6,30,363243.346332,True
0.0,30,363292.72722,False
2.7,30,363341.585818,True
2.9,30,363391.486949,True
2.3,30,363438.734007,True
1.0,30,363490.338085,True
2.5,30,363534.155678,True
0.0,30,363582.644355,False
0.0,30,363631.923436,False
2.8,30,363677.926988,True
0.0,30,363723.995436,False
0.0,30,364027.41924,False
2.5,30,364074.507517,True
0.0,30,364118.71714,False
0.0,30,364167.720942,False
0.0,30,364212.279717,False
3.0,30,364252.362154,True
2.6,30,364301.079407,True
0.0,30,364352.157463,False
0.0,30,364399.94398,False
0.0,30,364444.409755,False
1.5,30,364486.705119,True
0.0,30,364535.81334,False
0.1,30,364582.461166,False
2.0,30,364632.888524,True
2.0,30,364677.566693,True
0.0,30,364719.303495,False
0.0,30,364761.854513,False
0.0,30,364807.62394,False
0.0,30,364846.572538,False
0.0,30,364896.090318,False
0.0,30,364941.889256,False
2.4,30,364986.432201,True
0.0,30,365035.375888,False
0.0,30,365080.567305,False
0.0,30,365120.543156,False
2.2,30,365168.713053,True
2.5,30,365215.136987,True
0.0,30,365259.805782,False
3.0,30,365296.567273,True
1.2,30,365341.554966,True
2.5,30,365384.476482,True
0.0,30,365425.443701,False
0.0,30,365471.761026,False
2.8,30,365517.303792,True
2.4,30,365830.774435,True
0.0,30,365878.974476,False
0.0,30,365924.286969,False
2.6,30,365967.648403,True
2.7,30,366012.918068,True
3.0,30,366056.157246,True
0.0,30,366105.529741,False
2.3,30,366151.681276,True
0.0,30,366201.687672,False
2.0,30,366240.993722,True
2.5,30,366282.535125,True
3.0,30,366325.338623,True
2.6,30,366373.696368,True
0.0,30,366416.481906,False
0.0,30,366460.942007,False
0.0,30,366507.814869,False
2.7,30,366555.234342,True
3.0,30,366604.704068,True
2.4,30,366649.636183,True
0.0,30,366700.165125,False
0.0,30,366743.864331,False
0.0,30,366786.562721,False
0.0,30,366826.3188,False
2.0,30,366876.250336,True
2.4,30,366922.161037,True
2.4,30,366977.273206,True
0.0,30,367019.196307,False
2.7,30,367076.796837,True
0.0,30,367123.913668,False
0.0,30,367193.504912,False
2.8,30,367244.222918,True
2.6,30,367291.133712,True
0.0,30,367333.818849,False
2.6,30,367384.21526,True
2.2,30,367680.660561,True
2.7,30,367728.572509,True
0.0,30,367772.306358,False
2.1,30,367814.803416,True
0.0,30,367860.654777,False
2.6,30,367904.472487,True
2.5,30,367949.286939,True
2.7,30,367992.679572,True
0.0,30,368039.04512,False
0.0,30,368085.047401,False
0.0,30,368126.644921,False
1.7,30,368169.080378,True
0.0,30,368213.959551,False
0.0,30,368259.505907,False
1.7,30,368309.487921,True
0.0,30,368354.269333,False
0.0,30,368393.16773,False
2.6,30,368440.466384,True
0.0,30,368494.767828,False
0.0,30,368539.337999,False
0.0,30,368584.126304,False
0.0,30,368630.221673,False
2.8,30,368677.349545,True
0.0,30,368723.096956,False
0.0,30,368767.44044,False
2.5,30,368817.960964,True
0.0,30,368864.220951,False
2.6,30,368909.784181,True
2.6,30,368955.955776,True
0.0,30,368999.830967,False
2.3,30,369048.516777,False
3.0,30,369089.587567,True
2.4,30,369133.695286,False
2.2,30,369184.24522,True
0.0,30,369503.470807,False
1.5,30,369549.069729,True
0.0,30,369595.018696,False
0.0,30,369642.526282,False
0.0,30,369686.924425,False
2.6,30,369731.301242,True
2.6,30,369777.506979,True
0.0,30,369825.531837,False
0.0,30,369878.047157,False
0.0,30,369925.685094,False
0.0,30,369970.770924,False
2.4,30,370014.33468,True
2.5,30,370060.243252,True
2.9,30,370110.637974,True
3.0,30,370157.030404,True
2.4,30,370205.556736,True
2.4,30,370252.745382,True
2.5,30,370302.327468,True
0.0,30,370353.654648,False
2.8,30,370398.234789,True
2.6,30,370440.394139,True
2.1,30,370487.21122,True
2.6,30,370533.754354,True
1.5,30,370581.592749,True
0.0,30,370628.305422,False
0.0,30,370677.797417,False
0.0,30,370722.972651,False
2.4,30,370769.683522,True
2.9,30,370819.487543,True
2.7,30,370862.258437,True
1.0,30,370909.416626,True
2.7,30,370954.441994,True
0.0,30,370994.765007,False
0.0,30,371045.01332,False
0.0,30,371357.501845,False
0.0,30,371403.634666,False
2.0,30,371448.499001,True
2.5,30,371491.308379,True
2.6,30,371537.679999,True
0.0,30,371579.376238,False
0.0,30,371626.008801,False
2.5,30,371675.150203,True
2.8,30,371721.317806,True
2.7,30,371770.558967,True
2.8,30,371814.683438,True
2.7,30,371868.714093,True
0.0,30,371916.481478,False
0.0,30,371965.823573,False
0.0,30,372019.889773,False
2.5,30,372063.629062,True
0.0,30,372113.203596,False
2.6,30,372154.395437,True
0.0,30,372201.01458,False
2.7,30,372245.505901,True
2.5,30,372284.727063,True
2.8,30,372335.815371,True
0.0,30,372388.054256,False
0.0,30,372432.374304,False
0.0,30,372482.913233,False
0.0,30,372525.801461,False
0.0,30,372569.821841,False
2.6,30,372621.43645,True
0.0,30,372669.154937,False
3.0,30,372716.610705,True
2.8,30,372763.176367,True
2.6,30,372813.121974,True
2.3,30,372864.262424,True
2.2,30,372912.379336,True
0.0,30,373215.392091,False
0.0,30,373258.234456,False
0.9,30,373303.741756,True
0.0,30,373348.13058,False
0.1,30,373393.998185,True
2.6,30,373439.412416,True
2.8,30,373484.657257,True
1.5,30,373536.279054,True
1.0,30,373580.29584,False
2.5,30,373627.639713,True
0.0,30,373674.757609,False
2.7,30,373722.015597,True
2.3,30,373769.30943,True
1.7,30,373816.291269,True
0.6,30,373859.414008,True
2.6,30,373900.567625,True
2.8,30,373944.728912,True
2.6,30,373991.037514,True
0.0,30,374036.838474,False
2.9,30,374083.727433,True
0.0,30,374127.892923,False
0.0,30,374173.457242,False
0.0,30,374222.735218,False
2.8,30,374272.276983,True
2.8,30,374311.822635,True
0.0,30,374360.157015,False
2.1,30,374447.453761,True
2.7,30,374488.602992,True
0.0,30,374540.781851,False
0.0,30,374588.688463,False
2.4,30,374634.234967,True
2.5,30,374676.58914,True
3.0,30,374729.520841,True
0.0,30,374773.807014,False
2.5,30,375094.791984,True
2.2,30,375140.233339,True
2.7,30,375189.94108,True
0.0,30,375240.929907,False
0.0,30,375284.644593,False
0.0,30,375329.431997,False
2.5,30,375377.554294,True
1.9,30,375421.468885,True
0.0,30,375469.190539,False
2.5,30,375518.557726,True
2.4,30,375565.466823,True
2.9,30,375612.58548,True
0.0,30,375663.428329,False
2.6,30,375710.280082,True
2.7,30,375755.120847,True
2.8,30,375798.41001,True
2.5,30,375843.886216,True
2.7,30,375887.742858,True
0.0,30,375933.950844,False
1.3,30,375981.846374,True
2.8,30,376030.742614,True
0.0,30,376079.091056,False
2.7,30,376132.170123,True
2.4,30,376184.417496,True
2.2,30,376229.903947,True
0.0,30,376274.247306,False
2.2,30,376319.88729,True
3.0,30,376360.493348,True
2.6,30,376412.495192,True
3.0,30,376459.166036,True
2.6,30,376512.498985,True
1.9,30,376562.353401,True
2.4,30,376604.689052,True
2.2,30,376653.506856,True
2.2,30,376697.821752,True
2.2,30,377000.252302,True
2.2,30,377040.858115,True
3.0,30,377084.960133,True
2.7,30,377131.606019,True
2.1,30,377177.213002,True
2.3,30,377224.975688,True
1.7,30,377273.722064,True
0.0,30,377320.083168,False
0.0,30,377362.008809,False
0.0,30,377408.784362,False
1.2,30,377452.148424,True
2.9,30,377494.815703,True
0.0,30,377540.142865,False
0.0,30,377591.63019,False
0.0,30,377641.241302,False
0.1,30,377691.762712,False
0.0,30,377740.519151,False
0.0,30,377804.813913,False
0.0,30,377850.749951,False
0.0,30,377897.534263,False
0.0,30,377944.794211,False
2.4,30,377988.38543,True
0.0,30,378031.71056,False
2.6,30,378077.360046,True
0.0,30,378132.421549,False
0.0,30,378184.38027,False
2.5,30,378227.984859,True
0.0,30,378275.926429,False
2.8,30,378320.291885,True
0.0,30,378369.577255,False
0.0,30,378417.648444,False
0.0,30,378464.321089,False
2.8,30,378510.926747,True
0.0,30,378558.732435,False
0.0,30,378894.491864,False
2.8,30,378940.599699,True
2.8,30,378986.447994,True
2.9,30,379033.399835,True
2.4,30,379076.579746,True
2.4,30,379123.235357,True
1.1,30,379170.133071,True
0.0,30,379213.349178,False
2.7,30,379261.765276,True
2.2,30,379309.877123,True
0.0,30,379358.745615,False
0.0,30,379405.163179,False
2.5,30,379451.987157,True
0.0,30,379497.575925,False
2.9,30,379546.711549,True
2.6,30,379595.269555,True
3.0,30,379642.171138,True
0.0,30,379687.868853,False
0.0,30,379738.756393,False
2.8,30,379789.133769,True
0.0,30,379833.548168,False
0.0,30,379875.569961,False
2.3,30,379926.029856,True
0.0,30,379971.054267,False
0.0,30,380019.586112,False
0.0,30,380066.582796,False
2.2,30,380111.237589,True
2.8,30,380159.207472,True
2.8,30,380203.935377,True
2.8,30,380255.348799,True
3.0,30,380300.890827,True
0.7,30,380346.453404,False
0.0,30,380395.360538,False
2.4,30,380436.242974,True
3.0,30,380755.146979,True
0.0,30,380802.373214,False
0.0,30,380852.401214,False
2.9,30,380901.182475,True
0.0,30,380943.71273,False
0.0,30,380989.120555,False
3.0,30,381034.083384,True
0.0,30,381080.198749,False
2.5,30,381126.339135,True
2.3,30,381169.434207,True
0.0,30,381215.217828,False
0.0,30,381267.128895,False
2.4,30,381309.065593,True
3.0,30,381356.170487,True
2.3,30,381399.269358,True
1.7,30,381443.84707,True
0.0,30,381489.567925,False
2.8,30,381532.964908,True
2.5,30,381577.530496,True
0.0,30,381624.096109,False
0.0,30,381673.205873,False
2.8,30,381719.087797,True
2.7,30,381765.215924,True
2.6,30,381811.497285,True
0.0,30,381859.194595,False
0.0,30,381903.015718,False
0.0,30,381954.368446,False
2.3,30,382001.281154,True
3.0,30,382046.255749,True
2.9,30,382092.037518,True
2.8,30,382134.002221,True
2.8,30,382177.624499,True
0.0,30,382221.402668,False
0.0,30,382262.187241,False
1.9,30,382620.191757,False
0.0,30,382659.746854,False
0.0,30,382708.024304,False
2.3,30,382759.544286,True
2.6,30,382795.886039,True
0.0,30,382846.296289,False
0.0,30,382893.717141,False
2.4,30,382940.092569,True
0.0,30,382987.952641,False
2.0,30,383033.590631,True
0.0,30,383078.156909,False
2.1,30,383125.633864,True
0.0,30,383168.639418,False
1.9,30,383210.204659,True
0.0,30,383255.447324,False
2.6,30,383303.771043,True
2.1,30,383350.975801,True
0.0,30,383400.266319,False
1.6,30,383446.859295,True
0.5,30,383492.480648,False
2.8,30,383538.021261,True
0.0,30,383589.931697,False
2.8,30,383635.361223,True
0.0,30,383677.460975,False
2.5,30,383725.448733,True
0.0,30,383778.797931,False
0.0,30,383821.137148,False
0.0,30,383872.581927,False
2.8,30,383924.759125,True
0.0,30,383973.91446,False
2.6,30,384021.263056,True
0.0,30,384063.427017,False
0.0,30,384115.164964,False
2.5,30,384159.662991,True
2.8,30,384472.643563,True
0.0,30,384523.595546,False
0.0,30,384569.427689,False
0.0,30,384612.116083,False
0.0,30,384660.132863,False
2.0,30,384735.797757,True
2.4,30,384781.330996,True
0.0,30,384835.114538,False
0.0,30,384884.754162,False
0.0,30,384926.856972,False
2.5,30,384970.383679,True
2.7,30,385022.416497,True
0.0,30,385075.037464,False
0.0,30,385121.197899,False
2.9,30,385162.523597,True
0.0,30,385209.34813,False
2.8,30,385254.388811,True
0.0,30,385310.645571,False
0.0,30,385357.567496,False
3.0,30,385404.580979,True
2.7,30,385453.916894,True
2.8,30,385499.345228,True
0.0,30,385546.332379,False
2.6,30,385590.671413,True
0.0,30,385634.72329,False
0.4,30,385681.647612,True
2.7,30,385724.078493,True
2.5,30,385768.123088,True
0.9,30,385810.807886,False
0.0,30,385854.341265,False
1.2,30,385898.650248,True
0.0,30,385953.289686,False
2.4,30,385996.384391,True
0.0,30,386041.057765,False
0.0,30,386371.350148,False
0.0,30,386416.737877,False
0.9,30,386460.84152,False
0.0,30,386501.478753,False
0.0,30,386548.632293,False
2.9,30,386591.644854,True
0.0,30,386638.498072,False
0.0,30,386682.830277,False
2.3,30,386723.793698,True
0.0,30,386769.882244,False
2.9,30,386815.391598,True
1.8,30,386865.33775,True
0.0,30,386911.940335,False
2.6,30,386958.03075,True
2.6,30,387015.821063,True
2.6,30,387063.629539,True
2.2,30,387109.670197,True
0.0,30,387181.715169,False
0.0,30,387233.997319,False
2.3,30,387279.339731,True
2.3,30,387325.279046,True
2.7,30,387368.258283,True
2.9,30,387416.024493,True
3.0,30,387458.995134,True
2.8,30,387503.633983,True
2.3,30,387549.252359,True
0.0,30,387596.023205,False
2.5,30,387640.686714,True
2.6,30,387683.411742,True
2.9,30,387725.697818,True
2.6,30,387770.314877,True
0.0,30,387813.598424,False
2.6,30,387865.498939,True
2.7,30,387907.396826,True
2.7,30,388214.754136,True
0.0,30,388264.459381,False
2.6,30,388307.527616,True
2.3,30,388352.565384,True
2.5,30,388400.327484,True
0.0,30,388450.350275,False
2.4,30,388494.475074,True
2.7,30,388540.657309,True
0.0,30,388587.618003,False
0.0,30,388632.287068,False
3.0,30,388678.658181,True
2.5,30,388725.373067,True
2.8,30,388770.484164,True
2.9,30,388812.656759,True
2.8,30,388858.011946,True
0.0,30,388904.843364,False
3.0,30,388949.713648,True
0.0,30,388995.590955,False
0.0,30,389040.908713,False
2.7,30,389084.892399,True
0.0,30,389130.370316,False
1.9,30,389179.270673,True
0.0,30,389227.004214,False
0.0,30,389271.153013,False
2.6,30,389326.151122,True
1.8,30,389369.640653,True
0.0,30,389416.944347,False
2.5,30,389475.109796,True
0.0,30,389524.053869,False
0.0,30,389567.906021,False
2.2,30,389618.226177,True
0.0,30,389663.383375,False
2.5,30,389705.880842,True
2.8,30,389746.268004,True
0.0,30,390039.560774,False
2.9,30,390088.910423,True
0.0,30,390136.005581,False
2.1,30,390178.718629,True
0.0,30,390226.709297,False
1.6,30,390270.884794,True
3.0,30,390319.464804,True
0.0,30,390364.296938,False
0.0,30,390409.932846,False
2.5,30,390455.898129,True
0.0,30,390503.83333,False
1.7,30,390547.75496,True
2.8,30,390595.316273,True
0.0,30,390638.156456,False
2.6,30,390683.155311,True
2.9,30,390722.667426,True
3.0,30,390769.549272,True
0.0,30,390814.893564,False
0.0,30,390860.092287,False
3.0,30,390903.607785,True
2.1,30,390948.435535,True
1.8,30,390999.554276,True
2.8,30,391043.356283,True
0.0,30,391087.956607,False
0.8,30,391133.335129,True
0.0,30,391184.159921,False
0.0,30,391228.713858,False
2.3,30,391282.059022,True
0.0,30,391331.252238,False
2.6,30,391379.593021,True
1.7,30,391430.606663,True
2.6,30,391474.589554,True
2.7,30,391516.301551,True
1.0,30,391563.837377,True
0.0,30,391604.499216,False
2.6,30,391906.742699,True
2.7,30,391952.192613,True
0.0,30,391992.939446,False
2.6,30,392035.277842,True
2.6,30,392074.540979,True
0.0,30,392123.107535,False
0.0,30,392169.166533,False
0.0,30,392213.617751,False
2.4,30,392258.054851,True
2.7,30,392305.582709,True
2.5,30,392350.224675,True
1.3,30,392395.564368,True
1.2,30,392440.282671,True
0.0,30,392491.816891,False
0.0,30,392536.926209,False
2.7,30,392579.111627,True
2.2,30,392628.366103,True
0.0,30,392673.991997,False
2.7,30,392721.976642,True
0.0,30,392763.795112,False
2.5,30,392809.754377,True
0.0,30,392854.062165,False
0.1,30,392893.06051,False
0.0,30,392937.222984,False
0.0,30,392981.760016,False
2.5,30,393032.62839,True
2.0,30,393080.626645,True
0.0,30,393128.811694,False
2.7,30,393176.511496,True
2.4,30,393225.54518,True
2.4,30,393271.928067,True
0.0,30,393318.399746,False
0.0,30,393363.811774,False
2.7,30,393413.372651,True
2.4,30,393714.483224,True
0.0,30,393767.981265,False
0.0,30,393810.772806,False
0.0,30,393867.086361,False
0.0,30,393915.84582,False
0.0,30,393960.397329,False
0.0,30,394005.768507,False
0.0,30,394050.951841,False
1.9,30,394093.055814,True
0.0,30,394139.085338,False
1.3,30,394183.406934,True
2.0,30,394231.288849,True
0.0,30,394274.981814,False
2.6,30,394321.576925,True
2.7,30,394363.722074,True
0.0,30,394407.18573,False
0.0,30,394445.556947,False
0.0,30,394488.115108,False
0.0,30,394535.109698,False
2.8,30,394580.545038,True
0.0,30,394624.107094,False
1.5,30,394669.588291,True
0.0,30,394709.26217,False
2.7,30,394755.282327,True
0.0,30,394803.656851,False
0.0,30,394844.120607,False
0.0,30,394888.263799,False
2.9,30,394932.992176,True
0.0,30,394981.648151,False
0.0,30,395027.698293,False
2.9,30,395074.093664,True
2.8,30,395118.650045,True
2.9,30,395161.000706,True
2.3,30,395204.595352,True
2.7,30,395491.897392,True
2.4,30,395534.161738,True
0.0,30,395576.289338,False
0.5,30,395621.610042,False
2.7,30,395666.532031,True
0.0,30,395717.202539,False
0.4,30,395759.822296,True
0.0,30,395809.015628,False
0.0,30,395852.474721,False
2.5,30,395896.806851,True
0.0,30,395939.123149,False
2.3,30,395986.174629,True
2.4,30,396036.648635,True
0.0,30,396083.14731,False
2.5,30,396141.696401,True
0.0,30,396186.550316,False
2.4,30,396229.976636,True
2.7,30,396277.022091,True
2.7,30,396320.861246,True
0.0,30,396365.807023,False
0.0,30,396414.090852,False
0.0,30,396460.05162,False
2.1,30,396505.545128,True
0.9,30,396548.853029,True
2.9,30,396588.043279,True
2.8,30,396630.886818,True
0.0,30,396679.997645,False
0.0,30,396721.844078,False
2.6,30,396771.961172,True
3.0,30,396826.48371,True
2.7,30,396865.849414,True
2.6,30,396913.87315,True
2.7,30,396957.356162,True
0.0,30,397005.497845,False
2.5,30,397318.270074,True
2.4,30,397358.937873,True
2.5,30,397408.389508,True
0.0,30,397448.779283,False
2.9,30,397493.220676,True
0.0,30,397539.153798,False
2.7,30,397585.063033,True
1.1,30,397629.260384,True
2.6,30,397682.365204,True
2.5,30,397728.511258,True
2.6,30,397770.664999,True
0.0,30,397817.379194,False
1.9,30,397860.768251,True
0.0,30,397908.788275,False
3.0,30,397956.57479,True
2.2,30,398008.34961,True
2.5,30,398054.604684,True
1.5,30,398095.745938,True
0.0,30,398136.5424,False
0.0,30,398180.401402,False
2.0,30,398225.693388,True
2.8,30,398272.060457,True
2.9,30,398318.627197,True
2.6,30,398361.153266,True
0.0,30,398411.619314,False
0.0,30,398455.880273,False
0.0,30,398502.916468,False
0.0,30,398547.220714,False
0.0,30,398592.272883,False
2.1,30,398650.608734,True
0.0,30,398698.387345,False
2.8,30,398738.250378,True
0.0,30,398783.551108,False
0.0,30,398834.666471,False
2.5,30,399125.54478,True
0.0,30,399171.724222,False
2.4,30,399220.165933,True
0.0,30,399269.697295,False
3.0,30,399313.026375,True
2.4,30,399364.220831,True
2.0,30,399408.419403,True
0.0,30,399449.745443,False
2.2,30,399496.654927,True
1.9,30,399545.738477,True
0.0,30,399589.499443,False
0.0,30,399636.207169,False
1.8,30,399694.343263,True
0.0,30,399737.580958,False
2.8,30,399785.24422,True
0.0,30,399828.739564,False
0.0,30,399877.340259,False
2.6,30,399924.569748,True
2.6,30,399968.377997,True
2.9,30,400015.53749,True
0.0,30,400060.378747,False
2.8,30,400106.164772,True
1.4,30,400154.643748,True
2.9,30,400201.660605,True
0.0,30,400244.607782,False
0.0,30,400286.62618,False
2.5,30,400334.095602,True
0.0,30,400378.886561,False
1.9,30,400426.367947,True
0.0,30,400499.998437,False
0.0,30,400549.476372,False
2.5,30,400593.295919,True
0.0,30,400642.933525,False
0.0,30,400692.698802,False
2.9,30,400965.48368,True
0.0,30,401008.053633,False
0.0,30,401050.758009,False
0.0,30,401094.650428,False
0.0,30,401138.074639,False
0.0,30,401188.02145,False
0.0,30,401234.431264,False
0.0,30,401282.238259,False
2.7,30,401327.061416,True
2.1,30,401373.463603,True
0.0,30,401411.185131,False
2.7,30,401455.697782,True
2.2,30,401502.139634,True
0.0,30,401545.049053,False
2.3,30,401589.855022,True
0.0,30,401636.023528,False
0.0,30,401681.134436,False
0.0,30,401729.662005,False
2.6,30,401773.44592,True
0.0,30,401815.274238,False
2.4,30,401858.343627,True
2.0,30,401901.849356,True
2.2,30,401943.131196,True
0.0,30,401985.977987,False
2.8,30,402028.615226,True
2.4,30,402074.443157,True
0.0,30,402120.750422,False
2.4,30,402171.048831,True
0.0,30,402218.19803,False
0.0,30,402259.961806,False
0.0,30,402307.66512,False
0.0,30,402348.395657,False
2.7,30,402389.230587,True
0.0,30,402434.558089,False
0.0,30,402730.229447,False
0.0,30,402775.935358,False
0.0,30,402824.331307,False
2.5,30,402871.89957,True
1.8,30,402918.025012,True
0.0,30,402967.93894,False
2.4,30,403011.805409,True
2.2,30,403057.144702,True
0.0,30,403101.467484,False
0.0,30,403146.408713,False
0.0,30,403196.482248,False
2.6,30,403234.869303,True
0.0,30,403278.289047,False
0.0,30,403326.471774,False
0.0,30,403370.561163,False
0.0,30,403412.569367,False
0.0,30,403461.382605,False
0.2,30,403504.275506,True
2.0,30,403547.867436,True
2.8,30,403592.120017,True
0.0,30,403633.080731,False
1.8,30,403696.374163,True
0.0,30,403744.862819,False
1.3,30,403786.85577,True
2.7,30,403831.782965,True
2.2,30,403873.307225,True
0.0,30,403929.436187,False
2.6,30,403974.326704,True
0.0,30,404019.78874,False
2.7,30,404059.695978,True
0.0,30,404104.360121,False
2.9,30,404153.838279,True
0.0,30,404198.19582,False
2.6,30,404255.127673,True
2.8,30,404299.788764,True
2.9,30,404549.190015,True
2.9,30,404608.873078,True
0.0,30,404659.718162,False
2.5,30,404705.202374,True
0.0,30,404745.060071,False
0.8,30,404787.382435,True
3.0,30,404830.78273,True
0.0,30,404876.12141,False
2.8,30,404915.484057,True
2.5,30,404959.044034,True
2.6,30,405006.805497,True
2.7,30,405046.823503,True
0.0,30,405090.059719,False
0.0,30,405134.372775,False
0.0,30,405178.640757,False
2.2,30,405223.447866,True
2.7,30,405266.74506,True
2.7,30,405311.366727,True
2.5,30,405358.736799,True
2.5,30,405416.913496,True
2.8,30,405460.635747,True
2.7,30,405504.882536,True
0.0,30,405543.562031,False
0.0,30,405590.042885,False
0.0,30,405635.802863,False
1.5,30,405686.191546,True
0.0,30,405732.230444,False
0.0,30,405778.00833,False
0.0,30,405827.125906,False
0.0,30,405873.955174,False
2.7,30,405920.482744,True
0.0,30,405964.13533,False
0.0,30,406007.465464,False
2.3,30,406049.567091,True
0.0,30,406332.868238,False
2.8,30,406376.939299,True
0.9,30,406425.171435,False
0.0,30,406472.928949,False
0.0,30,406516.050003,False
2.7,30,406558.457839,True
1.8,30,406600.134156,True
2.7,30,406647.22482,True
2.6,30,406691.819626,True
0.6,30,406742.38454,True
2.3,30,406787.184491,True
2.4,30,406836.742572,True
0.0,30,406884.121261,False
2.4,30,406930.12378,True
2.7,30,406970.542414,True
0.0,30,407017.978143,False
2.9,30,407060.947201,True
1.7,30,407103.319433,True
2.8,30,407150.794325,True
0.0,30,407200.663019,False
0.0,30,407245.712975,False
2.3,30,407293.097702,True
1.5,30,407340.020775,True
0.8,30,407395.144473,False
0.0,30,407441.242662,False
2.3,30,407490.545518,True
2.6,30,407545.83172,True
0.0,30,407592.171875,False
0.0,30,407637.369545,False
0.0,30,407678.821063,False
0.0,30,407723.232989,False
1.3,30,407765.988981,True
0.0,30,407808.686965,False
0.0,30,407865.09722,False
0.0,30,408147.379148,False
2.3,30,408192.408629,True
0.0,30,408237.70239,False
0.0,30,408287.258877,False
0.9,30,408332.79397,True
2.2,30,408381.023197,True
2.4,30,408433.429459,True
0.0,30,408477.742748,False
0.0,30,408520.327554,False
2.2,30,408567.367321,True
0.0,30,408614.857772,False
1.9,30,408659.768454,True
1.4,30,408705.150528,True
0.0,30,408750.748755,False
2.5,30,408790.894886,True
2.5,30,408834.918933,True
0.0,30,408878.098067,False
2.5,30,408921.929569,True
0.0,30,408980.420765,False
0.0,30,409029.463329,False
2.8,30,409081.031196,True
0.0,30,409121.263154,False
2.4,30,409164.869136,True
1.8,30,409210.744856,True
0.0,30,409259.447881,False
0.0,30,409308.191688,False
2.7,30,409353.613769,True
0.0,30,409396.00172,False
0.0,30,409445.918,False
0.0,30,409489.319811,False
2.7,30,409534.873331,True
2.4,30,409577.787739,True
0.0,30,409618.835903,False
0.0,30,409665.398149,False
2.9,30,409946.97235,True
0.0,30,409990.762902,False
2.4,30,410035.95289,True
2.8,30,410079.269923,True
2.6,30,410132.176457,True
1.2,30,410176.515714,True
2.8,30,410219.062961,True
1.9,30,410264.645167,True
2.8,30,410315.79712,True
3.0,30,410361.6457,True
2.0,30,410412.059555,True
0.0,30,410458.840005,False
0.0,30,410509.551132,False
2.9,30,410549.007451,True
2.9,30,410595.825042,True
2.7,30,410642.727246,True
3.0,30,410686.732137,True
2.9,30,410729.001659,True
0.0,30,410771.482142,False
0.0,30,410820.103189,False
0.0,30,410862.956131,False
0.0,30,410908.613118,False
0.0,30,410962.36981,False
0.0,30,411003.959736,False
0.0,30,411051.837306,False
2.3,30,411097.683845,True
0.0,30,411137.837213,False
0.0,30,411181.179204,False
2.4,30,411231.586857,True
2.7,30,411277.637121,True
3.0,30,411324.780266,True
2.8,30,411369.047294,True
0.0,30,411418.159135,False
0.7,30,411462.842969,True
2.7,30,411779.266458,True
2.5,30,411822.729135,True
2.4,30,411872.757124,True
0.0,30,411917.918368,False
1.8,30,411966.180324,False
0.0,30,412010.850334,False
0.2,30,412058.995496,False
2.3,30,412100.703419,True
2.4,30,412146.531668,True
2.1,30,412195.436494,True
2.3,30,412239.724437,True
1.7,30,412288.911562,True
0.0,30,412335.136004,False
2.7,30,412380.390695,True
0.0,30,412420.772446,False
0.0,30,412467.406375,False
2.8,30,412519.839308,True
3.0,30,412566.790366,True
0.0,30,412610.702684,False
0.0,30,412666.049122,False
2.6,30,412714.435979,True
0.8,30,412762.946154,False
0.0,30,412807.362933,False
1.4,30,412850.899698,True
0.0,30,412896.491001,False
0.0,30,412940.344026,False
2.6,30,412983.212763,True
2.8,30,413023.882232,True
0.0,30,413068.499134,False
0.0,30,413118.74002,False
1.0,30,413167.270191,True
0.0,30,413225.048352,False
2.5,30,413271.961184,True
2.8,30,413320.923631,True
0.0,30,413596.650717,False
2.7,30,413641.066631,True
0.0,30,413691.403422,False
2.6,30,413742.461747,True
2.8,30,413784.902483,True
2.7,30,413830.992393,True
0.0,30,413871.445886,False
0.0,30,413921.600063,False
3.0,30,413964.273221,True
0.0,30,414013.906773,False
2.8,30,414063.572984,True
0.0,30,414108.084351,False
2.8,30,414147.746319,True
0.0,30,414191.625075,False
0.0,30,414239.088201,False
2.5,30,414280.821913,True
2.3,30,414324.371612,True
0.0,30,414366.924342,False
0.0,30,414416.81044,False
2.9,30,414460.732574,True
0.0,30,414503.065981,False
0.0,30,414546.385556,False
2.6,30,414595.015798,True
1.5,30,414641.080001,False
2.6,30,414688.792695,True
0.0,30,414735.637148,False
0.0,30,414775.045982,False
0.0,30,414822.343126,False
2.5,30,414866.051722,True
2.6,30,414909.911739,True
3.0,30,414959.750019,True
2.3,30,415001.649477,True
1.4,30,415048.671158,True
2.2,30,415093.168802,True
0.0,30,415381.431885,False
0.0,30,415425.291845,False
0.0,30,415473.194481,False
0.0,30,415521.088893,False
0.0,30,415563.824854,False
0.0,30,415610.115046,False
3.0,30,415653.947556,True
0.0,30,415698.954023,False
2.3,30,415744.534171,False
0.0,30,415788.566873,False
2.2,30,415831.247792,True
0.0,30,415873.817393,False
0.0,30,415926.874797,False
0.1,30,415968.452492,False
2.5,30,416015.718685,True
2.8,30,416056.566457,True
0.0,30,416100.892737,False
0.0,30,416157.564371,False
0.0,30,416205.16613,False
2.1,30,416253.354534,True
2.8,30,416299.64983,True
0.0,30,416345.397482,False
0.0,30,416385.676507,False
0.0,30,416428.17836,False
0.0,30,416480.830962,False
1.3,30,416525.483324,False
1.6,30,416570.499928,True
0.0,30,416615.966707,False
0.0,30,416658.2814,False
1.5,30,416702.623839,False
0.0,30,416748.220163,False
0.0,30,416800.967892,False
0.0,30,416851.144259,False
0.0,30,416894.340905,False
2.8,30,417196.128927,True
0.0,30,417240.976116,False
0.0,30,417289.209463,False
3.0,30,417335.360404,True
1.8,30,417382.190123,True
2.0,30,417429.687025,True
2.5,30,417469.083698,True
0.0,30,417517.359609,False
2.7,30,417567.80918,True
0.0,30,417610.890974,False
1.7,30,417651.840039,True
0.0,30,417697.112849,False
2.8,30,417741.976247,True
0.0,30,417785.592488,False
0.0,30,417830.722233,False
0.0,30,417886.849332,False
2.9,30,417935.614474,True
0.0,30,417978.531819,False
0.0,30,418024.68948,False
2.7,30,418065.499786,True
1.6,30,418107.175988,True
0.0,30,418157.75373,False
1.0,30,418196.390004,True
0.0,30,418234.969657,False
0.0,30,418282.893642,False
2.6,30,418324.565954,True
0.0,30,418372.855411,False
2.4,30,418414.606576,True
3.0,30,418458.996183,True
2.8,30,418501.592216,True
2.7,30,418545.779966,True
0.8,30,418586.596754,False
1.8,30,418630.856173,True
3.0,30,418677.120156,True
0.0,30,418722.026701,False
2.9,30,419004.397818,True
2.9,30,419049.522207,True
2.4,30,419096.764307,True
1.7,30,419149.217338,True
1.7,30,419191.588176,True
0.0,30,419236.307111,False
0.0,30,419286.743347,False
0.0,30,419334.60977,False
0.0,30,419383.294197,False
2.6,30,419441.105212,True
0.0,30,419487.363879,False
0.0,30,419533.066467,False
2.4,30,419574.26734,True
0.0,30,419620.896784,False
0.0,30,419663.873335,False
2.8,30,419709.929374,True
0.0,30,419751.173072,False
0.0,30,419794.813193,False
0.0,30,419836.967124,False
0.0,30,419878.916739,False
0.0,30,419929.411217,False
2.8,30,419974.410697,True
2.4,30,420017.658757,True
0.0,30,420059.593321,False
0.0,30,420103.279178,False
2.5,30,420150.474712,True
0.0,30,420197.717637,False
0.0,30,420237.208761,False
0.0,30,420282.286152,False
0.0,30,420328.214683,False
2.3,30,420368.374515,True
0.0,30,420413.339893,False
0.0,30,420470.3609,False
0.0,30,420512.015892,False
0.0,30,420822.173953,False
2.9,30,420868.369132,True
2.8,30,420911.95003,True
0.0,30,420961.484805,False
2.5,30,421001.640568,True
2.8,30,421056.885683,True
2.2,30,421100.74356,True
0.0,30,421149.865284,False
0.0,30,421197.018157,False
2.0,30,421240.623579,True
0.0,30,421287.780534,False
0.4,30,421330.926289,True
0.0,30,421378.373825,False
0.0,30,421427.195358,False
2.8,30,421477.532482,True
2.4,30,421522.587376,True
2.7,30,421567.562963,True
0.0,30,421616.183234,False
2.8,30,421653.511642,True
2.5,30,421695.999721,True
2.9,30,421740.788457,True
0.0,30,421787.029013,False
2.6,30,421834.317975,True
2.2,30,421885.222531,True
0.0,30,421927.968866,False
2.6,30,421974.928178,True
0.0,30,422020.762576,False
2.8,30,422068.903122,True
0.0,30,422116.375292,False
0.0,30,422163.323252,False
0.0,30,422206.114756,False
3.0,30,422255.004248,True
2.3,30,422296.358433,True
0.0,30,422342.190907,False
2.8,30,422675.312559,True
0.0,30,422719.446692,False
2.5,30,422767.977601,True
2.8,30,422830.216734,True
0.0,30,422874.663759,False
2.7,30,422920.144359,True
2.4,30,422963.933739,True
0.9,30,423006.707109,False
0.0,30,423054.067325,False
2.7,30,423102.097635,True
0.0,30,423145.871803,False
2.5,30,423189.285768,True
2.4,30,423235.016911,True
0.0,30,423274.897542,False
0.0,30,423318.041496,False
1.7,30,423367.623536,True
2.1,30,423415.452958,True
0.0,30,423456.405893,False
1.1,30,423497.82962,True
0.0,30,423544.252437,False
2.4,30,423591.802466,True
2.7,30,423637.386932,True
2.0,30,423679.36227,True
2.7,30,423721.507282,True
2.8,30,423761.395165,True
0.0,30,423800.611419,False
3.0,30,423844.655413,True
2.5,30,423890.426182,True
2.5,30,423941.473241,True
2.8,30,423979.676865,True
0.0,30,424023.85134,False
0.0,30,424079.504216,False
2.6,30,424120.377096,True
2.0,30,424165.560558,True
0.0,30,424492.490652,False
3.0,30,424540.371816,True
0.0,30,424584.657892,False
2.8,30,424632.253023,True
2.8,30,424682.877802,True
2.6,30,424733.394843,True
0.0,30,424775.093345,False
0.0,30,424819.195898,False
0.0,30,424861.986584,False
0.0,30,424907.804509,False
2.9,30,424959.234527,True
0.0,30,425001.840622,False
0.0,30,425048.152609,False
0.0,30,425094.388485,False
1.8,30,425133.557993,True
0.0,30,425176.534788,False
0.0,30,425223.038074,False
0.0,30,425264.624494,False
1.7,30,425311.197153,True
0.0,30,425356.271984,False
2.6,30,425397.6504,True
0.0,30,425440.07382,False
0.0,30,425482.192476,False
0.0,30,425531.320649,False
0.0,30,425578.189136,False
0.0,30,425621.061671,False
0.0,30,425676.456239,False
2.6,30,425720.285378,True
0.0,30,425766.845253,False
0.0,30,425806.09348,False
2.0,30,425852.585823,True
1.9,30,425895.555795,True
0.0,30,425939.026801,False
1.9,30,425987.589668,True
2.3,30,426301.806386,True
1.7,30,426346.078495,True
2.5,30,426392.367829,True
2.3,30,426463.749406,True
2.2,30,426515.538198,True
0.0,30,426558.999598,False
2.8,30,426604.712625,True
0.0,30,426659.683805,False
0.0,30,426707.915921,False
2.8,30,426755.102131,True
1.5,30,426803.962109,True
2.6,30,426849.79304,False
0.0,30,426897.010588,False
2.9,30,426945.686733,True
3.0,30,426993.107253,True
1.9,30,427035.476152,True
2.6,30,427080.216787,True
0.0,30,427123.275763,False
0.0,30,427169.715751,False
0.0,30,427214.62451,False
0.0,30,427263.71254,False
0.0,30,427312.322138,False
2.7,30,427362.4927,True
2.9,30,427405.261046,True
0.0,30,427450.973526,False
0.0,30,427499.580126,False
0.0,30,427541.949013,False
2.1,30,427588.436846,True
0.0,30,427633.784839,False
2.8,30,427682.047269,True
0.0,30,427728.046972,False
0.0,30,427775.135115,False
0.0,30,427824.850815,False
0.0,30,427866.727565,False
0.0,30,428222.177825,False
1.9,30,428266.886463,True
0.0,30,428311.447396,False
2.9,30,428354.918353,True
0.0,30,428404.319428,False
0.0,30,428451.27531,False
2.8,30,428496.246738,True
0.0,30,428543.390792,False
0.0,30,428587.007012,False
0.0,30,428630.893648,False
2.7,30,428682.883876,True
0.0,30,428731.710267,False
2.5,30,428777.195302,True
2.5,30,428820.898491,True
1.1,30,428867.40194,True
2.1,30,428909.020648,True
2.9,30,428954.441773,True
0.0,30,428999.051638,False
2.4,30,429046.343763,True
0.0,30,429089.320247,False
0.0,30,429132.229301,False
0.0,30,429185.79462,False
0.0,30,429234.005025,False
0.0,30,429278.788676,False
0.0,30,429323.540623,False
3.0,30,429365.398952,True
0.0,30,429415.653774,False
3.0,30,429459.681727,True
0.0,30,429504.876511,False
1.9,30,429553.553807,True
2.7,30,429598.070177,True
2.7,30,429641.473184,True
0.0,30,429696.637529,False
2.9,30,429742.227634,True
0.0,30,430094.155935,False
0.0,30,430136.666679,False
2.8,30,430180.75578,True
0.0,30,430230.395681,False
0.0,30,430279.344456,False
2.6,30,430323.507412,True
0.0,30,430371.933892,False
0.0,30,430419.743927,False
2.3,30,430464.28773,True
0.0,30,430515.919415,False
0.0,30,430562.102229,False
2.5,30,430613.465544,True
2.5,30,430666.980506,True
0.0,30,430717.210771,False
2.5,30,430764.785399,True
2.3,30,430812.149845,True
0.0,30,430865.54694,False
0.0,30,430905.852952,False
0.0,30,430953.649204,False
0.0,30,430997.856354,False
0.0,30,431041.455599,False
0.0,30,431088.353379,False
3.0,30,431140.24666,True
0.0,30,431191.823948,False
0.0,30,431238.127811,False
0.0,30,431281.694447,False
0.0,30,431331.157739,False
0.0,30,431374.785309,False
2.8,30,431422.60672,True
0.0,30,431471.282966,False
1.3,30,431521.909707,True
0.0,30,431571.591673,False
0.0,30,431620.204365,False
2.7,30,431666.426295,True
0.0,30,431709.47597,False
0.0,30,432045.943086,False
0.0,30,432088.509222,False
0.0,30,432135.786072,False
2.5,30,432190.346973,True
0.0,30,432234.504772,False
2.7,30,432282.938322,True
0.0,30,432331.851648,False
0.0,30,432379.762484,False
2.4,30,432428.796928,True
0.0,30,432470.830901,False
2.6,30,432518.098893,True
2.4,30,432567.705366,True
2.7,30,432610.330637,True
0.0,30,432666.233626,False
2.6,30,432712.196253,True
0.0,30,432759.853558,False
0.0,30,432807.070306,False
2.4,30,432853.751518,True
1.4,30,432895.5739,True
2.1,30,432939.737348,True
1.9,30,432983.753968,True
2.7,30,433030.21994,True
2.4,30,433079.332716,True
0.0,30,433126.950516,False
0.0,30,433172.965859,False
0.2,30,433217.101779,True
0.8,30,433256.554027,True
2.5,30,433304.232992,True
0.0,30,433349.176118,False
0.0,30,433394.742671,False
2.1,30,433442.349175,True
0.0,30,433490.237167,False
2.0,30,433538.546283,True
0.7,30,433582.064656,True
0.0,30,433937.076431,False
2.4,30,433985.074634,True
0.0,30,434032.489759,False
2.6,30,434077.698944,True
0.0,30,434118.768781,False
2.4,30,434167.24135,True
2.8,30,434214.117081,True
0.0,30,434258.067497,False
0.0,30,434302.486714,False
0.0,30,434351.378244,False
2.5,30,434400.018487,True
2.5,30,434448.634387,True
0.0,30,434498.547427,False
2.6,30,434547.325187,True
2.6,30,434591.935942,True
0.0,30,434634.826937,False
2.5,30,434684.826374,True
0.0,30,434737.053207,False
0.0,30,434781.125728,False
2.6,30,434828.352675,True
0.0,30,434871.658194,False
2.7,30,434916.319592,True
0.0,30,434967.1487,False
2.6,30,435014.318975,True
0.0,30,435061.114952,False
2.7,30,435108.74508,True
2.9,30,435152.634493,True
2.8,30,435197.943314,True
0.0,30,435241.62068,False
2.7,30,435290.202175,True
0.0,30,435339.069311,False
0.0,30,435387.331304,False
0.0,30,435434.13501,False
2.8,30,435480.108853,True
2.5,30,435831.458936,True
0.0,30,435875.932844,False
0.0,30,435923.266746,False
0.0,30,435967.579438,False
0.0,30,436019.110074,False
0.0,30,436065.239918,False
0.0,30,436113.871129,False
1.2,30,436155.573648,True
1.1,30,436202.273207,True
0.0,30,436249.084594,False
3.0,30,436290.356535,True
0.0,30,436336.598658,False
0.0,30,436389.248947,False
0.0,30,436437.439121,False
0.0,30,436486.613275,False
0.0,30,436535.052715,False
0.0,30,436588.016099,False
0.0,30,436633.616294,False
0.0,30,436677.739501,False
2.2,30,436729.117546,True
2.7,30,436773.567854,True
0.0,30,436822.804662,False
0.0,30,436866.821094,False
0.0,30,436920.431312,False
1.5,30,436965.942554,False
2.5,30,437015.8519,True
2.6,30,437063.824597,True
2.7,30,437110.116649,True
0.8,30,437152.500627,True
2.5,30,437204.750427,True
2.2,30,437251.038236,True
0.0,30,437301.340754,False
2.4,30,437343.773894,True
0.4,30,437391.201055,False
2.6,30,437729.412467,True
2.4,30,437782.930203,True
0.0,30,437833.83113,False
2.7,30,437892.466473,True
0.0,30,437941.127862,False
0.3,30,437985.530867,True
0.0,30,438035.304533,False
0.0,30,438081.987102,False
0.0,30,438128.989295,False
0.0,30,438174.754035,False
2.8,30,438220.485263,True
2.9,30,438269.200446,True
0.0,30,438312.137369,False
1.0,30,438359.553589,True
1.3,30,438409.762059,True
0.0,30,438455.56654,False
0.0,30,438501.769,False
2.2,30,438550.005031,True
2.9,30,438593.946234,True
3.0,30,438644.929805,True
3.0,30,438689.193114,True
2.7,30,438734.610814,True
0.0,30,438785.652946,False
1.9,30,438830.605482,True
0.0,30,438875.840729,False
0.0,30,438924.020046,False
0.0,30,438973.399341,False
0.0,30,439025.333988,False
3.0,30,439072.860819,True
0.0,30,439123.535773,False
0.0,30,439171.761149,False
0.0,30,439222.096314,False
0.0,30,439274.988451,False
0.0,30,439322.142527,False
0.0,30,439647.26691,False
2.8,30,439690.866227,True
0.0,30,439743.933157,False
2.9,30,439796.628901,True
0.0,30,439848.832708,False
0.0,30,439894.654432,False
0.0,30,439941.164789,False
2.6,30,439987.430573,True
3.0,30,440043.984833,True
0.0,30,440092.783481,False
0.0,30,440141.784525,False
2.8,30,440193.752444,True
3.0,30,440239.85726,True
0.0,30,440284.437123,False
0.6,30,440333.781266,True
0.0,30,440377.980888,False
0.0,30,440421.735324,False
0.0,30,440467.233461,False
0.0,30,440513.510315,False
0.0,30,440559.381913,False
2.5,30,440602.723011,True
1.2,30,440654.697714,True
2.6,30,440700.666537,True
0.0,30,440751.155464,False
0.0,30,440800.691246,False
0.0,30,440841.819646,False
0.0,30,440891.626196,False
0.0,30,440942.356338,False
3.0,30,440984.702001,True
3.0,30,441034.303886,True
0.0,30,441092.650611,False
0.0,30,441137.243777,False
0.0,30,441189.305272,False
0.0,30,441237.230421,False
3.0,30,441576.309559,True
0.6,30,441625.50576,True
0.0,30,441674.683428,False
2.5,30,441725.615437,True
2.2,30,441770.21117,True
2.4,30,441814.555211,True
2.7,30,441864.876844,True
1.7,30,441911.814014,True
2.6,30,441959.419114,True
2.7,30,442005.625956,True
2.7,30,442057.020519,True
3.0,30,442098.289877,True
0.0,30,442147.278319,False
0.8,30,442193.665696,True
2.3,30,442236.499037,True
3.0,30,442280.74237,True
0.0,30,442334.622784,False
2.7,30,442381.258971,True
2.9,30,442426.468679,True
0.0,30,442481.721706,False
0.0,30,442524.166254,False
2.8,30,442569.472732,True
0.0,30,442617.376269,False
0.0,30,442660.607707,False
1.3,30,442701.368487,True
0.0,30,442746.633392,False
0.0,30,442792.32142,False
2.8,30,442832.81339,True
2.5,30,442875.577506,True
0.0,30,442913.405209,False
2.9,30,442957.047487,True
0.0,30,443004.276482,False
0.0,30,443047.101859,False
1.0,30,443095.434561,True
0.0,30,443443.571599,False
0.0,30,443493.612576,False
3.0,30,443537.442248,True
0.0,30,443586.269171,False
2.8,30,443633.961304,True
0.0,30,443680.100254,False
0.0,30,443729.871995,False
1.3,30,443772.892897,False
2.8,30,443819.207254,True
2.6,30,443865.073459,True
0.0,30,443910.697585,False
3.0,30,443959.511398,True
2.4,30,444002.16114,True
0.0,30,444049.487429,False
2.7,30,444099.557502,True
0.0,30,444154.789934,False
2.0,30,444203.425926,True
0.0,30,444246.556548,False
2.5,30,444291.934335,True
2.9,30,444338.107101,True
2.7,30,444384.159729,True
2.9,30,444426.095595,True
0.0,30,444469.718198,False
0.7,30,444518.954871,True
2.9,30,444568.591177,True
0.0,30,444612.498209,False
0.0,30,444658.042799,False
2.5,30,444704.596678,True
2.1,30,444754.012671,True
2.2,30,444801.290067,True
0.0,30,444853.933565,False
0.0,30,444900.107492,False
0.0,30,444950.716304,False
2.7,30,444995.721801,True
0.0,30,445338.790425,False
2.4,30,445385.583249,True
0.0,30,445433.336799,False
0.0,30,445483.03228,False
2.9,30,445530.658518,True
0.0,30,445575.659106,False
2.7,30,445616.437721,True
1.9,30,445658.375007,True
0.0,30,445703.499419,False
2.6,30,445750.608776,True
2.4,30,445795.564132,True
2.8,30,445848.762637,True
2.7,30,445895.443011,True
0.0,30,445943.475843,False
2.6,30,445991.964896,True
2.3,30,446035.951136,True
2.5,30,446080.153119,True
0.0,30,446136.986352,False
2.6,30,446181.148691,True
0.0,30,446227.80993,False
2.3,30,446270.233836,True
2.5,30,446313.693587,True
3.0,30,446363.016488,True
2.6,30,446406.600531,True
0.0,30,446450.356663,False
0.0,30,446493.897177,False
2.6,30,446533.671409,True
0.0,30,446580.780188,False
2.3,30,446625.91836,True
2.2,30,446670.082485,True
0.0,30,446712.74781,False
2.6,30,446756.818594,True
2.6,30,446803.205201,True
0.0,30,446850.968618,False
0.0,30,446897.381242,False
0.0,30,447246.397659,False
3.0,30,447289.540515,True
2.8,30,447335.83878,True
2.3,30,447387.612004,True
2.9,30,447429.560158,True
2.5,30,447477.209403,True
0.0,30,447520.727289,False
2.7,30,447564.320566,True
2.6,30,447619.992742,True
2.7,30,447663.81011,True
0.0,30,447707.71634,False
0.0,30,447756.419846,False
2.3,30,447804.917801,False
2.8,30,447851.045957,True
2.3,30,447898.039449,True
0.0,30,447941.984161,False
0.0,30,447990.203625,False
0.0,30,448034.128539,False
2.8,30,448078.008069,True
1.7,30,448123.274741,True
0.0,30,448176.139815,False
0.0,30,448226.42254,False
2.8,30,448268.250525,True
0.7,30,448313.460428,True
0.0,30,448361.962332,False
0.0,30,448409.736044,False
2.2,30,448463.391874,True
0.0,30,448513.491257,False
2.7,30,448558.804374,True
2.6,30,448609.204261,True
0.0,30,448657.612859,False
0.0,30,448707.373956,False
0.0,30,448754.523985,False
2.6,30,448797.038882,True
3.0,30,449151.729339,True
2.5,30,449200.222651,True
1.0,30,449245.879989,True
0.0,30,449291.09249,False
1.5,30,449341.021039,True
0.0,30,449380.285198,False
2.5,30,449426.263351,True
2.1,30,449466.787249,True
2.6,30,449513.361547,True
0.0,30,449561.025525,False
3.0,30,449603.58594,True
0.0,30,449645.071024,False
2.7,30,449698.728549,True
2.6,30,449745.995308,True
0.0,30,449789.538661,False
2.3,30,449829.607227,True
0.0,30,449876.82059,False
0.0,30,449920.328465,False
2.5,30,449967.718985,True
0.0,30,450011.108123,False
2.8,30,450058.421787,True
2.6,30,450103.602148,True
0.6,30,450145.920203,True
2.6,30,450191.166645,True
1.9,30,450239.635176,True
0.0,30,450283.479593,False
0.0,30,450329.414524,False
0.0,30,450373.467171,False
0.0,30,450424.370469,False
1.7,30,450468.115806,True
2.6,30,450510.409431,True
0.0,30,450553.716988,False
2.4,30,450596.483156,True
0.0,30,450647.823158,False
2.9,30,450989.287025,True
2.7,30,451034.731478,True
2.8,30,451078.138617,True
1.3,30,451124.115972,True
2.9,30,451172.335763,True
0.0,30,451219.702348,False
0.0,30,451265.514514,False
2.6,30,451311.427424,True
2.2,30,451355.189852,True
0.0,30,451395.169765,False
2.1,30,451441.27495,True
2.5,30,451481.27867,True
0.0,30,451527.86199,False
2.9,30,451575.82461,True
2.7,30,451630.030884,True
0.4,30,451672.067463,True
0.0,30,451712.877126,False
2.5,30,451757.753163,True
0.0,30,451797.80834,False
0.0,30,451844.264737,False
2.6,30,451892.421749,True
0.0,30,451941.791632,False
2.4,30,451987.643839,True
0.0,30,452027.619487,False
2.2,30,452071.621454,True
2.7,30,452122.170388,True
0.0,30,452169.347553,False
2.6,30,452217.865144,True
2.7,30,452258.614377,True
0.0,30,452304.178891,False
0.0,30,452349.993287,False
2.7,30,452397.319331,True
0.0,30,452447.531724,False
2.4,30,452494.133432,True
3.0,30,452826.36526,True
2.5,30,452878.908708,True
0.0,30,452923.845877,False
2.2,30,452968.364639,True
0.0,30,453014.900293,False
0.0,30,453056.468886,False
2.8,30,453098.195957,True
2.7,30,453149.573736,True
2.6,30,453196.642095,True
2.7,30,453240.697461,True
0.0,30,453288.733595,False
2.3,30,453333.743191,True
2.8,30,453383.756772,True
0.0,30,453431.816572,False
2.1,30,453479.405242,True
0.0,30,453525.727615,False
2.5,30,453575.746661,True
0.0,30,453625.691288,False
2.5,30,453669.948442,True
2.5,30,453715.439991,True
0.0,30,453757.905093,False
2.8,30,453800.303983,True
0.0,30,453843.625099,False
2.7,30,453886.266714,True
0.0,30,453934.483932,False
2.6,30,453982.668011,True
2.3,30,454038.605059,True
1.6,30,454085.121192,True
0.0,30,454133.273848,False
0.0,30,454177.535848,False
0.0,30,454223.394157,False
0.0,30,454271.994447,False
0.0,30,454321.904701,False
2.5,30,454366.600283,True
0.0,30,454708.036387,False
0.0,30,454756.750684,False
0.0,30,454803.725698,False
1.6,30,454845.170308,True
0.0,30,454886.416566,False
2.6,30,454933.163967,True
0.0,30,454983.207783,False
2.6,30,455026.987287,True
0.0,30,455072.518818,False
2.8,30,455116.830483,True
2.4,30,455166.877768,True
2.2,30,455212.359081,True
0.0,30,455254.454774,False
2.7,30,455304.671861,True
0.0,30,455347.401942,False
0.0,30,455395.252749,False
0.0,30,455439.631199,False
0.0,30,455482.981488,False
3.0,30,455526.435077,True
0.0,30,455570.458524,False
2.7,30,455617.332824,True
2.7,30,455667.279219,True
2.7,30,455716.617441,True
0.0,30,455760.103185,False
0.0,30,455809.034824,False
0.0,30,455858.620969,False
2.6,30,455904.369307,True
2.5,30,455950.098291,True
2.8,30,455995.721115,True
0.0,30,456043.93197,False
0.0,30,456089.148702,False
2.5,30,456132.971533,True
2.6,30,456178.967501,True
0.0,30,456227.691331,False
0.0,30,456563.673747,False
0.0,30,456609.29271,False
2.3,30,456651.16597,True
2.8,30,456697.990415,True
0.0,30,456740.93492,False
0.0,30,456783.270708,False
0.0,30,456831.078486,False
0.0,30,456873.08193,False
0.2,30,456918.896562,True
0.0,30,456964.231506,False
0.0,30,457012.574465,False
2.7,30,457060.413367,True
2.9,30,457109.395343,True
0.0,30,457156.767851,False
0.0,30,457199.038187,False
0.3,30,457243.888361,False
2.6,30,457295.061995,True
2.7,30,457340.109895,True
0.0,30,457390.408579,False
0.0,30,457437.944364,False
0.0,30,457484.809281,False
3.0,30,457529.091643,True
0.0,30,457575.109783,False
2.2,30,457620.676421,True
0.0,30,457663.067046,False
2.5,30,457711.628853,True
1.6,30,457760.145067,True
0.0,30,457803.884388,False
0.0,30,457851.449395,False
2.7,30,457901.886,True
2.9,30,457944.808723,True
0.0,30,457986.276296,False
0.0,30,458029.427629,False
0.0,30,458077.792006,False
0.0,30,458398.412703,False
0.8,30,458441.685503,True
2.6,30,458490.382,True
0.0,30,458535.000843,False
2.3,30,458581.835938,True
0.0,30,458629.047727,False
2.3,30,458676.938759,True
0.0,30,458728.499455,False
2.6,30,458779.079856,True
0.0,30,458822.12407,False
0.0,30,458866.374328,False
0.0,30,458912.276938,False
2.7,30,458956.136783,True
0.0,30,458996.24994,False
0.0,30,459038.721088,False
2.8,30,459087.852856,True
0.0,30,459139.589775,False
0.0,30,459187.101622,False
0.0,30,459233.531786,False
0.0,30,459281.99897,False
1.8,30,459330.240503,False
2.9,30,459370.950894,True
0.0,30,459421.843928,False
0.0,30,459471.745941,False
0.0,30,459519.246959,False
0.0,30,459557.542741,False
2.8,30,459602.192876,True
0.0,30,459648.398932,False
0.0,30,459691.597736,False
0.0,30,459738.997805,False
0.0,30,459785.211966,False
2.8,30,459830.615918,True
1.6,30,459874.101101,True
0.0,30,459925.688601,False
0.0,30,459968.315641,False
3.0,30,460310.221556,True
2.4,30,460354.500427,True
2.3,30,460399.81471,True
2.4,30,460452.200757,True
2.6,30,460494.090944,True
1.8,30,460536.379815,True
2.9,30,460578.973115,True
3.0,30,460627.283287,True
2.6,30,460672.299624,True
0.0,30,460726.330429,False
3.0,30,460773.573683,True
0.0,30,460822.510995,False
0.0,30,460869.076019,False
0.0,30,460913.064317,False
1.1,30,460959.149272,True
0.0,30,461009.000068,False
0.0,30,461055.068997,False
1.4,30,461098.551567,False
2.4,30,461145.888331,True
0.0,30,461202.126185,False
2.8,30,461248.590966,True
0.0,30,461297.480096,False
2.3,30,461343.156404,True
2.7,30,461385.055705,True
0.0,30,461426.753951,False
0.0,30,461471.57581,False
0.0,30,461515.092926,False
0.0,30,461556.559467,False
3.0,30,461605.52724,True
0.0,30,461653.292458,False
2.3,30,461699.010302,True
2.0,30,461747.355718,True
0.0,30,461797.07996,False
2.4,30,461841.511269,True
0.0,30,462173.493922,False
2.4,30,462221.73739,True
2.6,30,462267.165346,True
0.0,30,462311.228604,False
2.7,30,462363.326649,True
2.7,30,462412.391982,True
0.0,30,462469.514644,False
2.8,30,462518.020092,True
0.0,30,462562.955553,False
2.9,30,462608.606569,True
0.0,30,462654.517692,False
2.4,30,462697.090891,True
0.0,30,462743.366682,False
0.0,30,462787.282281,False
0.0,30,462836.649214,False
0.0,30,462888.653999,False
2.5,30,462933.702193,True
2.6,30,462973.642135,True
2.7,30,463013.351993,True
0.0,30,463057.056232,False
2.3,30,463105.134925,True
0.0,30,463150.744358,False
2.2,30,463195.487363,True
1.9,30,463241.761305,False
0.0,30,463290.594459,False
0.0,30,463333.686737,False
0.0,30,463377.392744,False
1.9,30,463421.830578,True
0.0,30,463465.256234,False
0.0,30,463509.790937,False
0.0,30,463558.757625,False
3.0,30,463617.926317,True
2.7,30,463661.783309,True
2.6,30,463709.603019,True
2.1,30,464056.555195,True
2.6,30,464105.433661,True
0.0,30,464149.032404,False
0.0,30,464195.185424,False
0.0,30,464237.811112,False
2.4,30,464284.033213,True
0.0,30,464323.706619,False
0.0,30,464371.498246,False
2.5,30,464418.008627,True
0.0,30,464464.886652,False
0.0,30,464506.959986,False
2.7,30,464551.762302,True
2.4,30,464596.770085,True
0.0,30,464642.686536,False
0.0,30,464688.899627,False
2.7,30,464734.193393,True
2.9,30,464781.901126,True
0.0,30,464830.304781,False
0.0,30,464874.544363,False
2.5,30,464925.467393,True
2.8,30,464972.638936,True
2.3,30,465021.774882,True
0.0,30,465068.811239,False
0.0,30,465122.714382,False
0.0,30,465170.322037,False
2.8,30,465211.459972,True
2.6,30,465251.634061,True
2.4,30,465297.329315,True
0.0,30,465342.594528,False
0.0,30,465386.047847,False
2.6,30,465429.202806,True
0.0,30,465474.090749,False
3.0,30,465519.165368,True
2.5,30,465568.333187,True
0.0,30,465921.302469,False
0.0,30,465967.764427,False
2.3,30,466011.894423,True
0.0,30,466058.11345,False
3.0,30,466108.503932,True
0.0,30,466155.898794,False
2.6,30,466206.643441,True
2.4,30,466252.231337,True
0.0,30,466300.290454,False
0.0,30,466344.260506,False
0.4,30,466390.375858,False
0.0,30,466434.008138,False
3.0,30,466484.576184,True
0.0,30,466533.467559,False
0.0,30,466577.107287,False
0.0,30,466629.008935,False
0.0,30,466668.875074,False
2.8,30,466720.667901,True
2.7,30,466768.407545,True
3.0,30,466812.894148,True
2.6,30,466860.299699,True
0.0,30,466907.717521,False
1.9,30,466956.311885,True
0.0,30,467002.38654,False
2.3,30,467043.469623,True
2.3,30,467088.796844,True
2.9,30,467138.373888,True
0.0,30,467183.242997,False
3.0,30,467230.397968,True
2.6,30,467277.092108,True
2.7,30,467323.756167,True
0.0,30,467368.883791,False
0.0,30,467410.853125,False
0.0,30,467455.209479,False
0.0,30,467817.778352,False
2.6,30,467863.990904,True
0.0,30,467911.183349,False
2.2,30,467957.10563,True
0.0,30,468005.081015,False
0.0,30,468055.407898,False
0.0,30,468105.039553,False
1.5,30,468147.317726,False
3.0,30,468194.736021,True
1.3,30,468240.256061,True
3.0,30,468285.239755,True
3.0,30,468327.564884,True
2.4,30,468377.683803,True
2.2,30,468422.669764,True
2.7,30,468471.429163,True
0.0,30,468517.103656,False
0.0,30,468565.351041,False
2.3,30,468608.626281,True
0.1,30,468658.16335,False
2.7,30,468706.032703,True
0.0,30,468750.204237,False
0.9,30,468792.387545,True
2.8,30,468837.953483,True
2.7,30,468884.00895,True
0.0,30,468937.469006,False
2.6,30,468986.98631,True
0.0,30,469033.164289,False
3.0,30,469079.351338,True
2.8,30,469122.053784,True
2.9,30,469169.987599,True
2.9,30,469227.123162,True
0.0,30,469276.929127,False
2.6,30,469321.080698,True
3.0,30,469364.587053,True
2.7,30,469707.541076,True
0.0,30,469755.698936,False
2.6,30,469806.154159,True
2.7,30,469852.743444,True
2.6,30,469892.27571,True
2.7,30,469940.038837,True
2.4,30,469990.223558,True
0.0,30,470039.557613,False
2.3,30,470098.434756,True
2.5,30,470143.567492,True
0.0,30,470207.714516,False
0.0,30,470255.309457,False
0.0,30,470299.05313,False
1.1,30,470345.501407,True
2.9,30,470391.698354,True
0.0,30,470441.507836,False
0.0,30,470495.483485,False
0.0,30,470539.0297,False
3.0,30,470588.178113,True
0.0,30,470636.308913,False
0.0,30,470685.345527,False
0.0,30,470737.287558,False
2.7,30,470788.326608,True
1.3,30,470835.409645,True
0.0,30,470878.026937,False
0.1,30,470935.646058,True
0.9,30,470977.703143,True
0.0,30,471023.163228,False
2.4,30,471068.863118,False
0.0,30,471134.992253,False
2.5,30,471184.808304,True
0.0,30,471233.202797,False
0.0,30,471278.703899,False
2.2,30,471324.274562,True
2.4,30,471649.572069,True
0.0,30,471696.909058,False
0.0,30,471747.386039,False
1.2,30,471796.238964,True
0.0,30,471843.592919,False
2.5,30,471893.252069,True
0.0,30,471937.97196,False
3.0,30,471982.391284,True
1.0,30,472027.46724,True
0.0,30,472075.10067,False
2.8,30,472117.989833,True
0.0,30,472170.331981,False
0.0,30,472213.84392,False
0.0,30,472283.791417,False
0.0,30,472334.321893,False
0.0,30,472387.110605,False
2.6,30,472432.735937,True
0.0,30,472478.45079,False
2.6,30,472522.980793,True
1.7,30,472570.678784,True
2.6,30,472614.282255,True
2.9,30,472659.246453,True
0.0,30,472705.047644,False
2.6,30,472757.084707,True
2.7,30,472809.786827,True
2.5,30,472864.048952,True
2.3,30,472910.241809,True
2.1,30,472959.084615,True
2.3,30,473009.784088,True
0.0,30,473058.300663,False
2.8,30,473109.452902,True
0.0,30,473155.676401,False
0.0,30,473204.115468,False
0.0,30,473249.43516,False
0.0,30,473576.232637,False
0.0,30,473624.610895,False
0.8,30,473672.085298,True
2.1,30,473719.630969,False
2.7,30,473767.422628,True
3.0,30,473808.164403,True
0.0,30,473854.024672,False
0.0,30,473896.297365,False
0.0,30,473940.728741,False
2.3,30,473989.818523,True
2.5,30,474037.727917,True
3.0,30,474084.952586,True
2.2,30,474134.244576,True
0.0,30,474180.709161,False
0.0,30,474225.265098,False
2.7,30,474270.092074,True
0.0,30,474316.146864,False
2.8,30,474358.361668,True
0.0,30,474404.111621,False
2.5,30,474452.126332,True
2.8,30,474499.962529,True
0.0,30,474548.449816,False
0.0,30,474594.799309,False
2.8,30,474637.183526,True
0.0,30,474695.19031,False
2.9,30,474742.073611,True
0.0,30,474789.847869,False
2.9,30,474835.506998,True
2.6,30,474887.275515,True
2.5,30,474935.927228,True
0.0,30,474985.663437,False
2.8,30,475037.765832,True
0.0,30,475081.486499,False
0.0,30,475139.105185,False
2.4,30,475188.497586,True
0.0,30,475527.166917,False
0.0,30,475574.155861,False
2.5,30,475619.433639,True
2.8,30,475669.739168,True
2.9,30,475720.28647,True
2.7,30,475766.891507,True
2.5,30,475812.451298,True
2.4,30,475858.124722,True
0.0,30,475908.221446,False
2.6,30,475952.886182,True
0.0,30,475997.391497,False
0.0,30,476036.836274,False
2.9,30,476085.463639,True
0.0,30,476137.029007,False
0.0,30,476181.587013,False
0.0,30,476227.265857,False
0.0,30,476274.380469,False
0.0,30,476320.072781,False
2.6,30,476366.523008,True
2.8,30,476416.45968,True
2.8,30,476467.310366,True
2.2,30,476511.488845,True
0.0,30,476559.554241,False
2.6,30,476606.119565,True
3.0,30,476650.902956,True
0.0,30,476697.447481,False
0.0,30,476742.137094,False
2.8,30,476785.960919,True
0.0,30,476831.916245,False
1.9,30,476880.67554,True
2.5,30,476922.591901,True
0.0,30,476971.131439,False
0.0,30,477017.568784,False
2.1,30,477069.758509,True
0.0,30,477381.436798,False
2.3,30,477429.60402,True
2.7,30,477478.38405,True
0.0,30,477523.904426,False
0.0,30,477564.146552,False
2.5,30,477607.656149,True
2.2,30,477652.505442,True
0.0,30,477698.245221,False
2.3,30,477745.817197,True
0.0,30,477797.619024,False
2.8,30,477846.963915,True
2.4,30,477886.659763,True
2.5,30,477926.985032,True
0.0,30,477971.519106,False
3.0,30,478015.161737,True
0.0,30,478076.075693,False
2.5,30,478117.989063,True
2.2,30,478176.060955,True
0.0,30,478229.705909,False
2.9,30,478274.815972,True
2.6,30,478318.984241,True
0.0,30,478364.602239,False
2.8,30,478414.302992,True
0.0,30,478471.219671,False
0.0,30,478518.880432,False
0.0,30,478560.709767,False
0.0,30,478604.782967,False
1.6,30,478645.344614,True
0.0,30,478690.777634,False
0.0,30,478734.564167,False
1.0,30,478778.636019,True
0.0,30,478826.21324,False
2.1,30,478870.016944,True
0.0,30,478922.667062,False
0.0,30,479242.093927,False
2.6,30,479285.316358,True
0.0,30,479328.514955,False
0.0,30,479372.56783,False
1.0,30,479415.125279,False
0.0,30,479462.171664,False
0.0,30,479505.537174,False
2.7,30,479549.262029,True
2.3,30,479596.302943,True
0.0,30,479643.868773,False
0.0,30,479696.079916,False
0.0,30,479745.545865,False
3.0,30,479792.815778,True
2.8,30,479838.194944,True
0.4,30,479882.74602,False
2.1,30,479930.100316,True
2.7,30,479974.730102,True
0.0,30,480019.596564,False
0.0,30,480067.499111,False
2.5,30,480116.624228,True
2.7,30,480160.455474,True
0.0,30,480208.30671,False
0.0,30,480257.41418,False
0.0,30,480301.853434,False
2.1,30,480345.732987,True
0.0,30,480389.654658,False
0.0,30,480433.192556,False
2.9,30,480475.050172,True
2.4,30,480520.581441,True
2.3,30,480587.096441,True
0.0,30,480629.923577,False
0.0,30,480674.257685,False
0.0,30,480727.683007,False
0.0,30,480773.875623,False
2.7,30,481114.874146,True
1.8,30,481158.53074,True
0.0,30,481206.304996,False
2.6,30,481252.988823,True
0.0,30,481302.565086,False
2.6,30,481347.737562,True
0.0,30,481396.832755,False
2.8,30,481444.775635,True
2.6,30,481483.888784,True
2.1,30,481530.475426,True
2.9,30,481584.431277,True
0.0,30,481627.91454,False
0.3,30,481675.809588,True
0.0,30,481720.310487,False
0.0,30,481768.797084,False
2.7,30,481823.345689,True
0.0,30,481870.208289,False
3.0,30,481915.439565,True
0.0,30,481962.098613,False
0.0,30,482008.907769,False
0.0,30,482051.354247,False
0.0,30,482105.188405,False
0.0,30,482155.433472,False
0.0,30,482200.054742,False
0.0,30,482244.367284,False
0.0,30,482284.879958,False
0.4,30,482329.030762,False
3.0,30,482373.525092,True
0.0,30,482418.207778,False
2.8,30,482462.903446,True
2.2,30,482510.747646,True
2.7,30,482558.371861,True
2.0,30,482606.10881,True
0.0,30,482653.203736,False
0.0,30,482984.750671,False
0.0,30,483031.294593,False
0.0,30,483077.881291,False
0.0,30,483127.044556,False
2.7,30,483170.890159,True
2.2,30,483219.198278,True
0.0,30,483260.250612,False
2.9,30,483301.204292,True
0.0,30,483358.427729,False
2.3,30,483400.678353,True
0.0,30,483444.767059,False
2.1,30,483490.502404,True
2.6,30,483536.712648,True
2.8,30,483582.017032,True
0.0,30,483625.246835,False
1.9,30,483671.8664,True
0.0,30,483718.624878,False
0.0,30,483767.205319,False
0.0,30,483812.366576,False
1.4,30,483859.731161,True
0.0,30,483906.857687,False
0.0,30,483958.278478,False
0.0,30,484001.372449,False
3.0,30,484050.608015,True
2.6,30,484101.69162,True
1.8,30,484149.965398,True
1.0,30,484199.340086,True
0.0,30,484247.224348,False
2.1,30,484296.354709,True
0.0,30,484338.443252,False
2.8,30,484383.288789,True
2.6,30,484432.964004,True
2.8,30,484476.917803,True
0.0,30,484522.373356,False
0.0,30,484865.844399,False
0.0,30,484913.332669,False
3.0,30,484959.798783,True
0.0,30,485009.404232,False
0.0,30,485053.039388,False
2.6,30,485098.600652,True
0.0,30,485144.55529,False
0.0,30,485190.624454,False
2.9,30,485240.377477,True
0.0,30,485287.74588,False
0.0,30,485332.311377,False
0.0,30,485375.610939,False
2.1,30,485417.062574,True
0.0,30,485466.837993,False
1.1,30,485512.530927,True
2.2,30,485562.651525,True
0.0,30,485606.666443,False
0.8,30,485651.371706,False
0.0,30,485700.994164,False
1.9,30,485744.000272,True
0.0,30,485795.501873,False
0.0,30,485842.232753,False
2.2,30,485886.210561,True
0.0,30,485929.335963,False
2.0,30,485972.37265,True
2.0,30,486021.490855,True
0.0,30,486070.417565,False
2.6,30,486122.606234,True
0.0,30,486169.157375,False
0.6,30,486217.593898,True
0.0,30,486268.950365,False
0.0,30,486311.628993,False
0.0,30,486358.473996,False
2.5,30,486400.473063,True
2.7,30,486734.17919,True
2.6,30,486777.26518,True
1.7,30,486821.409841,True
0.0,30,486865.087241,False
0.0,30,486911.476217,False
0.0,30,486957.684047,False
0.0,30,487005.54462,False
2.7,30,487044.914257,True
2.7,30,487087.919563,True
2.7,30,487140.084733,True
2.7,30,487188.133219,True
0.0,30,487233.553174,False
2.5,30,487279.06128,True
3.0,30,487328.012833,True
2.9,30,487376.997837,True
2.6,30,487422.752864,True
2.6,30,487468.445037,True
0.0,30,487511.381299,False
2.9,30,487557.8138,True
1.9,30,487603.956044,True
1.5,30,487663.532413,True
2.9,30,487711.407164,True
2.7,30,487752.145407,True
0.0,30,487797.74189,False
1.3,30,487845.315625,False
2.1,30,487888.744271,True
1.4,30,487940.643377,True
2.2,30,487996.174446,True
0.0,30,488043.269166,False
0.0,30,488087.589328,False
2.8,30,488136.21265,True
3.0,30,488185.792112,True
0.0,30,488233.336749,False
0.0,30,488284.547184,False
2.7,30,488326.342859,True
0.0,30,488627.897022,False
2.7,30,488674.131052,True
0.0,30,488718.962491,False
2.8,30,488763.579983,True
2.8,30,488805.652897,True
2.1,30,488852.675606,True
0.0,30,488903.999608,False
3.0,30,488948.167727,True
0.0,30,488998.596897,False
2.9,30,489040.176369,True
0.0,30,489084.958755,False
0.0,30,489135.490435,False
0.0,30,489182.553818,False
2.6,30,489230.322916,True
2.8,30,489282.84372,True
0.0,30,489329.123785,False
0.0,30,489371.964919,False
2.8,30,489415.053345,True
0.0,30,489458.66797,False
0.0,30,489509.881744,False
0.0,30,489552.816008,False
0.0,30,489605.851108,False
0.0,30,489648.342711,False
2.7,30,489690.169663,True
2.6,30,489742.422804,True
0.0,30,489786.310721,False
0.0,30,489833.1305,False
0.0,30,489874.349685,False
0.0,30,489920.172743,False
2.9,30,489968.404554,True
0.0,30,490014.475293,False
0.0,30,490062.668607,False
0.0,30,490107.171232,False
2.9,30,490147.470224,True
0.0,30,490456.696416,False
1.6,30,490502.610631,True
0.0,30,490554.779907,False
3.0,30,490601.613756,True
0.0,30,490648.069689,False
0.0,30,490705.169302,False
0.0,30,490753.349271,False
0.0,30,490802.792273,False
2.3,30,490844.939682,True
2.2,30,490893.274202,True
2.8,30,490942.053578,True
2.5,30,490987.341007,True
2.6,30,491030.844506,True
0.0,30,491076.985943,False
0.0,30,491130.620607,False
2.8,30,491179.346075,True
2.6,30,491229.958375,True
0.0,30,491276.386498,False
0.0,30,491328.879305,False
2.6,30,491370.801859,True
0.0,30,491421.388981,False
0.0,30,491467.573635,False
3.0,30,491514.834424,True
0.0,30,491561.997863,False
0.0,30,491612.708865,False
1.5,30,491658.856348,False
0.0,30,491710.847783,False
0.0,30,491751.156777,False
0.0,30,491796.094219,False
0.0,30,491840.018648,False
0.0,30,491889.341743,False
2.6,30,491935.991422,True
2.4,30,491977.128261,True
0.0,30,492021.599838,False
0.0,30,492348.858397,False
0.0,30,492399.35742,False
2.9,30,492450.54501,True
2.9,30,492513.176807,True
2.5,30,492553.977413,True
2.2,30,492598.94224,True
0.0,30,492643.960142,False
2.6,30,492689.803057,True
2.5,30,492744.982934,True
2.3,30,492788.874636,True
2.4,30,492836.466696,True
0.0,30,492878.176405,False
0.0,30,492923.320888,False
2.4,30,492978.953635,True
0.0,30,493022.336477,False
2.4,30,493066.33637,True
2.5,30,493110.910117,True
0.0,30,493155.76039,False
2.6,30,493201.302474,True
2.0,30,493249.904751,True
0.0,30,493294.854362,False
0.0,30,493341.230892,False
1.7,30,493389.194608,True
2.5,30,493433.42436,True
0.0,30,493479.217578,False
2.5,30,493533.598316,True
3.0,30,493582.565874,True
2.7,30,493625.355309,True
2.3,30,493670.480407,True
0.0,30,493717.464973,False
0.0,30,493761.095379,False
0.0,30,493805.573111,False
2.7,30,493848.595982,True
2.5,30,493890.906454,True
0.0,30,494234.956694,False
2.5,30,494289.042221,True
0.0,30,494332.302639,False
0.0,30,494374.676378,False
2.1,30,494431.557184,True
2.7,30,494480.39008,True
0.0,30,494525.965703,False
0.0,30,494569.821855,False
2.2,30,494616.979664,True
2.5,30,494662.841512,True
0.0,30,494704.977319,False
2.7,30,494749.950723,True
0.0,30,494815.870918,False
1.6,30,494869.735206,True
0.0,30,494917.406407,False
2.8,30,494964.361373,True
2.0,30,495009.928267,True
2.3,30,495053.921703,True
0.0,30,495101.589423,False
1.8,30,495154.587737,True
2.8,30,495200.126274,True
3.0,30,495247.158051,True
0.0,30,495290.382538,False
0.0,30,495342.937689,False
0.0,30,495385.530956,False
0.0,30,495437.467916,False
2.6,30,495478.405051,True
2.6,30,495522.817175,True
0.0,30,495568.109448,False
2.4,30,495612.984476,True
3.0,30,495663.668778,True
0.0,30,495708.02615,False
2.9,30,495760.130966,True
1.6,30,495805.693324,False
0.0,30,496135.403371,False
2.8,30,496179.170731,True
0.0,30,496226.426263,False
2.7,30,496270.442536,True
0.0,30,496313.901575,False
2.5,30,496356.555094,True
0.0,30,496404.021135,False
2.6,30,496445.748574,True
0.0,30,496493.979112,False
0.0,30,496540.277058,False
0.0,30,496587.322969,False
2.8,30,496632.229232,True
2.4,30,496683.283612,True
0.0,30,496736.049794,False
0.0,30,496784.192075,False
1.3,30,496824.650665,True
2.9,30,496869.84926,True
2.8,30,496914.180531,True
0.8,30,496968.795229,True
0.0,30,497013.359608,False
0.0,30,497060.533485,False
1.8,30,497105.72876,True
2.7,30,497150.16606,True
0.0,30,497202.699884,False
0.0,30,497246.368118,False
0.0,30,497297.431705,False
0.0,30,497344.319784,False
2.6,30,497392.352219,True
0.0,30,497440.386518,False
2.5,30,497488.436391,True
0.0,30,497534.271876,False
2.5,30,497575.93268,True
2.4,30,497627.227968,True
2.5,30,497669.868023,True
0.0,30,497988.520658,False
0.0,30,498034.270658,False
0.0,30,498079.7148,False
0.0,30,498124.167832,False
2.8,30,498166.546225,True
0.0,30,498208.198929,False
2.6,30,498267.781301,True
2.8,30,498311.843626,True
0.0,30,498359.749494,False
0.0,30,498404.801963,False
0.0,30,498446.620003,False
0.0,30,498492.282517,False
0.0,30,498534.79127,False
2.1,30,498585.664876,True
0.6,30,498634.4711,True
2.7,30,498678.439037,True
2.7,30,498722.666267,True
0.0,30,498762.14864,False
2.8,30,498802.123711,True
0.0,30,498845.879779,False
0.0,30,498893.042357,False
0.0,30,498934.115775,False
2.8,30,498980.5697,True
0.0,30,499024.013963,False
1.1,30,499067.761921,False
0.0,30,499111.907615,False
2.5,30,499160.173347,True
0.0,30,499206.844912,False
0.0,30,499246.317863,False
0.0,30,499291.119262,False
0.0,30,499330.401479,False
2.1,30,499376.731879,True
0.0,30,499426.77394,False
0.0,30,499475.645861,False
0.0,30,499813.519072,False
2.5,30,499858.461046,True
1.6,30,499902.925418,True
0.0,30,499949.210884,False
2.8,30,500005.118992,True
0.0,30,500044.785096,False
0.0,30,500086.660317,False
2.8,30,500134.111514,True
0.0,30,500180.061407,False
2.8,30,500225.357591,True
1.1,30,500273.638613,True
2.9,30,500317.026403,True
2.0,30,500361.054016,True
2.7,30,500407.723792,True
0.0,30,500457.619644,False
2.5,30,500503.400693,True
2.7,30,500551.945522,True
2.3,30,500596.999805,True
2.8,30,500644.632861,True
0.0,30,500694.797969,False
2.6,30,500740.896137,True
2.5,30,500787.696436,True
2.0,30,500828.698869,True
0.0,30,500882.420147,False
2.6,30,500927.134969,True
0.0,30,500980.606325,False
1.7,30,501025.970659,False
3.0,30,501069.074275,True
2.1,30,501109.483944,True
0.0,30,501158.380459,False
0.0,30,501205.032702,False
0.0,30,501249.901618,False
0.0,30,501290.143503,False
2.5,30,501333.108194,True
0.0,30,501701.589455,False
2.3,30,501750.372539,True
0.8,30,501799.609581,True
0.0,30,501853.292328,False
0.0,30,501898.788925,False
0.0,30,501949.6652,False
2.5,30,502000.02377,True
0.0,30,502051.134258,False
2.4,30,502098.056729,True
0.0,30,502146.754755,False
0.0,30,502193.703168,False
2.8,30,502239.518245,True
2.6,30,502286.073985,True
2.4,30,502335.187001,True
2.5,30,502379.421774,True
2.6,30,502431.942245,True
0.0,30,502477.323777,False
1.3,30,502526.944895,True
0.4,30,502569.743078,True
2.8,30,502613.811582,True
0.0,30,502657.827165,False
0.0,30,502703.358527,False
2.3,30,502753.206068,True
3.0,30,502801.271101,True
0.0,30,502849.798448,False
2.6,30,502892.783496,True
1.7,30,502937.903296,True
2.8,30,502981.121756,True
0.0,30,503026.596466,False
0.0,30,503073.187726,False
2.2,30,503126.965021,True
3.0,30,503170.880747,True
0.0,30,503217.779533,False
2.6,30,503264.440436,True
0.0,30,503302.153165,False
0.0,30,503654.15685,False
0.0,30,503703.829482,False
0.0,30,503757.180196,False
0.0,30,503808.216611,False
0.0,30,503860.27121,False
2.7,30,503906.394403,True
0.0,30,503956.398329,False
2.1,30,504000.936934,True
2.8,30,504046.435429,True
2.6,30,504091.967193,True
3.0,30,504141.156819,True
0.0,30,504188.67978,False
2.4,30,504237.12386,True
0.0,30,504279.72573,False
2.7,30,504326.438596,True
2.2,30,504373.562711,True
0.4,30,504424.249524,True
1.3,30,504469.673593,True
0.0,30,504521.330267,False
1.1,30,504569.608935,True
3.0,30,504621.647375,True
0.0,30,504664.244873,False
2.5,30,504708.537898,True
1.9,30,504754.785552,True
0.0,30,504801.98921,False
2.9,30,504859.325003,True
2.9,30,504906.696168,True
0.0,30,504953.099639,False
0.0,30,504995.404195,False
0.0,30,505039.610911,False
0.0,30,505090.15885,False
0.0,30,505134.566609,False
2.8,30,505183.559714,True
0.0,30,505226.432542,False
0.0,30,505572.129554,False
2.5,30,505618.070424,True
0.0,30,505666.359265,False
2.4,30,505713.62252,True
1.6,30,505758.418777,True
0.0,30,505805.529367,False
0.0,30,505848.224103,False
2.6,30,505898.677169,True
2.9,30,505950.644034,True
2.9,30,505994.633973,True
0.0,30,506039.648725,False
2.8,30,506086.958781,True
0.0,30,506131.387872,False
2.8,30,506171.221484,True
2.2,30,506218.718595,True
0.0,30,506270.442343,False
2.1,30,506316.505583,True
0.8,30,506373.973532,False
2.1,30,506420.98807,True
2.0,30,506464.270711,True
2.9,30,506507.294996,True
3.0,30,506561.766409,True
0.0,30,506609.2787,False
0.0,30,506659.878496,False
3.0,30,506705.435335,True
2.6,30,506749.657453,True
1.5,30,506795.003344,True
0.0,30,506861.130734,False
0.0,30,506913.089009,False
0.0,30,506961.365311,False
0.0,30,507006.409562,False
2.5,30,507054.20238,True
2.5,30,507103.860415,True
0.0,30,507149.830575,False
2.4,30,507510.375709,True
0.0,30,507556.818159,False
2.1,30,507605.181537,True
0.0,30,507655.381888,False
0.0,30,507713.20668,False
0.0,30,507763.030448,False
0.0,30,507806.920901,False
1.4,30,507852.548548,True
0.0,30,507903.416395,False
0.0,30,507947.393751,False
0.0,30,507990.347346,False
0.0,30,508034.554129,False
2.6,30,508076.961685,True
0.0,30,508123.499676,False
0.0,30,508169.087833,False
0.0,30,508220.127925,False
2.3,30,508264.212869,True
0.0,30,508304.855583,False
2.8,30,508352.50244,True
0.0,30,508403.288483,False
2.3,30,508448.180641,True
2.5,30,508495.04867,True
0.0,30,508540.987483,False
0.0,30,508590.670645,False
0.0,30,508639.518366,False
0.0,30,508689.467298,False
0.0,30,508733.173552,False
3.0,30,508772.751338,True
2.8,30,508823.156042,True
2.8,30,508875.1156,True
2.8,30,508921.288501,True
1.9,30,508960.971672,True
0.0,30,509005.478115,False
0.0,30,509047.04309,False
2.4,30,509437.65344,True
0.0,30,509484.560917,False
0.0,30,509540.178812,False
2.8,30,509600.120125,True
2.3,30,509648.890379,True
0.0,30,509697.971547,False
2.5,30,509749.829397,True
0.0,30,509801.641022,False
2.6,30,509868.893542,True
0.0,30,509914.21122,False
2.8,30,509960.020096,True
2.8,30,510013.19143,True
2.9,30,510056.510616,True
0.0,30,510099.525406,False
2.9,30,510144.974537,True
0.0,30,510188.854433,False
1.5,30,510233.052009,False
2.6,30,510278.008238,True
0.0,30,510318.991832,False
2.8,30,510365.22046,True
0.0,30,510414.712048,False
0.0,30,510470.15699,False
2.6,30,510516.890995,True
0.3,30,510564.754242,True
2.2,30,510608.469373,True
0.0,30,510656.884471,False
2.9,30,510705.094176,True
0.0,30,510744.765622,False
1.6,30,510789.091523,True
2.9,30,510833.640774,True
0.0,30,510878.190717,False
2.6,30,510921.110027,True
0.0,30,510970.436349,False
0.0,30,511018.92447,False
2.3,30,511394.060943,True
2.8,30,511441.107211,True
0.0,30,511486.298666,False
0.0,30,511536.577077,False
0.0,30,511578.774968,False
2.2,30,511629.773043,True
2.7,30,511677.200619,True
2.4,30,511722.495671,True
1.4,30,511779.958956,True
0.0,30,511821.504173,False
0.0,30,511865.953898,False
0.0,30,511912.296658,False
2.6,30,511957.081987,True
0.0,30,512007.175283,False
0.7,30,512050.308137,True
2.3,30,512096.614918,True
0.0,30,512141.930994,False
0.4,30,512191.788635,True
0.0,30,512246.340432,False
0.0,30,512301.440485,False
0.0,30,512343.731699,False
0.0,30,512393.944771,False
2.8,30,512441.194422,True
2.1,30,512494.147318,False
0.0,30,512541.149445,False
0.0,30,512592.3076,False
0.0,30,512639.6364,False
0.0,30,512686.031939,False
0.0,30,512730.277658,False
2.4,30,512774.266338,True
2.4,30,512827.062399,True
1.0,30,512877.039337,True
0.0,30,512925.582846,False
2.7,30,512971.055026,True
2.6,30,513327.14164,True
0.0,30,513366.784177,False
0.0,30,513414.047981,False
2.3,30,513462.362349,True
2.7,30,513516.829458,True
3.0,30,513564.84544,True
2.1,30,513611.036593,True
0.0,30,513655.997826,False
0.0,30,513705.068633,False
0.0,30,513755.900537,False
0.0,30,513802.407507,False
2.3,30,513846.202535,True
2.7,30,513891.10733,True
0.0,30,513934.552884,False
2.1,30,513979.322313,True
2.8,30,514030.293898,True
3.0,30,514079.248914,True
2.4,30,514132.032354,True
0.0,30,514181.686526,False
0.0,30,514230.691566,False
0.0,30,514280.396303,False
0.0,30,514323.04547,False
0.0,30,514370.68343,False
3.0,30,514421.623989,True
0.0,30,514468.25512,False
0.0,30,514512.692143,False
0.0,30,514558.117039,False
2.4,30,514601.405772,True
2.7,30,514648.079515,True
0.0,30,514700.054308,False
0.0,30,514750.632058,False
1.7,30,514797.412659,True
2.7,30,514860.21899,True
2.4,30,514907.540906,True
2.1,30,515272.98208,True
2.6,30,515319.961963,True
0.0,30,515365.662484,False
0.0,30,515411.429892,False
2.3,30,515461.749648,True
2.6,30,515506.125163,True
2.4,30,515553.671561,True
2.4,30,515601.879693,True
0.0,30,515652.856914,False
2.5,30,515696.128018,True
0.0,30,515747.620482,False
0.0,30,515794.551576,False
2.6,30,515841.733097,True
0.0,30,515890.900568,False
2.7,30,515938.989399,True
2.7,30,515983.817825,True
0.0,30,516032.638184,False
0.0,30,516083.591439,False
0.0,30,516129.06122,False
2.6,30,516171.375126,True
0.9,30,516214.056158,True
2.9,30,516260.571123,True
2.8,30,516332.506156,True
2.5,30,516383.849923,True
0.0,30,516426.848638,False
1.6,30,516471.45065,True
2.8,30,516523.677219,True
0.0,30,516575.416047,False
1.7,30,516635.935433,True
0.0,30,516678.473917,False
3.0,30,516724.380119,True
0.0,30,516775.769483,False
2.7,30,516824.866119,True
1.2,30,516879.551798,True
2.7,30,516927.589512,True
0.0,30,517286.597934,False
0.0,30,517334.106745,False
0.0,30,517379.792784,False
2.6,30,517423.124717,True
1.5,30,517467.268986,True
0.0,30,517514.399836,False
0.0,30,517554.490525,False
2.2,30,517600.973179,False
2.7,30,517647.499689,True
2.8,30,517707.740091,True
2.9,30,517755.302891,True
0.0,30,517801.960117,False
1.2,30,517846.799517,False
2.6,30,517894.63469,True
2.8,30,517942.011358,True
0.0,30,517990.684116,False
0.0,30,518039.683276,False
0.0,30,518086.391201,False
2.3,30,518137.69894,True
0.0,30,518190.539559,False
0.0,30,518238.746112,False
0.0,30,518282.467719,False
0.0,30,518328.738242,False
0.0,30,518373.462248,False
1.6,30,518425.148913,True
0.0,30,518471.129088,False
0.0,30,518521.903936,False
1.9,30,518571.800322,True
0.0,30,518616.18089,False
0.0,30,518665.11822,False
0.0,30,518710.989559,False
0.0,30,518759.808652,False
0.0,30,518809.155299,False
2.6,30,518856.936332,True
2.4,30,519214.772278,True
2.6,30,519266.930624,True
0.0,30,519308.339483,False
1.0,30,519352.716652,True
2.9,30,519402.144674,True
0.0,30,519443.456536,False
2.8,30,519486.614365,True
0.0,30,519534.221648,False
2.6,30,519581.853738,True
0.0,30,519630.015304,False
0.0,30,519676.525746,False
2.1,30,519724.654923,True
0.0,30,519768.349795,False
0.0,30,519819.320373,False
0.0,30,519868.975496,False
1.7,30,519922.307892,True
2.8,30,519970.902894,True
2.8,30,520020.506592,True
0.0,30,520060.275824,False
0.0,30,520107.442106,False
2.1,30,520156.964526,True
0.0,30,520200.328909,False
3.0,30,520247.734355,True
2.7,30,520303.816277,True
2.7,30,520351.443002,True
1.2,30,520399.936101,True
0.0,30,520461.681036,False
1.2,30,520511.790341,True
0.0,30,520554.569847,False
2.6,30,520608.639441,True
2.1,30,520655.619437,True
0.0,30,520703.259795,False
0.0,30,520745.125877,False
3.0,30,520790.485403,True
0.0,30,521151.645619,False
2.7,30,521195.734309,True
2.6,30,521239.915363,True
2.1,30,521283.268598,True
2.8,30,521326.331911,True
2.4,30,521384.733621,True
0.0,30,521433.960074,False
2.7,30,521477.941382,True
2.1,30,521521.839754,True
2.6,30,521575.597023,True
2.2,30,521620.935187,True
2.7,30,521660.598451,True
1.9,30,521709.385051,True
0.0,30,521753.379104,False
0.0,30,521809.332351,False
0.0,30,521849.62426,False
0.0,30,521895.459841,False
2.9,30,521945.224165,True
2.6,30,521991.304445,True
0.0,30,522037.62948,False
2.6,30,522087.178129,True
0.0,30,522131.20591,False
2.5,30,522178.037435,True
2.4,30,522225.400797,True
0.0,30,522274.089098,False
1.6,30,522317.223541,True
2.5,30,522367.705672,True
0.0,30,522416.795837,False
2.4,30,522460.924984,True
2.2,30,522504.668529,True
2.8,30,522551.902285,True
0.0,30,522596.914059,False
2.6,30,522642.615256,True
2.7,30,522692.168891,True
0.0,30,523041.970472,False
0.0,30,523087.846269,False
0.0,30,523133.338347,False
0.0,30,523180.679175,False
2.7,30,523230.420628,True
0.0,30,523276.987897,False
1.6,30,523327.097553,True
2.6,30,523393.400268,True
0.0,30,523443.202424,False
0.0,30,523492.816965,False
0.0,30,523536.302447,False
0.0,30,523583.594869,False
0.0,30,523628.267621,False
0.0,30,523674.239937,False
0.0,30,523725.093943,False
2.6,30,523769.30803,True
1.8,30,523814.408917,True
2.7,30,523862.555415,True
0.0,30,523912.607025,False
2.6,30,523960.088568,True
2.6,30,524009.001659,True
0.0,30,524052.859443,False
2.8,30,524094.933684,True
2.6,30,524143.045031,True
0.0,30,524186.251701,False
2.6,30,524229.387074,False
2.7,30,524276.653932,True
0.0,30,524321.106208,False
0.0,30,524366.678652,False
0.0,30,524409.187845,False
2.7,30,524459.892003,True
1.8,30,524502.442491,True
2.3,30,524555.868312,True
0.4,30,524602.108139,True
0.0,30,524953.646162,False
0.0,30,524994.753131,False
0.0,30,525043.182131,False
2.8,30,525091.617691,True
2.1,30,525137.252967,True
0.0,30,525184.139583,False
0.0,30,525237.992713,False
1.1,30,525284.266487,True
2.7,30,525331.164463,True
2.8,30,525376.926846,True
0.0,30,525422.196029,False
0.0,30,525465.809325,False
0.0,30,525507.081225,False
0.0,30,525553.842002,False
2.9,30,525605.056675,True
2.1,30,525646.993515,True
2.6,30,525688.187233,True
0.0,30,525736.64839,False
1.4,30,525780.98017,True
2.1,30,525831.269849,True
2.6,30,525874.399349,True
2.5,30,525919.232873,True
2.3,30,525964.052547,True
2.6,30,526011.490485,True
2.7,30,526059.353309,True
2.2,30,526103.450774,True
3.0,30,526149.630257,True
0.0,30,526205.897465,False
0.0,30,526247.705146,False
0.0,30,526290.34805,False
0.0,30,526337.744933,False
0.0,30,526384.153191,False
0.0,30,526428.039948,False
1.4,30,526476.885645,False
0.0,30,526828.474397,False
2.6,30,526875.751774,True
2.4,30,526928.913893,True
2.9,30,526976.174212,True
0.0,30,527019.866738,False
3.0,30,527066.551022,True
2.8,30,527117.417802,True
0.0,30,527161.389108,False
2.2,30,527204.664481,True
1.7,30,527259.764127,True
0.0,30,527304.192997,False
2.6,30,527350.56493,True
2.6,30,527395.851866,True
2.5,30,527443.877302,True
2.8,30,527490.990406,True
0.0,30,527531.932051,False
0.0,30,527574.868685,False
2.2,30,527619.2785,True
2.5,30,527661.530851,True
0.0,30,527708.147398,False
3.0,30,527756.082129,True
0.0,30,527803.575345,False
2.6,30,527848.900856,True
0.0,30,527894.724693,False
1.3,30,527941.706756,True
0.0,30,527992.467205,False
2.8,30,528039.95932,True
2.5,30,528090.51015,True
2.7,30,528139.08729,True
0.0,30,528185.820987,False
0.0,30,528230.391141,False
0.0,30,528276.298763,False
2.6,30,528323.797203,True
2.8,30,528370.464274,True
0.0,30,528731.509784,False
2.5,30,528781.945633,True
2.7,30,528826.643104,True
0.0,30,528871.235198,False
2.8,30,528919.821465,True
0.0,30,528981.129635,False
2.6,30,529026.290526,True
0.0,30,529075.624199,False
0.0,30,529119.811102,False
2.1,30,529168.823187,True
2.7,30,529213.981834,True
1.7,30,529260.14732,True
2.8,30,529317.301238,True
2.8,30,529361.917703,True
0.0,30,529409.347847,False
2.7,30,529452.48153,True
2.6,30,529498.854595,True
0.0,30,529545.554758,False
2.6,30,529595.345213,True
0.0,30,529639.421988,False
0.8,30,529684.622259,True
0.0,30,529734.070009,False
0.0,30,529778.933632,False
0.0,30,529823.648264,False
0.0,30,529875.29924,False
2.0,30,529923.067635,True
2.8,30,529969.029144,True
0.0,30,530020.379957,False
2.4,30,530065.917556,True
2.4,30,530118.063389,True
2.4,30,530162.586352,True
0.0,30,530214.295619,False
1.7,30,530264.987145,True
0.0,30,530306.743317,False
0.0,30,530679.526943,False
0.0,30,530727.832711,False
2.6,30,530776.581259,True
0.0,30,530825.353731,False
0.0,30,530872.874957,False
1.9,30,530915.770574,True
2.4,30,530960.495183,True
0.0,30,531002.540269,False
0.0,30,531044.670567,False
2.9,30,531094.071731,True
0.0,30,531139.734226,False
2.9,30,531188.840211,True
2.3,30,531233.00256,True
2.6,30,531277.660479,True
0.0,30,531322.139793,False
2.2,30,531371.51457,True
0.0,30,531418.531321,False
2.9,30,531468.038688,True
0.0,30,531508.709092,False
2.3,30,531561.893903,True
2.7,30,531610.7135,True
0.0,30,531659.105523,False
2.9,30,531704.638468,True
0.0,30,531748.956768,False
1.6,30,531799.468804,True
2.5,30,531844.636726,True
0.0,30,531893.816525,False
0.0,30,531937.241499,False
2.6,30,531981.715203,True
2.7,30,532030.985888,True
1.6,30,532081.469489,True
0.0,30,532136.668457,False
0.0,30,532180.695391,False
2.9,30,532229.966773,True
2.6,30,532276.948022,True
0.0,30,532627.370147,False
1.5,30,532677.130745,True
0.0,30,532722.655688,False
2.7,30,532769.400319,True
0.0,30,532815.157568,False
0.0,30,532856.570008,False
0.0,30,532900.311625,False
0.0,30,532947.665812,False
1.9,30,532993.229858,True
2.7,30,533040.538824,True
1.6,30,533084.588052,True
0.0,30,533126.844486,False
0.0,30,533170.120751,False
0.0,30,533225.099202,False
2.6,30,533276.6429,True
2.9,30,533332.464104,True
0.0,30,533381.921197,False
2.8,30,533423.319228,True
3.0,30,533476.833315,True
2.6,30,533523.57477,True
2.4,30,533568.294375,True
0.0,30,533619.058215,False
2.3,30,533665.597868,True
2.2,30,533713.076896,True
0.0,30,533761.813389,False
3.0,30,533808.229994,True
0.0,30,533850.010852,False
0.0,30,533895.40419,False
1.3,30,533939.652005,True
0.0,30,533983.890144,False
0.0,30,534033.173818,False
0.0,30,534076.403531,False
0.0,30,534129.054352,False
0.0,30,534184.534291,False
1.6,30,534501.358584,True
2.2,30,534546.672439,True
2.6,30,534592.585812,True
0.0,30,534641.759317,False
1.3,30,534682.231925,True
2.7,30,534736.125307,True
0.0,30,534780.867088,False
2.5,30,534832.152482,True
0.0,30,534882.141675,False
2.7,30,534925.89808,True
0.0,30,534967.177229,False
2.6,30,535016.73718,True
2.8,30,535060.83588,True
0.0,30,535107.194817,False
2.3,30,535158.257348,True
0.0,30,535201.462809,False
2.5,30,535248.03733,True
1.1,30,535295.29301,True
0.4,30,535338.546229,True
0.0,30,535382.336069,False
0.0,30,535429.226565,False
2.2,30,535479.861109,True
2.8,30,535527.796741,True
0.0,30,535572.015079,False
2.8,30,535610.662025,True
0.0,30,535667.422256,False
1.8,30,535713.732208,True
0.0,30,535755.070235,False
1.1,30,535798.295913,True
0.0,30,535842.094481,False
0.0,30,535883.475323,False
0.0,30,535957.28795,False
2.7,30,536009.988646,True
0.0,30,536057.077995,False
2.1,30,536373.612554,True
2.9,30,536424.64767,True
2.1,30,536470.822142,True
1.7,30,536515.688278,True
0.0,30,536562.082243,False
0.0,30,536605.125784,False
2.6,30,536649.29332,True
0.0,30,536693.922078,False
2.6,30,536740.866883,True
2.5,30,536779.503111,True
2.6,30,536825.842612,True
2.4,30,536878.169649,True
3.0,30,536920.079792,True
2.5,30,536964.157668,True
2.4,30,537016.507863,True
0.0,30,537058.560298,False
0.0,30,537102.754441,False
2.8,30,537145.627585,True
2.5,30,537194.303079,True
2.3,30,537238.649115,True
2.7,30,537289.874641,True
2.4,30,537335.380258,True
2.1,30,537378.542484,True
1.0,30,537421.274785,True
0.0,30,537466.760769,False
0.0,30,537516.944081,False
2.7,30,537560.066323,True
2.3,30,537607.947409,True
1.8,30,537655.085897,True
2.9,30,537705.807485,True
0.0,30,537763.611149,False
2.7,30,537806.573622,True
0.0,30,537854.137443,False
2.6,30,537900.782707,True
2.4,30,538197.227954,True
2.8,30,538245.123546,True
2.8,30,538286.835222,True
0.0,30,538334.488598,False
1.6,30,538377.461802,True
0.0,30,538421.607208,False
2.6,30,538465.330352,True
2.4,30,538514.044161,True
0.0,30,538562.992758,False
2.4,30,538621.296875,True
2.8,30,538666.510596,True
2.4,30,538707.625711,True
1.6,30,538755.864645,True
0.0,30,538796.791747,False
0.0,30,538840.80976,False
2.7,30,538883.034677,True
0.0,30,538932.867534,False
1.4,30,538975.129807,True
2.3,30,539023.87838,True
2.6,30,539071.4715,True
2.3,30,539120.78878,True
2.8,30,539162.776927,True
1.5,30,539206.996079,True
0.0,30,539251.208359,False
2.2,30,539301.043756,True
0.0,30,539351.544106,False
2.1,30,539397.076252,True
2.3,30,539442.288501,True
1.8,30,539484.263458,True
0.0,30,539532.400236,False
2.4,30,539579.980002,True
2.5,30,539621.967618,True
2.7,30,539671.389136,True
0.0,30,539712.265213,False
0.8,30,540082.831324,True
2.5,30,540129.674271,True
0.0,30,540174.721581,False
2.2,30,540222.772749,False
2.5,30,540270.23895,True
0.0,30,540314.270125,False
0.8,30,540360.990004,True
0.0,30,540401.751931,False
0.0,30,540453.838472,False
0.0,30,540496.264211,False
0.0,30,540541.066456,False
0.0,30,540587.624164,False
0.0,30,540633.733147,False
0.0,30,540681.366941,False
0.0,30,540730.101238,False
2.8,30,540783.416344,True
0.0,30,540838.902693,False
0.0,30,540883.81436,False
0.0,30,540929.82782,False
0.0,30,540981.907758,False
2.4,30,541027.906446,True
2.4,30,541075.515938,True
0.0,30,541120.638757,False
1.7,30,541164.960377,True
0.0,30,541215.428473,False
1.2,30,541258.449681,True
2.6,30,541302.055798,True
2.5,30,541344.334882,True
0.0,30,541389.999776,False
2.6,30,541434.31541,True
2.6,30,541480.452176,True
0.0,30,541529.176991,False
2.8,30,541578.151799,True
2.3,30,541623.755649,True
1.5,30,541986.010758,True
2.7,30,542032.6387,True
2.8,30,542078.053861,True
0.0,30,542120.794717,False
2.5,30,542164.561419,True
2.2,30,542206.57942,True
0.0,30,542251.300838,False
2.3,30,542297.805405,True
0.0,30,542342.730716,False
2.8,30,542385.738364,True
1.8,30,542432.210532,True
0.0,30,542478.776275,False
0.0,30,542529.757942,False
2.5,30,542577.255416,True
0.0,30,542634.711396,False
2.5,30,542680.381008,True
2.5,30,542725.897346,True
0.0,30,542773.707169,False
0.3,30,542830.135566,True
2.9,30,542872.920606,True
2.2,30,542917.962123,True
0.0,30,542968.77777,False
2.4,30,543011.706261,True
2.9,30,543063.636473,True
0.6,30,543114.240395,True
2.9,30,543164.02598,True
2.6,30,543206.475368,True
0.0,30,543253.614919,False
2.3,30,543297.096747,True
0.0,30,543345.544014,False
0.0,30,543397.557788,False
0.0,30,543444.65373,False
1.8,30,543492.269614,True
2.8,30,543541.033706,False
2.8,30,543878.319192,True
0.0,30,543926.091818,False
2.6,30,543972.773147,True
1.8,30,544013.050235,True
0.0,30,544061.664305,False
2.3,30,544103.466137,True
2.6,30,544148.385931,True
0.0,30,544197.575619,False
0.0,30,544243.655761,False
2.8,30,544293.400123,True
2.2,30,544336.750205,True
0.0,30,544383.421279,False
0.0,30,544428.256985,False
2.6,30,544483.058821,True
0.0,30,544550.268598,False
2.7,30,544594.639969,True
0.0,30,544639.223797,False
2.9,30,544682.687643,True
0.0,30,544730.472987,False
0.0,30,544775.696915,False
2.3,30,544820.4536,True
0.0,30,544869.776427,False
0.0,30,544913.114041,False
2.1,30,544956.5428,True
2.6,30,544999.55547,True
3.0,30,545048.535616,True
0.0,30,545091.975039,False
1.4,30,545142.292403,True
0.4,30,545185.801822,True
0.0,30,545237.766876,False
2.5,30,545283.662057,True
2.7,30,545330.063179,True
0.0,30,545374.630883,False
0.0,30,545418.512884,False
0.0,30,545466.22247,False
2.4,30,545813.790911,True
2.1,30,545861.785833,True
0.0,30,545909.395865,False
0.0,30,545959.426317,False
0.4,30,546006.617826,False
0.0,30,546048.747877,False
1.5,30,546100.039456,True
3.0,30,546142.445299,True
0.0,30,546190.000489,False
2.5,30,546238.637857,True
0.0,30,546281.784832,False
0.0,30,546322.800535,False
0.0,30,546370.326003,False
2.8,30,546411.316598,True
1.0,30,546456.63198,True
0.0,30,546502.553306,False
0.0,30,546548.897751,False
0.0,30,546595.814321,False
2.3,30,546639.427716,True
0.0,30,546695.030818,False
2.5,30,546739.631142,True
0.0,30,546784.853756,False
0.0,30,546829.701904,False
2.3,30,546876.692572,True
0.0,30,546921.808944,False
0.0,30,546970.165068,False
0.0,30,547020.218483,False
2.8,30,547067.022916,True
2.1,30,547117.398171,True
2.7,30,547166.016223,True
0.0,30,547208.562894,False
0.0,30,547252.306515,False
2.1,30,547298.633949,True
0.0,30,547342.895406,False
2.8,30,547722.687861,True
2.4,30,547770.072975,True
2.6,30,547811.962804,True
1.6,30,547860.833432,True
0.0,30,547904.190727,False
0.0,30,547954.594357,False
0.0,30,547998.327525,False
2.9,30,548084.826984,True
2.9,30,548134.934153,True
0.0,30,548185.202314,False
0.0,30,548237.162913,False
1.1,30,548275.62377,True
1.8,30,548324.965837,True
0.0,30,548372.536283,False
0.0,30,548416.75615,False
0.0,30,548457.765629,False
2.9,30,548509.931417,True
2.7,30,548556.255349,True
0.7,30,548601.975071,True
0.6,30,548648.622769,True
0.0,30,548690.997516,False
0.0,30,548734.878725,False
0.0,30,548790.537658,False
1.3,30,548833.694867,False
0.0,30,548884.040685,False
0.0,30,548935.23796,False
2.3,30,548981.854618,True
2.8,30,549031.659246,True
2.5,30,549078.918392,True
2.8,30,549123.796209,True
2.6,30,549181.251161,True
1.7,30,549225.932956,True
0.0,30,549268.684337,False
0.0,30,549307.508306,False
0.0,30,549653.703139,False
2.4,30,549694.772434,True
1.4,30,549737.780851,True
2.5,30,549783.409277,True
0.0,30,549827.348026,False
2.1,30,549869.464626,True
0.0,30,549915.017415,False
0.0,30,549960.33347,False
2.1,30,550002.348305,True
2.4,30,550047.513057,True
2.6,30,550094.02138,True
0.0,30,550138.379568,False
2.8,30,550180.030915,True
0.0,30,550229.192059,False
0.0,30,550276.656118,False
0.0,30,550316.407942,False
2.8,30,550357.553067,True
0.0,30,550402.140545,False
1.6,30,550451.858685,True
0.0,30,550496.276493,False
0.0,30,550546.925387,False
0.0,30,550594.579046,False
0.0,30,550639.214242,False
0.0,30,550685.752279,False
2.6,30,550732.810884,True
0.0,30,550782.641534,False
0.0,30,550830.411198,False
0.0,30,550876.156819,False
1.9,30,550926.949556,True
0.0,30,550972.901726,False
2.8,30,551022.036322,True
0.0,30,551064.529474,False
0.0,30,551109.172559,False
0.0,30,551153.555993,False
1.5,30,551528.967774,True
0.0,30,551574.248284,False
0.0,30,551625.332725,False
1.7,30,551673.979122,True
2.8,30,551726.09899,True
0.0,30,551768.847937,False
2.9,30,551814.45114,True
0.0,30,551866.14708,False
0.0,30,551909.741778,False
2.6,30,551955.732419,True
2.7,30,552002.81451,True
3.0,30,552051.38412,True
3.0,30,552098.655599,True
2.5,30,552141.132325,True
0.0,30,552185.943468,False
0.0,30,552230.690365,False
1.6,30,552272.478408,True
0.0,30,552316.137118,False
0.0,30,552367.736732,False
2.4,30,552416.578773,True
0.0,30,552461.26061,False
2.6,30,552508.167948,True
0.0,30,552552.670126,False
2.3,30,552597.190044,True
0.0,30,552642.350771,False
0.0,30,552685.29252,False
0.0,30,552731.671335,False
0.0,30,552780.798043,False
0.0,30,552826.559699,False
2.9,30,552875.468157,True
0.0,30,552924.689204,False
3.0,30,552975.192087,True
1.9,30,553020.327486,True
0.0,30,553063.609904,False
2.7,30,553395.333107,False
2.6,30,553452.797109,True
0.0,30,553496.451439,False
0.1,30,553539.796241,True
0.0,30,553585.624632,False
0.0,30,553631.462336,False
2.7,30,553676.162016,True
0.0,30,553721.566926,False
0.0,30,553768.190923,False
2.3,30,553810.808664,True
0.0,30,553857.958511,False
0.5,30,553901.056761,True
2.4,30,553951.324768,True
0.0,30,553994.651548,False
0.5,30,554040.9444,True
0.0,30,554085.253985,False
0.0,30,554132.97801,False
0.0,30,554176.302211,False
0.5,30,554221.659639,False
2.1,30,554289.416749,True
0.8,30,554331.46498,True
0.0,30,554376.014332,False
0.0,30,554421.000686,False
1.1,30,554466.081571,True
2.5,30,554512.415082,True
0.0,30,554558.386144,False
0.0,30,554608.597762,False
0.0,30,554659.165373,False
2.5,30,554704.845349,True
2.8,30,554752.684471,True
0.0,30,554797.307557,False
2.5,30,554840.979599,True
2.8,30,554883.82886,True
2.2,30,554932.917197,True
2.6,30,555304.097831,True
0.0,30,555346.63351,False
0.0,30,555399.132664,False
2.0,30,555445.530473,True
0.0,30,555502.396352,False
0.0,30,555545.921211,False
0.0,30,555590.461203,False
2.9,30,555641.654496,True
0.1,30,555685.424794,True
3.0,30,555731.641093,True
2.6,30,555781.070564,True
0.0,30,555831.044258,False
2.6,30,555876.508014,True
0.0,30,555921.596488,False
0.0,30,555969.501537,False
0.0,30,556017.600172,False
0.0,30,556063.393146,False
0.0,30,556111.867852,False
0.0,30,556153.059057,False
0.0,30,556197.636159,False
0.0,30,556249.339448,False
2.5,30,556297.298916,True
2.7,30,556340.75828,True
0.0,30,556388.13186,False
0.0,30,556444.335587,False
2.8,30,556486.183605,True
0.0,30,556531.265499,False
0.0,30,556580.012687,False
0.0,30,556624.281481,False
0.0,30,556674.791282,False
0.0,30,556718.375648,False
0.0,30,556760.944477,False
0.0,30,556811.207474,False
0.0,30,556861.521044,False
2.8,30,557210.151939,True
2.8,30,557258.881725,True
0.0,30,557309.921125,False
0.0,30,557363.727718,False
0.0,30,557409.629749,False
0.0,30,557458.347106,False
2.8,30,557508.542429,True
2.7,30,557552.340458,True
0.0,30,557602.439046,False
3.0,30,557649.711442,True
2.5,30,557693.357966,True
2.0,30,557740.908796,True
1.5,30,557785.879461,True
1.1,30,557831.405259,True
0.0,30,557877.636669,False
0.0,30,557924.615165,False
0.0,30,557974.485744,False
0.0,30,558019.249431,False
0.0,30,558068.675555,False
0.0,30,558116.076885,False
2.3,30,558166.425765,True
0.0,30,558217.506514,False
0.0,30,558264.389552,False
2.5,30,558312.89668,True
2.6,30,558356.759483,True
2.4,30,558403.780383,True
0.0,30,558446.662333,False
0.0,30,558495.952496,False
0.0,30,558541.411966,False
2.7,30,558590.905273,True
2.5,30,558633.340142,True
0.0,30,558679.479733,False
0.0,30,558723.919659,False
0.0,30,558769.805854,False
0.0,30,559104.884052,False
2.0,30,559154.324561,True
0.0,30,559199.761354,False
0.0,30,559244.420197,False
0.0,30,559299.104428,False
1.0,30,559342.440988,True
0.0,30,559385.775015,False
2.5,30,559430.553496,True
0.0,30,559474.722048,False
0.0,30,559523.8761,False
0.0,30,559570.197362,False
2.5,30,559617.161754,True
0.0,30,559661.31028,False
0.0,30,559710.893845,False
2.9,30,559757.176222,True
2.3,30,559803.049852,True
2.7,30,559848.968976,True
0.0,30,559898.05939,False
3.0,30,559941.656566,True
0.0,30,559985.963964,False
0.0,30,560032.338046,False
3.0,30,560100.289399,True
0.0,30,560144.556305,False
0.0,30,560189.312161,False
0.0,30,560233.583544,False
0.0,30,560280.726406,False
0.0,30,560329.221252,False
0.0,30,560377.102572,False
2.4,30,560425.870914,True
2.7,30,560474.821772,True
2.4,30,560536.706924,True
2.8,30,560581.524813,True
2.5,30,560634.594196,True
0.0,30,560676.897032,False
0.0,30,560725.85656,False
2.5,30,561076.643064,True
1.6,30,561121.148148,True
0.0,30,561167.150745,False
0.0,30,561213.946465,False
0.5,30,561260.266281,False
0.0,30,561308.047012,False
2.3,30,561356.923146,True
1.9,30,561402.11387,True
0.0,30,561447.19316,False
2.3,30,561493.129071,True
0.0,30,561535.812302,False
0.0,30,561589.372173,False
0.0,30,561636.14007,False
2.1,30,561677.830898,True
0.0,30,561726.290251,False
2.4,30,561772.995662,True
2.6,30,561827.653916,True
0.0,30,561872.948382,False
0.0,30,561919.59545,False
0.0,30,561961.765909,False
2.3,30,562009.068142,True
2.8,30,562056.023595,True
0.0,30,562105.600914,False
0.0,30,562152.032984,False
2.3,30,562196.033615,True
0.0,30,562240.26614,False
2.3,30,562285.845309,True
0.0,30,562350.280912,False
2.6,30,562397.540934,True
0.0,30,562439.761591,False
0.0,30,562488.719195,False
0.0,30,562535.390477,False
2.8,30,562583.234343,True
2.0,30,562628.849248,True
0.0,30,562966.953691,False
2.8,30,563014.747029,True
2.4,30,563060.922154,True
0.0,30,563109.18739,False
2.8,30,563160.901333,True
0.0,30,563208.611528,False
0.4,30,563250.451719,True
0.0,30,563300.247668,False
2.2,30,563347.014075,True
2.3,30,563393.637073,True
2.6,30,563437.571054,True
3.0,30,563483.262419,True
0.0,30,563527.046672,False
2.6,30,563573.788733,True
0.0,30,563623.827541,False
0.0,30,563665.054011,False
1.9,30,563710.458289,True
0.0,30,563754.202329,False
0.0,30,563798.159268,False
0.0,30,563841.075209,False
0.0,30,563886.898104,False
0.0,30,563931.899771,False
0.0,30,563979.983379,False
0.0,30,564028.270745,False
0.0,30,564075.602698,False
2.4,30,564123.517853,True
2.9,30,564168.78732,True
2.9,30,564221.468718,True
0.0,30,564265.962312,False
1.7,30,564314.215142,True
0.0,30,564361.335486,False
2.7,30,564408.778132,True
1.8,30,564459.296614,True
0.0,30,564510.638391,False
2.8,30,564851.498992,True
2.4,30,564893.055171,True
2.3,30,564934.936302,True
1.9,30,564978.307725,True
0.0,30,565026.308761,False
2.7,30,565080.627275,True
2.6,30,565126.303859,True
0.0,30,565171.77514,False
2.5,30,565218.996547,True
2.6,30,565263.910873,True
2.8,30,565311.017296,True
1.9,30,565354.357357,True
2.8,30,565396.673077,True
2.1,30,565441.418924,True
2.9,30,565488.194605,True
2.5,30,565538.150289,True
2.9,30,565584.181953,True
0.0,30,565631.847072,False
0.0,30,565684.267667,False
2.8,30,565731.356509,True
0.0,30,565777.766315,False
2.8,30,565826.357617,True
2.4,30,565867.604745,True
2.6,30,565917.413629,True
0.0,30,565969.414123,False
0.0,30,566011.434022,False
2.6,30,566072.863864,True
0.0,30,566121.007715,False
2.6,30,566167.025791,True
1.7,30,566218.278893,True
0.9,30,566266.083233,True
2.9,30,566306.922023,True
2.6,30,566353.309423,True
0.0,30,566402.151298,False
0.0,30,566771.693232,False
0.0,30,566816.662489,False
2.7,30,566861.550099,True
0.0,30,566905.146032,False
2.1,30,566945.651881,True
0.0,30,566993.074071,False
1.9,30,567040.148885,True
0.0,30,567087.510657,False
2.5,30,567134.873446,True
0.0,30,567181.795903,False
0.0,30,567231.112937,False
2.5,30,567273.359448,True
2.8,30,567322.913905,True
0.0,30,567370.458566,False
0.0,30,567417.930477,False
2.9,30,567467.784918,True
0.0,30,567506.020107,False
1.8,30,567554.454742,True
0.0,30,567605.932356,False
2.5,30,567646.602059,True
2.7,30,567695.273,True
2.1,30,567746.473222,True
0.0,30,567792.782725,False
0.0,30,567837.588348,False
2.7,30,567878.9037,True
2.4,30,567920.4652,True
0.0,30,567977.519798,False
2.4,30,568022.242529,True
2.7,30,568067.952851,True
2.9,30,568107.378239,True
0.0,30,568156.133969,False
0.0,30,568202.443382,False
0.0,30,568246.212885,False
0.0,30,568290.684447,False
1.2,30,568644.4906,True
0.0,30,568693.730979,False
2.7,30,568741.087103,True
2.1,30,568787.96808,True
0.0,30,568835.929314,False
0.0,30,568885.226896,False
0.0,30,568930.471713,False
0.0,30,568980.738517,False
0.9,30,569025.368619,True
0.0,30,569068.958138,False
0.0,30,569114.058635,False
2.6,30,569160.098065,True
1.7,30,569210.549156,True
2.3,30,569259.141605,True
0.0,30,569308.144709,False
2.6,30,569351.254956,True
0.0,30,569395.826745,False
2.6,30,569440.557367,True
0.0,30,569493.744474,False
2.2,30,569542.411358,True
0.0,30,569589.43808,False
2.5,30,569634.258747,True
0.0,30,569682.962294,False
2.9,30,569728.847093,True
2.4,30,569797.689576,True
0.0,30,569843.539101,False
2.2,30,569884.956696,True
2.2,30,569931.211342,True
2.7,30,569975.25058,True
0.8,30,570026.62989,True
3.0,30,570103.069212,True
0.0,30,570147.028212,False
2.9,30,570203.488076,True
0.0,30,570249.840516,False
0.0,30,570597.176187,False
2.5,30,570639.164867,True
0.0,30,570689.891743,False
0.0,30,570742.248498,False
0.0,30,570788.985808,False
2.1,30,570836.957811,True
2.8,30,570884.563616,True
0.0,30,570926.204371,False
0.0,30,570975.228102,False
2.5,30,571017.093535,True
2.8,30,571063.158445,True
0.0,30,571108.780921,False
0.0,30,571159.139536,False
0.0,30,571203.712965,False
0.0,30,571248.465009,False
0.0,30,571292.475402,False
1.7,30,571343.547292,True
2.7,30,571399.480909,True
0.0,30,571442.792329,False
2.2,30,571494.008874,True
2.6,30,571545.906278,True
2.4,30,571593.44522,True
0.4,30,571641.055173,True
2.7,30,571693.53218,True
2.4,30,571740.783374,True
2.8,30,571785.226066,True
0.0,30,571831.556771,False
2.8,30,571874.796887,True
0.0,30,571921.825401,False
2.8,30,571973.190381,True
0.0,30,572015.564875,False
3.0,30,572060.059685,True
2.9,30,572108.999128,True
2.2,30,572157.710938,True
2.9,30,572529.388122,True
2.5,30,572576.776177,True
0.0,30,572624.674171,False
2.7,30,572671.372131,True
0.0,30,572722.498183,False
1.7,30,572772.541084,True
1.8,30,572814.226628,True
0.0,30,572857.778644,False
0.0,30,572905.391558,False
0.0,30,572955.333939,False
0.0,30,573003.51159,False
2.4,30,573052.189083,True
0.0,30,573099.008566,False
1.6,30,573151.85987,True
2.7,30,573197.702775,True
0.0,30,573246.068361,False
0.0,30,573299.91894,False
0.0,30,573343.55119,False
2.8,30,573394.700425,True
0.0,30,573445.77209,False
2.8,30,573490.251294,True
2.6,30,573540.390151,True
0.0,30,573590.949167,False
2.5,30,573639.972958,True
0.0,30,573687.200196,False
3.0,30,573732.001851,True
0.0,30,573780.414187,False
0.0,30,573827.001371,False
2.6,30,573879.701118,True
0.0,30,573927.572836,False
0.0,30,573971.955819,False
2.6,30,574017.563983,True
0.0,30,574061.325203,False
0.0,30,574113.842413,False
2.7,30,574157.440188,True
2.0,30,574516.561898,True
2.9,30,574560.524313,True
0.0,30,574604.781281,False
2.7,30,574653.261762,True
0.0,30,574702.268018,False
2.5,30,574748.008633,True
2.3,30,574797.130525,True
0.0,30,574843.953368,False
0.0,30,574889.721051,False
0.0,30,574935.626062,False
2.6,30,574985.678131,True
0.0,30,575034.354362,False
2.5,30,575083.306478,True
0.0,30,575130.532493,False
2.2,30,575178.504069,True
0.0,30,575227.1703,False
0.0,30,575272.048518,False
0.0,30,575319.250886,False
2.5,30,575363.847975,True
0.0,30,575409.963696,False
0.0,30,575462.943184,False
3.0,30,575508.480903,True
0.0,30,575577.716805,False
0.0,30,575621.925059,False
0.0,30,575673.293426,False
0.0,30,575715.700285,False
0.0,30,575760.547571,False
2.6,30,575806.486853,True
0.7,30,575851.656896,True
2.5,30,575898.307226,True
0.0,30,575945.783668,False
2.6,30,575989.951153,True
2.4,30,576035.045517,True
2.1,30,576080.159907,True
0.0,30,576414.513142,False
0.0,30,576458.093501,False
0.0,30,576505.639846,False
0.0,30,576564.970534,False
0.0,30,576608.116864,False
0.0,30,576659.265239,False
0.0,30,576705.28411,False
1.9,30,576757.916629,True
2.9,30,576801.414045,True
2.4,30,576852.426948,True
2.7,30,576902.986264,True
0.0,30,576951.627977,False
1.8,30,577008.180885,True
0.0,30,577056.716936,False
0.0,30,577101.054402,False
0.0,30,577150.648407,False
0.0,30,577196.951269,False
2.2,30,577246.592076,True
0.0,30,577292.276358,False
0.0,30,577338.174516,False
0.0,30,577379.643904,False
3.0,30,577423.218198,True
0.0,30,577474.550238,False
0.0,30,577524.104648,False
0.0,30,577573.972586,False
2.8,30,577621.50092,True
0.0,30,577665.878242,False
0.0,30,577710.52398,False
2.1,30,577758.974231,True
2.9,30,577809.650774,True
0.0,30,577856.716828,False
2.5,30,577902.975925,True
2.9,30,577949.048234,True
2.7,30,577997.11212,True
0.0,30,578375.579589,False
2.8,30,578423.325492,True
2.4,30,578469.765024,True
2.1,30,578524.597684,True
0.0,30,578571.586899,False
0.0,30,578618.696916,False
0.0,30,578666.087487,False
0.0,30,578716.63748,False
3.0,30,578765.529535,True
2.8,30,578808.259103,True
2.6,30,578853.180763,True
2.4,30,578902.876677,True
0.0,30,578945.193059,False
2.8,30,578997.960173,True
2.1,30,579050.73908,True
2.5,30,579096.964501,True
2.5,30,579146.045969,True
0.0,30,579192.830476,False
2.5,30,579240.554344,True
2.5,30,579292.038031,True
0.0,30,579336.211063,False
2.5,30,579392.204704,False
2.1,30,579433.612317,True
2.7,30,579477.2346,True
1.9,30,579522.845462,True
0.0,30,579572.554865,False
1.9,30,579617.111195,True
2.3,30,579665.171743,True
2.2,30,579712.93048,False
0.0,30,579767.727413,False
0.0,30,579816.301309,False
0.0,30,579861.014934,False
2.6,30,579908.606,True
2.9,30,579958.676208,True
2.6,30,580295.558139,True
0.0,30,580352.977578,False
0.0,30,580395.984636,False
0.0,30,580441.693752,False
1.9,30,580486.512952,True
2.5,30,580545.085938,True
2.7,30,580596.209304,True
1.4,30,580667.303902,True
2.9,30,580717.800117,True
0.0,30,580764.402292,False
1.8,30,580810.011358,True
0.0,30,580861.161225,False
0.0,30,580923.63878,False
2.2,30,580972.900864,True
2.8,30,581022.863734,True
0.0,30,581073.934739,False
2.7,30,581125.284079,True
2.4,30,581176.675592,True
2.6,30,581225.62429,True
0.0,30,581276.209373,False
2.1,30,581324.046317,True
2.6,30,581369.281325,True
2.9,30,581420.447637,True
0.0,30,581469.445702,False
0.0,30,581520.964774,False
0.0,30,581566.605837,False
0.0,30,581614.063087,False
0.1,30,581657.7912,False
0.0,30,581708.81635,False
2.5,30,581755.027884,True
0.0,30,581805.03797,False
1.5,30,581858.524019,True
2.7,30,581905.332049,True
0.0,30,581981.466613,False
2.8,30,582345.379672,True
0.0,30,582389.535898,False
0.0,30,582432.561556,False
0.0,30,582484.593558,False
0.0,30,582528.504237,False
0.0,30,582577.496572,False
2.8,30,582626.719003,True
2.2,30,582681.58092,True
2.5,30,582731.122086,True
2.8,30,582784.837398,True
0.0,30,582826.220567,False
0.0,30,582873.739885,False
2.8,30,582927.993866,True
2.3,30,582973.232662,True
2.8,30,583018.952994,True
0.0,30,583068.218937,False
0.0,30,583120.492456,False
0.0,30,583164.769729,False
2.8,30,583212.425759,True
3.0,30,583253.891182,True
2.7,30,583298.270299,True
2.7,30,583349.221334,True
0.0,30,583399.56729,False
0.0,30,583444.34617,False
2.9,30,583486.406015,True
0.0,30,583531.712393,False
2.8,30,583585.967828,True
3.0,30,583636.162237,True
0.0,30,583681.121147,False
0.0,30,583735.038286,False
0.0,30,583783.212936,False
0.0,30,583827.820413,False
0.0,30,583884.529645,False
2.0,30,583931.19341,True
