#{"t_start": 1770256122.9043722, "env_id": "FetchBridgeBullet7Blocks-v1"}
r,l,t,is_success
2.7,30,91.115839,True
0.0,30,153.445822,False
0.6,30,208.178528,True
1.8,30,269.749044,True
0.0,30,322.088661,False
0.0,30,383.095006,False
3.0,30,450.835392,True
0.0,30,496.582186,False
0.0,30,560.669634,False
0.0,30,626.012549,False
0.0,30,685.056981,False
0.0,30,749.16734,False
0.0,30,804.332569,False
0.0,30,860.282668,False
1.2,30,920.445032,True
0.0,30,981.834044,False
0.0,30,1044.437764,False
0.0,30,1105.188985,False
2.1,30,1174.468091,True
0.0,30,1251.383255,False
0.0,30,1323.257541,False
0.0,30,1376.022666,False
0.0,30,1435.614117,False
0.4,30,1497.373554,False
0.0,30,1564.467005,False
2.2,30,1628.281319,True
0.0,30,1692.183961,False
0.0,30,1755.885951,False
3.0,30,1818.252122,True
0.0,30,1886.685454,False
0.0,30,1959.37511,False
0.0,30,2027.167442,False
0.0,30,2092.85827,False
2.3,30,2145.972442,True
0.0,30,2556.703405,False
1.1,30,2613.579223,True
0.0,30,2677.871815,False
0.0,30,2741.579119,False
0.0,30,2799.007641,False
3.0,30,2863.293838,True
0.0,30,2923.535362,False
0.0,30,2985.941258,False
0.0,30,3052.256305,False
3.0,30,3121.603473,True
3.0,30,3185.897724,True
2.9,30,3246.266853,True
0.0,30,3313.800782,False
0.0,30,3370.311797,False
3.0,30,3437.948818,True
0.2,30,3497.572715,True
0.0,30,3563.077,False
2.6,30,3625.278972,True
0.0,30,3683.425576,False
0.0,30,3739.412761,False
2.7,30,3801.413962,True
0.0,30,3860.978177,False
0.0,30,3923.877358,False
0.0,30,3984.006522,False
0.0,30,4035.742413,False
0.0,30,4087.864375,False
0.0,30,4152.5646,False
1.3,30,4209.313503,True
0.0,30,4274.006173,False
2.9,30,4335.809174,True
0.0,30,4405.233366,False
0.0,30,4461.115427,False
0.0,30,4518.369694,False
2.8,30,4577.521959,True
0.0,30,5057.480702,False
0.0,30,5119.035858,False
2.8,30,5166.74145,True
2.9,30,5219.511964,True
0.0,30,5287.444944,False
0.0,30,5350.929841,False
0.0,30,5411.812402,False
2.8,30,5471.42684,True
2.2,30,5527.118711,True
0.0,30,5577.220586,False
2.7,30,5634.746749,True
0.0,30,5703.134566,False
0.0,30,5757.457843,False
0.0,30,5818.60828,False
0.0,30,5872.913162,False
0.0,30,5930.17924,False
0.0,30,5986.294682,False
0.0,30,6046.700614,False
0.0,30,6098.810141,False
2.5,30,6155.794994,True
2.8,30,6221.491912,True
0.0,30,6282.996955,False
0.0,30,6348.393336,False
0.0,30,6404.142648,False
3.0,30,6458.416365,True
0.0,30,6521.917557,False
0.0,30,6586.248382,False
0.0,30,6640.323441,False
0.0,30,6694.560634,False
0.0,30,6755.765343,False
0.0,30,6830.03175,False
0.0,30,6883.345504,False
1.7,30,6940.106084,True
0.0,30,7004.05206,False
0.0,30,7423.603614,False
0.0,30,7481.325898,False
0.0,30,7542.208045,False
2.7,30,7600.864092,True
0.0,30,7648.704926,False
0.0,30,7693.933553,False
2.8,30,7750.059522,True
2.6,30,7811.320757,True
0.0,30,7859.596394,False
0.0,30,7927.967924,False
0.6,30,7985.377594,True
3.0,30,8046.363985,True
0.0,30,8106.334384,False
0.0,30,8159.48052,False
0.0,30,8221.334875,False
0.0,30,8269.824897,False
0.0,30,8334.157991,False
0.0,30,8388.969499,False
2.9,30,8449.335518,True
0.0,30,8513.237046,False
2.7,30,8569.521183,True
0.0,30,8630.013979,False
3.0,30,8688.195591,True
0.0,30,8742.740896,False
2.9,30,8802.209922,True
2.9,30,8858.922322,True
0.0,30,8920.313534,False
0.0,30,8975.403487,False
0.0,30,9046.543464,False
0.0,30,9099.428568,False
2.9,30,9169.806188,True
1.8,30,9236.113506,True
2.0,30,9283.078815,True
0.0,30,9338.972328,False
3.0,30,9718.593766,True
0.0,30,9779.9343,False
0.0,30,9843.196963,False
2.5,30,9902.768763,True
0.0,30,9965.173414,False
1.4,30,10023.236804,True
0.0,30,10095.126804,False
0.0,30,10151.2464,False
2.6,30,10201.958434,True
1.5,30,10260.708962,True
0.0,30,10322.780102,False
0.0,30,10391.177269,False
0.0,30,10450.561391,False
0.0,30,10519.107823,False
0.0,30,10589.55913,False
0.0,30,10651.676035,False
0.0,30,10718.649951,False
0.0,30,10770.269397,False
0.0,30,10834.023909,False
2.5,30,10893.789324,True
0.0,30,10951.333987,False
0.0,30,11012.495084,False
0.0,30,11074.481196,False
0.0,30,11136.499754,False
2.5,30,11195.841999,True
0.0,30,11257.037787,False
0.0,30,11309.244384,False
0.0,30,11363.102555,False
0.0,30,11419.959229,False
0.0,30,11477.930168,False
0.0,30,11539.407925,False
0.0,30,11602.424004,False
2.8,30,11656.86882,True
0.0,30,11709.323337,False
0.0,30,12124.211449,False
0.0,30,12187.280325,False
0.7,30,12252.519104,True
3.0,30,12301.073475,True
0.0,30,12360.978359,False
0.0,30,12415.6497,False
0.0,30,12487.032376,False
0.0,30,12548.617089,False
0.0,30,12604.712046,False
0.0,30,12666.230042,False
0.0,30,12722.174461,False
3.0,30,12772.892203,True
0.0,30,12832.608445,False
0.0,30,12886.353074,False
0.0,30,12946.117423,False
0.0,30,13007.569302,False
0.0,30,13071.146694,False
0.0,30,13125.963194,False
0.0,30,13177.106849,False
0.0,30,13231.982915,False
0.0,30,13284.053067,False
0.0,30,13348.596734,False
0.0,30,13408.760368,False
0.0,30,13461.961009,False
0.0,30,13525.351645,False
0.0,30,13582.506067,False
0.0,30,13642.386523,False
0.0,30,13696.401393,False
0.0,30,13760.232222,False
0.0,30,13825.967323,False
0.0,30,13885.083226,False
0.0,30,13945.108656,False
0.0,30,14007.225292,False
0.0,30,14059.849591,False
0.0,30,14472.202002,False
0.0,30,14529.46894,False
0.0,30,14593.534466,False
0.0,30,14658.840814,False
2.6,30,14706.938615,True
0.0,30,14758.25566,False
0.0,30,14808.44719,False
0.0,30,14863.028432,False
0.0,30,14919.741482,False
0.0,30,14976.67067,False
3.0,30,15034.996728,True
0.0,30,15071.911164,False
2.4,30,15127.672052,True
2.3,30,15178.769137,True
0.0,30,15234.173728,False
0.0,30,15292.844096,False
0.0,30,15344.208844,False
2.3,30,15397.664975,True
0.4,30,15454.090445,True
1.2,30,15499.870679,True
0.0,30,15553.280709,False
2.2,30,15608.335979,True
2.8,30,15671.826412,True
1.2,30,15731.254523,True
0.0,30,15793.965425,False
0.0,30,15850.675023,False
0.0,30,15906.793666,False
0.0,30,15965.398602,False
0.0,30,16024.882428,False
3.0,30,16074.763567,True
0.0,30,16136.403336,False
0.0,30,16188.72999,False
0.0,30,16252.52956,False
0.0,30,16313.00074,False
0.0,30,16736.057115,False
0.0,30,16790.282084,False
0.0,30,16851.384138,False
0.0,30,16912.889062,False
2.8,30,16966.399718,True
0.0,30,17019.189268,False
0.0,30,17076.202959,False
0.0,30,17134.716896,False
0.0,30,17195.754751,False
0.0,30,17258.489598,False
0.0,30,17319.315416,False
0.0,30,17366.523179,False
0.0,30,17419.440548,False
0.0,30,17471.40785,False
2.5,30,17530.018449,True
3.0,30,17582.347156,True
0.0,30,17654.040644,False
0.0,30,17716.388875,False
2.6,30,17777.20048,True
1.7,30,17834.879054,True
0.0,30,17886.018421,False
1.1,30,17938.30071,True
0.0,30,17998.480612,False
0.0,30,18058.399549,False
0.0,30,18120.911167,False
0.0,30,18186.233366,False
2.6,30,18236.625149,True
0.0,30,18294.64476,False
2.8,30,18353.796154,True
0.0,30,18412.132895,False
0.0,30,18472.338421,False
0.0,30,18534.341702,False
0.0,30,18587.901528,False
0.4,30,18638.885215,True
2.8,30,18706.801044,True
1.0,30,19080.553982,True
0.0,30,19134.595053,False
2.8,30,19194.792054,True
1.1,30,19246.147853,True
0.4,30,19305.381632,False
0.0,30,19360.818852,False
2.5,30,19412.858543,True
0.0,30,19467.279314,False
0.0,30,19523.82792,False
0.0,30,19573.909231,False
2.4,30,19633.963944,True
0.0,30,19699.976001,False
2.8,30,19755.553662,True
0.7,30,19804.245059,True
0.0,30,19873.346893,False
0.0,30,19932.064049,False
0.0,30,19989.929376,False
0.5,30,20041.636386,True
0.0,30,20093.579238,False
0.0,30,20155.908311,False
0.0,30,20209.811845,False
2.3,30,20271.835525,True
0.0,30,20324.193907,False
0.0,30,20381.843706,False
0.0,30,20435.762819,False
0.0,30,20498.651055,False
0.0,30,20552.925753,False
0.0,30,20609.503003,False
2.4,30,20663.702447,True
0.0,30,20718.963536,False
0.0,30,20771.716098,False
2.6,30,20819.454778,True
2.4,30,20875.448168,True
1.9,30,20934.178412,True
2.5,30,21294.65874,True
0.0,30,21350.979852,False
0.0,30,21411.603512,False
0.0,30,21468.766971,False
3.0,30,21530.386282,True
3.0,30,21584.743232,True
0.0,30,21643.806247,False
0.0,30,21704.27559,False
2.8,30,21766.152177,True
0.0,30,21820.304471,False
0.0,30,21877.508208,False
0.0,30,21934.484418,False
2.8,30,21986.598774,True
0.0,30,22044.843843,False
0.0,30,22098.357931,False
0.7,30,22159.423741,True
2.6,30,22213.394842,True
0.0,30,22272.720032,False
2.6,30,22323.008723,True
0.0,30,22388.761661,False
0.0,30,22444.949783,False
0.0,30,22504.178025,False
2.1,30,22559.451506,True
2.8,30,22604.6657,True
0.0,30,22663.113297,False
1.8,30,22725.582129,True
0.0,30,22787.020838,False
0.0,30,22848.910024,False
0.0,30,22906.34166,False
0.0,30,22961.582216,False
1.0,30,23017.05079,True
3.0,30,23076.751326,True
0.0,30,23132.219174,False
0.0,30,23182.682056,False
0.0,30,23596.289816,False
0.0,30,23657.358398,False
0.0,30,23713.033361,False
1.0,30,23773.186551,True
2.1,30,23824.832912,True
0.0,30,23877.598863,False
2.5,30,23936.65235,True
2.9,30,23991.933877,True
0.0,30,24053.505989,False
0.0,30,24104.10613,False
0.0,30,24162.587479,False
2.4,30,24214.906045,True
0.0,30,24267.433361,False
0.0,30,24322.33893,False
0.0,30,24380.426446,False
0.0,30,24430.620282,False
0.0,30,24487.799986,False
0.0,30,24543.856389,False
0.0,30,24599.789448,False
0.7,30,24654.765982,True
0.0,30,24713.038593,False
0.0,30,24780.648017,False
0.0,30,24834.45198,False
0.0,30,24887.349641,False
2.7,30,24952.299124,True
0.5,30,25005.462205,True
0.8,30,25067.364723,False
0.0,30,25121.111147,False
2.9,30,25178.583557,True
0.0,30,25236.711743,False
0.0,30,25293.321776,False
0.0,30,25345.34692,False
2.7,30,25404.536332,True
2.3,30,25459.605356,True
0.0,30,25829.899884,False
0.0,30,25888.709907,False
0.0,30,25945.060021,False
0.0,30,26009.465585,False
2.3,30,26061.963732,True
2.8,30,26115.942975,True
2.3,30,26190.085938,True
2.7,30,26254.180775,True
2.9,30,26304.65402,True
0.0,30,26351.769154,False
0.0,30,26407.843183,False
0.0,30,26490.857819,False
0.0,30,26551.280297,False
0.0,30,26606.091652,False
2.7,30,26656.242536,True
1.9,30,26720.849041,True
0.0,30,26780.933344,False
0.0,30,26841.907511,False
2.6,30,26896.027861,True
0.0,30,26960.002874,False
1.9,30,27021.916916,True
0.0,30,27077.429336,False
0.0,30,27133.842252,False
0.0,30,27190.609816,False
3.0,30,27252.441907,True
1.8,30,27307.725283,True
1.8,30,27366.369398,True
0.0,30,27419.907813,False
2.8,30,27468.447395,True
2.7,30,27547.071685,True
2.8,30,27604.335966,True
2.0,30,27663.160358,True
2.9,30,27713.794985,True
2.8,30,27777.152367,True
2.5,30,28130.410386,True
0.0,30,28180.983361,False
0.5,30,28237.062273,True
0.0,30,28297.150527,False
0.0,30,28385.305902,False
0.0,30,28449.791141,False
0.0,30,28506.42139,False
0.0,30,28573.766542,False
0.0,30,28637.39562,False
0.0,30,28693.603915,False
0.0,30,28749.36542,False
2.7,30,28821.915901,True
0.0,30,28875.406632,False
1.7,30,28931.15268,True
0.0,30,28987.263703,False
0.0,30,29047.628896,False
0.0,30,29107.118802,False
0.0,30,29156.024178,False
2.1,30,29215.132163,True
0.0,30,29282.175259,False
2.9,30,29337.221686,True
0.0,30,29396.060932,False
0.0,30,29462.235182,False
0.0,30,29512.371042,False
2.8,30,29562.505537,True
0.2,30,29618.681903,True
2.8,30,29672.831922,True
2.8,30,29725.832432,True
2.8,30,29784.253257,True
0.0,30,29840.156848,False
0.0,30,29903.320027,False
2.3,30,29960.27091,True
0.0,30,30013.078288,False
0.0,30,30067.265147,False
0.0,30,30422.202001,False
2.8,30,30475.332899,True
0.0,30,30533.349564,False
0.0,30,30592.604584,False
0.0,30,30654.617183,False
2.8,30,30716.453885,True
1.9,30,30771.52616,True
2.7,30,30829.938295,True
0.0,30,30892.822594,False
0.0,30,30955.709609,False
2.7,30,31023.242791,True
0.0,30,31078.972017,False
2.3,30,31136.152744,True
3.0,30,31196.32934,True
2.1,30,31249.946317,True
2.8,30,31317.975622,True
0.0,30,31381.722878,False
0.0,30,31439.212858,False
0.0,30,31497.147739,False
0.0,30,31559.638981,False
0.0,30,31620.337196,False
0.0,30,31682.478218,False
0.0,30,31743.153309,False
2.4,30,31796.450508,True
2.2,30,31865.114258,True
2.2,30,31916.578059,True
0.0,30,31967.787,False
0.0,30,32025.28147,False
0.0,30,32076.258721,False
0.0,30,32129.400245,False
2.8,30,32189.359814,True
0.0,30,32245.891294,False
0.0,30,32304.166897,False
0.0,30,32362.704556,False
0.0,30,32703.475997,False
0.0,30,32768.388253,False
2.8,30,32825.539148,True
0.0,30,32880.742097,False
0.0,30,32947.907114,False
2.8,30,33009.773744,True
2.7,30,33070.896588,True
2.1,30,33123.170712,True
0.0,30,33181.771712,False
0.0,30,33243.949418,False
2.4,30,33299.038482,True
0.0,30,33351.922026,False
0.0,30,33416.112901,False
2.9,30,33471.807461,True
2.9,30,33533.736384,True
0.0,30,33597.559971,False
2.7,30,33662.755211,True
0.0,30,33722.962092,False
0.0,30,33782.083947,False
1.7,30,33832.822445,True
0.0,30,33889.80644,False
1.9,30,33952.254611,True
0.0,30,34005.608751,False
0.0,30,34061.127669,False
0.0,30,34116.533344,False
0.0,30,34171.138267,False
2.9,30,34236.994633,True
3.0,30,34296.135663,True
2.6,30,34354.545601,True
0.0,30,34413.376832,False
0.0,30,34474.731282,False
0.0,30,34538.619652,False
2.7,30,34592.363758,True
1.5,30,34648.203227,True
0.0,30,34710.405236,False
1.2,30,35081.4544,True
0.0,30,35154.401776,False
0.0,30,35209.165727,False
0.0,30,35265.205995,False
1.5,30,35326.499597,True
2.8,30,35379.934111,True
2.8,30,35445.269474,True
0.0,30,35504.665562,False
1.2,30,35559.840199,True
0.0,30,35627.255876,False
0.0,30,35692.371479,False
0.0,30,35743.152591,False
2.7,30,35802.372385,True
2.4,30,35857.128356,True
2.8,30,35915.493093,True
2.7,30,35970.355614,True
3.0,30,36027.922016,True
0.0,30,36088.794414,False
0.0,30,36152.618667,False
0.0,30,36206.222094,False
3.0,30,36268.609187,True
3.0,30,36324.377861,True
2.8,30,36393.249321,True
0.0,30,36452.761854,False
0.0,30,36509.262014,False
2.6,30,36572.172045,True
0.0,30,36635.725593,False
0.0,30,36700.85707,False
0.0,30,36757.382523,False
0.0,30,36813.560195,False
2.7,30,36869.020789,True
0.0,30,36928.102433,False
0.0,30,36997.657308,False
2.7,30,37055.049902,True
2.4,30,37432.773684,True
0.0,30,37492.08786,False
0.0,30,37558.125468,False
0.0,30,37618.587895,False
0.0,30,37671.094879,False
2.9,30,37729.180935,True
2.8,30,37792.259881,True
0.0,30,37841.523309,False
0.0,30,37894.974605,False
0.0,30,37958.058292,False
0.0,30,38017.216113,False
1.7,30,38079.063172,True
0.0,30,38137.122274,False
2.7,30,38203.913774,True
0.0,30,38259.916158,False
2.9,30,38317.244809,True
2.5,30,38388.088079,True
0.0,30,38444.545567,False
0.0,30,38506.369,False
2.8,30,38567.621646,True
0.0,30,38627.519299,False
2.8,30,38682.827186,True
0.0,30,38741.703314,False
0.0,30,38802.337754,False
0.0,30,38878.322541,False
2.0,30,38939.940573,True
0.0,30,39004.187684,False
0.0,30,39077.984887,False
0.0,30,39148.603851,False
2.8,30,39212.172189,True
0.0,30,39273.493371,False
0.0,30,39336.940591,False
0.0,30,39401.508432,False
0.0,30,39458.928075,False
0.0,30,39863.856287,False
2.5,30,39926.731201,True
0.0,30,39988.63863,False
3.0,30,40044.879049,True
0.0,30,40103.10461,False
2.6,30,40171.905229,True
0.0,30,40232.449735,False
0.0,30,40293.409415,False
3.0,30,40354.514813,True
0.4,30,40414.619041,True
2.8,30,40484.643709,True
0.0,30,40543.274042,False
2.5,30,40604.501094,True
0.0,30,40670.091255,False
0.0,30,40726.953894,False
0.0,30,40787.210651,False
2.7,30,40842.333469,True
0.0,30,40922.802335,False
0.0,30,40978.923267,False
2.1,30,41041.383032,True
2.7,30,41103.123229,True
0.0,30,41161.46741,False
0.0,30,41220.632547,False
2.6,30,41280.334467,True
0.0,30,41342.649687,False
2.8,30,41396.773448,True
0.0,30,41461.587977,False
0.5,30,41508.964309,True
2.3,30,41562.214686,True
0.0,30,41621.942379,False
0.0,30,41683.135395,False
2.7,30,41740.493099,True
0.0,30,41804.428402,False
2.9,30,41869.00642,True
2.8,30,42283.892793,True
0.0,30,42348.435513,False
1.7,30,42411.222142,True
3.0,30,42474.444241,True
0.0,30,42534.201751,False
0.4,30,42606.086502,False
0.0,30,42673.748662,False
0.0,30,42740.031477,False
2.2,30,42798.801549,True
1.0,30,42856.928154,True
0.0,30,42937.382591,False
0.0,30,43004.357331,False
2.7,30,43066.376739,True
2.9,30,43132.357797,True
0.0,30,43191.336779,False
2.4,30,43247.728325,True
0.0,30,43308.226399,False
3.0,30,43377.276421,True
0.0,30,43425.451148,False
3.0,30,43481.926237,True
2.5,30,43545.837789,True
2.7,30,43603.58512,True
2.5,30,43664.47502,True
0.0,30,43720.46568,False
0.0,30,43776.405576,False
2.7,30,43841.305233,True
0.0,30,43896.0967,False
1.8,30,43959.565833,False
2.4,30,44027.927486,True
2.9,30,44092.371177,True
0.0,30,44157.705519,False
2.7,30,44211.877197,True
1.8,30,44259.560063,True
0.0,30,44309.182382,False
2.3,30,44636.626692,True
0.0,30,44677.699547,False
0.0,30,44723.360429,False
0.0,30,44790.924906,False
2.2,30,44840.248938,True
2.7,30,44892.846557,True
0.0,30,44938.925143,False
2.5,30,44985.746613,True
0.0,30,45025.671435,False
2.4,30,45066.036881,True
3.0,30,45113.058407,True
0.0,30,45159.150215,False
2.5,30,45204.868691,True
2.2,30,45247.830478,True
2.6,30,45297.263273,True
0.0,30,45333.192022,False
0.0,30,45375.645596,False
0.0,30,45420.24223,False
0.0,30,45466.528966,False
2.6,30,45506.771621,True
2.8,30,45554.631074,True
2.2,30,45597.709565,True
0.0,30,45638.699223,False
0.0,30,45680.01404,False
0.0,30,45725.353538,False
2.6,30,45772.235993,True
2.8,30,45822.978502,True
1.6,30,45868.201288,True
0.0,30,45921.470328,False
0.0,30,45967.569236,False
0.0,30,46013.033482,False
2.8,30,46061.273053,True
0.6,30,46102.972959,True
2.9,30,46145.998816,True
2.9,30,46486.278833,True
2.7,30,46528.929724,True
0.0,30,46571.576237,False
0.0,30,46620.453933,False
0.0,30,46669.776374,False
0.0,30,46719.901498,False
2.6,30,46758.971456,True
0.0,30,46805.320878,False
0.0,30,46855.137598,False
2.7,30,46902.500453,True
2.3,30,46949.392693,True
1.5,30,46998.940149,True
0.0,30,47062.259376,False
3.0,30,47114.411099,True
1.9,30,47158.581752,False
2.8,30,47201.617164,True
0.0,30,47249.270346,False
0.0,30,47295.133068,False
0.0,30,47341.359825,False
0.0,30,47391.424618,False
0.0,30,47442.75737,False
2.9,30,47485.299875,True
0.0,30,47537.524048,False
0.0,30,47588.462369,False
0.0,30,47636.702808,False
2.9,30,47687.076303,True
0.0,30,47746.179987,False
2.9,30,47797.657149,True
2.1,30,47838.045085,True
2.7,30,47887.178275,True
2.9,30,47939.690971,True
0.0,30,47986.303649,False
0.0,30,48032.2143,False
2.7,30,48079.513301,True
0.0,30,48372.566071,False
2.2,30,48424.621727,True
2.7,30,48467.520813,True
0.0,30,48516.603871,False
0.0,30,48563.623477,False
2.9,30,48605.170653,True
0.0,30,48660.188429,False
0.0,30,48699.451023,False
2.6,30,48748.423129,True
0.0,30,48796.487219,False
2.1,30,48852.694162,True
3.0,30,48899.467094,True
0.0,30,48949.980924,False
0.0,30,49007.99472,False
2.0,30,49051.123698,True
0.0,30,49099.486775,False
0.0,30,49139.801845,False
2.8,30,49182.378198,True
2.1,30,49224.248173,True
0.0,30,49280.14597,False
2.4,30,49325.917884,True
1.3,30,49367.429123,False
2.5,30,49447.260177,True
0.9,30,49497.468488,False
2.8,30,49540.977359,True
0.0,30,49586.497847,False
0.0,30,49633.19566,False
1.9,30,49680.531589,True
0.0,30,49734.062546,False
1.9,30,49789.292526,True
3.0,30,49836.38699,True
2.9,30,49886.897669,True
0.0,30,49938.367979,False
0.0,30,49985.96424,False
0.0,30,50309.840309,False
0.0,30,50357.567598,False
0.0,30,50401.885188,False
2.9,30,50449.940078,True
0.0,30,50495.043016,False
0.0,30,50545.054692,False
0.0,30,50600.268604,False
3.0,30,50653.417541,True
2.8,30,50698.558173,True
1.9,30,50738.515735,True
0.0,30,50789.144265,False
0.0,30,50837.042533,False
0.0,30,50882.776747,False
0.0,30,50926.606448,False
2.4,30,50974.130567,True
2.7,30,51025.411495,True
0.0,30,51072.375657,False
0.0,30,51119.352061,False
0.0,30,51168.971451,False
2.7,30,51212.762395,True
0.0,30,51257.75263,False
2.4,30,51306.716269,True
2.7,30,51353.804002,True
0.8,30,51397.188129,True
0.0,30,51438.201323,False
2.7,30,51485.434739,True
2.1,30,51529.455121,True
0.0,30,51571.953775,False
0.0,30,51614.678396,False
2.8,30,51656.44187,True
0.0,30,51702.977859,False
2.6,30,51748.799908,True
2.5,30,51799.524469,True
0.0,30,51847.78786,False
0.0,30,51896.509707,False
0.0,30,52194.445949,False
2.8,30,52237.48918,True
0.0,30,52281.822925,False
0.0,30,52330.049219,False
0.0,30,52378.508271,False
1.9,30,52416.574462,True
2.4,30,52466.994313,True
2.5,30,52527.338679,True
0.0,30,52572.326479,False
0.0,30,52618.859127,False
2.6,30,52663.12729,True
0.0,30,52708.05239,False
0.0,30,52755.57427,False
2.5,30,52802.475928,True
0.0,30,52846.727958,False
0.0,30,52890.071559,False
2.8,30,52937.210227,True
1.1,30,52985.731429,True
2.7,30,53036.32783,True
1.5,30,53078.222722,False
2.9,30,53117.32255,True
1.3,30,53163.072429,True
0.0,30,53207.6466,False
0.3,30,53259.469827,True
0.0,30,53306.241261,False
0.0,30,53353.456976,False
0.0,30,53400.770097,False
0.0,30,53445.398654,False
2.2,30,53488.261059,True
0.0,30,53528.665533,False
0.0,30,53576.908206,False
1.8,30,53621.982159,True
2.7,30,53663.348682,True
0.0,30,53707.630023,False
2.8,30,54037.474047,True
1.7,30,54091.067895,True
2.8,30,54135.902466,True
2.8,30,54178.243222,True
0.0,30,54226.480864,False
0.0,30,54274.025462,False
2.5,30,54320.158495,True
0.0,30,54362.517386,False
0.0,30,54407.323856,False
3.0,30,54455.570801,True
0.0,30,54500.076975,False
2.5,30,54544.626559,True
0.0,30,54589.988853,False
2.9,30,54638.324387,True
0.0,30,54686.242938,False
3.0,30,54734.757684,True
1.3,30,54775.966621,True
0.0,30,54825.876663,False
0.0,30,54876.101991,False
0.0,30,54920.7178,False
3.0,30,54971.220155,True
2.7,30,55021.248545,True
0.0,30,55071.424558,False
2.7,30,55115.027137,True
0.0,30,55172.423655,False
1.2,30,55218.112453,True
2.6,30,55269.64274,True
0.0,30,55317.932136,False
0.0,30,55359.92031,False
0.0,30,55406.887343,False
0.0,30,55453.372717,False
0.0,30,55507.826127,False
0.0,30,55552.465789,False
0.0,30,55600.285623,False
0.5,30,55914.962101,True
0.0,30,55963.568207,False
2.8,30,56013.782014,True
0.0,30,56057.887954,False
0.0,30,56105.873401,False
0.0,30,56151.81494,False
0.0,30,56194.631005,False
0.0,30,56241.182608,False
2.7,30,56289.700874,True
2.2,30,56333.710966,True
0.0,30,56383.766507,False
0.0,30,56427.375295,False
2.7,30,56474.096795,True
0.0,30,56516.502906,False
0.0,30,56569.440372,False
2.3,30,56607.747801,True
0.0,30,56656.160057,False
2.3,30,56703.145492,True
0.0,30,56752.427297,False
0.0,30,56796.967829,False
2.8,30,56841.614182,True
2.5,30,56893.819103,True
2.8,30,56933.882491,True
0.0,30,56982.494213,False
0.0,30,57032.368667,False
1.8,30,57076.569216,True
2.5,30,57119.083835,True
0.0,30,57161.178351,False
1.7,30,57203.925815,True
0.0,30,57250.072783,False
1.4,30,57298.864229,True
0.0,30,57345.764339,False
2.1,30,57391.849876,True
0.0,30,57448.960167,False
0.0,30,57738.71575,False
0.0,30,57782.858218,False
0.0,30,57832.808361,False
0.0,30,57876.893694,False
0.0,30,57924.740855,False
2.8,30,57971.389507,True
1.8,30,58023.211068,False
1.0,30,58077.33538,True
0.0,30,58127.283272,False
0.0,30,58184.249339,False
0.0,30,58248.772942,False
2.2,30,58296.901982,True
0.0,30,58339.894644,False
1.8,30,58380.44739,True
1.1,30,58445.669298,False
2.2,30,58491.58584,True
3.0,30,58542.640676,True
1.7,30,58586.966129,True
2.8,30,58630.501893,True
0.0,30,58671.448798,False
2.5,30,58728.450303,True
0.0,30,58774.556179,False
2.9,30,58817.200067,True
2.5,30,58863.269657,True
0.0,30,58909.556584,False
2.7,30,58960.198221,True
2.8,30,59003.917874,True
3.0,30,59054.520601,True
0.0,30,59095.315829,False
0.2,30,59136.179428,False
0.0,30,59179.082396,False
2.3,30,59220.850337,True
0.0,30,59264.987755,False
0.0,30,59315.313336,False
0.0,30,59595.330391,False
2.9,30,59641.367005,True
1.5,30,59687.388272,True
2.8,30,59738.281296,True
2.1,30,59780.790833,True
2.7,30,59817.089157,True
2.8,30,59861.084188,True
2.5,30,59904.054672,True
2.5,30,59947.764842,True
0.0,30,59996.588992,False
2.6,30,60054.028398,True
0.0,30,60100.354826,False
0.0,30,60146.426265,False
0.0,30,60191.575985,False
2.5,30,60235.167777,True
2.8,30,60289.766621,True
0.5,30,60333.797989,True
0.0,30,60390.854601,False
0.0,30,60440.897426,False
3.0,30,60491.981444,True
0.0,30,60538.445746,False
0.0,30,60586.815509,False
0.0,30,60638.807739,False
2.8,30,60687.738018,True
2.8,30,60735.323983,True
2.9,30,60786.804771,True
2.6,30,60833.956506,True
0.0,30,60880.145668,False
0.0,30,60924.166098,False
2.0,30,60971.36521,True
2.7,30,61013.409535,True
1.6,30,61061.045861,True
2.6,30,61107.091535,True
2.8,30,61166.585921,True
0.0,30,61469.256779,False
0.0,30,61511.253525,False
2.2,30,61561.406213,True
2.5,30,61603.083145,True
0.0,30,61645.377511,False
2.7,30,61683.676255,True
0.0,30,61725.847487,False
0.0,30,61765.559259,False
0.0,30,61812.888725,False
2.7,30,61854.913175,True
0.0,30,61901.060263,False
0.0,30,61943.891309,False
0.0,30,61993.214461,False
2.8,30,62047.573851,True
0.0,30,62094.592867,False
1.5,30,62142.359213,True
1.3,30,62192.186506,True
0.0,30,62242.564499,False
3.0,30,62293.610623,True
0.0,30,62357.03834,False
0.0,30,62404.238156,False
0.0,30,62451.720155,False
0.0,30,62500.840975,False
0.0,30,62547.255656,False
1.8,30,62610.23113,True
2.9,30,62662.42692,True
0.0,30,62706.281263,False
2.4,30,62752.338221,True
2.0,30,62796.535969,True
0.8,30,62844.291628,True
2.9,30,62893.577404,True
2.1,30,62940.648657,True
2.7,30,62987.646299,True
2.6,30,63040.239354,True
0.0,30,63365.56555,False
0.0,30,63414.354141,False
0.0,30,63469.027924,False
0.0,30,63512.908239,False
2.7,30,63558.069656,True
2.9,30,63601.993304,True
2.7,30,63654.215997,True
1.7,30,63701.299181,True
2.2,30,63746.377749,True
2.6,30,63795.698544,True
0.0,30,63839.340563,False
0.0,30,63884.997202,False
0.0,30,63932.08692,False
2.7,30,63979.111672,True
0.0,30,64024.36967,False
0.0,30,64082.610041,False
1.3,30,64131.123137,True
0.0,30,64179.39637,False
0.3,30,64222.290961,False
0.0,30,64265.605915,False
0.0,30,64306.924411,False
2.8,30,64358.116091,True
3.0,30,64403.131568,True
0.0,30,64456.191602,False
0.0,30,64506.238952,False
0.0,30,64551.551978,False
0.0,30,64601.658478,False
0.0,30,64649.337021,False
0.0,30,64692.955587,False
2.5,30,64754.711191,True
3.0,30,64807.766468,True
0.0,30,64846.653417,False
0.0,30,64894.686827,False
2.7,30,64944.812033,True
2.2,30,64999.284474,True
1.6,30,65298.73285,True
0.0,30,65343.484324,False
0.0,30,65388.209291,False
0.0,30,65437.142937,False
2.8,30,65486.381275,True
0.0,30,65529.482992,False
0.0,30,65579.399265,False
0.0,30,65627.222105,False
2.6,30,65672.259739,True
2.8,30,65719.4589,True
2.9,30,65764.147298,True
0.0,30,65810.792588,False
0.0,30,65864.319228,False
2.6,30,65914.701986,True
0.0,30,65965.593178,False
0.0,30,66017.393691,False
2.8,30,66063.384027,True
0.0,30,66105.869099,False
2.9,30,66153.933738,True
1.7,30,66193.442427,True
0.0,30,66242.493091,False
2.7,30,66319.237465,True
0.0,30,66402.876829,False
2.2,30,66456.925095,True
0.0,30,66520.189298,False
1.5,30,66567.506346,True
0.0,30,66611.167656,False
0.0,30,66656.009751,False
0.0,30,66704.121357,False
0.0,30,66761.386274,False
2.1,30,66806.669029,True
0.0,30,66858.718572,False
2.4,30,66909.923938,True
3.0,30,66955.02488,True
0.0,30,67249.874104,False
0.0,30,67298.017479,False
2.6,30,67346.594458,True
0.0,30,67392.992298,False
2.2,30,67436.808566,True
2.7,30,67494.257195,True
0.0,30,67536.709155,False
0.0,30,67581.683584,False
2.3,30,67627.274748,True
0.0,30,67672.658397,False
2.8,30,67717.958033,True
2.6,30,67764.817926,True
0.0,30,67815.586694,False
2.6,30,67860.169526,True
0.0,30,67919.371308,False
0.0,30,67965.241397,False
1.4,30,68014.019049,True
2.5,30,68061.287467,True
1.8,30,68107.167966,True
2.8,30,68150.443478,True
0.0,30,68201.466235,False
0.0,30,68247.915776,False
0.0,30,68291.283281,False
0.0,30,68343.981215,False
2.8,30,68392.52088,True
2.4,30,68435.859325,True
2.2,30,68479.299302,True
2.7,30,68520.809877,True
0.8,30,68561.590664,False
0.0,30,68608.881356,False
2.4,30,68657.395026,True
2.6,30,68704.234977,True
2.9,30,68751.292912,True
0.0,30,68797.311261,False
0.0,30,69125.396366,False
2.5,30,69173.419244,True
0.0,30,69219.489717,False
0.0,30,69266.647638,False
0.0,30,69314.346821,False
2.8,30,69360.565767,True
1.2,30,69408.196599,False
0.0,30,69458.858608,False
0.0,30,69505.397534,False
2.2,30,69548.188046,True
0.0,30,69598.862259,False
2.6,30,69646.195018,True
0.0,30,69692.402814,False
3.0,30,69743.654326,True
0.0,30,69794.097965,False
0.6,30,69838.129086,False
0.0,30,69884.500421,False
2.5,30,69932.553852,True
0.0,30,69978.725806,False
0.0,30,70026.885864,False
3.0,30,70081.037865,True
0.0,30,70126.037854,False
3.0,30,70168.65885,True
2.9,30,70217.773746,True
0.0,30,70266.207405,False
0.0,30,70311.792501,False
0.0,30,70362.096836,False
2.6,30,70416.898725,True
0.0,30,70470.147877,False
0.0,30,70520.480856,False
2.8,30,70564.751558,True
0.0,30,70611.767774,False
2.6,30,70655.649407,True
0.0,30,70708.843821,False
0.0,30,71022.802091,False
2.8,30,71066.983985,True
0.0,30,71121.463089,False
2.3,30,71164.239256,True
0.0,30,71211.24191,False
2.4,30,71264.296759,True
2.8,30,71312.513844,True
2.5,30,71359.103085,True
0.0,30,71404.751076,False
2.7,30,71453.879505,True
0.0,30,71506.306659,False
2.5,30,71549.773641,True
1.9,30,71595.235814,True
0.0,30,71641.891555,False
0.0,30,71694.935432,False
0.0,30,71739.733008,False
0.0,30,71781.108236,False
1.5,30,71828.690225,True
2.7,30,71871.737697,True
2.6,30,71922.459968,True
0.0,30,71969.306091,False
0.0,30,72016.972616,False
0.0,30,72073.481893,False
0.0,30,72123.010713,False
2.9,30,72171.423523,True
1.4,30,72219.739392,True
3.0,30,72288.796342,True
2.8,30,72338.339452,True
2.2,30,72382.005498,True
2.5,30,72434.306506,True
2.1,30,72481.034046,True
0.0,30,72529.976354,False
0.0,30,72580.492102,False
0.0,30,72626.585854,False
0.0,30,72965.112874,False
0.0,30,73014.952075,False
0.0,30,73073.132521,False
2.6,30,73120.016535,True
0.0,30,73167.31002,False
0.0,30,73216.805119,False
0.0,30,73265.259818,False
0.0,30,73314.530914,False
0.0,30,73365.367551,False
1.5,30,73410.646142,True
2.6,30,73456.949702,True
3.0,30,73520.014894,True
1.8,30,73566.073906,True
2.8,30,73622.655692,True
0.0,30,73674.316477,False
0.0,30,73725.159647,False
2.9,30,73772.792071,True
2.6,30,73816.359242,True
1.7,30,73865.449378,True
2.9,30,73914.464412,True
3.0,30,73963.38212,True
0.0,30,74005.681912,False
0.0,30,74064.00831,False
2.8,30,74103.745887,True
0.0,30,74149.036147,False
2.6,30,74196.908685,True
0.0,30,74242.982919,False
0.0,30,74287.562161,False
2.4,30,74334.299209,True
2.7,30,74382.784403,True
0.0,30,74427.063909,False
0.0,30,74477.004248,False
0.0,30,74523.633155,False
1.6,30,74592.674479,True
0.0,30,74920.017308,False
0.0,30,74970.302621,False
0.0,30,75020.398743,False
0.0,30,75069.86375,False
0.0,30,75118.526754,False
2.8,30,75166.362133,True
0.0,30,75209.521629,False
0.0,30,75285.661118,False
2.5,30,75333.341234,True
0.0,30,75379.125577,False
0.0,30,75425.973753,False
0.0,30,75477.477525,False
2.5,30,75526.172492,True
2.7,30,75569.326231,True
2.3,30,75615.678293,True
0.0,30,75659.602814,False
2.7,30,75712.253875,True
2.7,30,75758.953458,True
0.0,30,75813.301427,False
2.6,30,75859.315259,True
0.0,30,75909.234493,False
1.9,30,75957.010448,True
1.5,30,76003.855374,True
0.9,30,76055.166676,True
0.0,30,76102.055751,False
3.0,30,76150.584593,True
0.0,30,76196.860699,False
2.3,30,76241.032734,True
0.3,30,76286.405559,False
2.6,30,76333.040003,True
0.0,30,76384.082262,False
3.0,30,76427.871855,True
2.2,30,76473.360938,True
1.8,30,76522.954476,True
2.0,30,76877.81111,True
0.0,30,76929.248796,False
0.9,30,76982.146329,True
2.9,30,77028.819207,True
2.8,30,77078.196043,True
0.0,30,77125.339086,False
2.2,30,77174.777992,True
2.8,30,77219.479914,True
0.0,30,77266.704431,False
0.0,30,77316.618691,False
1.5,30,77372.433263,True
0.0,30,77426.356835,False
0.0,30,77475.501341,False
2.5,30,77524.174643,True
0.7,30,77575.686024,True
0.0,30,77626.711562,False
0.0,30,77674.265872,False
0.0,30,77718.166947,False
0.0,30,77764.168357,False
1.9,30,77808.515744,True
2.7,30,77858.393996,True
1.0,30,77900.211764,True
2.7,30,77961.399574,True
2.8,30,78012.511168,True
2.5,30,78064.191175,True
0.0,30,78111.222667,False
2.8,30,78157.034804,True
0.0,30,78210.558231,False
2.3,30,78259.017029,True
0.0,30,78308.181548,False
0.0,30,78358.42121,False
0.0,30,78416.299962,False
1.7,30,78466.764558,True
0.0,30,78506.771783,False
0.0,30,78838.226167,False
2.5,30,78883.930579,True
0.0,30,78929.091416,False
2.5,30,78971.469295,True
0.0,30,79017.112367,False
0.0,30,79062.20437,False
0.0,30,79107.589645,False
2.8,30,79160.683299,True
2.0,30,79206.99512,True
2.9,30,79270.451097,True
2.6,30,79319.040233,True
3.0,30,79365.284333,True
0.0,30,79406.488929,False
1.4,30,79453.055952,True
0.1,30,79509.661328,False
1.9,30,79563.453681,True
2.4,30,79612.203494,True
2.6,30,79657.191264,True
0.0,30,79700.128132,False
0.0,30,79747.096547,False
0.0,30,79795.73046,False
2.7,30,79842.257835,True
2.8,30,79887.638217,True
0.0,30,79934.670897,False
2.7,30,79981.156729,True
2.8,30,80023.323143,True
0.0,30,80076.433477,False
2.8,30,80117.210593,True
2.1,30,80176.833874,True
0.0,30,80226.020785,False
0.0,30,80271.812782,False
0.0,30,80320.550821,False
0.0,30,80363.881456,False
0.0,30,80407.195966,False
2.7,30,80452.991416,True
2.4,30,80799.323107,True
0.1,30,80841.290726,False
0.0,30,80890.437032,False
0.0,30,80944.896061,False
0.0,30,80995.81736,False
2.7,30,81039.146111,True
2.5,30,81085.791605,True
2.7,30,81131.886577,True
0.0,30,81182.872281,False
2.6,30,81227.273154,True
2.8,30,81274.65615,True
2.6,30,81319.077609,True
0.6,30,81367.911648,True
0.0,30,81410.983356,False
2.5,30,81462.60248,True
0.0,30,81512.349659,False
0.0,30,81561.908653,False
1.9,30,81609.819791,True
0.0,30,81649.710481,False
0.0,30,81696.702394,False
2.2,30,81748.202105,True
2.5,30,81798.630069,True
1.8,30,81842.837819,True
3.0,30,81891.918712,True
0.0,30,81932.351012,False
0.0,30,81977.052814,False
0.0,30,82023.626204,False
1.1,30,82072.359803,True
2.7,30,82119.678451,True
0.0,30,82167.810223,False
0.0,30,82208.533192,False
0.0,30,82263.823499,False
0.0,30,82310.739629,False
2.8,30,82355.650467,True
0.0,30,82681.77499,False
2.5,30,82730.28686,True
0.0,30,82777.936275,False
2.5,30,82823.633843,True
1.9,30,82875.260076,True
1.5,30,82925.594303,True
0.0,30,82966.920328,False
3.0,30,83008.322901,True
2.1,30,83049.841174,True
2.7,30,83102.679741,True
0.8,30,83151.917048,True
2.5,30,83196.399469,True
0.0,30,83239.88245,False
2.6,30,83286.225129,True
0.0,30,83335.077117,False
2.8,30,83376.509273,True
0.0,30,83419.815545,False
0.0,30,83469.480634,False
2.9,30,83522.662013,True
2.6,30,83572.112949,True
2.5,30,83623.324882,True
2.8,30,83671.889546,True
2.7,30,83719.327376,True
0.0,30,83766.175511,False
2.4,30,83811.999989,True
2.5,30,83860.730248,True
2.8,30,83910.535413,True
0.0,30,83957.612643,False
2.5,30,84002.944576,True
2.6,30,84048.786901,True
1.2,30,84096.492653,False
2.7,30,84140.692188,True
1.5,30,84190.157504,True
1.2,30,84239.453716,True
0.0,30,84555.468663,False
2.7,30,84597.539081,True
0.0,30,84643.103013,False
1.7,30,84702.319783,True
0.0,30,84748.529851,False
0.0,30,84796.425993,False
1.9,30,84839.37267,True
2.8,30,84897.064897,True
3.0,30,84948.405766,True
2.7,30,84997.220822,True
2.7,30,85054.586833,True
0.0,30,85102.600549,False
2.5,30,85148.911462,True
2.6,30,85196.065662,True
0.0,30,85238.691985,False
2.6,30,85284.032095,True
2.7,30,85330.868461,True
2.6,30,85376.908399,True
0.0,30,85436.279243,False
2.8,30,85484.443566,True
0.0,30,85528.345412,False
2.6,30,85573.385111,True
1.0,30,85621.633411,True
2.4,30,85676.200889,True
2.6,30,85721.337131,True
0.0,30,85764.739101,False
0.0,30,85810.136318,False
2.8,30,85855.052496,True
0.0,30,85898.507607,False
3.0,30,85944.164294,True
2.4,30,85989.275192,True
0.0,30,86036.890182,False
0.0,30,86081.243651,False
3.0,30,86128.464133,True
3.0,30,86485.474311,True
0.0,30,86529.815017,False
2.6,30,86576.923888,True
0.0,30,86631.817804,False
0.0,30,86687.596842,False
2.1,30,86735.600956,True
2.9,30,86785.803659,True
2.5,30,86834.488223,True
0.0,30,86887.244213,False
3.0,30,86936.477607,True
0.0,30,86982.557651,False
0.0,30,87031.781901,False
0.0,30,87077.442198,False
2.7,30,87121.396281,True
2.8,30,87170.681014,True
0.0,30,87223.479631,False
0.0,30,87278.448648,False
0.0,30,87321.595695,False
0.0,30,87366.865795,False
2.0,30,87410.763898,True
2.4,30,87455.22385,True
2.1,30,87497.78894,True
2.9,30,87553.082767,True
2.4,30,87595.890857,True
2.8,30,87639.434336,True
0.0,30,87694.748091,False
3.0,30,87750.256282,True
2.0,30,87798.910791,True
0.0,30,87845.921367,False
0.0,30,87891.575769,False
2.5,30,87937.707266,True
2.2,30,87987.259271,True
0.0,30,88034.056862,False
1.9,30,88079.653684,True
0.0,30,88369.104109,False
2.1,30,88413.073407,True
2.5,30,88457.375286,True
2.8,30,88502.180558,True
2.5,30,88543.390541,True
3.0,30,88587.401478,True
0.0,30,88636.421856,False
2.3,30,88692.801868,True
0.0,30,88740.724971,False
2.9,30,88788.110211,True
2.7,30,88834.710789,True
2.2,30,88891.925184,True
3.0,30,88935.690434,True
0.0,30,88985.7896,False
0.0,30,89035.722999,False
2.5,30,89098.140622,True
3.0,30,89149.876634,True
0.0,30,89188.619768,False
0.0,30,89237.929541,False
0.0,30,89293.862164,False
0.8,30,89345.358051,True
0.0,30,89401.452594,False
0.0,30,89454.11475,False
0.0,30,89501.523812,False
2.9,30,89548.503319,True
0.0,30,89597.379369,False
0.0,30,89642.368176,False
0.0,30,89686.432202,False
2.9,30,89732.897935,True
0.0,30,89786.461864,False
0.0,30,89834.686752,False
0.0,30,89879.379014,False
0.0,30,89930.667263,False
0.0,30,89974.451901,False
0.0,30,90290.382969,False
0.0,30,90336.405902,False
2.3,30,90378.127395,True
0.0,30,90420.960685,False
2.0,30,90470.553751,True
2.7,30,90519.131711,True
0.5,30,90564.5457,False
0.0,30,90609.917138,False
2.9,30,90659.135843,True
2.8,30,90706.16633,True
2.8,30,90755.157089,True
0.0,30,90808.125165,False
2.7,30,90858.385367,True
0.0,30,90903.080558,False
0.4,30,90947.989921,True
0.0,30,90996.538838,False
2.5,30,91042.668225,True
0.0,30,91095.823092,False
2.3,30,91137.44955,True
1.2,30,91181.779062,False
0.0,30,91232.462782,False
2.7,30,91278.708435,True
0.0,30,91326.228047,False
2.8,30,91365.008357,True
0.0,30,91411.681437,False
2.2,30,91460.186341,True
0.0,30,91507.402359,False
0.0,30,91551.028983,False
2.7,30,91595.277368,True
2.7,30,91637.661406,True
0.0,30,91680.543231,False
0.0,30,91727.28488,False
0.0,30,91774.257268,False
1.1,30,91822.234712,True
0.0,30,92165.643401,False
0.0,30,92207.848027,False
0.0,30,92249.061514,False
0.0,30,92296.585683,False
0.0,30,92347.868815,False
2.7,30,92404.351142,True
0.0,30,92451.616508,False
0.0,30,92497.181486,False
2.7,30,92541.5109,True
2.9,30,92589.966456,True
0.0,30,92634.737742,False
2.6,30,92678.437681,True
0.0,30,92722.222187,False
0.0,30,92768.290292,False
2.8,30,92813.606064,True
0.0,30,92860.891424,False
0.0,30,92910.618824,False
0.0,30,92957.071341,False
2.2,30,93004.718585,True
0.0,30,93046.65863,False
0.0,30,93109.358327,False
0.0,30,93161.391913,False
2.5,30,93209.762034,True
0.0,30,93251.911869,False
2.8,30,93298.669038,True
2.1,30,93342.562606,True
2.7,30,93391.082033,True
2.8,30,93430.027127,True
0.0,30,93477.385596,False
0.0,30,93526.686897,False
0.0,30,93578.97956,False
0.0,30,93623.475875,False
0.0,30,93664.273496,False
2.7,30,93708.964363,True
0.0,30,93760.359746,False
0.0,30,94102.999445,False
0.0,30,94157.412445,False
1.2,30,94209.407084,False
2.1,30,94256.225949,True
0.0,30,94312.496081,False
2.8,30,94351.736675,True
0.0,30,94406.350821,False
2.7,30,94454.57805,True
2.5,30,94501.878197,True
0.0,30,94548.529043,False
0.0,30,94598.814309,False
2.1,30,94652.206132,True
0.0,30,94698.735096,False
2.9,30,94746.669168,True
2.8,30,94798.809748,True
2.6,30,94853.246702,True
0.0,30,94899.698776,False
2.3,30,94948.871728,True
2.9,30,95000.16921,True
2.8,30,95050.890699,True
0.0,30,95095.11968,False
0.0,30,95152.27348,False
0.0,30,95197.112872,False
0.0,30,95242.41949,False
1.4,30,95286.926776,False
2.9,30,95338.258647,True
0.0,30,95382.033517,False
2.8,30,95430.029716,True
0.0,30,95476.96226,False
0.0,30,95525.915999,False
0.0,30,95568.50235,False
0.0,30,95613.978977,False
0.0,30,95668.459669,False
2.9,30,95716.252339,True
2.7,30,96044.652547,True
3.0,30,96096.370895,True
0.0,30,96140.434866,False
0.0,30,96190.384457,False
2.7,30,96238.807021,True
2.2,30,96281.661465,True
0.0,30,96330.600852,False
0.0,30,96375.934429,False
2.6,30,96422.728958,True
0.0,30,96469.439769,False
2.9,30,96514.822931,True
2.7,30,96557.789183,True
2.7,30,96600.037894,True
2.8,30,96646.368524,True
0.0,30,96696.074883,False
2.7,30,96742.260786,True
0.2,30,96801.518749,False
2.9,30,96850.751561,True
2.9,30,96899.094939,True
0.0,30,96939.683173,False
0.0,30,96984.522665,False
0.0,30,97031.205838,False
2.8,30,97077.179195,True
0.0,30,97126.046445,False
2.8,30,97172.233002,True
2.6,30,97222.465433,True
0.0,30,97269.691172,False
0.0,30,97315.855822,False
0.0,30,97361.272774,False
2.7,30,97431.866423,True
0.0,30,97478.485694,False
2.8,30,97530.371539,True
2.3,30,97577.450928,True
0.0,30,97625.10337,False
2.9,30,97956.378321,True
1.3,30,97998.391757,True
2.4,30,98042.741862,True
0.0,30,98088.396406,False
2.5,30,98135.612643,True
0.7,30,98184.727998,True
2.7,30,98232.396413,True
2.4,30,98277.851019,True
2.8,30,98320.827554,True
0.0,30,98366.900173,False
2.5,30,98417.289123,True
0.0,30,98463.850649,False
0.0,30,98517.865072,False
0.0,30,98568.336489,False
2.8,30,98611.478191,True
2.4,30,98656.670096,True
3.0,30,98706.282982,True
2.3,30,98751.430013,True
0.0,30,98796.030203,False
0.0,30,98840.115747,False
0.0,30,98885.018162,False
2.9,30,98942.015098,True
0.0,30,99014.487626,False
2.4,30,99062.869565,True
2.8,30,99116.363607,True
0.0,30,99165.003685,False
0.0,30,99217.505008,False
0.0,30,99267.274518,False
2.7,30,99319.565742,True
0.0,30,99365.838302,False
0.0,30,99416.488218,False
2.8,30,99465.631106,True
0.0,30,99526.300115,False
0.0,30,99571.902506,False
0.0,30,99919.649049,False
0.0,30,99968.272107,False
2.6,30,100015.973978,True
0.0,30,100066.704753,False
0.0,30,100106.296592,False
0.0,30,100157.351962,False
0.0,30,100203.593303,False
2.5,30,100249.91151,True
0.0,30,100295.576906,False
2.8,30,100346.775088,True
0.0,30,100392.825413,False
2.8,30,100438.106646,True
0.0,30,100488.136955,False
0.0,30,100540.8501,False
0.0,30,100582.741865,False
2.6,30,100626.846133,True
0.0,30,100677.732293,False
2.7,30,100723.464708,True
0.0,30,100779.884582,False
0.0,30,100841.476799,False
0.0,30,100889.50807,False
0.0,30,100940.66976,False
0.0,30,100988.375118,False
0.0,30,101034.524112,False
0.0,30,101080.370008,False
0.0,30,101125.386653,False
2.2,30,101175.446384,True
0.0,30,101226.498524,False
0.0,30,101272.306228,False
2.6,30,101322.577946,True
0.0,30,101375.009143,False
0.0,30,101421.067651,False
0.0,30,101469.666336,False
0.0,30,101525.780926,False
2.4,30,101861.076194,True
1.8,30,101912.8499,True
2.5,30,101957.057116,False
2.0,30,102008.33179,True
0.1,30,102054.680081,True
0.0,30,102111.294128,False
0.6,30,102153.819526,False
2.7,30,102206.659954,True
0.0,30,102250.006629,False
3.0,30,102296.147432,True
3.0,30,102345.372602,True
2.4,30,102387.701467,True
2.7,30,102436.594615,True
2.3,30,102482.961007,True
0.0,30,102531.981863,False
2.9,30,102577.234104,True
1.8,30,102627.135262,True
0.0,30,102671.537237,False
2.8,30,102725.507082,True
0.0,30,102773.264332,False
0.0,30,102819.245878,False
0.0,30,102866.527734,False
0.0,30,102913.561947,False
2.4,30,102968.734097,True
0.0,30,103019.496247,False
0.6,30,103065.768731,True
0.0,30,103118.692254,False
0.0,30,103166.6716,False
0.0,30,103207.818194,False
2.5,30,103262.761998,True
0.0,30,103301.620569,False
0.0,30,103345.123666,False
2.8,30,103396.797546,True
0.0,30,103438.425485,False
2.3,30,103792.528667,True
2.2,30,103835.417641,True
0.0,30,103884.918288,False
2.1,30,103930.554402,True
2.0,30,103977.286687,True
2.5,30,104026.641622,True
0.0,30,104070.243922,False
1.9,30,104119.170455,True
0.0,30,104168.323563,False
2.7,30,104216.650383,True
2.7,30,104262.724155,True
2.6,30,104327.656003,True
2.0,30,104375.458039,True
0.0,30,104420.238044,False
0.0,30,104467.13262,False
3.0,30,104513.96792,True
2.2,30,104562.658053,True
0.0,30,104609.74227,False
0.0,30,104655.240332,False
2.7,30,104704.862809,True
2.8,30,104754.774681,True
0.2,30,104805.593017,False
2.7,30,104851.357706,True
0.0,30,104897.39711,False
0.0,30,104949.883599,False
2.7,30,104997.112395,True
2.7,30,105050.137455,True
3.0,30,105095.824856,True
0.0,30,105143.72209,False
0.0,30,105195.89028,False
0.0,30,105247.195148,False
0.0,30,105292.097675,False
0.0,30,105334.936093,False
2.7,30,105384.130862,True
0.0,30,105711.200644,False
1.9,30,105766.33638,True
0.0,30,105813.46886,False
2.8,30,105859.266835,True
0.0,30,105907.969194,False
0.0,30,105957.677139,False
2.6,30,106003.779363,True
0.0,30,106050.751647,False
0.0,30,106097.064821,False
0.0,30,106147.063185,False
2.8,30,106188.384475,True
2.6,30,106233.054705,True
0.0,30,106282.545446,False
0.0,30,106324.24696,False
2.3,30,106370.348677,True
2.8,30,106415.047304,True
2.8,30,106461.047708,True
0.0,30,106510.367696,False
3.0,30,106555.064167,True
2.5,30,106605.98167,True
3.0,30,106648.927135,True
2.2,30,106711.966353,True
0.0,30,106754.221444,False
0.0,30,106801.905751,False
0.0,30,106848.400223,False
2.6,30,106896.981564,True
2.7,30,106943.542506,True
2.9,30,106991.537733,True
2.2,30,107042.468228,True
0.0,30,107086.783519,False
0.0,30,107131.58735,False
2.4,30,107183.337843,True
0.0,30,107230.088402,False
1.8,30,107270.857189,True
2.8,30,107575.001531,True
2.6,30,107621.116167,True
2.7,30,107671.808746,True
2.4,30,107723.230677,True
2.6,30,107765.245265,True
2.3,30,107810.821398,True
0.4,30,107864.214509,True
0.0,30,107911.675002,False
2.2,30,107954.674622,True
1.3,30,108001.051613,True
0.0,30,108048.425249,False
0.0,30,108095.109817,False
0.0,30,108141.245492,False
0.0,30,108184.654556,False
2.8,30,108227.955372,True
0.5,30,108275.237157,True
2.8,30,108322.364251,True
2.7,30,108369.817452,True
3.0,30,108418.131865,True
0.0,30,108461.969112,False
0.5,30,108512.884001,True
0.0,30,108558.407253,False
2.3,30,108604.691303,True
0.0,30,108649.683388,False
0.0,30,108696.737655,False
2.8,30,108740.877502,True
3.0,30,108791.594457,True
0.0,30,108838.679816,False
1.7,30,108894.124465,True
2.4,30,108944.336898,True
2.6,30,108992.881524,True
2.4,30,109034.32633,True
1.9,30,109076.183801,True
2.7,30,109124.558915,True
0.0,30,109172.023031,False
0.0,30,109491.390399,False
2.6,30,109538.90368,True
0.0,30,109580.229146,False
2.8,30,109632.277452,True
0.0,30,109679.449156,False
0.0,30,109730.12691,False
0.0,30,109782.000966,False
0.0,30,109840.129606,False
0.0,30,109886.773973,False
3.0,30,109938.017233,True
2.8,30,109986.594492,True
0.0,30,110038.025922,False
0.0,30,110083.093259,False
0.0,30,110128.258502,False
2.4,30,110184.50097,True
0.0,30,110233.259521,False
2.5,30,110277.824308,True
0.0,30,110325.622224,False
2.4,30,110370.336768,True
0.0,30,110415.748513,False
3.0,30,110463.545199,True
0.0,30,110504.213792,False
2.6,30,110547.410296,True
2.6,30,110596.856163,True
2.6,30,110640.317896,True
2.5,30,110687.097593,True
0.0,30,110741.232467,False
2.8,30,110791.206391,True
2.6,30,110838.450198,True
2.8,30,110887.778073,True
2.8,30,110932.1752,True
2.9,30,110990.191836,True
0.0,30,111038.334936,False
0.0,30,111088.698474,False
2.9,30,111435.257041,True
0.0,30,111486.012856,False
0.0,30,111530.230018,False
1.6,30,111574.484863,True
2.8,30,111619.120398,True
0.0,30,111662.16389,False
0.0,30,111705.281832,False
1.9,30,111753.063769,True
0.0,30,111798.800388,False
2.0,30,111837.91407,True
1.7,30,111887.553676,True
0.0,30,111933.339949,False
2.8,30,111979.49414,True
2.9,30,112024.643589,True
2.9,30,112070.310543,True
0.0,30,112123.356994,False
3.0,30,112166.897447,True
0.0,30,112216.358129,False
0.0,30,112262.652569,False
2.5,30,112304.428591,True
0.0,30,112351.700407,False
2.6,30,112396.195229,True
2.6,30,112443.929463,True
2.8,30,112488.213526,True
0.0,30,112533.410923,False
2.3,30,112583.987024,True
2.9,30,112629.703148,True
0.0,30,112679.683614,False
2.5,30,112728.520297,False
0.0,30,112777.367094,False
0.0,30,112819.521662,False
1.3,30,112859.740771,True
1.8,30,112905.747668,True
0.0,30,112952.90216,False
0.0,30,113290.597456,False
2.5,30,113337.67963,True
2.2,30,113387.94442,True
2.6,30,113434.740717,True
2.6,30,113482.723713,True
1.3,30,113526.819098,True
2.5,30,113577.357539,True
0.0,30,113623.053226,False
0.0,30,113670.336506,False
0.0,30,113716.65744,False
2.9,30,113767.251171,True
0.0,30,113818.730062,False
2.8,30,113863.179752,True
2.7,30,113913.082016,True
2.9,30,113963.262754,True
0.0,30,114015.749803,False
0.0,30,114065.576634,False
0.0,30,114113.338711,False
0.0,30,114157.574434,False
2.9,30,114202.302275,True
0.0,30,114258.146717,False
2.9,30,114306.188674,True
0.0,30,114355.820482,False
2.8,30,114403.430005,True
0.0,30,114452.075889,False
2.7,30,114498.177974,True
0.0,30,114546.306597,False
0.0,30,114595.43672,False
2.9,30,114645.277488,True
2.9,30,114701.825382,True
0.0,30,114749.562928,False
3.0,30,114803.13745,True
0.0,30,114854.776809,False
2.4,30,114903.905449,True
0.0,30,115215.074999,False
3.0,30,115265.95704,True
2.4,30,115311.52522,True
1.5,30,115354.724322,True
0.4,30,115404.209758,True
0.0,30,115451.247934,False
0.0,30,115500.227734,False
0.0,30,115544.335097,False
0.0,30,115592.606179,False
0.0,30,115641.182417,False
1.8,30,115687.632686,True
1.7,30,115738.190726,True
0.0,30,115784.175144,False
2.4,30,115833.218164,True
2.5,30,115881.171847,True
3.0,30,115926.202606,True
0.0,30,115984.348833,False
2.6,30,116033.527613,True
2.3,30,116084.787401,True
0.2,30,116130.960015,False
0.0,30,116177.385353,False
2.7,30,116229.315506,True
2.6,30,116272.884262,True
3.0,30,116320.55621,True
0.0,30,116366.686094,False
2.5,30,116414.860495,True
2.3,30,116462.082451,True
2.3,30,116505.743874,True
2.7,30,116550.466316,True
0.0,30,116598.7362,False
2.2,30,116649.111394,True
2.3,30,116695.431442,True
2.7,30,116745.601036,True
0.0,30,116789.819583,False
0.0,30,117120.659697,False
2.5,30,117170.5684,True
3.0,30,117217.660701,True
0.0,30,117272.638366,False
2.8,30,117320.66707,True
0.0,30,117373.210932,False
2.7,30,117419.00664,True
2.4,30,117466.468556,True
0.0,30,117517.523406,False
0.0,30,117570.508182,False
0.0,30,117646.817937,False
1.6,30,117691.050977,True
0.0,30,117759.400495,False
0.0,30,117806.827052,False
2.7,30,117854.378321,True
2.6,30,117900.929571,True
0.0,30,117946.634402,False
0.2,30,117994.508278,False
2.9,30,118042.92943,True
2.1,30,118095.496472,True
0.0,30,118151.664501,False
0.0,30,118203.18945,False
2.3,30,118250.633644,True
1.8,30,118298.288995,True
2.5,30,118350.318958,True
2.9,30,118402.760255,True
0.0,30,118447.1053,False
0.0,30,118493.558148,False
0.0,30,118549.805094,False
0.0,30,118597.118074,False
2.2,30,118642.400119,True
2.9,30,118687.24378,True
1.9,30,118733.7876,True
1.1,30,118782.532496,True
0.0,30,119141.673669,False
2.7,30,119187.1768,True
0.0,30,119235.067984,False
2.7,30,119285.015996,True
2.8,30,119332.460397,True
2.6,30,119380.6917,True
0.0,30,119424.775426,False
2.6,30,119470.290319,True
2.6,30,119520.217671,True
0.0,30,119564.472241,False
0.0,30,119605.246722,False
0.0,30,119649.708508,False
0.0,30,119698.19405,False
3.0,30,119745.839516,True
0.0,30,119795.802359,False
0.0,30,119853.068288,False
0.0,30,119904.458147,False
2.8,30,119952.299574,True
2.3,30,119999.445841,True
2.9,30,120049.977959,True
2.3,30,120097.642129,True
2.5,30,120145.79176,True
0.0,30,120192.054008,False
2.2,30,120246.174963,True
0.0,30,120293.331046,False
1.3,30,120342.447334,True
2.8,30,120390.067285,True
0.0,30,120437.936968,False
2.3,30,120479.465957,True
0.0,30,120526.095706,False
0.0,30,120575.047519,False
2.3,30,120616.453096,True
0.0,30,120662.75131,False
0.0,30,120710.034487,False
0.0,30,121048.375791,False
0.0,30,121095.488533,False
2.4,30,121143.029298,True
0.0,30,121190.869224,False
2.2,30,121237.991226,True
2.4,30,121300.248673,True
2.5,30,121348.094635,True
1.7,30,121404.797394,True
0.0,30,121451.583848,False
2.8,30,121505.865231,True
2.5,30,121555.590282,True
1.6,30,121601.134622,True
0.0,30,121649.27133,False
2.4,30,121692.132122,True
0.0,30,121737.886691,False
2.4,30,121785.667761,True
3.0,30,121835.749043,True
0.0,30,121893.914461,False
0.0,30,121943.447373,False
1.8,30,121992.29556,True
2.9,30,122044.663486,True
2.8,30,122087.498073,True
2.8,30,122135.438353,True
2.6,30,122183.757156,True
0.0,30,122235.410654,False
2.5,30,122280.76874,True
0.0,30,122326.073888,False
2.2,30,122376.330202,True
0.0,30,122424.277076,False
0.0,30,122476.059097,False
2.6,30,122534.775593,True
0.0,30,122583.620218,False
2.1,30,122625.896157,True
2.5,30,122675.275124,True
2.0,30,122719.094577,True
0.0,30,123052.141655,False
2.8,30,123100.822284,True
0.0,30,123147.733902,False
0.0,30,123195.924383,False
3.0,30,123241.408389,True
2.6,30,123285.694425,True
2.4,30,123335.728526,True
0.0,30,123385.283543,False
2.7,30,123436.803665,True
2.8,30,123487.372801,True
2.0,30,123537.868726,True
2.8,30,123585.667339,True
0.0,30,123630.377673,False
0.0,30,123677.496705,False
0.0,30,123721.447532,False
2.2,30,123765.296213,True
2.6,30,123814.937706,True
0.0,30,123861.206118,False
0.0,30,123907.327043,False
0.0,30,123951.483436,False
0.0,30,124005.599224,False
2.6,30,124054.015738,True
0.0,30,124100.574773,False
0.0,30,124150.255696,False
2.6,30,124199.132672,True
2.3,30,124246.442208,True
2.7,30,124297.285196,True
0.0,30,124345.634688,False
2.7,30,124390.692107,True
1.6,30,124441.01892,True
2.6,30,124485.673605,True
0.0,30,124536.934522,False
2.8,30,124592.325145,True
0.0,30,124641.089951,False
0.0,30,124975.725523,False
0.9,30,125017.719931,False
1.9,30,125070.12029,True
0.0,30,125122.977472,False
0.0,30,125173.202251,False
2.4,30,125219.915342,True
0.7,30,125279.963329,False
0.0,30,125325.012847,False
2.2,30,125370.235377,True
2.7,30,125418.177214,True
0.0,30,125470.963196,False
2.1,30,125519.204574,True
0.0,30,125574.993493,False
0.0,30,125624.554078,False
0.0,30,125672.090217,False
0.0,30,125727.089763,False
3.0,30,125778.940681,True
2.7,30,125828.380092,True
0.0,30,125878.261897,False
0.0,30,125927.80446,False
0.0,30,125976.272867,False
0.6,30,126020.183566,False
0.0,30,126066.91608,False
2.8,30,126113.982834,True
2.6,30,126161.052427,True
2.8,30,126210.554072,True
3.0,30,126262.057772,True
0.0,30,126309.398137,False
2.8,30,126359.945739,True
0.0,30,126413.760781,False
0.0,30,126476.57584,False
2.6,30,126539.839581,True
0.0,30,126589.980131,False
2.4,30,126632.622393,True
2.2,30,126971.817187,True
2.7,30,127019.685505,True
2.5,30,127070.74972,True
0.0,30,127116.246459,False
0.0,30,127160.502339,False
0.0,30,127206.370003,False
2.6,30,127254.751401,True
3.0,30,127304.397134,True
2.3,30,127349.58271,True
2.6,30,127400.818128,True
0.0,30,127446.625604,False
0.0,30,127491.969199,False
2.8,30,127542.843065,True
2.6,30,127593.230636,True
0.0,30,127636.461201,False
2.7,30,127681.214195,True
2.3,30,127724.274951,True
0.0,30,127766.121144,False
3.0,30,127807.1032,True
1.1,30,127870.112852,True
3.0,30,127922.551076,True
0.0,30,127967.220379,False
0.0,30,128011.995384,False
2.7,30,128062.158506,True
0.0,30,128109.795875,False
0.0,30,128152.132383,False
2.9,30,128193.99306,True
2.5,30,128241.203248,True
0.0,30,128291.607419,False
0.0,30,128339.545239,False
2.8,30,128397.119965,True
0.0,30,128446.718903,False
0.0,30,128493.62319,False
0.0,30,128549.679554,False
0.0,30,128907.695759,False
0.9,30,128953.421364,True
2.1,30,128997.314861,False
0.0,30,129038.183982,False
2.7,30,129081.541258,True
0.0,30,129125.539652,False
2.6,30,129168.610098,True
2.7,30,129219.26013,True
3.0,30,129265.086557,True
2.5,30,129313.127591,True
2.6,30,129356.530925,True
2.0,30,129409.641935,True
3.0,30,129456.322782,True
2.6,30,129503.59433,True
0.0,30,129552.331645,False
3.0,30,129600.84038,True
0.0,30,129645.568172,False
2.8,30,129696.901026,True
0.0,30,129746.683519,False
0.0,30,129796.826821,False
0.6,30,129843.007993,True
0.0,30,129893.342906,False
0.0,30,129944.725132,False
2.8,30,129989.806086,True
2.6,30,130036.705371,True
2.6,30,130090.088671,True
0.0,30,130134.581479,False
2.6,30,130175.227675,True
3.0,30,130223.940912,True
2.4,30,130273.778285,True
0.0,30,130319.094177,False
0.0,30,130368.974618,False
2.3,30,130417.533316,True
0.0,30,130467.568369,False
2.9,30,130801.542413,True
0.0,30,130848.802603,False
2.5,30,130904.750546,True
0.0,30,130957.47192,False
2.9,30,130999.28275,True
0.0,30,131046.112828,False
2.6,30,131093.327621,True
0.0,30,131142.937656,False
2.8,30,131192.752671,True
2.8,30,131244.455301,True
2.7,30,131297.198564,True
0.0,30,131341.551854,False
2.8,30,131390.134036,True
0.0,30,131435.579489,False
0.0,30,131481.592074,False
0.0,30,131530.053767,False
0.0,30,131575.821023,False
2.8,30,131621.115391,True
2.8,30,131667.632801,True
3.0,30,131714.169014,True
0.9,30,131757.661536,True
0.0,30,131816.911408,False
2.0,30,131863.430288,True
2.6,30,131906.701182,True
0.0,30,131951.406206,False
2.7,30,132002.423539,True
2.4,30,132051.551458,True
3.0,30,132105.879373,True
0.0,30,132155.83999,False
0.0,30,132200.504221,False
2.8,30,132252.25415,True
0.0,30,132294.513908,False
0.2,30,132342.472783,True
0.0,30,132389.371099,False
2.7,30,132747.121961,True
1.5,30,132790.991032,True
0.0,30,132838.471746,False
0.0,30,132888.713063,False
2.7,30,132935.259617,True
3.0,30,132990.540143,True
0.0,30,133040.642072,False
2.8,30,133087.242437,True
0.0,30,133132.793823,False
2.5,30,133174.450981,True
2.7,30,133226.501797,True
2.2,30,133273.932269,True
2.5,30,133321.231761,True
0.0,30,133363.070186,False
0.0,30,133408.801569,False
2.6,30,133453.444894,True
0.0,30,133497.611294,False
2.8,30,133555.451287,True
0.0,30,133602.821605,False
0.0,30,133653.551315,False
2.9,30,133698.716569,True
0.0,30,133747.327315,False
2.8,30,133797.693787,True
0.6,30,133843.402792,True
0.0,30,133891.528495,False
2.8,30,133942.717042,True
0.0,30,133989.51686,False
2.6,30,134036.342431,True
0.0,30,134090.055309,False
0.0,30,134140.028272,False
2.6,30,134185.880653,True
0.0,30,134233.174568,False
3.0,30,134281.959334,True
0.0,30,134340.261467,False
2.8,30,134675.05427,True
2.5,30,134722.007447,True
0.0,30,134771.46735,False
2.4,30,134815.821443,True
2.8,30,134866.865584,True
1.6,30,134919.241954,True
0.0,30,134968.580772,False
1.5,30,135015.184497,True
0.0,30,135057.765048,False
0.0,30,135105.124603,False
0.0,30,135152.907576,False
0.0,30,135202.271533,False
0.0,30,135250.325172,False
2.7,30,135299.199463,True
0.0,30,135341.421962,False
0.0,30,135391.396453,False
0.0,30,135438.940528,False
2.3,30,135484.454778,True
0.0,30,135532.967213,False
0.0,30,135581.0036,False
0.0,30,135625.527793,False
0.0,30,135676.210634,False
0.0,30,135726.386415,False
0.0,30,135776.359173,False
0.0,30,135828.008945,False
1.1,30,135885.393989,True
0.0,30,135934.674446,False
2.4,30,135980.74511,True
0.0,30,136024.363571,False
0.0,30,136069.266589,False
0.0,30,136115.536647,False
0.0,30,136161.108291,False
2.2,30,136213.160574,True
0.0,30,136261.957685,False
0.0,30,136576.11198,False
3.0,30,136625.937319,True
2.8,30,136673.606457,True
1.9,30,136720.24591,True
0.0,30,136765.663598,False
2.9,30,136814.526558,True
2.7,30,136869.130892,True
2.0,30,136911.587988,True
2.5,30,136960.619647,True
2.2,30,137002.181226,True
0.0,30,137048.340702,False
0.0,30,137102.339629,False
0.0,30,137154.146199,False
0.0,30,137201.434639,False
0.0,30,137243.802593,False
2.5,30,137294.478616,True
2.6,30,137342.403813,True
0.0,30,137389.977372,False
1.7,30,137435.923802,True
0.0,30,137483.174668,False
2.5,30,137534.951048,True
0.0,30,137587.411075,False
2.9,30,137636.197092,True
2.2,30,137688.114969,True
1.2,30,137733.341591,True
2.4,30,137780.063601,True
0.0,30,137826.240731,False
2.8,30,137874.917712,True
0.0,30,137925.269041,False
2.7,30,137981.422087,True
0.0,30,138028.769118,False
2.8,30,138072.634682,True
0.0,30,138124.561771,False
2.5,30,138177.177929,True
2.8,30,138225.13304,True
2.5,30,138575.662244,True
0.0,30,138624.738246,False
1.3,30,138672.637971,True
0.0,30,138717.022148,False
0.0,30,138769.315672,False
2.4,30,138815.118433,True
2.7,30,138863.14785,True
2.9,30,138916.827751,True
0.0,30,138963.793715,False
2.3,30,139001.732657,True
2.7,30,139048.243872,True
0.0,30,139102.189801,False
2.7,30,139152.596213,True
0.0,30,139197.306179,False
2.6,30,139246.410975,True
2.7,30,139291.509325,True
0.0,30,139337.544683,False
0.0,30,139385.453471,False
0.0,30,139429.579213,False
0.0,30,139476.561173,False
2.8,30,139525.412013,True
2.7,30,139575.900956,True
1.0,30,139635.650894,True
0.0,30,139681.805811,False
0.0,30,139726.651029,False
0.0,30,139774.613742,False
0.0,30,139822.808449,False
2.7,30,139868.291717,True
0.0,30,139916.304337,False
2.7,30,139959.116713,True
0.0,30,140001.147531,False
0.0,30,140048.002796,False
2.7,30,140092.253685,True
2.5,30,140141.508696,True
0.0,30,140479.96842,False
2.8,30,140528.33951,True
0.0,30,140579.495049,False
1.7,30,140632.162244,True
2.8,30,140683.803801,True
2.8,30,140734.015802,True
2.2,30,140788.661563,True
2.5,30,140838.340248,True
2.3,30,140887.6543,True
2.8,30,140939.467824,True
2.5,30,140984.606628,True
2.6,30,141033.510647,True
0.0,30,141078.774831,False
1.6,30,141128.168538,True
0.0,30,141179.094211,False
0.0,30,141228.193343,False
2.0,30,141274.975237,True
0.0,30,141325.15136,False
0.0,30,141374.410997,False
2.6,30,141419.509898,True
2.1,30,141464.726534,True
2.7,30,141508.965534,True
0.0,30,141552.852735,False
0.0,30,141596.221897,False
2.8,30,141641.588836,True
2.0,30,141687.178196,True
0.0,30,141735.018636,False
0.0,30,141779.64398,False
2.0,30,141828.486032,True
0.0,30,141873.790423,False
2.6,30,141920.653708,True
0.0,30,141968.683591,False
0.0,30,142012.989882,False
2.0,30,142061.290607,True
0.0,30,142461.317086,False
2.9,30,142504.176779,True
2.8,30,142549.034339,True
0.0,30,142594.563848,False
0.0,30,142642.317584,False
0.3,30,142701.368572,True
2.6,30,142746.929425,True
2.6,30,142794.05799,True
2.5,30,142847.529189,True
2.6,30,142893.999475,True
3.0,30,142944.000242,True
2.3,30,142991.436621,True
2.6,30,143032.244711,True
0.0,30,143078.619847,False
0.0,30,143125.828917,False
0.0,30,143174.431201,False
0.0,30,143224.021246,False
3.0,30,143273.41106,True
0.0,30,143320.743922,False
2.6,30,143369.652308,True
0.0,30,143421.445334,False
2.8,30,143465.550979,True
3.0,30,143526.453891,True
0.0,30,143578.382436,False
2.9,30,143624.419756,True
2.4,30,143678.276093,True
2.4,30,143730.135409,True
0.0,30,143779.802475,False
3.0,30,143830.455635,True
0.0,30,143890.163583,False
2.7,30,143934.910442,True
0.0,30,143983.408883,False
0.0,30,144027.660795,False
2.7,30,144078.552053,True
0.0,30,144421.406341,False
0.0,30,144464.765,False
2.9,30,144515.400046,True
2.5,30,144558.777357,True
1.6,30,144607.228338,True
0.0,30,144651.268668,False
2.9,30,144696.620363,True
0.0,30,144744.625347,False
0.0,30,144795.469308,False
2.9,30,144847.819103,True
0.0,30,144893.239765,False
2.8,30,144940.197611,True
0.0,30,145000.060503,False
3.0,30,145051.331587,True
2.6,30,145098.452321,True
0.3,30,145146.800655,True
2.3,30,145198.825531,True
0.0,30,145251.364468,False
0.0,30,145303.78395,False
2.6,30,145354.709013,True
0.0,30,145405.064182,False
2.3,30,145455.48485,True
3.0,30,145507.116095,True
2.6,30,145557.909904,True
2.7,30,145604.321234,True
0.0,30,145653.208977,False
0.0,30,145703.970444,False
2.4,30,145751.486412,True
2.0,30,145797.001781,False
0.0,30,145841.049794,False
2.3,30,145887.066967,True
0.0,30,145933.56371,False
3.0,30,145985.561007,True
3.0,30,146030.826181,True
0.0,30,146360.474749,False
0.0,30,146415.667633,False
0.0,30,146464.575451,False
2.7,30,146508.536059,True
2.8,30,146556.148414,True
0.0,30,146598.130147,False
0.0,30,146639.771523,False
2.6,30,146692.461032,True
0.0,30,146741.44264,False
0.0,30,146792.133928,False
0.0,30,146839.567099,False
0.0,30,146883.408911,False
3.0,30,146925.925259,True
2.6,30,146972.591266,True
3.0,30,147021.782367,True
3.0,30,147070.775209,True
0.0,30,147120.84287,False
3.0,30,147169.437725,True
1.8,30,147217.196966,True
2.5,30,147263.164696,True
2.6,30,147310.932271,True
1.6,30,147355.424162,True
0.6,30,147398.909873,True
2.3,30,147438.624988,True
2.5,30,147478.533887,True
2.2,30,147521.713655,True
0.0,30,147567.02214,False
0.0,30,147611.480428,False
2.8,30,147672.691368,True
2.3,30,147727.522569,True
2.8,30,147775.448717,True
2.3,30,147821.074398,True
0.0,30,147867.098828,False
0.0,30,147916.727697,False
2.5,30,148243.656841,True
0.0,30,148286.561094,False
3.0,30,148331.340079,True
2.2,30,148374.483523,True
0.0,30,148423.718348,False
3.0,30,148471.991789,True
2.8,30,148518.56744,True
0.0,30,148567.379581,False
2.8,30,148616.047409,True
0.0,30,148662.066316,False
2.4,30,148711.142647,True
2.2,30,148761.601396,True
2.8,30,148807.874637,True
1.8,30,148852.995666,True
2.4,30,148899.382242,True
0.0,30,148949.658291,False
2.8,30,149002.1842,True
2.6,30,149048.874531,True
0.0,30,149093.960892,False
0.0,30,149142.941602,False
0.0,30,149190.639549,False
3.0,30,149234.914303,True
0.0,30,149281.764152,False
0.0,30,149327.71455,False
0.0,30,149372.84279,False
2.7,30,149421.291716,True
0.0,30,149469.514424,False
0.0,30,149513.747462,False
2.8,30,149568.35938,True
0.2,30,149613.406018,False
1.8,30,149664.361926,True
0.0,30,149710.50144,False
1.6,30,149754.627206,False
0.0,30,149800.643982,False
0.0,30,150130.756442,False
0.0,30,150179.808166,False
2.6,30,150222.391336,True
0.0,30,150268.472803,False
0.0,30,150315.47417,False
3.0,30,150370.282426,True
1.7,30,150416.418492,False
0.0,30,150459.891183,False
0.0,30,150507.730104,False
0.0,30,150558.743296,False
2.9,30,150605.149928,True
1.8,30,150648.219134,True
0.0,30,150690.044331,False
3.0,30,150734.498936,True
2.3,30,150782.513583,True
2.7,30,150847.169062,True
0.0,30,150890.446751,False
0.0,30,150939.955551,False
0.0,30,150986.360834,False
0.0,30,151030.733248,False
2.6,30,151075.751807,True
1.3,30,151125.366678,True
0.0,30,151168.38274,False
2.7,30,151210.104854,True
2.5,30,151258.403713,True
0.0,30,151311.135468,False
0.0,30,151360.226607,False
0.0,30,151402.176688,False
0.0,30,151449.520717,False
0.0,30,151497.156605,False
2.8,30,151540.297696,True
1.7,30,151586.338731,True
0.0,30,151633.645254,False
2.9,30,151681.007864,True
2.6,30,151726.45695,True
0.0,30,152043.008301,False
0.0,30,152105.447949,False
0.2,30,152154.074395,True
1.0,30,152204.238048,True
0.0,30,152252.060048,False
0.0,30,152301.194567,False
3.0,30,152346.759693,True
0.0,30,152394.237304,False
0.0,30,152450.691606,False
0.0,30,152498.07287,False
0.5,30,152549.36333,True
2.0,30,152595.145885,True
0.0,30,152642.990232,False
2.4,30,152690.793388,True
2.7,30,152735.77037,True
0.0,30,152782.68821,False
2.0,30,152827.729266,True
0.0,30,152879.565509,False
1.8,30,152925.555695,True
2.7,30,152971.65004,True
0.0,30,153015.719187,False
0.0,30,153055.110919,False
0.0,30,153150.744173,False
0.0,30,153199.684808,False
2.3,30,153243.510623,True
0.0,30,153290.094482,False
3.0,30,153338.492293,True
0.0,30,153385.05558,False
2.7,30,153434.18794,True
0.0,30,153490.913,False
0.0,30,153538.607908,False
2.9,30,153592.196283,True
1.8,30,153636.520112,True
2.8,30,153680.415112,True
2.8,30,154015.405873,True
2.9,30,154061.662835,True
2.7,30,154108.114083,True
2.8,30,154149.982269,True
0.0,30,154198.512611,False
0.0,30,154254.65528,False
2.7,30,154305.093829,True
1.7,30,154351.374456,True
0.0,30,154398.409365,False
0.0,30,154450.729558,False
2.9,30,154501.554632,True
0.0,30,154545.306156,False
0.0,30,154597.743215,False
2.0,30,154646.724775,True
0.0,30,154695.11461,False
0.0,30,154737.411756,False
0.0,30,154780.317267,False
2.7,30,154826.769742,True
0.0,30,154870.271246,False
0.0,30,154912.892855,False
2.7,30,154979.694646,True
0.0,30,155026.252441,False
2.4,30,155072.39371,True
3.0,30,155120.705179,True
0.0,30,155166.144407,False
2.5,30,155211.883136,True
2.6,30,155270.029323,True
3.0,30,155319.058406,True
2.6,30,155361.733306,True
0.0,30,155403.127745,False
0.0,30,155447.272178,False
3.0,30,155491.231672,True
0.0,30,155536.741215,False
0.0,30,155585.143473,False
0.0,30,155930.651264,False
0.0,30,155973.572539,False
0.0,30,156018.337336,False
0.0,30,156062.437768,False
2.7,30,156108.62806,True
0.0,30,156160.833572,False
0.0,30,156218.391008,False
0.0,30,156279.037019,False
2.6,30,156325.578583,True
0.4,30,156376.167794,True
2.8,30,156431.479381,True
0.0,30,156474.090555,False
1.9,30,156527.071362,True
0.0,30,156575.990407,False
2.7,30,156625.524549,True
0.0,30,156676.837475,False
0.0,30,156718.995561,False
3.0,30,156766.681981,True
2.6,30,156818.612811,True
0.0,30,156861.941919,False
0.0,30,156905.908845,False
0.0,30,156954.639755,False
0.0,30,157002.888935,False
0.0,30,157051.111282,False
3.0,30,157113.853229,True
0.0,30,157160.973746,False
0.0,30,157204.178579,False
0.0,30,157250.870694,False
2.6,30,157296.853406,True
0.0,30,157346.713042,False
2.8,30,157394.665159,True
2.9,30,157442.907204,True
0.0,30,157490.269111,False
0.0,30,157535.321174,False
0.0,30,157900.102296,False
1.6,30,157948.71429,True
2.7,30,157995.915896,True
2.8,30,158057.57034,True
0.0,30,158101.004781,False
3.0,30,158144.541548,True
1.6,30,158193.942757,True
2.4,30,158244.225664,True
2.5,30,158291.030668,True
0.0,30,158339.006787,False
0.0,30,158391.778199,False
0.0,30,158436.762506,False
1.9,30,158479.782441,True
0.0,30,158525.938431,False
0.0,30,158570.872424,False
0.0,30,158611.350603,False
2.6,30,158659.261856,True
2.5,30,158706.767533,True
0.0,30,158760.365732,False
0.0,30,158813.938933,False
0.0,30,158859.361232,False
2.8,30,158905.501823,True
2.5,30,158952.245095,True
2.6,30,159001.433436,True
2.6,30,159048.196985,True
3.0,30,159099.099815,True
0.0,30,159146.092195,False
0.0,30,159186.75543,False
2.9,30,159235.088454,True
0.0,30,159284.841303,False
0.0,30,159328.843296,False
0.0,30,159376.138489,False
2.9,30,159424.362696,True
0.0,30,159469.842672,False
2.9,30,159822.100482,True
2.5,30,159865.853899,True
0.0,30,159914.232433,False
2.8,30,159976.43385,True
0.0,30,160037.768251,False
0.0,30,160087.336636,False
0.0,30,160132.026874,False
3.0,30,160178.418443,True
2.3,30,160226.312637,True
0.2,30,160278.818534,False
0.0,30,160322.012134,False
2.2,30,160365.658358,True
0.0,30,160415.367222,False
0.0,30,160463.899496,False
0.0,30,160511.792275,False
2.6,30,160553.061417,True
2.7,30,160601.163169,True
3.0,30,160647.507013,True
2.7,30,160695.356061,True
0.0,30,160751.422681,False
0.0,30,160800.072855,False
0.0,30,160850.081592,False
0.0,30,160896.797214,False
0.0,30,160945.000318,False
0.8,30,160989.415074,True
0.0,30,161036.320677,False
2.5,30,161095.500885,True
0.0,30,161139.619712,False
2.8,30,161188.44448,True
2.6,30,161234.78231,True
2.7,30,161293.071756,True
0.0,30,161334.432833,False
0.0,30,161374.988236,False
2.9,30,161447.694847,True
0.0,30,161751.23162,False
0.6,30,161799.21721,True
0.0,30,161848.305846,False
0.0,30,161892.98054,False
0.0,30,161941.608025,False
0.0,30,161990.531118,False
2.7,30,162035.241914,True
0.0,30,162083.526255,False
2.3,30,162132.024828,True
2.7,30,162178.896109,True
0.0,30,162236.977022,False
3.0,30,162287.453415,True
0.0,30,162331.152908,False
0.8,30,162382.256248,True
0.0,30,162429.074366,False
2.7,30,162474.938233,True
0.0,30,162520.628225,False
0.0,30,162569.103915,False
2.6,30,162618.125357,True
2.1,30,162663.844284,True
0.0,30,162715.242301,False
0.0,30,162763.47244,False
2.7,30,162811.163192,True
1.8,30,162856.244595,True
0.0,30,162907.088379,False
0.0,30,162956.928682,False
0.0,30,163000.043683,False
2.7,30,163056.703189,True
2.7,30,163100.920873,True
0.0,30,163147.628744,False
2.1,30,163196.037886,True
2.6,30,163240.552467,True
0.0,30,163285.58589,False
0.0,30,163333.464542,False
0.0,30,163650.392636,False
0.0,30,163695.118416,False
0.0,30,163736.539961,False
2.9,30,163785.949937,True
0.0,30,163831.476471,False
0.0,30,163879.536859,False
2.2,30,163928.575518,True
0.0,30,163978.484759,False
2.7,30,164020.429263,True
0.0,30,164065.700011,False
0.0,30,164114.991304,False
0.0,30,164164.084168,False
0.0,30,164216.087187,False
0.0,30,164262.493084,False
0.0,30,164307.772558,False
0.0,30,164353.111664,False
2.6,30,164402.037488,True
2.8,30,164450.332899,True
2.5,30,164495.526176,True
0.0,30,164545.659615,False
2.6,30,164596.110134,True
0.0,30,164642.741477,False
2.6,30,164695.274876,True
0.0,30,164744.493984,False
0.0,30,164790.264824,False
0.0,30,164842.079535,False
0.0,30,164892.670815,False
0.4,30,164948.399942,False
0.0,30,164994.232738,False
1.0,30,165047.749377,True
2.0,30,165089.868531,True
0.0,30,165134.808966,False
1.8,30,165181.163815,True
2.6,30,165232.720217,True
0.0,30,165538.85405,False
2.2,30,165583.444857,True
0.0,30,165627.998553,False
1.9,30,165672.115428,True
0.0,30,165718.796765,False
0.0,30,165774.135319,False
0.0,30,165820.274985,False
1.5,30,165875.477893,True
2.0,30,165920.494445,True
1.9,30,165966.198689,True
0.0,30,166013.75242,False
2.7,30,166069.840439,True
0.0,30,166115.813416,False
1.4,30,166162.298058,True
0.0,30,166216.141314,False
0.0,30,166269.265402,False
0.0,30,166318.378149,False
2.5,30,166364.991432,True
0.0,30,166416.840579,False
2.8,30,166468.350042,True
1.7,30,166517.184455,True
0.0,30,166562.151294,False
0.0,30,166608.510238,False
0.0,30,166657.35498,False
0.0,30,166703.974815,False
2.3,30,166748.70131,True
0.0,30,166792.965079,False
2.5,30,166835.426735,True
2.8,30,166879.586846,True
2.9,30,166925.149526,True
1.7,30,166976.506129,True
0.0,30,167020.903324,False
2.6,30,167065.20222,True
0.0,30,167113.913554,False
0.0,30,167157.710744,False
0.0,30,167468.386237,False
1.8,30,167510.708911,True
0.0,30,167555.516423,False
2.8,30,167604.441508,True
0.0,30,167650.188782,False
3.0,30,167697.655734,True
0.0,30,167744.811744,False
2.6,30,167789.255584,True
2.9,30,167830.697428,True
2.8,30,167880.813416,True
2.9,30,167924.411557,True
2.3,30,167963.762144,True
2.7,30,168008.18768,True
0.0,30,168056.954582,False
0.0,30,168105.029303,False
0.0,30,168153.377269,False
2.2,30,168202.106664,True
0.0,30,168248.981751,False
2.7,30,168293.593396,True
1.0,30,168342.528337,True
2.5,30,168386.883028,True
2.2,30,168433.904827,True
0.0,30,168486.772748,False
0.0,30,168530.749721,False
2.6,30,168574.196458,True
2.8,30,168625.009078,True
0.0,30,168667.903623,False
2.8,30,168710.444048,True
1.8,30,168756.249029,True
0.0,30,168806.199166,False
0.0,30,168850.785727,False
3.0,30,168906.242969,True
0.0,30,168948.584112,False
1.8,30,168993.178238,True
2.6,30,169294.556984,True
0.0,30,169344.250837,False
2.7,30,169388.848847,True
2.7,30,169437.293158,True
0.0,30,169478.818833,False
0.0,30,169528.220161,False
0.0,30,169574.258461,False
0.0,30,169623.186455,False
0.0,30,169667.27925,False
1.0,30,169716.924822,True
0.0,30,169763.998452,False
0.0,30,169813.442102,False
0.0,30,169857.739376,False
0.0,30,169903.034657,False
2.7,30,169955.930084,True
0.0,30,170002.479955,False
0.0,30,170045.890974,False
3.0,30,170094.498139,True
0.0,30,170139.94649,False
0.0,30,170185.165764,False
0.0,30,170232.858487,False
0.0,30,170288.29658,False
0.0,30,170335.595421,False
0.0,30,170376.785403,False
2.9,30,170420.122694,True
1.5,30,170469.993941,True
0.0,30,170514.342844,False
2.9,30,170555.735649,True
0.0,30,170602.829843,False
0.0,30,170645.816058,False
0.0,30,170711.664133,False
0.0,30,170762.510514,False
3.0,30,170808.378455,True
0.0,30,170871.862738,False
2.9,30,171160.464251,True
2.6,30,171206.456901,True
2.0,30,171250.16191,True
0.0,30,171294.407563,False
3.0,30,171342.863508,True
0.0,30,171391.05997,False
2.8,30,171435.24393,True
0.0,30,171476.546939,False
0.0,30,171522.120587,False
3.0,30,171564.456893,True
2.8,30,171607.140237,True
0.0,30,171656.330691,False
2.2,30,171703.392855,True
2.5,30,171751.058931,True
0.0,30,171802.21248,False
2.5,30,171848.88386,True
2.2,30,171894.396003,True
0.0,30,171942.669963,False
0.0,30,171995.084904,False
2.6,30,172036.678585,True
2.6,30,172091.247994,True
0.0,30,172140.041538,False
0.0,30,172186.990834,False
0.0,30,172234.043645,False
1.8,30,172289.296359,True
2.6,30,172330.46827,True
3.0,30,172377.108605,True
0.0,30,172423.972163,False
2.6,30,172472.013685,True
0.0,30,172520.614093,False
2.6,30,172576.916634,True
0.0,30,172624.823941,False
2.8,30,172671.8334,True
0.0,30,172717.019528,False
0.0,30,172991.002212,False
0.0,30,173036.344241,False
2.7,30,173084.605424,True
0.0,30,173126.625745,False
2.4,30,173169.997647,True
2.6,30,173220.706644,True
0.0,30,173266.262926,False
0.0,30,173314.271301,False
0.0,30,173359.37406,False
0.0,30,173410.315272,False
1.9,30,173452.854291,True
0.0,30,173505.379122,False
0.0,30,173553.474326,False
0.0,30,173599.643959,False
0.0,30,173646.321621,False
0.0,30,173685.822318,False
0.0,30,173731.110876,False
0.0,30,173773.576295,False
2.5,30,173818.992394,True
0.0,30,173866.333404,False
0.0,30,173901.730764,False
2.6,30,173946.695101,True
1.8,30,173991.128179,True
0.0,30,174044.856572,False
0.0,30,174085.515787,False
0.0,30,174131.174606,False
0.0,30,174177.255562,False
0.0,30,174227.733035,False
0.0,30,174282.683126,False
0.0,30,174326.345527,False
2.3,30,174379.051144,True
2.4,30,174434.994662,True
0.0,30,174486.136094,False
0.0,30,174532.527404,False
0.0,30,174819.669729,False
0.0,30,174864.396404,False
0.0,30,174908.55821,False
0.0,30,174952.766645,False
0.0,30,174997.401275,False
2.2,30,175040.768343,True
1.8,30,175087.221702,True
2.8,30,175132.690315,True
2.0,30,175189.28722,True
0.0,30,175231.769241,False
0.0,30,175277.377784,False
0.0,30,175319.709059,False
0.0,30,175363.781968,False
0.0,30,175409.31593,False
0.9,30,175453.563775,True
0.0,30,175499.074638,False
1.7,30,175541.49849,True
2.6,30,175589.020456,True
1.9,30,175633.778208,True
0.0,30,175679.514654,False
0.0,30,175725.156928,False
0.0,30,175772.62999,False
0.0,30,175815.961594,False
0.0,30,175862.700155,False
0.0,30,175904.652246,False
1.3,30,175948.96305,True
0.0,30,175994.805464,False
0.0,30,176039.654579,False
0.0,30,176089.078364,False
0.0,30,176136.277968,False
0.0,30,176180.07743,False
0.0,30,176217.431638,False
2.5,30,176262.869073,True
0.3,30,176309.37307,True
2.6,30,176583.017479,True
0.0,30,176630.211003,False
1.3,30,176675.9231,True
1.1,30,176724.064616,True
0.0,30,176767.014628,False
2.8,30,176807.966242,True
0.0,30,176857.75024,False
0.0,30,176907.580973,False
0.0,30,176952.293621,False
0.0,30,177009.489527,False
2.9,30,177057.90398,True
1.9,30,177102.165799,True
2.9,30,177144.995723,True
2.2,30,177190.151441,True
2.6,30,177236.523775,True
0.0,30,177285.374683,False
2.6,30,177333.997198,True
2.8,30,177386.416436,True
0.3,30,177433.181042,False
0.0,30,177477.324293,False
2.1,30,177525.95463,True
0.7,30,177576.165218,False
2.6,30,177616.409822,True
0.0,30,177660.210249,False
0.0,30,177701.571477,False
2.8,30,177747.773507,True
0.0,30,177786.755447,False
0.0,30,177830.113869,False
0.0,30,177872.741483,False
2.6,30,177920.805821,True
2.3,30,177966.64483,True
2.4,30,178008.104958,True
2.6,30,178050.967825,True
2.3,30,178091.570126,True
0.0,30,178390.528887,False
0.0,30,178442.641963,False
2.7,30,178490.777187,True
1.9,30,178535.589751,True
0.0,30,178585.943297,False
0.0,30,178626.503353,False
0.0,30,178671.600473,False
1.5,30,178723.052174,True
2.6,30,178783.127923,True
1.6,30,178828.151066,True
2.7,30,178879.98187,True
0.0,30,178924.639175,False
0.0,30,178967.881395,False
0.0,30,179017.230088,False
0.0,30,179061.071436,False
2.8,30,179110.445941,True
0.0,30,179161.188972,False
0.0,30,179203.419879,False
2.1,30,179253.498116,True
2.2,30,179297.000111,True
2.6,30,179338.227764,True
2.5,30,179383.950696,True
0.0,30,179434.192771,False
0.0,30,179482.323839,False
0.0,30,179526.941097,False
3.0,30,179577.034281,True
0.0,30,179626.183078,False
2.4,30,179672.77794,True
0.0,30,179715.57197,False
2.8,30,179762.740402,True
2.7,30,179808.956121,True
0.0,30,179856.604973,False
2.0,30,179905.714325,True
2.0,30,179952.958554,True
0.0,30,180000.831768,False
1.9,30,180358.98074,True
2.8,30,180406.951298,True
0.0,30,180457.938859,False
2.9,30,180502.162928,True
0.0,30,180546.953532,False
0.0,30,180594.486945,False
0.0,30,180640.992602,False
0.7,30,180687.295859,True
0.0,30,180743.599377,False
0.0,30,180789.208162,False
2.6,30,180836.381795,True
0.0,30,180884.991855,False
2.9,30,180930.329844,True
0.0,30,180978.895928,False
2.6,30,181025.73482,True
2.5,30,181074.518906,True
2.6,30,181121.195425,True
0.0,30,181168.045863,False
1.7,30,181208.525005,True
0.0,30,181257.156635,False
0.6,30,181310.968642,False
0.0,30,181355.616053,False
2.8,30,181404.16786,True
2.7,30,181450.313406,True
0.0,30,181498.037757,False
2.1,30,181542.410434,True
3.0,30,181592.870214,True
0.0,30,181633.560124,False
1.5,30,181682.560778,True
2.8,30,181727.490633,True
1.4,30,181771.370027,True
0.0,30,181817.395832,False
0.0,30,181862.020617,False
2.2,30,181907.184409,True
0.0,30,182273.765871,False
0.0,30,182324.698163,False
2.5,30,182372.672327,True
2.9,30,182424.160233,True
2.5,30,182467.578861,True
2.6,30,182507.756614,True
2.2,30,182564.089055,True
0.0,30,182610.035544,False
2.7,30,182659.872012,True
0.0,30,182706.241461,False
0.0,30,182751.562774,False
3.0,30,182796.206339,True
0.0,30,182844.899367,False
0.8,30,182895.437737,True
0.6,30,182941.181472,True
2.5,30,182983.436789,True
0.0,30,183032.663341,False
2.7,30,183078.634756,True
0.0,30,183123.754323,False
0.0,30,183170.974567,False
2.4,30,183214.866805,True
2.7,30,183260.329751,True
2.4,30,183308.608517,True
2.6,30,183354.779503,True
0.0,30,183410.322325,False
0.0,30,183483.731168,False
0.0,30,183530.288746,False
2.7,30,183576.383417,True
2.8,30,183633.285525,True
2.3,30,183684.4804,True
2.8,30,183728.210554,True
3.0,30,183777.004395,True
0.0,30,183822.084561,False
0.0,30,183872.62178,False
0.0,30,184215.152611,False
0.0,30,184255.304456,False
0.0,30,184301.23161,False
3.0,30,184345.268286,True
0.0,30,184388.998585,False
0.0,30,184434.867599,False
2.3,30,184482.207173,True
2.7,30,184527.04052,True
2.8,30,184573.13752,True
0.0,30,184621.904533,False
0.0,30,184672.115362,False
3.0,30,184714.60798,True
0.0,30,184760.323899,False
2.9,30,184801.670521,True
0.0,30,184851.486573,False
0.0,30,184908.079295,False
2.6,30,184958.908276,True
2.6,30,185007.354311,True
2.8,30,185053.553157,True
2.3,30,185098.944126,True
0.0,30,185145.289516,False
0.0,30,185191.690696,False
0.0,30,185251.323367,False
0.0,30,185310.625997,False
0.0,30,185360.773138,False
2.6,30,185405.023069,True
0.3,30,185449.758021,False
0.0,30,185492.681579,False
0.0,30,185533.077332,False
0.0,30,185577.963797,False
0.0,30,185625.270573,False
2.9,30,185670.491866,True
0.0,30,185713.447543,False
2.9,30,185759.431104,True
0.0,30,186137.849817,False
0.0,30,186183.924388,False
0.0,30,186244.521453,False
0.0,30,186291.02689,False
0.0,30,186340.454772,False
0.0,30,186386.716765,False
0.0,30,186435.463655,False
1.3,30,186477.853857,True
2.1,30,186530.20087,True
2.1,30,186583.297278,True
0.2,30,186629.795587,False
2.7,30,186684.892247,True
0.3,30,186736.536927,False
0.0,30,186789.001743,False
2.3,30,186835.045929,True
2.2,30,186879.923408,True
1.2,30,186932.925202,True
0.0,30,186977.927085,False
2.8,30,187023.887265,True
0.0,30,187068.259483,False
0.0,30,187119.262372,False
2.8,30,187163.547323,True
0.0,30,187208.9761,False
0.0,30,187271.36944,False
1.5,30,187318.604256,True
0.0,30,187363.248679,False
2.5,30,187407.918747,True
0.0,30,187457.800356,False
0.4,30,187499.172173,True
2.1,30,187543.722024,True
0.0,30,187587.189314,False
0.0,30,187633.687365,False
2.2,30,187685.919707,True
2.9,30,187731.853056,True
0.0,30,188101.268454,False
0.0,30,188152.108888,False
2.8,30,188199.571851,True
0.0,30,188247.600998,False
2.7,30,188292.777504,True
0.7,30,188335.125007,True
0.0,30,188382.91014,False
0.0,30,188432.747897,False
1.0,30,188480.634678,True
2.8,30,188527.409739,True
0.0,30,188569.40439,False
0.0,30,188619.297413,False
2.8,30,188662.703691,True
2.6,30,188712.930462,True
0.0,30,188761.45339,False
0.0,30,188811.943889,False
0.0,30,188868.336101,False
2.7,30,188913.071821,True
0.0,30,188960.295622,False
2.3,30,189009.538146,True
2.7,30,189064.476567,True
1.4,30,189112.681232,True
2.6,30,189157.158095,True
2.7,30,189208.005247,True
2.7,30,189262.97551,True
2.7,30,189307.784531,True
2.0,30,189352.846213,True
0.0,30,189402.714127,False
2.6,30,189448.699644,True
0.0,30,189494.563509,False
0.0,30,189538.127484,False
0.0,30,189590.507298,False
2.5,30,189636.596291,True
0.0,30,189687.91147,False
2.6,30,190017.981277,True
0.0,30,190062.950671,False
0.0,30,190109.817712,False
2.9,30,190156.974689,True
0.0,30,190204.396031,False
0.0,30,190248.181691,False
0.0,30,190292.663131,False
0.0,30,190338.5483,False
0.0,30,190385.986265,False
2.6,30,190442.676323,True
2.7,30,190490.324505,True
2.4,30,190536.112743,True
2.9,30,190582.483855,True
0.0,30,190630.046737,False
0.0,30,190676.016862,False
2.8,30,190728.506929,True
0.0,30,190780.109838,False
0.0,30,190827.756477,False
2.3,30,190872.200083,True
2.7,30,190920.557399,True
0.0,30,190972.619856,False
0.0,30,191012.629743,False
0.0,30,191061.49958,False
0.0,30,191107.755872,False
0.0,30,191152.175054,False
2.7,30,191199.289069,True
1.6,30,191247.967091,True
0.0,30,191291.720638,False
0.1,30,191353.81869,True
2.6,30,191408.623142,True
0.0,30,191460.599915,False
1.5,30,191507.142981,True
2.7,30,191555.697909,True
0.0,30,191601.82924,False
0.0,30,191946.566105,False
0.0,30,191996.953442,False
0.0,30,192044.841735,False
2.7,30,192092.328872,True
2.6,30,192138.157405,True
0.1,30,192180.345851,False
2.3,30,192226.835404,True
0.0,30,192269.866062,False
0.0,30,192314.513126,False
0.0,30,192357.708096,False
0.0,30,192403.194616,False
3.0,30,192445.399509,True
0.0,30,192490.278979,False
0.0,30,192532.048293,False
0.0,30,192579.382205,False
3.0,30,192627.395687,True
0.0,30,192673.244447,False
0.0,30,192717.491295,False
0.0,30,192769.42698,False
0.0,30,192816.119325,False
2.5,30,192859.373215,True
0.0,30,192901.189498,False
2.7,30,192950.103888,True
0.0,30,193000.450725,False
2.7,30,193048.665213,True
0.0,30,193094.686144,False
2.6,30,193140.460487,True
2.8,30,193186.994924,True
1.7,30,193231.613417,False
0.0,30,193276.455281,False
2.4,30,193320.86209,True
2.7,30,193365.272765,True
2.9,30,193409.901901,True
0.0,30,193474.922164,False
0.0,30,193837.684155,False
2.5,30,193881.662941,True
0.2,30,193929.631418,False
0.0,30,193974.985487,False
0.0,30,194029.603299,False
0.0,30,194080.933995,False
2.3,30,194125.894029,True
0.0,30,194176.58024,False
0.0,30,194224.403814,False
2.9,30,194272.526419,True
2.5,30,194319.176794,True
2.2,30,194364.69934,True
0.0,30,194412.039908,False
2.7,30,194462.016448,True
0.0,30,194510.988427,False
2.0,30,194557.585143,True
0.0,30,194603.825132,False
0.0,30,194653.436659,False
0.0,30,194702.993128,False
1.8,30,194747.924041,True
0.0,30,194793.981326,False
0.0,30,194845.167009,False
2.3,30,194887.787174,True
0.0,30,194933.932449,False
0.0,30,194984.594898,False
0.0,30,195027.650168,False
0.0,30,195069.92997,False
1.7,30,195123.036545,True
2.8,30,195173.51293,True
0.8,30,195221.250811,True
3.0,30,195271.320863,True
0.0,30,195323.785232,False
2.0,30,195378.42642,True
2.6,30,195424.386204,True
2.5,30,195467.861854,True
3.0,30,195815.369167,True
2.4,30,195861.420203,True
2.7,30,195911.311208,True
2.5,30,195963.92346,True
0.0,30,196019.533943,False
0.0,30,196065.179205,False
2.6,30,196111.856735,True
2.0,30,196152.952971,True
0.0,30,196201.543591,False
0.0,30,196247.675915,False
0.0,30,196311.18733,False
2.8,30,196358.594725,True
2.3,30,196416.913765,True
2.2,30,196465.12882,True
0.0,30,196512.835754,False
2.8,30,196565.560657,True
2.0,30,196609.891545,True
1.9,30,196659.73748,True
2.7,30,196708.837252,True
0.0,30,196758.29393,False
2.4,30,196808.204994,True
0.0,30,196859.684615,False
2.4,30,196904.911211,True
0.0,30,196946.560318,False
0.0,30,196992.142862,False
0.0,30,197040.112932,False
1.6,30,197087.742389,True
2.8,30,197137.186004,True
0.0,30,197187.83865,False
2.6,30,197234.721414,True
0.0,30,197286.796936,False
0.0,30,197338.650973,False
0.0,30,197393.377143,False
2.8,30,197442.43346,True
0.0,30,197757.818889,False
2.6,30,197801.758146,True
2.6,30,197846.995509,True
0.0,30,197890.226844,False
2.9,30,197937.287802,True
0.0,30,197983.066559,False
0.0,30,198025.433932,False
0.0,30,198072.516982,False
0.0,30,198114.306224,False
0.0,30,198161.044675,False
2.6,30,198211.569884,True
3.0,30,198260.58146,True
3.0,30,198316.212812,True
0.0,30,198370.103188,False
2.7,30,198421.383507,True
0.0,30,198471.315945,False
2.6,30,198520.183926,True
3.0,30,198565.441338,True
0.0,30,198612.201137,False
0.0,30,198660.704076,False
0.0,30,198719.172915,False
0.0,30,198765.678116,False
0.0,30,198821.878592,False
2.5,30,198866.032981,True
0.0,30,198914.59251,False
0.0,30,198954.989599,False
2.8,30,199003.392084,True
0.0,30,199051.103409,False
0.0,30,199100.364851,False
2.9,30,199152.348179,True
0.0,30,199205.0933,False
0.0,30,199257.528924,False
2.5,30,199308.098729,True
0.0,30,199349.065988,False
0.9,30,199684.359883,True
1.4,30,199728.031499,True
0.0,30,199782.963978,False
0.0,30,199828.246407,False
2.7,30,199877.018285,True
2.4,30,199925.580465,True
0.0,30,199969.36237,False
2.9,30,200064.297903,True
0.0,30,200109.616065,False
0.0,30,200155.669039,False
0.0,30,200201.370694,False
2.4,30,200244.020646,True
2.6,30,200289.278529,True
1.9,30,200334.782156,True
0.0,30,200382.808887,False
2.6,30,200430.867781,True
2.4,30,200478.355241,True
0.0,30,200527.791331,False
0.0,30,200573.955276,False
2.5,30,200623.680788,True
2.8,30,200670.46201,True
0.0,30,200716.418834,False
1.7,30,200769.401579,True
2.7,30,200813.669603,True
0.0,30,200857.387541,False
2.1,30,200913.108762,True
2.9,30,200968.812994,True
0.0,30,201024.586507,False
0.0,30,201074.512212,False
0.0,30,201119.704722,False
2.8,30,201166.003482,True
0.0,30,201208.782438,False
2.7,30,201254.411762,True
0.0,30,201299.815964,False
2.6,30,201650.070468,True
0.9,30,201700.347436,False
2.9,30,201753.073722,True
3.0,30,201808.629933,True
2.7,30,201857.75426,True
1.8,30,201903.428611,True
0.0,30,201943.030168,False
0.0,30,201987.971199,False
2.6,30,202033.521665,True
0.0,30,202074.732661,False
2.3,30,202125.24111,True
0.0,30,202176.152798,False
2.7,30,202220.375792,True
0.0,30,202272.820573,False
2.4,30,202318.806643,True
2.4,30,202363.148257,True
2.8,30,202405.569548,True
2.7,30,202448.463907,True
0.0,30,202502.014794,False
2.8,30,202549.736984,True
0.0,30,202592.678093,False
0.0,30,202639.081915,False
2.9,30,202684.824541,True
2.1,30,202733.205652,True
3.0,30,202786.26142,True
0.0,30,202830.970925,False
0.0,30,202872.789789,False
0.0,30,202919.964285,False
0.0,30,202961.249804,False
0.0,30,203007.367837,False
0.4,30,203053.66408,False
0.0,30,203101.549302,False
2.7,30,203148.046134,True
2.6,30,203198.317842,True
0.0,30,203545.009435,False
2.7,30,203593.174836,True
0.0,30,203650.007842,False
0.0,30,203699.213051,False
2.4,30,203766.693267,True
2.8,30,203811.607537,True
0.0,30,203865.644304,False
2.5,30,203911.885173,True
0.0,30,203961.015141,False
0.0,30,204007.998739,False
0.0,30,204053.900054,False
3.0,30,204104.064581,True
2.2,30,204145.326948,True
2.4,30,204198.646127,False
0.0,30,204241.679178,False
2.2,30,204289.722983,True
0.0,30,204337.576101,False
0.0,30,204383.649545,False
0.0,30,204428.280821,False
2.6,30,204473.53012,True
0.0,30,204520.983042,False
0.3,30,204575.807041,True
0.0,30,204622.374907,False
2.3,30,204673.698482,True
2.3,30,204720.114209,True
0.0,30,204761.026529,False
0.0,30,204806.782047,False
2.8,30,204859.309681,True
2.6,30,204905.666347,True
2.6,30,204945.276022,True
2.7,30,204986.998974,True
3.0,30,205034.220379,True
3.0,30,205081.248933,True
0.0,30,205128.877955,False
0.0,30,205463.126806,False
2.3,30,205506.528357,True
2.3,30,205555.78459,True
1.1,30,205601.386128,True
3.0,30,205649.427485,True
2.2,30,205699.249292,True
2.8,30,205748.040369,True
0.0,30,205797.844851,False
2.8,30,205844.555942,True
2.7,30,205887.41908,True
2.9,30,205932.868048,True
0.0,30,205983.696984,False
0.0,30,206033.148755,False
0.0,30,206077.995113,False
2.7,30,206125.355552,True
2.9,30,206177.251324,True
2.2,30,206221.873913,True
1.7,30,206269.23,True
0.0,30,206316.384478,False
0.0,30,206365.613046,False
2.8,30,206414.96614,True
2.7,30,206463.798302,True
0.0,30,206506.244332,False
2.7,30,206554.158737,True
1.5,30,206610.58714,True
0.0,30,206657.985281,False
2.0,30,206701.893744,True
0.0,30,206753.893293,False
0.0,30,206798.903941,False
3.0,30,206852.556302,True
0.0,30,206899.280267,False
0.0,30,206950.165414,False
0.0,30,206997.797134,False
0.0,30,207045.47588,False
2.6,30,207378.540772,True
0.0,30,207425.444635,False
1.9,30,207471.34202,True
0.0,30,207524.827462,False
2.8,30,207568.986084,True
0.0,30,207620.398921,False
0.0,30,207666.982828,False
2.1,30,207709.531443,True
2.9,30,207755.654036,True
2.7,30,207801.041275,True
0.0,30,207848.343032,False
2.8,30,207890.694134,True
2.9,30,207945.852894,True
0.8,30,207995.418182,True
0.0,30,208038.435925,False
0.0,30,208083.216045,False
0.0,30,208128.569146,False
0.0,30,208171.429009,False
2.7,30,208211.505325,True
0.0,30,208263.230287,False
0.0,30,208310.774967,False
2.9,30,208360.928184,True
1.8,30,208406.793703,True
2.3,30,208458.145059,True
0.0,30,208504.7818,False
0.0,30,208546.476114,False
1.8,30,208590.122128,True
0.0,30,208634.93484,False
2.5,30,208685.176509,True
0.0,30,208732.346588,False
0.0,30,208776.25195,False
0.0,30,208822.001642,False
2.8,30,208864.268059,True
0.0,30,208929.757675,False
1.2,30,208977.736996,True
2.4,30,209338.17619,True
0.0,30,209386.183583,False
0.0,30,209425.693539,False
1.1,30,209472.4206,True
2.5,30,209520.586387,True
2.6,30,209563.867302,True
2.8,30,209610.806056,True
2.5,30,209657.727818,True
2.7,30,209706.661578,True
2.6,30,209753.679927,True
0.0,30,209796.55999,False
0.0,30,209844.211504,False
2.6,30,209892.462392,True
0.0,30,209940.915599,False
2.8,30,209988.898134,True
0.0,30,210039.927945,False
2.9,30,210084.798283,True
1.3,30,210129.657184,True
2.5,30,210170.593735,True
2.8,30,210226.971661,True
0.0,30,210272.849319,False
2.7,30,210321.522137,True
0.0,30,210362.968436,False
2.7,30,210412.135007,True
2.8,30,210466.563955,True
0.0,30,210519.834695,False
2.5,30,210567.411727,True
0.0,30,210618.418442,False
0.4,30,210667.372658,True
0.0,30,210714.215823,False
0.0,30,210758.750193,False
2.7,30,210805.388572,True
2.2,30,210853.746256,True
0.0,30,210900.104914,False
2.7,30,211217.544847,True
0.0,30,211261.74931,False
2.7,30,211313.64169,True
2.4,30,211357.537999,True
2.4,30,211402.964877,True
0.0,30,211447.794726,False
2.8,30,211492.00926,True
0.0,30,211535.264233,False
2.6,30,211582.741202,True
2.5,30,211631.463842,True
2.5,30,211677.894975,True
1.1,30,211722.339839,True
2.7,30,211767.561728,True
2.9,30,211814.60365,True
2.8,30,211874.598996,True
0.0,30,211920.57118,False
0.0,30,211965.721109,False
0.0,30,212012.266126,False
2.6,30,212056.173842,True
2.7,30,212117.716313,True
0.0,30,212161.329187,False
0.0,30,212208.920966,False
0.0,30,212257.507609,False
2.5,30,212301.903391,True
3.0,30,212344.499924,True
0.0,30,212393.536268,False
2.6,30,212436.834692,True
2.0,30,212485.725566,True
0.0,30,212533.657081,False
2.8,30,212588.028853,True
0.0,30,212635.648014,False
0.0,30,212678.349084,False
0.0,30,212726.513137,False
2.4,30,212769.79161,True
0.0,30,213100.174026,False
2.9,30,213148.046672,True
2.5,30,213200.466582,True
2.7,30,213252.134788,True
0.0,30,213303.008567,False
2.8,30,213347.807899,True
1.5,30,213395.415992,True
0.0,30,213443.560167,False
0.0,30,213489.182041,False
2.1,30,213531.408,True
0.0,30,213572.75547,False
2.6,30,213653.199717,True
2.6,30,213699.912949,True
2.6,30,213745.171594,True
2.5,30,213817.922606,True
0.0,30,213862.856634,False
0.0,30,213902.08549,False
2.6,30,213960.315495,True
0.0,30,214007.602608,False
2.9,30,214055.835908,True
0.0,30,214102.778771,False
2.5,30,214149.62972,True
0.0,30,214190.198516,False
2.0,30,214230.655236,True
2.6,30,214274.630945,True
0.0,30,214329.317204,False
2.4,30,214377.123405,True
2.8,30,214417.699914,True
2.0,30,214460.763374,True
2.6,30,214514.921845,True
0.0,30,214555.091366,False
2.6,30,214603.89375,True
0.0,30,214649.601929,False
0.0,30,214691.47442,False
1.8,30,215023.40233,True
0.0,30,215070.016275,False
2.4,30,215114.579187,True
2.6,30,215159.769583,True
0.0,30,215203.096594,False
2.7,30,215243.685565,True
1.9,30,215288.893354,True
0.0,30,215374.953388,False
2.7,30,215434.437987,True
2.1,30,215480.13285,True
3.0,30,215526.654703,True
2.8,30,215574.60738,True
0.0,30,215621.112254,False
3.0,30,215667.285148,True
2.5,30,215721.120334,True
2.6,30,215772.456035,True
3.0,30,215820.495442,True
2.7,30,215865.877557,True
2.6,30,215913.205553,True
0.0,30,215960.200571,False
0.0,30,216009.711839,False
2.7,30,216052.592709,True
1.4,30,216103.332412,True
0.0,30,216154.647983,False
2.1,30,216200.763382,True
0.0,30,216246.478161,False
2.5,30,216288.021402,True
2.7,30,216337.802397,True
2.6,30,216382.388032,True
1.4,30,216422.722044,True
2.4,30,216467.833766,True
2.9,30,216518.6565,True
0.0,30,216563.631468,False
2.5,30,216614.655098,True
2.6,30,216934.999957,True
1.7,30,216976.90441,True
2.7,30,217023.141966,True
2.7,30,217070.511414,True
0.0,30,217119.620357,False
0.0,30,217166.546154,False
0.0,30,217217.26521,False
2.7,30,217267.352478,True
0.0,30,217322.108544,False
0.0,30,217369.97317,False
2.5,30,217423.64407,True
0.0,30,217469.201452,False
0.0,30,217514.177372,False
0.0,30,217562.312943,False
0.0,30,217605.832679,False
2.6,30,217650.076828,True
0.0,30,217696.166816,False
0.0,30,217740.339621,False
2.7,30,217785.314263,True
2.9,30,217838.878127,True
0.0,30,217881.620857,False
0.1,30,217924.262647,True
0.0,30,217969.177051,False
0.0,30,218020.004711,False
2.8,30,218062.575167,True
0.0,30,218111.930617,False
2.4,30,218160.618749,True
0.0,30,218210.263238,False
2.8,30,218254.819159,True
2.5,30,218299.662776,True
2.4,30,218347.51149,True
2.8,30,218391.290618,True
0.0,30,218435.850507,False
0.0,30,218479.848373,False
2.7,30,218778.492269,True
2.8,30,218827.432044,True
2.5,30,218894.141101,True
0.0,30,218931.388668,False
2.7,30,218975.511023,True
0.0,30,219022.338475,False
2.4,30,219065.000626,True
0.0,30,219119.236231,False
3.0,30,219163.951204,True
0.0,30,219212.838693,False
2.1,30,219257.111725,True
0.0,30,219303.937171,False
0.0,30,219351.168659,False
0.0,30,219401.032861,False
0.0,30,219447.065922,False
0.0,30,219496.933432,False
2.7,30,219543.728414,True
3.0,30,219591.076202,True
2.8,30,219646.549439,True
2.8,30,219695.045891,True
0.0,30,219741.820654,False
2.6,30,219785.916331,True
0.0,30,219828.796872,False
2.2,30,219876.257684,True
0.0,30,219920.140823,False
0.0,30,219971.731835,False
2.5,30,220019.727761,True
1.1,30,220067.224511,True
0.0,30,220113.433336,False
0.0,30,220155.46356,False
2.8,30,220207.142539,True
2.8,30,220251.920139,True
2.1,30,220301.562042,True
2.9,30,220355.974049,True
1.3,30,220669.887815,False
2.8,30,220723.844344,True
2.6,30,220774.93623,True
0.0,30,220829.161864,False
2.5,30,220872.312156,True
2.5,30,220916.026328,True
2.7,30,220961.680696,True
0.0,30,221004.840298,False
2.8,30,221046.094693,True
0.0,30,221088.295014,False
2.6,30,221130.190068,True
0.0,30,221167.923087,False
0.0,30,221213.191379,False
0.0,30,221258.326161,False
0.0,30,221305.53901,False
0.0,30,221353.302381,False
2.9,30,221396.210164,True
0.0,30,221443.049707,False
2.6,30,221483.87562,True
0.0,30,221527.785649,False
2.9,30,221574.356283,True
0.0,30,221621.556428,False
0.0,30,221668.270222,False
0.0,30,221711.64205,False
0.0,30,221757.955422,False
0.0,30,221810.595419,False
2.9,30,221854.218258,True
0.0,30,221898.015328,False
2.3,30,221947.825875,True
0.0,30,221996.941978,False
3.0,30,222043.777379,True
2.9,30,222086.946292,True
2.4,30,222127.749294,True
0.0,30,222173.851553,False
2.8,30,222489.27849,True
2.8,30,222537.057949,True
0.0,30,222585.882135,False
2.8,30,222626.99611,True
0.0,30,222671.208192,False
0.0,30,222714.814613,False
2.6,30,222757.413471,True
0.2,30,222800.934274,True
2.0,30,222843.458012,True
2.7,30,222889.759427,True
0.0,30,222930.346227,False
2.5,30,222977.848364,True
0.0,30,223027.980924,False
2.4,30,223071.623474,True
2.1,30,223120.028563,True
2.9,30,223166.923192,True
0.0,30,223218.669616,False
2.8,30,223266.994446,True
0.0,30,223312.260834,False
2.8,30,223363.180696,True
0.0,30,223414.230633,False
0.0,30,223464.388272,False
2.9,30,223503.957467,True
2.5,30,223545.385756,True
2.6,30,223591.711377,True
0.0,30,223639.579259,False
0.0,30,223684.382519,False
3.0,30,223728.459162,True
2.0,30,223774.043765,True
0.0,30,223822.437745,False
2.4,30,223871.494304,True
1.6,30,223920.724849,True
0.0,30,223967.550163,False
0.0,30,224017.176294,False
2.3,30,224064.385811,True
0.0,30,224400.295386,False
2.6,30,224440.178862,True
0.0,30,224485.370442,False
2.0,30,224526.680601,True
2.5,30,224573.93228,True
0.0,30,224626.252283,False
0.0,30,224672.758038,False
0.0,30,224724.05142,False
0.0,30,224765.571831,False
2.4,30,224808.611022,True
0.0,30,224853.437269,False
0.0,30,224899.740097,False
2.3,30,224949.291506,True
0.0,30,224996.099184,False
2.6,30,225042.829688,True
0.0,30,225091.196272,False
1.4,30,225138.483825,True
0.0,30,225182.084772,False
2.6,30,225229.932328,True
2.2,30,225275.195808,True
0.0,30,225318.213227,False
0.0,30,225362.019485,False
2.9,30,225409.205196,True
0.0,30,225453.327265,False
1.9,30,225499.937977,True
2.7,30,225549.04612,True
2.9,30,225596.088854,True
0.0,30,225647.130723,False
2.5,30,225695.757539,True
0.0,30,225747.696364,False
0.0,30,225798.313071,False
0.0,30,225841.878281,False
1.8,30,225885.859609,True
0.0,30,225931.080709,False
2.1,30,226218.229867,True
2.6,30,226263.920442,True
0.0,30,226305.258837,False
1.9,30,226343.990439,True
2.6,30,226390.882743,True
2.8,30,226435.689852,True
2.7,30,226487.157429,True
0.0,30,226532.758548,False
2.7,30,226579.25351,True
2.6,30,226626.750599,True
2.6,30,226674.738066,True
0.0,30,226718.670384,False
2.8,30,226761.579096,True
2.7,30,226811.393039,True
2.6,30,226857.381172,True
0.0,30,226902.388959,False
2.5,30,226945.649615,True
0.0,30,226990.173393,False
2.6,30,227048.659616,True
2.7,30,227095.468145,True
0.0,30,227146.607486,False
0.0,30,227200.182714,False
0.0,30,227250.827851,False
0.0,30,227300.802477,False
2.1,30,227344.216625,True
0.0,30,227387.036399,False
0.0,30,227436.03617,False
2.6,30,227482.570371,True
2.7,30,227527.109989,True
2.5,30,227569.642748,True
2.7,30,227611.405503,True
2.8,30,227658.599339,True
0.0,30,227702.648508,False
0.0,30,227747.034789,False
0.0,30,228043.434903,False
0.0,30,228087.435087,False
2.4,30,228137.623939,True
2.7,30,228188.356302,True
2.9,30,228232.697094,True
2.3,30,228277.748078,True
2.6,30,228324.243399,True
2.5,30,228375.244002,True
0.0,30,228415.493874,False
0.0,30,228460.407533,False
0.0,30,228508.710496,False
0.0,30,228557.273192,False
0.0,30,228605.376767,False
2.3,30,228652.57813,True
1.9,30,228697.750346,True
2.6,30,228745.422953,True
2.6,30,228802.11423,True
0.0,30,228844.691212,False
0.0,30,228890.637573,False
0.0,30,228942.316037,False
2.8,30,228991.909883,True
0.0,30,229038.104647,False
0.0,30,229082.369958,False
2.1,30,229128.189322,True
2.5,30,229173.378657,True
2.1,30,229221.487352,True
2.6,30,229259.366005,True
0.7,30,229335.137919,True
2.6,30,229386.484578,True
0.0,30,229430.034765,False
1.1,30,229471.260883,True
2.6,30,229518.929477,True
0.0,30,229567.971179,False
0.9,30,229617.534653,True
2.6,30,229921.613456,True
2.7,30,229971.783196,True
0.0,30,230016.330771,False
0.0,30,230066.856304,False
2.6,30,230114.161862,True
0.0,30,230157.524497,False
0.0,30,230202.212063,False
1.1,30,230244.083451,True
2.7,30,230294.418992,True
3.0,30,230339.25139,True
2.5,30,230391.32073,True
0.0,30,230435.580205,False
0.0,30,230478.363934,False
0.0,30,230522.26084,False
2.4,30,230570.393634,True
2.6,30,230618.44784,True
0.0,30,230664.535151,False
0.0,30,230707.302274,False
0.0,30,230751.839246,False
2.3,30,230791.569089,True
0.0,30,230839.97486,False
2.4,30,230887.288132,True
1.8,30,230935.276346,True
0.0,30,230986.139861,False
2.8,30,231046.644779,True
0.0,30,231099.197828,False
3.0,30,231153.908954,True
0.0,30,231201.943176,False
2.8,30,231241.197417,True
2.3,30,231281.877203,True
3.0,30,231336.129516,True
0.0,30,231388.687604,False
2.9,30,231435.745977,True
2.3,30,231479.529716,True
2.5,30,231755.791475,True
0.0,30,231799.976538,False
0.0,30,231845.18813,False
1.7,30,231884.806066,True
2.9,30,231927.114023,True
2.5,30,231975.384398,True
0.0,30,232019.398192,False
2.9,30,232063.347169,True
0.0,30,232108.765025,False
0.0,30,232152.050905,False
0.0,30,232204.096821,False
0.0,30,232249.024773,False
0.0,30,232294.057128,False
1.6,30,232338.433076,False
2.5,30,232389.801644,True
2.7,30,232435.825233,True
0.0,30,232484.923158,False
0.0,30,232532.655473,False
2.5,30,232581.449806,True
0.0,30,232633.364237,False
2.9,30,232672.774979,True
0.0,30,232721.160625,False
2.9,30,232765.491054,True
0.6,30,232811.229482,False
3.0,30,232853.95222,True
2.2,30,232902.563894,True
2.8,30,232945.684153,True
0.0,30,232993.962247,False
0.0,30,233042.249745,False
0.0,30,233094.166049,False
0.0,30,233138.089721,False
1.9,30,233188.274947,True
0.0,30,233240.013126,False
2.0,30,233290.138027,True
2.4,30,233596.511216,False
0.0,30,233641.136472,False
2.9,30,233683.598457,True
0.0,30,233726.18878,False
0.0,30,233768.816517,False
0.0,30,233817.224569,False
2.5,30,233868.711398,True
0.0,30,233910.658946,False
2.5,30,233955.018678,True
0.0,30,233997.244503,False
3.0,30,234046.436527,True
2.8,30,234105.536841,True
2.3,30,234159.392807,True
0.0,30,234200.326658,False
0.0,30,234244.114114,False
2.5,30,234284.914343,True
2.2,30,234333.059203,True
0.0,30,234383.710675,False
2.2,30,234433.177257,True
0.0,30,234480.936075,False
2.7,30,234524.067348,True
2.7,30,234566.928544,True
0.0,30,234615.020002,False
0.0,30,234656.215205,False
2.1,30,234706.154655,True
0.0,30,234753.337714,False
0.0,30,234795.93,False
0.0,30,234845.0486,False
0.0,30,234888.904782,False
0.0,30,234934.232743,False
2.1,30,234986.169219,True
0.0,30,235035.583495,False
2.6,30,235082.287304,True
0.0,30,235135.99172,False
2.6,30,235423.285661,True
0.0,30,235473.090698,False
2.3,30,235518.2765,True
0.0,30,235567.353638,False
0.0,30,235610.906598,False
0.0,30,235651.671365,False
2.6,30,235699.373642,True
0.0,30,235744.303175,False
2.3,30,235791.575666,True
2.7,30,235835.751158,True
0.0,30,235880.60997,False
0.0,30,235924.427491,False
0.0,30,235965.73299,False
2.4,30,236007.031916,True
2.6,30,236050.70835,True
2.6,30,236094.592264,True
0.0,30,236140.722705,False
2.2,30,236186.564641,True
0.0,30,236229.563177,False
2.5,30,236271.325611,True
0.0,30,236320.272299,False
0.0,30,236363.95616,False
2.3,30,236408.174252,True
0.0,30,236450.964323,False
2.4,30,236495.726835,True
2.8,30,236540.623693,True
0.0,30,236595.314399,False
0.0,30,236639.135058,False
1.5,30,236680.787065,True
0.0,30,236724.21503,False
2.4,30,236773.540604,True
0.9,30,236820.332118,True
0.0,30,236864.699036,False
2.6,30,236909.046265,True
2.4,30,236953.536522,True
0.0,30,237269.537922,False
3.0,30,237313.666214,True
0.0,30,237369.175625,False
2.8,30,237416.624833,True
1.1,30,237467.003441,True
2.6,30,237514.322577,True
0.0,30,237560.143123,False
2.8,30,237607.994138,True
0.0,30,237651.09219,False
2.7,30,237697.373516,True
1.8,30,237742.725603,True
2.9,30,237795.406629,True
1.2,30,237839.142167,False
0.0,30,237887.419212,False
3.0,30,237935.05166,True
2.9,30,237980.145986,True
0.0,30,238024.959909,False
0.0,30,238068.484384,False
1.7,30,238112.648771,True
2.3,30,238156.435638,True
2.8,30,238204.66967,True
0.0,30,238249.620512,False
1.7,30,238301.882885,True
0.0,30,238347.621578,False
0.0,30,238388.525461,False
0.0,30,238431.689905,False
0.0,30,238477.249928,False
0.0,30,238527.066312,False
2.6,30,238571.630606,True
0.0,30,238623.371694,False
0.0,30,238667.901345,False
2.6,30,238715.546767,True
0.0,30,238757.895013,False
2.6,30,238801.882676,True
0.0,30,239132.900731,False
2.3,30,239171.963122,True
0.0,30,239218.615045,False
0.9,30,239265.881432,True
0.0,30,239314.93318,False
0.0,30,239363.161534,False
0.0,30,239408.638235,False
2.2,30,239455.339063,True
0.0,30,239498.219187,False
0.0,30,239545.843042,False
3.0,30,239601.261174,True
2.7,30,239646.146305,True
2.9,30,239693.990086,True
2.8,30,239741.686731,True
0.0,30,239788.61115,False
0.0,30,239841.884259,False
0.0,30,239893.004628,False
0.0,30,240002.422698,False
2.8,30,240054.25345,True
2.9,30,240110.793624,True
2.4,30,240154.19345,True
0.0,30,240198.392337,False
2.8,30,240240.719009,True
0.0,30,240288.13682,False
0.0,30,240329.659256,False
2.8,30,240375.436962,True
0.0,30,240431.70006,False
2.6,30,240482.47933,True
3.0,30,240528.472474,True
0.0,30,240576.421899,False
2.1,30,240627.778787,True
2.5,30,240671.684347,True
1.9,30,240714.402729,True
2.5,30,240764.11459,True
0.0,30,241075.646688,False
0.0,30,241120.074655,False
2.6,30,241167.236297,True
0.0,30,241214.437835,False
0.0,30,241266.231826,False
0.0,30,241318.724197,False
2.3,30,241361.497398,True
2.8,30,241404.486245,True
2.8,30,241446.261893,True
0.0,30,241490.984872,False
0.0,30,241542.691765,False
0.0,30,241584.583072,False
2.5,30,241625.907615,True
2.8,30,241668.988691,True
2.7,30,241718.275214,True
0.0,30,241769.237767,False
1.1,30,241811.081323,True
0.0,30,241855.902211,False
2.4,30,241899.616867,True
2.3,30,241948.009834,True
0.0,30,241998.157865,False
0.0,30,242041.806734,False
0.0,30,242087.70705,False
0.0,30,242136.032759,False
2.0,30,242177.570132,True
0.0,30,242225.043211,False
0.0,30,242268.493503,False
0.0,30,242325.976233,False
2.4,30,242369.971652,True
2.5,30,242443.196723,True
0.0,30,242488.703147,False
0.0,30,242534.963883,False
2.3,30,242585.576613,True
2.6,30,242628.926084,True
0.0,30,242941.681512,False
2.1,30,242986.841164,True
2.4,30,243035.343804,True
0.0,30,243081.327125,False
1.8,30,243128.175953,True
1.4,30,243167.629689,True
2.5,30,243214.631018,True
0.0,30,243257.582187,False
0.0,30,243301.689985,False
0.0,30,243350.00585,False
2.2,30,243398.64655,True
0.0,30,243443.089882,False
0.0,30,243488.829886,False
0.0,30,243529.484604,False
0.0,30,243579.482483,False
2.7,30,243646.591054,True
2.8,30,243692.736435,True
2.4,30,243740.017009,True
2.4,30,243797.670481,True
0.0,30,243842.424963,False
0.0,30,243886.544961,False
0.0,30,243929.452436,False
2.9,30,243974.416971,True
0.0,30,244028.288184,False
0.0,30,244075.07661,False
2.5,30,244117.981937,True
0.0,30,244163.687952,False
1.2,30,244210.622508,True
1.8,30,244254.645744,True
1.9,30,244302.172154,True
0.0,30,244347.546401,False
2.6,30,244389.606805,True
2.8,30,244442.008176,True
0.0,30,244486.242372,False
1.6,30,244798.668298,True
0.0,30,244843.402353,False
2.7,30,244892.451975,True
0.0,30,244945.65303,False
0.0,30,244992.795471,False
0.0,30,245038.029066,False
0.0,30,245086.142724,False
2.8,30,245130.881893,True
0.0,30,245176.195832,False
1.6,30,245218.9214,True
0.0,30,245267.133413,False
0.0,30,245310.653512,False
2.9,30,245357.073699,True
0.0,30,245398.741328,False
2.8,30,245453.608943,True
0.0,30,245503.761792,False
0.0,30,245551.297414,False
2.7,30,245594.445621,True
1.6,30,245641.918819,True
0.0,30,245688.582586,False
0.0,30,245739.247276,False
0.0,30,245789.891193,False
3.0,30,245839.27195,True
0.0,30,245886.845842,False
2.6,30,245931.500987,True
0.6,30,245990.340769,True
2.8,30,246037.343779,True
0.0,30,246080.805253,False
0.0,30,246130.61085,False
0.0,30,246178.772658,False
2.7,30,246222.372906,True
0.0,30,246263.938431,False
2.2,30,246309.359724,True
0.0,30,246360.209294,False
0.0,30,246702.610608,False
0.0,30,246751.091329,False
0.0,30,246795.840383,False
0.0,30,246838.998668,False
3.0,30,246888.740304,True
0.0,30,246937.781235,False
2.4,30,246981.706792,True
2.9,30,247031.02142,True
0.0,30,247081.294459,False
3.0,30,247126.209261,True
2.7,30,247175.394922,True
0.7,30,247221.80147,False
3.0,30,247265.486325,True
2.5,30,247307.732676,True
0.0,30,247347.055149,False
2.3,30,247393.395419,True
2.9,30,247435.373842,True
0.0,30,247482.412988,False
0.0,30,247532.050852,False
2.5,30,247581.474012,True
0.0,30,247626.307319,False
0.0,30,247673.86059,False
2.3,30,247724.228594,True
2.6,30,247769.916008,True
0.0,30,247813.881624,False
0.0,30,247859.658441,False
2.6,30,247927.7142,True
2.8,30,247969.011153,True
0.0,30,248013.631604,False
2.8,30,248059.697845,True
2.7,30,248110.809341,True
2.8,30,248162.137841,True
2.3,30,248217.111886,True
0.0,30,248268.860708,False
1.7,30,248605.869602,True
0.0,30,248650.912054,False
0.0,30,248695.616638,False
0.0,30,248741.916551,False
2.8,30,248791.061612,True
0.0,30,248834.477064,False
0.0,30,248880.994056,False
2.6,30,248928.470281,True
2.9,30,248982.599439,True
1.7,30,249034.751948,True
0.0,30,249086.486125,False
0.0,30,249128.965978,False
0.0,30,249171.512687,False
2.4,30,249223.365944,True
2.7,30,249268.180739,True
2.9,30,249316.30726,True
1.5,30,249356.34104,True
2.8,30,249410.56193,True
0.0,30,249463.377007,False
2.9,30,249509.219451,True
2.4,30,249554.2237,True
2.3,30,249627.828302,True
1.8,30,249673.507734,True
2.9,30,249718.660386,True
2.1,30,249763.984035,True
0.0,30,249809.280121,False
2.5,30,249864.35127,True
3.0,30,249911.346168,True
2.5,30,249955.244419,True
2.6,30,250003.778711,True
0.0,30,250047.076329,False
0.0,30,250090.905747,False
0.0,30,250139.441493,False
2.8,30,250185.850857,True
0.0,30,250509.046597,False
2.6,30,250552.475639,True
2.8,30,250599.622609,True
0.0,30,250649.475634,False
0.0,30,250698.929731,False
2.6,30,250743.956056,True
2.5,30,250787.338511,True
2.8,30,250837.972728,True
0.9,30,250881.59656,True
0.0,30,250924.806929,False
2.4,30,250967.590364,True
0.0,30,251011.739223,False
0.0,30,251054.336014,False
2.7,30,251098.729868,True
2.1,30,251150.100893,True
2.8,30,251197.979026,True
0.0,30,251248.268763,False
2.7,30,251301.18004,True
0.0,30,251349.142423,False
2.4,30,251401.298674,True
1.9,30,251447.272552,True
2.7,30,251490.450193,True
0.0,30,251534.204741,False
0.0,30,251579.544883,False
2.3,30,251622.463337,True
0.0,30,251671.237406,False
2.5,30,251719.706681,True
0.0,30,251767.256427,False
0.0,30,251813.299775,False
2.2,30,251854.220213,True
0.0,30,251895.913164,False
1.8,30,251938.901677,True
0.0,30,251980.721515,False
0.0,30,252030.859567,False
0.0,30,252082.344861,False
3.0,30,252405.847451,True
0.0,30,252450.778883,False
0.0,30,252497.975232,False
2.6,30,252545.553024,True
2.8,30,252592.372452,True
0.0,30,252646.162168,False
2.8,30,252691.978177,True
0.0,30,252751.932753,False
2.5,30,252796.127419,True
0.0,30,252840.106178,False
0.0,30,252888.258662,False
2.8,30,252935.76118,True
2.5,30,252984.642232,True
2.6,30,253028.527474,True
0.0,30,253071.956761,False
2.5,30,253114.698193,True
0.0,30,253160.681808,False
1.8,30,253218.910643,True
3.0,30,253264.945988,True
0.0,30,253311.256954,False
2.9,30,253354.978648,True
2.7,30,253400.807599,True
0.0,30,253456.435947,False
2.0,30,253503.096666,True
0.0,30,253549.491966,False
2.8,30,253588.433099,True
0.0,30,253635.302242,False
2.8,30,253682.355129,True
1.7,30,253724.99633,True
0.0,30,253773.571676,False
2.8,30,253819.624039,True
2.3,30,253866.179636,True
2.5,30,253920.820394,True
0.0,30,253968.404406,False
2.8,30,254295.901693,True
2.2,30,254342.544463,True
1.2,30,254388.213377,False
2.6,30,254431.365752,True
0.0,30,254476.838799,False
0.0,30,254526.95411,False
2.7,30,254574.880975,True
0.0,30,254624.888469,False
2.4,30,254669.719226,True
0.0,30,254721.039904,False
2.4,30,254765.635471,True
0.0,30,254814.948272,False
0.3,30,254856.871816,True
1.0,30,254897.323541,True
0.0,30,254944.434864,False
1.1,30,254996.476799,True
0.0,30,255041.816324,False
0.0,30,255088.280475,False
2.3,30,255132.872316,True
2.3,30,255188.606526,True
0.0,30,255234.304409,False
1.2,30,255281.610542,True
2.8,30,255327.056873,True
2.5,30,255369.792648,True
0.0,30,255411.903481,False
0.0,30,255464.109843,False
1.4,30,255512.391795,True
2.8,30,255557.770523,True
0.0,30,255602.672972,False
0.0,30,255652.992666,False
2.8,30,255706.277957,True
0.0,30,255750.142617,False
0.0,30,255797.290237,False
2.6,30,255841.28343,True
2.7,30,256180.711552,True
2.5,30,256228.010458,True
3.0,30,256280.549089,True
2.9,30,256326.806467,True
1.7,30,256373.612479,True
2.6,30,256425.469262,True
0.0,30,256473.505995,False
0.0,30,256526.195024,False
2.8,30,256577.354388,True
0.0,30,256629.161086,False
0.0,30,256678.780352,False
0.0,30,256726.486018,False
0.0,30,256774.295511,False
0.0,30,256816.021033,False
0.0,30,256859.112485,False
2.7,30,256904.415964,True
1.1,30,256948.474769,True
2.4,30,256997.640988,True
0.8,30,257046.451723,True
0.0,30,257096.851188,False
0.0,30,257162.906645,False
0.0,30,257212.556628,False
2.9,30,257259.49884,True
0.0,30,257309.767901,False
0.0,30,257357.559527,False
2.8,30,257405.812052,True
0.0,30,257453.398247,False
0.0,30,257506.072384,False
0.0,30,257553.704954,False
2.6,30,257595.938791,True
0.0,30,257636.440633,False
0.7,30,257680.187257,False
0.0,30,257724.298523,False
0.0,30,257779.682537,False
2.4,30,258113.240685,True
2.8,30,258160.155689,True
2.7,30,258217.325457,True
0.9,30,258264.651946,True
2.7,30,258311.208194,True
0.0,30,258359.550238,False
1.1,30,258407.382258,False
0.0,30,258457.333967,False
0.0,30,258504.950031,False
2.9,30,258548.129492,True
2.6,30,258595.906361,True
0.0,30,258641.017532,False
0.0,30,258683.93263,False
0.0,30,258730.28959,False
0.0,30,258788.955262,False
2.8,30,258833.559723,True
0.0,30,258883.84007,False
2.4,30,258926.564022,True
0.0,30,258978.077168,False
0.0,30,259021.979759,False
2.2,30,259072.539332,True
0.0,30,259114.913257,False
0.0,30,259159.496053,False
0.0,30,259204.93258,False
0.0,30,259255.088711,False
0.0,30,259303.993203,False
2.3,30,259353.63324,True
0.0,30,259403.877026,False
2.7,30,259456.128756,True
2.4,30,259500.852165,True
2.7,30,259545.17629,True
0.0,30,259596.467032,False
2.3,30,259642.47029,True
0.0,30,259689.835111,False
0.0,30,260049.867354,False
1.3,30,260100.094621,True
0.8,30,260148.439884,True
2.2,30,260200.793497,True
0.0,30,260246.443629,False
2.6,30,260300.634808,True
0.0,30,260351.303265,False
0.0,30,260407.700217,False
0.0,30,260458.977776,False
2.4,30,260506.74929,True
3.0,30,260565.53908,True
2.0,30,260606.896305,True
0.0,30,260653.553755,False
0.0,30,260698.67671,False
0.0,30,260744.120978,False
2.7,30,260792.378951,True
2.0,30,260840.813187,True
0.0,30,260886.004778,False
0.0,30,260935.452545,False
2.4,30,260985.412965,True
2.4,30,261035.088198,True
2.9,30,261082.169032,True
0.0,30,261134.69738,False
2.5,30,261183.642868,True
0.0,30,261231.359943,False
0.0,30,261282.407768,False
2.7,30,261323.266134,True
0.0,30,261366.690644,False
2.6,30,261409.042564,True
2.6,30,261464.776735,True
2.6,30,261513.213022,True
0.0,30,261561.462149,False
0.0,30,261607.272918,False
2.6,30,261653.340479,True
0.0,30,261985.154381,False
2.1,30,262029.164978,True
2.4,30,262079.239101,True
1.6,30,262125.198529,True
2.7,30,262173.770835,True
0.0,30,262218.446455,False
0.0,30,262265.231194,False
2.5,30,262309.353661,True
0.0,30,262357.163198,False
2.8,30,262406.09412,True
0.0,30,262454.989056,False
0.0,30,262496.020013,False
0.0,30,262549.963407,False
2.8,30,262594.169444,True
0.0,30,262641.722336,False
0.0,30,262687.601305,False
0.0,30,262734.334959,False
0.0,30,262778.677652,False
0.0,30,262829.530366,False
2.8,30,262870.78141,True
0.8,30,262913.980485,True
0.0,30,262961.615221,False
2.6,30,263009.171862,True
0.0,30,263055.667971,False
2.6,30,263095.635647,True
0.0,30,263139.674428,False
1.9,30,263193.616507,True
0.0,30,263237.316579,False
1.5,30,263279.081102,False
1.7,30,263326.278081,True
0.0,30,263376.768756,False
2.7,30,263420.379907,True
0.0,30,263474.243881,False
0.0,30,263516.250608,False
0.0,30,263868.0401,False
2.8,30,263920.378439,True
0.0,30,263973.594846,False
2.6,30,264018.740375,True
2.8,30,264064.845011,True
2.5,30,264120.662941,True
1.9,30,264170.202979,True
0.0,30,264216.985101,False
0.0,30,264268.888834,False
0.0,30,264313.290205,False
3.0,30,264358.529898,True
0.0,30,264403.239216,False
2.5,30,264444.833065,True
0.0,30,264492.15455,False
0.0,30,264544.458305,False
0.0,30,264601.081035,False
0.0,30,264646.682441,False
0.0,30,264694.211826,False
0.0,30,264738.853003,False
2.9,30,264788.429475,True
0.0,30,264834.895158,False
2.8,30,264883.713794,True
1.7,30,264937.058233,True
2.1,30,264984.6996,True
0.0,30,265031.009662,False
2.5,30,265076.397579,True
2.5,30,265119.678166,True
0.0,30,265163.546585,False
2.5,30,265218.042399,True
0.0,30,265273.302522,False
0.0,30,265316.463923,False
3.0,30,265361.559371,True
2.4,30,265411.080019,True
1.9,30,265458.777672,True
3.0,30,265505.069424,True
2.4,30,265845.882007,True
2.7,30,265895.187918,True
0.0,30,265939.852521,False
2.8,30,265985.559362,True
0.0,30,266030.72692,False
0.0,30,266081.749497,False
2.7,30,266128.15235,True
0.0,30,266172.560469,False
0.0,30,266215.526496,False
0.0,30,266263.440719,False
2.6,30,266304.791394,True
2.8,30,266358.814185,True
0.0,30,266399.605196,False
0.0,30,266447.855383,False
2.6,30,266493.194043,True
0.0,30,266540.16003,False
0.0,30,266580.953386,False
0.0,30,266627.977271,False
2.7,30,266679.19354,True
2.1,30,266727.510443,True
0.0,30,266772.745651,False
0.0,30,266820.980799,False
3.0,30,266866.542562,True
0.0,30,266915.315432,False
0.0,30,266959.213478,False
3.0,30,267003.541015,True
2.8,30,267044.17989,True
2.8,30,267088.14498,True
1.8,30,267133.193944,True
2.7,30,267177.152042,True
3.0,30,267225.272741,True
0.0,30,267274.348727,False
2.3,30,267321.324513,True
2.6,30,267369.468628,True
0.0,30,267731.712106,False
0.0,30,267783.493023,False
0.0,30,267826.348942,False
2.2,30,267873.478427,True
2.5,30,267918.813344,True
2.9,30,267968.887918,True
0.0,30,268017.493121,False
2.9,30,268061.231114,True
2.4,30,268107.903023,True
0.0,30,268156.088811,False
0.0,30,268201.966805,False
0.0,30,268246.014229,False
0.0,30,268291.541089,False
2.6,30,268335.32956,True
0.0,30,268388.304465,False
0.0,30,268436.31405,False
1.7,30,268477.811157,True
2.6,30,268524.901622,True
2.9,30,268572.08831,True
2.4,30,268622.155426,True
2.8,30,268665.474615,True
0.0,30,268707.471886,False
3.0,30,268754.155389,True
2.8,30,268799.73496,True
2.6,30,268848.588911,True
2.6,30,268893.439857,True
0.0,30,268937.293969,False
2.7,30,268979.865686,True
0.0,30,269031.012537,False
2.5,30,269076.537135,True
2.5,30,269126.599267,True
0.0,30,269174.451094,False
0.0,30,269221.272242,False
2.8,30,269269.369331,True
3.0,30,269610.64165,True
2.5,30,269660.711496,True
2.5,30,269707.712101,True
2.4,30,269753.406024,True
2.3,30,269802.166876,True
0.0,30,269848.860121,False
0.0,30,269903.3476,False
3.0,30,269948.647088,True
0.0,30,269992.838219,False
0.0,30,270038.486657,False
0.0,30,270086.627496,False
0.0,30,270131.901173,False
0.0,30,270177.303304,False
0.0,30,270232.273777,False
0.0,30,270276.642093,False
2.6,30,270323.055296,True
0.0,30,270366.787133,False
2.5,30,270416.671171,True
2.5,30,270463.515432,True
2.1,30,270512.453848,True
2.3,30,270568.749943,True
2.8,30,270612.978797,True
1.3,30,270666.459019,True
0.0,30,270715.570401,False
0.0,30,270765.57292,False
0.0,30,270824.074486,False
0.0,30,270872.466904,False
0.0,30,270918.567228,False
0.0,30,270968.535155,False
0.0,30,271014.670713,False
0.0,30,271062.146719,False
2.5,30,271110.137403,True
2.6,30,271162.351482,True
0.0,30,271217.808441,False
2.3,30,271548.001151,True
0.0,30,271600.839904,False
0.6,30,271655.585673,True
2.5,30,271695.002356,True
0.0,30,271743.236601,False
2.5,30,271793.957022,True
3.0,30,271837.618261,True
0.0,30,271880.738977,False
0.0,30,271927.566663,False
0.0,30,271976.853103,False
0.0,30,272023.147929,False
2.1,30,272068.152951,True
2.8,30,272112.458065,True
2.2,30,272163.25755,True
0.0,30,272217.948829,False
0.0,30,272262.815406,False
2.2,30,272305.761122,True
1.9,30,272353.069709,True
2.4,30,272396.909823,True
2.8,30,272445.2602,True
2.5,30,272489.897813,True
2.8,30,272533.881795,True
0.0,30,272584.398573,False
2.3,30,272626.356065,True
0.0,30,272672.221893,False
0.0,30,272718.041961,False
3.0,30,272771.815374,True
2.4,30,272816.965441,True
2.7,30,272868.302958,True
0.0,30,272910.423218,False
2.8,30,272954.048142,True
2.8,30,272996.932332,True
0.0,30,273042.557673,False
2.6,30,273089.634822,True
2.8,30,273384.448678,True
0.0,30,273437.571826,False
3.0,30,273488.905345,True
0.0,30,273539.426302,False
0.0,30,273585.06607,False
2.2,30,273631.355082,True
2.8,30,273674.365924,True
2.9,30,273726.057863,True
0.0,30,273773.714321,False
0.7,30,273819.030488,True
2.7,30,273862.566074,True
2.7,30,273906.923157,True
0.0,30,273950.271066,False
0.0,30,274002.237982,False
2.1,30,274049.597797,True
2.7,30,274092.950138,True
1.9,30,274140.067116,True
2.9,30,274201.435081,True
0.0,30,274245.616933,False
0.0,30,274291.221363,False
0.0,30,274334.199124,False
0.0,30,274383.747116,False
2.7,30,274430.166898,True
0.0,30,274476.558029,False
2.7,30,274525.54439,True
0.0,30,274570.276065,False
0.0,30,274611.60906,False
0.0,30,274654.437167,False
1.4,30,274703.436903,True
2.9,30,274748.038521,True
0.5,30,274796.858381,True
0.0,30,274841.819973,False
2.4,30,274884.433279,True
2.8,30,274928.338181,True
0.0,30,275240.100373,False
0.0,30,275287.394741,False
0.0,30,275328.755726,False
0.0,30,275373.546022,False
0.0,30,275421.513067,False
0.0,30,275471.362213,False
0.0,30,275513.870569,False
0.0,30,275559.443336,False
0.0,30,275599.846442,False
0.0,30,275645.427881,False
0.0,30,275689.973146,False
2.5,30,275738.997945,True
2.9,30,275788.979002,True
0.0,30,275832.925649,False
0.0,30,275872.294487,False
1.8,30,275912.155754,True
0.0,30,275956.305469,False
0.0,30,276000.010376,False
2.3,30,276051.143209,True
0.0,30,276097.270376,False
0.0,30,276146.467427,False
2.5,30,276195.731277,True
3.0,30,276248.345747,True
0.3,30,276296.165033,False
0.0,30,276348.820918,False
0.0,30,276395.343982,False
0.0,30,276438.799605,False
0.0,30,276484.295838,False
2.5,30,276533.079898,True
0.0,30,276578.899112,False
0.0,30,276630.465569,False
2.1,30,276674.033944,True
0.0,30,276724.268236,False
2.3,30,276770.962729,True
1.6,30,277061.523914,True
2.8,30,277109.811845,True
2.2,30,277152.280468,True
2.9,30,277195.081578,True
0.0,30,277246.712118,False
0.0,30,277292.904802,False
3.0,30,277336.044863,True
0.0,30,277383.371023,False
2.4,30,277426.573947,True
2.5,30,277475.858164,True
2.7,30,277526.637469,True
0.0,30,277570.507602,False
2.6,30,277626.579404,True
2.9,30,277674.061416,True
0.0,30,277715.709791,False
0.0,30,277764.717667,False
2.7,30,277811.175777,True
0.0,30,277862.679994,False
2.8,30,277907.726617,True
2.2,30,277951.832658,True
0.0,30,278006.095285,False
2.6,30,278065.11425,True
2.6,30,278109.784266,True
1.9,30,278157.477898,True
0.0,30,278199.008265,False
0.0,30,278251.331809,False
0.0,30,278302.250686,False
2.5,30,278350.512099,True
2.6,30,278391.297982,True
0.0,30,278441.127854,False
2.1,30,278489.823759,True
1.8,30,278536.357214,True
2.8,30,278579.420077,True
0.0,30,278623.220097,False
2.5,30,278941.908966,True
0.0,30,278990.157116,False
0.0,30,279043.875547,False
1.1,30,279088.993313,True
0.0,30,279132.39671,False
2.3,30,279182.848072,True
0.0,30,279229.832561,False
2.7,30,279276.988383,True
2.3,30,279329.471492,True
2.5,30,279370.694171,True
0.0,30,279412.32212,False
0.0,30,279462.105926,False
0.0,30,279503.919686,False
0.0,30,279548.06049,False
0.0,30,279594.420289,False
2.4,30,279645.618141,True
0.0,30,279691.333241,False
2.5,30,279741.671812,True
2.7,30,279791.692123,True
0.0,30,279841.277187,False
0.0,30,279888.578823,False
0.7,30,279933.061999,False
0.0,30,279976.855064,False
0.7,30,280023.681362,True
0.0,30,280070.86997,False
0.0,30,280121.523288,False
0.0,30,280165.315316,False
2.4,30,280215.26827,True
0.0,30,280259.517203,False
2.2,30,280313.82525,True
2.8,30,280358.415815,True
0.0,30,280401.057181,False
2.9,30,280455.789666,True
0.0,30,280501.116366,False
0.0,30,280547.749634,False
3.0,30,280841.145212,True
2.9,30,280887.060262,True
2.0,30,280930.878377,True
2.8,30,280980.909514,True
0.0,30,281028.873688,False
0.0,30,281074.560925,False
0.0,30,281119.833814,False
0.0,30,281164.444667,False
2.9,30,281214.324608,True
2.8,30,281258.684234,True
0.0,30,281306.725514,False
0.0,30,281351.847251,False
0.0,30,281398.332343,False
2.9,30,281438.299449,True
0.0,30,281482.702809,False
2.6,30,281537.266778,True
0.0,30,281583.728747,False
2.7,30,281630.265036,True
0.0,30,281677.691994,False
2.5,30,281727.318989,True
2.4,30,281772.252001,True
2.3,30,281817.907687,True
2.7,30,281864.366128,True
0.0,30,281914.72907,False
2.3,30,281962.245513,True
2.4,30,282012.113067,True
0.0,30,282057.754974,False
0.0,30,282102.351478,False
0.0,30,282149.80091,False
0.0,30,282195.970572,False
1.2,30,282245.450812,False
0.0,30,282296.919106,False
2.2,30,282344.913145,True
1.7,30,282399.940747,True
0.0,30,282738.476012,False
1.6,30,282783.230974,True
0.0,30,282834.729098,False
1.7,30,282893.985409,True
0.0,30,282938.771119,False
2.4,30,282987.401847,True
2.1,30,283034.968143,True
2.1,30,283082.701018,True
0.0,30,283132.144974,False
0.0,30,283186.110307,False
2.9,30,283240.555699,True
0.0,30,283287.023168,False
0.0,30,283338.881968,False
2.5,30,283382.15094,True
1.7,30,283437.32794,True
2.2,30,283487.288263,True
2.6,30,283535.405138,True
0.0,30,283584.028223,False
0.0,30,283627.465533,False
0.0,30,283678.688581,False
2.7,30,283722.779301,True
0.0,30,283774.135875,False
0.0,30,283823.064874,False
0.0,30,283868.158939,False
2.5,30,283916.142317,True
0.0,30,283962.749807,False
2.2,30,284010.471735,True
0.0,30,284057.749519,False
3.0,30,284107.585842,True
2.3,30,284152.728326,True
0.1,30,284201.547111,False
2.9,30,284252.359975,True
0.0,30,284302.403382,False
0.0,30,284349.574254,False
1.4,30,284686.633489,True
0.0,30,284738.043222,False
2.6,30,284790.69447,True
0.0,30,284842.550626,False
3.0,30,284891.851678,True
2.7,30,284939.936023,True
0.0,30,284987.385917,False
2.9,30,285032.012281,True
0.0,30,285078.986805,False
2.5,30,285130.63697,True
0.0,30,285178.140542,False
2.8,30,285220.503812,True
2.5,30,285268.195675,True
0.0,30,285315.322659,False
2.4,30,285358.821815,True
0.0,30,285412.297371,False
0.0,30,285462.482844,False
0.0,30,285510.523137,False
1.7,30,285554.685855,True
0.0,30,285600.042119,False
1.2,30,285649.521609,True
3.0,30,285701.056607,True
0.0,30,285748.817193,False
2.3,30,285794.340752,True
2.5,30,285845.62307,True
2.5,30,285895.413048,True
2.7,30,285938.247996,True
0.0,30,285987.911316,False
0.0,30,286030.948013,False
1.5,30,286082.404516,True
2.3,30,286128.145779,True
0.0,30,286179.936472,False
0.0,30,286223.877986,False
2.7,30,286277.87496,True
0.0,30,286639.063886,False
0.0,30,286693.69211,False
1.0,30,286737.363295,True
3.0,30,286786.649774,True
2.8,30,286836.879613,True
0.0,30,286880.842551,False
2.5,30,286931.645485,True
2.5,30,286978.758006,True
0.0,30,287022.897034,False
0.0,30,287067.610334,False
0.0,30,287113.257233,False
0.0,30,287159.402054,False
2.5,30,287207.237304,False
0.0,30,287260.186475,False
0.0,30,287310.053593,False
0.0,30,287360.363828,False
2.4,30,287402.671885,True
0.1,30,287453.53768,False
0.0,30,287502.297163,False
2.2,30,287551.735398,True
2.6,30,287602.512342,True
2.6,30,287648.822242,True
2.7,30,287698.875926,True
2.3,30,287743.049082,True
0.0,30,287789.499796,False
2.9,30,287839.538454,True
0.0,30,287881.090833,False
0.0,30,287923.768011,False
0.0,30,287964.533574,False
0.0,30,288012.973025,False
0.0,30,288058.407815,False
2.1,30,288108.082873,True
2.3,30,288153.238911,True
3.0,30,288196.705657,True
0.0,30,288506.634421,False
0.0,30,288554.633854,False
0.0,30,288596.557855,False
0.0,30,288635.440672,False
2.6,30,288684.646793,True
2.2,30,288731.906535,True
0.0,30,288806.798343,False
0.0,30,288855.601393,False
2.4,30,288903.488689,True
2.8,30,288946.491596,True
0.0,30,288994.216723,False
0.0,30,289040.310169,False
2.6,30,289092.527746,True
0.0,30,289135.786843,False
2.7,30,289187.438435,True
2.5,30,289240.680408,True
0.0,30,289288.753871,False
2.8,30,289335.369863,True
0.0,30,289383.343954,False
0.0,30,289423.437818,False
0.0,30,289467.468136,False
1.1,30,289517.438404,True
2.6,30,289572.017423,True
0.8,30,289610.829248,False
0.0,30,289658.812953,False
0.0,30,289702.907924,False
0.0,30,289747.377994,False
0.0,30,289796.81551,False
0.0,30,289845.549213,False
0.9,30,289904.940753,True
0.0,30,289951.864736,False
2.6,30,289998.949083,True
1.4,30,290044.900048,False
2.4,30,290103.225354,True
2.3,30,290453.590676,True
3.0,30,290497.477759,True
0.0,30,290547.257229,False
1.9,30,290596.161489,True
0.0,30,290644.484826,False
0.0,30,290688.965406,False
2.5,30,290737.019298,True
2.7,30,290780.388331,True
0.6,30,290825.721932,False
0.0,30,290873.266805,False
2.0,30,290925.407538,True
0.0,30,290989.133849,False
0.0,30,291038.546154,False
0.0,30,291084.097127,False
2.7,30,291126.910077,True
2.0,30,291170.927139,True
0.0,30,291220.236318,False
2.9,30,291263.030308,True
0.0,30,291305.114426,False
2.5,30,291355.492268,True
0.0,30,291401.876874,False
2.8,30,291443.818895,True
2.6,30,291486.693615,True
2.0,30,291534.567305,True
2.1,30,291583.559175,True
2.4,30,291625.770764,True
0.0,30,291674.562054,False
0.6,30,291725.237533,True
1.3,30,291774.182118,True
0.0,30,291825.354635,False
0.0,30,291872.843249,False
2.8,30,291916.773574,True
0.0,30,291959.896054,False
0.0,30,292005.126241,False
0.0,30,292378.512841,False
0.0,30,292436.220889,False
2.3,30,292484.804964,True
0.0,30,292531.364405,False
0.0,30,292574.06408,False
0.4,30,292631.118056,True
2.7,30,292682.886094,True
2.4,30,292734.194761,True
0.0,30,292780.95172,False
0.9,30,292821.469927,True
2.9,30,292867.002953,True
0.0,30,292907.986944,False
0.0,30,292952.956165,False
0.0,30,292994.172297,False
1.9,30,293042.031034,True
0.0,30,293091.296453,False
2.8,30,293140.372381,True
0.0,30,293192.36814,False
2.4,30,293235.085257,True
0.0,30,293281.156893,False
2.5,30,293328.066391,True
2.1,30,293375.399705,True
2.6,30,293421.711539,True
2.9,30,293465.511786,True
0.0,30,293507.229757,False
2.4,30,293550.523794,True
0.0,30,293595.35968,False
0.0,30,293643.413525,False
3.0,30,293685.145507,True
2.2,30,293735.05751,True
2.8,30,293783.753061,True
2.1,30,293833.417616,True
2.8,30,293875.447482,True
0.0,30,293924.020509,False
0.0,30,293973.398442,False
2.4,30,294285.659757,True
2.8,30,294324.64783,True
2.1,30,294368.040087,True
2.3,30,294415.65288,True
0.4,30,294458.241192,True
0.0,30,294505.792611,False
3.0,30,294555.028847,True
2.8,30,294602.19897,True
0.0,30,294647.893623,False
0.0,30,294699.342883,False
2.7,30,294741.875878,True
0.0,30,294785.439954,False
0.0,30,294834.338143,False
2.0,30,294876.234136,True
2.1,30,294925.040711,True
1.7,30,294973.820403,True
0.0,30,295021.459487,False
2.8,30,295065.235372,True
2.3,30,295110.6902,True
0.0,30,295158.559093,False
0.0,30,295204.758894,False
0.0,30,295253.721517,False
0.0,30,295294.577208,False
3.0,30,295340.893689,True
2.8,30,295388.062643,True
2.6,30,295434.398934,True
0.0,30,295479.791417,False
3.0,30,295537.698979,True
0.9,30,295581.919106,True
1.6,30,295622.547353,True
2.8,30,295664.713932,True
3.0,30,295712.224661,True
0.0,30,295754.518649,False
0.0,30,295806.745614,False
0.0,30,296114.164758,False
0.4,30,296158.399559,True
0.0,30,296203.256191,False
2.2,30,296248.260581,True
2.9,30,296291.742915,True
0.0,30,296332.941672,False
2.8,30,296378.49988,True
0.0,30,296424.910652,False
2.6,30,296468.580029,True
3.0,30,296516.080832,True
0.0,30,296557.959205,False
0.0,30,296605.537624,False
0.0,30,296652.873392,False
2.2,30,296698.246232,True
2.3,30,296742.156547,True
2.4,30,296784.567502,True
2.7,30,296835.282393,True
0.0,30,296879.96564,False
0.0,30,296923.101838,False
0.0,30,296972.61163,False
2.5,30,297020.464554,True
1.9,30,297064.109416,True
0.0,30,297109.547322,False
0.0,30,297157.10366,False
0.0,30,297200.070651,False
0.0,30,297247.226123,False
2.5,30,297302.115996,True
0.0,30,297350.646437,False
2.1,30,297394.404233,True
1.8,30,297438.016465,True
0.0,30,297475.227795,False
0.7,30,297520.845778,True
0.0,30,297571.1674,False
2.6,30,297619.468602,True
2.8,30,297897.060899,True
2.3,30,297941.607218,True
0.0,30,297989.050696,False
0.0,30,298038.677602,False
0.0,30,298081.040415,False
0.0,30,298127.337135,False
0.0,30,298170.532091,False
0.0,30,298215.377585,False
0.0,30,298260.267154,False
2.8,30,298305.330578,True
2.9,30,298350.968944,True
2.9,30,298404.197722,True
2.7,30,298450.573338,True
2.5,30,298504.210017,True
2.4,30,298544.59885,True
0.0,30,298590.547306,False
0.0,30,298645.322477,False
2.9,30,298691.891741,True
2.6,30,298736.684786,True
0.0,30,298774.925827,False
0.3,30,298819.67694,True
0.0,30,298868.627341,False
0.0,30,298910.370408,False
2.7,30,298958.053925,True
0.4,30,299002.949004,False
0.0,30,299043.97779,False
0.6,30,299093.06354,True
2.4,30,299136.378342,True
0.0,30,299183.386429,False
0.0,30,299228.883382,False
2.2,30,299272.911401,True
0.0,30,299323.735853,False
0.0,30,299370.516683,False
2.9,30,299411.715101,True
2.1,30,299696.902841,True
0.0,30,299748.009754,False
0.0,30,299793.589022,False
0.0,30,299840.994081,False
2.8,30,299890.689927,True
0.0,30,299937.215963,False
2.7,30,299977.104036,True
2.9,30,300025.691395,True
2.6,30,300072.044925,True
2.8,30,300120.032355,True
0.0,30,300169.611733,False
0.3,30,300213.795933,False
0.0,30,300256.918293,False
2.5,30,300305.502972,True
1.2,30,300348.97695,False
0.0,30,300400.143161,False
1.9,30,300448.627363,True
1.4,30,300486.959684,True
0.0,30,300531.265471,False
0.0,30,300580.580506,False
0.0,30,300624.84956,False
2.3,30,300662.730175,True
2.6,30,300715.771691,True
0.0,30,300757.1286,False
1.2,30,300801.427108,True
0.0,30,300845.187232,False
1.0,30,300896.791025,True
0.0,30,300942.490111,False
2.6,30,300983.491962,True
0.0,30,301033.534907,False
0.0,30,301077.695655,False
2.9,30,301124.320177,True
2.5,30,301169.081578,True
2.9,30,301217.259552,True
0.0,30,301510.960194,False
2.6,30,301559.025696,True
2.8,30,301607.824625,True
2.9,30,301659.304553,True
2.6,30,301705.689485,True
2.8,30,301755.437558,True
1.1,30,301802.640357,False
0.0,30,301848.117939,False
2.8,30,301922.093069,True
0.0,30,301981.93,False
2.3,30,302025.037239,True
0.0,30,302070.942018,False
0.0,30,302117.163029,False
3.0,30,302168.58508,True
2.6,30,302212.95718,True
3.0,30,302258.219594,True
2.9,30,302311.116699,True
0.0,30,302357.099399,False
0.0,30,302404.358061,False
0.0,30,302445.319401,False
0.0,30,302490.921427,False
1.7,30,302538.100765,True
2.2,30,302577.732766,True
2.6,30,302625.082718,True
2.6,30,302676.057767,True
2.0,30,302717.176387,True
0.0,30,302761.723807,False
0.0,30,302810.341955,False
2.1,30,302857.581746,True
2.1,30,302899.334527,True
0.0,30,302939.275304,False
2.6,30,302985.53507,True
0.0,30,303033.986016,False
2.8,30,303076.496375,True
0.0,30,303372.695015,False
0.5,30,303417.386467,False
0.0,30,303460.053818,False
2.1,30,303506.813819,True
0.0,30,303549.057277,False
2.7,30,303586.440748,True
0.2,30,303629.136703,True
2.5,30,303677.411572,True
0.0,30,303717.556415,False
0.0,30,303762.528239,False
2.1,30,303807.298608,True
1.6,30,303850.747028,True
0.0,30,303895.520115,False
1.6,30,303941.996863,True
2.3,30,303979.806022,True
2.4,30,304033.895154,True
0.5,30,304080.210186,True
0.0,30,304124.484872,False
1.9,30,304171.427636,True
0.0,30,304216.438941,False
0.0,30,304260.007065,False
0.0,30,304299.947169,False
0.8,30,304343.933396,True
0.0,30,304387.171957,False
2.5,30,304429.088446,True
2.0,30,304476.234844,True
0.0,30,304518.914291,False
2.1,30,304566.50712,True
2.3,30,304604.008503,True
1.6,30,304656.324888,True
0.0,30,304697.123895,False
2.7,30,304737.179307,True
2.4,30,304778.746075,True
0.0,30,304827.299382,False
2.1,30,305116.041803,True
2.5,30,305159.993335,True
0.0,30,305209.52791,False
0.0,30,305253.554343,False
0.0,30,305292.667568,False
2.6,30,305336.41259,True
0.0,30,305379.006787,False
0.0,30,305431.531289,False
2.9,30,305478.868904,True
0.0,30,305524.855505,False
0.0,30,305572.886909,False
2.8,30,305618.175206,True
2.8,30,305663.085252,True
2.1,30,305709.116661,True
0.0,30,305759.117962,False
0.0,30,305809.021265,False
2.7,30,305853.336314,True
2.1,30,305898.096373,True
0.0,30,305938.526352,False
0.0,30,305982.58246,False
2.6,30,306023.641973,True
2.4,30,306076.302315,True
2.6,30,306120.453843,True
2.4,30,306168.64603,True
0.0,30,306213.01078,False
0.0,30,306257.545986,False
0.0,30,306301.640831,False
2.6,30,306349.163692,True
0.0,30,306394.924082,False
0.0,30,306449.993428,False
0.0,30,306501.631861,False
1.6,30,306550.593493,True
2.6,30,306595.850768,True
2.2,30,306639.556918,True
0.0,30,306948.42165,False
0.0,30,306992.296937,False
2.6,30,307036.269425,True
2.8,30,307082.195936,True
0.0,30,307129.648972,False
0.0,30,307173.356906,False
2.1,30,307223.458021,True
2.8,30,307270.432891,True
2.6,30,307318.767428,True
0.0,30,307363.822523,False
0.0,30,307414.813726,False
0.0,30,307455.983373,False
1.2,30,307500.266613,True
0.0,30,307545.682926,False
2.8,30,307588.081788,True
2.7,30,307638.605778,True
2.8,30,307681.573593,True
0.0,30,307730.102016,False
0.0,30,307773.530887,False
2.3,30,307816.887467,True
0.0,30,307863.70801,False
2.6,30,307912.157893,True
1.1,30,307963.234501,True
0.0,30,308011.323267,False
2.6,30,308055.771825,True
0.0,30,308101.386984,False
0.0,30,308144.135914,False
2.0,30,308191.485296,True
0.0,30,308233.50191,False
0.0,30,308280.030097,False
0.0,30,308324.744972,False
2.6,30,308368.832704,True
0.0,30,308412.013861,False
2.5,30,308456.788213,True
2.5,30,308497.407879,True
0.0,30,308823.015658,False
1.9,30,308866.480161,True
0.0,30,308915.227872,False
0.0,30,308964.036344,False
2.3,30,309005.811932,True
2.6,30,309051.132422,True
1.4,30,309101.836551,True
2.6,30,309146.205559,True
2.6,30,309187.724241,True
2.3,30,309239.201703,True
0.0,30,309293.080075,False
0.4,30,309337.137508,True
0.0,30,309383.236733,False
0.0,30,309425.879305,False
0.0,30,309472.974597,False
2.6,30,309520.700278,True
0.0,30,309565.26412,False
2.8,30,309611.558526,True
2.4,30,309667.80879,True
0.0,30,309710.682901,False
2.4,30,309756.949759,True
0.0,30,309803.222268,False
2.7,30,309846.568042,True
0.0,30,309892.790291,False
2.5,30,309939.890394,True
1.9,30,309985.242384,True
2.6,30,310030.308448,True
2.5,30,310075.039694,True
2.0,30,310126.148329,True
0.0,30,310170.491353,False
3.0,30,310216.607193,True
0.0,30,310266.634608,False
2.0,30,310313.164411,True
0.0,30,310357.202955,False
2.5,30,310689.757833,True
2.8,30,310734.832707,True
2.5,30,310785.772105,True
2.6,30,310828.395762,True
2.1,30,310879.541002,True
0.0,30,310925.413309,False
2.8,30,310974.679151,True
0.0,30,311025.95433,False
2.5,30,311072.264549,True
0.4,30,311121.814996,False
0.0,30,311167.93001,False
0.0,30,311211.133059,False
0.0,30,311255.573786,False
0.3,30,311301.514155,False
2.6,30,311345.815721,True
2.7,30,311390.486415,True
1.6,30,311436.7154,True
0.0,30,311482.023813,False
0.0,30,311527.784068,False
2.8,30,311579.109774,True
0.0,30,311620.006447,False
2.7,30,311672.687353,True
0.0,30,311720.068036,False
0.0,30,311799.243293,False
2.5,30,311848.524443,True
1.5,30,311892.304936,True
2.7,30,311939.618648,True
0.0,30,311981.660238,False
0.0,30,312029.33142,False
0.0,30,312076.119444,False
0.0,30,312138.578652,False
2.9,30,312191.334365,True
2.4,30,312247.853859,True
0.0,30,312309.671063,False
1.7,30,312605.123057,True
2.4,30,312651.81664,True
0.0,30,312696.900255,False
2.6,30,312741.892568,True
0.0,30,312789.519999,False
0.0,30,312830.635418,False
2.3,30,312876.690072,True
2.8,30,312921.452162,True
2.6,30,312971.186589,True
2.5,30,313018.267183,True
0.0,30,313062.647111,False
0.6,30,313108.718276,True
2.4,30,313155.309884,True
2.3,30,313198.077378,True
2.6,30,313245.86894,True
2.2,30,313291.743638,True
0.0,30,313336.874701,False
2.4,30,313379.439908,True
2.7,30,313425.413653,True
2.8,30,313476.450793,True
0.0,30,313524.688226,False
2.5,30,313566.19735,True
2.8,30,313613.531433,True
0.0,30,313664.755886,False
3.0,30,313710.165705,True
0.3,30,313756.826454,False
0.0,30,313803.317842,False
2.8,30,313848.42539,True
2.0,30,313896.346629,True
2.8,30,313944.715427,True
0.0,30,313995.491329,False
0.0,30,314037.391559,False
0.0,30,314086.592357,False
3.0,30,314133.060413,True
2.6,30,314439.574496,True
0.0,30,314484.618832,False
2.7,30,314533.231018,True
2.9,30,314574.51443,True
0.0,30,314622.108321,False
0.0,30,314668.297142,False
0.0,30,314715.687946,False
2.7,30,314773.134555,True
0.0,30,314817.823844,False
0.0,30,314865.015336,False
2.4,30,314911.085525,True
2.7,30,314956.050626,True
0.0,30,315003.751299,False
0.0,30,315047.375245,False
0.0,30,315083.414831,False
0.0,30,315131.334521,False
2.3,30,315177.068573,True
3.0,30,315225.264959,True
0.1,30,315273.644528,True
2.5,30,315316.470961,True
0.0,30,315359.914645,False
2.9,30,315402.536741,True
0.0,30,315447.495221,False
2.4,30,315488.079023,True
2.8,30,315534.604532,True
2.8,30,315583.110341,True
0.0,30,315623.982653,False
2.6,30,315673.421284,True
0.0,30,315716.113205,False
0.0,30,315772.332778,False
0.0,30,315815.171535,False
0.1,30,315860.162433,True
0.0,30,315903.320189,False
0.0,30,315948.000669,False
2.4,30,316264.618932,True
0.0,30,316313.42364,False
2.3,30,316355.263041,True
0.0,30,316402.102932,False
2.5,30,316443.824407,True
2.4,30,316491.21623,True
1.5,30,316535.039629,True
2.7,30,316581.660202,True
0.0,30,316624.032268,False
0.0,30,316670.541259,False
0.0,30,316717.67496,False
1.4,30,316764.983228,True
2.7,30,316810.367577,True
0.0,30,316855.915221,False
0.0,30,316899.332855,False
0.0,30,316943.501664,False
2.4,30,316989.9223,True
0.0,30,317036.022627,False
0.0,30,317087.707746,False
1.9,30,317133.939854,True
2.6,30,317179.289421,True
0.0,30,317225.037119,False
0.0,30,317273.442671,False
0.0,30,317320.09989,False
3.0,30,317364.050778,True
0.0,30,317408.09335,False
2.8,30,317448.753679,True
0.0,30,317490.748265,False
0.0,30,317538.327595,False
0.0,30,317585.27935,False
2.9,30,317637.873343,True
2.8,30,317680.69287,True
0.0,30,317719.873919,False
0.0,30,317770.688311,False
0.0,30,318086.517506,False
3.0,30,318134.646192,True
0.0,30,318176.638555,False
0.0,30,318219.572778,False
0.0,30,318259.99567,False
2.0,30,318303.956453,True
0.0,30,318343.806961,False
0.0,30,318387.95128,False
0.9,30,318432.756334,True
2.6,30,318478.279706,True
0.0,30,318522.872965,False
0.0,30,318565.213835,False
0.0,30,318607.484756,False
0.0,30,318649.750244,False
2.5,30,318695.119435,True
2.4,30,318743.803203,True
0.0,30,318789.691921,False
0.0,30,318837.151604,False
2.7,30,318887.239215,True
2.6,30,318938.33572,True
1.3,30,318984.509224,True
0.0,30,319022.849642,False
0.0,30,319069.784333,False
1.5,30,319116.529258,True
0.0,30,319160.47994,False
0.0,30,319203.470808,False
0.0,30,319244.951624,False
0.0,30,319285.187766,False
0.0,30,319329.606529,False
0.0,30,319373.864851,False
0.0,30,319418.748067,False
0.0,30,319464.909926,False
0.0,30,319514.494306,False
0.0,30,319559.011295,False
2.8,30,319861.351265,True
1.4,30,319905.271037,True
0.0,30,319951.377753,False
0.0,30,319999.396078,False
0.0,30,320049.227847,False
0.0,30,320096.714675,False
0.0,30,320143.268643,False
2.4,30,320188.858451,True
0.0,30,320237.082239,False
3.0,30,320283.367132,True
2.5,30,320327.611291,True
0.0,30,320370.316046,False
0.0,30,320413.652783,False
0.0,30,320460.642258,False
3.0,30,320505.864075,True
0.0,30,320548.61225,False
0.0,30,320594.63328,False
2.0,30,320640.338137,False
2.4,30,320690.445902,True
0.0,30,320734.02708,False
2.2,30,320778.044312,True
2.2,30,320824.533389,True
0.0,30,320870.240499,False
2.7,30,320910.972452,True
0.0,30,320958.493016,False
0.0,30,321003.672294,False
0.0,30,321049.766658,False
0.0,30,321094.538353,False
0.0,30,321144.397787,False
0.0,30,321185.688288,False
0.0,30,321242.260969,False
0.0,30,321290.310293,False
2.9,30,321334.481093,True
0.0,30,321402.986991,False
2.6,30,321448.5,True
0.0,30,321743.885437,False
0.0,30,321790.357435,False
2.1,30,321835.468054,True
2.3,30,321880.779646,True
0.0,30,321936.158641,False
0.0,30,321981.946678,False
0.0,30,322024.860213,False
0.0,30,322071.503896,False
2.5,30,322121.755007,True
2.4,30,322169.200871,True
0.0,30,322210.060401,False
2.6,30,322256.086689,True
0.0,30,322299.03896,False
0.0,30,322342.587186,False
1.2,30,322394.097196,True
2.5,30,322443.199237,True
2.7,30,322486.369437,True
2.7,30,322532.129236,True
0.0,30,322580.011938,False
2.4,30,322627.602945,True
0.0,30,322686.271013,False
0.0,30,322730.144725,False
0.0,30,322775.306584,False
2.3,30,322819.771291,True
0.0,30,322861.833344,False
2.7,30,322914.603376,True
2.4,30,322962.958797,True
2.3,30,323021.67822,True
2.8,30,323070.661941,True
0.0,30,323118.50619,False
0.0,30,323167.261763,False
2.3,30,323223.9404,True
2.6,30,323264.965507,True
0.4,30,323315.240145,False
3.0,30,323646.922729,True
0.0,30,323697.059785,False
0.0,30,323741.339108,False
0.0,30,323784.777449,False
0.0,30,323828.562276,False
2.3,30,323873.001971,True
0.0,30,323920.346837,False
0.0,30,323963.755493,False
0.7,30,324007.262183,True
2.7,30,324049.575772,True
0.0,30,324093.325838,False
0.0,30,324152.926705,False
0.0,30,324199.959542,False
0.0,30,324253.63241,False
2.6,30,324302.632198,True
0.0,30,324342.523791,False
0.0,30,324387.582299,False
2.4,30,324431.791387,True
2.5,30,324475.899754,True
2.9,30,324520.81327,True
2.5,30,324565.356796,True
0.0,30,324614.071801,False
2.3,30,324664.193839,True
2.7,30,324709.355296,True
2.9,30,324754.125525,True
0.0,30,324805.394093,False
2.5,30,324847.481851,True
2.8,30,324891.284614,True
0.0,30,324949.675864,False
2.6,30,324991.343831,True
2.6,30,325033.121836,True
2.2,30,325085.680944,True
3.0,30,325128.640255,True
0.0,30,325176.219308,False
0.0,30,325509.448443,False
1.9,30,325551.784044,True
0.0,30,325597.31163,False
0.0,30,325662.70527,False
0.0,30,325713.365116,False
0.0,30,325758.862936,False
0.0,30,325806.256782,False
0.0,30,325853.541026,False
0.0,30,325896.394939,False
0.0,30,325944.667965,False
2.7,30,325990.438173,True
2.8,30,326042.382723,True
0.0,30,326093.589274,False
1.5,30,326144.776199,True
3.0,30,326188.815706,True
0.0,30,326229.237414,False
0.0,30,326274.481783,False
0.0,30,326322.136073,False
0.0,30,326366.261471,False
2.6,30,326415.663149,True
0.0,30,326466.344514,False
0.0,30,326511.907506,False
0.0,30,326556.759661,False
2.6,30,326604.982647,True
2.6,30,326652.18015,True
1.6,30,326697.03608,True
0.0,30,326738.621078,False
0.0,30,326797.325521,False
2.7,30,326836.941933,True
2.2,30,326884.150626,True
2.1,30,326930.318201,True
1.9,30,326988.001001,False
2.5,30,327035.259,True
2.6,30,327078.891273,True
0.0,30,327392.275605,False
2.5,30,327437.622375,True
0.0,30,327482.814827,False
0.0,30,327529.931668,False
0.0,30,327571.759003,False
0.0,30,327624.531257,False
0.0,30,327669.617016,False
2.3,30,327714.887035,True
0.0,30,327764.259108,False
2.8,30,327805.423001,True
2.9,30,327850.659461,True
2.8,30,327895.982046,True
0.0,30,327944.308566,False
0.0,30,327990.516941,False
0.0,30,328040.072633,False
0.0,30,328087.369874,False
0.0,30,328134.652133,False
0.0,30,328179.732775,False
0.0,30,328228.44059,False
0.0,30,328278.471422,False
2.8,30,328320.50859,True
1.2,30,328367.225489,True
0.0,30,328410.739796,False
0.0,30,328451.1677,False
0.0,30,328495.481441,False
0.0,30,328535.846549,False
0.0,30,328577.855372,False
0.0,30,328626.43236,False
0.0,30,328671.458154,False
0.0,30,328717.627929,False
0.0,30,328765.506055,False
0.0,30,328808.525265,False
2.6,30,328849.11654,True
0.0,30,328899.337667,False
0.0,30,329186.6526,False
2.8,30,329232.733409,True
2.6,30,329272.845584,True
0.0,30,329316.197781,False
3.0,30,329359.967945,True
2.9,30,329406.707892,True
2.4,30,329450.662879,True
0.0,30,329496.81701,False
2.5,30,329545.365603,True
0.0,30,329589.948389,False
0.0,30,329632.766539,False
1.2,30,329680.685131,False
2.9,30,329730.779888,True
2.7,30,329772.027881,True
0.0,30,329816.820468,False
0.0,30,329868.461093,False
0.3,30,329912.764815,True
0.0,30,329958.651969,False
0.0,30,330012.264642,False
0.0,30,330058.806575,False
3.0,30,330098.956176,True
0.0,30,330143.070545,False
2.1,30,330183.933354,True
0.0,30,330230.560921,False
0.0,30,330276.622285,False
2.3,30,330322.120388,True
0.0,30,330363.980445,False
0.0,30,330412.362147,False
2.7,30,330463.04419,True
0.0,30,330501.890779,False
2.6,30,330545.697704,True
0.0,30,330594.196418,False
2.8,30,330642.404568,True
0.0,30,330687.687245,False
0.0,30,330989.151632,False
0.2,30,331031.425859,False
1.9,30,331079.187627,True
0.0,30,331120.105563,False
0.0,30,331174.823816,False
0.0,30,331226.440445,False
2.9,30,331271.07078,True
2.6,30,331316.106773,True
2.7,30,331364.189143,True
0.0,30,331406.807815,False
0.0,30,331451.33944,False
0.0,30,331502.141445,False
2.6,30,331544.7309,True
0.0,30,331601.844763,False
0.0,30,331651.273707,False
0.0,30,331692.129803,False
2.3,30,331731.29533,True
0.0,30,331775.070329,False
2.4,30,331823.482275,True
0.0,30,331868.628282,False
2.9,30,331920.050953,True
2.5,30,331962.831054,True
2.4,30,332008.667748,True
2.1,30,332058.94565,True
2.3,30,332105.022057,True
0.0,30,332153.659821,False
0.0,30,332198.050383,False
0.0,30,332240.163721,False
0.0,30,332284.279222,False
2.6,30,332323.538022,True
2.6,30,332365.494308,True
0.0,30,332405.12888,False
2.7,30,332450.502923,True
2.5,30,332496.944976,True
2.1,30,332809.443782,True
2.8,30,332857.597113,False
2.7,30,332899.115981,True
0.0,30,332942.542204,False
0.0,30,332988.574992,False
1.5,30,333035.661396,True
0.0,30,333077.27019,False
2.7,30,333125.539816,True
0.0,30,333174.148721,False
1.6,30,333217.845551,True
0.0,30,333262.359243,False
0.0,30,333308.586184,False
0.0,30,333360.149166,False
0.9,30,333403.600471,True
2.8,30,333460.008783,True
2.9,30,333505.092857,True
2.1,30,333552.071946,True
2.7,30,333601.611641,True
0.0,30,333648.131447,False
2.7,30,333690.222761,True
0.0,30,333739.960379,False
1.6,30,333795.262239,True
2.0,30,333850.958687,True
0.0,30,333897.063109,False
0.0,30,333937.233632,False
3.0,30,333989.976186,True
2.8,30,334030.491143,True
0.9,30,334074.085335,True
3.0,30,334116.111719,True
0.0,30,334164.307394,False
0.0,30,334206.904852,False
2.4,30,334252.012745,True
0.0,30,334297.008446,False
0.0,30,334342.287307,False
0.0,30,334641.124928,False
2.2,30,334685.637794,True
2.2,30,334733.346495,True
2.8,30,334787.885842,True
0.0,30,334833.281933,False
1.5,30,334877.787879,True
0.0,30,334921.842034,False
1.8,30,334966.893612,True
3.0,30,335017.093505,True
2.6,30,335061.947902,True
0.0,30,335106.421953,False
0.0,30,335149.56425,False
0.0,30,335196.134652,False
0.0,30,335246.419143,False
2.8,30,335297.822465,True
0.0,30,335345.298498,False
2.8,30,335386.666328,True
0.0,30,335428.05169,False
0.0,30,335472.48221,False
2.0,30,335519.03257,True
0.0,30,335564.803142,False
1.3,30,335624.476991,True
2.8,30,335668.764421,True
0.0,30,335715.483309,False
0.0,30,335773.28927,False
2.8,30,335819.420982,True
0.0,30,335865.438051,False
2.7,30,335906.864226,True
3.0,30,335954.998833,True
2.5,30,336002.9744,True
0.0,30,336050.203496,False
2.9,30,336099.349535,True
2.8,30,336144.559779,True
0.0,30,336191.68989,False
2.4,30,336234.682742,True
0.0,30,336496.541354,False
2.6,30,336544.243044,True
2.7,30,336588.853472,True
0.0,30,336654.358906,False
0.0,30,336696.877405,False
2.6,30,336744.554132,True
2.6,30,336790.067079,True
0.0,30,336833.987024,False
2.3,30,336876.548007,True
2.2,30,336923.181676,True
2.5,30,336961.689569,True
0.0,30,337008.863361,False
2.9,30,337054.906331,True
0.0,30,337097.12657,False
0.0,30,337143.252224,False
0.0,30,337184.373373,False
2.5,30,337231.599051,True
0.0,30,337274.15301,False
2.4,30,337319.655432,True
2.8,30,337359.330864,True
0.0,30,337403.227807,False
0.0,30,337446.111296,False
2.6,30,337490.169427,True
2.2,30,337539.306148,True
1.8,30,337579.485381,True
1.3,30,337625.072977,False
2.6,30,337661.711114,True
0.0,30,337705.2845,False
0.0,30,337748.79486,False
2.5,30,337799.448402,True
0.0,30,337842.694827,False
2.4,30,337887.587952,True
2.6,30,337927.595285,True
0.0,30,337970.803381,False
0.0,30,338265.505585,False
0.0,30,338314.355311,False
1.8,30,338363.740543,True
2.3,30,338413.871598,True
2.8,30,338478.052668,True
1.7,30,338521.103041,True
0.0,30,338569.245414,False
0.0,30,338608.282338,False
0.0,30,338650.095575,False
2.3,30,338694.351478,True
0.0,30,338736.92975,False
2.2,30,338782.283051,True
3.0,30,338830.011833,True
1.4,30,338875.89172,True
0.0,30,338917.117822,False
2.5,30,338960.77347,True
0.0,30,339003.713917,False
0.0,30,339050.177218,False
0.0,30,339093.185077,False
2.8,30,339141.966922,True
0.0,30,339187.40911,False
2.6,30,339233.979677,True
2.5,30,339275.069222,True
0.0,30,339315.20528,False
2.6,30,339357.099907,True
2.6,30,339401.186454,True
0.8,30,339449.887226,True
0.0,30,339494.922573,False
2.7,30,339537.599903,True
0.0,30,339584.0998,False
2.2,30,339627.881504,True
2.1,30,339673.684956,True
0.0,30,339719.176167,False
0.0,30,339761.037719,False
0.0,30,340051.800846,False
0.0,30,340099.799969,False
0.0,30,340142.027501,False
2.6,30,340187.4698,True
2.6,30,340230.800757,True
0.0,30,340278.701694,False
0.0,30,340325.607419,False
3.0,30,340373.847067,True
0.0,30,340420.805158,False
2.4,30,340467.018548,True
0.0,30,340517.37943,False
0.0,30,340564.541147,False
0.0,30,340609.885956,False
0.0,30,340652.893762,False
0.0,30,340696.047348,False
0.0,30,340740.762648,False
2.7,30,340786.66417,True
2.8,30,340831.701301,True
2.4,30,340876.218377,True
2.7,30,340927.930556,True
0.0,30,340973.944991,False
2.5,30,341018.884319,True
0.0,30,341065.723334,False
0.0,30,341103.292148,False
2.1,30,341144.857499,True
0.0,30,341192.074775,False
0.0,30,341237.764123,False
0.0,30,341281.841137,False
0.0,30,341329.074212,False
2.7,30,341379.392591,True
0.0,30,341424.750725,False
2.8,30,341468.995504,True
2.9,30,341516.113021,True
0.0,30,341556.281708,False
2.6,30,341860.647726,True
0.0,30,341909.11483,False
0.0,30,341958.06008,False
2.9,30,342006.639709,True
2.9,30,342057.744583,True
0.0,30,342105.26213,False
0.0,30,342150.899464,False
2.8,30,342193.559574,True
0.0,30,342239.656597,False
0.0,30,342278.734205,False
0.0,30,342322.714941,False
0.0,30,342364.94582,False
2.3,30,342408.597857,True
0.0,30,342453.929483,False
0.0,30,342496.116984,False
2.5,30,342544.172163,True
2.9,30,342588.630899,True
0.0,30,342634.891824,False
2.8,30,342682.117049,True
0.0,30,342728.262559,False
0.0,30,342772.96272,False
2.9,30,342813.016911,True
2.5,30,342858.277259,True
2.4,30,342907.869376,True
1.8,30,342952.959737,True
2.9,30,342997.20416,True
2.7,30,343043.167986,True
0.0,30,343091.688798,False
0.0,30,343135.77831,False
1.5,30,343181.026162,False
2.6,30,343225.511317,True
0.0,30,343271.057636,False
0.0,30,343315.885568,False
2.1,30,343364.210577,True
0.0,30,343669.491419,False
0.0,30,343718.639616,False
2.7,30,343765.409091,True
0.0,30,343818.456399,False
0.0,30,343863.892483,False
2.9,30,343911.6542,True
0.0,30,343955.133376,False
2.8,30,344001.438879,True
0.0,30,344045.691159,False
0.0,30,344095.818018,False
2.7,30,344140.886081,True
0.0,30,344184.990415,False
0.0,30,344235.086932,False
0.0,30,344285.176744,False
0.0,30,344331.589966,False
2.7,30,344377.580336,True
2.5,30,344423.225272,True
2.3,30,344467.171668,True
0.0,30,344510.708109,False
0.0,30,344558.416393,False
2.5,30,344605.659285,True
0.0,30,344654.177093,False
2.3,30,344696.210767,True
0.0,30,344747.951823,False
0.0,30,344790.193188,False
2.7,30,344836.64691,True
0.0,30,344875.983997,False
2.5,30,344919.793116,True
0.0,30,344972.384245,False
2.4,30,345013.544755,True
2.7,30,345061.001719,True
2.5,30,345103.565885,True
1.8,30,345142.736592,True
0.0,30,345185.69774,False
0.0,30,345462.434917,False
2.5,30,345507.4062,True
0.0,30,345552.91924,False
0.0,30,345604.868269,False
2.8,30,345649.636673,True
2.1,30,345693.55876,True
0.0,30,345738.760419,False
2.8,30,345790.70368,True
0.0,30,345832.315912,False
0.0,30,345876.388281,False
2.7,30,345916.68551,True
0.0,30,345962.750031,False
0.0,30,346004.210664,False
2.8,30,346043.371682,True
0.0,30,346091.255293,False
2.9,30,346136.178244,True
2.6,30,346198.416924,True
0.0,30,346243.133717,False
0.0,30,346286.269356,False
0.0,30,346328.566892,False
2.6,30,346374.721792,True
2.4,30,346421.944244,True
0.0,30,346464.737913,False
0.0,30,346512.528028,False
0.0,30,346558.837912,False
0.0,30,346611.093839,False
0.0,30,346660.399933,False
2.3,30,346708.214355,True
2.8,30,346755.786393,True
2.8,30,346800.83481,True
0.0,30,346849.213168,False
3.0,30,346889.47127,True
0.0,30,346929.515433,False
2.5,30,346973.799607,True
0.0,30,347291.017575,False
0.0,30,347335.525976,False
2.8,30,347381.594793,True
2.7,30,347425.837117,True
1.9,30,347481.340198,True
2.8,30,347526.57099,True
2.3,30,347572.236032,True
2.3,30,347614.191577,True
0.0,30,347655.646448,False
2.5,30,347704.45064,True
0.0,30,347750.191175,False
0.0,30,347796.769421,False
2.9,30,347837.844547,True
2.4,30,347884.656107,True
2.7,30,347931.449513,True
2.2,30,347977.014869,True
0.0,30,348025.265836,False
0.0,30,348069.718852,False
0.7,30,348116.264745,True
0.9,30,348161.515116,False
0.0,30,348207.107959,False
0.0,30,348254.995229,False
3.0,30,348300.021024,True
0.0,30,348344.793178,False
0.0,30,348391.678952,False
2.9,30,348440.345647,True
0.0,30,348488.30028,False
0.0,30,348534.816803,False
0.0,30,348573.644248,False
0.0,30,348623.422807,False
2.8,30,348663.919535,True
3.0,30,348707.572451,True
0.0,30,348753.165531,False
1.5,30,348797.707013,True
0.9,30,348839.784248,True
0.0,30,349169.413729,False
0.0,30,349214.874631,False
0.0,30,349263.549351,False
0.0,30,349333.332026,False
2.7,30,349383.582497,True
2.9,30,349429.428553,True
2.5,30,349474.059163,True
0.0,30,349520.485744,False
2.8,30,349569.35761,True
0.0,30,349610.433234,False
3.0,30,349660.647933,True
0.5,30,349709.38787,True
0.0,30,349753.726081,False
2.7,30,349819.383655,True
2.8,30,349861.726091,True
0.0,30,349910.15307,False
2.2,30,349954.972758,True
0.0,30,350005.062846,False
2.4,30,350053.110689,True
0.0,30,350093.163235,False
0.0,30,350136.309983,False
2.8,30,350184.332709,True
2.8,30,350225.323001,True
0.0,30,350272.279069,False
0.0,30,350327.418995,False
0.0,30,350379.089275,False
0.0,30,350427.949559,False
0.0,30,350469.537406,False
2.4,30,350515.216341,True
2.3,30,350556.541036,True
3.0,30,350599.236118,True
2.9,30,350645.18189,True
2.7,30,350693.196176,True
0.0,30,350735.579458,False
2.9,30,351035.976852,True
0.0,30,351078.596507,False
2.8,30,351127.265533,True
2.8,30,351172.830639,True
0.0,30,351223.341676,False
0.0,30,351272.210232,False
2.2,30,351316.459896,True
2.3,30,351365.285435,True
2.9,30,351415.397982,True
0.0,30,351457.151312,False
2.7,30,351507.464414,True
0.0,30,351555.342685,False
2.5,30,351604.466536,True
2.9,30,351653.248624,True
0.0,30,351699.862115,False
0.0,30,351749.401315,False
0.0,30,351793.570423,False
0.0,30,351836.351143,False
1.7,30,351877.849787,True
2.6,30,351928.520987,True
2.7,30,351984.429298,True
0.0,30,352026.609195,False
0.0,30,352072.812006,False
2.6,30,352118.299569,True
0.0,30,352164.686608,False
2.7,30,352210.628735,True
2.8,30,352258.605632,True
2.4,30,352301.484849,True
2.8,30,352348.307465,True
0.0,30,352391.051327,False
2.3,30,352439.818193,True
0.0,30,352485.99459,False
0.0,30,352531.547183,False
2.5,30,352579.139309,True
3.0,30,352880.184166,True
2.0,30,352922.906379,True
2.7,30,352971.654745,True
1.2,30,353020.200613,True
0.0,30,353066.099861,False
0.0,30,353102.860083,False
0.0,30,353148.189504,False
2.8,30,353194.364599,True
0.0,30,353237.950189,False
2.7,30,353291.574376,True
0.0,30,353339.088344,False
0.0,30,353387.18248,False
2.3,30,353430.948249,True
0.0,30,353481.429068,False
2.8,30,353525.604958,True
2.4,30,353568.655554,True
2.6,30,353614.131471,True
2.5,30,353662.377842,True
0.0,30,353707.199572,False
2.6,30,353749.273988,True
2.7,30,353796.044168,True
2.8,30,353844.379649,True
0.0,30,353888.249095,False
0.0,30,353930.522745,False
0.0,30,353977.02363,False
0.0,30,354018.546705,False
0.0,30,354066.033528,False
0.0,30,354114.37451,False
0.0,30,354159.434886,False
2.6,30,354206.594515,True
0.0,30,354255.924377,False
2.5,30,354293.597928,True
0.0,30,354341.784598,False
0.0,30,354386.654882,False
0.0,30,354717.807801,False
0.0,30,354767.797554,False
1.8,30,354811.246374,True
0.0,30,354856.471682,False
2.6,30,354904.780238,True
1.9,30,354947.27524,True
2.8,30,354995.442857,True
1.9,30,355040.006352,True
2.3,30,355091.227314,True
0.0,30,355133.666988,False
0.0,30,355180.575073,False
2.5,30,355223.462178,True
2.8,30,355276.874264,True
0.0,30,355316.151716,False
0.0,30,355360.582965,False
2.7,30,355404.889913,True
0.0,30,355450.053342,False
0.0,30,355496.763275,False
2.4,30,355548.931782,True
2.8,30,355593.54867,True
2.7,30,355635.402925,True
2.2,30,355677.727813,True
0.0,30,355724.954851,False
2.6,30,355787.153942,True
1.0,30,355832.926877,True
0.0,30,355876.856429,False
3.0,30,355921.494354,True
0.0,30,355965.074099,False
0.0,30,356018.029035,False
2.9,30,356068.117039,True
0.0,30,356112.267158,False
0.0,30,356158.59914,False
0.0,30,356203.026641,False
1.6,30,356249.742371,True
3.0,30,356562.584099,True
3.0,30,356605.589043,True
2.7,30,356649.370492,True
0.0,30,356691.141555,False
2.6,30,356738.276103,True
3.0,30,356785.143773,True
0.0,30,356828.811868,False
0.0,30,356880.421425,False
2.6,30,356925.561001,True
2.3,30,356970.054881,True
3.0,30,357026.823598,True
1.8,30,357073.849924,True
2.4,30,357125.632063,True
0.0,30,357171.152259,False
2.6,30,357220.50744,True
0.0,30,357270.548709,False
2.3,30,357320.491458,True
2.8,30,357375.457314,True
0.0,30,357425.813481,False
2.5,30,357469.994488,True
0.0,30,357518.921063,False
3.0,30,357565.508828,True
2.5,30,357612.537673,True
2.6,30,357659.872568,True
0.0,30,357708.26696,False
0.0,30,357753.059776,False
3.0,30,357794.98968,True
2.6,30,357837.066931,True
2.4,30,357881.020776,True
0.0,30,357924.887939,False
2.4,30,357978.697978,True
0.0,30,358024.236434,False
2.6,30,358070.726491,True
0.0,30,358120.329523,False
0.0,30,358445.731721,False
0.0,30,358494.163388,False
2.2,30,358539.91654,True
0.0,30,358583.97684,False
2.6,30,358635.381553,True
2.8,30,358681.878885,True
2.6,30,358722.918283,True
0.0,30,358768.847438,False
0.0,30,358810.405301,False
1.6,30,358854.670338,True
0.0,30,358904.159749,False
2.3,30,358952.693802,True
0.0,30,358996.274438,False
2.7,30,359040.183852,True
0.0,30,359084.237026,False
1.2,30,359128.093632,True
0.0,30,359175.320336,False
2.8,30,359221.659612,True
0.0,30,359275.667037,False
0.0,30,359324.159353,False
2.9,30,359369.028933,True
2.3,30,359418.496631,True
0.8,30,359457.894387,True
0.0,30,359504.068367,False
0.0,30,359547.088713,False
0.0,30,359591.454115,False
0.0,30,359638.397791,False
0.0,30,359680.815792,False
2.7,30,359727.040888,True
2.6,30,359769.070788,True
0.0,30,359821.607135,False
0.0,30,359868.436421,False
0.0,30,359912.92281,False
0.0,30,359968.901051,False
0.0,30,360289.171816,False
0.0,30,360328.691769,False
0.0,30,360379.830587,False
0.0,30,360426.065091,False
2.7,30,360474.185175,True
1.9,30,360523.135192,True
0.0,30,360566.648232,False
0.0,30,360612.547535,False
0.0,30,360662.358456,False
0.0,30,360705.507861,False
2.6,30,360744.683415,True
0.0,30,360788.455584,False
0.0,30,360835.437166,False
0.0,30,360885.783664,False
2.6,30,360932.56356,True
0.0,30,360976.420609,False
2.4,30,361020.768181,True
3.0,30,361069.08473,True
3.0,30,361116.095469,True
0.0,30,361164.574847,False
0.0,30,361209.933032,False
2.6,30,361251.454991,True
3.0,30,361298.512748,True
2.9,30,361342.257652,True
2.7,30,361386.114986,True
2.6,30,361429.570337,True
2.9,30,361473.823302,True
3.0,30,361521.61908,True
3.0,30,361567.874828,True
0.0,30,361617.004255,False
0.0,30,361660.721937,False
0.0,30,361707.691471,False
2.4,30,361752.708565,True
2.9,30,361800.217988,True
2.3,30,362117.797751,True
0.0,30,362161.835024,False
2.6,30,362205.455413,True
2.4,30,362267.192204,True
0.0,30,362312.150869,False
0.0,30,362356.110921,False
2.6,30,362404.497155,True
1.5,30,362449.524745,True
2.4,30,362499.753755,True
0.0,30,362547.954827,False
0.0,30,362596.248742,False
2.9,30,362646.28851,True
2.4,30,362687.781003,True
0.8,30,362736.927784,True
0.0,30,362777.273434,False
2.9,30,362816.934558,True
2.6,30,362862.652381,True
0.0,30,362911.755242,False
0.0,30,362959.835812,False
2.8,30,363003.540229,True
2.9,30,363053.157026,True
2.7,30,363104.276648,True
2.3,30,363148.266199,True
2.2,30,363192.485355,False
0.0,30,363240.813953,False
0.0,30,363289.792507,False
0.0,30,363339.952776,False
0.0,30,363387.304315,False
0.0,30,363436.284819,False
0.0,30,363487.787124,False
0.0,30,363531.596046,False
0.0,30,363580.000268,False
0.0,30,363629.237604,False
0.0,30,363675.524544,False
2.8,30,363721.499122,True
2.4,30,364024.934629,True
1.4,30,364072.108043,True
2.2,30,364116.606682,True
2.3,30,364164.600327,True
2.3,30,364209.763433,True
0.0,30,364249.843714,False
2.4,30,364298.10373,True
1.7,30,364349.628194,True
0.0,30,364397.876181,False
0.0,30,364441.581228,False
2.8,30,364484.05059,True
0.9,30,364533.398039,True
0.0,30,364579.696172,False
2.8,30,364629.837328,True
2.8,30,364674.700453,True
0.0,30,364717.018318,False
0.0,30,364760.027133,False
0.0,30,364804.882853,False
1.0,30,364844.076866,True
2.8,30,364893.139736,True
0.0,30,364939.391237,False
0.0,30,364983.414607,False
0.0,30,365032.054346,False
0.0,30,365077.949596,False
3.0,30,365117.392259,True
2.7,30,365165.702772,True
2.5,30,365212.048301,True
0.0,30,365256.322256,False
0.0,30,365293.704758,False
2.2,30,365339.108933,True
0.0,30,365381.799027,False
0.0,30,365423.124185,False
2.8,30,365468.951198,True
0.0,30,365515.279371,False
0.0,30,365828.315236,False
0.0,30,365876.219254,False
0.0,30,365921.757691,False
0.0,30,365965.127719,False
0.0,30,366010.193264,False
0.0,30,366053.494229,False
0.0,30,366102.697601,False
1.9,30,366148.444695,True
2.6,30,366199.194678,True
1.4,30,366239.519451,True
1.7,30,366279.777822,True
2.8,30,366322.506929,True
0.0,30,366370.481257,False
0.0,30,366413.640293,False
0.0,30,366458.676298,False
2.0,30,366505.986913,True
1.4,30,366553.155188,True
0.0,30,366602.238913,False
2.2,30,366646.765092,True
0.0,30,366697.20403,False
2.8,30,366741.286888,True
2.8,30,366783.891144,True
2.0,30,366824.093361,True
0.0,30,366873.673549,False
0.0,30,366920.103896,False
0.0,30,366973.983753,False
2.7,30,367016.971555,True
0.0,30,367074.653591,False
2.8,30,367121.798923,True
2.1,30,367190.813287,True
2.7,30,367241.385039,True
0.0,30,367289.334027,False
0.0,30,367331.213705,False
0.0,30,367381.56018,False
0.0,30,367678.389452,False
2.8,30,367725.393361,True
0.0,30,367769.501891,False
0.0,30,367812.225096,False
0.0,30,367858.547337,False
1.9,30,367901.889224,True
3.0,30,367946.227376,True
2.7,30,367989.848494,True
2.0,30,368036.99189,True
0.0,30,368082.595531,False
0.0,30,368123.901623,False
2.5,30,368166.585026,True
0.0,30,368211.39322,False
2.4,30,368256.794261,True
0.0,30,368306.484667,False
2.3,30,368350.792065,True
2.8,30,368391.019607,True
3.0,30,368437.666448,True
0.0,30,368491.50761,False
0.0,30,368536.321423,False
0.0,30,368582.576911,False
0.0,30,368628.996143,False
0.0,30,368674.433825,False
1.4,30,368719.085998,True
0.0,30,368764.513219,False
0.0,30,368814.333911,False
0.0,30,368861.390672,False
2.4,30,368907.311827,True
2.3,30,368953.65815,True
2.3,30,368997.323247,True
0.0,30,369045.287267,False
3.0,30,369086.603566,True
0.0,30,369130.94301,False
0.0,30,369181.99641,False
0.0,30,369500.942338,False
0.0,30,369545.486314,False
2.7,30,369592.25973,True
0.9,30,369639.652733,True
2.8,30,369683.888645,True
0.0,30,369728.883816,False
2.5,30,369775.069654,True
0.0,30,369822.588449,False
2.7,30,369875.245564,True
2.8,30,369922.879657,True
0.0,30,369968.123936,False
2.6,30,370011.712336,True
3.0,30,370057.573454,True
0.0,30,370108.200709,False
2.9,30,370154.746041,True
2.6,30,370202.616539,True
0.0,30,370249.607486,False
2.4,30,370301.186391,True
0.0,30,370351.020911,False
2.7,30,370395.683271,True
1.9,30,370438.935389,True
2.8,30,370485.062937,True
1.9,30,370530.240564,True
0.0,30,370579.10657,False
2.1,30,370626.022732,True
0.0,30,370674.991922,False
0.0,30,370719.976561,False
2.9,30,370766.762746,True
2.5,30,370816.970052,True
2.8,30,370859.57293,True
2.7,30,370906.268169,True
0.0,30,370951.149528,False
0.0,30,370992.494396,False
2.8,30,371042.193346,True
2.6,30,371353.97219,True
0.0,30,371401.051944,False
0.0,30,371445.463996,False
0.0,30,371488.437324,False
0.0,30,371535.463496,False
2.1,30,371577.669144,True
0.0,30,371624.032008,False
3.0,30,371672.759501,True
0.0,30,371718.646012,False
2.8,30,371768.25297,True
0.0,30,371812.633995,False
0.0,30,371866.226089,False
2.5,30,371913.980634,True
0.0,30,371963.173384,False
0.0,30,372017.39495,False
0.0,30,372061.273702,False
0.0,30,372110.120228,False
2.6,30,372151.785188,True
1.8,30,372197.8204,True
0.0,30,372243.266923,False
2.5,30,372281.259721,True
2.7,30,372332.648711,True
3.0,30,372384.883144,True
0.0,30,372430.970211,False
0.0,30,372480.440615,False
2.8,30,372523.130174,True
0.0,30,372566.958375,False
0.0,30,372617.595927,False
2.1,30,372666.472096,True
0.0,30,372713.859583,False
2.5,30,372759.913032,True
2.8,30,372810.945634,True
0.0,30,372861.336199,False
0.0,30,372909.560828,False
2.7,30,373212.599129,True
0.0,30,373255.427019,False
1.3,30,373301.725742,True
2.3,30,373346.757924,True
3.0,30,373391.159494,True
2.9,30,373436.785034,True
0.0,30,373482.023932,False
0.0,30,373533.171113,False
2.4,30,373578.009868,True
0.0,30,373624.785218,False
0.0,30,373671.580683,False
0.6,30,373719.363746,True
0.0,30,373766.28461,False
2.7,30,373812.323893,True
2.4,30,373856.269712,True
2.5,30,373897.877039,True
2.5,30,373941.073141,True
2.6,30,373988.648685,True
0.0,30,374034.416792,False
0.0,30,374081.698822,False
0.0,30,374125.868937,False
0.0,30,374170.666839,False
2.8,30,374219.929695,True
0.0,30,374267.9261,False
2.6,30,374309.811899,True
0.0,30,374357.229141,False
2.2,30,374445.932777,True
2.6,30,374486.21346,True
0.0,30,374537.841541,False
3.0,30,374585.609297,True
0.2,30,374632.05869,True
0.0,30,374673.917431,False
2.5,30,374726.377411,True
2.6,30,374770.696289,True
2.6,30,375091.753324,True
0.0,30,375137.336654,False
2.4,30,375186.545519,True
0.0,30,375238.197967,False
0.0,30,375282.559621,False
2.6,30,375327.205421,True
0.0,30,375374.799901,False
2.0,30,375419.264806,True
2.3,30,375466.314252,True
0.0,30,375515.993525,False
3.0,30,375562.709711,True
3.0,30,375609.830121,True
0.0,30,375660.562595,False
0.0,30,375708.107336,False
0.0,30,375752.073053,False
0.0,30,375794.952786,False
0.0,30,375841.133879,False
0.0,30,375885.406316,False
3.0,30,375932.016187,True
0.0,30,375979.091849,False
2.8,30,376028.526591,True
2.4,30,376076.585463,True
0.0,30,376129.663318,False
0.0,30,376181.878174,False
0.0,30,376227.241973,False
3.0,30,376271.400419,True
2.9,30,376316.994584,True
0.0,30,376357.87132,False
0.0,30,376409.60066,False
0.0,30,376456.248229,False
0.0,30,376509.630161,False
2.8,30,376559.495877,True
2.4,30,376602.343535,True
0.0,30,376650.584934,False
0.0,30,376695.212574,False
3.0,30,376998.290003,True
0.0,30,377038.49312,False
0.0,30,377082.177398,False
2.9,30,377127.968334,True
2.7,30,377174.924247,True
2.7,30,377222.468358,True
2.7,30,377271.976721,True
3.0,30,377317.68856,True
2.9,30,377359.772879,True
0.0,30,377406.405011,False
2.1,30,377449.26831,True
0.0,30,377492.166792,False
0.9,30,377537.824081,True
0.0,30,377588.811738,False
2.6,30,377638.254332,True
0.0,30,377689.098308,False
0.0,30,377737.888819,False
1.9,30,377801.867278,True
2.9,30,377848.588564,True
2.6,30,377895.380708,True
2.8,30,377942.246929,True
0.0,30,377985.823689,False
0.0,30,378029.03379,False
0.0,30,378074.398501,False
0.0,30,378130.007488,False
2.6,30,378181.549494,True
0.0,30,378225.159338,False
2.7,30,378273.165335,True
0.0,30,378318.017135,False
2.8,30,378367.137929,True
2.9,30,378416.059441,True
0.0,30,378461.118342,False
2.7,30,378508.528727,True
0.0,30,378556.553131,False
2.8,30,378891.715724,True
2.3,30,378937.997985,True
2.6,30,378983.528538,True
0.1,30,379031.40695,True
2.6,30,379073.648089,True
2.0,30,379121.013453,True
0.0,30,379167.226631,False
0.0,30,379210.539356,False
0.2,30,379258.810333,False
0.0,30,379307.947352,False
0.0,30,379355.913884,False
2.4,30,379402.628875,True
1.7,30,379448.687246,True
2.3,30,379495.025731,True
0.0,30,379544.369402,False
0.0,30,379592.585836,False
2.6,30,379639.412066,True
0.0,30,379685.263852,False
2.7,30,379735.438503,True
3.0,30,379785.854303,True
0.0,30,379831.198053,False
0.0,30,379873.251843,False
0.0,30,379922.332122,False
2.1,30,379968.181137,True
3.0,30,380016.905446,True
2.9,30,380063.573629,True
0.0,30,380109.279226,False
0.0,30,380156.593458,False
2.7,30,380201.929659,True
2.3,30,380252.684241,True
0.0,30,380297.733483,False
0.0,30,380343.661016,False
2.9,30,380392.678645,True
0.0,30,380434.085442,False
0.0,30,380752.797543,False
0.0,30,380799.6845,False
2.0,30,380849.65846,True
2.1,30,380899.428226,True
0.0,30,380940.91412,False
2.7,30,380985.827442,True
1.8,30,381031.96419,True
0.0,30,381077.794116,False
0.0,30,381123.855385,False
2.5,30,381166.789865,True
2.8,30,381211.894423,True
2.6,30,381264.204736,True
0.0,30,381306.449492,False
2.9,30,381353.885489,True
0.0,30,381396.149125,False
2.7,30,381440.554441,True
2.7,30,381486.831125,True
0.0,30,381530.931985,False
2.7,30,381574.760297,True
2.2,30,381621.313421,True
1.7,30,381670.2027,True
0.0,30,381716.568196,False
0.0,30,381762.609029,False
0.0,30,381808.058362,False
2.7,30,381856.630322,True
1.8,30,381901.31621,True
2.6,30,381951.992931,True
0.0,30,381998.67096,False
2.7,30,382043.982951,True
2.5,30,382088.295233,True
0.0,30,382130.941464,False
2.8,30,382175.414073,True
0.9,30,382218.953133,True
2.9,30,382260.003768,True
3.0,30,382617.315166,True
2.2,30,382657.892081,True
0.0,30,382705.175746,False
0.0,30,382756.006689,False
2.4,30,382793.526002,True
2.4,30,382842.471311,True
2.2,30,382890.398977,True
0.0,30,382937.652188,False
0.0,30,382985.325268,False
2.2,30,383031.546044,True
0.0,30,383075.628794,False
0.0,30,383122.771501,False
2.3,30,383167.139582,True
0.0,30,383207.503757,False
2.6,30,383252.538508,True
2.4,30,383300.834224,True
0.0,30,383347.926078,False
3.0,30,383397.979965,True
1.8,30,383444.416444,True
0.0,30,383489.269141,False
0.0,30,383535.907711,False
0.0,30,383587.261358,False
0.0,30,383633.040544,False
0.0,30,383673.723739,False
2.8,30,383722.730381,True
1.1,30,383775.480471,True
0.0,30,383818.185096,False
0.0,30,383869.564379,False
3.0,30,383922.233935,True
2.8,30,383971.330907,True
2.6,30,384018.51389,True
2.8,30,384060.44767,True
0.0,30,384112.66116,False
0.0,30,384156.73286,False
0.0,30,384469.323305,False
0.0,30,384521.018435,False
0.0,30,384566.454612,False
0.0,30,384609.023989,False
0.0,30,384657.041078,False
2.2,30,384732.799416,True
0.0,30,384777.896201,False
2.4,30,384832.931031,True
0.0,30,384881.645449,False
2.9,30,384924.360116,True
0.0,30,384968.153447,False
2.2,30,385020.691344,True
2.6,30,385072.551702,True
2.7,30,385118.632979,True
0.0,30,385159.464311,False
2.5,30,385206.615757,True
0.0,30,385251.486085,False
2.6,30,385308.467155,True
0.0,30,385354.993279,False
0.0,30,385401.969843,False
0.0,30,385451.216175,False
0.9,30,385496.678987,True
2.6,30,385543.601573,True
2.8,30,385588.276206,True
0.0,30,385632.651592,False
0.0,30,385678.978366,False
2.7,30,385721.407383,True
0.0,30,385766.267597,False
0.0,30,385807.633014,False
0.0,30,385851.752654,False
0.0,30,385896.463667,False
0.0,30,385950.350798,False
0.0,30,385994.033485,False
0.0,30,386038.391549,False
0.0,30,386368.788118,False
2.6,30,386413.549393,True
2.4,30,386458.311866,True
0.0,30,386498.764319,False
0.0,30,386546.500318,False
2.7,30,386589.23123,True
0.0,30,386635.433223,False
2.4,30,386680.117567,True
0.0,30,386721.137074,False
0.0,30,386765.995832,False
0.0,30,386812.705648,False
2.1,30,386863.120891,True
0.0,30,386909.451964,False
2.9,30,386955.450926,True
2.8,30,387013.603293,True
0.0,30,387060.960676,False
2.8,30,387106.741869,True
0.0,30,387178.542619,False
0.0,30,387231.673003,False
1.8,30,387276.439855,True
0.0,30,387322.697457,False
2.9,30,387365.682883,True
0.0,30,387413.692547,False
2.5,30,387456.325822,True
2.5,30,387500.955,True
3.0,30,387546.337149,True
0.0,30,387593.346877,False
0.5,30,387638.017125,True
2.3,30,387680.628958,True
0.2,30,387723.318717,False
2.6,30,387767.868214,True
2.9,30,387811.697441,True
0.0,30,387863.132857,False
0.0,30,387904.432887,False
2.8,30,388212.316205,True
0.0,30,388261.050945,False
2.5,30,388304.829629,True
0.0,30,388349.352622,False
0.0,30,388397.806376,False
2.2,30,388447.524937,True
1.8,30,388492.023263,True
2.8,30,388538.595972,True
2.5,30,388584.878987,True
0.0,30,388629.416674,False
2.5,30,388675.445511,True
0.0,30,388722.411301,False
0.0,30,388767.21694,False
0.0,30,388809.990182,False
0.0,30,388855.349455,False
2.2,30,388902.585192,True
3.0,30,388947.148373,True
2.6,30,388992.900738,True
0.0,30,389038.436204,False
2.8,30,389081.924159,True
0.0,30,389127.678388,False
2.7,30,389177.049918,True
2.5,30,389224.179327,True
2.6,30,389268.314481,True
0.0,30,389322.913455,False
0.0,30,389367.325756,False
1.5,30,389414.359034,True
2.9,30,389472.988116,True
2.8,30,389523.407081,True
3.0,30,389565.22642,True
2.5,30,389614.604769,True
0.0,30,389660.629411,False
0.0,30,389703.064324,False
3.0,30,389743.930419,True
3.0,30,390037.003531,True
1.3,30,390085.967226,True
2.3,30,390133.51406,True
0.0,30,390176.501686,False
0.0,30,390223.565483,False
2.4,30,390267.558559,True
0.0,30,390317.185305,False
0.0,30,390361.68184,False
1.6,30,390407.222532,True
2.5,30,390453.416886,True
2.9,30,390500.798661,True
0.0,30,390545.512546,False
2.0,30,390593.372345,True
0.0,30,390635.443347,False
0.0,30,390680.772824,False
0.0,30,390719.797299,False
2.6,30,390765.432166,True
3.0,30,390812.093207,True
0.0,30,390857.563922,False
2.8,30,390900.616799,True
1.1,30,390945.778457,False
2.5,30,390996.919241,True
0.0,30,391040.940796,False
0.0,30,391085.461108,False
0.0,30,391130.822418,False
0.0,30,391180.805589,False
2.0,30,391225.739715,True
0.0,30,391278.711902,False
2.5,30,391328.718555,True
2.7,30,391377.201459,True
1.6,30,391427.812649,True
0.0,30,391471.102305,False
1.7,30,391513.70607,True
2.1,30,391560.580706,True
2.5,30,391601.456446,True
0.0,30,391904.311045,False
0.1,30,391949.705902,False
0.0,30,391990.613955,False
2.6,30,392032.576111,True
0.0,30,392071.86348,False
0.0,30,392119.921297,False
2.1,30,392166.524458,True
0.0,30,392211.26202,False
0.0,30,392254.745,False
2.4,30,392303.189673,True
2.6,30,392347.535331,True
0.0,30,392392.712913,False
0.0,30,392437.71972,False
0.0,30,392489.3001,False
0.0,30,392533.966022,False
2.6,30,392577.023222,True
0.0,30,392625.641238,False
2.9,30,392670.690341,True
0.0,30,392719.058926,False
2.3,30,392761.737687,True
3.0,30,392806.619265,True
2.8,30,392851.191542,True
2.8,30,392890.532094,True
0.0,30,392934.318344,False
2.7,30,392979.136807,True
0.0,30,393030.152137,False
0.0,30,393077.792772,False
1.2,30,393126.056077,True
2.8,30,393174.363037,True
2.6,30,393222.858375,True
0.0,30,393270.220721,False
1.8,30,393315.008732,True
1.5,30,393361.03495,True
3.0,30,393410.440926,True
3.0,30,393711.982829,True
0.0,30,393765.351449,False
0.0,30,393807.572518,False
1.9,30,393863.911802,True
1.2,30,393913.566589,True
2.6,30,393958.845908,True
0.0,30,394003.5287,False
2.4,30,394049.192953,True
2.5,30,394090.681471,True
0.0,30,394136.195088,False
3.0,30,394180.296372,True
2.7,30,394228.75661,True
2.5,30,394272.663854,True
0.0,30,394319.364629,False
2.6,30,394360.908052,True
0.0,30,394403.770052,False
0.0,30,394442.526738,False
2.4,30,394484.951528,True
2.0,30,394532.980036,True
2.6,30,394577.95601,True
2.4,30,394621.338284,True
0.0,30,394666.649959,False
0.0,30,394706.447023,False
2.4,30,394752.426281,True
2.7,30,394800.389004,True
1.6,30,394841.573649,True
1.9,30,394885.421387,True
2.3,30,394929.675479,True
2.4,30,394979.300644,True
3.0,30,395026.231312,True
0.0,30,395071.640531,False
0.0,30,395115.977927,False
2.2,30,395157.719162,True
2.2,30,395201.403246,True
2.5,30,395489.085296,True
0.0,30,395530.98914,False
3.0,30,395573.901106,True
0.8,30,395618.314338,True
0.0,30,395663.779076,False
3.0,30,395714.529648,True
0.0,30,395757.34365,False
2.4,30,395806.143392,True
0.0,30,395849.420738,False
2.5,30,395894.522262,True
1.3,30,395935.941284,True
0.0,30,395983.133191,False
2.4,30,396033.967913,True
2.7,30,396080.199274,True
2.2,30,396138.800328,True
0.0,30,396184.045997,False
0.0,30,396227.68381,False
0.0,30,396274.629833,False
2.6,30,396317.765966,True
2.5,30,396363.169118,True
0.0,30,396412.090487,False
0.0,30,396457.257819,False
1.6,30,396502.763826,True
0.0,30,396545.991612,False
0.0,30,396585.493721,False
1.5,30,396627.987647,True
1.9,30,396676.735729,True
1.1,30,396719.403687,True
2.4,30,396768.966057,True
0.0,30,396823.67483,False
2.8,30,396863.164788,True
2.3,30,396911.092195,True
2.3,30,396954.688634,True
2.8,30,397002.376523,True
0.0,30,397315.449418,False
2.8,30,397356.359951,True
0.0,30,397405.398874,False
0.0,30,397445.775182,False
1.8,30,397490.923631,False
2.3,30,397536.487687,True
1.2,30,397582.683727,True
2.3,30,397626.43418,True
0.0,30,397679.076365,False
1.5,30,397726.06739,True
2.8,30,397768.022543,True
0.8,30,397815.510359,True
1.5,30,397857.29961,True
2.8,30,397906.569594,True
1.2,30,397954.24891,True
0.0,30,398005.469673,False
2.1,30,398052.327053,True
2.5,30,398092.818029,True
0.0,30,398133.285444,False
1.3,30,398178.012466,True
0.0,30,398223.16079,False
0.0,30,398267.695957,False
0.0,30,398315.572067,False
0.0,30,398358.080159,False
0.0,30,398408.383633,False
2.6,30,398453.107004,True
3.0,30,398500.607526,True
2.8,30,398544.526273,True
0.0,30,398589.364681,False
0.0,30,398647.510384,False
0.0,30,398695.276365,False
2.4,30,398735.523975,True
0.0,30,398780.160067,False
2.7,30,398831.777797,True
0.0,30,399123.145521,False
0.0,30,399169.148219,False
2.8,30,399217.669148,True
0.0,30,399266.849742,False
2.7,30,399310.16068,True
1.5,30,399361.710187,True
0.0,30,399405.828747,False
2.6,30,399446.980933,True
0.0,30,399493.977208,False
2.3,30,399543.07016,True
0.0,30,399585.948035,False
0.0,30,399633.47908,False
2.5,30,399691.433213,True
1.9,30,399734.810186,True
0.0,30,399782.496579,False
0.0,30,399825.785054,False
2.3,30,399875.902192,True
2.2,30,399922.147322,True
2.6,30,399966.742377,True
2.6,30,400012.940732,True
0.0,30,400057.813604,False
0.0,30,400103.279107,False
2.0,30,400151.853601,True
0.0,30,400197.914494,False
0.0,30,400241.621513,False
0.0,30,400284.061422,False
0.0,30,400331.2907,False
0.0,30,400376.813852,False
2.5,30,400425.946508,True
1.6,30,400497.435966,True
2.6,30,400546.184183,True
2.5,30,400590.799506,True
0.0,30,400640.256359,False
2.5,30,400690.048329,True
0.0,30,400962.465652,False
0.0,30,401005.275536,False
0.0,30,401047.979392,False
0.0,30,401092.179317,False
0.0,30,401135.058271,False
0.0,30,401185.560143,False
2.5,30,401231.838743,True
0.0,30,401279.953022,False
0.0,30,401324.202571,False
3.0,30,401371.170786,True
2.8,30,401408.557718,True
2.1,30,401453.014386,True
0.0,30,401499.07554,False
2.3,30,401542.926664,True
0.0,30,401587.054513,False
0.0,30,401633.14226,False
0.0,30,401678.864074,False
2.2,30,401727.080049,True
2.7,30,401770.705189,True
0.0,30,401811.797214,False
0.0,30,401855.928526,False
0.0,30,401899.269019,False
0.0,30,401940.370298,False
2.8,30,401983.160917,True
2.0,30,402025.575614,True
0.0,30,402071.710362,False
2.1,30,402117.560252,True
3.0,30,402167.650862,True
0.0,30,402215.626947,False
3.0,30,402258.087236,True
0.0,30,402304.695354,False
2.8,30,402345.977056,True
0.0,30,402386.823271,False
0.1,30,402432.458337,True
0.0,30,402727.57081,False
1.4,30,402773.384541,True
0.0,30,402820.947306,False
0.0,30,402869.142657,False
0.0,30,402915.687557,False
2.9,30,402965.33109,True
2.4,30,403009.535598,True
2.7,30,403053.87445,True
2.5,30,403098.642048,True
0.0,30,403143.744678,False
0.0,30,403193.382927,False
0.0,30,403232.369476,False
2.7,30,403275.739872,False
0.0,30,403323.745035,False
0.0,30,403367.645538,False
2.1,30,403410.412642,True
2.8,30,403458.451592,True
0.0,30,403501.328078,False
3.0,30,403544.73467,True
0.0,30,403588.896312,False
0.0,30,403630.485371,False
2.4,30,403692.770037,True
0.0,30,403741.960662,False
0.0,30,403784.006787,False
0.0,30,403828.849715,False
2.0,30,403870.845142,True
0.0,30,403926.676634,False
2.2,30,403971.277676,True
2.2,30,404017.022848,True
0.0,30,404057.351732,False
2.7,30,404101.024279,True
0.0,30,404151.169303,False
0.0,30,404194.736701,False
2.6,30,404252.69317,True
0.0,30,404296.230982,False
0.0,30,404546.287265,False
0.0,30,404606.309567,False
0.0,30,404657.487728,False
2.0,30,404703.181027,False
2.7,30,404742.574719,True
2.8,30,404784.860853,True
0.0,30,404828.321339,False
0.0,30,404873.508004,False
0.0,30,404912.139263,False
0.0,30,404956.558186,False
3.0,30,405004.000121,True
0.0,30,405043.651353,False
3.0,30,405087.372496,True
2.9,30,405131.901152,True
3.0,30,405176.335001,True
0.0,30,405220.84987,False
0.0,30,405264.037257,False
0.0,30,405309.160379,False
2.2,30,405356.069328,True
0.0,30,405414.323044,False
1.5,30,405457.461123,True
2.3,30,405500.833762,True
0.0,30,405540.55536,False
0.0,30,405587.638817,False
2.9,30,405633.550266,True
0.0,30,405683.340957,False
0.0,30,405729.310157,False
2.7,30,405775.531727,True
0.0,30,405824.902066,False
0.0,30,405870.225552,False
1.7,30,405917.641416,True
2.3,30,405961.58078,True
1.9,30,406004.409365,True
0.0,30,406046.944647,False
2.8,30,406330.263741,True
0.0,30,406374.161049,False
2.7,30,406422.084146,True
1.9,30,406471.431729,True
2.7,30,406513.259789,True
2.9,30,406556.119421,True
2.0,30,406598.250481,True
0.0,30,406645.10277,False
2.7,30,406689.711947,True
0.0,30,406739.674061,False
2.3,30,406784.514424,True
1.7,30,406834.162301,True
2.9,30,406881.36835,True
0.0,30,406927.439085,False
0.0,30,406968.035226,False
2.1,30,407015.180209,True
0.0,30,407057.717585,False
0.0,30,407100.284927,False
2.8,30,407148.39329,True
0.0,30,407198.229179,False
0.0,30,407242.845467,False
0.0,30,407290.453444,False
0.0,30,407337.40099,False
0.0,30,407392.990762,False
0.0,30,407438.594123,False
0.9,30,407487.899377,True
0.0,30,407542.945737,False
0.0,30,407589.448354,False
2.8,30,407634.426898,True
3.0,30,407675.211853,True
0.0,30,407720.422455,False
1.7,30,407763.969795,True
0.8,30,407806.979602,True
2.5,30,407862.426664,True
2.2,30,408145.076037,True
2.9,30,408190.0115,True
3.0,30,408236.145473,True
2.8,30,408284.194431,True
0.0,30,408330.264867,False
0.0,30,408378.349925,False
0.0,30,408430.818285,False
1.6,30,408476.160727,True
2.6,30,408517.932709,True
2.7,30,408564.184535,True
0.0,30,408612.094621,False
0.0,30,408658.532739,False
0.5,30,408702.744558,False
0.0,30,408748.029084,False
0.0,30,408788.403734,False
2.2,30,408832.437115,True
1.5,30,408876.212803,True
2.4,30,408918.796296,True
3.0,30,408977.685057,True
0.0,30,409027.347263,False
1.5,30,409077.539234,True
0.0,30,409118.718489,False
0.0,30,409162.617557,False
2.4,30,409208.016459,True
1.9,30,409256.695652,True
0.0,30,409305.230537,False
0.0,30,409351.146874,False
0.0,30,409393.247305,False
2.4,30,409443.510473,True
0.0,30,409486.224137,False
3.0,30,409531.968485,True
0.0,30,409575.486445,False
2.2,30,409616.625724,True
0.0,30,409662.5737,False
0.0,30,409944.713293,False
0.0,30,409988.049291,False
2.7,30,410033.266227,True
2.2,30,410077.045431,True
2.6,30,410128.619454,True
2.8,30,410173.845299,True
0.0,30,410216.383368,False
0.0,30,410261.819398,False
0.0,30,410313.266885,False
0.0,30,410358.819175,False
0.0,30,410410.877257,False
0.0,30,410456.31577,False
0.0,30,410507.282085,False
2.0,30,410546.425966,True
0.0,30,410592.926152,False
1.3,30,410638.945049,True
0.0,30,410684.671802,False
0.0,30,410725.975768,False
2.6,30,410769.375798,True
0.0,30,410817.568857,False
3.0,30,410860.537048,True
0.0,30,410905.943951,False
1.8,30,410958.645414,True
0.0,30,411001.089861,False
0.0,30,411049.980356,False
0.0,30,411094.797338,False
2.3,30,411134.007892,True
2.2,30,411178.921868,True
2.3,30,411228.411944,True
2.5,30,411275.854854,True
2.7,30,411321.286801,True
0.0,30,411366.407891,False
0.0,30,411415.438372,False
0.0,30,411460.15792,False
1.5,30,411776.971685,True
2.8,30,411820.531889,True
0.0,30,411869.905437,False
2.8,30,411915.328557,True
0.0,30,411963.323077,False
0.0,30,412008.016295,False
0.0,30,412056.163953,False
2.4,30,412098.671226,True
3.0,30,412144.122628,True
0.0,30,412192.427636,False
0.0,30,412237.121385,False
0.0,30,412286.156175,False
0.0,30,412332.050584,False
2.9,30,412378.117554,True
0.0,30,412418.597312,False
2.6,30,412464.446766,True
0.0,30,412516.987921,False
2.7,30,412564.329522,True
2.9,30,412607.947826,True
2.4,30,412662.528782,True
2.5,30,412711.597121,True
3.0,30,412760.756131,True
1.9,30,412805.001233,True
0.0,30,412848.216493,False
0.0,30,412893.531422,False
0.0,30,412937.65053,False
2.6,30,412980.144928,True
2.3,30,413021.331222,True
0.0,30,413065.321028,False
0.0,30,413116.30355,False
0.0,30,413164.051382,False
2.3,30,413222.648279,True
1.8,30,413268.710597,True
0.0,30,413318.530434,False
2.5,30,413594.096678,True
0.0,30,413638.309328,False
0.0,30,413687.861876,False
2.7,30,413739.91118,True
0.0,30,413782.987862,False
1.5,30,413827.806306,True
0.0,30,413867.958058,False
2.4,30,413918.932662,True
2.6,30,413961.469203,True
0.0,30,414011.757389,False
2.6,30,414061.291977,True
0.0,30,414104.981506,False
1.1,30,414145.044507,True
0.0,30,414188.607114,False
3.0,30,414236.728551,True
2.2,30,414278.590533,True
2.2,30,414322.198194,True
0.0,30,414364.257521,False
0.0,30,414413.775295,False
3.0,30,414457.797574,True
0.0,30,414500.145409,False
0.0,30,414543.873613,False
0.0,30,414591.596975,False
2.1,30,414638.274105,True
0.0,30,414686.025718,False
0.0,30,414733.976968,False
0.8,30,414772.44081,True
1.3,30,414819.178163,True
0.0,30,414863.198063,False
1.7,30,414906.735017,True
0.0,30,414956.054184,False
0.0,30,414997.942244,False
0.0,30,415046.237273,False
0.3,30,415090.707871,True
0.0,30,415378.711908,False
0.0,30,415423.190921,False
2.8,30,415470.130435,True
2.8,30,415518.536091,True
0.0,30,415561.417425,False
2.4,30,415607.641526,True
2.7,30,415650.916995,True
0.0,30,415696.036081,False
0.0,30,415741.087445,False
0.0,30,415785.326699,False
0.0,30,415827.995676,False
0.0,30,415871.771382,False
2.5,30,415923.851196,True
3.0,30,415965.865426,True
1.9,30,416013.266826,True
0.0,30,416053.590872,False
2.6,30,416098.276708,True
0.0,30,416154.351454,False
0.0,30,416202.343014,False
0.0,30,416251.149902,False
2.0,30,416297.600022,True
1.6,30,416342.548008,True
2.2,30,416383.129253,True
0.0,30,416425.395967,False
0.0,30,416477.829546,False
0.0,30,416522.27021,False
0.0,30,416568.959626,False
0.0,30,416613.204752,False
0.0,30,416655.778388,False
3.0,30,416700.018397,True
0.0,30,416744.846937,False
1.8,30,416799.046354,True
2.5,30,416848.190621,True
0.0,30,416891.628944,False
2.5,30,417193.446138,True
2.8,30,417238.113734,True
0.0,30,417286.408725,False
0.0,30,417333.28935,False
0.0,30,417379.434839,False
0.0,30,417427.130122,False
2.6,30,417466.286795,True
2.8,30,417514.685623,True
2.5,30,417565.42326,True
0.0,30,417608.127556,False
2.5,30,417648.931103,True
2.8,30,417694.512139,True
0.0,30,417739.26606,False
2.8,30,417782.739995,True
2.5,30,417828.063415,True
2.8,30,417884.177942,True
2.0,30,417932.523102,True
0.0,30,417975.939279,False
2.5,30,418021.253865,True
1.7,30,418062.822216,True
2.7,30,418104.686324,True
2.7,30,418154.844856,True
0.0,30,418194.995751,False
2.7,30,418232.50927,True
0.0,30,418280.388765,False
0.0,30,418322.058823,False
2.9,30,418370.551385,True
2.5,30,418412.144748,True
0.0,30,418455.862378,False
2.9,30,418499.766517,True
0.0,30,418543.095124,False
0.0,30,418584.15844,False
0.0,30,418627.935349,False
2.4,30,418674.225244,True
2.3,30,418719.537663,True
0.0,30,419001.104167,False
0.0,30,419046.745539,False
0.0,30,419093.938985,False
2.9,30,419144.531113,True
0.4,30,419188.725025,True
2.9,30,419233.994432,True
2.7,30,419283.947594,True
0.0,30,419331.939861,False
2.4,30,419380.224091,True
0.0,30,419438.030334,False
0.0,30,419484.229175,False
2.8,30,419530.521111,True
0.0,30,419571.79893,False
0.0,30,419617.865786,False
0.0,30,419661.582426,False
0.0,30,419706.907211,False
0.0,30,419748.104456,False
0.0,30,419792.061575,False
0.0,30,419835.603759,False
2.6,30,419876.239381,True
0.0,30,419928.747166,False
2.5,30,419972.035671,True
2.2,30,420014.559489,True
2.5,30,420057.098411,True
0.0,30,420100.977843,False
0.0,30,420147.954737,False
2.1,30,420195.216794,True
2.6,30,420235.26589,True
0.0,30,420280.170568,False
2.8,30,420325.217098,True
0.0,30,420365.420875,False
2.5,30,420410.463053,True
0.0,30,420467.525715,False
1.6,30,420509.1837,True
2.7,30,420819.865744,True
2.5,30,420865.339796,True
2.6,30,420908.697979,True
0.0,30,420958.065351,False
1.7,30,420998.867709,True
2.3,30,421053.886189,True
1.0,30,421097.537942,True
2.5,30,421147.422871,True
0.0,30,421194.154311,False
2.7,30,421237.895992,True
0.0,30,421285.104477,False
2.6,30,421328.229024,True
0.0,30,421376.197363,False
2.4,30,421424.905549,True
1.5,30,421474.941027,True
2.6,30,421519.668871,True
3.0,30,421564.689922,True
0.0,30,421613.856607,False
2.7,30,421650.859431,True
2.3,30,421693.403731,True
0.0,30,421737.849619,False
0.0,30,421784.176041,False
0.0,30,421832.035921,False
1.4,30,421882.652735,True
0.0,30,421925.572215,False
2.6,30,421972.257189,True
0.0,30,422018.152543,False
2.5,30,422065.658233,True
1.7,30,422113.683369,True
1.1,30,422160.658844,True
0.0,30,422203.037239,False
2.9,30,422252.338341,True
2.5,30,422293.753548,True
0.0,30,422339.361856,False
2.2,30,422672.442454,True
0.0,30,422716.712725,False
0.2,30,422764.699067,True
2.1,30,422828.312038,True
1.1,30,422871.826442,False
0.0,30,422917.377269,False
2.7,30,422961.325413,True
2.2,30,423004.191877,True
0.0,30,423050.752136,False
0.0,30,423099.218903,False
2.7,30,423143.07658,True
0.0,30,423187.126415,False
0.0,30,423231.822305,False
0.0,30,423271.849084,False
0.0,30,423316.762698,False
2.8,30,423364.591639,True
2.5,30,423412.571484,True
0.0,30,423453.480318,False
0.0,30,423495.268352,False
2.3,30,423541.427253,True
1.7,30,423590.178151,True
0.0,30,423635.138776,False
0.0,30,423676.731981,False
2.2,30,423718.870559,True
0.0,30,423758.574087,False
3.0,30,423797.929853,True
2.3,30,423841.580515,True
0.0,30,423888.07087,False
0.0,30,423938.421675,False
0.0,30,423976.879027,False
0.0,30,424021.383151,False
0.0,30,424076.73142,False
2.3,30,424117.817602,True
2.6,30,424162.951666,True
0.0,30,424490.909719,False
0.0,30,424537.197438,False
2.3,30,424582.288768,True
0.0,30,424629.934533,False
0.0,30,424679.93819,False
2.1,30,424730.853588,True
0.0,30,424772.740775,False
0.0,30,424816.872778,False
0.0,30,424859.552219,False
2.7,30,424905.328132,True
1.9,30,424956.365865,True
2.5,30,424999.184484,True
2.8,30,425045.198029,True
2.8,30,425091.204631,True
2.8,30,425131.236892,True
0.0,30,425173.863296,False
1.0,30,425219.200683,True
0.0,30,425262.228534,False
0.0,30,425308.879453,False
2.0,30,425353.766788,True
0.0,30,425395.301283,False
0.0,30,425437.593807,False
2.9,30,425479.646723,True
1.6,30,425529.338416,True
2.7,30,425576.092315,True
0.0,30,425618.764113,False
0.0,30,425674.0031,False
0.0,30,425717.421467,False
2.7,30,425763.769381,True
0.0,30,425802.723493,False
2.2,30,425849.642446,True
2.9,30,425892.813076,True
0.0,30,425936.508024,False
0.0,30,425985.760923,False
2.1,30,426299.563329,True
2.7,30,426342.694746,True
2.8,30,426389.238882,True
0.0,30,426461.001686,False
0.0,30,426513.005037,False
2.7,30,426557.076077,True
2.9,30,426602.631128,True
1.7,30,426656.749803,True
0.0,30,426705.346063,False
2.7,30,426752.647377,True
2.3,30,426801.49564,True
0.0,30,426847.097167,False
0.0,30,426894.96971,False
2.4,30,426942.894211,True
0.0,30,426989.750974,False
2.6,30,427033.154464,True
0.0,30,427078.111541,False
2.7,30,427120.482526,True
0.0,30,427167.627838,False
0.0,30,427212.164271,False
2.5,30,427261.026242,True
2.2,30,427309.663106,True
2.6,30,427359.696612,True
0.0,30,427402.486395,False
2.8,30,427448.03568,True
0.0,30,427496.480372,False
0.0,30,427539.404538,False
2.7,30,427586.173838,True
0.0,30,427630.824837,False
0.7,30,427679.679283,True
0.0,30,427725.453695,False
2.5,30,427772.585469,True
2.1,30,427822.403823,True
2.5,30,427863.959549,True
2.1,30,428219.290998,True
2.1,30,428264.5119,True
2.7,30,428308.757975,True
2.7,30,428352.335178,True
2.8,30,428401.870107,True
1.1,30,428448.508345,True
2.6,30,428493.645087,True
2.0,30,428540.137212,True
0.0,30,428584.342623,False
2.4,30,428627.642692,True
0.0,30,428679.618026,False
0.0,30,428728.98578,False
2.7,30,428774.519052,True
0.0,30,428818.457448,False
2.5,30,428864.979881,True
2.3,30,428906.331636,True
2.8,30,428951.651632,True
2.6,30,428997.107097,True
2.2,30,429044.865069,True
2.3,30,429086.528279,True
2.6,30,429129.460836,True
0.0,30,429183.382417,False
0.0,30,429231.238522,False
0.0,30,429276.234748,False
2.2,30,429321.960326,True
2.8,30,429362.639381,True
0.0,30,429412.131162,False
2.2,30,429456.640115,True
0.0,30,429501.921241,False
0.0,30,429550.458524,False
0.0,30,429595.535977,False
2.3,30,429639.134177,True
0.0,30,429693.862175,False
0.0,30,429739.537831,False
1.7,30,430091.498076,True
0.0,30,430133.638382,False
0.0,30,430178.206839,False
2.7,30,430227.751787,True
2.5,30,430276.691695,True
0.0,30,430321.167963,False
0.0,30,430368.738107,False
2.4,30,430416.579044,True
2.2,30,430460.95943,True
3.0,30,430513.715491,True
0.0,30,430559.610185,False
2.6,30,430610.796719,True
0.0,30,430664.008543,False
2.8,30,430713.761972,False
0.0,30,430761.933358,False
2.7,30,430809.363893,True
2.5,30,430862.602438,True
2.7,30,430903.400056,True
0.0,30,430951.216334,False
0.0,30,430995.177079,False
2.5,30,431038.698011,True
0.0,30,431085.266296,False
2.5,30,431138.317746,True
2.0,30,431189.154125,True
2.2,30,431235.133533,True
0.0,30,431278.457317,False
2.1,30,431328.790903,True
2.1,30,431372.537586,True
0.0,30,431420.088194,False
0.0,30,431468.627599,False
0.0,30,431519.362354,False
0.0,30,431568.798761,False
1.1,30,431616.898054,True
2.3,30,431663.948566,True
3.0,30,431706.853645,True
0.0,30,432043.86669,False
0.0,30,432085.786804,False
0.0,30,432133.847411,False
0.0,30,432189.167709,False
2.3,30,432232.687001,True
2.5,30,432280.060779,True
3.0,30,432329.380546,True
2.4,30,432376.723733,True
0.0,30,432425.330359,False
0.0,30,432467.475997,False
3.0,30,432515.795006,True
3.0,30,432565.035472,True
2.9,30,432607.253383,True
0.0,30,432663.558205,False
2.4,30,432709.797557,True
2.5,30,432756.533338,True
0.0,30,432803.692869,False
0.0,30,432851.181677,False
0.0,30,432893.370945,False
2.5,30,432937.188302,True
0.0,30,432980.775528,False
0.0,30,433027.801544,False
0.0,30,433076.670024,False
0.0,30,433124.305445,False
2.8,30,433169.804079,True
1.7,30,433213.85219,True
3.0,30,433253.715274,True
0.0,30,433301.295657,False
0.0,30,433346.383472,False
2.5,30,433391.363099,True
0.0,30,433439.805261,False
1.0,30,433488.054113,True
0.0,30,433535.288177,False
2.8,30,433578.844202,True
0.0,30,433934.241732,False
2.5,30,433982.612968,True
0.0,30,434029.559892,False
2.8,30,434075.017712,True
0.0,30,434116.115726,False
2.5,30,434164.669084,True
0.0,30,434211.698755,False
2.8,30,434255.124372,True
1.4,30,434299.11531,True
2.7,30,434347.511384,True
2.1,30,434397.547207,True
2.6,30,434445.914602,True
0.0,30,434496.132109,False
0.0,30,434544.629749,False
2.4,30,434589.370371,True
2.6,30,434632.137849,True
2.8,30,434682.08875,True
0.0,30,434734.372704,False
2.0,30,434779.027704,True
0.0,30,434825.293206,False
0.0,30,434868.805179,False
3.0,30,434913.613424,True
2.7,30,434964.549276,True
2.8,30,435011.153752,True
1.5,30,435058.269144,True
0.0,30,435105.238479,False
0.0,30,435150.128146,False
0.0,30,435195.211763,False
0.0,30,435239.56942,False
0.0,30,435287.378232,False
0.0,30,435336.523473,False
1.8,30,435384.956703,True
0.0,30,435431.44535,False
2.8,30,435477.417056,True
0.0,30,435828.615362,False
2.5,30,435873.270533,True
0.0,30,435920.673534,False
0.0,30,435964.937201,False
0.0,30,436016.580108,False
0.0,30,436062.992816,False
2.3,30,436110.70745,True
0.0,30,436152.518564,False
2.3,30,436199.253896,True
0.0,30,436246.634609,False
2.5,30,436287.687589,True
0.0,30,436334.008876,False
2.9,30,436385.466948,True
2.5,30,436434.997633,True
2.5,30,436483.869378,True
2.6,30,436532.234471,True
2.6,30,436585.227735,True
0.0,30,436630.832195,False
0.0,30,436674.216674,False
0.0,30,436726.433674,False
0.0,30,436771.36174,False
2.2,30,436820.571907,True
2.5,30,436864.278916,True
1.1,30,436917.518424,True
0.0,30,436962.901818,False
2.7,30,437013.110267,True
0.9,30,437061.064879,True
2.6,30,437106.555135,True
0.0,30,437149.522955,False
1.1,30,437202.165086,False
2.2,30,437248.47921,True
0.0,30,437298.367145,False
0.0,30,437341.056563,False
2.7,30,437388.612454,True
2.8,30,437727.120374,True
0.0,30,437780.258622,False
0.0,30,437831.110384,False
0.0,30,437890.182667,False
2.8,30,437937.94291,True
2.4,30,437983.399526,True
2.3,30,438031.685441,True
2.6,30,438079.086835,True
0.0,30,438126.2907,False
2.9,30,438171.895674,True
0.0,30,438219.18651,False
0.0,30,438267.703179,False
2.6,30,438309.989069,True
2.6,30,438356.270283,True
0.0,30,438406.805841,False
0.0,30,438453.066807,False
0.2,30,438499.211315,False
1.8,30,438547.081703,True
0.0,30,438590.965755,False
0.0,30,438641.358725,False
0.0,30,438686.707481,False
2.5,30,438731.918961,True
0.0,30,438783.514307,False
2.7,30,438828.313763,True
3.0,30,438873.036078,True
2.7,30,438921.477952,True
0.0,30,438970.49323,False
0.0,30,439022.598561,False
2.8,30,439069.168099,True
2.4,30,439120.452035,True
0.0,30,439169.422808,False
2.9,30,439219.727213,True
0.0,30,439272.320046,False
2.6,30,439319.632154,True
2.8,30,439644.489167,True
2.9,30,439688.309166,True
0.0,30,439741.280714,False
2.3,30,439794.643063,True
0.0,30,439845.277215,False
2.3,30,439891.47118,True
2.2,30,439937.745924,True
2.5,30,439984.313224,True
2.5,30,440040.773431,True
2.7,30,440089.451258,True
2.7,30,440138.790403,True
1.7,30,440190.633735,True
0.0,30,440236.876292,False
2.1,30,440281.365883,True
2.5,30,440330.524455,True
0.0,30,440375.693845,False
0.0,30,440419.04568,False
0.0,30,440464.52594,False
0.0,30,440511.00192,False
1.5,30,440556.233804,True
2.7,30,440600.28616,True
2.8,30,440652.124554,True
0.0,30,440698.020997,False
2.5,30,440748.493564,True
0.0,30,440798.274346,False
0.0,30,440839.289214,False
0.0,30,440888.261926,False
3.0,30,440939.821685,True
2.2,30,440982.350854,True
0.0,30,441031.712624,False
0.0,30,441090.45674,False
0.0,30,441134.56002,False
0.0,30,441186.901887,False
0.0,30,441234.522422,False
2.7,30,441574.170718,True
0.0,30,441622.409043,False
2.3,30,441672.171985,True
0.0,30,441722.978909,False
2.6,30,441767.638148,True
0.0,30,441812.082558,False
2.5,30,441862.056562,True
0.0,30,441909.153218,False
1.2,30,441956.147982,False
2.8,30,442003.043833,True
0.0,30,442054.495361,False
2.1,30,442095.996766,True
0.0,30,442144.429538,False
0.0,30,442191.117049,False
2.5,30,442233.380941,True
0.8,30,442278.183496,True
2.6,30,442331.64925,True
0.0,30,442378.246901,False
2.0,30,442423.885373,True
2.9,30,442478.363979,True
0.0,30,442521.370635,False
0.0,30,442566.619775,False
0.0,30,442614.720986,False
0.0,30,442658.694368,False
0.0,30,442698.231093,False
2.8,30,442744.149781,True
2.5,30,442789.214671,True
2.6,30,442829.647372,True
3.0,30,442872.648645,True
2.5,30,442910.775274,True
0.0,30,442955.660949,False
0.0,30,443001.474619,False
2.9,30,443045.056528,True
0.0,30,443092.405232,False
2.9,30,443441.634453,True
2.2,30,443491.389361,True
0.0,30,443534.591309,False
2.3,30,443583.759707,True
0.0,30,443630.59923,False
0.0,30,443677.694657,False
0.0,30,443727.137001,False
2.5,30,443770.146314,True
0.0,30,443816.61921,False
2.9,30,443862.36191,True
0.9,30,443908.138147,True
0.0,30,443956.074521,False
0.0,30,443998.30811,False
2.3,30,444047.293096,True
0.0,30,444096.910911,False
2.6,30,444151.81687,True
0.2,30,444200.211455,True
0.0,30,444243.984917,False
0.0,30,444289.307265,False
2.8,30,444335.26062,True
0.0,30,444381.425118,False
1.6,30,444423.385466,True
0.0,30,444467.203815,False
3.0,30,444516.160846,True
0.0,30,444565.85886,False
2.6,30,444609.99657,True
2.2,30,444655.978049,True
0.0,30,444701.732351,False
0.0,30,444751.267189,False
2.5,30,444799.14642,True
0.0,30,444851.231359,False
2.3,30,444897.579774,True
2.6,30,444947.889916,True
2.8,30,444993.232656,True
0.0,30,445336.047633,False
0.0,30,445383.268706,False
0.0,30,445430.379474,False
0.0,30,445480.651934,False
2.4,30,445527.816457,True
0.0,30,445573.418255,False
2.3,30,445613.167059,True
0.0,30,445655.822815,False
2.8,30,445700.812627,True
0.0,30,445747.699861,False
0.0,30,445793.145288,False
0.0,30,445846.558134,False
0.0,30,445892.421045,False
0.0,30,445941.315479,False
1.9,30,445989.050656,True
2.3,30,446033.456925,True
2.5,30,446077.391269,True
2.8,30,446134.132226,True
2.6,30,446179.069143,True
0.6,30,446224.286247,False
0.0,30,446267.557885,False
0.0,30,446310.566302,False
0.8,30,446359.724304,True
2.6,30,446403.685917,True
1.8,30,446447.700239,True
0.0,30,446491.23085,False
0.0,30,446530.873901,False
0.0,30,446578.077729,False
0.0,30,446621.855851,False
0.0,30,446666.666507,False
0.0,30,446710.264332,False
0.0,30,446754.49936,False
0.0,30,446800.649438,False
2.3,30,446849.304068,True
0.1,30,446895.96443,False
0.0,30,447243.81662,False
0.0,30,447286.692529,False
1.8,30,447333.837496,True
1.7,30,447384.236187,True
0.0,30,447426.500206,False
2.6,30,447473.329612,True
2.1,30,447516.878123,True
0.0,30,447561.474292,False
2.1,30,447617.555353,True
2.8,30,447661.186894,True
0.0,30,447705.234289,False
0.0,30,447753.441,False
0.0,30,447802.167883,False
2.4,30,447848.460116,True
2.5,30,447895.242289,True
2.1,30,447939.257517,True
2.7,30,447987.557592,True
2.2,30,448031.377745,True
0.0,30,448075.531281,False
1.8,30,448120.864034,True
2.4,30,448173.295763,True
0.0,30,448223.437442,False
2.7,30,448265.518716,True
0.0,30,448309.840424,False
2.9,30,448360.074442,True
0.0,30,448406.755507,False
0.0,30,448460.167497,False
1.3,30,448511.158712,True
0.0,30,448555.890659,False
1.6,30,448606.352699,True
0.0,30,448654.761662,False
0.0,30,448704.459414,False
2.9,30,448751.916544,True
0.0,30,448794.679792,False
2.6,30,449148.968989,True
2.9,30,449197.037767,True
2.9,30,449243.525656,True
0.0,30,449288.472702,False
2.6,30,449338.10245,True
0.0,30,449377.53814,False
0.0,30,449424.689308,False
0.0,30,449464.160346,False
0.0,30,449510.3398,False
2.1,30,449558.806601,True
2.7,30,449601.334454,True
0.0,30,449642.38648,False
2.6,30,449695.972795,True
0.0,30,449743.327722,False
0.0,30,449786.638118,False
2.7,30,449826.963994,True
0.0,30,449874.421534,False
2.1,30,449917.119561,True
0.0,30,449964.456287,False
0.0,30,450008.263037,False
2.6,30,450055.658867,True
2.4,30,450100.854244,True
0.0,30,450143.342303,False
2.5,30,450188.02932,True
0.0,30,450236.486491,False
2.9,30,450281.559862,True
2.7,30,450327.024461,True
2.8,30,450370.429314,True
1.6,30,450421.899042,True
0.0,30,450465.592236,False
1.0,30,450508.048764,True
2.9,30,450551.256927,True
0.0,30,450594.174453,False
2.2,30,450645.07793,True
0.0,30,450985.446703,False
2.7,30,451032.540988,True
2.5,30,451075.526649,True
0.0,30,451120.938535,False
0.0,30,451169.736142,False
0.0,30,451216.976111,False
0.0,30,451263.275479,False
0.0,30,451308.918746,False
2.1,30,451351.860106,True
0.0,30,451392.874003,False
2.4,30,451438.310517,True
0.0,30,451478.573757,False
2.5,30,451525.48014,True
0.0,30,451573.390914,False
0.0,30,451627.700298,False
0.0,30,451669.166312,False
2.7,30,451710.217146,True
0.0,30,451755.424657,False
2.7,30,451795.733616,True
0.0,30,451841.910462,False
0.0,30,451889.423541,False
0.7,30,451939.220979,False
2.3,30,451985.182086,True
2.3,30,452024.840568,True
2.7,30,452067.66823,True
0.0,30,452119.846791,False
0.0,30,452166.839812,False
2.6,30,452215.137349,True
0.0,30,452256.249414,False
2.5,30,452301.502908,True
2.6,30,452347.790297,True
2.9,30,452395.135988,True
0.0,30,452445.417443,False
2.3,30,452491.054541,True
2.6,30,452823.531891,True
0.0,30,452876.723707,False
2.7,30,452921.520587,True
0.0,30,452965.29261,False
2.2,30,453012.03815,True
0.0,30,453053.837111,False
0.0,30,453095.510674,False
2.6,30,453147.412524,True
0.0,30,453193.269035,False
2.3,30,453238.093507,True
2.8,30,453285.169417,True
0.0,30,453330.569368,False
2.9,30,453380.990522,True
2.4,30,453429.426819,True
2.5,30,453476.074013,True
0.0,30,453522.862306,False
2.5,30,453573.099751,True
0.0,30,453623.015424,False
0.0,30,453666.854814,False
2.8,30,453712.192808,True
0.0,30,453756.022725,False
0.0,30,453797.579986,False
0.0,30,453840.82953,False
2.2,30,453883.919553,True
1.0,30,453931.240141,True
2.7,30,453980.142313,True
2.7,30,454035.890761,True
2.7,30,454082.474393,True
2.4,30,454130.557355,True
0.0,30,454174.829577,False
2.5,30,454220.246375,True
2.5,30,454269.827039,True
2.6,30,454318.902832,True
2.9,30,454363.922059,True
0.0,30,454705.146067,False
2.6,30,454754.913785,True
0.0,30,454801.627012,False
2.7,30,454842.986814,True
0.0,30,454883.802314,False
0.0,30,454929.782137,False
2.5,30,454980.843421,True
0.0,30,455024.357351,False
0.0,30,455070.170787,False
1.2,30,455114.155105,False
2.6,30,455164.887414,True
0.0,30,455209.82737,False
2.5,30,455251.799606,True
2.2,30,455301.771452,True
2.7,30,455344.880956,True
2.4,30,455392.778949,True
0.0,30,455436.232541,False
2.4,30,455480.195105,True
1.7,30,455523.831057,True
0.0,30,455567.438907,False
0.0,30,455614.988209,False
0.0,30,455664.892386,False
2.9,30,455713.665017,True
2.8,30,455757.392754,True
0.0,30,455805.777612,False
0.0,30,455856.207053,False
0.7,30,455901.795191,True
2.2,30,455947.585596,True
0.0,30,455992.791964,False
2.8,30,456040.709996,True
2.4,30,456086.600735,True
0.0,30,456129.924357,False
0.0,30,456175.415418,False
2.6,30,456224.778676,True
0.0,30,456561.064649,False
0.0,30,456606.120229,False
0.0,30,456648.330649,False
0.0,30,456694.952087,False
0.0,30,456738.371826,False
0.0,30,456781.407094,False
2.4,30,456828.087035,True
0.0,30,456870.168457,False
0.0,30,456916.693573,False
0.0,30,456962.014688,False
2.8,30,457009.689477,True
0.0,30,457057.729324,False
0.0,30,457105.866351,False
0.0,30,457153.827323,False
2.7,30,457197.196591,True
0.0,30,457241.293385,False
0.0,30,457292.636075,False
0.0,30,457337.100101,False
3.0,30,457389.090311,True
0.0,30,457435.676682,False
0.0,30,457481.741567,False
0.0,30,457526.659499,False
0.0,30,457572.152726,False
3.0,30,457618.110579,True
0.0,30,457660.274469,False
0.0,30,457708.630954,False
0.0,30,457757.463057,False
0.0,30,457801.043044,False
2.8,30,457849.095626,True
0.0,30,457899.529611,False
2.3,30,457942.042826,True
0.0,30,457983.754733,False
0.0,30,458026.954453,False
0.0,30,458075.179995,False
2.6,30,458395.432307,True
0.0,30,458438.64179,False
2.8,30,458487.262332,True
0.0,30,458532.328688,False
2.8,30,458578.53105,True
0.0,30,458625.583663,False
1.1,30,458673.95855,True
2.7,30,458726.526761,True
0.0,30,458776.837171,False
2.8,30,458820.547355,True
0.0,30,458863.706533,False
0.0,30,458909.447693,False
0.0,30,458953.279985,False
0.0,30,458993.549526,False
0.0,30,459036.540872,False
0.0,30,459085.816223,False
0.0,30,459136.960507,False
0.0,30,459184.930947,False
0.0,30,459230.859355,False
0.0,30,459279.277844,False
2.3,30,459327.264987,True
0.0,30,459368.331338,False
0.0,30,459419.135011,False
2.8,30,459470.37316,True
2.6,30,459516.397139,True
0.0,30,459555.008261,False
0.0,30,459599.417331,False
0.0,30,459645.279537,False
0.0,30,459688.479847,False
0.0,30,459736.502025,False
3.0,30,459782.528932,True
2.7,30,459828.303538,True
0.0,30,459871.410452,False
2.6,30,459922.931699,True
2.7,30,459966.056964,True
0.0,30,460307.548246,False
2.7,30,460351.510376,True
0.0,30,460397.218888,False
0.0,30,460449.714696,False
0.0,30,460491.834433,False
0.0,30,460533.829179,False
0.0,30,460576.421191,False
2.5,30,460624.237532,True
2.3,30,460669.817083,True
2.7,30,460723.625832,True
2.9,30,460769.975133,True
1.9,30,460819.973009,True
0.0,30,460866.216619,False
2.4,30,460910.793479,True
0.0,30,460956.438476,False
2.1,30,461005.772733,True
0.0,30,461052.197644,False
2.8,30,461095.823593,True
0.0,30,461143.622451,False
2.5,30,461199.380908,True
0.0,30,461245.361279,False
2.5,30,461295.095744,True
0.0,30,461340.469053,False
2.5,30,461382.190937,True
0.0,30,461424.347084,False
0.0,30,461469.226243,False
0.9,30,461511.950492,True
3.0,30,461554.275905,True
0.0,30,461601.80971,False
2.1,30,461650.217422,True
2.7,30,461695.796827,True
0.0,30,461744.955444,False
0.0,30,461794.429371,False
1.6,30,461838.695852,True
2.2,30,462171.033021,True
2.7,30,462218.770293,True
2.9,30,462264.206488,True
2.2,30,462308.490108,True
2.8,30,462361.253166,True
0.0,30,462409.804703,False
2.6,30,462467.284964,True
3.0,30,462516.416111,True
2.6,30,462560.979871,True
0.0,30,462605.520577,False
1.4,30,462651.739303,False
2.0,30,462694.769248,True
0.0,30,462741.29908,False
0.0,30,462784.42093,False
0.0,30,462833.696429,False
2.2,30,462885.848543,True
2.4,30,462931.199974,True
2.3,30,462971.107833,True
2.3,30,463010.443177,True
2.7,30,463054.1852,True
2.6,30,463103.308969,True
2.8,30,463147.389869,True
2.5,30,463193.308127,True
0.0,30,463238.592027,False
0.0,30,463287.906236,False
0.0,30,463331.225231,False
0.0,30,463374.767115,False
2.6,30,463418.732024,True
3.0,30,463462.569094,True
0.6,30,463507.489136,True
0.0,30,463555.915308,False
2.8,30,463614.870657,True
0.0,30,463659.192228,False
2.7,30,463706.862209,True
2.7,30,464053.699744,True
2.9,30,464103.066531,True
2.1,30,464146.609244,True
3.0,30,464193.254133,True
0.0,30,464235.463721,False
0.0,30,464281.541745,False
0.0,30,464322.452875,False
0.0,30,464368.967836,False
0.0,30,464415.804702,False
0.0,30,464461.9202,False
0.0,30,464505.209941,False
2.8,30,464548.076029,True
0.0,30,464593.927899,False
3.0,30,464639.742219,True
0.0,30,464686.511619,False
2.5,30,464730.953492,True
0.0,30,464778.987928,False
1.6,30,464827.47283,True
2.8,30,464871.466016,True
0.0,30,464922.830894,False
0.0,30,464969.829495,False
2.7,30,465018.630125,True
3.0,30,465066.179111,True
0.0,30,465119.832884,False
2.7,30,465167.92931,True
0.0,30,465209.036588,False
0.0,30,465248.773067,False
0.0,30,465294.81569,False
2.6,30,465339.936201,True
2.7,30,465383.816392,True
0.0,30,465426.687777,False
0.0,30,465471.25683,False
2.5,30,465515.978462,True
2.8,30,465565.255733,True
2.4,30,465918.34542,True
1.6,30,465964.691574,True
2.4,30,466009.117668,True
2.9,30,466055.199439,True
2.4,30,466106.399425,True
2.2,30,466152.823246,False
3.0,30,466202.893771,True
0.0,30,466249.568986,False
2.5,30,466297.399102,True
0.0,30,466341.638058,False
2.8,30,466387.22234,True
0.0,30,466431.239702,False
0.0,30,466482.059741,False
2.5,30,466530.349478,True
0.0,30,466574.429792,False
0.0,30,466626.86112,False
0.0,30,466666.610941,False
2.3,30,466717.913431,True
0.3,30,466765.706549,False
0.0,30,466809.955639,False
2.6,30,466857.939191,True
2.3,30,466905.131646,True
0.0,30,466952.613128,False
2.8,30,466999.135647,True
2.7,30,467042.346133,True
1.6,30,467085.544331,True
0.0,30,467136.657186,False
0.0,30,467180.668035,False
0.0,30,467227.591622,False
2.1,30,467274.320515,True
2.3,30,467321.733587,True
2.7,30,467366.00518,True
2.3,30,467407.254271,True
2.5,30,467452.398958,True
0.0,30,467815.372232,False
2.3,30,467860.898801,True
1.9,30,467908.516699,True
2.3,30,467954.357474,True
0.0,30,468002.128996,False
0.0,30,468052.651952,False
0.0,30,468102.396258,False
0.0,30,468144.567162,False
1.8,30,468191.54566,True
2.6,30,468237.688483,True
0.0,30,468282.443628,False
2.9,30,468325.21195,True
0.0,30,468375.014236,False
2.5,30,468420.344479,True
0.8,30,468468.887933,True
0.0,30,468514.305745,False
0.0,30,468562.337184,False
2.9,30,468605.794753,True
2.3,30,468656.06568,True
0.0,30,468703.274411,False
2.8,30,468747.458025,True
0.0,30,468790.122358,False
1.8,30,468834.910769,True
3.0,30,468882.054232,True
2.3,30,468935.177108,True
2.5,30,468984.121958,True
2.8,30,469030.148013,True
3.0,30,469076.489114,True
2.5,30,469120.145579,True
2.7,30,469167.432796,True
2.7,30,469224.316208,True
2.7,30,469274.332759,True
2.9,30,469318.041652,True
2.4,30,469361.967982,True
0.0,30,469703.631188,False
0.0,30,469752.453464,False
2.1,30,469804.012831,True
2.2,30,469850.820839,True
2.5,30,469890.567396,True
0.0,30,469937.364934,False
0.0,30,469987.809262,False
0.0,30,470037.243485,False
0.0,30,470095.148133,False
2.5,30,470141.545416,True
0.0,30,470205.126309,False
0.0,30,470252.256876,False
0.0,30,470296.864686,False
2.1,30,470340.311685,True
2.9,30,470390.254434,True
2.7,30,470438.582739,True
0.0,30,470491.211895,False
0.0,30,470536.329566,False
2.8,30,470585.066483,True
0.0,30,470633.930492,False
0.0,30,470682.611642,False
0.0,30,470735.355973,False
0.0,30,470785.418755,False
0.0,30,470832.16152,False
0.0,30,470874.816338,False
2.5,30,470932.66338,True
2.2,30,470975.417203,True
2.8,30,471020.567087,True
2.9,30,471066.100864,True
0.0,30,471133.61623,False
0.0,30,471182.553392,False
2.2,30,471230.543721,True
2.4,30,471276.589308,True
2.1,30,471321.535178,True
1.8,30,471646.934421,True
0.0,30,471694.865126,False
0.0,30,471744.97522,False
2.8,30,471794.803214,True
2.5,30,471841.361585,True
0.0,30,471889.933411,False
0.6,30,471934.89752,True
0.0,30,471979.564396,False
2.7,30,472025.079218,True
2.4,30,472071.529065,True
2.4,30,472115.723402,True
1.5,30,472167.860483,True
2.9,30,472211.489114,True
0.0,30,472280.81508,False
0.0,30,472331.169416,False
2.0,30,472384.643981,True
2.3,30,472429.904871,True
0.0,30,472476.047922,False
2.4,30,472519.93312,True
0.0,30,472567.614675,False
0.0,30,472611.093964,False
2.0,30,472657.040917,True
2.6,30,472702.708698,True
0.0,30,472754.309335,False
0.0,30,472806.857803,False
0.0,30,472860.79339,False
2.8,30,472907.477722,True
2.1,30,472956.292993,True
2.2,30,473006.671489,True
2.7,30,473055.449647,True
0.0,30,473105.60937,False
0.0,30,473153.487884,False
0.0,30,473201.525841,False
0.0,30,473246.393093,False
2.5,30,473574.01342,True
2.6,30,473621.891229,True
0.0,30,473669.324024,False
0.0,30,473717.347663,False
0.0,30,473765.147486,False
0.0,30,473805.471711,False
2.7,30,473851.390843,True
2.3,30,473894.033467,False
2.4,30,473938.646466,True
2.2,30,473987.039928,True
2.5,30,474035.198501,True
2.3,30,474082.750858,True
2.6,30,474131.445603,True
2.0,30,474178.096579,True
0.0,30,474223.490706,False
2.3,30,474266.82681,True
0.0,30,474313.662755,False
2.8,30,474356.025693,True
0.0,30,474400.536114,False
0.0,30,474449.863378,False
2.7,30,474497.293704,True
0.0,30,474545.975723,False
1.5,30,474592.353117,False
0.0,30,474634.64556,False
0.0,30,474692.509964,False
2.8,30,474739.380976,True
0.0,30,474786.695832,False
2.4,30,474833.353226,True
0.0,30,474884.851811,False
2.8,30,474933.270632,True
2.3,30,474982.971329,True
0.0,30,475033.811937,False
2.3,30,475078.406884,True
0.0,30,475136.363088,False
0.0,30,475185.385355,False
0.0,30,475524.212252,False
2.5,30,475571.383612,True
2.7,30,475616.746729,True
2.2,30,475667.118036,True
0.0,30,475717.839211,False
0.0,30,475763.853231,False
1.4,30,475809.678948,True
0.0,30,475855.751913,False
2.2,30,475905.826711,True
2.4,30,475949.858277,True
0.3,30,475994.661711,True
2.7,30,476034.615084,True
2.0,30,476083.280762,True
0.0,30,476134.40277,False
0.0,30,476179.083997,False
2.5,30,476224.084035,True
0.0,30,476270.84156,False
0.0,30,476317.394907,False
0.0,30,476364.589764,False
2.5,30,476413.803326,True
2.4,30,476464.855053,True
0.0,30,476509.109022,False
0.0,30,476556.965298,False
2.9,30,476603.386469,True
2.2,30,476647.993186,True
2.1,30,476694.633543,True
2.6,30,476740.373797,True
0.0,30,476782.979229,False
0.0,30,476829.438622,False
0.0,30,476876.200248,False
3.0,30,476920.572805,True
0.0,30,476968.209305,False
0.0,30,477014.577884,False
2.8,30,477067.802759,True
2.2,30,477379.431933,True
3.0,30,477428.302618,True
2.4,30,477476.951221,True
2.9,30,477520.569918,True
0.0,30,477562.5585,False
0.0,30,477604.537904,False
0.0,30,477649.842895,False
2.7,30,477696.667678,True
2.7,30,477742.720313,True
0.0,30,477795.598633,False
2.7,30,477844.701474,True
2.4,30,477884.512907,True
2.5,30,477924.454982,True
0.0,30,477968.219049,False
0.0,30,478012.274954,False
2.9,30,478073.472165,True
1.2,30,478115.585978,True
3.0,30,478173.631762,True
2.5,30,478227.254499,True
2.9,30,478272.586223,True
3.0,30,478316.482939,True
2.4,30,478363.212513,True
0.0,30,478411.406763,False
2.8,30,478468.413148,True
2.9,30,478516.811038,True
0.0,30,478558.567227,False
1.7,30,478601.96551,False
0.0,30,478642.322547,False
0.0,30,478687.782687,False
0.0,30,478731.176721,False
0.0,30,478776.054131,False
0.0,30,478823.592888,False
2.4,30,478867.445041,True
0.0,30,478919.380593,False
2.6,30,479239.214546,True
2.8,30,479282.240023,True
0.0,30,479325.063332,False
0.0,30,479369.920781,False
1.6,30,479412.602778,True
2.1,30,479459.802905,True
2.5,30,479502.478226,True
2.4,30,479547.353485,False
2.1,30,479593.197158,True
2.8,30,479640.99491,True
0.0,30,479693.791172,False
2.9,30,479743.457266,True
2.6,30,479789.414485,True
0.0,30,479835.261787,False
2.7,30,479879.573114,True
2.7,30,479926.713629,True
1.7,30,479972.139385,False
0.0,30,480016.084354,False
2.6,30,480064.780282,True
2.4,30,480114.041554,True
0.0,30,480157.596471,False
2.0,30,480205.388596,True
2.3,30,480254.753882,True
2.5,30,480298.676468,True
2.7,30,480343.032574,True
0.0,30,480387.281072,False
0.0,30,480430.5222,False
2.8,30,480472.147298,True
2.8,30,480517.346403,True
2.5,30,480584.755167,True
0.0,30,480627.582661,False
0.0,30,480671.614688,False
2.7,30,480724.626302,True
0.0,30,480770.894117,False
0.5,30,481112.78835,False
2.6,30,481155.90944,True
0.0,30,481203.581893,False
0.0,30,481250.97097,False
0.0,30,481299.674981,False
0.0,30,481345.170932,False
1.3,30,481393.90882,True
2.5,30,481442.438114,True
2.7,30,481481.952544,True
2.8,30,481527.947442,True
0.0,30,481580.609673,False
0.0,30,481624.714151,False
0.0,30,481673.229222,False
2.8,30,481717.477615,True
0.0,30,481765.893886,False
2.6,30,481819.875944,True
0.0,30,481867.060479,False
2.0,30,481912.318005,True
1.9,30,481958.99094,True
2.3,30,482006.210197,True
2.5,30,482048.915391,True
0.0,30,482102.86067,False
0.0,30,482152.574992,False
2.4,30,482197.941134,True
0.0,30,482242.171587,False
2.8,30,482282.796101,True
3.0,30,482326.196595,True
2.5,30,482369.980153,True
2.2,30,482415.147201,True
0.0,30,482460.24512,False
2.6,30,482507.928902,True
0.0,30,482555.613573,False
1.8,30,482603.30576,True
3.0,30,482650.800305,True
0.0,30,482982.182032,False
0.0,30,483029.299685,False
0.0,30,483074.542565,False
0.7,30,483124.277045,True
1.4,30,483167.929197,False
0.0,30,483216.203125,False
0.0,30,483258.040502,False
0.0,30,483298.187125,False
0.0,30,483355.6083,False
0.0,30,483398.164737,False
0.8,30,483442.778294,True
2.3,30,483488.484403,True
0.0,30,483534.474998,False
0.0,30,483578.672362,False
2.7,30,483623.599342,True
0.0,30,483669.466832,False
0.0,30,483715.63602,False
0.0,30,483764.502202,False
0.0,30,483809.180538,False
0.0,30,483857.424123,False
3.0,30,483904.049863,True
0.0,30,483955.764186,False
2.6,30,483998.428923,True
2.4,30,484047.299245,True
0.0,30,484098.917881,False
0.0,30,484147.164073,False
2.5,30,484196.986678,True
2.2,30,484244.919199,True
0.0,30,484293.307182,False
2.6,30,484336.380245,True
0.0,30,484380.558169,False
1.4,30,484430.604628,True
0.0,30,484475.002124,False
0.0,30,484519.512409,False
2.7,30,484862.429373,True
2.9,30,484911.03484,True
0.0,30,484957.223851,False
0.0,30,485006.10421,False
0.0,30,485049.861416,False
2.9,30,485095.398789,True
0.3,30,485141.709782,True
2.8,30,485188.079126,True
0.0,30,485237.320695,False
0.0,30,485285.05852,False
0.0,30,485329.297366,False
2.2,30,485372.820726,True
2.4,30,485414.817448,True
0.0,30,485464.248352,False
2.6,30,485510.015571,True
0.0,30,485560.184277,False
0.0,30,485604.084054,False
1.5,30,485649.181725,True
0.0,30,485697.918125,False
2.6,30,485741.477196,True
2.3,30,485792.402502,True
2.4,30,485839.194122,True
0.0,30,485882.951711,False
0.0,30,485926.607373,False
0.0,30,485969.596206,False
3.0,30,486018.819688,True
2.7,30,486068.125886,True
0.0,30,486120.338464,False
2.6,30,486166.246093,True
2.9,30,486215.82541,False
2.5,30,486266.076737,True
0.0,30,486308.889599,False
2.8,30,486355.210772,True
2.8,30,486397.935392,True
2.8,30,486732.168382,True
0.0,30,486773.520772,False
2.8,30,486818.827876,True
0.0,30,486862.85445,False
2.6,30,486908.658153,True
3.0,30,486954.87008,True
2.6,30,487002.786178,True
2.7,30,487042.626123,True
0.0,30,487085.773126,False
0.0,30,487137.337939,False
0.0,30,487185.598945,False
0.0,30,487230.976216,False
2.7,30,487277.060869,True
0.0,30,487325.479135,False
2.4,30,487374.091956,True
2.7,30,487420.389061,True
0.0,30,487466.02447,False
2.7,30,487508.410426,True
2.5,30,487554.996466,True
3.0,30,487601.193133,True
2.7,30,487661.24842,True
1.9,30,487709.653228,True
0.0,30,487749.099087,False
0.0,30,487795.237389,False
2.6,30,487842.444584,True
0.0,30,487886.035402,False
0.0,30,487938.282906,False
2.7,30,487992.659374,True
0.4,30,488041.060369,True
2.7,30,488084.592275,True
0.0,30,488133.959405,False
0.0,30,488182.862369,False
2.3,30,488230.919399,True
2.8,30,488281.956966,True
3.0,30,488323.67086,True
0.1,30,488625.862207,True
0.0,30,488671.575185,False
0.0,30,488716.137916,False
0.0,30,488760.314898,False
2.8,30,488802.508609,True
0.0,30,488850.334015,False
2.7,30,488901.217383,True
2.3,30,488945.895368,True
0.0,30,488995.755262,False
0.0,30,489037.554328,False
2.9,30,489082.311676,True
2.7,30,489131.927975,True
2.4,30,489180.226162,True
0.0,30,489228.248359,False
2.9,30,489279.710453,True
0.6,30,489326.668262,False
2.6,30,489368.274088,True
2.6,30,489412.46605,False
0.0,30,489455.689738,False
2.2,30,489507.607298,True
2.7,30,489549.994742,True
1.5,30,489603.577041,True
0.0,30,489646.110333,False
3.0,30,489687.692697,True
2.7,30,489739.487656,True
2.6,30,489783.898776,True
2.8,30,489830.502774,True
0.0,30,489872.877038,False
2.8,30,489918.797455,True
2.9,30,489965.843306,True
0.0,30,490011.934358,False
2.4,30,490059.676828,True
2.8,30,490103.707251,True
0.0,30,490144.305491,False
2.7,30,490454.302507,True
2.6,30,490499.574493,True
0.0,30,490552.502075,False
0.0,30,490598.75098,False
2.7,30,490646.092396,True
2.5,30,490702.150578,True
2.5,30,490750.709766,True
0.0,30,490799.940077,False
0.0,30,490842.871026,False
2.5,30,490890.00541,True
0.0,30,490938.96901,False
0.0,30,490985.080149,False
0.0,30,491028.532422,False
0.0,30,491073.868983,False
2.5,30,491128.26292,True
3.0,30,491177.048736,True
2.5,30,491227.270523,True
0.0,30,491273.77042,False
1.7,30,491326.179278,True
1.4,30,491368.229074,True
0.0,30,491418.716481,False
0.0,30,491464.90028,False
3.0,30,491512.02231,True
2.5,30,491559.547112,True
0.0,30,491609.914191,False
0.0,30,491656.69684,False
2.9,30,491708.174296,True
0.0,30,491748.210852,False
2.7,30,491793.810898,True
0.0,30,491837.241134,False
2.0,30,491886.907395,True
2.8,30,491933.075045,True
0.0,30,491974.549189,False
2.8,30,492018.910856,True
0.0,30,492345.885071,False
2.8,30,492396.431277,True
0.0,30,492448.082564,False
2.6,30,492510.953011,True
0.6,30,492551.271574,True
0.0,30,492596.2926,False
2.3,30,492641.817032,True
2.2,30,492687.498225,True
0.0,30,492742.427409,False
0.0,30,492786.246274,False
3.0,30,492833.62001,True
3.0,30,492876.093746,True
0.0,30,492920.156838,False
2.7,30,492976.620144,True
0.0,30,493019.485449,False
1.0,30,493063.357303,True
0.0,30,493108.07136,False
2.2,30,493153.456198,True
0.0,30,493198.391885,False
2.2,30,493247.558611,False
2.4,30,493291.69006,True
3.0,30,493338.222434,True
2.6,30,493386.244314,True
0.0,30,493431.280194,False
2.8,30,493476.683958,True
0.0,30,493530.615217,False
2.7,30,493579.467617,True
3.0,30,493622.462902,True
2.6,30,493667.878984,True
0.0,30,493715.079592,False
0.0,30,493757.905026,False
0.0,30,493802.650424,False
2.3,30,493845.94938,True
2.7,30,493888.243773,True
2.7,30,494232.294498,True
2.8,30,494287.021067,True
1.0,30,494330.085176,True
2.7,30,494372.295463,True
2.6,30,494428.664155,True
0.0,30,494477.547129,False
3.0,30,494522.816013,True
0.0,30,494567.293941,False
2.6,30,494614.934907,True
2.1,30,494659.932624,True
0.0,30,494702.342349,False
2.6,30,494746.694674,True
2.3,30,494813.716781,True
2.7,30,494868.188838,True
2.5,30,494914.387102,True
2.8,30,494961.920067,True
0.0,30,495007.335011,False
2.6,30,495051.078493,True
2.7,30,495098.598017,True
0.0,30,495150.957048,False
2.5,30,495197.543998,True
2.9,30,495244.538509,True
0.0,30,495287.519675,False
0.0,30,495340.047392,False
2.1,30,495383.230919,True
2.7,30,495434.616849,True
2.3,30,495476.134904,True
2.7,30,495519.653817,True
0.0,30,495565.315827,False
0.0,30,495609.899143,False
2.7,30,495660.640859,True
0.0,30,495705.394246,False
2.8,30,495757.123509,True
2.6,30,495802.217512,True
3.0,30,496132.881834,True
0.0,30,496176.358935,False
0.0,30,496223.432635,False
3.0,30,496267.812637,True
0.0,30,496311.697686,False
0.0,30,496353.885451,False
0.0,30,496401.015429,False
0.0,30,496442.437967,False
2.8,30,496491.156261,True
2.7,30,496537.59922,True
0.0,30,496584.509653,False
2.8,30,496628.512898,True
0.0,30,496680.471982,False
0.0,30,496732.911911,False
0.0,30,496781.36271,False
0.0,30,496821.505508,False
2.5,30,496867.007674,True
2.7,30,496912.164335,True
2.9,30,496966.269893,True
0.0,30,497011.075085,False
0.0,30,497057.667637,False
2.8,30,497102.993871,True
0.0,30,497147.274687,False
0.0,30,497199.90398,False
0.0,30,497243.568458,False
0.0,30,497294.829216,False
0.0,30,497341.493141,False
2.9,30,497390.975838,True
0.0,30,497436.913258,False
3.0,30,497485.756092,True
2.5,30,497531.340589,True
2.9,30,497573.4731,True
1.8,30,497624.995397,True
0.0,30,497667.204319,False
0.0,30,497986.065284,False
2.0,30,498031.599683,True
0.0,30,498077.426741,False
2.7,30,498121.325583,True
0.0,30,498163.902175,False
2.9,30,498205.850014,True
0.0,30,498264.659713,False
2.0,30,498309.725215,False
3.0,30,498358.688179,True
2.4,30,498402.659195,False
2.3,30,498443.529294,True
0.0,30,498489.347381,False
2.1,30,498531.689196,True
0.0,30,498582.938447,False
2.6,30,498631.811096,True
2.0,30,498676.163605,True
2.7,30,498719.522778,True
0.0,30,498759.135968,False
2.7,30,498798.643132,True
0.0,30,498844.372152,False
0.0,30,498890.570713,False
0.0,30,498931.530777,False
2.5,30,498977.76768,True
0.0,30,499021.545671,False
0.0,30,499065.232099,False
0.0,30,499108.640936,False
0.0,30,499157.974383,False
2.6,30,499203.842402,True
0.0,30,499243.848843,False
2.6,30,499288.699536,True
1.7,30,499327.642316,False
2.6,30,499373.978723,True
0.0,30,499424.415304,False
2.4,30,499472.979337,True
0.0,30,499811.239313,False
0.0,30,499855.891821,False
0.0,30,499899.550127,False
0.0,30,499946.459153,False
2.6,30,500002.215889,True
0.0,30,500042.171319,False
1.3,30,500084.258251,True
2.8,30,500130.675928,True
2.4,30,500177.095865,True
0.0,30,500222.744189,False
0.0,30,500270.627745,False
0.0,30,500314.237149,False
0.0,30,500357.813748,False
0.0,30,500404.625023,False
0.0,30,500454.845382,False
2.6,30,500500.176066,True
0.0,30,500550.456894,False
0.0,30,500594.110308,False
2.7,30,500642.881428,True
0.0,30,500690.768883,False
2.6,30,500738.924675,True
2.7,30,500784.894954,True
0.0,30,500825.562012,False
2.7,30,500879.944503,True
2.5,30,500924.005295,True
0.0,30,500978.093976,False
1.9,30,501023.056773,True
2.8,30,501066.82096,True
2.8,30,501106.226259,True
1.8,30,501157.780752,True
0.0,30,501202.292099,False
0.0,30,501247.12236,False
2.8,30,501288.163472,True
0.0,30,501329.991054,False
0.0,30,501699.315986,False
0.0,30,501747.658489,False
0.0,30,501797.259053,False
2.5,30,501850.844626,True
0.0,30,501896.297649,False
0.0,30,501947.226991,False
2.6,30,501997.842535,True
2.0,30,502048.590053,True
2.6,30,502095.221222,True
2.7,30,502143.839066,True
0.0,30,502191.597454,False
2.5,30,502236.923204,True
0.0,30,502283.904666,False
0.0,30,502332.332379,False
2.9,30,502376.932297,True
0.0,30,502429.27909,False
0.0,30,502474.065968,False
0.0,30,502524.111863,False
3.0,30,502567.59252,True
0.0,30,502611.14983,False
0.8,30,502654.399544,True
2.7,30,502701.281263,True
2.6,30,502750.789285,True
2.8,30,502798.785226,True
3.0,30,502847.460197,True
2.1,30,502890.762696,True
0.0,30,502935.473987,False
2.8,30,502978.805931,True
0.0,30,503024.6975,False
2.7,30,503070.649766,True
0.0,30,503124.14692,False
0.0,30,503167.845504,False
0.0,30,503215.144154,False
0.0,30,503261.151135,False
0.0,30,503299.872752,False
0.0,30,503651.624241,False
0.0,30,503701.236802,False
0.0,30,503754.077308,False
2.5,30,503805.939498,True
2.8,30,503857.105182,True
0.0,30,503903.723375,False
0.0,30,503953.900696,False
0.0,30,503998.383953,False
0.0,30,504043.780392,False
2.0,30,504089.568715,True
2.8,30,504138.341222,True
2.7,30,504185.772542,True
2.3,30,504234.480982,True
0.0,30,504277.180994,False
0.0,30,504324.281343,False
0.0,30,504370.832518,False
2.9,30,504421.246395,True
0.0,30,504467.493072,False
2.8,30,504519.042249,True
0.0,30,504567.064145,False
2.8,30,504618.744357,True
2.4,30,504661.573087,True
2.5,30,504705.951678,True
2.7,30,504752.43563,True
3.0,30,504799.300725,True
0.0,30,504856.477151,False
2.8,30,504903.890474,True
0.0,30,504950.674205,False
2.6,30,504992.164021,True
0.0,30,505037.166076,False
0.0,30,505087.475944,False
3.0,30,505132.294179,True
2.4,30,505180.914485,True
0.0,30,505223.82149,False
0.0,30,505569.598363,False
1.9,30,505615.425408,True
0.0,30,505662.955177,False
2.3,30,505710.798614,True
2.8,30,505755.806908,True
2.1,30,505803.870506,True
2.7,30,505845.955585,True
0.6,30,505896.105948,True
0.0,30,505947.801027,False
0.0,30,505991.434778,False
0.0,30,506036.859422,False
0.0,30,506084.37485,False
1.7,30,506128.899709,True
0.0,30,506167.951589,False
2.7,30,506216.197876,True
2.1,30,506268.138273,True
0.0,30,506313.750658,False
0.0,30,506371.423309,False
0.0,30,506418.272196,False
2.6,30,506461.591605,True
1.5,30,506504.289895,True
0.0,30,506559.082777,False
0.0,30,506606.872185,False
0.0,30,506656.645082,False
2.3,30,506702.470531,True
2.5,30,506747.275382,True
0.0,30,506792.070349,False
2.8,30,506858.996711,True
2.5,30,506910.245041,True
2.8,30,506958.788584,True
2.8,30,507004.348835,True
0.0,30,507051.956344,False
0.0,30,507100.042048,False
2.4,30,507146.502778,True
2.4,30,507507.532235,True
0.0,30,507554.3187,False
0.0,30,507602.432152,False
2.4,30,507652.386242,True
0.0,30,507710.572239,False
2.3,30,507760.271059,True
2.8,30,507804.150643,True
2.7,30,507850.244941,True
2.0,30,507900.878189,True
0.0,30,507944.37947,False
2.6,30,507987.653184,True
2.8,30,508032.028425,True
2.4,30,508074.587469,True
2.6,30,508121.145101,True
0.6,30,508166.492959,True
2.4,30,508218.796266,True
0.0,30,508261.377912,False
2.2,30,508302.396302,True
2.6,30,508350.766614,True
2.8,30,508400.579034,True
2.6,30,508444.834507,True
2.5,30,508492.386356,True
0.8,30,508538.542136,True
2.6,30,508588.483235,True
2.7,30,508637.195055,True
2.2,30,508687.00797,True
1.2,30,508731.463923,True
2.4,30,508770.121881,True
0.0,30,508821.162454,False
2.8,30,508872.612607,True
0.0,30,508917.859381,False
0.0,30,508958.801574,False
0.0,30,509002.686361,False
3.0,30,509044.409292,True
3.0,30,509434.789914,True
0.0,30,509482.486321,False
0.5,30,509537.542131,True
0.0,30,509597.769656,False
0.0,30,509646.10647,False
0.0,30,509694.565418,False
2.6,30,509747.160654,True
1.7,30,509798.980442,True
0.0,30,509866.382884,False
0.0,30,509911.15188,False
0.0,30,509957.266295,False
2.3,30,510010.578971,True
0.0,30,510053.37688,False
2.7,30,510096.633936,True
3.0,30,510141.907224,True
2.4,30,510186.407048,True
2.6,30,510230.04773,True
0.0,30,510274.785592,False
0.0,30,510316.566447,False
2.9,30,510362.627855,True
0.0,30,510412.205331,False
0.0,30,510467.402094,False
0.0,30,510513.904663,False
2.2,30,510561.43295,True
0.0,30,510605.355475,False
0.0,30,510654.188765,False
0.0,30,510701.771934,False
0.0,30,510742.242886,False
0.0,30,510787.048522,False
0.0,30,510830.6444,False
2.6,30,510875.670276,True
0.0,30,510917.418779,False
2.0,30,510967.974693,True
0.0,30,511016.308133,False
0.0,30,511391.456698,False
0.3,30,511438.508756,False
0.0,30,511483.765803,False
2.9,30,511532.515408,True
2.5,30,511576.141442,True
0.0,30,511626.97701,False
2.6,30,511674.088343,True
2.0,30,511720.022301,True
0.0,30,511777.062029,False
0.0,30,511819.395512,False
2.7,30,511863.224227,True
2.3,30,511910.346945,True
0.0,30,511955.046388,False
0.0,30,512003.836444,False
0.0,30,512047.33767,False
2.9,30,512094.481846,True
2.5,30,512138.862501,True
2.9,30,512188.940742,True
2.7,30,512244.144552,True
0.9,30,512298.60831,False
2.7,30,512340.983238,True
2.8,30,512391.896989,True
1.8,30,512438.71384,True
0.2,30,512491.963885,True
3.0,30,512538.417054,True
0.0,30,512588.825554,False
1.3,30,512636.872764,True
0.0,30,512683.356939,False
0.0,30,512728.130505,False
2.0,30,512772.107806,True
0.0,30,512824.194814,False
0.0,30,512874.345762,False
3.0,30,512923.005288,True
2.3,30,512968.75209,True
2.7,30,513324.504516,True
0.0,30,513363.882323,False
2.7,30,513411.045176,True
1.8,30,513459.876322,True
2.8,30,513514.14993,True
3.0,30,513563.405461,True
0.0,30,513607.850891,False
0.0,30,513653.451935,False
2.8,30,513702.75072,True
0.0,30,513753.02323,False
0.3,30,513800.052421,True
2.9,30,513843.607295,True
2.3,30,513888.432753,True
0.0,30,513932.225957,False
0.0,30,513976.948467,False
2.5,30,514028.543161,True
2.6,30,514076.463694,True
3.0,30,514129.327355,True
2.2,30,514178.478956,True
0.0,30,514228.731456,False
2.4,30,514276.841519,True
0.0,30,514320.422195,False
0.0,30,514367.916534,False
2.4,30,514416.567384,True
2.8,30,514465.914541,True
0.6,30,514510.37231,True
2.7,30,514555.677822,True
2.7,30,514598.924013,True
0.0,30,514645.243078,False
1.6,30,514697.599037,True
0.0,30,514748.47721,False
0.0,30,514794.426036,False
2.6,30,514856.975182,True
2.2,30,514905.136766,True
0.0,30,515270.575651,False
0.0,30,515317.224938,False
0.0,30,515363.578996,False
0.0,30,515408.345608,False
2.5,30,515457.115109,True
2.7,30,515502.936219,True
0.3,30,515550.423091,False
0.0,30,515598.736463,False
0.0,30,515649.628269,False
2.8,30,515693.464608,True
2.7,30,515745.560866,True
1.5,30,515791.187156,False
2.4,30,515838.480645,True
0.0,30,515888.390239,False
2.5,30,515936.328047,True
2.2,30,515981.627187,True
0.0,30,516029.795147,False
2.6,30,516080.508512,True
0.0,30,516126.024239,False
2.7,30,516169.251621,True
0.0,30,516211.16984,False
0.0,30,516258.579118,False
0.0,30,516329.483993,False
0.0,30,516381.744345,False
2.7,30,516424.554022,True
2.7,30,516469.218551,True
0.0,30,516521.170482,False
2.5,30,516573.084295,True
2.3,30,516633.489978,True
0.4,30,516675.827632,True
0.0,30,516722.2513,False
0.0,30,516772.735641,False
0.0,30,516821.654055,False
0.0,30,516876.43361,False
2.2,30,516924.94297,False
0.0,30,517283.970797,False
0.0,30,517330.686378,False
1.3,30,517377.333934,True
2.5,30,517419.723314,True
0.0,30,517464.874769,False
0.0,30,517510.694541,False
0.0,30,517551.694917,False
0.0,30,517597.380732,False
2.8,30,517645.538764,True
0.0,30,517704.399633,False
0.0,30,517751.328664,False
0.0,30,517799.13437,False
2.3,30,517844.078486,True
0.0,30,517892.489282,False
0.0,30,517938.919458,False
1.7,30,517987.895036,True
0.0,30,518037.141295,False
0.0,30,518083.732634,False
2.5,30,518135.404609,True
2.0,30,518187.91485,True
2.7,30,518235.538773,True
2.8,30,518280.055933,True
0.0,30,518327.109936,False
0.0,30,518370.985654,False
2.6,30,518421.094716,True
0.0,30,518468.515714,False
2.3,30,518519.980187,True
2.7,30,518569.01103,True
2.7,30,518613.675308,True
0.0,30,518662.20478,False
1.7,30,518708.141875,True
2.8,30,518757.3002,True
0.0,30,518806.364227,False
2.8,30,518854.401267,True
2.1,30,519212.447954,True
0.0,30,519264.387407,False
0.0,30,519306.093659,False
0.0,30,519350.40115,False
0.0,30,519399.437803,False
2.8,30,519440.625764,True
3.0,30,519484.345609,True
2.5,30,519531.416468,True
2.9,30,519578.627448,True
3.0,30,519627.572359,True
2.7,30,519673.732039,True
2.8,30,519721.763307,True
0.0,30,519765.679851,False
1.4,30,519816.712895,True
0.0,30,519866.318349,False
0.0,30,519920.170553,False
2.5,30,519968.283246,True
0.0,30,520017.542105,False
0.0,30,520057.697587,False
0.0,30,520104.967674,False
2.8,30,520154.528669,True
2.6,30,520197.775971,True
0.0,30,520244.998668,False
3.0,30,520301.700996,True
2.3,30,520349.109295,True
0.0,30,520397.98319,False
1.7,30,520458.923634,True
0.0,30,520508.788617,False
0.0,30,520552.084401,False
2.9,30,520606.22647,True
2.8,30,520652.79691,True
2.7,30,520701.191475,True
0.0,30,520742.418247,False
0.0,30,520788.189352,False
0.0,30,521149.113952,False
0.8,30,521193.480851,True
0.0,30,521237.534971,False
0.0,30,521281.051799,False
2.5,30,521323.820722,True
2.4,30,521380.60813,True
0.0,30,521430.704815,False
0.0,30,521474.414944,False
0.0,30,521518.753184,False
0.0,30,521572.600088,False
2.3,30,521618.282455,True
0.0,30,521658.101233,False
0.7,30,521706.884162,True
0.0,30,521751.487006,False
0.0,30,521805.449688,False
0.0,30,521846.788701,False
2.0,30,521892.386008,True
2.5,30,521942.933689,True
2.5,30,521988.988208,True
2.5,30,522034.709405,True
0.0,30,522083.864635,False
2.6,30,522128.748302,True
0.0,30,522175.379513,False
2.9,30,522223.574315,True
2.5,30,522271.613824,True
2.5,30,522314.609417,True
2.5,30,522364.715157,True
0.0,30,522413.87077,False
0.0,30,522458.42846,False
0.0,30,522501.771211,False
2.4,30,522549.269624,True
0.0,30,522594.456329,False
2.4,30,522640.658487,True
2.6,30,522689.869992,True
2.4,30,523039.208374,True
0.0,30,523084.712355,False
0.0,30,523130.447985,False
0.0,30,523178.334622,False
0.0,30,523228.221322,False
0.0,30,523274.315056,False
2.6,30,523323.6601,True
2.8,30,523390.361175,True
2.8,30,523439.834938,True
0.0,30,523489.872774,False
0.0,30,523533.146977,False
2.4,30,523580.79871,True
2.7,30,523625.622023,True
0.0,30,523671.569182,False
1.8,30,523722.39233,True
0.0,30,523766.156429,False
0.0,30,523811.365179,False
0.0,30,523859.915779,False
2.9,30,523909.911351,True
2.9,30,523958.000535,True
0.0,30,524006.600554,False
0.0,30,524050.518453,False
2.2,30,524091.912538,True
3.0,30,524140.601695,True
0.0,30,524183.28387,False
0.0,30,524226.730312,False
2.5,30,524274.270998,True
0.0,30,524318.620018,False
2.3,30,524363.796808,True
1.8,30,524406.905185,True
1.4,30,524457.590161,True
2.6,30,524499.512179,True
2.6,30,524552.66221,True
1.2,30,524598.730572,True
3.0,30,524950.944386,True
2.8,30,524992.130556,True
1.9,30,525040.707273,True
2.6,30,525089.401955,True
0.0,30,525134.452856,False
0.0,30,525181.466402,False
2.8,30,525235.580153,True
0.0,30,525282.279673,False
2.8,30,525328.118509,True
0.0,30,525374.516399,False
2.8,30,525419.50003,True
0.0,30,525462.804077,False
0.0,30,525504.586168,False
0.0,30,525551.104956,False
0.0,30,525602.211581,False
2.6,30,525644.229092,True
0.0,30,525685.398446,False
0.0,30,525733.636261,False
0.0,30,525777.371957,False
0.0,30,525828.958769,False
0.0,30,525871.87744,False
0.0,30,525916.786898,False
0.0,30,525961.475541,False
2.8,30,526008.657746,True
0.0,30,526056.315126,False
0.0,30,526100.767013,False
2.4,30,526146.72872,True
2.7,30,526203.195546,True
2.3,30,526245.170437,True
2.8,30,526288.303048,True
0.0,30,526335.290928,False
0.0,30,526381.621016,False
0.8,30,526425.316978,True
0.0,30,526473.99935,False
2.1,30,526826.385806,True
0.0,30,526873.060123,False
0.0,30,526926.182925,False
0.0,30,526972.965904,False
0.0,30,527016.990883,False
0.0,30,527063.585381,False
0.0,30,527114.545464,False
2.8,30,527158.457715,True
0.0,30,527201.328029,False
0.0,30,527256.421483,False
0.0,30,527301.960776,False
2.5,30,527348.0801,True
2.4,30,527392.60071,True
2.8,30,527441.340609,True
0.0,30,527488.044554,False
3.0,30,527529.179762,True
2.4,30,527571.877301,True
3.0,30,527616.787358,True
0.0,30,527659.445812,False
2.5,30,527705.710567,True
0.0,30,527753.732376,False
0.0,30,527800.83934,False
0.0,30,527845.978988,False
0.0,30,527892.184562,False
2.0,30,527939.413894,True
0.0,30,527989.860369,False
0.0,30,528037.640543,False
2.7,30,528087.748377,True
0.0,30,528135.748949,False
2.2,30,528182.842545,True
2.6,30,528228.041718,True
0.0,30,528273.326453,False
0.0,30,528320.668815,False
0.0,30,528367.767236,False
0.0,30,528728.698671,False
2.8,30,528778.997767,True
0.0,30,528824.541932,False
0.0,30,528868.483691,False
2.8,30,528916.837041,True
2.7,30,528978.642656,True
2.4,30,529023.193991,True
0.0,30,529073.203702,False
0.0,30,529117.12764,False
0.3,30,529166.205925,True
2.7,30,529210.739305,True
2.7,30,529257.261405,True
0.0,30,529314.892141,False
0.0,30,529359.615919,False
2.5,30,529406.765306,True
0.0,30,529450.181656,False
3.0,30,529497.051626,True
0.0,30,529542.760762,False
2.4,30,529592.000098,True
0.0,30,529636.545968,False
2.5,30,529681.952798,True
2.7,30,529731.856733,True
2.1,30,529775.951998,True
0.0,30,529821.481247,False
0.0,30,529875.675668,False
2.8,30,529920.595747,True
0.0,30,529966.937486,False
3.0,30,530017.275946,True
2.4,30,530062.879343,True
0.0,30,530114.958729,False
2.4,30,530159.882188,True
2.5,30,530212.188087,True
0.0,30,530262.393954,False
0.5,30,530304.273233,True
2.3,30,530676.858057,True
0.0,30,530724.636361,False
0.0,30,530773.800967,False
0.0,30,530822.67854,False
0.0,30,530870.192464,False
0.0,30,530913.729407,False
0.0,30,530958.40995,False
0.0,30,531000.206239,False
2.6,30,531042.122258,True
0.0,30,531091.626982,False
2.8,30,531137.302752,True
2.9,30,531186.490231,True
2.9,30,531230.966306,True
0.4,30,531275.731953,False
0.0,30,531320.061886,False
0.0,30,531367.273976,False
0.2,30,531416.009426,True
0.0,30,531465.166014,False
0.0,30,531505.699119,False
2.8,30,531558.437308,True
0.0,30,531608.478065,False
0.0,30,531656.394812,False
0.0,30,531702.113348,False
0.0,30,531746.132784,False
0.0,30,531796.296618,False
2.8,30,531842.036874,True
2.6,30,531891.101165,True
0.0,30,531934.335833,False
0.0,30,531979.399699,False
0.0,30,532028.12185,False
1.9,30,532078.694484,True
2.9,30,532133.645564,True
2.9,30,532178.588182,True
2.4,30,532227.111942,True
2.9,30,532274.275783,True
2.6,30,532624.955269,True
0.0,30,532673.762982,False
0.0,30,532720.177864,False
2.7,30,532766.34814,True
2.4,30,532812.795855,True
0.0,30,532853.814881,False
2.4,30,532897.272136,True
0.0,30,532945.445009,False
0.0,30,532990.548259,False
2.2,30,533037.275257,True
0.0,30,533082.07608,False
2.6,30,533123.681687,True
1.8,30,533167.782306,True
0.0,30,533222.453151,False
2.3,30,533273.573462,True
3.0,30,533330.285654,True
0.0,30,533379.409854,False
2.5,30,533420.652798,True
0.0,30,533474.385796,False
2.7,30,533520.794209,True
2.6,30,533565.219304,True
0.0,30,533616.43527,False
2.7,30,533662.376956,True
0.0,30,533709.965195,False
2.7,30,533759.403899,True
0.0,30,533805.621752,False
3.0,30,533846.721027,True
2.6,30,533892.638613,True
2.8,30,533936.826574,True
0.2,30,533981.219268,True
0.0,30,534029.92421,False
0.0,30,534073.371954,False
0.0,30,534126.70664,False
2.9,30,534181.659064,True
0.0,30,534499.105279,False
0.0,30,534543.945532,False
2.4,30,534590.244997,True
2.2,30,534639.444444,True
0.0,30,534679.482017,False
2.7,30,534733.338816,True
0.4,30,534777.918356,False
2.3,30,534829.822393,True
0.0,30,534878.751435,False
0.0,30,534922.937812,False
2.5,30,534964.931168,True
2.3,30,535013.790601,True
2.4,30,535058.222319,True
2.2,30,535104.348053,True
0.0,30,535155.293652,False
0.0,30,535198.147692,False
2.8,30,535244.516536,True
0.0,30,535292.206337,False
2.8,30,535335.673692,True
2.5,30,535379.725887,True
1.7,30,535427.310262,True
0.0,30,535476.463471,False
0.0,30,535523.849276,False
0.0,30,535569.045726,False
0.0,30,535608.127737,False
0.0,30,535664.645082,False
0.0,30,535710.187773,False
2.5,30,535752.331073,True
0.0,30,535795.268999,False
2.6,30,535839.29055,True
2.6,30,535880.781659,True
2.5,30,535953.992501,True
2.0,30,536007.991179,True
0.0,30,536053.846568,False
1.9,30,536371.137496,True
2.8,30,536422.356682,True
0.0,30,536467.92651,False
2.4,30,536513.02721,True
2.4,30,536559.207653,True
2.2,30,536602.5142,True
1.9,30,536646.311472,True
0.0,30,536691.509839,False
2.6,30,536738.431134,True
2.8,30,536777.62447,True
0.5,30,536823.011281,True
0.0,30,536875.754353,False
0.0,30,536916.843551,False
0.0,30,536961.529269,False
0.0,30,537013.221257,False
0.0,30,537056.14041,False
2.4,30,537099.907933,True
0.0,30,537142.43184,False
0.0,30,537191.762198,False
0.0,30,537236.029654,False
0.0,30,537286.405814,False
2.8,30,537332.360505,True
3.0,30,537375.336102,True
2.6,30,537418.535707,True
0.0,30,537464.598294,False
0.0,30,537513.85407,False
0.0,30,537557.466436,False
2.3,30,537604.888273,True
0.0,30,537651.973266,False
2.3,30,537702.807751,True
2.7,30,537759.688971,True
2.7,30,537804.143121,True
0.0,30,537851.294774,False
2.4,30,537898.254473,True
0.1,30,538194.767199,True
0.0,30,538242.528321,False
0.0,30,538284.516424,False
0.0,30,538331.82955,False
0.0,30,538374.706928,False
0.0,30,538419.451404,False
2.3,30,538462.977296,True
2.3,30,538510.74357,True
3.0,30,538560.666847,True
0.0,30,538618.622859,False
0.0,30,538663.712595,False
1.1,30,538704.926446,True
0.0,30,538753.761177,False
2.8,30,538793.770473,True
1.3,30,538838.082076,True
0.0,30,538880.265119,False
0.0,30,538930.464908,False
0.0,30,538972.265547,False
2.0,30,539021.683858,True
1.9,30,539068.970639,False
1.5,30,539117.191269,True
2.5,30,539160.016793,True
0.0,30,539204.909811,False
0.0,30,539248.708919,False
0.0,30,539298.135525,False
1.0,30,539349.221921,True
2.6,30,539394.279455,True
2.6,30,539440.086712,True
0.0,30,539481.004719,False
0.0,30,539529.373457,False
2.3,30,539576.980989,True
2.5,30,539618.864707,True
0.0,30,539670.142938,False
0.0,30,539710.922133,False
2.5,30,540080.450958,True
2.7,30,540127.176379,True
2.5,30,540172.504208,True
2.8,30,540220.820373,True
0.0,30,540267.257369,False
2.7,30,540310.84049,True
2.8,30,540358.254561,True
2.5,30,540398.890558,True
0.0,30,540450.30298,False
2.1,30,540493.663674,True
2.9,30,540539.131164,True
2.8,30,540585.082721,True
3.0,30,540631.412282,True
0.0,30,540679.061728,False
0.0,30,540727.224566,False
2.4,30,540780.969752,True
0.0,30,540836.825531,False
2.4,30,540880.958712,True
2.6,30,540927.198623,True
0.0,30,540979.355878,False
0.0,30,541024.510782,False
2.5,30,541073.087906,True
3.0,30,541118.01647,True
0.0,30,541162.280741,False
1.9,30,541212.921669,True
2.3,30,541255.83141,True
0.0,30,541299.137478,False
0.0,30,541342.057402,False
2.7,30,541387.192773,True
3.0,30,541432.380037,True
0.0,30,541477.271432,False
0.0,30,541525.980081,False
0.0,30,541575.235755,False
1.9,30,541621.279967,True
1.4,30,541983.739776,True
0.0,30,542030.899463,False
0.0,30,542075.028424,False
0.0,30,542117.862893,False
2.9,30,542161.99664,True
0.0,30,542203.332129,False
0.0,30,542249.087379,False
2.5,30,542295.165733,True
0.0,30,542340.665955,False
1.7,30,542382.672046,True
0.0,30,542429.785968,False
0.0,30,542475.960881,False
0.0,30,542527.210483,False
2.6,30,542574.489115,True
2.3,30,542631.984207,True
2.3,30,542677.642245,True
0.0,30,542723.014446,False
2.7,30,542770.329147,True
2.9,30,542828.193559,True
0.0,30,542869.609159,False
1.5,30,542915.661996,True
0.0,30,542966.198845,False
0.0,30,543008.857884,False
2.3,30,543061.494197,True
0.0,30,543111.09019,False
0.0,30,543161.522467,False
0.0,30,543203.870578,False
0.0,30,543250.77953,False
0.0,30,543294.476202,False
2.3,30,543343.114709,True
2.6,30,543395.472831,True
3.0,30,543442.000525,True
2.6,30,543488.848431,True
2.4,30,543537.897386,True
0.0,30,543875.491814,False
2.7,30,543921.850018,True
0.0,30,543969.674647,False
2.4,30,544010.769714,True
2.4,30,544058.761971,True
0.0,30,544100.42618,False
0.0,30,544145.763436,False
2.4,30,544194.544537,True
2.6,30,544241.397588,True
2.7,30,544291.057211,True
0.0,30,544334.031338,False
2.7,30,544380.472545,True
0.0,30,544425.671333,False
0.0,30,544480.919678,False
2.7,30,544547.731897,True
0.0,30,544591.851297,False
2.2,30,544636.573719,True
1.9,30,544680.208793,True
0.0,30,544727.287005,False
2.8,30,544773.010061,True
2.6,30,544817.65217,True
0.0,30,544866.815461,False
0.0,30,544910.852912,False
0.0,30,544952.515936,False
2.4,30,544997.535031,True
0.0,30,545045.155713,False
1.9,30,545089.699931,True
2.5,30,545139.642751,True
0.0,30,545183.019972,False
2.6,30,545235.175206,True
0.0,30,545280.781966,False
2.9,30,545330.014734,True
2.0,30,545371.719749,True
0.0,30,545416.381922,False
0.0,30,545463.779601,False
2.0,30,545811.057602,True
2.4,30,545859.019089,True
0.1,30,545906.980336,True
0.8,30,545957.780373,True
2.8,30,546003.763218,True
0.0,30,546045.79742,False
2.8,30,546097.042552,True
0.0,30,546140.119938,False
2.5,30,546187.406246,True
3.0,30,546236.826309,True
1.0,30,546279.052606,True
1.7,30,546319.377583,True
0.0,30,546367.74325,False
2.5,30,546408.426649,True
0.0,30,546454.84285,False
2.7,30,546500.41298,True
1.6,30,546545.905688,True
1.1,30,546592.412106,True
0.0,30,546637.151453,False
2.2,30,546692.714436,True
0.0,30,546737.917582,False
2.6,30,546782.422879,True
0.0,30,546827.365948,False
2.5,30,546873.710602,True
0.0,30,546919.15137,False
0.0,30,546967.391626,False
2.1,30,547017.196192,True
2.7,30,547064.21345,True
2.6,30,547114.629884,True
2.7,30,547164.003205,True
0.0,30,547207.589677,False
2.4,30,547250.306155,True
2.0,30,547295.764693,True
0.0,30,547340.721406,False
0.0,30,547720.51233,False
1.7,30,547767.80433,True
2.1,30,547808.830133,True
0.0,30,547858.063898,False
2.7,30,547902.337222,True
0.0,30,547952.598701,False
2.4,30,547996.133305,True
0.0,30,548082.45894,False
0.0,30,548132.074845,False
3.0,30,548182.233957,True
2.4,30,548233.257023,True
2.1,30,548272.943197,True
0.0,30,548322.308175,False
2.6,30,548369.758359,True
2.3,30,548413.011144,True
0.0,30,548455.264944,False
0.0,30,548507.505384,False
0.0,30,548553.866775,False
2.7,30,548599.384403,True
2.5,30,548645.795723,True
0.4,30,548688.596248,True
0.0,30,548732.791337,False
2.4,30,548787.995244,True
0.0,30,548830.96691,False
0.0,30,548882.075066,False
3.0,30,548933.182285,True
2.7,30,548978.590322,True
2.9,30,549028.651749,True
0.0,30,549076.261459,False
1.5,30,549121.346102,True
0.0,30,549176.87003,False
0.0,30,549222.994828,False
0.6,30,549266.301439,True
2.2,30,549304.752734,True
0.0,30,549651.169038,False
2.4,30,549692.128028,True
0.0,30,549734.798627,False
2.7,30,549781.979731,True
1.6,30,549825.024283,True
0.0,30,549866.745814,False
2.9,30,549912.360734,True
0.0,30,549957.18637,False
2.7,30,549999.909947,True
3.0,30,550044.930272,True
0.0,30,550091.151931,False
2.8,30,550135.469337,True
2.4,30,550177.938442,True
2.9,30,550226.031005,True
2.8,30,550272.871963,True
0.0,30,550313.663495,False
2.7,30,550354.980287,True
2.7,30,550399.050654,True
2.4,30,550448.808369,True
0.0,30,550493.60548,False
0.0,30,550544.233034,False
0.0,30,550593.226471,False
0.0,30,550636.681096,False
2.5,30,550683.497642,True
0.2,30,550729.899198,True
0.0,30,550780.611663,False
2.2,30,550827.14567,True
0.0,30,550873.79507,False
3.0,30,550924.350396,True
1.5,30,550970.196012,True
0.0,30,551019.456351,False
3.0,30,551061.036058,True
0.0,30,551106.507437,False
0.0,30,551150.677249,False
0.0,30,551525.888587,False
0.0,30,551572.608574,False
0.0,30,551622.723916,False
0.0,30,551671.700287,False
2.4,30,551723.066924,True
2.5,30,551766.456977,True
2.9,30,551811.825351,True
0.4,30,551863.770796,True
3.0,30,551907.239993,True
2.2,30,551953.155144,True
0.0,30,551999.963473,False
2.6,30,552048.791935,True
0.0,30,552095.413081,False
2.6,30,552138.670147,True
0.0,30,552184.155828,False
2.8,30,552228.873851,True
0.1,30,552270.431121,True
2.6,30,552313.348539,True
2.8,30,552365.742881,True
0.0,30,552413.764008,False
2.5,30,552459.221317,True
0.0,30,552505.645856,False
2.6,30,552551.348407,True
2.7,30,552594.526064,True
2.5,30,552639.164811,True
2.6,30,552682.635613,True
2.9,30,552730.208021,True
2.7,30,552778.233256,True
0.0,30,552823.943461,False
1.3,30,552871.953133,False
0.0,30,552922.365129,False
0.0,30,552971.879323,False
2.7,30,553017.025051,True
1.9,30,553061.016479,True
2.7,30,553392.037696,True
2.5,30,553449.688559,True
1.9,30,553493.537451,True
0.0,30,553536.383582,False
0.0,30,553582.868612,False
2.9,30,553628.775804,True
2.7,30,553673.236339,True
0.0,30,553718.619763,False
0.0,30,553765.612749,False
2.8,30,553807.809136,True
0.0,30,553854.972228,False
2.7,30,553898.288952,True
2.4,30,553949.185092,True
0.0,30,553991.951106,False
0.0,30,554038.631852,False
2.7,30,554081.846884,True
0.0,30,554129.96267,False
0.0,30,554173.712769,False
0.0,30,554219.010791,False
2.6,30,554286.881061,True
0.0,30,554328.792495,False
0.7,30,554372.560304,True
2.3,30,554418.227082,True
2.5,30,554463.353345,True
2.5,30,554508.98775,True
0.0,30,554555.789051,False
2.8,30,554606.278287,True
0.0,30,554655.973802,False
0.0,30,554702.893838,False
0.0,30,554749.987699,False
0.0,30,554794.785683,False
1.6,30,554838.003729,True
2.8,30,554881.789045,True
0.0,30,554929.755882,False
0.0,30,555301.857899,False
0.0,30,555344.430196,False
0.1,30,555396.309667,False
0.0,30,555443.441006,False
2.9,30,555499.366266,True
0.0,30,555543.496995,False
0.0,30,555588.120132,False
0.0,30,555637.722233,False
2.5,30,555682.994133,True
0.1,30,555729.494906,True
2.5,30,555777.967701,True
3.0,30,555828.354363,True
0.0,30,555873.824553,False
2.6,30,555918.797694,True
2.1,30,555966.378933,True
0.0,30,556014.897957,False
0.0,30,556060.58764,False
0.0,30,556108.728861,False
0.0,30,556151.732343,False
1.6,30,556195.481518,False
0.0,30,556245.946641,False
2.6,30,556294.909679,True
0.0,30,556337.712692,False
0.0,30,556385.398647,False
2.3,30,556440.446593,True
2.3,30,556484.066904,True
2.8,30,556528.090625,True
2.4,30,556577.928277,True
2.7,30,556622.244093,True
2.7,30,556671.555624,True
2.9,30,556715.688124,True
0.0,30,556758.404428,False
1.7,30,556808.655691,True
0.0,30,556859.726733,False
2.0,30,557207.318023,True
0.0,30,557255.618359,False
2.3,30,557307.05658,True
0.0,30,557362.338492,False
2.9,30,557406.856103,True
2.9,30,557456.39816,True
2.8,30,557505.692615,True
2.8,30,557549.708485,True
1.8,30,557599.763951,True
2.9,30,557646.494394,True
1.2,30,557690.628241,True
1.7,30,557738.365145,True
2.1,30,557783.410652,True
2.7,30,557828.149706,True
0.0,30,557874.833114,False
0.0,30,557922.131374,False
2.8,30,557971.660856,True
0.0,30,558016.318091,False
2.3,30,558066.576824,True
2.7,30,558113.719291,True
0.0,30,558163.619922,False
0.0,30,558214.80821,False
0.0,30,558261.826045,False
2.5,30,558309.440006,True
2.4,30,558354.449035,True
0.0,30,558401.442783,False
2.6,30,558444.264864,True
0.3,30,558493.023023,True
2.8,30,558538.531232,True
2.4,30,558588.954688,True
2.3,30,558630.70599,True
2.7,30,558676.190252,True
0.0,30,558720.009803,False
0.0,30,558767.028723,False
2.8,30,559102.631637,True
2.5,30,559151.57461,True
0.0,30,559197.122189,False
0.0,30,559241.84702,False
0.0,30,559296.191207,False
2.7,30,559339.91879,True
2.5,30,559382.642843,True
1.3,30,559427.747037,True
2.4,30,559472.453618,True
2.7,30,559521.17602,True
2.8,30,559567.29622,True
0.0,30,559614.396249,False
0.0,30,559657.764083,False
0.0,30,559708.366885,False
2.5,30,559754.020491,True
2.3,30,559799.797724,True
2.6,30,559846.049414,True
0.0,30,559895.783252,False
0.0,30,559939.148092,False
2.8,30,559983.461044,True
0.0,30,560029.394338,False
2.9,30,560097.468495,True
2.5,30,560141.626319,True
3.0,30,560186.850195,True
2.5,30,560230.994663,True
0.0,30,560278.527002,False
0.0,30,560326.386725,False
2.6,30,560374.830913,True
2.5,30,560423.033965,True
2.9,30,560473.172584,True
0.0,30,560534.079662,False
0.0,30,560579.35485,False
2.9,30,560632.626328,True
0.0,30,560674.918638,False
2.6,30,560723.649654,True
0.0,30,561074.393107,False
0.0,30,561117.854232,False
0.9,30,561164.635951,True
2.6,30,561210.74426,True
2.2,30,561257.276392,True
0.0,30,561304.883907,False
2.7,30,561353.259867,True
0.0,30,561399.594674,False
1.8,30,561445.062853,True
0.0,30,561490.583383,False
3.0,30,561533.206057,True
2.3,30,561586.438003,True
2.8,30,561634.195044,True
0.6,30,561675.160142,False
0.0,30,561723.08963,False
1.7,30,561771.764205,True
1.4,30,561824.440673,True
2.9,30,561870.646415,True
0.0,30,561916.872263,False
0.0,30,561959.389263,False
0.0,30,562006.771978,False
0.0,30,562053.42304,False
2.9,30,562102.388774,True
0.0,30,562149.377342,False
0.0,30,562192.744561,False
2.9,30,562238.263558,True
0.0,30,562283.655793,False
2.0,30,562347.968453,False
0.0,30,562394.094401,False
0.0,30,562437.10298,False
2.5,30,562486.515783,True
2.7,30,562533.175695,True
0.0,30,562579.854665,False
2.6,30,562625.874507,True
0.1,30,562965.975062,False
2.4,30,563011.946004,True
0.0,30,563058.888263,False
0.0,30,563106.50686,False
0.0,30,563159.136914,False
1.9,30,563206.239278,True
0.0,30,563247.8023,False
0.0,30,563297.700082,False
0.0,30,563344.801512,False
0.0,30,563391.146153,False
2.1,30,563434.889047,True
0.0,30,563480.705436,False
1.4,30,563524.600865,False
2.3,30,563571.053185,True
0.0,30,563619.996584,False
3.0,30,563662.282557,True
2.4,30,563707.889195,True
0.0,30,563751.407804,False
2.6,30,563795.308074,True
0.0,30,563838.604112,False
2.2,30,563885.695172,True
0.0,30,563929.220856,False
0.0,30,563977.241928,False
0.0,30,564025.605946,False
2.4,30,564072.163656,True
0.0,30,564120.844167,False
0.0,30,564165.253089,False
0.0,30,564219.196978,False
1.9,30,564263.308585,True
3.0,30,564311.11024,True
2.6,30,564356.599199,True
2.5,30,564405.690059,False
0.0,30,564456.088126,False
0.0,30,564507.930792,False
0.0,30,564848.754494,False
2.7,30,564890.927939,True
2.5,30,564931.872045,True
2.6,30,564975.144622,True
2.2,30,565023.853286,True
0.0,30,565077.059899,False
2.8,30,565123.794801,True
0.0,30,565169.256076,False
0.0,30,565216.648457,False
0.0,30,565260.925059,False
2.5,30,565308.830948,True
0.0,30,565351.105217,False
0.2,30,565393.876368,False
2.6,30,565438.410168,True
2.3,30,565485.678443,True
2.8,30,565536.432301,True
0.0,30,565581.339797,False
0.0,30,565628.643463,False
3.0,30,565682.769508,True
0.0,30,565728.274574,False
2.7,30,565774.594443,True
2.7,30,565822.733517,True
0.0,30,565865.101128,False
1.8,30,565916.668295,True
1.7,30,565966.536506,True
2.7,30,566008.983233,True
0.0,30,566070.415601,False
0.0,30,566118.176697,False
0.0,30,566163.961996,False
2.1,30,566216.089247,True
3.0,30,566263.19242,True
1.2,30,566304.265986,True
0.0,30,566350.501863,False
0.0,30,566400.855464,False
2.7,30,566769.682007,True
2.6,30,566813.606201,True
2.7,30,566858.727307,True
2.4,30,566902.468955,True
2.1,30,566943.84128,False
0.0,30,566990.600383,False
0.0,30,567037.624414,False
0.0,30,567084.605105,False
2.7,30,567132.795747,True
0.0,30,567178.935957,False
1.8,30,567228.769394,True
1.6,30,567271.115177,True
1.1,30,567320.247852,True
0.0,30,567367.10573,False
0.0,30,567415.692352,False
0.6,30,567465.161734,False
2.8,30,567503.059663,True
0.0,30,567551.816751,False
2.5,30,567604.066056,True
2.0,30,567644.010086,False
0.0,30,567692.861895,False
0.0,30,567743.573933,False
0.0,30,567789.948866,False
2.7,30,567835.044824,True
0.0,30,567876.25755,False
0.0,30,567917.972908,False
1.7,30,567975.010111,True
0.0,30,568019.332996,False
1.3,30,568065.34552,True
0.0,30,568104.893728,False
0.1,30,568153.830211,True
2.4,30,568200.133405,True
0.0,30,568243.683928,False
2.3,30,568288.4441,True
2.5,30,568642.252703,False
0.0,30,568691.157039,False
2.4,30,568738.203149,True
0.0,30,568784.409539,False
0.0,30,568833.863424,False
3.0,30,568882.564356,True
0.0,30,568926.993222,False
2.6,30,568977.679287,True
0.3,30,569022.361177,True
2.3,30,569066.149903,True
0.0,30,569111.157755,False
0.0,30,569157.45281,False
2.4,30,569208.151368,True
0.0,30,569256.726789,False
2.4,30,569305.11013,True
0.0,30,569348.574376,False
2.5,30,569392.907582,True
0.0,30,569438.250094,False
0.0,30,569490.87939,False
0.0,30,569540.094808,False
2.8,30,569586.419354,True
0.0,30,569631.479357,False
2.7,30,569679.980689,True
2.5,30,569726.681881,True
0.0,30,569795.347048,False
2.4,30,569840.407783,True
0.0,30,569882.415672,False
3.0,30,569928.604957,True
2.8,30,569972.40769,True
0.4,30,570023.931249,True
0.0,30,570100.519263,False
0.0,30,570144.358932,False
2.7,30,570200.479011,True
0.0,30,570246.650752,False
0.0,30,570594.645689,False
0.0,30,570636.887161,False
2.5,30,570687.2899,True
0.0,30,570740.14423,False
0.0,30,570786.227838,False
0.0,30,570834.406802,False
2.5,30,570882.540811,True
2.0,30,570923.399174,True
0.0,30,570972.280599,False
0.0,30,571014.419378,False
0.0,30,571060.676848,False
2.6,30,571106.147301,True
2.5,30,571156.411544,True
2.5,30,571199.908005,True
0.0,30,571245.639466,False
2.8,30,571290.323423,True
2.0,30,571341.244311,True
0.0,30,571396.637225,False
2.9,30,571440.446525,True
3.0,30,571491.889595,True
0.0,30,571543.243368,False
2.7,30,571589.944174,True
2.9,30,571637.861223,True
1.6,30,571691.368989,True
0.0,30,571737.757445,False
1.5,30,571782.883714,True
0.0,30,571828.826137,False
0.0,30,571872.004584,False
2.6,30,571919.809135,True
2.2,30,571970.180785,True
2.8,30,572013.014724,True
0.0,30,572058.236398,False
0.0,30,572104.564595,False
0.0,30,572154.670797,False
1.8,30,572527.529995,True
0.0,30,572574.036309,False
0.0,30,572622.516062,False
2.0,30,572668.289787,True
2.9,30,572720.07793,True
0.0,30,572770.198412,False
2.6,30,572811.674355,True
2.4,30,572855.532211,True
2.3,30,572902.930971,True
2.7,30,572952.703641,True
0.0,30,573000.971536,False
2.7,30,573049.592968,True
2.2,30,573096.453821,True
2.8,30,573148.421129,True
2.7,30,573195.191473,True
0.0,30,573242.970765,False
0.0,30,573297.144454,False
0.0,30,573340.216386,False
0.0,30,573392.129403,False
2.5,30,573443.107196,True
0.0,30,573487.918051,False
0.0,30,573537.836187,False
0.0,30,573588.880272,False
0.0,30,573637.877697,False
2.7,30,573684.611872,True
0.0,30,573729.199738,False
2.3,30,573777.543901,True
0.0,30,573824.192706,False
0.0,30,573876.801402,False
2.7,30,573924.529932,True
2.5,30,573969.397134,True
0.0,30,574015.550687,False
0.0,30,574059.060788,False
2.4,30,574111.159107,True
2.7,30,574153.886371,True
0.0,30,574514.294649,False
2.3,30,574557.956228,True
0.0,30,574601.741354,False
2.9,30,574650.965148,True
0.0,30,574699.056215,False
2.5,30,574745.541342,True
0.0,30,574794.992567,False
1.7,30,574841.65098,True
0.0,30,574887.284924,False
2.8,30,574932.635099,True
0.0,30,574982.94285,False
0.0,30,575031.484355,False
2.8,30,575080.715446,True
2.8,30,575127.425889,True
2.4,30,575175.58152,True
2.7,30,575224.283801,True
0.0,30,575269.256203,False
2.8,30,575317.517891,True
0.0,30,575361.407771,False
2.5,30,575406.819306,True
0.0,30,575459.953211,False
2.2,30,575505.493515,True
2.3,30,575575.007699,True
2.6,30,575619.798585,True
0.0,30,575670.613725,False
0.0,30,575713.001658,False
0.0,30,575758.107645,False
0.0,30,575804.046908,False
1.3,30,575849.561049,True
0.0,30,575895.157018,False
0.0,30,575943.110275,False
0.0,30,575986.681291,False
2.5,30,576032.432254,True
0.0,30,576077.660303,False
2.5,30,576411.387853,True
0.0,30,576456.0401,False
0.0,30,576502.624504,False
2.7,30,576562.277404,True
2.0,30,576605.649368,True
3.0,30,576656.868556,True
2.1,30,576702.036461,True
2.4,30,576754.491568,True
2.2,30,576798.939585,True
0.0,30,576849.60428,False
0.0,30,576901.017205,False
1.7,30,576949.172426,True
2.6,30,577006.049018,True
0.0,30,577053.856639,False
0.3,30,577099.227105,False
2.3,30,577147.85058,True
2.7,30,577194.719342,True
2.8,30,577243.932474,True
0.0,30,577291.135283,False
2.7,30,577335.800957,True
2.4,30,577377.273394,True
2.6,30,577420.263816,True
0.0,30,577470.801198,False
2.4,30,577521.036709,True
0.0,30,577570.79768,False
0.0,30,577618.372719,False
1.8,30,577663.419111,True
0.0,30,577707.453666,False
0.0,30,577756.040784,False
2.6,30,577806.864369,True
2.8,30,577854.769535,True
2.4,30,577900.309738,True
0.8,30,577946.182619,True
0.0,30,577994.349615,False
2.3,30,578372.589705,True
0.0,30,578420.501421,False
2.6,30,578466.991373,True
0.0,30,578522.426283,False
0.0,30,578568.344395,False
2.4,30,578615.900973,True
2.6,30,578663.421599,True
2.8,30,578714.267158,True
2.7,30,578763.065693,True
2.8,30,578805.591697,True
3.0,30,578850.893915,True
0.0,30,578900.456344,False
0.0,30,578943.399511,False
2.4,30,578995.125405,True
0.0,30,579048.276395,False
2.4,30,579093.827407,True
2.4,30,579143.217829,True
2.5,30,579190.605057,True
2.7,30,579238.379731,False
2.6,30,579290.119585,True
2.8,30,579334.077138,True
0.0,30,579389.041068,False
2.4,30,579430.94829,True
0.0,30,579474.926574,False
1.3,30,579520.551491,True
3.0,30,579569.229483,True
2.7,30,579614.032604,True
1.5,30,579662.105448,True
2.7,30,579709.53095,True
3.0,30,579764.874822,True
2.0,30,579813.356055,True
0.0,30,579858.299881,False
2.4,30,579905.935235,True
0.0,30,579955.82247,False
0.0,30,580292.785978,False
0.0,30,580349.307375,False
0.0,30,580393.345925,False
2.7,30,580439.103809,True
2.8,30,580483.758324,True
2.0,30,580541.963937,True
2.5,30,580593.5523,True
0.0,30,580664.679051,False
0.0,30,580714.921115,False
2.7,30,580761.976206,True
0.0,30,580807.402391,False
0.5,30,580858.837232,False
3.0,30,580921.443048,True
2.4,30,580969.35336,True
2.7,30,581020.026025,True
0.0,30,581071.642488,False
0.0,30,581122.632506,False
0.0,30,581174.133285,False
2.6,30,581223.381735,True
0.0,30,581272.239965,False
0.0,30,581320.624874,False
2.5,30,581366.457707,True
2.8,30,581418.157274,True
0.0,30,581466.599896,False
0.0,30,581518.736758,False
0.0,30,581563.759174,False
2.9,30,581611.684168,True
2.1,30,581655.488267,True
2.9,30,581707.034463,True
1.4,30,581751.842891,True
2.6,30,581802.417901,True
2.7,30,581855.593966,True
2.8,30,581903.012967,True
2.5,30,581978.950021,True
3.0,30,582341.593032,True
2.8,30,582386.188738,True
2.4,30,582430.013335,True
0.0,30,582482.444127,False
0.0,30,582525.954791,False
3.0,30,582575.181122,True
0.0,30,582623.409538,False
2.5,30,582679.153275,True
0.0,30,582728.282969,False
0.0,30,582782.081382,False
2.5,30,582824.256396,True
0.0,30,582870.164587,False
2.2,30,582924.405082,True
2.6,30,582970.397498,True
0.0,30,583016.628747,False
0.0,30,583065.302117,False
0.0,30,583117.24087,False
0.0,30,583162.361965,False
0.0,30,583209.906662,False
0.5,30,583250.913687,True
2.7,30,583296.039233,True
0.0,30,583347.061269,False
0.0,30,583396.895072,False
0.0,30,583441.638019,False
3.0,30,583483.693658,True
2.6,30,583528.492444,True
0.0,30,583583.356099,False
2.1,30,583633.226059,True
0.0,30,583678.866958,False
2.9,30,583732.313621,True
2.6,30,583780.88583,True
0.8,30,583825.350262,False
2.6,30,583881.794899,True
2.8,30,583929.104467,True
