#{"t_start": 1770256119.8316524, "env_id": "FetchBridgeBullet7Blocks-v1"}
r,l,t,is_success
0.0,30,94.453164,False
0.0,30,156.632635,False
0.0,30,211.357457,False
0.0,30,272.988957,False
3.0,30,325.808097,True
0.0,30,386.11174,False
0.0,30,454.317675,False
0.0,30,499.611188,False
0.0,30,563.974078,False
0.0,30,629.093394,False
0.0,30,688.704607,False
0.0,30,752.881019,False
0.0,30,807.270844,False
0.0,30,863.310351,False
2.3,30,922.222761,True
2.2,30,984.750667,True
0.0,30,1047.406251,False
0.0,30,1108.509309,False
2.9,30,1178.939999,True
0.0,30,1253.90637,False
0.0,30,1325.919984,False
0.0,30,1379.297011,False
0.0,30,1438.698106,False
1.8,30,1499.807553,True
0.0,30,1567.401875,False
0.0,30,1631.227535,False
2.8,30,1695.411398,True
0.0,30,1759.269521,False
0.0,30,1821.865891,False
0.0,30,1890.092681,False
0.0,30,1961.889475,False
0.0,30,2030.476512,False
0.0,30,2096.210973,False
0.0,30,2149.574677,False
0.0,30,2559.945836,False
0.0,30,2617.800417,False
0.0,30,2680.919374,False
2.3,30,2744.129146,True
0.0,30,2802.005517,False
0.0,30,2865.920971,False
0.0,30,2926.157181,False
2.0,30,2988.734911,True
0.0,30,3056.227275,False
0.0,30,3125.875415,False
0.0,30,3188.885975,False
0.0,30,3249.510383,False
0.0,30,3316.522622,False
0.0,30,3373.479208,False
1.8,30,3441.046019,True
0.0,30,3500.916253,False
0.5,30,3566.225686,False
3.0,30,3628.370062,True
0.0,30,3686.91547,False
1.6,30,3742.283074,True
2.6,30,3804.478446,True
0.0,30,3863.926182,False
2.8,30,3927.295016,True
0.0,30,3986.98493,False
0.0,30,4038.904896,False
1.8,30,4090.808567,True
0.0,30,4154.726569,False
0.0,30,4212.605497,False
0.0,30,4277.103563,False
0.0,30,4339.075624,False
0.0,30,4409.234474,False
0.0,30,4464.9036,False
0.3,30,4521.287109,True
0.0,30,4580.86644,False
0.0,30,5060.482705,False
2.8,30,5121.594331,True
0.0,30,5170.049911,False
0.0,30,5223.441406,False
3.0,30,5291.496538,True
0.0,30,5354.016693,False
0.0,30,5415.177546,False
0.0,30,5474.713138,False
0.0,30,5529.881213,False
0.0,30,5580.385092,False
0.0,30,5638.191457,False
3.0,30,5706.021785,True
0.0,30,5760.423868,False
0.0,30,5821.229295,False
0.0,30,5875.883072,False
0.0,30,5933.257369,False
0.0,30,5988.591792,False
2.5,30,6050.563653,True
0.0,30,6102.186111,False
0.0,30,6159.081121,False
0.0,30,6224.655383,False
0.0,30,6286.054678,False
0.0,30,6351.168185,False
0.0,30,6406.255588,False
0.0,30,6461.967203,False
0.0,30,6524.866402,False
0.0,30,6589.676078,False
0.0,30,6643.795637,False
0.0,30,6697.737083,False
0.0,30,6758.736732,False
0.0,30,6833.007152,False
2.8,30,6886.258946,True
0.0,30,6942.371316,False
0.0,30,7007.178704,False
0.0,30,7427.16311,False
0.0,30,7483.569442,False
0.0,30,7545.199849,False
0.0,30,7604.859958,False
3.0,30,7651.586527,True
2.6,30,7696.703432,True
0.0,30,7753.620835,False
0.0,30,7814.248715,False
2.9,30,7862.363626,True
0.0,30,7930.960799,False
2.7,30,7988.467337,True
0.0,30,8050.209944,False
2.9,30,8109.141802,True
2.5,30,8162.392926,True
2.9,30,8223.979227,True
0.0,30,8273.69756,False
0.0,30,8336.813136,False
0.0,30,8391.929303,False
3.0,30,8454.002294,True
3.0,30,8517.233152,True
0.0,30,8572.74875,False
2.5,30,8632.858859,True
3.0,30,8691.267421,True
0.0,30,8745.123034,False
0.0,30,8806.039502,False
2.9,30,8862.008178,True
1.5,30,8923.208219,True
0.0,30,8978.635388,False
0.0,30,9049.163857,False
3.0,30,9101.788543,True
2.8,30,9173.080467,True
0.0,30,9239.488816,False
1.2,30,9285.047168,True
0.0,30,9342.785466,False
0.6,30,9721.67485,False
0.0,30,9783.540564,False
0.0,30,9847.83426,False
3.0,30,9906.797094,True
0.0,30,9968.205121,False
2.3,30,10026.278586,True
0.0,30,10098.243141,False
0.0,30,10154.387445,False
0.0,30,10205.611205,False
0.0,30,10263.942595,False
0.0,30,10325.53108,False
0.0,30,10394.376721,False
0.0,30,10452.342554,False
0.0,30,10522.125725,False
0.0,30,10591.693861,False
0.0,30,10654.9418,False
3.0,30,10721.529828,True
0.0,30,10773.288646,False
2.8,30,10836.272305,True
1.2,30,10896.467036,True
0.0,30,10954.505823,False
0.0,30,11015.821222,False
2.7,30,11077.20743,True
0.0,30,11139.516556,False
0.0,30,11199.05091,False
0.0,30,11259.976874,False
3.0,30,11313.090255,True
0.0,30,11365.902443,False
0.0,30,11424.723116,False
0.0,30,11480.812818,False
0.0,30,11542.465818,False
0.0,30,11605.474842,False
0.0,30,11660.080253,False
0.0,30,11712.41743,False
0.0,30,12127.489782,False
0.0,30,12190.488204,False
0.0,30,12255.792044,False
2.9,30,12304.143417,True
0.0,30,12364.3356,False
0.0,30,12418.673466,False
0.0,30,12490.057932,False
2.0,30,12551.355598,True
0.8,30,12607.612669,True
2.7,30,12668.950835,True
0.0,30,12725.410727,False
0.0,30,12776.478905,False
2.1,30,12835.05139,True
0.0,30,12888.878463,False
2.3,30,12948.990258,True
0.0,30,13011.243664,False
0.0,30,13073.53883,False
0.0,30,13129.015769,False
0.0,30,13179.853154,False
0.0,30,13235.756917,False
0.0,30,13286.937715,False
0.0,30,13351.36557,False
0.0,30,13411.841782,False
0.0,30,13464.423026,False
0.0,30,13528.646787,False
0.0,30,13585.501505,False
2.1,30,13644.367748,True
0.0,30,13699.302146,False
3.0,30,13764.096428,True
0.0,30,13829.007387,False
0.0,30,13887.933412,False
0.0,30,13948.513837,False
0.0,30,14009.482791,False
0.0,30,14063.458523,False
0.0,30,14475.18936,False
0.0,30,14532.199553,False
0.0,30,14595.886217,False
0.0,30,14662.35919,False
0.0,30,14710.276987,False
0.0,30,14761.293143,False
2.5,30,14811.102433,True
0.0,30,14864.368023,False
0.2,30,14922.625875,True
2.8,30,14979.219567,True
0.0,30,15038.43344,False
0.0,30,15074.828156,False
0.0,30,15130.908395,False
0.0,30,15181.96632,False
2.5,30,15237.116425,True
0.0,30,15296.456904,False
0.0,30,15347.332813,False
0.0,30,15400.926141,False
0.0,30,15457.3689,False
0.0,30,15503.642772,False
0.0,30,15555.904846,False
0.0,30,15611.712523,False
2.4,30,15674.898211,True
1.3,30,15734.742996,True
0.0,30,15796.808539,False
0.0,30,15853.315875,False
0.0,30,15909.781547,False
0.0,30,15968.627145,False
0.0,30,16028.0292,False
0.0,30,16077.969441,False
0.1,30,16139.803,True
0.0,30,16191.822649,False
0.0,30,16255.562568,False
2.9,30,16315.482351,True
1.3,30,16739.477002,True
2.8,30,16793.231026,True
0.0,30,16854.575931,False
1.5,30,16915.831627,True
0.0,30,16969.683587,False
0.0,30,17022.857308,False
0.7,30,17079.194046,True
2.3,30,17137.715171,True
0.0,30,17198.836558,False
0.0,30,17261.067589,False
1.0,30,17322.221729,True
0.0,30,17369.615286,False
0.0,30,17422.172471,False
0.0,30,17474.130411,False
0.0,30,17532.264405,False
0.0,30,17586.028075,False
0.0,30,17657.719271,False
2.1,30,17719.29348,True
0.0,30,17780.427388,False
0.0,30,17838.138273,False
3.0,30,17889.528032,True
2.7,30,17941.385976,True
2.8,30,18001.435711,True
0.0,30,18061.83069,False
0.3,30,18123.842627,True
0.0,30,18190.494694,False
2.1,30,18239.70762,True
2.8,30,18297.538809,True
2.9,30,18357.699189,True
2.8,30,18415.089466,True
3.0,30,18476.432825,True
0.0,30,18537.412059,False
0.0,30,18590.761666,False
2.2,30,18641.967541,True
3.0,30,18710.455796,True
0.0,30,19083.757202,False
1.6,30,19137.943369,True
2.4,30,19197.469492,True
2.8,30,19249.231319,True
2.4,30,19308.461223,True
0.0,30,19363.845107,False
3.0,30,19416.814397,True
2.7,30,19470.178109,True
0.0,30,19527.288138,False
0.0,30,19576.889913,False
0.7,30,19637.045335,True
3.0,30,19702.840631,True
0.0,30,19758.822947,False
2.7,30,19807.310458,True
0.0,30,19876.768956,False
2.9,30,19935.505314,True
0.0,30,19993.174118,False
0.0,30,20044.795055,False
0.0,30,20097.000921,False
0.0,30,20158.989999,False
0.0,30,20212.898103,False
0.0,30,20275.011093,False
0.0,30,20327.416836,False
0.0,30,20384.98015,False
0.0,30,20438.260251,False
2.8,30,20501.574404,True
0.0,30,20556.662677,False
1.6,30,20612.432059,True
0.0,30,20667.457217,False
3.0,30,20721.24293,True
2.8,30,20774.41158,True
2.6,30,20822.535431,True
0.0,30,20878.65845,False
0.0,30,20938.026061,False
0.0,30,21297.883549,False
0.0,30,21354.575496,False
0.0,30,21415.362648,False
2.8,30,21471.285916,True
0.0,30,21531.879293,False
0.0,30,21588.259259,False
0.0,30,21646.078625,False
0.0,30,21707.034752,False
0.0,30,21769.920373,False
0.0,30,21823.5045,False
0.7,30,21880.287657,True
0.0,30,21937.726505,False
0.0,30,21989.890336,False
0.0,30,22048.029313,False
0.0,30,22102.370963,False
0.0,30,22162.774623,False
3.0,30,22216.45388,True
0.0,30,22275.35711,False
2.5,30,22326.464314,True
0.0,30,22391.769415,False
2.2,30,22447.416846,True
0.0,30,22507.285969,False
0.0,30,22562.658646,False
0.0,30,22608.251275,False
0.0,30,22666.606284,False
2.6,30,22729.044738,True
2.4,30,22789.592747,True
0.0,30,22851.969057,False
0.0,30,22908.947476,False
0.0,30,22964.47644,False
1.4,30,23020.124514,True
0.0,30,23079.969971,False
2.9,30,23135.003843,True
1.8,30,23185.019753,True
0.0,30,23600.012465,False
2.8,30,23660.250383,True
3.0,30,23715.99084,True
2.5,30,23775.9488,True
0.0,30,23828.170289,False
0.0,30,23881.300658,False
0.0,30,23940.711065,False
0.0,30,23995.544443,False
1.8,30,24055.226022,True
2.8,30,24106.900579,True
0.0,30,24165.224782,False
2.7,30,24217.990062,True
0.0,30,24270.284813,False
0.0,30,24325.50741,False
2.9,30,24383.407872,True
3.0,30,24433.218948,True
2.8,30,24490.653826,True
0.0,30,24546.958759,False
2.8,30,24602.7001,True
0.0,30,24658.623486,False
0.0,30,24716.064373,False
2.6,30,24783.382669,True
0.0,30,24838.215575,False
0.0,30,24890.498459,False
0.0,30,24955.163453,False
2.8,30,25008.547908,True
0.0,30,25070.298067,False
0.0,30,25124.240669,False
0.0,30,25181.908954,False
0.0,30,25239.718071,False
0.0,30,25296.11405,False
0.0,30,25348.359059,False
2.6,30,25407.613924,True
0.0,30,25463.391466,False
0.0,30,25833.237324,False
0.0,30,25891.566469,False
2.6,30,25947.967046,True
0.0,30,26011.675407,False
0.0,30,26065.385147,False
0.6,30,26119.007545,True
2.8,30,26193.155908,True
0.0,30,26257.772535,False
0.0,30,26307.066099,False
0.0,30,26355.238526,False
2.6,30,26409.290839,True
2.4,30,26493.721559,True
3.0,30,26555.69295,True
0.0,30,26609.077596,False
0.0,30,26659.74062,False
0.0,30,26724.068575,False
2.0,30,26783.764023,True
0.0,30,26845.143709,False
0.0,30,26899.445877,False
0.0,30,26963.57692,False
2.4,30,27024.98397,True
0.0,30,27080.47107,False
0.0,30,27136.833916,False
2.9,30,27195.138419,True
0.0,30,27255.181101,False
3.0,30,27310.814681,True
0.0,30,27368.980972,False
1.8,30,27422.766671,True
0.0,30,27472.288536,False
2.5,30,27550.155529,True
2.7,30,27607.406837,True
2.5,30,27666.239141,True
2.8,30,27716.865921,True
0.0,30,27781.378653,False
2.1,30,28133.507236,True
0.0,30,28184.07079,False
2.3,30,28240.147526,True
0.0,30,28302.623262,False
1.1,30,28389.026332,True
2.8,30,28452.816722,True
1.9,30,28509.361658,True
0.0,30,28575.930745,False
2.9,30,28640.362095,True
0.9,30,28696.491256,True
2.7,30,28752.497507,True
0.0,30,28825.238087,False
3.0,30,28879.397184,True
0.0,30,28934.511792,False
2.7,30,28990.031677,True
2.7,30,29050.463921,True
0.0,30,29109.630276,False
0.0,30,29159.321849,False
2.9,30,29218.235098,True
0.0,30,29285.55584,False
2.6,30,29340.302852,True
2.4,30,29398.855473,True
2.7,30,29465.158126,True
2.8,30,29515.295895,True
0.0,30,29565.870911,False
0.0,30,29622.261283,False
2.7,30,29676.6194,True
2.9,30,29728.056123,True
0.0,30,29787.64224,False
0.0,30,29843.250556,False
0.0,30,29905.547676,False
2.8,30,29963.351115,True
0.0,30,30015.958508,False
2.8,30,30069.660135,True
0.0,30,30424.386154,False
2.8,30,30478.397456,True
3.0,30,30536.154845,True
0.0,30,30595.612161,False
2.6,30,30657.912954,True
3.0,30,30720.366135,True
0.0,30,30774.745376,False
0.0,30,30833.203107,False
0.0,30,30895.830063,False
2.6,30,30958.822781,True
2.4,30,31026.330512,True
0.0,30,31081.586021,False
0.0,30,31139.700695,False
2.6,30,31198.06488,True
2.1,30,31253.245884,False
2.5,30,31321.035132,True
0.0,30,31384.467795,False
0.0,30,31442.276442,False
3.0,30,31501.525142,True
2.9,30,31562.228388,True
0.0,30,31622.60952,False
0.0,30,31685.646207,False
2.9,30,31746.984104,True
2.9,30,31799.546223,True
2.9,30,31868.189128,True
0.0,30,31920.418899,False
2.6,30,31971.167587,True
0.0,30,32028.424433,False
0.0,30,32079.243786,False
1.9,30,32132.223917,True
0.0,30,32192.706221,False
3.0,30,32249.583199,True
0.0,30,32306.737371,False
0.0,30,32365.537408,False
2.8,30,32706.523004,True
3.0,30,32771.337721,True
0.0,30,32828.797991,False
1.8,30,32883.128071,True
0.0,30,32951.509037,False
1.8,30,33012.843301,True
0.0,30,33074.723164,False
2.5,30,33126.255017,True
0.0,30,33185.146614,False
0.0,30,33247.18192,False
0.0,30,33302.533944,False
2.3,30,33354.57968,True
2.4,30,33419.117337,True
0.0,30,33475.00493,False
0.0,30,33536.926487,False
0.0,30,33599.660248,False
0.0,30,33666.080421,False
2.8,30,33725.662633,True
0.0,30,33784.688514,False
0.0,30,33836.795397,False
0.0,30,33893.413656,False
2.7,30,33954.99164,True
2.6,30,34008.470468,True
0.0,30,34063.962125,False
2.8,30,34119.313113,True
0.0,30,34174.698568,False
0.0,30,34240.315661,False
0.0,30,34299.307056,False
0.0,30,34357.858558,False
0.0,30,34414.914264,False
0.0,30,34477.793036,False
2.8,30,34541.459567,True
0.0,30,34595.140905,False
0.0,30,34651.432117,False
2.6,30,34712.867089,True
2.7,30,35084.87442,True
0.0,30,35157.50048,False
2.6,30,35212.097656,True
0.0,30,35268.263823,False
1.5,30,35329.602861,True
2.5,30,35383.822937,True
0.0,30,35448.494649,False
2.6,30,35507.564753,True
2.1,30,35562.914246,True
2.6,30,35630.21361,True
2.8,30,35695.393378,True
3.0,30,35746.106334,True
0.0,30,35805.523045,False
0.0,30,35860.263789,False
2.8,30,35919.508483,True
0.9,30,35973.427651,True
2.7,30,36029.798299,True
0.0,30,36091.876993,False
2.7,30,36154.960869,True
0.0,30,36209.251664,False
0.0,30,36271.206702,False
0.0,30,36328.581664,False
2.7,30,36395.768425,True
0.0,30,36455.653699,False
0.0,30,36512.102457,False
2.6,30,36574.858554,True
0.0,30,36638.175435,False
0.0,30,36704.745354,False
0.0,30,36759.322034,False
1.0,30,36815.572592,True
0.0,30,36871.990404,False
2.7,30,36931.022182,True
0.0,30,37001.148695,False
2.8,30,37057.674351,True
2.6,30,37435.17169,True
0.0,30,37495.256496,False
0.0,30,37561.202172,False
0.0,30,37621.69221,False
2.9,30,37674.350641,True
2.7,30,37732.252648,True
0.0,30,37795.506073,False
0.0,30,37844.688866,False
2.8,30,37897.943493,True
2.7,30,37963.064971,True
0.0,30,38020.299009,False
3.0,30,38081.884967,True
2.8,30,38140.039361,True
0.0,30,38207.200103,False
2.7,30,38263.956389,True
2.5,30,38321.136018,True
3.0,30,38389.963403,True
0.0,30,38447.577873,False
2.4,30,38509.423238,True
3.0,30,38570.696822,True
0.0,30,38630.095598,False
2.6,30,38685.898623,True
0.0,30,38745.065374,False
2.7,30,38805.066944,True
0.0,30,38881.381288,False
2.4,30,38942.334028,True
1.8,30,39007.385143,True
0.0,30,39081.19923,False
3.0,30,39152.449747,True
0.0,30,39216.850024,False
2.5,30,39276.253619,True
0.0,30,39339.570713,False
0.0,30,39405.250469,False
2.6,30,39461.89763,True
0.0,30,39866.689016,False
2.8,30,39929.80222,True
2.1,30,39991.56033,True
2.2,30,40047.951799,True
0.0,30,40106.64047,False
0.0,30,40176.452479,False
2.7,30,40235.352755,True
0.0,30,40296.48895,False
0.0,30,40357.790113,False
0.0,30,40417.818728,False
0.0,30,40486.623907,False
2.2,30,40545.906504,True
0.0,30,40607.711524,False
2.7,30,40673.392846,True
0.0,30,40730.065291,False
2.4,30,40790.114555,True
0.0,30,40845.847203,False
1.5,30,40925.60055,True
0.0,30,40982.164979,False
3.0,30,41044.472033,True
0.0,30,41106.48916,False
2.4,30,41165.383332,True
2.7,30,41223.042093,True
0.0,30,41285.142801,False
2.5,30,41344.541653,True
2.3,30,41399.866506,True
0.0,30,41465.24847,False
0.0,30,41512.179942,False
0.6,30,41565.515587,True
2.9,30,41625.909855,True
2.6,30,41686.010788,True
2.7,30,41743.568714,True
2.5,30,41807.728884,True
0.0,30,41872.625713,False
0.0,30,42286.086612,False
2.3,30,42351.674021,True
2.7,30,42414.248037,True
0.0,30,42477.962885,False
0.5,30,42537.102193,True
0.0,30,42608.255198,False
3.0,30,42678.403794,True
3.0,30,42743.877748,True
0.0,30,42802.024564,False
2.7,30,42861.644476,True
0.0,30,42941.681016,False
2.7,30,43008.580077,True
0.0,30,43069.596094,False
2.4,30,43134.785964,True
0.0,30,43193.832008,False
0.0,30,43250.487339,False
0.0,30,43311.224979,False
2.2,30,43380.365769,True
2.5,30,43428.482576,True
0.0,30,43485.134986,False
2.3,30,43548.755883,True
0.0,30,43607.493174,False
2.2,30,43667.435636,True
2.8,30,43723.343065,True
1.7,30,43779.286916,True
0.0,30,43842.933757,False
0.0,30,43898.925086,False
0.0,30,43963.221303,False
0.0,30,44031.149699,False
0.5,30,44095.572557,True
2.5,30,44160.5786,True
0.0,30,44214.713413,False
2.8,30,44262.737044,True
0.0,30,44311.901048,False
0.0,30,44639.775629,False
0.0,30,44680.727395,False
0.0,30,44726.173134,False
0.0,30,44793.430289,False
0.0,30,44843.502457,False
0.0,30,44896.228219,False
0.0,30,44942.004453,False
2.5,30,44988.534331,True
2.7,30,45028.829084,True
2.7,30,45069.127145,True
0.0,30,45116.273696,False
0.0,30,45162.321144,False
0.0,30,45207.704141,False
2.7,30,45250.89842,True
2.7,30,45299.64023,True
2.0,30,45336.081898,True
0.0,30,45378.722411,False
0.0,30,45423.573797,False
2.8,30,45468.914059,True
0.0,30,45509.977697,False
2.5,30,45557.707788,True
0.0,30,45600.872325,False
1.9,30,45641.728848,True
0.0,30,45683.126591,False
0.0,30,45728.391898,False
2.6,30,45775.9692,True
2.6,30,45826.107241,True
0.0,30,45871.523082,False
0.0,30,45924.673097,False
1.9,30,45970.497997,True
2.8,30,46015.959633,True
0.0,30,46064.282599,False
0.0,30,46105.911307,False
2.1,30,46149.093838,True
1.8,30,46489.363947,True
2.4,30,46531.54575,True
2.7,30,46573.680515,True
2.8,30,46623.374361,True
0.0,30,46673.308398,False
2.7,30,46722.853416,True
2.2,30,46762.662458,True
0.0,30,46808.379646,False
2.4,30,46857.877502,True
3.0,30,46906.580875,True
2.8,30,46952.303983,True
0.0,30,47002.007855,False
0.0,30,47065.152414,False
0.0,30,47116.72293,False
0.0,30,47160.120582,False
0.0,30,47204.674914,False
0.0,30,47252.77916,False
2.7,30,47298.292856,True
2.7,30,47344.165792,True
2.9,30,47394.491644,True
2.9,30,47447.177648,True
2.3,30,47488.861448,True
2.2,30,47541.423301,True
0.0,30,47591.655773,False
2.3,30,47639.435729,True
0.8,30,47689.769681,False
1.4,30,47749.255155,False
2.9,30,47799.929117,True
0.0,30,47841.237366,False
0.0,30,47890.358479,False
1.1,30,47941.409612,True
0.0,30,47989.204051,False
2.7,30,48035.143676,True
0.0,30,48082.698435,False
0.0,30,48374.72916,False
0.0,30,48428.452752,False
2.3,30,48470.878576,True
0.0,30,48518.973839,False
3.0,30,48566.121843,True
3.0,30,48609.19867,True
2.6,30,48664.090374,True
0.0,30,48702.288796,False
3.0,30,48752.660706,True
2.5,30,48799.405331,True
1.0,30,48856.052513,False
0.0,30,48902.382883,False
1.8,30,48953.121261,True
0.4,30,49010.697511,True
0.0,30,49054.244699,False
0.0,30,49102.697762,False
2.7,30,49143.149674,True
0.0,30,49185.517406,False
0.0,30,49227.620493,False
0.0,30,49282.837873,False
2.9,30,49329.212281,True
0.0,30,49370.830751,False
0.0,30,49451.153779,False
0.0,30,49500.605943,False
0.0,30,49544.214358,False
0.0,30,49589.154191,False
1.5,30,49635.745317,True
0.0,30,49683.712355,False
0.0,30,49736.686614,False
2.4,30,49792.198273,True
2.8,30,49839.461795,True
2.0,30,49889.982958,True
0.0,30,49941.323159,False
2.9,30,49988.463653,True
2.7,30,50312.913718,True
0.0,30,50360.758852,False
0.0,30,50404.636377,False
0.0,30,50452.433863,False
3.0,30,50498.845346,True
3.0,30,50548.807258,True
2.7,30,50603.746859,True
0.0,30,50656.991015,False
0.0,30,50701.647775,False
0.0,30,50741.839079,False
0.0,30,50792.44997,False
2.7,30,50840.809532,False
3.0,30,50886.4756,True
0.0,30,50929.740709,False
2.8,30,50977.267297,True
2.7,30,51028.918319,True
0.0,30,51075.244289,False
0.0,30,51122.310429,False
2.6,30,51171.795118,True
3.0,30,51215.841023,True
0.0,30,51261.211725,False
2.0,30,51309.129689,True
0.0,30,51356.859076,False
1.7,30,51400.836802,True
0.0,30,51441.133678,False
1.8,30,51489.029892,False
0.0,30,51532.682279,False
0.0,30,51574.739458,False
0.0,30,51618.112087,False
2.5,30,51658.935141,True
0.0,30,51705.976022,False
0.0,30,51752.007639,False
0.0,30,51802.659281,False
0.0,30,51850.659422,False
2.7,30,51898.154548,True
0.9,30,52197.403075,True
2.6,30,52240.086791,True
0.0,30,52284.981997,False
0.0,30,52333.267572,False
2.2,30,52381.954798,True
3.0,30,52419.94023,True
0.0,30,52470.115104,False
2.8,30,52529.977734,True
0.0,30,52576.126483,False
0.0,30,52622.044681,False
2.9,30,52666.002617,True
0.3,30,52711.128964,True
0.0,30,52758.195746,False
2.8,30,52805.567668,True
2.7,30,52849.713814,True
1.3,30,52892.949916,True
0.0,30,52940.567194,False
2.5,30,52989.431818,True
0.0,30,53039.017074,False
0.0,30,53081.582257,False
0.0,30,53120.205187,False
2.4,30,53165.921206,True
2.7,30,53210.500004,True
0.0,30,53261.887888,False
2.0,30,53309.172288,True
2.6,30,53356.354198,True
0.0,30,53403.507135,False
2.6,30,53448.847387,True
0.0,30,53491.311658,False
2.6,30,53531.317445,True
2.9,30,53579.84131,True
2.6,30,53624.715191,True
2.6,30,53666.291535,True
2.8,30,53710.833057,True
2.8,30,54040.322071,True
0.0,30,54094.308842,False
2.7,30,54138.524827,True
0.0,30,54181.984016,False
0.0,30,54229.335096,False
3.0,30,54277.540138,True
0.4,30,54323.145666,True
2.5,30,54365.422057,True
0.5,30,54410.687041,False
0.0,30,54458.323963,False
0.0,30,54502.853175,False
0.0,30,54547.508935,False
2.9,30,54593.138301,True
0.0,30,54641.688369,False
0.0,30,54689.024068,False
2.1,30,54738.533977,False
2.6,30,54780.08401,True
1.0,30,54829.058224,True
0.0,30,54878.857056,False
0.0,30,54923.874048,False
0.0,30,54974.617957,False
2.8,30,55023.715926,True
0.0,30,55075.129522,False
1.5,30,55118.641255,False
2.6,30,55175.375545,True
2.7,30,55221.103105,True
2.6,30,55272.789917,True
0.0,30,55321.179692,False
2.8,30,55363.012026,True
0.0,30,55409.919008,False
0.0,30,55456.724623,False
2.8,30,55510.826016,True
2.7,30,55555.688359,True
2.8,30,55604.105947,True
0.0,30,55917.93688,False
2.4,30,55966.831536,True
0.0,30,56016.919225,False
2.9,30,56060.7883,True
0.0,30,56109.320555,False
0.0,30,56154.92112,False
1.8,30,56197.889092,False
0.0,30,56245.248554,False
0.0,30,56292.886574,False
0.0,30,56336.495297,False
2.6,30,56386.897641,True
0.0,30,56430.646352,False
1.6,30,56476.81399,True
2.4,30,56519.269677,True
0.0,30,56571.472714,False
0.0,30,56611.840693,False
2.3,30,56658.083474,True
0.0,30,56706.7149,False
2.8,30,56755.206521,True
0.3,30,56800.476396,False
0.0,30,56845.226864,False
0.0,30,56897.314767,False
2.7,30,56936.970048,True
2.2,30,56985.754682,True
0.0,30,57034.787303,False
1.0,30,57079.327331,True
2.8,30,57121.786054,True
0.0,30,57163.799398,False
0.0,30,57207.47624,False
3.0,30,57253.523959,True
0.0,30,57302.254703,False
2.9,30,57348.695568,True
2.3,30,57394.450452,True
2.3,30,57451.833648,True
2.4,30,57741.624261,True
2.4,30,57785.385045,True
2.6,30,57835.64364,True
0.0,30,57879.846025,False
0.0,30,57927.866436,False
2.3,30,57974.483159,True
0.0,30,58026.280049,False
1.3,30,58079.11848,True
0.0,30,58130.370238,False
0.0,30,58187.752242,False
2.5,30,58251.657401,True
0.0,30,58300.459655,False
0.0,30,58343.129931,False
0.0,30,58384.204718,False
2.6,30,58449.569657,True
2.5,30,58494.670204,True
2.4,30,58544.753307,True
0.0,30,58590.184237,False
0.0,30,58633.707046,False
1.4,30,58674.891156,False
0.0,30,58731.796837,False
0.0,30,58777.793224,False
0.0,30,58820.261403,False
3.0,30,58866.568704,True
2.8,30,58912.476465,True
0.0,30,58963.333997,False
2.3,30,59007.023449,True
2.8,30,59056.061172,True
0.0,30,59098.438818,False
2.5,30,59139.555351,True
2.8,30,59182.062462,True
1.0,30,59223.497037,True
0.0,30,59268.027559,False
0.0,30,59318.700869,False
0.0,30,59598.223244,False
0.0,30,59643.678033,False
0.0,30,59690.590057,False
0.0,30,59741.485907,False
0.0,30,59783.87672,False
0.0,30,59820.440492,False
1.2,30,59862.887642,True
0.0,30,59907.104706,False
2.0,30,59950.859905,True
0.0,30,59999.566836,False
0.0,30,60056.606972,False
1.8,30,60103.738539,True
2.6,30,60148.971484,True
0.0,30,60194.754198,False
0.0,30,60238.558344,False
0.0,30,60293.287488,False
0.0,30,60336.724769,False
0.0,30,60393.816074,False
0.0,30,60443.907042,False
0.0,30,60495.212077,False
2.9,30,60541.371126,True
2.7,30,60590.168291,True
0.0,30,60642.202191,False
0.0,30,60690.994254,False
0.0,30,60738.512607,False
2.7,30,60790.060999,True
0.0,30,60836.387467,False
0.0,30,60882.829026,False
2.7,30,60927.827618,True
0.0,30,60974.422142,False
0.0,30,61016.179916,False
0.0,30,61064.218429,False
0.0,30,61110.336191,False
1.7,30,61169.523169,True
2.8,30,61472.238981,True
0.0,30,61514.296325,False
2.7,30,61564.807677,True
0.0,30,61606.027375,False
2.9,30,61648.310714,True
1.8,30,61687.577182,True
2.9,30,61728.928842,True
2.5,30,61769.009237,True
0.0,30,61815.615855,False
0.0,30,61858.842538,False
0.0,30,61903.889685,False
3.0,30,61946.605765,True
0.0,30,61996.23256,False
2.1,30,62050.550437,True
0.0,30,62097.426473,False
0.0,30,62144.926609,False
0.0,30,62196.226051,False
2.7,30,62245.693515,True
2.8,30,62295.572425,True
0.0,30,62360.035024,False
0.0,30,62407.301342,False
0.0,30,62454.829313,False
2.5,30,62503.403756,True
2.4,30,62549.735357,True
2.8,30,62613.22042,True
0.0,30,62664.463848,False
2.8,30,62709.153457,True
2.9,30,62755.440948,True
0.0,30,62799.593572,False
0.0,30,62847.471451,False
0.0,30,62896.856536,False
0.0,30,62943.869874,False
0.0,30,62991.203008,False
0.0,30,63043.382412,False
0.0,30,63367.862947,False
0.0,30,63417.091686,False
2.7,30,63472.328209,True
0.0,30,63515.954936,False
1.8,30,63561.349004,True
2.4,30,63604.20329,True
0.0,30,63657.851401,False
0.0,30,63704.51013,False
1.6,30,63749.55933,True
0.0,30,63798.915218,False
0.0,30,63841.758249,False
0.0,30,63888.187229,False
2.8,30,63935.16661,True
0.0,30,63982.496282,False
0.0,30,64027.502871,False
2.9,30,64085.604922,True
2.8,30,64135.413688,True
0.0,30,64181.356204,False
3.0,30,64225.203558,True
0.0,30,64268.744031,False
2.9,30,64310.418781,True
0.0,30,64362.061266,False
2.8,30,64406.205871,True
0.0,30,64459.529599,False
2.4,30,64508.769268,True
0.0,30,64554.992672,False
0.0,30,64604.529447,False
0.0,30,64653.04905,False
2.8,30,64696.509627,True
0.0,30,64757.769828,False
0.0,30,64810.156156,False
0.0,30,64849.971416,False
3.0,30,64897.115378,True
3.0,30,64947.873461,True
0.0,30,65002.925149,False
2.9,30,65302.266321,True
0.3,30,65346.081749,False
2.4,30,65391.248228,True
0.0,30,65440.225364,False
2.3,30,65488.794057,True
0.0,30,65532.609455,False
2.8,30,65583.072158,True
2.7,30,65629.951574,True
2.7,30,65676.7957,True
2.9,30,65722.855059,True
0.0,30,65767.395619,False
2.9,30,65813.541087,True
1.2,30,65867.69085,False
0.0,30,65917.78543,False
0.5,30,65967.995468,False
0.0,30,66020.758923,False
0.8,30,66066.008514,True
2.3,30,66108.924042,True
0.0,30,66157.074085,False
0.0,30,66196.130184,False
0.0,30,66245.962095,False
0.0,30,66322.190433,False
2.9,30,66405.996748,True
3.0,30,66460.165783,True
2.3,30,66522.535542,True
0.0,30,66571.462194,False
0.0,30,66613.166918,False
0.0,30,66658.657217,False
2.0,30,66706.993437,True
2.9,30,66764.121066,True
0.0,30,66809.997163,False
0.0,30,66861.186344,False
2.8,30,66912.594626,True
0.0,30,66957.689563,False
2.7,30,67252.161365,True
0.0,30,67301.652363,False
2.5,30,67348.998575,True
0.0,30,67395.996156,False
2.5,30,67440.528302,True
0.6,30,67497.385445,True
0.0,30,67539.615296,False
0.0,30,67586.074293,False
0.0,30,67630.338672,False
2.7,30,67675.560091,True
0.0,30,67721.127563,False
1.9,30,67768.051705,True
2.7,30,67818.190953,True
0.0,30,67864.107514,False
0.0,30,67922.398732,False
2.8,30,67968.163309,True
2.6,30,68017.18908,True
0.0,30,68064.689358,False
2.6,30,68110.441056,True
2.9,30,68153.043734,True
2.5,30,68204.203237,True
2.6,30,68250.48764,True
1.0,30,68294.244307,True
1.3,30,68346.373151,True
2.9,30,68394.479255,True
1.6,30,68439.311167,True
0.0,30,68482.861641,False
0.0,30,68523.754261,False
0.0,30,68564.342298,False
1.0,30,68612.120577,False
0.0,30,68660.696853,False
0.2,30,68706.972634,False
1.9,30,68753.629908,True
0.0,30,68799.969469,False
1.9,30,69128.096901,True
0.0,30,69176.621595,False
2.1,30,69222.668165,True
2.8,30,69269.587691,True
1.8,30,69317.67398,True
3.0,30,69363.874135,True
0.0,30,69411.260474,False
2.4,30,69461.853928,True
0.0,30,69508.284245,False
0.0,30,69551.590607,False
0.0,30,69601.771729,False
0.0,30,69649.455595,False
0.0,30,69695.981038,False
2.9,30,69745.832803,True
2.5,30,69796.97258,True
2.1,30,69841.666555,True
2.0,30,69887.097961,True
0.0,30,69936.470689,False
3.0,30,69981.026985,True
2.3,30,70029.832296,True
0.0,30,70084.82618,False
0.0,30,70129.526337,False
2.5,30,70172.104382,True
2.0,30,70220.997068,True
0.0,30,70269.380434,False
2.8,30,70314.455153,True
0.0,30,70364.496661,False
2.8,30,70420.421582,True
2.7,30,70472.626941,True
0.0,30,70523.204928,False
2.3,30,70567.823814,True
0.0,30,70614.453553,False
2.8,30,70659.564387,True
2.6,30,70711.83547,True
0.0,30,71026.416729,False
0.0,30,71070.880475,False
2.9,30,71124.808044,True
2.5,30,71167.021547,True
0.0,30,71214.323073,False
0.0,30,71267.77208,False
0.0,30,71316.338317,False
2.7,30,71362.620078,True
0.0,30,71408.252167,False
2.8,30,71457.022466,True
0.0,30,71510.026166,False
2.7,30,71553.161477,True
0.0,30,71598.780952,False
2.4,30,71644.496574,True
3.0,30,71697.69977,True
0.0,30,71742.61728,False
2.9,30,71784.725486,True
2.7,30,71831.523947,True
0.0,30,71874.811823,False
0.0,30,71925.235834,False
0.0,30,71972.991323,False
2.9,30,72019.946423,True
2.4,30,72076.464527,True
0.0,30,72126.123343,False
2.6,30,72174.162423,True
2.7,30,72222.814493,True
0.0,30,72291.171155,False
2.7,30,72341.681162,True
1.8,30,72385.047111,True
0.0,30,72436.349525,False
0.0,30,72484.150789,False
2.7,30,72532.854577,True
3.0,30,72583.527334,True
2.5,30,72629.54211,True
2.6,30,72968.319265,True
0.0,30,73017.205933,False
0.0,30,73075.456303,False
0.0,30,73123.043169,False
2.4,30,73170.053845,True
0.0,30,73220.153044,False
0.0,30,73267.978405,False
0.0,30,73317.551265,False
2.8,30,73368.166045,True
2.4,30,73412.806395,True
2.8,30,73460.162069,True
0.0,30,73522.594746,False
2.4,30,73570.385117,True
0.0,30,73626.155849,False
0.0,30,73676.947237,False
2.3,30,73727.860739,True
2.6,30,73776.05613,True
2.8,30,73819.431999,True
2.3,30,73868.497438,True
2.8,30,73917.319513,True
0.0,30,73965.586677,False
1.8,30,74009.161395,True
2.4,30,74067.310688,True
2.7,30,74106.878261,True
2.4,30,74151.941786,True
0.1,30,74200.057045,False
0.0,30,74245.511409,False
0.0,30,74290.319004,False
0.0,30,74338.05469,False
0.0,30,74385.83751,False
0.0,30,74430.812473,False
2.8,30,74480.166629,True
0.8,30,74526.95323,True
2.9,30,74595.059824,True
0.0,30,74922.675366,False
2.9,30,74973.11065,True
2.4,30,75023.700794,True
2.6,30,75072.862295,True
2.8,30,75121.893041,True
0.0,30,75169.474949,False
2.8,30,75212.596876,True
2.6,30,75288.739292,True
2.7,30,75336.313935,True
0.0,30,75382.312943,False
0.0,30,75428.712458,False
0.0,30,75480.092717,False
2.6,30,75529.246765,True
0.0,30,75571.838919,False
2.7,30,75618.664207,True
0.0,30,75662.501681,False
0.0,30,75715.034279,False
0.0,30,75761.99925,False
0.0,30,75816.037283,False
2.8,30,75863.039246,True
0.0,30,75911.998925,False
0.0,30,75959.852386,False
0.0,30,76006.589228,False
0.0,30,76058.607278,False
0.0,30,76105.20017,False
2.9,30,76154.035194,True
2.8,30,76199.974377,True
2.4,30,76244.393345,True
0.0,30,76289.478953,False
2.8,30,76336.683473,True
0.0,30,76387.062492,False
0.0,30,76430.994078,False
0.0,30,76476.520175,False
2.7,30,76525.618959,True
0.0,30,76881.293607,False
0.0,30,76932.017711,False
2.1,30,76984.584475,True
0.0,30,77030.92241,False
0.0,30,77080.314417,False
0.0,30,77128.279552,False
1.2,30,77177.92183,True
0.0,30,77222.836725,False
2.8,30,77269.45003,True
1.6,30,77319.594495,True
0.0,30,77375.799345,False
2.5,30,77429.464781,True
0.0,30,77477.76734,False
0.0,30,77527.312969,False
0.0,30,77578.100992,False
1.8,30,77629.739383,True
0.0,30,77677.89523,False
2.8,30,77721.070101,True
0.0,30,77767.280853,False
0.0,30,77811.692814,False
0.0,30,77860.798781,False
2.5,30,77903.017112,True
0.0,30,77964.415033,False
2.6,30,78016.298062,True
0.0,30,78067.428676,False
2.9,30,78114.246793,True
1.4,30,78159.87268,True
3.0,30,78212.930065,True
3.0,30,78262.563132,True
0.0,30,78311.581533,False
0.0,30,78361.191103,False
0.0,30,78419.1055,False
2.7,30,78470.695236,True
0.0,30,78510.059002,False
0.0,30,78841.250328,False
0.0,30,78887.226866,False
3.0,30,78933.183594,True
0.0,30,78974.908664,False
2.8,30,79019.840451,True
0.0,30,79065.433532,False
0.5,30,79110.656742,True
2.2,30,79163.672238,True
2.2,30,79209.848034,True
0.0,30,79272.931469,False
2.7,30,79322.124368,True
2.4,30,79368.039883,True
0.0,30,79409.369892,False
0.0,30,79456.340231,False
2.7,30,79511.577485,True
0.0,30,79566.287311,False
2.4,30,79615.486864,True
0.0,30,79660.825615,False
2.7,30,79703.142205,True
0.0,30,79750.565922,False
0.0,30,79798.992655,False
0.0,30,79845.243827,False
0.0,30,79890.858226,False
2.1,30,79937.938702,True
2.9,30,79984.254945,True
0.0,30,80027.066202,False
2.8,30,80078.93335,True
2.2,30,80120.571706,True
0.0,30,80180.128077,False
2.7,30,80228.955016,True
0.0,30,80275.24786,False
2.5,30,80323.20243,True
2.8,30,80367.237453,True
0.0,30,80410.250493,False
2.9,30,80456.076098,True
2.7,30,80801.896451,True
0.0,30,80844.537623,False
2.9,30,80893.492732,True
0.8,30,80947.769798,True
0.0,30,80998.874081,False
0.0,30,81042.236332,False
2.7,30,81088.828218,True
0.0,30,81135.077012,False
0.0,30,81185.679677,False
2.6,30,81230.799098,True
2.8,30,81277.830198,True
3.0,30,81322.149126,True
0.0,30,81370.958316,False
0.0,30,81415.194428,False
0.4,30,81465.333315,False
0.0,30,81515.178505,False
2.8,30,81564.458075,True
0.0,30,81613.029068,False
0.0,30,81652.796751,False
2.9,30,81701.149455,True
1.9,30,81749.707649,True
1.7,30,81800.765676,True
2.6,30,81845.813536,True
2.3,30,81893.550291,True
0.0,30,81935.446396,False
0.0,30,81980.174639,False
2.7,30,82026.456938,True
2.7,30,82075.04343,True
0.0,30,82122.527086,False
0.0,30,82170.857983,False
2.5,30,82211.907741,True
0.0,30,82266.689363,False
0.0,30,82313.709782,False
2.9,30,82358.870882,True
0.0,30,82685.432842,False
0.0,30,82732.965855,False
0.0,30,82781.796798,False
2.8,30,82826.99273,True
0.0,30,82878.226398,False
0.0,30,82928.788928,False
1.8,30,82970.001119,True
2.8,30,83011.557931,True
0.0,30,83053.053977,False
0.0,30,83106.451769,False
0.0,30,83155.733882,False
0.0,30,83199.44101,False
0.0,30,83243.102794,False
0.0,30,83289.14724,False
0.0,30,83338.268795,False
2.7,30,83379.60766,True
0.0,30,83423.650212,False
0.0,30,83471.892643,False
2.6,30,83524.566838,True
2.6,30,83575.146101,True
0.0,30,83626.605989,False
0.0,30,83674.062661,False
2.7,30,83722.390681,True
2.8,30,83769.158643,True
0.1,30,83815.986923,True
0.0,30,83863.582635,False
2.9,30,83912.315148,True
0.0,30,83960.917168,False
0.0,30,84006.315536,False
0.0,30,84052.538369,False
2.4,30,84099.819704,True
2.4,30,84143.900734,True
0.0,30,84193.351152,False
0.0,30,84242.936354,False
1.7,30,84558.478266,True
3.0,30,84600.81518,True
0.0,30,84646.421379,False
0.0,30,84705.379052,False
2.5,30,84751.446756,True
0.0,30,84800.281206,False
0.0,30,84842.07647,False
2.5,30,84900.00681,True
2.6,30,84951.09837,True
2.1,30,85000.256084,True
0.0,30,85057.889327,False
2.9,30,85105.389472,True
0.0,30,85151.871239,False
0.0,30,85199.399975,False
0.0,30,85241.421437,False
2.6,30,85287.433683,True
0.0,30,85333.458432,False
2.4,30,85380.07305,True
3.0,30,85439.245228,True
2.9,30,85486.778558,True
2.0,30,85531.289948,True
0.0,30,85577.263309,False
2.8,30,85624.355766,True
0.0,30,85679.537529,False
2.7,30,85724.759667,True
1.0,30,85767.614367,True
0.0,30,85812.116178,False
0.0,30,85858.367976,False
0.0,30,85901.455697,False
0.0,30,85946.743928,False
2.5,30,85992.349824,True
2.5,30,86039.825824,True
0.0,30,86084.332678,False
0.0,30,86131.289024,False
2.7,30,86488.378738,True
2.6,30,86532.423828,True
2.3,30,86580.013842,True
0.0,30,86634.759348,False
0.0,30,86690.35893,False
3.0,30,86738.411685,True
2.7,30,86789.356321,True
0.0,30,86838.896384,False
2.8,30,86890.020404,True
2.7,30,86939.444096,True
0.0,30,86985.583101,False
0.0,30,87035.127448,False
2.3,30,87080.994474,True
1.6,30,87124.677607,True
0.0,30,87173.895995,False
0.0,30,87226.055101,False
3.0,30,87281.200342,True
0.0,30,87324.391409,False
0.0,30,87369.901895,False
2.5,30,87413.953803,True
2.7,30,87458.454024,True
0.0,30,87501.040639,False
0.0,30,87554.527007,False
2.9,30,87599.113864,True
0.0,30,87642.647756,False
0.0,30,87697.669888,False
2.6,30,87752.213233,True
0.0,30,87802.30759,False
2.4,30,87848.246842,True
1.4,30,87894.854871,True
0.0,30,87940.746104,False
0.0,30,87990.253288,False
3.0,30,88037.030852,True
0.0,30,88082.694727,False
0.0,30,88372.220145,False
0.0,30,88416.522985,False
0.0,30,88460.480521,False
0.0,30,88504.420747,False
1.2,30,88546.739003,True
2.3,30,88590.53425,True
0.0,30,88639.921573,False
0.0,30,88696.396865,False
2.3,30,88743.842093,True
2.8,30,88791.176249,True
0.0,30,88838.121059,False
2.6,30,88894.471601,True
2.8,30,88937.757397,True
0.6,30,88989.715616,False
0.0,30,89039.379915,False
0.0,30,89101.322652,False
2.7,30,89152.251033,True
2.7,30,89191.926549,True
2.8,30,89241.022855,True
0.0,30,89298.084705,False
0.0,30,89348.589766,False
0.0,30,89404.862321,False
2.5,30,89457.085128,True
0.0,30,89504.9719,False
0.0,30,89551.460589,False
1.5,30,89600.059534,True
0.0,30,89645.506589,False
2.1,30,89689.361871,True
2.4,30,89735.963954,True
0.0,30,89788.806463,False
0.0,30,89838.222008,False
0.0,30,89882.69668,False
0.0,30,89935.005047,False
0.0,30,89977.29881,False
2.1,30,90293.28379,True
2.1,30,90339.500924,True
2.9,30,90380.703147,True
2.6,30,90424.084382,True
0.0,30,90473.929676,False
1.5,30,90522.591367,True
2.3,30,90567.159623,True
2.9,30,90612.860058,True
1.8,30,90662.872148,True
2.1,30,90709.435286,True
0.0,30,90758.376222,False
0.0,30,90811.427577,False
0.0,30,90862.216078,False
0.0,30,90906.206821,False
0.0,30,90951.230231,False
0.0,30,90999.366096,False
2.9,30,91045.746171,True
0.0,30,91098.66584,False
2.6,30,91140.733059,True
0.0,30,91185.011633,False
2.7,30,91234.942942,True
1.2,30,91282.020742,True
0.0,30,91328.986943,False
0.0,30,91368.246931,False
0.0,30,91414.756375,False
2.5,30,91463.614263,True
0.0,30,91510.578948,False
2.7,30,91553.820722,True
0.0,30,91598.340001,False
0.0,30,91640.820999,False
2.7,30,91683.826994,True
2.9,30,91730.228975,True
2.7,30,91777.656434,True
0.0,30,91825.224384,False
0.0,30,92169.094925,False
2.7,30,92210.560432,True
2.8,30,92251.865737,True
0.4,30,92299.411577,True
0.0,30,92350.913698,False
0.0,30,92407.877098,False
2.8,30,92454.296522,True
0.0,30,92499.985228,False
2.9,30,92544.73636,True
0.0,30,92592.794756,False
2.5,30,92637.107003,True
3.0,30,92681.533648,True
0.0,30,92725.959447,False
0.0,30,92772.192883,False
2.9,30,92816.548933,True
2.4,30,92863.079378,True
2.5,30,92913.496668,True
2.3,30,92959.914625,True
2.7,30,93007.910458,True
2.5,30,93049.467021,True
0.0,30,93112.594842,False
2.1,30,93164.249151,True
0.0,30,93213.963115,False
0.2,30,93254.598819,False
0.0,30,93301.369886,False
2.9,30,93345.618291,True
0.0,30,93394.288026,False
0.0,30,93433.378446,False
2.7,30,93481.047479,True
2.8,30,93529.328902,True
0.0,30,93582.159895,False
0.0,30,93626.7096,False
2.8,30,93666.802743,True
0.0,30,93712.198119,False
2.6,30,93763.319798,True
2.6,30,94106.107784,True
0.0,30,94160.267701,False
0.2,30,94212.70272,False
2.4,30,94258.895141,True
0.0,30,94316.038824,False
2.8,30,94354.744819,True
2.8,30,94408.938525,True
2.4,30,94457.202577,True
2.5,30,94505.008796,True
2.9,30,94551.456388,True
2.6,30,94601.342071,True
2.7,30,94655.740199,True
0.6,30,94701.388958,True
3.0,30,94749.251353,True
0.0,30,94801.086651,False
0.0,30,94856.379156,False
0.0,30,94902.489172,False
2.4,30,94951.953686,True
0.0,30,95002.697536,False
3.0,30,95054.132678,True
2.4,30,95098.238831,True
0.0,30,95154.380536,False
2.7,30,95200.135933,True
2.8,30,95245.282824,True
2.9,30,95289.069566,True
3.0,30,95341.236821,True
0.0,30,95384.782892,False
2.9,30,95433.931948,True
0.0,30,95480.154902,False
2.0,30,95529.198943,True
0.0,30,95571.267592,False
0.0,30,95617.234667,False
0.0,30,95671.792167,False
0.0,30,95720.154151,False
2.5,30,96047.552676,True
2.5,30,96098.678232,True
2.0,30,96144.003892,True
0.0,30,96192.703111,False
0.4,30,96242.042018,True
2.2,30,96284.733896,True
0.0,30,96332.844069,False
2.7,30,96378.594765,True
0.6,30,96425.762966,True
0.0,30,96472.500337,False
2.9,30,96517.592352,True
0.0,30,96560.832435,False
0.0,30,96604.119257,False
0.0,30,96650.45757,False
2.3,30,96698.833336,True
2.7,30,96745.336576,True
1.5,30,96803.824164,True
2.2,30,96854.550702,True
2.7,30,96901.496553,True
0.0,30,96942.865082,False
2.8,30,96987.437003,True
0.0,30,97034.251117,False
2.6,30,97079.910568,True
0.0,30,97129.202546,False
0.0,30,97175.415407,False
2.3,30,97224.881813,True
0.0,30,97273.073615,False
2.9,30,97319.174005,True
0.0,30,97364.529619,False
0.0,30,97435.080785,False
0.0,30,97481.887087,False
0.0,30,97533.665727,False
2.6,30,97580.439795,True
0.1,30,97628.6907,False
1.9,30,97959.539568,True
0.0,30,98001.165215,False
2.4,30,98046.010589,True
0.0,30,98091.746068,False
0.0,30,98138.723646,False
2.5,30,98187.694024,True
1.1,30,98235.607577,False
2.4,30,98280.868937,True
0.0,30,98324.379246,False
2.8,30,98370.150461,True
0.0,30,98419.671963,False
2.3,30,98467.174601,True
3.0,30,98520.630496,True
2.6,30,98570.758341,True
2.7,30,98613.955359,True
0.0,30,98659.011522,False
0.0,30,98708.913116,False
0.0,30,98754.321364,False
0.0,30,98799.034364,False
0.0,30,98843.323539,False
2.5,30,98888.663292,True
2.8,30,98945.278188,True
0.0,30,99017.395375,False
3.0,30,99066.676564,True
2.6,30,99119.716523,True
2.6,30,99168.314431,True
2.2,30,99220.343988,True
2.8,30,99270.035777,True
0.0,30,99322.980137,False
0.0,30,99368.978117,False
2.7,30,99418.991461,True
0.0,30,99468.936853,False
2.8,30,99529.441616,True
2.6,30,99573.707637,True
0.0,30,99923.100127,False
0.0,30,99971.11909,False
0.0,30,100018.530708,False
3.0,30,100070.000522,True
2.4,30,100110.452866,True
1.1,30,100160.832156,False
1.8,30,100206.60529,False
2.9,30,100254.25542,True
0.0,30,100299.056175,False
2.3,30,100349.05692,True
2.6,30,100395.872983,True
0.0,30,100441.163933,False
0.0,30,100491.196138,False
2.1,30,100543.403177,True
0.0,30,100585.599164,False
2.5,30,100630.329003,True
0.0,30,100681.252307,False
2.9,30,100726.425484,True
0.0,30,100783.415215,False
0.0,30,100841.810055,False
3.0,30,100893.089428,True
0.0,30,100943.636725,False
0.0,30,100991.556621,False
0.2,30,101037.447899,True
0.0,30,101083.51503,False
2.7,30,101128.587765,True
0.9,30,101178.219827,False
0.0,30,101229.4823,False
2.4,30,101276.097836,True
0.0,30,101325.497349,False
0.0,30,101378.231565,False
0.0,30,101423.879382,False
1.0,30,101473.622001,True
0.8,30,101528.854115,True
2.4,30,101863.943601,True
0.0,30,101914.708066,False
2.8,30,101959.442573,True
3.0,30,102011.395185,True
1.2,30,102057.322559,True
0.0,30,102114.94273,False
2.6,30,102156.285135,True
0.0,30,102209.353079,False
0.0,30,102253.319307,False
3.0,30,102299.142818,True
0.0,30,102348.715566,False
0.0,30,102391.471498,False
0.0,30,102439.478473,False
0.0,30,102486.108268,False
0.0,30,102535.35033,False
2.8,30,102580.410435,True
2.3,30,102630.700445,True
0.0,30,102675.301209,False
0.0,30,102729.101916,False
0.1,30,102776.75788,False
1.7,30,102821.751665,True
2.7,30,102869.510805,True
0.0,30,102917.11626,False
3.0,30,102972.911925,True
0.0,30,103022.84061,False
2.9,30,103069.380885,True
0.0,30,103122.408379,False
2.8,30,103169.591542,True
2.7,30,103210.696763,True
2.5,30,103264.89353,True
1.9,30,103304.688448,True
0.0,30,103349.440106,False
3.0,30,103400.475937,True
0.0,30,103442.599354,False
0.0,30,103795.591373,False
2.7,30,103838.623657,True
2.7,30,103887.73379,True
0.0,30,103933.48649,False
0.1,30,103981.474736,True
3.0,30,104029.828771,True
0.0,30,104073.640925,False
0.0,30,104122.264962,False
2.6,30,104171.001738,True
0.0,30,104219.879333,False
0.0,30,104265.613243,False
0.0,30,104331.595905,False
2.9,30,104377.738036,True
2.8,30,104423.193691,True
2.8,30,104470.112348,True
2.2,30,104517.677962,True
2.8,30,104566.487425,True
2.3,30,104612.671604,True
0.0,30,104658.449903,False
2.8,30,104707.939076,True
0.0,30,104757.631311,False
0.0,30,104808.410103,False
0.0,30,104854.659378,False
0.0,30,104900.32527,False
0.0,30,104952.654968,False
0.0,30,104999.879884,False
2.8,30,105052.845103,True
2.7,30,105099.210997,True
0.0,30,105147.284687,False
0.0,30,105198.988312,False
0.0,30,105249.904129,False
0.0,30,105296.097384,False
0.0,30,105338.331403,False
2.5,30,105387.797781,True
2.6,30,105714.657687,True
0.0,30,105769.343012,False
2.3,30,105816.452741,True
2.6,30,105862.297148,True
0.0,30,105911.03229,False
0.0,30,105960.447798,False
0.0,30,106006.997481,False
0.0,30,106053.009137,False
2.4,30,106100.097098,True
0.0,30,106150.170319,False
0.0,30,106192.040404,False
1.6,30,106235.897961,True
0.0,30,106285.855493,False
1.5,30,106327.682446,False
0.0,30,106373.400376,False
0.0,30,106418.383075,False
0.0,30,106464.246197,False
0.0,30,106512.919083,False
2.8,30,106558.691602,True
0.0,30,106608.785004,False
2.7,30,106652.372854,True
0.0,30,106714.667323,False
0.9,30,106757.176805,True
2.8,30,106804.598587,True
0.0,30,106851.644113,False
0.0,30,106900.30452,False
2.9,30,106946.227778,True
0.0,30,106995.023105,False
1.1,30,107045.034487,True
0.0,30,107089.521143,False
0.0,30,107134.767814,False
0.6,30,107187.292552,True
2.3,30,107232.845351,True
0.0,30,107274.126261,False
3.0,30,107577.765887,True
0.0,30,107624.65483,False
0.0,30,107674.746329,False
2.4,30,107725.543104,True
2.6,30,107768.237082,True
1.8,30,107813.760735,True
2.6,30,107866.855637,True
1.9,30,107914.349711,True
0.0,30,107957.626927,False
2.7,30,108004.253869,True
0.0,30,108050.931509,False
2.3,30,108097.730469,True
1.8,30,108144.760936,True
3.0,30,108187.346307,True
2.2,30,108231.147849,True
2.6,30,108278.402974,True
0.0,30,108325.504504,False
2.3,30,108373.378054,True
2.7,30,108421.191369,True
2.8,30,108464.614016,True
0.0,30,108516.022648,False
2.8,30,108561.368184,True
2.5,30,108607.957721,True
0.0,30,108652.727905,False
0.0,30,108699.750281,False
0.0,30,108744.534912,False
2.6,30,108795.761213,True
0.0,30,108841.669785,False
0.0,30,108897.243542,False
0.0,30,108947.471895,False
0.0,30,108995.846824,False
0.0,30,109037.318306,False
0.0,30,109079.107263,False
0.0,30,109127.340105,False
0.0,30,109175.198657,False
1.8,30,109494.379832,True
0.0,30,109541.655684,False
2.8,30,109582.77499,True
0.0,30,109635.390722,False
3.0,30,109681.943446,True
2.6,30,109733.767939,True
2.6,30,109785.162338,True
2.6,30,109842.78931,True
0.0,30,109889.808081,False
0.0,30,109941.066401,False
2.6,30,109989.308549,True
0.0,30,110040.952089,False
2.8,30,110086.55551,True
0.0,30,110131.511678,False
0.0,30,110187.506756,False
2.9,30,110236.606188,True
0.0,30,110281.331118,False
2.3,30,110328.444591,True
2.8,30,110373.140745,True
2.5,30,110418.871167,True
2.9,30,110466.458974,True
2.6,30,110507.336265,True
1.8,30,110550.501219,True
0.0,30,110599.928972,False
2.6,30,110643.388848,True
2.6,30,110689.758415,True
3.0,30,110744.829695,True
0.0,30,110793.406267,False
3.0,30,110841.420736,True
0.0,30,110891.040253,False
0.0,30,110935.592931,False
2.6,30,110993.38,True
1.9,30,111041.361177,True
2.4,30,111092.266531,True
0.0,30,111437.660368,False
0.0,30,111488.549417,False
0.0,30,111533.365103,False
0.0,30,111577.666122,False
0.0,30,111621.856388,False
0.5,30,111665.685334,True
3.0,30,111708.238369,True
0.0,30,111756.311158,False
0.0,30,111801.498988,False
2.7,30,111841.455746,True
2.7,30,111890.624948,True
0.0,30,111936.713289,False
0.0,30,111982.924661,False
0.0,30,112027.943846,False
1.6,30,112073.094585,True
0.0,30,112127.610725,False
2.9,30,112170.242592,True
1.8,30,112219.856385,True
3.0,30,112265.717966,True
0.0,30,112308.254311,False
0.0,30,112355.365543,False
0.0,30,112399.212634,False
2.6,30,112447.327812,True
0.0,30,112491.086575,False
3.0,30,112537.336525,True
0.0,30,112587.144975,False
2.2,30,112632.776561,True
0.0,30,112682.524065,False
2.5,30,112731.111649,True
2.6,30,112780.822251,True
1.8,30,112822.307515,True
0.0,30,112863.24588,False
2.6,30,112908.635236,True
2.7,30,112955.827948,True
0.0,30,113293.694561,False
0.0,30,113341.118274,False
0.0,30,113390.216634,False
0.0,30,113437.722305,False
0.0,30,113485.650016,False
3.0,30,113529.598104,True
2.2,30,113580.426947,True
2.6,30,113625.646303,True
0.0,30,113673.364757,False
0.0,30,113719.896449,False
3.0,30,113770.726021,True
2.3,30,113822.152881,True
0.0,30,113866.251515,False
0.0,30,113916.280046,False
0.0,30,113966.354777,False
0.0,30,114018.876374,False
0.0,30,114068.497908,False
0.0,30,114116.456618,False
0.0,30,114160.477235,False
2.7,30,114205.328415,True
0.0,30,114261.732887,False
0.3,30,114309.212878,True
3.0,30,114358.606056,True
0.0,30,114406.909597,False
2.6,30,114455.623973,True
0.0,30,114501.387084,False
0.0,30,114549.484514,False
2.6,30,114598.520354,True
0.0,30,114649.808121,False
2.7,30,114704.13468,True
0.0,30,114752.381931,False
0.0,30,114806.731895,False
0.0,30,114857.619694,False
2.5,30,114906.789553,True
2.5,30,115217.744333,True
2.8,30,115270.636002,True
0.0,30,115314.543154,False
2.4,30,115358.415906,True
0.0,30,115407.87793,False
0.0,30,115453.902674,False
0.0,30,115502.638271,False
0.9,30,115546.904301,True
2.5,30,115596.155527,True
2.5,30,115643.925005,True
2.8,30,115690.668729,True
1.1,30,115740.712177,True
0.0,30,115787.59673,False
2.8,30,115836.265272,True
0.0,30,115884.711113,False
3.0,30,115928.865957,True
0.0,30,115987.575376,False
2.9,30,116035.975575,True
3.0,30,116087.504112,True
2.6,30,116133.534718,True
0.0,30,116180.735731,False
2.7,30,116232.650152,True
3.0,30,116277.908026,True
0.0,30,116323.793833,False
0.0,30,116369.815078,False
0.0,30,116417.702305,False
2.6,30,116465.385833,True
0.0,30,116509.238434,False
0.0,30,116553.69961,False
0.0,30,116601.773419,False
2.8,30,116651.93813,True
2.7,30,116697.822127,True
2.6,30,116748.683872,True
0.0,30,116792.505031,False
0.0,30,117123.764391,False
0.0,30,117174.353812,False
0.0,30,117221.09465,False
1.9,30,117276.425225,True
0.0,30,117323.551772,False
0.0,30,117376.392464,False
2.3,30,117422.070635,True
2.8,30,117469.451691,True
0.0,30,117520.604696,False
2.5,30,117573.640304,True
2.7,30,117650.056862,True
2.7,30,117695.416313,True
2.7,30,117762.533519,True
0.0,30,117809.724467,False
0.0,30,117857.633301,False
0.0,30,117903.875721,False
2.7,30,117950.236236,True
2.7,30,117997.347006,True
0.0,30,118046.709719,False
0.0,30,118098.946248,False
2.7,30,118154.925942,True
2.1,30,118206.695761,True
0.0,30,118254.195056,False
0.0,30,118300.84435,False
2.4,30,118352.93701,True
0.6,30,118406.387372,False
2.9,30,118450.489872,True
0.0,30,118496.399163,False
2.5,30,118552.120492,True
3.0,30,118600.126205,True
2.7,30,118645.361486,True
0.0,30,118689.992615,False
2.8,30,118736.001271,True
3.0,30,118786.036,True
2.6,30,119144.556352,True
0.0,30,119190.605931,False
0.0,30,119238.750291,False
2.9,30,119288.432717,True
2.8,30,119335.42168,True
0.0,30,119384.043955,False
0.0,30,119427.985605,False
2.6,30,119473.811234,True
0.3,30,119521.757888,True
0.0,30,119567.575452,False
0.0,30,119608.045836,False
2.9,30,119653.454272,True
1.3,30,119700.71607,True
2.6,30,119748.831772,True
0.0,30,119797.741739,False
2.4,30,119856.107845,True
2.9,30,119907.470063,True
2.1,30,119955.378195,True
0.0,30,120002.570897,False
3.0,30,120053.401939,True
0.0,30,120101.257077,False
0.0,30,120148.957901,False
2.4,30,120194.845795,True
0.0,30,120249.291886,False
0.0,30,120297.187684,False
0.0,30,120345.63891,False
2.4,30,120393.021271,True
0.0,30,120440.960208,False
0.6,30,120482.61844,False
1.5,30,120529.20346,True
3.0,30,120578.136642,True
0.0,30,120619.907687,False
0.9,30,120665.706295,True
2.5,30,120713.007694,True
0.0,30,121051.482977,False
2.5,30,121098.473711,True
2.8,30,121145.745475,True
0.0,30,121194.229441,False
2.8,30,121241.380222,True
0.0,30,121303.44283,False
3.0,30,121350.868483,True
0.0,30,121407.882769,False
0.0,30,121455.20852,False
0.0,30,121508.629581,False
2.4,30,121558.107102,True
2.7,30,121605.071643,True
0.0,30,121652.743737,False
2.8,30,121695.217258,True
2.7,30,121740.843917,True
2.7,30,121788.772822,True
0.0,30,121839.053412,False
2.8,30,121896.674275,True
0.0,30,121946.699689,False
0.0,30,121995.060565,False
0.0,30,122047.519435,False
0.0,30,122090.382677,False
0.0,30,122138.607893,False
2.5,30,122186.920266,True
0.0,30,122238.394164,False
2.8,30,122283.689979,True
0.0,30,122329.524102,False
1.8,30,122379.424425,True
0.0,30,122427.367613,False
2.6,30,122477.647306,True
1.3,30,122537.771799,True
2.8,30,122585.353867,True
2.4,30,122629.259336,True
0.6,30,122678.632779,True
0.1,30,122722.448403,False
0.0,30,123055.178745,False
2.8,30,123103.82191,True
2.8,30,123150.99502,True
0.0,30,123198.937487,False
0.0,30,123244.524145,False
0.0,30,123289.366575,False
2.3,30,123339.055875,True
2.8,30,123387.968645,True
2.7,30,123439.600586,True
0.0,30,123490.540315,False
2.8,30,123541.527112,True
0.0,30,123587.581721,False
0.0,30,123633.826245,False
1.9,30,123680.589031,True
0.0,30,123724.609461,False
0.0,30,123768.497843,False
2.6,30,123818.358657,True
2.6,30,123864.232918,True
0.0,30,123910.066512,False
1.8,30,123955.541069,True
2.5,30,124008.289394,True
0.0,30,124056.959385,False
2.2,30,124103.62286,True
2.8,30,124152.765445,True
0.0,30,124201.215461,False
3.0,30,124250.040765,True
2.8,30,124301.777074,True
0.0,30,124348.881865,False
2.2,30,124393.910305,True
2.5,30,124443.807116,True
2.2,30,124488.658022,True
0.0,30,124539.909048,False
0.0,30,124595.442014,False
0.0,30,124644.062784,False
0.0,30,124979.125584,False
0.0,30,125021.378086,False
0.0,30,125073.741014,False
0.0,30,125126.037933,False
0.0,30,125176.036367,False
2.5,30,125222.867584,True
0.0,30,125282.652068,False
0.0,30,125328.680683,False
2.3,30,125373.685467,True
0.0,30,125420.601007,False
2.4,30,125474.230511,True
2.7,30,125522.19109,True
2.7,30,125577.968651,True
2.9,30,125627.96269,True
0.0,30,125674.9962,False
0.0,30,125730.466962,False
2.7,30,125781.383487,True
2.4,30,125832.214975,False
0.0,30,125881.051156,False
2.9,30,125930.885315,True
2.7,30,125979.093138,True
0.0,30,126023.332099,False
0.5,30,126069.911126,True
0.0,30,126116.303431,False
2.5,30,126163.866292,True
2.7,30,126213.236741,True
2.6,30,126265.340576,True
0.0,30,126312.526186,False
0.0,30,126362.951854,False
2.1,30,126416.802393,True
0.0,30,126479.276191,False
2.2,30,126543.064651,True
0.0,30,126592.113298,False
0.0,30,126635.982746,False
0.0,30,126975.435076,False
0.0,30,127023.237795,False
0.0,30,127074.690987,False
0.0,30,127119.774924,False
2.4,30,127164.276406,True
2.4,30,127209.319231,True
0.0,30,127258.014003,False
2.7,30,127306.33286,True
2.7,30,127352.461649,True
2.9,30,127404.009248,True
0.0,30,127449.815904,False
0.0,30,127495.086724,False
0.0,30,127545.437919,False
2.6,30,127596.765095,True
0.0,30,127639.290398,False
0.0,30,127683.813754,False
0.0,30,127727.506067,False
0.0,30,127768.838823,False
2.6,30,127810.496781,True
0.0,30,127873.581591,False
0.0,30,127925.392486,False
2.6,30,127970.124469,True
0.0,30,128015.109771,False
2.8,30,128065.135167,True
0.0,30,128112.781141,False
0.0,30,128155.307578,False
2.2,30,128197.007253,True
2.8,30,128246.573844,True
0.0,30,128294.440236,False
0.0,30,128342.628919,False
0.0,30,128401.092272,False
0.0,30,128450.085092,False
0.0,30,128497.111409,False
1.6,30,128552.916991,True
0.0,30,128911.061103,False
0.8,30,128956.679355,True
0.0,30,129000.284119,False
0.0,30,129041.269937,False
2.7,30,129084.6325,True
0.0,30,129128.429638,False
0.0,30,129171.779791,False
2.8,30,129222.162185,True
0.8,30,129268.41696,True
0.0,30,129315.656625,False
0.0,30,129359.490806,False
1.4,30,129412.123688,True
0.0,30,129459.514361,False
0.0,30,129506.660926,False
0.0,30,129555.423544,False
2.5,30,129602.852486,True
0.0,30,129648.065154,False
2.7,30,129699.966284,True
0.0,30,129749.453808,False
0.0,30,129799.836176,False
0.0,30,129846.592398,False
2.8,30,129896.332977,True
0.0,30,129947.646417,False
0.0,30,129992.988357,False
2.5,30,130039.640676,True
0.0,30,130090.364727,False
2.8,30,130137.330778,True
0.0,30,130178.157886,False
2.4,30,130226.079521,True
2.8,30,130276.742641,True
0.0,30,130323.016759,False
2.5,30,130371.483774,True
2.6,30,130421.683191,True
0.0,30,130470.401626,False
0.0,30,130804.614836,False
0.0,30,130851.657988,False
2.7,30,130908.006658,True
2.5,30,130960.428502,True
1.6,30,131002.661233,True
2.6,30,131048.97628,True
2.6,30,131096.912156,True
2.8,30,131146.142983,True
2.7,30,131195.898513,True
0.0,30,131247.894782,False
0.0,30,131300.203604,False
0.0,30,131344.904631,False
0.0,30,131393.332434,False
3.0,30,131438.942575,True
0.0,30,131485.02744,False
0.0,30,131533.059548,False
2.5,30,131578.878247,True
3.0,30,131625.119571,True
0.3,30,131670.856335,False
2.8,30,131717.232841,True
0.0,30,131761.072187,False
2.7,30,131819.364365,True
2.3,30,131866.97734,True
0.0,30,131910.188514,False
0.0,30,131955.071243,False
2.8,30,132004.683949,True
0.0,30,132054.816891,False
2.9,30,132108.629856,True
2.5,30,132158.662847,True
0.0,30,132203.471149,False
2.8,30,132255.376599,True
0.0,30,132297.505012,False
2.7,30,132344.284709,True
0.0,30,132392.507716,False
2.8,30,132750.063215,True
2.3,30,132793.67643,True
0.0,30,132841.385839,False
2.8,30,132892.262202,True
2.9,30,132938.385193,True
0.0,30,132993.334197,False
0.0,30,133043.458572,False
0.0,30,133090.658273,False
0.0,30,133135.610623,False
0.0,30,133177.373297,False
3.0,30,133229.589839,True
0.0,30,133277.111445,False
2.5,30,133324.355633,True
0.0,30,133365.839257,False
0.0,30,133412.252287,False
0.0,30,133456.883701,False
2.9,30,133500.95593,True
0.0,30,133558.618804,False
2.8,30,133605.701042,True
2.8,30,133656.902089,True
2.5,30,133701.782109,True
0.0,30,133750.180039,False
0.0,30,133800.139418,False
3.0,30,133847.263665,True
0.6,30,133894.030594,True
2.0,30,133945.905171,True
0.6,30,133993.358799,True
2.6,30,134039.255992,True
0.0,30,134092.882429,False
2.7,30,134143.388884,True
2.7,30,134189.020278,True
3.0,30,134236.507786,True
2.9,30,134284.199942,True
0.0,30,134343.309083,False
2.7,30,134678.131509,True
0.0,30,134725.123061,False
0.0,30,134774.376034,False
2.1,30,134819.291644,True
2.7,30,134870.313529,True
2.6,30,134921.61063,True
2.6,30,134971.96343,True
2.8,30,135017.276718,True
2.7,30,135060.792125,True
0.0,30,135108.809782,False
0.0,30,135155.746579,False
3.0,30,135205.118778,True
0.0,30,135253.84159,False
2.5,30,135301.880661,True
1.1,30,135345.066494,True
0.0,30,135394.405876,False
2.0,30,135441.932583,True
0.0,30,135487.972107,False
0.0,30,135536.653347,False
2.8,30,135583.769163,True
0.0,30,135628.703158,False
0.0,30,135679.313255,False
2.4,30,135728.883144,True
2.8,30,135779.711495,True
2.9,30,135831.656564,True
2.8,30,135888.219494,True
2.1,30,135937.236395,True
0.0,30,135983.753935,False
2.2,30,136027.44746,True
2.6,30,136072.073727,True
0.0,30,136119.616608,False
2.7,30,136164.185827,True
0.0,30,136216.00687,False
0.0,30,136265.198551,False
0.0,30,136578.865273,False
0.0,30,136628.623004,False
0.0,30,136677.138382,False
0.7,30,136723.365466,True
2.8,30,136768.543545,True
1.9,30,136817.414408,True
2.6,30,136872.942506,True
0.0,30,136915.165911,False
2.8,30,136963.445837,True
2.2,30,137005.159648,True
0.0,30,137052.466021,False
0.0,30,137105.491599,False
0.0,30,137157.180177,False
0.0,30,137205.914953,False
2.7,30,137246.921618,True
2.6,30,137297.250925,True
0.0,30,137345.577015,False
2.6,30,137392.961974,True
1.7,30,137439.556662,True
0.0,30,137486.156939,False
1.9,30,137537.632341,True
2.4,30,137589.694103,True
0.0,30,137638.746052,False
0.0,30,137692.241949,False
2.7,30,137736.547432,True
2.4,30,137782.611259,True
0.0,30,137829.214699,False
0.0,30,137878.225165,False
0.0,30,137929.123356,False
2.5,30,137983.95662,True
1.6,30,138031.926371,True
0.0,30,138075.425852,False
2.6,30,138127.939031,True
2.4,30,138180.347177,True
2.9,30,138228.231995,True
0.0,30,138579.461303,False
0.0,30,138626.984969,False
0.0,30,138676.479017,False
2.5,30,138720.054104,True
2.1,30,138772.348071,True
2.8,30,138817.891763,True
0.0,30,138866.465685,False
0.0,30,138919.516918,False
0.0,30,138966.61513,False
0.0,30,139004.925385,False
2.9,30,139052.239062,True
0.0,30,139105.201389,False
2.5,30,139155.542192,True
2.7,30,139200.177072,True
2.6,30,139249.502167,True
1.6,30,139294.673796,True
2.4,30,139340.633945,True
1.0,30,139388.419574,True
0.0,30,139432.504662,False
2.0,30,139480.293486,True
0.0,30,139528.335454,False
0.0,30,139578.079326,False
2.8,30,139638.761981,True
0.0,30,139684.995021,False
0.0,30,139729.901172,False
2.7,30,139778.332605,True
2.6,30,139825.292994,True
0.0,30,139871.513448,False
2.6,30,139919.524441,True
0.0,30,139961.602128,False
2.7,30,140004.128989,True
2.8,30,140050.963615,True
2.2,30,140095.55614,True
2.6,30,140144.23231,True
0.0,30,140482.94868,False
0.0,30,140531.984942,False
2.5,30,140582.9014,True
3.0,30,140634.929095,True
3.0,30,140687.359315,True
0.0,30,140737.265297,False
0.0,30,140792.48579,False
0.0,30,140841.570189,False
2.4,30,140890.896302,True
1.9,30,140942.834551,False
0.0,30,140987.215902,False
0.0,30,141036.391803,False
2.7,30,141081.449893,True
2.7,30,141130.354658,True
0.0,30,141183.185179,False
2.9,30,141232.501208,True
0.0,30,141277.824169,False
2.8,30,141328.221942,True
0.0,30,141377.104609,False
0.0,30,141423.224141,False
0.0,30,141468.123859,False
0.0,30,141512.148627,False
0.0,30,141556.629224,False
2.1,30,141599.192724,True
0.0,30,141643.748714,False
0.0,30,141690.389648,False
2.6,30,141738.391223,True
0.0,30,141783.027742,False
0.0,30,141831.683401,False
2.7,30,141876.859103,True
2.6,30,141924.173219,True
2.7,30,141972.238469,False
0.0,30,142015.82881,False
1.1,30,142064.242733,True
0.0,30,142464.501925,False
0.0,30,142507.452065,False
0.0,30,142552.401366,False
0.0,30,142597.115511,False
0.0,30,142645.689708,False
2.8,30,142704.608778,True
2.7,30,142749.578483,True
1.9,30,142797.48061,True
1.8,30,142850.589327,True
2.8,30,142897.086155,True
2.8,30,142947.073945,True
0.0,30,142994.164608,False
2.1,30,143035.464268,True
0.0,30,143081.97756,False
1.0,30,143128.832244,True
2.8,30,143177.426927,True
0.0,30,143227.068001,False
2.7,30,143276.496591,True
0.0,30,143323.930204,False
0.0,30,143372.689568,False
0.0,30,143424.944676,False
0.0,30,143470.084261,False
0.0,30,143528.456275,False
1.9,30,143581.033578,True
2.9,30,143627.623604,True
3.0,30,143681.291956,True
0.0,30,143732.802262,False
0.0,30,143782.805524,False
2.7,30,143833.703301,True
0.0,30,143894.111756,False
0.0,30,143938.034904,False
0.0,30,143986.954239,False
0.0,30,144030.671441,False
0.0,30,144082.362594,False
2.6,30,144424.495619,True
2.9,30,144467.850763,True
1.6,30,144517.96287,True
0.0,30,144562.01508,False
2.6,30,144610.280787,True
0.0,30,144654.687912,False
0.0,30,144699.87381,False
1.1,30,144747.448182,True
2.3,30,144798.822893,True
0.0,30,144851.112806,False
0.0,30,144896.618113,False
1.0,30,144943.272699,True
2.9,30,145003.145683,True
0.0,30,145054.587139,False
0.0,30,145100.170369,False
0.0,30,145150.344717,False
0.0,30,145201.488291,False
2.8,30,145255.091209,True
0.0,30,145306.754789,False
0.0,30,145357.866303,False
0.0,30,145408.23118,False
2.9,30,145458.567839,True
3.0,30,145510.063045,True
2.9,30,145561.022628,True
2.2,30,145607.174214,True
0.0,30,145657.113607,False
0.0,30,145706.831728,False
1.6,30,145755.289012,True
0.0,30,145799.332967,False
3.0,30,145843.231899,True
2.9,30,145889.842396,True
0.0,30,145936.918594,False
0.0,30,145988.31913,False
0.0,30,146034.073236,False
2.8,30,146363.635842,True
2.9,30,146418.265862,True
2.6,30,146467.878096,True
2.7,30,146511.43507,True
2.8,30,146559.171382,True
2.8,30,146601.560944,True
3.0,30,146642.825715,True
0.9,30,146695.830506,False
1.4,30,146744.346599,False
0.4,30,146794.732434,True
2.8,30,146841.970647,True
2.7,30,146886.38903,True
2.8,30,146928.738323,True
2.0,30,146975.525919,True
2.6,30,147024.840165,True
0.0,30,147072.739254,False
2.8,30,147123.913577,True
2.7,30,147172.050984,True
2.7,30,147220.269336,True
1.3,30,147266.868484,True
0.0,30,147314.042046,False
0.0,30,147358.631316,False
2.8,30,147401.545609,True
0.0,30,147442.133084,False
2.8,30,147481.734047,True
0.0,30,147524.984056,False
2.3,30,147569.716768,True
2.8,30,147614.462734,True
3.0,30,147675.724058,True
0.0,30,147730.783228,False
0.0,30,147777.957831,False
2.7,30,147824.770261,True
2.4,30,147869.981097,True
2.5,30,147919.695226,True
0.0,30,148246.892719,False
0.0,30,148289.973752,False
0.0,30,148334.388419,False
0.0,30,148377.529804,False
2.0,30,148426.766058,True
0.0,30,148475.300592,False
0.0,30,148522.304733,False
0.0,30,148570.335035,False
0.0,30,148618.462632,False
0.0,30,148664.65295,False
0.0,30,148715.877333,False
0.0,30,148764.65774,False
0.0,30,148811.107294,False
1.7,30,148856.205535,True
2.2,30,148902.726344,True
1.6,30,148952.451799,True
2.6,30,149005.258236,True
0.0,30,149052.355737,False
2.8,30,149097.502032,True
0.0,30,149145.540006,False
0.0,30,149193.57749,False
0.0,30,149237.220091,False
0.0,30,149284.965591,False
0.0,30,149330.855013,False
0.0,30,149376.198192,False
0.0,30,149424.615286,False
2.8,30,149472.894097,True
0.0,30,149516.796268,False
0.0,30,149571.573037,False
0.0,30,149616.486648,False
2.7,30,149666.625898,True
2.7,30,149713.965313,True
0.0,30,149756.845667,False
2.6,30,149804.272605,True
2.7,30,150133.934905,True
2.1,30,150182.732679,True
0.0,30,150224.98478,False
0.0,30,150271.681698,False
2.5,30,150318.116377,True
0.0,30,150373.61154,False
2.7,30,150418.656136,True
2.7,30,150463.330934,True
2.3,30,150510.604362,True
2.4,30,150561.487033,True
0.0,30,150607.872719,False
0.0,30,150651.559257,False
2.9,30,150693.033133,True
2.7,30,150737.323496,True
2.7,30,150785.239211,True
2.6,30,150850.095743,True
2.8,30,150893.589337,True
0.0,30,150942.810846,False
0.0,30,150990.442951,False
2.7,30,151033.886316,True
0.0,30,151079.206583,False
2.2,30,151127.792885,True
0.0,30,151171.867497,False
0.0,30,151213.339062,False
2.8,30,151260.967119,True
0.0,30,151314.533146,False
2.7,30,151363.187716,True
0.4,30,151405.608659,False
0.0,30,151452.371354,False
0.0,30,151500.456581,False
0.0,30,151543.870056,False
0.7,30,151590.096492,False
2.8,30,151636.775385,True
3.0,30,151683.843704,True
2.5,30,151729.301489,True
0.0,30,152046.243661,False
2.5,30,152108.831483,True
2.8,30,152157.155768,True
0.0,30,152206.862419,False
2.8,30,152255.089325,True
3.0,30,152304.106241,True
2.0,30,152350.275956,True
2.3,30,152396.846111,True
2.9,30,152453.030037,True
2.5,30,152500.68047,True
2.6,30,152552.01428,True
2.9,30,152598.534721,True
2.8,30,152646.165067,True
0.0,30,152694.209114,False
2.3,30,152738.423852,True
0.0,30,152785.616421,False
0.0,30,152830.686789,False
0.0,30,152882.415706,False
2.6,30,152928.951011,True
0.0,30,152974.877914,False
2.6,30,153018.831516,True
0.0,30,153058.836395,False
2.7,30,153154.554982,True
0.0,30,153202.687216,False
1.9,30,153245.913007,True
1.4,30,153292.878727,True
0.0,30,153341.820065,False
0.0,30,153387.90744,False
1.2,30,153436.812766,True
0.0,30,153493.720318,False
0.0,30,153541.770934,False
0.1,30,153594.785122,False
0.0,30,153639.650154,False
2.7,30,153683.441442,True
0.0,30,154019.07274,False
0.0,30,154065.301966,False
0.0,30,154111.578226,False
1.5,30,154152.470493,True
2.4,30,154201.575747,True
2.6,30,154257.93713,True
0.0,30,154307.671943,False
2.9,30,154354.368828,True
3.0,30,154401.41371,True
2.7,30,154453.497418,True
2.9,30,154504.138525,True
0.0,30,154548.162806,False
0.0,30,154601.397973,False
0.0,30,154649.405914,False
2.9,30,154698.246645,True
0.0,30,154740.885352,False
2.6,30,154784.058538,True
0.0,30,154830.09011,False
2.1,30,154873.566784,True
0.0,30,154915.656136,False
0.0,30,154983.122873,False
2.7,30,155030.567325,True
0.0,30,155075.38495,False
0.0,30,155123.090025,False
2.7,30,155168.854621,True
1.6,30,155215.236054,True
0.0,30,155275.015765,False
3.0,30,155321.762223,True
0.0,30,155364.913313,False
2.8,30,155406.45617,True
0.0,30,155450.460382,False
1.4,30,155493.671834,False
2.6,30,155539.435127,True
0.0,30,155588.543656,False
0.0,30,155933.657857,False
2.4,30,155976.74316,True
1.7,30,156021.848425,True
0.0,30,156065.782207,False
0.0,30,156111.861111,False
0.5,30,156163.817404,True
2.1,30,156221.246097,True
2.8,30,156282.036466,True
0.9,30,156328.732986,True
0.0,30,156379.76384,False
0.0,30,156434.427001,False
0.0,30,156477.199468,False
1.8,30,156529.782624,True
2.8,30,156579.454844,True
0.0,30,156628.758482,False
0.0,30,156679.907481,False
0.0,30,156721.540716,False
0.0,30,156769.599639,False
2.8,30,156821.135729,True
0.0,30,156865.496889,False
0.0,30,156909.142456,False
0.0,30,156957.808741,False
0.0,30,157005.735441,False
0.0,30,157054.318461,False
1.3,30,157117.201504,True
2.4,30,157163.495115,True
0.0,30,157207.831326,False
2.8,30,157253.448976,True
0.0,30,157300.237144,False
0.0,30,157349.790705,False
0.0,30,157398.233958,False
2.0,30,157446.36426,True
0.0,30,157493.612437,False
2.4,30,157538.389942,True
0.0,30,157903.179017,False
2.8,30,157951.801997,True
0.0,30,157998.981651,False
0.0,30,158059.849127,False
2.9,30,158104.753668,True
2.7,30,158147.83555,True
2.9,30,158197.318644,True
1.4,30,158248.442121,True
0.0,30,158294.201172,False
2.8,30,158342.33991,True
0.0,30,158394.744093,False
2.4,30,158440.079521,True
0.0,30,158482.993046,False
2.8,30,158528.542524,True
2.5,30,158573.913478,True
2.7,30,158614.72716,True
2.8,30,158662.290611,True
2.4,30,158709.838773,True
0.0,30,158763.664649,False
2.7,30,158818.026123,True
2.8,30,158863.248749,True
0.0,30,158908.593711,False
2.7,30,158955.320225,True
2.3,30,159005.458445,True
0.0,30,159051.296575,False
1.8,30,159101.087616,True
2.6,30,159148.518717,True
2.8,30,159189.786177,True
2.5,30,159239.205336,True
2.0,30,159287.574683,True
0.0,30,159331.66814,False
0.0,30,159379.196724,False
2.3,30,159426.775664,True
0.4,30,159473.009909,True
0.0,30,159825.626298,False
0.0,30,159868.967906,False
0.9,30,159917.167858,True
0.0,30,159980.228733,False
0.0,30,160040.698222,False
0.0,30,160090.180897,False
0.0,30,160135.302547,False
2.7,30,160182.093868,True
2.8,30,160229.332117,True
0.0,30,160282.038307,False
0.0,30,160324.696867,False
0.0,30,160368.423743,False
0.0,30,160418.699215,False
2.4,30,160466.932012,True
0.0,30,160515.289317,False
2.4,30,160556.144036,True
0.0,30,160604.432851,False
0.0,30,160650.306562,False
0.0,30,160698.538391,False
2.8,30,160754.123415,True
0.0,30,160803.567946,False
0.0,30,160852.889096,False
0.0,30,160899.786348,False
0.0,30,160947.9655,False
3.0,30,160992.961855,True
2.3,30,161039.427071,True
0.0,30,161098.70795,False
0.0,30,161142.407254,False
2.3,30,161192.137381,False
3.0,30,161237.20191,True
0.0,30,161295.455332,False
2.3,30,161336.913486,True
3.0,30,161377.867612,True
2.7,30,161450.584046,True
2.6,30,161754.185628,True
2.8,30,161802.261386,True
0.0,30,161851.130209,False
0.0,30,161896.886881,False
1.5,30,161944.472927,True
2.8,30,161993.459752,True
0.0,30,162039.025977,False
2.5,30,162087.080535,True
2.6,30,162135.101832,True
0.0,30,162183.056527,False
0.0,30,162240.810907,False
0.0,30,162290.681062,False
2.3,30,162333.751438,True
2.5,30,162384.973102,True
1.9,30,162432.155173,True
2.1,30,162478.535806,True
0.0,30,162523.622495,False
2.7,30,162572.291723,True
2.4,30,162621.390268,True
0.0,30,162667.156888,False
2.2,30,162718.001716,True
0.0,30,162766.433007,False
0.0,30,162815.051239,False
0.0,30,162859.678211,False
3.0,30,162909.747692,True
2.7,30,162958.976736,True
2.6,30,163003.687035,True
2.8,30,163059.894354,True
0.0,30,163104.2705,False
0.0,30,163150.672899,False
0.0,30,163199.352708,False
2.8,30,163243.359622,True
2.4,30,163288.951358,True
0.0,30,163336.731238,False
1.4,30,163653.781342,True
0.0,30,163698.144112,False
0.0,30,163739.712179,False
0.0,30,163788.611569,False
2.7,30,163834.765471,True
0.0,30,163882.780936,False
0.0,30,163931.701727,False
2.5,30,163982.023663,True
0.0,30,164023.537128,False
0.0,30,164067.643902,False
2.7,30,164117.994836,True
3.0,30,164166.886832,True
0.0,30,164219.124691,False
2.1,30,164265.307476,True
2.5,30,164310.788988,True
2.8,30,164354.7431,True
0.0,30,164405.371315,False
0.0,30,164453.447495,False
0.0,30,164498.731367,False
0.0,30,164548.49909,False
0.0,30,164599.358593,False
2.4,30,164646.012856,True
2.9,30,164698.357147,True
2.7,30,164747.361435,True
2.9,30,164793.235655,True
0.0,30,164845.872016,False
0.0,30,164896.176079,False
0.0,30,164951.667443,False
0.4,30,164997.696641,True
2.3,30,165050.150981,True
2.6,30,165092.803499,True
0.0,30,165137.814529,False
0.0,30,165183.880855,False
1.1,30,165236.290852,False
0.0,30,165541.285296,False
0.0,30,165586.631415,False
0.0,30,165631.179398,False
2.2,30,165675.203804,True
2.8,30,165721.800935,True
3.0,30,165776.744671,True
2.8,30,165823.300107,True
0.0,30,165878.0869,False
2.7,30,165923.971013,True
0.0,30,165969.395209,False
0.0,30,166017.03286,False
0.0,30,166073.034367,False
2.2,30,166119.15455,True
2.6,30,166165.028857,True
0.0,30,166218.720505,False
0.0,30,166272.725169,False
0.0,30,166320.927781,False
0.0,30,166368.06716,False
1.9,30,166420.11812,True
0.0,30,166471.873322,False
2.6,30,166520.201567,True
0.0,30,166565.16529,False
0.0,30,166612.104974,False
0.0,30,166660.127061,False
0.0,30,166707.184851,False
2.7,30,166752.17199,True
3.0,30,166795.929018,True
2.6,30,166838.212802,True
0.0,30,166883.448786,False
2.9,30,166928.232527,True
0.0,30,166979.359455,False
2.5,30,167023.903386,True
1.9,30,167068.29557,True
2.9,30,167117.453963,True
0.0,30,167161.170147,False
0.0,30,167471.133512,False
0.0,30,167513.988301,False
2.8,30,167558.820513,True
0.0,30,167607.3291,False
0.0,30,167653.211862,False
3.0,30,167700.731708,True
0.0,30,167748.182482,False
2.5,30,167792.499403,True
0.0,30,167834.436053,False
2.6,30,167884.266668,True
2.8,30,167927.283182,True
0.0,30,167967.382112,False
0.0,30,168011.390288,False
0.1,30,168060.559836,False
0.0,30,168107.947666,False
0.0,30,168156.733067,False
0.0,30,168205.645603,False
2.7,30,168251.907091,True
0.0,30,168296.866993,False
0.0,30,168345.771999,False
0.0,30,168390.257927,False
2.8,30,168437.160834,True
0.0,30,168489.79554,False
0.9,30,168533.566899,False
0.0,30,168577.222958,False
2.8,30,168628.083438,True
2.8,30,168671.208449,True
0.0,30,168713.21844,False
0.0,30,168759.31401,False
2.7,30,168809.061032,True
2.7,30,168853.588274,True
0.0,30,168909.660966,False
2.7,30,168951.202014,True
0.0,30,168996.682143,False
2.5,30,169298.554007,True
2.7,30,169345.69325,True
0.0,30,169391.830164,False
0.0,30,169439.755232,False
1.5,30,169481.683712,True
0.0,30,169532.012749,False
2.9,30,169577.080975,True
2.4,30,169626.773876,True
0.0,30,169670.304514,False
2.3,30,169719.982623,True
0.0,30,169766.9924,False
0.0,30,169816.689218,False
0.0,30,169860.862397,False
0.0,30,169906.29576,False
0.0,30,169959.199447,False
0.0,30,170005.755576,False
0.0,30,170049.147698,False
3.0,30,170097.111428,True
2.9,30,170142.846304,True
2.2,30,170188.526997,True
2.6,30,170235.213825,True
0.0,30,170290.838677,False
0.0,30,170338.972323,False
2.4,30,170379.801431,True
2.9,30,170423.331517,True
0.0,30,170473.637769,False
0.0,30,170518.132774,False
2.8,30,170558.153085,True
2.7,30,170605.506172,True
0.0,30,170648.598221,False
0.0,30,170714.621096,False
0.0,30,170765.991706,False
2.7,30,170811.46588,True
0.0,30,170874.795726,False
2.7,30,171163.879311,True
3.0,30,171209.509225,True
1.3,30,171253.149893,True
0.0,30,171297.839764,False
0.0,30,171345.864785,False
3.0,30,171394.092722,True
0.0,30,171438.326955,False
2.0,30,171479.507397,True
1.9,30,171525.316456,True
0.0,30,171567.962358,False
0.0,30,171610.401835,False
2.9,30,171659.39346,True
2.8,30,171706.310163,True
0.0,30,171754.002514,False
2.9,30,171805.074166,True
0.0,30,171851.260671,False
2.8,30,171897.314086,True
0.0,30,171944.893532,False
0.0,30,171998.257149,False
0.0,30,172040.400082,False
2.8,30,172094.897089,True
2.0,30,172142.972647,True
0.0,30,172190.536084,False
3.0,30,172237.537993,True
0.0,30,172292.445917,False
0.0,30,172333.898978,False
0.0,30,172380.762809,False
0.0,30,172427.73458,False
0.0,30,172474.105027,False
2.9,30,172523.350394,True
0.0,30,172579.906833,False
0.0,30,172627.942199,False
2.7,30,172675.445923,True
2.0,30,172719.757622,True
0.0,30,172993.713943,False
0.0,30,173040.224114,False
0.0,30,173087.272671,False
2.9,30,173129.542379,True
0.0,30,173173.191502,False
0.0,30,173223.826947,False
1.5,30,173268.694198,True
0.0,30,173317.484696,False
3.0,30,173362.106279,True
0.0,30,173413.116199,False
2.5,30,173455.973219,True
2.8,30,173508.718173,True
0.0,30,173556.471889,False
0.0,30,173602.732097,False
0.0,30,173649.413863,False
0.0,30,173688.869276,False
0.0,30,173734.117869,False
2.9,30,173776.551027,True
0.0,30,173822.085597,False
0.0,30,173869.64339,False
0.0,30,173905.272391,False
2.5,30,173950.245036,True
0.0,30,173994.393074,False
2.8,30,174047.626612,True
1.8,30,174088.469691,True
0.0,30,174134.380132,False
0.0,30,174180.11746,False
2.7,30,174230.630515,True
2.2,30,174285.16589,True
0.0,30,174328.702497,False
2.3,30,174383.16981,True
0.0,30,174437.691124,False
0.0,30,174489.090426,False
0.0,30,174535.339136,False
2.4,30,174823.243335,True
0.0,30,174867.760031,False
0.0,30,174911.589946,False
0.0,30,174955.469409,False
0.0,30,175000.551304,False
2.6,30,175043.805434,True
0.0,30,175090.046149,False
0.0,30,175135.947071,False
0.0,30,175192.679283,False
2.7,30,175234.557783,True
0.0,30,175280.235288,False
2.8,30,175322.350547,True
1.1,30,175366.717853,True
0.0,30,175411.930728,False
2.8,30,175456.14257,True
0.0,30,175502.571292,False
0.0,30,175544.937801,False
0.0,30,175591.495336,False
2.1,30,175637.027858,True
1.3,30,175682.694999,True
2.3,30,175728.009117,True
0.0,30,175775.272036,False
2.5,30,175819.63947,True
0.0,30,175865.817565,False
0.0,30,175907.91481,False
2.5,30,175952.097956,True
0.0,30,175997.528149,False
0.0,30,176042.77212,False
0.0,30,176091.88105,False
0.0,30,176139.47451,False
0.0,30,176183.182861,False
2.7,30,176220.018968,True
0.0,30,176266.492898,False
0.0,30,176312.454937,False
0.0,30,176584.820625,False
0.0,30,176633.680069,False
0.0,30,176678.878433,False
2.9,30,176727.095584,True
3.0,30,176769.575372,True
0.0,30,176811.123528,False
1.6,30,176860.561095,True
2.3,30,176910.760699,True
2.5,30,176955.164498,True
0.0,30,177012.858362,False
2.0,30,177060.622889,True
2.8,30,177105.706585,True
0.0,30,177147.685973,False
0.0,30,177193.351101,False
1.9,30,177239.779836,True
0.0,30,177288.599437,False
0.0,30,177337.377604,False
0.0,30,177389.708978,False
0.0,30,177436.272711,False
2.4,30,177480.368447,True
2.3,30,177528.611836,True
2.3,30,177579.104964,True
2.5,30,177619.995482,True
0.0,30,177663.793598,False
2.8,30,177704.778166,True
3.0,30,177750.15346,True
0.0,30,177789.857782,False
0.0,30,177832.61291,False
0.0,30,177876.111159,False
2.6,30,177924.133992,True
2.5,30,177969.597339,True
0.0,30,178011.529083,False
2.7,30,178053.142548,True
0.0,30,178094.851874,False
0.0,30,178393.139451,False
1.9,30,178444.878813,True
2.5,30,178493.751523,True
0.0,30,178539.752197,False
0.0,30,178588.991745,False
1.9,30,178629.530755,True
0.0,30,178674.585809,False
2.7,30,178725.287392,True
2.8,30,178786.40444,True
2.9,30,178832.860675,True
0.0,30,178883.074319,False
0.0,30,178927.405713,False
3.0,30,178970.476901,True
2.8,30,179020.329021,True
2.7,30,179062.94959,True
2.2,30,179112.763866,True
0.0,30,179163.994455,False
2.4,30,179206.421778,True
0.0,30,179257.109399,False
0.0,30,179300.449203,False
2.2,30,179341.319183,True
2.1,30,179387.492306,True
2.5,30,179437.073538,True
0.0,30,179485.378776,False
0.0,30,179529.645842,False
0.0,30,179580.575868,False
0.0,30,179629.16725,False
0.0,30,179675.459683,False
3.0,30,179717.848181,True
0.0,30,179766.46961,False
2.6,30,179812.337943,True
2.9,30,179859.653247,True
0.0,30,179909.07251,False
0.0,30,179955.613379,False
3.0,30,180003.749246,True
0.0,30,180362.108559,False
0.0,30,180410.576789,False
0.0,30,180460.810464,False
0.0,30,180505.342402,False
0.0,30,180549.544947,False
0.0,30,180597.704767,False
2.7,30,180643.567595,True
0.0,30,180690.173881,False
1.9,30,180746.406991,True
0.0,30,180792.178771,False
0.0,30,180839.403293,False
0.0,30,180887.98773,False
2.4,30,180933.47191,True
0.0,30,180982.100383,False
2.8,30,181028.82475,True
2.4,30,181077.576966,True
0.0,30,181124.32881,False
0.0,30,181170.964663,False
1.5,30,181212.239676,True
0.0,30,181260.209824,False
0.0,30,181314.02022,False
2.3,30,181358.71558,True
2.3,30,181407.70307,True
3.0,30,181453.475853,True
1.2,30,181501.155872,False
2.7,30,181545.497564,True
2.9,30,181595.065778,True
0.6,30,181637.016205,True
0.0,30,181685.674782,False
2.5,30,181730.870851,True
0.0,30,181774.386287,False
0.0,30,181820.129917,False
0.0,30,181865.011385,False
2.9,30,181910.146219,True
0.0,30,182277.206426,False
0.0,30,182327.076812,False
0.0,30,182375.498912,False
2.4,30,182426.578616,True
3.0,30,182471.112552,True
2.8,30,182510.57543,True
1.2,30,182567.341057,True
0.0,30,182612.940912,False
0.0,30,182662.889343,False
0.0,30,182709.184637,False
2.6,30,182755.134937,True
2.7,30,182799.531484,True
0.0,30,182848.262354,False
0.0,30,182897.921192,False
0.0,30,182944.084295,False
0.0,30,182987.063816,False
0.0,30,183035.766144,False
1.1,30,183081.764225,True
0.0,30,183126.91396,False
0.0,30,183174.132584,False
2.5,30,183217.804329,True
1.5,30,183264.608716,False
2.7,30,183311.672143,True
2.8,30,183357.738403,True
2.1,30,183413.362578,True
2.7,30,183486.713938,True
0.0,30,183533.03457,False
0.0,30,183579.953365,False
0.0,30,183637.258975,False
2.7,30,183688.003756,True
0.0,30,183731.174698,False
0.0,30,183780.395009,False
0.0,30,183825.504981,False
1.3,30,183875.748742,True
3.0,30,184217.616342,True
0.0,30,184258.156738,False
2.8,30,184305.105348,True
0.3,30,184348.426708,True
1.5,30,184391.929463,True
0.0,30,184438.082841,False
0.0,30,184485.256636,False
2.8,30,184529.618394,True
1.5,30,184575.941507,True
0.0,30,184624.876906,False
0.0,30,184674.439549,False
0.0,30,184717.964029,False
0.0,30,184763.822536,False
2.4,30,184805.750934,True
0.0,30,184854.724101,False
0.0,30,184911.169175,False
2.3,30,184962.515982,True
0.0,30,185009.863519,False
0.0,30,185056.846303,False
2.5,30,185101.99803,True
0.0,30,185148.628785,False
0.0,30,185194.170288,False
0.0,30,185254.539897,False
0.0,30,185313.785466,False
1.7,30,185363.853681,True
2.2,30,185408.037841,True
0.0,30,185452.377406,False
0.0,30,185495.176393,False
2.8,30,185535.818911,True
2.5,30,185581.529557,True
2.7,30,185629.104318,True
0.0,30,185673.700227,False
0.0,30,185716.810908,False
0.0,30,185762.840587,False
0.0,30,186140.855684,False
0.0,30,186187.0085,False
0.0,30,186247.581431,False
2.8,30,186294.399291,True
2.0,30,186343.172856,True
0.0,30,186389.249342,False
2.6,30,186438.247471,True
0.0,30,186480.934589,False
0.0,30,186533.894492,False
0.0,30,186586.856881,False
0.0,30,186632.26011,False
2.7,30,186688.072382,True
2.7,30,186740.927673,True
2.2,30,186791.980444,True
0.0,30,186838.264791,False
2.9,30,186882.044016,True
2.7,30,186936.131999,True
0.0,30,186981.277657,False
1.9,30,187026.949473,True
0.0,30,187070.897306,False
0.0,30,187121.929893,False
2.9,30,187165.4915,True
3.0,30,187212.053361,True
0.0,30,187274.376756,False
0.0,30,187321.775574,False
0.0,30,187366.602733,False
2.5,30,187411.258463,True
0.0,30,187461.327921,False
1.5,30,187502.092432,True
2.9,30,187546.564351,True
2.7,30,187590.264875,True
2.7,30,187636.825049,True
0.0,30,187688.733455,False
0.0,30,187734.049648,False
0.0,30,188104.710793,False
2.6,30,188155.191089,True
0.0,30,188202.549926,False
2.4,30,188250.52526,True
0.0,30,188296.202002,False
2.7,30,188338.150886,True
0.0,30,188386.103637,False
0.0,30,188435.979732,False
0.0,30,188483.965416,False
2.8,30,188530.533639,True
2.1,30,188572.217656,True
2.3,30,188622.697698,True
2.8,30,188665.772898,True
0.0,30,188716.15098,False
2.4,30,188765.427372,True
2.5,30,188815.638647,True
2.8,30,188871.368455,True
2.9,30,188916.312446,True
2.1,30,188963.448702,True
0.0,30,189012.584678,False
0.0,30,189067.696565,False
2.7,30,189116.033577,True
0.0,30,189159.395605,False
2.8,30,189211.373991,True
0.0,30,189264.975019,False
0.0,30,189310.928209,False
1.3,30,189355.768996,True
0.4,30,189405.775791,False
3.0,30,189451.381354,True
0.0,30,189497.405007,False
3.0,30,189541.651195,True
2.8,30,189593.405127,True
0.0,30,189640.259953,False
2.7,30,189690.392946,True
0.0,30,190021.066029,False
0.0,30,190066.283094,False
2.6,30,190113.122224,True
0.0,30,190160.180972,False
0.0,30,190207.209571,False
2.7,30,190251.051343,True
0.0,30,190295.613751,False
1.2,30,190341.597638,True
0.0,30,190389.013661,False
0.0,30,190445.763294,False
2.9,30,190492.889876,True
0.0,30,190538.944974,False
2.9,30,190585.835297,True
0.0,30,190632.941636,False
2.7,30,190679.462624,True
2.2,30,190732.70892,True
2.3,30,190782.325135,True
0.0,30,190830.684637,False
0.0,30,190875.807219,False
0.0,30,190923.347623,False
0.0,30,190975.968219,False
2.7,30,191016.297172,True
0.0,30,191064.623651,False
2.6,30,191111.05806,True
0.0,30,191157.300019,False
0.0,30,191202.773405,False
0.0,30,191250.291446,False
2.8,30,191295.11264,True
0.0,30,191356.705642,False
0.0,30,191411.923123,False
2.1,30,191463.404588,True
0.0,30,191510.844319,False
2.6,30,191558.772356,True
2.5,30,191604.985366,True
2.5,30,191949.571588,True
0.0,30,192000.02798,False
0.1,30,192048.571786,True
0.0,30,192095.624323,False
0.0,30,192141.525846,False
0.0,30,192183.704634,False
0.0,30,192229.564157,False
0.0,30,192272.922606,False
2.5,30,192317.343561,True
2.9,30,192361.061908,True
0.0,30,192406.420763,False
0.0,30,192448.475469,False
0.0,30,192493.200916,False
0.0,30,192535.06266,False
0.0,30,192582.481667,False
3.0,30,192630.982314,True
0.0,30,192676.256818,False
0.0,30,192720.806245,False
2.0,30,192773.174582,True
0.0,30,192818.794123,False
2.0,30,192863.153108,True
2.1,30,192904.197738,True
2.2,30,192952.857242,True
0.0,30,193003.835997,False
0.0,30,193052.157373,False
0.0,30,193097.891189,False
0.0,30,193143.773855,False
1.0,30,193190.117542,False
0.0,30,193234.647401,False
2.9,30,193280.048255,True
2.7,30,193323.903869,True
0.0,30,193368.768631,False
2.9,30,193413.276572,True
0.0,30,193476.958759,False
0.0,30,193840.752997,False
0.0,30,193884.773722,False
1.8,30,193933.209165,True
2.7,30,193978.007348,True
2.7,30,194031.911212,True
2.8,30,194083.869009,True
2.6,30,194128.821584,True
0.0,30,194179.609204,False
0.0,30,194227.635819,False
1.8,30,194276.224909,True
0.0,30,194322.574693,False
0.0,30,194367.16917,False
0.0,30,194414.976649,False
0.0,30,194465.222283,False
2.8,30,194514.282797,True
1.7,30,194560.990505,True
2.7,30,194606.549655,True
0.0,30,194657.039978,False
0.0,30,194705.54802,False
2.6,30,194750.690642,True
2.2,30,194797.172651,True
2.5,30,194848.281067,True
2.9,30,194890.841075,True
2.6,30,194936.917639,True
2.6,30,194988.386951,True
2.9,30,195031.059139,True
2.2,30,195072.857802,True
2.8,30,195126.704915,True
0.0,30,195176.5407,False
1.8,30,195224.37418,True
0.0,30,195274.342637,False
0.0,30,195326.440188,False
0.9,30,195381.542825,True
2.2,30,195427.459607,True
0.0,30,195471.274802,False
0.0,30,195818.641552,False
2.8,30,195864.626811,True
2.7,30,195914.219659,True
0.0,30,195967.013052,False
0.0,30,196022.845585,False
2.3,30,196068.653754,True
0.0,30,196114.883088,False
2.8,30,196156.215491,True
2.8,30,196204.301502,True
3.0,30,196251.003991,True
2.8,30,196313.600721,True
2.7,30,196361.994626,True
2.7,30,196420.091393,True
0.0,30,196468.585536,False
0.0,30,196516.375565,False
2.2,30,196568.488576,True
0.0,30,196612.788627,False
0.0,30,196662.826141,False
3.0,30,196712.894102,True
0.0,30,196761.283896,False
0.0,30,196811.266056,False
0.0,30,196862.322335,False
0.0,30,196908.294471,False
3.0,30,196950.282252,True
0.0,30,196995.009411,False
2.9,30,197043.757347,True
2.3,30,197090.718947,True
0.0,30,197139.462202,False
0.0,30,197190.75128,False
0.0,30,197237.128081,False
2.7,30,197289.718422,True
0.0,30,197341.908798,False
0.0,30,197396.855666,False
2.4,30,197445.659482,True
2.2,30,197761.170189,True
0.0,30,197804.770491,False
0.0,30,197849.505468,False
2.7,30,197893.361932,True
0.0,30,197940.154148,False
0.0,30,197986.770142,False
2.6,30,198028.198121,True
2.8,30,198074.634091,True
0.0,30,198117.590479,False
0.0,30,198164.069409,False
0.0,30,198214.946143,False
0.0,30,198263.941788,False
0.0,30,198317.562038,False
0.0,30,198373.551171,False
0.0,30,198424.214565,False
2.8,30,198474.00716,True
0.0,30,198522.997087,False
0.0,30,198568.870527,False
0.0,30,198615.543786,False
0.0,30,198663.402927,False
2.7,30,198722.236769,True
0.0,30,198768.890843,False
0.0,30,198825.785536,False
2.1,30,198868.727385,True
2.8,30,198917.3072,True
0.0,30,198958.089581,False
0.0,30,199006.267755,False
2.8,30,199054.577973,True
2.9,30,199104.057765,True
2.9,30,199155.420596,True
0.0,30,199207.891055,False
2.5,30,199260.235077,True
0.0,30,199311.227227,False
0.0,30,199352.051664,False
2.9,30,199686.731977,True
2.6,30,199730.679443,True
2.5,30,199785.965784,True
0.0,30,199831.432735,False
2.7,30,199880.097613,True
2.8,30,199928.51888,True
0.0,30,199972.176915,False
1.5,30,200066.449021,True
1.9,30,200112.569483,True
0.0,30,200158.329755,False
0.0,30,200203.992708,False
0.0,30,200246.95074,False
0.0,30,200292.80132,False
0.0,30,200338.333701,False
0.0,30,200386.247964,False
0.0,30,200435.083028,False
0.0,30,200481.749733,False
0.0,30,200530.636479,False
0.0,30,200576.818206,False
0.0,30,200626.905588,False
2.8,30,200673.395649,True
0.0,30,200718.669115,False
0.0,30,200771.877509,False
0.0,30,200816.163589,False
2.7,30,200860.784732,True
2.7,30,200916.122574,True
0.0,30,200972.227444,False
0.0,30,201027.239116,False
0.0,30,201078.284069,False
0.0,30,201122.642059,False
0.0,30,201168.367182,False
0.0,30,201211.942419,False
0.0,30,201257.528597,False
0.0,30,201303.431967,False
0.0,30,201653.57613,False
2.7,30,201703.039153,True
0.0,30,201756.673037,False
0.0,30,201810.862934,False
3.0,30,201861.153236,True
2.4,30,201906.612059,True
0.0,30,201945.940131,False
0.0,30,201991.219607,False
0.0,30,202036.939505,False
2.4,30,202078.37958,True
2.5,30,202128.729872,True
0.0,30,202178.492939,False
1.4,30,202223.362404,False
2.8,30,202276.062372,True
2.3,30,202322.246633,True
0.0,30,202366.638487,False
0.0,30,202408.736956,False
2.2,30,202451.371747,True
0.0,30,202505.127793,False
0.0,30,202552.201228,False
2.6,30,202596.007815,True
0.0,30,202642.139712,False
0.0,30,202687.256487,False
2.7,30,202735.854526,True
0.0,30,202789.945271,False
0.0,30,202833.760021,False
1.2,30,202875.630939,True
2.8,30,202922.483958,True
0.0,30,202964.178179,False
0.0,30,203010.664378,False
0.0,30,203057.042585,False
2.6,30,203104.639298,True
0.0,30,203151.146421,False
0.0,30,203201.177832,False
2.1,30,203547.846386,True
0.0,30,203596.727011,False
2.7,30,203653.335374,True
0.0,30,203702.219286,False
2.6,30,203769.226014,True
0.0,30,203814.885881,False
0.0,30,203868.674173,False
0.0,30,203915.087818,False
0.0,30,203963.631778,False
2.3,30,204010.359425,True
0.0,30,204056.922896,False
2.6,30,204107.490565,True
0.0,30,204148.491729,False
0.0,30,204201.833577,False
0.0,30,204245.545079,False
2.8,30,204293.411723,True
1.7,30,204340.031106,True
0.0,30,204386.534481,False
2.2,30,204431.343444,True
1.1,30,204476.842494,True
2.7,30,204523.945673,True
2.6,30,204579.104059,True
0.9,30,204624.959981,False
2.9,30,204678.277636,True
1.0,30,204723.165372,True
0.0,30,204764.256403,False
2.9,30,204810.384315,True
0.0,30,204862.536644,False
0.0,30,204909.038148,False
0.0,30,204948.087266,False
2.4,30,204989.945941,True
2.7,30,205037.172339,True
2.8,30,205083.906891,True
1.1,30,205132.474305,True
2.3,30,205465.968524,True
1.5,30,205509.351961,True
0.0,30,205559.177914,False
2.5,30,205604.456673,True
0.0,30,205652.647407,False
2.9,30,205702.224769,True
2.9,30,205750.770972,True
0.0,30,205800.822806,False
0.0,30,205848.133903,False
3.0,30,205890.753598,True
0.0,30,205936.132176,False
2.8,30,205987.303202,True
2.1,30,206036.7687,True
3.0,30,206080.786375,True
0.0,30,206128.520857,False
0.0,30,206180.718476,False
0.0,30,206226.471638,False
2.7,30,206272.609155,True
0.0,30,206319.38215,False
2.7,30,206368.427366,True
0.0,30,206417.472157,False
0.0,30,206467.026827,False
0.0,30,206509.503837,False
2.6,30,206557.717031,True
0.0,30,206613.48126,False
0.0,30,206662.256412,False
2.1,30,206704.395477,True
2.7,30,206756.788981,True
2.5,30,206802.066847,True
2.1,30,206855.643828,True
1.3,30,206901.787888,True
2.8,30,206953.963487,True
0.0,30,207000.841516,False
0.0,30,207048.441868,False
1.9,30,207381.613148,True
1.4,30,207428.24036,True
2.3,30,207474.109238,True
0.0,30,207527.756267,False
0.0,30,207572.791923,False
2.9,30,207623.318247,True
0.0,30,207669.354532,False
0.0,30,207712.925061,False
0.0,30,207758.421983,False
2.7,30,207804.100877,True
2.7,30,207851.518644,True
0.0,30,207893.964789,False
0.0,30,207949.359252,False
1.2,30,207997.844515,True
1.1,30,208040.828083,True
2.6,30,208087.073932,True
0.0,30,208131.336526,False
0.0,30,208174.399208,False
0.0,30,208214.401876,False
3.0,30,208266.279053,True
0.0,30,208313.637435,False
2.6,30,208364.066007,True
0.0,30,208409.543809,False
2.1,30,208461.084727,True
2.4,30,208508.018342,True
0.0,30,208549.075096,False
0.0,30,208593.340586,False
0.0,30,208638.040522,False
0.0,30,208688.346641,False
2.3,30,208735.817322,True
0.0,30,208779.3618,False
2.6,30,208825.215579,True
1.5,30,208867.479739,True
0.0,30,208932.550337,False
0.0,30,208981.084575,False
0.0,30,209341.446454,False
0.0,30,209388.706783,False
2.8,30,209430.101742,True
2.6,30,209475.316918,True
2.7,30,209523.673522,True
0.0,30,209567.624425,False
2.6,30,209613.74305,True
0.0,30,209660.632956,False
0.0,30,209709.132085,False
0.0,30,209756.442216,False
0.0,30,209799.492916,False
2.3,30,209846.76689,True
3.0,30,209896.860705,True
2.8,30,209944.114048,True
0.0,30,209991.796502,False
2.6,30,210043.245769,True
0.0,30,210087.237804,False
1.4,30,210132.864471,True
0.0,30,210173.76645,False
2.8,30,210229.950534,True
0.0,30,210275.53336,False
2.4,30,210324.128866,True
2.6,30,210365.80692,True
0.0,30,210414.907295,False
0.0,30,210469.948488,False
0.0,30,210522.91715,False
3.0,30,210570.458524,True
0.0,30,210621.8491,False
2.0,30,210671.048421,True
0.8,30,210717.125659,False
2.3,30,210761.833967,True
0.0,30,210808.217364,False
0.0,30,210856.746454,False
0.0,30,210903.036359,False
0.0,30,211220.643908,False
2.5,30,211264.852817,True
2.7,30,211317.112351,True
0.0,30,211361.131546,False
2.7,30,211406.108582,True
0.0,30,211450.855173,False
2.2,30,211495.284828,True
0.0,30,211538.974738,False
0.0,30,211585.002009,False
2.2,30,211634.428705,True
2.8,30,211681.996355,True
0.0,30,211725.409893,False
0.0,30,211771.059714,False
1.6,30,211817.452808,True
2.8,30,211877.684533,True
0.0,30,211923.719302,False
2.0,30,211968.700891,True
0.0,30,212015.324137,False
0.0,30,212058.143562,False
0.0,30,212120.446976,False
2.9,30,212163.854053,True
2.5,30,212212.256639,True
2.3,30,212260.153603,True
0.0,30,212305.41302,False
2.7,30,212347.704122,True
0.0,30,212396.58291,False
0.0,30,212440.059797,False
2.7,30,212488.930743,True
2.7,30,212536.583288,True
1.1,30,212590.106674,True
2.4,30,212638.009235,True
0.0,30,212681.440929,False
0.0,30,212729.84238,False
1.4,30,212772.801722,True
0.0,30,213102.828181,False
2.8,30,213150.942503,True
0.0,30,213203.6683,False
2.1,30,213254.458651,True
2.7,30,213307.344474,True
0.0,30,213350.765663,False
0.0,30,213398.087545,False
2.2,30,213446.529647,True
0.0,30,213492.038726,False
0.0,30,213535.046041,False
2.7,30,213575.428867,True
0.0,30,213656.289226,False
2.3,30,213702.75182,True
0.0,30,213747.537844,False
0.0,30,213821.09446,False
2.3,30,213866.396971,True
0.0,30,213905.195711,False
2.7,30,213963.240113,True
0.0,30,214010.701728,False
0.0,30,214059.032262,False
2.6,30,214105.848798,True
1.6,30,214151.990278,True
2.7,30,214193.077543,True
2.5,30,214233.56265,True
0.0,30,214278.120812,False
2.8,30,214332.773915,True
0.0,30,214379.81255,False
2.6,30,214420.7845,True
3.0,30,214463.599856,True
0.0,30,214518.065271,False
0.0,30,214558.414811,False
0.0,30,214606.632523,False
0.0,30,214652.548669,False
2.2,30,214694.217954,True
2.5,30,215026.978598,True
3.0,30,215072.744853,True
2.4,30,215117.926854,True
0.0,30,215162.827899,False
0.0,30,215206.441666,False
0.0,30,215246.978235,False
0.0,30,215291.732517,False
0.0,30,215378.077609,False
2.9,30,215437.007695,True
0.0,30,215483.164918,False
2.4,30,215529.36447,True
2.8,30,215577.765934,True
0.0,30,215624.216257,False
0.0,30,215669.968392,False
2.3,30,215724.179154,True
0.0,30,215775.605334,False
2.3,30,215823.566384,True
0.0,30,215868.656745,False
2.5,30,215916.438019,True
0.0,30,215963.015145,False
2.7,30,216012.453757,True
0.0,30,216055.976734,False
2.2,30,216106.409182,True
3.0,30,216156.668992,True
0.0,30,216204.299701,False
0.6,30,216248.954255,True
3.0,30,216291.085435,True
0.0,30,216340.293635,False
0.0,30,216385.245309,False
0.0,30,216426.36771,False
2.4,30,216470.815751,True
0.0,30,216521.994593,False
2.4,30,216566.997539,True
0.0,30,216617.976317,False
0.0,30,216938.263714,False
0.0,30,216980.3248,False
2.4,30,217026.739816,True
0.0,30,217073.474126,False
0.0,30,217122.680782,False
2.7,30,217170.545967,True
0.0,30,217220.455794,False
1.7,30,217270.431771,True
2.7,30,217325.155758,True
0.0,30,217373.125772,False
2.7,30,217427.182352,True
2.8,30,217472.476785,True
0.0,30,217517.433177,False
2.9,30,217565.342219,True
0.0,30,217608.891191,False
2.5,30,217652.44632,True
0.8,30,217699.167555,True
2.0,30,217743.541986,True
2.6,30,217788.398635,True
0.0,30,217841.33165,False
2.8,30,217885.027471,True
2.6,30,217926.7934,True
0.0,30,217971.282989,False
1.9,30,218023.189977,True
0.0,30,218065.759921,False
0.0,30,218114.787175,False
2.7,30,218163.28099,True
0.0,30,218213.437949,False
0.0,30,218257.997106,False
0.0,30,218303.134734,False
0.0,30,218350.901967,False
2.7,30,218394.16375,True
0.0,30,218438.79957,False
2.2,30,218482.466443,True
2.7,30,218781.690257,True
1.1,30,218830.293336,True
0.0,30,218897.169765,False
2.6,30,218934.378754,True
0.0,30,218978.94308,False
0.0,30,219025.222799,False
0.0,30,219067.97703,False
2.3,30,219122.121637,True
2.8,30,219166.620986,True
0.0,30,219216.760201,False
0.0,30,219260.525453,False
2.5,30,219306.812027,True
2.8,30,219353.510479,True
0.0,30,219404.285045,False
2.8,30,219450.574427,True
2.6,30,219499.983495,True
3.0,30,219546.721469,True
2.5,30,219593.821986,True
0.0,30,219650.384589,False
2.6,30,219698.135634,True
2.7,30,219745.27699,True
0.0,30,219789.351128,False
2.8,30,219831.765385,True
2.7,30,219879.43716,True
2.5,30,219923.041212,True
0.0,30,219974.825224,False
3.0,30,220022.468232,True
0.0,30,220069.940231,False
3.0,30,220116.143571,True
0.0,30,220158.372588,False
2.5,30,220210.244589,True
1.1,30,220254.958774,True
2.8,30,220303.907448,True
0.0,30,220359.08621,False
3.0,30,220672.354874,True
3.0,30,220726.821702,True
0.0,30,220777.613235,False
0.0,30,220832.366218,False
0.0,30,220875.469784,False
0.0,30,220919.106382,False
1.5,30,220964.889188,True
0.0,30,221007.558727,False
3.0,30,221049.661143,True
0.0,30,221090.976151,False
2.4,30,221133.236735,True
0.0,30,221171.141162,False
2.6,30,221216.126855,True
0.0,30,221261.871926,False
0.0,30,221308.212529,False
0.0,30,221355.995189,False
2.5,30,221399.284697,True
2.8,30,221446.265487,True
0.0,30,221486.97303,False
2.7,30,221530.922394,True
0.0,30,221577.394061,False
2.1,30,221624.673291,True
1.3,30,221671.464881,True
2.1,30,221714.719723,True
0.0,30,221760.797689,False
0.0,30,221814.241734,False
0.0,30,221857.286968,False
0.0,30,221901.063812,False
2.3,30,221950.624348,True
2.7,30,222000.219244,True
2.8,30,222046.951888,True
0.0,30,222090.1113,False
2.9,30,222130.917718,True
2.3,30,222176.341212,True
2.6,30,222492.775963,True
0.0,30,222540.338435,False
2.9,30,222589.230042,True
2.4,30,222630.049638,True
2.5,30,222674.059376,True
0.0,30,222718.414448,False
2.8,30,222760.006049,True
2.5,30,222803.633363,True
0.0,30,222846.721182,False
0.0,30,222892.147901,False
0.0,30,222933.155221,False
1.8,30,222980.926324,True
2.7,30,223030.974655,True
2.4,30,223075.369252,True
0.0,30,223123.439609,False
2.7,30,223170.02632,True
0.0,30,223221.147811,False
1.2,30,223270.071645,True
0.0,30,223315.377099,False
2.4,30,223366.233117,True
2.2,30,223417.571231,True
0.0,30,223467.089501,False
0.0,30,223506.458794,False
0.0,30,223547.945977,False
2.9,30,223595.143795,True
2.4,30,223643.150358,True
2.4,30,223687.11693,True
0.0,30,223731.544717,False
2.1,30,223777.134044,True
2.4,30,223825.061917,True
3.0,30,223874.975065,True
2.9,30,223923.429175,True
2.4,30,223971.19009,True
3.0,30,224020.603821,True
3.0,30,224067.032458,True
1.9,30,224403.32195,True
0.0,30,224443.088304,False
0.0,30,224487.791283,False
0.0,30,224529.987724,False
0.0,30,224577.164441,False
0.0,30,224629.329591,False
0.0,30,224676.398951,False
0.0,30,224726.573916,False
0.0,30,224768.68992,False
2.4,30,224811.698136,True
0.0,30,224856.706505,False
2.5,30,224902.79758,True
2.6,30,224951.884201,True
2.9,30,224999.274791,True
3.0,30,225045.822236,True
2.8,30,225094.107386,True
2.4,30,225141.657259,True
0.0,30,225184.939658,False
0.0,30,225233.085153,False
1.1,30,225277.895894,True
0.0,30,225320.869765,False
0.0,30,225364.460883,False
0.8,30,225411.556338,True
2.5,30,225456.320871,True
0.0,30,225503.143138,False
2.7,30,225551.40605,True
0.0,30,225598.601399,False
0.0,30,225650.239239,False
0.0,30,225699.242066,False
2.8,30,225751.627378,True
0.0,30,225801.401154,False
0.0,30,225844.943189,False
1.3,30,225889.326999,True
2.7,30,225934.57909,True
0.0,30,226221.032124,False
0.0,30,226267.593212,False
0.0,30,226308.611284,False
2.3,30,226347.010114,True
1.8,30,226394.195825,True
0.0,30,226438.821499,False
2.6,30,226490.235511,True
0.0,30,226535.852597,False
0.0,30,226582.470923,False
0.0,30,226629.819087,False
0.0,30,226677.422154,False
2.6,30,226721.335516,True
2.3,30,226765.151547,True
2.6,30,226814.49721,True
0.0,30,226860.480463,False
2.3,30,226905.943788,True
0.0,30,226948.811509,False
0.0,30,226993.258339,False
2.8,30,227051.703574,True
0.0,30,227098.546696,False
0.0,30,227149.052905,False
0.0,30,227203.80687,False
0.0,30,227254.304439,False
0.0,30,227303.779643,False
0.0,30,227347.391887,False
2.5,30,227390.181824,True
2.6,30,227439.528653,True
0.0,30,227485.751388,False
0.8,30,227530.564758,True
0.0,30,227572.84325,False
0.0,30,227614.26182,False
0.0,30,227661.00716,False
2.8,30,227705.668272,True
0.0,30,227750.099745,False
2.5,30,228046.776861,True
0.0,30,228090.69631,False
0.0,30,228140.191727,False
2.8,30,228190.857743,True
2.8,30,228235.35589,True
0.0,30,228280.264735,False
2.2,30,228327.075013,True
2.3,30,228377.267142,True
2.3,30,228418.629184,True
0.0,30,228463.379204,False
0.0,30,228511.634865,False
0.0,30,228560.509381,False
0.2,30,228608.737155,False
2.9,30,228655.265987,True
0.0,30,228700.97975,False
2.7,30,228748.288991,True
0.0,30,228805.320127,False
2.5,30,228847.772106,True
2.7,30,228893.468629,True
1.9,30,228944.738873,True
0.0,30,228995.037732,False
2.9,30,229041.179898,True
1.3,30,229086.569585,True
0.0,30,229131.029088,False
0.0,30,229176.814776,False
0.0,30,229224.76272,False
2.7,30,229262.801565,True
0.0,30,229337.765294,False
0.0,30,229389.303773,False
2.1,30,229432.878143,True
2.5,30,229474.786014,True
0.0,30,229521.941777,False
2.5,30,229570.900012,True
0.3,30,229620.621975,False
2.6,30,229925.109586,True
2.8,30,229974.961501,True
2.9,30,230019.335291,True
3.0,30,230069.843718,True
3.0,30,230117.190509,True
0.0,30,230160.387804,False
0.0,30,230205.214221,False
2.7,30,230247.173442,True
2.2,30,230297.890228,True
2.3,30,230341.511237,True
2.8,30,230394.388718,True
2.6,30,230438.881699,True
0.0,30,230481.0806,False
2.4,30,230525.214311,True
0.0,30,230573.465029,False
2.5,30,230621.528547,True
1.1,30,230667.487646,True
1.1,30,230710.29299,True
0.0,30,230755.317726,False
0.0,30,230793.870261,False
2.7,30,230842.935109,True
0.0,30,230890.406165,False
0.0,30,230938.805503,False
0.0,30,230989.477947,False
0.0,30,231049.89395,False
0.0,30,231101.967489,False
0.0,30,231156.998665,False
1.1,30,231204.860904,True
2.4,30,231244.565801,True
0.0,30,231285.191849,False
0.9,30,231340.317169,False
0.0,30,231391.282403,False
2.9,30,231439.006003,True
0.0,30,231482.678217,False
0.0,30,231758.768506,False
0.0,30,231803.117882,False
0.0,30,231848.456999,False
2.5,30,231888.190003,True
2.2,30,231930.208616,True
0.0,30,231978.775333,False
0.0,30,232022.963125,False
0.0,30,232066.915479,False
0.0,30,232111.998906,False
2.6,30,232155.006209,True
2.8,30,232207.227406,True
2.9,30,232251.928468,True
0.0,30,232297.085657,False
0.0,30,232341.388354,False
0.0,30,232392.83253,False
0.0,30,232439.425692,False
1.5,30,232487.839143,True
1.8,30,232535.799631,True
0.0,30,232584.738309,False
0.0,30,232636.031446,False
1.8,30,232675.650888,True
3.0,30,232724.761538,True
0.0,30,232769.267926,False
0.0,30,232814.336138,False
2.5,30,232856.60107,True
2.5,30,232905.696442,True
2.5,30,232948.641294,True
0.0,30,232997.13621,False
2.8,30,233045.614391,True
0.0,30,233098.448345,False
1.9,30,233140.786331,True
0.0,30,233190.731927,False
0.0,30,233243.221947,False
2.6,30,233292.618628,True
2.6,30,233599.106453,True
0.0,30,233643.214947,False
2.7,30,233686.372306,True
0.0,30,233729.860887,False
2.9,30,233771.708342,True
2.6,30,233820.22525,True
0.0,30,233870.571351,False
1.4,30,233914.640618,True
2.8,30,233958.187963,True
0.0,30,234000.350859,False
0.0,30,234050.197699,False
2.5,30,234108.785755,True
2.3,30,234163.013753,True
0.0,30,234203.032725,False
2.9,30,234246.857324,True
0.0,30,234288.315593,False
0.0,30,234336.057421,False
2.3,30,234386.79279,True
2.8,30,234436.112899,True
2.7,30,234484.685235,True
2.3,30,234527.347179,True
0.4,30,234570.308378,True
0.0,30,234618.965132,False
0.0,30,234659.279292,False
0.0,30,234709.373097,False
0.0,30,234756.411493,False
0.4,30,234799.231132,True
0.0,30,234847.516072,False
1.7,30,234892.136169,True
0.0,30,234937.463321,False
0.0,30,234989.562267,False
2.7,30,235038.528741,True
0.0,30,235085.481865,False
2.9,30,235138.968421,True
0.0,30,235426.31182,False
0.0,30,235475.905196,False
2.9,30,235521.748868,True
0.0,30,235569.33751,False
0.0,30,235613.942858,False
2.8,30,235654.457891,True
1.2,30,235702.451514,True
0.0,30,235747.574334,False
0.0,30,235794.940618,False
2.8,30,235838.890875,True
0.0,30,235883.77171,False
0.0,30,235927.493296,False
0.0,30,235969.096943,False
0.0,30,236010.608001,False
2.7,30,236054.213402,True
0.0,30,236097.45537,False
0.0,30,236143.750014,False
2.5,30,236189.53497,True
0.0,30,236232.667667,False
0.0,30,236273.909548,False
0.0,30,236323.662099,False
3.0,30,236366.86588,True
0.0,30,236411.461226,False
3.0,30,236453.479827,True
2.9,30,236499.600621,True
2.0,30,236543.696004,True
0.0,30,236598.34018,False
0.5,30,236642.75829,True
2.7,30,236683.95524,True
0.0,30,236727.832549,False
2.2,30,236777.23024,True
1.5,30,236823.300677,True
2.9,30,236867.962164,True
2.5,30,236912.776564,True
2.9,30,236956.606972,False
0.0,30,237272.664623,False
2.2,30,237316.293201,True
0.0,30,237372.512189,False
0.0,30,237420.084954,False
0.0,30,237469.785248,False
0.0,30,237517.582948,False
2.6,30,237562.983482,True
2.5,30,237611.064261,True
0.0,30,237654.849137,False
2.3,30,237699.731188,True
0.0,30,237745.832319,False
2.5,30,237798.147878,True
0.0,30,237842.092595,False
0.0,30,237890.65041,False
0.0,30,237938.45311,False
0.0,30,237983.278769,False
0.0,30,238027.910449,False
2.9,30,238071.558691,True
2.6,30,238115.742632,True
0.0,30,238159.40582,False
2.2,30,238207.451413,True
2.6,30,238252.872259,True
0.0,30,238304.889307,False
0.0,30,238350.285936,False
0.0,30,238391.367975,False
2.7,30,238434.320044,True
2.9,30,238480.210617,True
2.2,30,238530.519654,True
2.5,30,238574.588593,True
2.6,30,238626.454269,True
2.4,30,238670.548585,True
2.6,30,238718.476846,True
2.8,30,238760.322444,True
2.6,30,238805.064125,True
2.3,30,239136.17071,True
2.8,30,239174.875743,True
0.0,30,239221.88934,False
2.8,30,239268.927563,True
0.0,30,239318.12524,False
2.1,30,239366.787233,True
0.0,30,239411.361191,False
0.0,30,239458.580936,False
2.7,30,239501.1567,True
2.2,30,239549.208601,True
2.8,30,239604.805657,True
0.0,30,239648.775808,False
0.0,30,239696.946609,False
0.0,30,239744.790652,False
2.9,30,239791.589385,True
2.6,30,239844.482307,True
0.0,30,239896.789377,False
2.3,30,240005.113303,True
0.0,30,240057.880642,False
0.0,30,240113.795226,False
2.5,30,240156.194665,True
0.0,30,240201.18497,False
0.0,30,240243.23311,False
0.0,30,240291.466507,False
3.0,30,240333.311486,True
2.7,30,240378.591857,True
0.0,30,240434.979595,False
0.0,30,240485.261584,False
0.0,30,240531.186441,False
2.5,30,240579.941988,True
0.0,30,240630.458642,False
0.0,30,240674.309322,False
3.0,30,240717.576307,True
0.0,30,240767.35502,False
0.0,30,241078.035603,False
0.0,30,241123.024468,False
0.8,30,241169.914906,True
0.0,30,241217.646659,False
0.0,30,241269.170699,False
0.4,30,241321.526229,False
0.0,30,241364.052295,False
0.0,30,241408.263137,False
2.0,30,241450.0207,True
0.0,30,241494.035031,False
2.4,30,241545.637215,True
0.0,30,241587.655411,False
0.0,30,241629.104678,False
0.0,30,241671.352498,False
2.7,30,241721.712457,True
0.0,30,241772.143694,False
2.8,30,241814.520493,True
2.4,30,241859.236315,True
0.0,30,241902.271728,False
0.0,30,241950.876438,False
2.9,30,242000.812255,True
0.0,30,242043.797802,False
2.4,30,242090.330122,True
0.0,30,242138.884609,False
2.9,30,242181.099537,True
0.0,30,242228.088009,False
0.0,30,242271.0015,False
0.0,30,242329.244567,False
0.0,30,242373.122989,False
0.0,30,242446.785552,False
2.7,30,242491.972873,True
3.0,30,242537.905825,True
0.0,30,242588.907713,False
2.6,30,242632.226188,True
0.0,30,242944.701653,False
0.0,30,242990.005174,False
2.8,30,243037.418344,True
2.6,30,243083.984994,True
2.6,30,243131.610711,True
0.0,30,243170.109207,False
0.0,30,243218.607998,False
0.0,30,243261.523868,False
2.6,30,243304.550588,True
0.0,30,243352.67076,False
0.8,30,243401.834248,True
0.0,30,243446.410398,False
0.0,30,243492.463959,False
0.0,30,243532.339181,False
2.3,30,243582.924775,True
0.0,30,243649.651713,False
0.0,30,243695.313779,False
2.4,30,243743.039355,True
0.0,30,243801.216176,False
2.1,30,243845.575961,True
2.8,30,243890.085317,True
0.0,30,243933.062917,False
0.0,30,243977.926499,False
0.6,30,244031.539065,True
0.0,30,244078.288892,False
0.0,30,244121.393503,False
0.0,30,244166.789352,False
0.0,30,244214.023258,False
2.4,30,244257.835381,True
2.9,30,244304.968894,True
0.0,30,244350.540197,False
1.3,30,244392.652174,True
0.0,30,244445.032638,False
2.5,30,244489.29427,True
0.0,30,244802.604935,False
0.0,30,244846.480764,False
2.6,30,244895.471093,True
2.7,30,244949.419628,True
0.0,30,244995.534469,False
0.0,30,245041.148084,False
2.1,30,245088.830866,True
0.0,30,245134.028608,False
0.0,30,245179.84091,False
0.0,30,245222.212534,False
2.4,30,245269.871088,True
0.0,30,245313.60464,False
2.9,30,245360.1586,True
0.0,30,245401.939921,False
2.4,30,245456.688728,True
0.0,30,245506.312069,False
2.8,30,245554.833024,True
0.0,30,245598.051133,False
0.0,30,245644.244226,False
2.8,30,245691.284101,True
1.9,30,245741.575755,True
0.0,30,245792.632729,False
2.8,30,245842.183349,True
0.0,30,245890.30149,False
2.8,30,245934.492193,True
2.8,30,245993.037844,True
0.0,30,246040.72898,False
2.4,30,246084.664402,True
2.6,30,246132.880715,True
0.0,30,246181.914554,False
2.0,30,246224.473011,True
2.7,30,246266.916768,True
0.0,30,246312.240821,False
0.0,30,246363.445542,False
2.0,30,246705.535824,True
0.0,30,246754.232145,False
2.4,30,246798.230077,True
0.0,30,246841.938966,False
2.8,30,246891.236271,True
0.0,30,246941.562108,False
0.0,30,246985.174315,False
2.3,30,247034.092896,True
0.5,30,247084.393869,True
3.0,30,247129.631768,True
2.1,30,247178.470687,True
2.7,30,247224.088684,True
0.0,30,247268.667669,False
2.5,30,247310.520036,True
0.0,30,247349.923527,False
0.0,30,247396.669862,False
0.0,30,247438.776265,False
2.7,30,247485.111329,True
0.0,30,247534.567117,False
0.0,30,247584.551672,False
0.0,30,247629.464564,False
0.0,30,247677.558031,False
2.4,30,247727.063654,True
1.7,30,247772.990526,True
2.9,30,247817.044641,True
0.0,30,247862.718439,False
2.3,30,247930.668275,True
0.0,30,247972.349275,False
0.0,30,248016.593875,False
0.0,30,248063.408834,False
2.0,30,248113.790547,True
0.0,30,248165.470394,False
2.2,30,248219.739329,True
0.0,30,248271.848961,False
0.0,30,248608.91521,False
0.0,30,248653.273849,False
2.3,30,248698.457479,True
2.8,30,248744.9373,True
2.7,30,248793.716072,True
0.0,30,248837.806703,False
0.0,30,248883.545156,False
0.0,30,248932.327452,False
0.0,30,248986.07888,False
0.0,30,249037.679607,False
2.4,30,249089.728503,True
0.0,30,249131.943619,False
0.0,30,249174.601127,False
2.7,30,249226.443829,True
2.4,30,249271.366639,True
2.8,30,249319.772449,True
2.6,30,249360.09551,True
0.0,30,249413.484178,False
2.7,30,249467.235249,True
2.3,30,249513.105119,True
2.8,30,249557.72422,True
2.6,30,249630.670061,True
2.4,30,249676.609425,True
1.4,30,249721.899963,False
0.0,30,249767.015849,False
3.0,30,249812.202847,True
2.7,30,249867.165397,True
2.1,30,249913.473892,True
0.0,30,249958.823225,False
2.5,30,250007.714832,True
2.1,30,250050.062482,True
0.0,30,250094.184533,False
2.3,30,250142.721147,True
2.3,30,250189.058437,True
0.0,30,250512.924885,False
0.0,30,250555.041838,False
2.8,30,250602.2298,True
3.0,30,250652.429117,True
0.0,30,250701.663009,False
0.0,30,250747.31054,False
0.0,30,250790.280889,False
0.0,30,250840.443316,False
0.0,30,250884.669338,False
0.0,30,250927.957682,False
0.0,30,250970.387168,False
2.8,30,251015.315271,True
0.0,30,251057.44761,False
0.0,30,251101.646557,False
2.5,30,251151.207656,True
2.5,30,251201.132041,True
0.0,30,251251.324789,False
0.0,30,251304.36908,False
0.0,30,251352.078225,False
1.3,30,251404.996514,False
0.0,30,251450.682958,False
1.8,30,251493.664299,True
2.4,30,251537.342379,True
0.0,30,251582.619809,False
2.7,30,251625.550647,True
0.0,30,251674.19977,False
0.0,30,251722.815048,False
0.0,30,251771.069186,False
2.8,30,251816.497772,True
1.8,30,251857.722995,True
0.0,30,251898.539458,False
2.7,30,251941.107474,True
2.9,30,251984.254695,True
2.2,30,252033.863645,True
2.2,30,252085.499822,True
0.0,30,252408.992801,False
0.5,30,252453.75869,True
2.4,30,252500.768082,True
0.0,30,252548.98913,False
2.3,30,252595.360875,True
2.3,30,252649.501812,True
3.0,30,252695.476947,True
0.0,30,252754.645975,False
0.0,30,252798.797007,False
0.0,30,252843.147202,False
0.0,30,252891.136003,False
0.0,30,252939.009811,False
0.0,30,252987.304594,False
2.7,30,253031.162786,True
0.0,30,253074.948585,False
0.0,30,253118.103842,False
3.0,30,253164.265827,True
0.4,30,253222.261838,True
0.0,30,253268.12416,False
2.3,30,253313.803714,True
2.2,30,253358.013346,True
0.0,30,253403.850359,False
2.9,30,253459.13609,True
2.9,30,253506.371111,True
0.0,30,253552.007948,False
0.0,30,253591.78216,False
0.0,30,253637.757251,False
2.5,30,253685.824624,True
0.0,30,253728.329262,False
1.5,30,253776.287886,False
0.0,30,253823.108369,False
0.0,30,253870.154015,False
0.0,30,253924.009613,False
0.0,30,253971.74526,False
2.8,30,254298.56492,True
2.7,30,254345.620782,True
3.0,30,254391.28724,True
0.0,30,254433.510331,False
0.4,30,254479.567364,False
0.0,30,254530.065619,False
2.2,30,254577.972513,True
0.0,30,254628.348118,False
0.0,30,254673.455982,False
0.5,30,254724.042073,True
0.0,30,254768.148956,False
2.3,30,254818.111203,True
1.4,30,254859.621005,True
2.5,30,254900.402604,True
0.0,30,254947.522455,False
2.8,30,255000.024704,True
2.3,30,255045.690427,True
0.0,30,255091.275757,False
0.0,30,255136.250542,False
0.0,30,255192.1301,False
2.5,30,255237.951191,True
2.8,30,255285.239594,True
0.0,30,255330.396342,False
2.8,30,255372.437531,True
0.0,30,255415.123874,False
0.0,30,255467.207058,False
0.0,30,255514.686929,False
0.0,30,255561.119134,False
1.3,30,255605.701045,True
0.0,30,255656.71039,False
3.0,30,255710.326271,True
2.1,30,255753.871042,True
2.4,30,255799.697938,True
2.6,30,255844.240513,True
0.0,30,256183.882942,False
0.0,30,256231.584584,False
0.0,30,256283.347948,False
2.8,30,256329.891383,True
2.6,30,256376.700259,True
2.0,30,256428.411655,True
0.0,30,256476.873447,False
1.2,30,256529.550344,True
0.0,30,256580.25738,False
2.5,30,256631.763179,True
0.0,30,256681.88642,False
2.7,30,256729.082158,True
0.0,30,256776.509825,False
0.0,30,256818.999441,False
2.7,30,256861.783127,True
0.0,30,256907.67517,False
0.0,30,256951.695109,False
0.0,30,257000.795658,False
0.0,30,257049.331423,False
2.3,30,257099.69548,True
2.6,30,257165.769668,True
2.2,30,257215.221423,True
2.8,30,257262.595066,True
2.7,30,257312.889559,True
0.0,30,257360.65593,False
0.0,30,257409.58577,False
2.9,30,257455.91941,True
0.0,30,257509.158965,False
2.7,30,257556.83973,True
0.0,30,257599.493267,False
0.0,30,257639.014371,False
0.0,30,257683.821274,False
2.3,30,257727.44673,True
2.5,30,257782.777958,True
1.6,30,258116.860152,True
2.6,30,258162.580834,True
2.7,30,258219.604047,True
0.0,30,258267.399602,False
2.5,30,258314.760635,True
3.0,30,258363.129055,True
2.1,30,258410.072142,True
3.0,30,258460.888376,True
1.4,30,258508.182859,True
2.5,30,258551.20241,True
0.0,30,258598.335292,False
0.0,30,258644.158422,False
2.7,30,258686.794437,True
2.0,30,258733.24602,True
2.9,30,258792.026581,True
0.0,30,258836.537964,False
0.0,30,258887.357878,False
0.0,30,258929.799643,False
0.0,30,258981.127575,False
2.7,30,259024.70377,True
0.0,30,259075.736503,False
0.0,30,259117.656422,False
0.0,30,259162.929605,False
2.8,30,259207.88679,True
0.0,30,259258.323036,False
0.0,30,259307.60773,False
2.5,30,259357.286876,True
0.0,30,259407.036895,False
2.0,30,259459.480793,True
2.6,30,259504.155422,True
0.0,30,259548.334754,False
2.8,30,259599.633451,True
2.8,30,259645.773818,True
2.8,30,259694.059175,True
0.0,30,260052.325717,False
2.2,30,260102.943382,True
0.0,30,260151.298119,False
0.0,30,260203.561947,False
2.4,30,260249.826788,True
2.9,30,260304.298862,True
2.5,30,260353.049023,True
0.0,30,260411.124187,False
0.0,30,260462.095473,False
2.8,30,260510.109665,True
0.0,30,260568.515864,False
2.6,30,260610.593903,True
1.8,30,260656.803967,True
0.0,30,260701.721644,False
0.0,30,260747.415219,False
2.7,30,260795.472793,True
2.6,30,260843.982772,True
0.0,30,260888.64583,False
0.0,30,260938.286441,False
0.0,30,260988.453534,False
0.0,30,261038.335725,False
0.0,30,261084.758942,False
0.0,30,261137.38764,False
0.0,30,261186.874346,False
2.9,30,261234.292348,True
2.8,30,261285.398268,True
0.0,30,261326.351128,False
2.8,30,261369.372163,True
0.0,30,261412.541875,False
0.0,30,261467.743977,False
1.9,30,261516.148885,True
0.0,30,261564.554867,False
1.8,30,261610.243995,True
2.8,30,261656.0622,True
0.0,30,261988.381002,False
2.7,30,262032.114681,True
0.0,30,262083.296124,False
0.0,30,262128.008362,False
2.6,30,262176.577816,True
2.5,30,262221.681913,True
0.0,30,262268.348257,False
2.5,30,262312.53729,True
0.0,30,262359.339813,False
2.4,30,262409.406109,True
0.0,30,262457.722138,False
2.3,30,262498.970323,True
0.0,30,262553.873735,False
0.0,30,262597.272375,False
2.3,30,262645.0336,True
0.0,30,262690.359362,False
0.0,30,262736.939274,False
2.9,30,262781.649281,True
0.0,30,262832.962155,False
0.0,30,262874.410397,False
0.0,30,262917.480047,False
0.0,30,262964.002581,False
2.6,30,263012.789975,True
0.0,30,263059.214281,False
0.0,30,263099.215898,False
0.0,30,263143.604104,False
0.0,30,263196.741323,False
2.8,30,263239.466622,True
0.0,30,263282.537801,False
2.5,30,263329.653595,True
0.0,30,263378.874582,False
0.0,30,263423.714189,False
0.0,30,263476.774321,False
2.3,30,263519.315766,True
2.6,30,263871.032336,True
2.6,30,263923.307706,True
0.0,30,263976.809884,False
0.0,30,264021.892493,False
0.0,30,264068.522747,False
0.0,30,264123.854332,False
2.2,30,264174.070018,True
2.3,30,264220.475038,True
2.6,30,264271.621679,True
0.0,30,264316.420905,False
0.0,30,264361.478793,False
2.5,30,264406.46133,True
2.7,30,264447.518941,True
1.4,30,264495.22882,True
2.6,30,264547.608398,True
2.4,30,264604.464337,False
2.7,30,264650.467622,True
2.9,30,264697.0704,True
0.0,30,264742.063114,False
1.9,30,264791.125041,True
0.0,30,264837.301154,False
0.1,30,264887.514914,True
2.7,30,264940.122869,True
0.0,30,264986.892603,False
0.0,30,265033.842735,False
2.7,30,265079.006501,True
1.8,30,265122.057478,True
2.8,30,265166.013822,True
1.2,30,265221.602787,True
0.0,30,265276.429708,False
0.0,30,265319.354129,False
0.0,30,265365.078464,False
0.0,30,265413.818323,False
0.0,30,265461.933268,False
2.5,30,265508.16308,True
2.3,30,265848.693773,True
0.0,30,265898.670076,False
0.0,30,265942.871864,False
2.9,30,265987.790037,True
0.0,30,266033.88787,False
0.0,30,266084.974633,False
2.6,30,266131.04759,True
0.0,30,266175.901078,False
2.5,30,266218.862117,True
0.0,30,266265.773718,False
2.5,30,266307.707721,True
0.0,30,266361.001765,False
2.6,30,266402.757144,True
2.9,30,266450.910085,True
2.9,30,266496.090603,True
2.7,30,266543.287874,True
1.0,30,266583.711013,False
0.0,30,266631.261245,False
0.0,30,266683.142478,False
1.2,30,266730.523381,True
0.0,30,266776.046332,False
2.7,30,266823.682419,True
0.0,30,266869.716103,False
0.0,30,266918.338829,False
0.0,30,266961.879694,False
2.6,30,267006.447321,True
2.6,30,267047.355098,True
0.0,30,267091.659839,False
1.7,30,267136.85461,True
1.5,30,267180.887739,False
0.0,30,267228.708578,False
0.7,30,267276.591789,True
1.2,30,267324.938592,True
2.4,30,267372.807806,True
0.0,30,267734.52791,False
2.2,30,267786.432054,True
0.0,30,267829.275464,False
0.0,30,267877.063727,False
2.9,30,267921.897608,True
1.8,30,267972.197859,True
2.5,30,268020.556919,True
0.0,30,268063.861629,False
0.1,30,268110.63304,False
0.0,30,268159.323366,False
2.8,30,268205.579234,True
1.6,30,268248.773988,True
2.7,30,268294.364793,True
0.0,30,268338.551612,False
2.9,30,268391.183823,True
0.0,30,268439.090039,False
2.8,30,268480.87838,True
1.7,30,268527.134191,True
0.0,30,268575.698394,False
0.0,30,268625.292094,False
2.5,30,268667.911821,True
0.0,30,268710.51614,False
0.0,30,268757.623865,False
2.4,30,268803.372605,True
3.0,30,268851.791869,True
0.0,30,268896.222227,False
2.8,30,268940.110655,True
0.0,30,268981.630821,False
2.2,30,269033.866329,True
2.7,30,269078.864741,True
2.9,30,269129.55434,True
0.0,30,269177.985966,False
2.0,30,269224.200768,True
2.7,30,269272.551811,True
0.0,30,269614.152992,False
2.4,30,269664.052181,True
0.0,30,269709.931259,False
2.4,30,269755.732227,True
0.0,30,269804.754748,False
2.8,30,269851.567821,True
2.7,30,269906.40119,True
0.0,30,269952.232823,False
2.8,30,269995.478838,True
0.0,30,270039.349898,False
3.0,30,270089.213871,True
0.0,30,270134.765037,False
0.0,30,270180.47242,False
2.5,30,270235.256036,True
2.6,30,270279.909509,True
0.0,30,270326.54459,False
0.0,30,270369.957921,False
0.0,30,270420.370384,False
0.0,30,270466.364779,False
0.0,30,270515.973171,False
2.5,30,270570.9705,True
2.7,30,270615.168187,True
2.2,30,270669.540211,True
2.8,30,270717.717391,True
1.8,30,270769.147817,True
2.6,30,270826.527502,True
1.6,30,270875.283061,True
2.6,30,270921.262869,True
0.0,30,270971.574216,False
2.5,30,271018.14972,True
2.7,30,271065.901962,True
0.0,30,271113.343479,False
1.7,30,271165.421072,True
2.3,30,271221.629548,True
0.0,30,271551.583978,False
0.0,30,271603.619606,False
2.3,30,271657.864056,True
2.5,30,271698.473967,True
3.0,30,271746.395846,True
1.6,30,271797.452652,True
0.0,30,271840.91975,False
2.7,30,271884.350154,True
0.0,30,271931.036263,False
2.4,30,271979.657994,True
2.6,30,272026.97639,True
0.0,30,272070.510288,False
0.0,30,272115.589085,False
2.2,30,272165.910211,True
2.6,30,272220.925478,True
2.9,30,272266.464552,True
2.8,30,272308.885913,True
0.0,30,272355.624829,False
2.7,30,272399.512135,True
2.2,30,272449.01595,True
2.0,30,272493.678518,True
2.5,30,272536.872832,True
0.0,30,272586.871221,False
0.0,30,272629.895995,False
2.6,30,272675.600593,True
0.0,30,272721.257259,False
0.0,30,272775.711622,False
0.0,30,272820.355874,False
2.8,30,272871.374237,True
0.0,30,272913.820089,False
2.9,30,272957.969645,True
0.0,30,273000.508301,False
2.8,30,273046.257559,True
0.0,30,273091.960431,False
0.0,30,273387.451613,False
2.7,30,273441.100988,True
2.6,30,273492.302174,True
0.0,30,273542.990877,False
0.0,30,273588.315256,False
0.0,30,273634.697773,False
2.9,30,273677.804194,True
0.0,30,273728.947084,False
0.0,30,273776.876105,False
1.8,30,273821.421025,True
2.4,30,273865.645188,True
2.2,30,273909.996614,True
2.6,30,273953.509795,True
2.7,30,274005.36061,True
1.8,30,274052.516897,True
0.0,30,274096.279047,False
2.6,30,274143.519438,True
2.6,30,274204.57989,True
2.9,30,274249.247226,True
2.7,30,274293.716865,True
0.0,30,274337.222757,False
2.5,30,274385.518394,True
2.3,30,274433.134826,True
0.0,30,274479.509478,False
2.1,30,274529.318133,True
2.5,30,274573.476011,True
0.0,30,274614.358146,False
0.0,30,274657.26768,False
0.0,30,274706.937921,False
0.0,30,274752.409477,False
0.0,30,274799.99281,False
2.4,30,274843.893241,True
2.7,30,274887.686788,True
0.0,30,274931.482904,False
0.0,30,275243.5547,False
0.0,30,275290.646607,False
2.4,30,275331.652928,True
0.0,30,275376.309235,False
2.5,30,275424.578993,True
1.5,30,275475.030421,False
0.0,30,275517.004081,False
0.0,30,275562.089099,False
2.7,30,275603.472706,True
2.8,30,275648.412561,True
0.0,30,275692.968721,False
0.0,30,275742.075392,False
2.4,30,275791.464675,True
2.7,30,275836.039051,True
2.8,30,275875.337427,True
2.4,30,275914.71885,True
0.0,30,275959.465174,False
2.5,30,276003.7853,True
0.0,30,276053.41284,False
0.0,30,276100.022764,False
0.0,30,276149.594366,False
0.0,30,276198.516414,False
0.0,30,276251.591882,False
2.3,30,276300.0054,True
0.0,30,276351.898158,False
0.0,30,276397.889737,False
0.0,30,276442.151537,False
2.5,30,276487.627465,True
2.3,30,276536.257518,True
0.0,30,276582.205633,False
0.0,30,276634.227669,False
2.5,30,276676.905616,True
2.2,30,276726.83363,True
2.0,30,276774.132803,True
0.0,30,277064.327328,False
2.6,30,277112.895614,True
0.0,30,277155.496628,False
0.0,30,277198.184972,False
0.0,30,277250.377589,False
0.0,30,277295.73497,False
1.6,30,277339.240955,True
2.4,30,277386.608502,True
2.3,30,277428.941973,True
0.0,30,277478.79122,False
2.4,30,277528.92751,True
0.0,30,277573.71878,False
1.3,30,277629.641517,True
2.8,30,277676.987025,True
0.0,30,277718.811129,False
0.0,30,277767.566145,False
0.0,30,277814.53237,False
2.8,30,277865.396363,True
2.7,30,277910.829981,True
2.3,30,277955.315062,True
2.3,30,278008.966211,True
0.0,30,278068.314644,False
0.0,30,278112.795648,False
0.0,30,278160.876574,False
0.0,30,278202.421355,False
0.0,30,278254.236271,False
2.0,30,278304.833515,True
0.0,30,278352.168456,False
0.0,30,278394.851213,False
2.2,30,278444.60956,True
0.0,30,278492.980153,False
0.0,30,278539.565339,False
0.0,30,278582.996605,False
0.0,30,278625.323148,False
0.0,30,278945.025322,False
0.0,30,278993.065243,False
2.5,30,279046.945271,True
2.6,30,279091.959163,True
2.4,30,279135.409729,True
0.0,30,279185.59776,False
0.0,30,279232.639558,False
1.5,30,279279.358975,True
2.5,30,279332.541529,True
0.0,30,279373.135148,False
2.5,30,279414.782474,True
0.0,30,279465.357534,False
2.3,30,279507.042253,True
0.0,30,279551.362025,False
2.9,30,279597.718283,True
0.0,30,279648.666025,False
0.0,30,279694.433973,False
2.6,30,279743.796535,True
0.0,30,279795.06898,False
2.2,30,279844.225374,True
2.9,30,279891.733983,True
0.0,30,279935.627341,False
0.0,30,279979.070452,False
0.0,30,280027.615183,False
0.0,30,280073.952985,False
0.0,30,280124.235023,False
0.0,30,280168.54527,False
2.6,30,280218.876472,True
2.4,30,280263.204501,True
2.5,30,280316.67702,True
1.3,30,280362.160624,True
2.9,30,280404.574959,True
2.6,30,280458.860862,True
0.0,30,280504.324086,False
0.0,30,280550.832129,False
2.7,30,280844.078882,True
0.0,30,280890.009139,False
0.0,30,280934.658758,False
0.0,30,280984.16371,False
0.0,30,281032.279321,False
2.5,30,281077.30853,True
2.8,30,281123.098934,True
0.0,30,281167.656174,False
0.0,30,281217.613739,False
0.0,30,281261.155653,False
2.5,30,281309.643439,True
0.0,30,281355.370103,False
0.0,30,281399.642623,False
0.0,30,281441.910683,False
0.0,30,281485.757563,False
0.0,30,281540.645365,False
0.0,30,281586.716428,False
2.2,30,281633.180331,True
1.9,30,281680.509854,True
2.1,30,281730.032609,True
2.3,30,281774.938716,True
2.5,30,281821.05957,True
2.2,30,281868.039039,True
2.8,30,281917.426429,True
2.7,30,281965.167507,True
0.0,30,282015.215578,False
2.9,30,282060.330544,True
0.0,30,282105.184064,False
1.7,30,282152.654799,True
0.0,30,282199.68368,False
0.0,30,282248.53196,False
0.0,30,282299.77312,False
2.6,30,282347.463063,True
1.0,30,282402.535604,True
0.9,30,282740.615892,True
0.0,30,282786.484911,False
0.0,30,282837.947395,False
2.4,30,282897.301111,True
1.2,30,282942.353112,True
2.5,30,282990.443214,True
0.0,30,283037.756534,False
2.7,30,283086.15442,True
0.0,30,283135.562396,False
0.0,30,283188.873102,False
2.5,30,283243.265056,True
0.0,30,283290.195798,False
3.0,30,283341.528629,True
2.9,30,283384.930343,True
0.0,30,283440.62545,False
2.8,30,283490.636556,True
0.0,30,283537.829588,False
0.0,30,283587.516056,False
0.0,30,283630.646372,False
0.2,30,283682.761716,False
0.0,30,283726.254869,False
3.0,30,283777.369912,True
0.0,30,283826.043956,False
1.3,30,283871.261705,True
2.1,30,283919.334894,True
2.1,30,283965.701257,True
0.0,30,284014.059116,False
0.5,30,284059.85749,True
0.0,30,284109.713021,False
0.0,30,284155.826364,False
2.4,30,284205.061589,True
2.7,30,284255.427342,True
0.4,30,284305.598209,False
0.0,30,284352.588393,False
1.1,30,284689.904455,True
2.6,30,284740.779283,True
0.0,30,284793.824436,False
1.8,30,284845.844082,True
1.2,30,284894.530226,True
0.0,30,284943.57988,False
1.1,30,284990.310218,True
0.0,30,285036.325107,False
0.0,30,285082.003638,False
0.0,30,285134.018765,False
0.0,30,285181.816019,False
2.6,30,285223.571535,True
0.0,30,285271.260339,False
0.0,30,285318.714725,False
0.0,30,285362.406513,False
0.0,30,285415.625172,False
2.1,30,285466.100117,True
2.8,30,285513.440051,True
0.0,30,285558.680209,False
0.0,30,285602.611238,False
0.0,30,285652.652142,False
2.6,30,285704.826556,True
0.0,30,285751.129106,False
1.2,30,285798.058258,True
2.6,30,285848.612628,True
2.7,30,285898.47464,True
0.0,30,285941.537432,False
2.4,30,285990.515199,True
0.0,30,286034.478281,False
2.9,30,286086.41069,True
2.5,30,286131.505633,True
0.0,30,286183.157733,False
0.0,30,286227.070664,False
0.0,30,286280.682988,False
3.0,30,286642.130879,True
2.1,30,286696.396625,True
0.0,30,286740.331571,False
0.0,30,286789.741203,False
0.0,30,286840.365247,False
2.8,30,286885.274997,True
1.6,30,286935.109644,True
0.0,30,286983.124918,False
2.8,30,287025.865409,True
1.1,30,287069.582286,True
0.0,30,287116.81283,False
0.0,30,287162.465171,False
0.0,30,287209.640116,False
2.7,30,287263.254597,True
2.7,30,287313.102838,True
0.0,30,287363.799929,False
2.9,30,287406.194697,True
2.9,30,287456.882107,True
2.7,30,287504.957278,True
0.0,30,287555.160699,False
2.8,30,287605.480404,True
2.7,30,287651.999306,True
0.0,30,287702.302466,False
2.5,30,287745.24518,True
2.8,30,287792.396232,True
2.6,30,287842.981925,True
0.0,30,287884.499479,False
0.0,30,287926.482228,False
0.0,30,287967.605413,False
3.0,30,288015.962164,True
2.2,30,288061.21219,True
2.6,30,288110.980797,True
2.3,30,288156.828081,True
0.0,30,288200.31079,False
0.0,30,288509.820283,False
1.8,30,288557.132645,True
0.0,30,288600.993804,False
0.0,30,288638.726003,False
0.0,30,288688.339367,False
2.5,30,288734.764486,True
2.7,30,288810.042915,True
1.2,30,288858.371533,True
0.0,30,288906.664965,False
2.5,30,288950.212292,True
0.0,30,288996.053307,False
2.0,30,289043.417802,True
2.8,30,289095.606671,True
0.0,30,289139.474866,False
2.0,30,289191.002228,True
2.3,30,289244.054885,True
0.0,30,289291.738323,False
2.7,30,289338.351654,True
3.0,30,289387.185039,True
2.6,30,289426.337142,True
0.0,30,289471.506119,False
0.0,30,289520.628985,False
1.8,30,289575.202837,True
2.7,30,289613.904122,True
0.0,30,289661.896461,False
2.8,30,289705.963857,True
2.7,30,289750.628893,True
2.8,30,289799.718317,True
2.1,30,289848.637334,True
2.5,30,289909.0927,True
0.0,30,289955.207909,False
2.8,30,290002.257706,True
1.5,30,290048.16957,False
0.0,30,290105.339334,False
0.0,30,290455.827144,False
2.7,30,290501.13548,True
0.0,30,290550.062572,False
0.0,30,290598.909768,False
0.0,30,290648.037372,False
1.4,30,290691.620576,True
0.0,30,290740.316493,False
0.0,30,290783.146718,False
2.4,30,290829.074512,True
2.6,30,290876.191036,True
2.7,30,290928.568576,True
2.1,30,290992.541228,True
2.7,30,291040.768205,True
0.0,30,291087.109171,False
2.8,30,291129.976698,True
3.0,30,291173.515934,True
0.0,30,291222.835264,False
0.0,30,291265.646078,False
0.0,30,291308.345067,False
0.0,30,291359.812787,False
0.0,30,291405.37804,False
0.0,30,291446.384096,False
2.6,30,291489.51564,True
0.0,30,291537.65077,False
0.0,30,291585.910233,False
3.0,30,291628.933159,True
2.7,30,291678.677505,True
2.7,30,291727.947791,True
0.0,30,291777.032622,False
0.0,30,291829.249198,False
0.0,30,291875.747422,False
2.9,30,291919.815001,True
2.7,30,291962.140439,True
0.0,30,292008.531216,False
2.2,30,292381.515263,True
0.4,30,292439.648428,True
0.0,30,292488.257769,False
0.0,30,292534.194023,False
0.0,30,292576.756488,False
2.1,30,292634.759233,True
2.9,30,292685.789388,True
0.0,30,292736.778476,False
0.0,30,292783.643933,False
2.6,30,292823.747875,True
2.3,30,292870.383933,True
0.0,30,292910.974483,False
2.5,30,292956.413084,True
2.7,30,292998.181634,True
0.0,30,293046.467898,False
0.0,30,293094.781277,False
2.5,30,293143.946294,True
0.0,30,293195.535124,False
2.5,30,293238.403837,True
0.0,30,293284.068136,False
1.7,30,293330.673329,True
0.0,30,293378.495646,False
0.0,30,293424.438579,False
1.6,30,293468.911583,True
2.5,30,293510.458589,True
1.8,30,293553.113819,True
2.8,30,293598.476138,True
2.7,30,293646.626133,True
0.0,30,293688.235356,False
1.8,30,293738.19268,True
0.0,30,293787.373183,False
2.8,30,293837.024169,False
1.7,30,293878.81079,True
0.0,30,293926.623739,False
2.2,30,293976.042235,True
0.0,30,294288.955544,False
2.4,30,294327.912591,True
2.1,30,294371.461401,True
2.7,30,294418.771797,True
0.0,30,294461.461615,False
0.5,30,294508.529957,False
2.8,30,294558.422243,True
1.7,30,294605.221736,True
0.0,30,294651.155566,False
0.0,30,294702.73829,False
2.5,30,294745.0489,True
0.0,30,294788.705104,False
0.0,30,294837.924907,False
3.0,30,294879.410711,True
0.0,30,294928.293982,False
0.0,30,294976.477204,False
1.1,30,295024.450762,True
0.0,30,295068.512898,False
0.0,30,295113.88683,False
0.0,30,295161.607374,False
0.0,30,295207.482396,False
2.6,30,295255.237882,True
2.9,30,295297.500575,True
2.9,30,295344.129486,True
2.8,30,295390.847553,True
2.8,30,295437.302995,True
2.8,30,295483.001709,True
0.0,30,295541.141845,False
0.0,30,295586.41312,False
2.3,30,295626.103984,True
1.6,30,295667.495878,True
2.8,30,295713.794456,True
0.0,30,295757.743454,False
0.0,30,295809.903438,False
2.7,30,296117.440299,True
2.7,30,296161.471126,True
2.8,30,296206.275692,True
0.0,30,296251.222545,False
2.5,30,296294.650239,True
0.0,30,296335.620178,False
0.0,30,296381.49435,False
2.7,30,296427.878103,True
2.7,30,296471.628458,True
0.0,30,296518.91678,False
0.0,30,296561.51434,False
0.0,30,296608.47287,False
0.0,30,296655.677718,False
0.0,30,296701.675287,False
0.0,30,296744.628899,False
0.0,30,296787.617991,False
2.8,30,296838.631094,True
2.6,30,296883.163998,True
0.0,30,296927.509234,False
0.0,30,296975.575913,False
0.0,30,297022.914314,False
0.0,30,297067.259322,False
0.0,30,297112.417971,False
1.7,30,297160.475667,True
0.0,30,297203.069481,False
0.0,30,297249.654323,False
0.0,30,297305.33433,False
2.7,30,297354.684929,True
2.9,30,297397.725319,True
2.8,30,297440.436263,True
2.2,30,297478.949477,True
2.8,30,297523.923908,True
0.0,30,297574.374498,False
0.0,30,297622.951028,False
2.0,30,297900.373535,True
1.8,30,297944.740449,True
0.0,30,297992.200085,False
2.6,30,298041.223199,True
0.0,30,298083.793122,False
2.4,30,298131.003155,True
2.5,30,298173.739311,True
0.0,30,298218.296457,False
2.8,30,298263.250165,True
0.0,30,298308.635129,False
0.0,30,298352.254727,False
0.0,30,298407.684873,False
2.4,30,298454.133337,True
2.8,30,298507.527807,True
2.8,30,298547.677065,True
2.0,30,298593.063995,True
2.4,30,298648.796135,True
2.6,30,298694.266122,True
2.9,30,298739.247871,True
2.8,30,298777.724897,True
2.2,30,298822.765991,True
0.0,30,298871.047155,False
0.0,30,298913.485548,False
0.0,30,298960.593433,False
0.0,30,299005.374188,False
0.0,30,299046.657312,False
0.0,30,299095.492524,False
0.0,30,299139.61997,False
0.0,30,299185.722749,False
0.0,30,299231.541461,False
2.6,30,299275.989732,True
0.0,30,299326.985241,False
0.0,30,299373.466536,False
2.9,30,299414.112027,True
2.5,30,299700.385849,True
0.0,30,299751.115355,False
0.0,30,299795.947733,False
0.0,30,299844.600418,False
2.7,30,299893.444106,True
0.0,30,299939.883715,False
0.0,30,299979.999967,False
0.0,30,300027.749257,False
0.0,30,300074.670167,False
0.0,30,300122.716637,False
2.1,30,300172.286698,True
2.4,30,300216.65817,True
0.0,30,300259.856287,False
2.7,30,300309.901981,True
0.0,30,300351.738189,False
2.9,30,300403.001645,True
0.0,30,300451.387987,False
2.8,30,300489.975641,True
0.0,30,300534.877787,False
0.0,30,300582.54222,False
2.5,30,300626.989237,True
0.0,30,300666.541914,False
0.0,30,300718.736935,False
0.0,30,300759.492966,False
3.0,30,300804.377307,True
2.8,30,300848.484333,True
0.0,30,300899.845746,False
0.6,30,300945.627512,True
0.0,30,300986.876893,False
2.9,30,301036.882738,True
2.3,30,301081.488606,True
0.0,30,301126.378589,False
2.3,30,301172.228719,True
0.0,30,301220.659522,False
2.2,30,301513.834009,True
2.8,30,301562.18219,True
3.0,30,301610.933484,True
0.0,30,301663.200109,False
2.6,30,301708.603919,True
0.0,30,301758.268635,False
2.1,30,301805.296366,True
2.5,30,301851.618457,True
2.7,30,301926.188111,False
2.9,30,301985.202625,True
3.0,30,302027.978804,True
2.6,30,302073.299135,True
2.8,30,302120.236626,True
2.7,30,302171.861348,True
0.2,30,302215.566006,True
1.1,30,302261.308026,True
1.3,30,302314.220902,True
0.0,30,302360.175587,False
2.8,30,302406.995313,True
0.0,30,302448.402316,False
0.0,30,302494.098245,False
0.0,30,302540.785023,False
0.0,30,302580.830656,False
2.8,30,302628.505959,True
2.8,30,302678.331344,True
2.5,30,302719.767767,True
0.0,30,302764.681195,False
3.0,30,302814.053864,True
2.3,30,302860.166022,True
0.0,30,302902.412503,False
0.0,30,302942.409937,False
0.0,30,302989.127057,False
0.0,30,303037.670598,False
0.0,30,303079.7173,False
0.0,30,303375.818661,False
0.0,30,303420.58209,False
2.8,30,303462.743201,True
2.4,30,303509.228268,True
2.6,30,303552.268516,True
0.0,30,303589.754669,False
1.8,30,303632.73137,True
0.0,30,303679.963872,False
2.9,30,303722.252586,True
2.1,30,303765.350145,True
2.4,30,303809.721757,True
0.0,30,303854.980925,False
1.4,30,303898.680404,True
2.6,30,303944.954869,True
3.0,30,303982.977538,True
0.0,30,304037.425296,False
0.0,30,304083.330248,False
2.8,30,304127.563634,True
2.3,30,304173.792398,True
2.8,30,304220.151427,True
2.8,30,304262.702472,True
2.6,30,304303.187165,True
0.0,30,304348.508579,False
0.0,30,304390.650352,False
0.0,30,304432.305091,False
2.5,30,304479.593997,True
2.3,30,304521.842253,True
2.7,30,304570.045938,True
2.7,30,304606.975739,True
0.0,30,304659.902526,False
2.6,30,304700.556687,True
0.0,30,304739.889951,False
0.0,30,304782.469808,False
2.7,30,304829.904025,True
0.0,30,305119.072272,False
0.0,30,305162.853338,False
2.4,30,305212.142491,True
2.8,30,305256.912194,True
3.0,30,305295.68821,True
0.0,30,305338.800182,False
0.0,30,305382.138266,False
0.0,30,305434.084922,False
0.0,30,305481.660622,False
2.1,30,305527.987051,True
0.0,30,305575.813213,False
0.9,30,305621.540045,True
2.6,30,305665.934403,True
2.3,30,305712.182712,True
0.0,30,305762.4661,False
0.0,30,305812.295085,False
2.7,30,305856.547863,True
2.6,30,305900.788872,True
2.7,30,305941.568565,True
0.0,30,305985.082073,False
0.0,30,306027.173317,False
2.6,30,306078.817435,True
2.2,30,306123.528491,True
0.0,30,306170.859184,False
2.1,30,306216.483243,True
2.4,30,306260.898309,True
0.0,30,306304.641193,False
0.0,30,306352.030457,False
1.9,30,306397.740477,True
0.0,30,306453.313818,False
0.0,30,306504.798145,False
2.6,30,306553.842144,True
2.2,30,306599.156506,True
0.0,30,306642.490777,False
0.0,30,306951.974168,False
2.2,30,306995.437422,True
0.0,30,307038.87349,False
0.0,30,307085.059767,False
1.9,30,307132.675389,True
0.0,30,307176.127897,False
0.0,30,307226.412944,False
0.0,30,307273.508091,False
0.0,30,307321.440504,False
1.8,30,307367.748865,True
2.5,30,307417.784523,True
0.0,30,307458.897494,False
2.7,30,307502.756716,True
0.0,30,307548.611756,False
2.6,30,307591.163591,True
0.0,30,307641.763477,False
2.7,30,307685.121544,True
0.0,30,307733.624004,False
2.6,30,307776.44927,True
1.7,30,307819.574203,True
2.3,30,307867.243253,True
0.0,30,307914.89728,False
1.8,30,307966.774925,True
0.0,30,308014.408962,False
0.0,30,308058.866442,False
3.0,30,308103.451634,True
0.0,30,308147.007728,False
0.0,30,308194.310176,False
2.3,30,308236.370319,True
2.4,30,308284.075552,True
0.0,30,308327.657314,False
2.8,30,308371.744673,True
2.6,30,308414.220877,True
3.0,30,308460.616806,True
0.0,30,308500.939283,False
1.5,30,308826.456153,True
0.0,30,308869.558452,False
2.9,30,308918.311617,True
0.0,30,308966.669159,False
1.4,30,309008.88636,True
0.0,30,309054.063125,False
0.0,30,309105.639129,False
0.0,30,309149.275819,False
0.0,30,309190.818085,False
0.0,30,309242.008629,False
0.0,30,309295.922196,False
2.6,30,309339.74182,True
0.0,30,309386.470589,False
2.7,30,309428.627309,True
0.0,30,309476.372191,False
0.0,30,309523.060181,False
2.7,30,309567.393362,True
0.0,30,309614.651775,False
0.0,30,309670.875594,False
2.8,30,309713.886595,True
3.0,30,309760.202474,True
0.0,30,309805.96774,False
0.0,30,309849.746214,False
2.0,30,309895.768791,True
2.8,30,309943.513553,True
2.7,30,309987.726501,True
1.8,30,310033.157702,True
0.0,30,310077.935559,False
0.0,30,310128.204267,False
0.0,30,310173.178098,False
1.4,30,310220.753803,True
3.0,30,310269.258974,True
0.0,30,310316.51748,False
2.6,30,310360.269887,True
2.7,30,310693.128712,True
2.3,30,310737.810561,True
2.5,30,310788.963826,True
0.0,30,310831.796798,False
0.0,30,310882.7226,False
0.0,30,310928.629531,False
2.7,30,310977.72025,True
0.0,30,311028.854478,False
0.0,30,311074.686977,False
0.0,30,311124.921719,False
2.6,30,311170.778938,True
2.6,30,311214.544095,True
3.0,30,311258.949863,True
1.5,30,311305.509808,True
1.9,30,311348.877283,True
0.0,30,311393.669803,False
2.8,30,311439.682161,True
2.3,30,311485.202004,True
2.2,30,311530.249708,True
2.9,30,311580.275428,True
2.6,30,311622.109367,True
0.0,30,311674.858978,False
0.0,30,311722.621458,False
1.8,30,311802.334865,True
0.0,30,311851.094338,False
0.0,30,311894.969476,False
0.0,30,311942.783515,False
2.4,30,311984.699862,True
2.6,30,312032.692506,True
0.0,30,312079.280507,False
0.0,30,312142.203039,False
0.0,30,312194.100929,False
0.0,30,312250.803675,False
0.0,30,312312.785094,False
2.6,30,312608.183835,True
2.7,30,312654.891561,True
2.7,30,312700.617944,True
0.0,30,312745.362119,False
2.0,30,312792.799071,True
0.0,30,312834.22554,False
0.0,30,312879.341716,False
1.1,30,312923.979477,True
2.7,30,312974.110122,True
0.0,30,313021.614093,False
2.1,30,313065.646195,True
2.8,30,313112.606479,True
2.9,30,313158.19402,True
2.9,30,313200.90518,True
0.0,30,313249.117344,False
0.0,30,313295.003761,False
0.0,30,313340.396053,False
0.0,30,313382.536292,False
0.0,30,313428.698294,False
0.4,30,313479.701574,False
0.0,30,313528.25256,False
2.7,30,313569.478424,True
2.6,30,313616.203913,True
0.0,30,313667.83438,False
0.0,30,313712.969592,False
2.8,30,313760.397084,True
2.6,30,313805.985809,True
2.8,30,313851.150206,True
0.0,30,313899.000821,False
0.0,30,313947.977807,False
1.6,30,313998.419202,True
0.0,30,314040.350574,False
0.0,30,314089.958648,False
2.2,30,314136.216119,True
2.4,30,314442.766846,True
0.0,30,314487.44873,False
0.0,30,314536.441693,False
2.5,30,314577.541285,True
0.0,30,314625.512751,False
1.9,30,314671.543299,True
0.0,30,314718.690712,False
1.5,30,314776.167635,True
0.0,30,314820.909487,False
0.0,30,314868.228356,False
2.8,30,314913.011522,True
0.0,30,314959.302756,False
0.0,30,315007.035976,False
0.0,30,315049.771783,False
0.0,30,315086.779499,False
2.5,30,315133.393723,True
2.3,30,315180.50879,True
0.0,30,315227.954812,False
0.0,30,315276.358523,False
2.8,30,315319.542491,True
0.0,30,315362.949223,False
2.4,30,315405.51546,True
1.8,30,315450.84888,True
0.0,30,315491.425399,False
0.6,30,315538.09391,True
2.8,30,315585.694398,True
2.4,30,315626.567264,True
0.0,30,315676.523218,False
0.0,30,315719.094303,False
0.0,30,315775.419541,False
1.4,30,315817.408594,True
0.0,30,315861.886868,False
2.1,30,315906.930454,True
1.5,30,315950.838635,True
0.0,30,316268.355853,False
0.0,30,316316.730724,False
2.8,30,316358.343923,True
0.0,30,316405.718678,False
0.0,30,316447.451541,False
2.5,30,316494.484296,True
0.0,30,316538.105517,False
1.7,30,316584.751002,True
0.0,30,316627.29438,False
0.0,30,316672.366922,False
2.9,30,316721.078766,True
0.0,30,316767.94132,False
0.0,30,316813.231652,False
2.6,30,316858.269265,True
0.0,30,316902.2493,False
2.6,30,316946.142072,True
0.0,30,316993.327478,False
2.5,30,317039.200546,True
0.0,30,317090.555974,False
2.6,30,317136.872231,True
0.0,30,317182.332552,False
2.7,30,317228.077636,True
2.7,30,317275.716813,True
2.8,30,317322.853343,True
0.0,30,317367.495271,False
0.0,30,317410.93679,False
0.0,30,317452.050894,False
0.0,30,317493.856192,False
2.1,30,317541.120994,True
0.0,30,317588.728662,False
0.0,30,317640.989588,False
0.0,30,317683.122627,False
1.2,30,317722.74683,True
0.0,30,317773.770146,False
2.4,30,318088.860204,True
0.0,30,318137.478124,False
1.2,30,318178.529349,True
2.9,30,318222.445035,True
0.0,30,318263.120759,False
2.9,30,318307.170686,True
0.0,30,318346.978127,False
0.0,30,318391.074807,False
0.0,30,318436.18071,False
2.0,30,318481.33084,True
2.2,30,318525.459192,True
2.6,30,318568.146902,True
0.0,30,318610.479465,False
0.0,30,318653.11033,False
0.0,30,318698.186332,False
0.0,30,318747.242427,False
2.7,30,318792.507729,True
1.9,30,318840.204991,True
3.0,30,318890.656445,True
0.0,30,318941.792963,False
0.0,30,318987.466703,False
0.0,30,319026.011997,False
1.9,30,319072.366307,True
3.0,30,319120.083681,True
1.5,30,319163.578768,True
2.4,30,319207.255307,True
2.6,30,319248.263376,True
2.2,30,319288.028585,True
2.8,30,319332.439934,True
2.7,30,319377.3423,True
2.6,30,319421.81304,True
2.3,30,319468.081722,True
0.0,30,319517.656985,False
0.0,30,319562.792097,False
0.0,30,319864.652735,False
0.0,30,319908.115507,False
0.0,30,319953.883577,False
0.0,30,320002.591199,False
0.0,30,320052.443414,False
0.0,30,320099.244132,False
0.0,30,320146.374577,False
0.0,30,320192.480145,False
2.7,30,320239.83932,True
2.5,30,320287.090423,True
3.0,30,320331.24067,True
2.7,30,320373.197425,True
0.0,30,320416.962591,False
2.2,30,320464.061189,True
0.0,30,320508.56412,False
2.3,30,320552.036892,True
1.6,30,320598.434442,True
2.8,30,320643.164181,True
2.5,30,320693.14997,True
0.0,30,320736.820101,False
0.0,30,320780.766731,False
2.7,30,320827.680395,True
2.9,30,320873.725654,True
0.0,30,320914.397353,False
3.0,30,320962.304615,True
2.0,30,321007.013101,True
0.0,30,321052.80391,False
2.7,30,321097.766413,True
2.0,30,321146.722787,True
0.0,30,321188.754655,False
2.4,30,321245.507939,True
3.0,30,321293.433738,True
0.0,30,321337.647431,False
1.0,30,321405.587695,True
0.0,30,321451.681458,False
2.6,30,321746.909821,True
0.0,30,321794.085986,False
2.5,30,321838.525047,True
2.2,30,321883.75146,True
2.5,30,321938.669754,True
2.7,30,321984.923251,True
2.6,30,322027.979691,True
0.0,30,322074.539896,False
0.0,30,322124.529463,False
0.0,30,322172.44043,False
0.0,30,322213.332179,False
0.0,30,322259.786853,False
0.0,30,322301.815262,False
0.0,30,322345.678818,False
0.0,30,322397.215994,False
1.6,30,322447.634051,True
0.0,30,322489.514941,False
3.0,30,322534.878651,True
0.0,30,322582.984182,False
1.8,30,322630.534084,True
0.0,30,322689.79245,False
1.9,30,322733.191173,True
0.0,30,322778.80385,False
0.0,30,322822.673604,False
2.4,30,322864.632899,True
0.0,30,322917.576693,False
2.3,30,322966.058052,True
2.6,30,323025.296073,True
2.8,30,323074.004365,True
2.4,30,323121.579796,True
0.0,30,323170.501049,False
0.0,30,323227.348953,False
0.0,30,323267.907633,False
0.0,30,323318.488687,False
0.0,30,323650.29457,False
0.0,30,323699.718879,False
2.6,30,323744.481468,True
1.4,30,323787.561625,True
2.6,30,323831.616369,True
1.9,30,323876.194119,True
0.0,30,323923.60764,False
2.8,30,323966.487422,True
0.0,30,324009.488876,False
0.0,30,324052.79862,False
2.5,30,324096.401177,True
0.0,30,324156.083756,False
0.0,30,324202.551453,False
0.0,30,324256.132609,False
0.0,30,324305.776158,False
2.4,30,324345.9534,True
2.9,30,324391.100101,True
2.7,30,324434.607442,True
0.0,30,324478.830356,False
0.8,30,324523.533847,True
2.4,30,324568.304374,True
0.0,30,324617.371055,False
0.0,30,324667.462606,False
0.0,30,324712.577688,False
2.3,30,324757.663489,False
0.6,30,324808.898021,True
3.0,30,324850.560467,True
2.8,30,324894.378065,True
0.0,30,324952.759738,False
1.9,30,324994.066682,True
0.0,30,325036.309534,False
2.6,30,325088.088269,True
0.0,30,325132.126828,False
2.8,30,325179.072709,True
0.0,30,325512.45776,False
1.9,30,325555.453149,True
2.7,30,325599.997174,True
2.2,30,325666.039504,True
0.0,30,325716.715201,False
0.0,30,325762.018828,False
0.0,30,325809.418417,False
0.0,30,325856.475024,False
1.5,30,325899.457309,True
0.0,30,325947.435235,False
0.0,30,325994.355094,False
0.0,30,326045.543672,False
2.7,30,326096.648114,True
0.0,30,326147.678666,False
2.9,30,326192.337095,True
0.0,30,326232.824888,False
0.0,30,326278.051829,False
2.6,30,326325.57052,True
0.0,30,326368.980357,False
0.0,30,326418.631341,False
0.0,30,326469.313581,False
0.0,30,326516.11643,False
2.4,30,326559.736204,True
0.0,30,326607.726486,False
0.0,30,326654.930292,False
0.0,30,326700.190925,False
2.6,30,326741.682385,True
0.0,30,326800.266181,False
0.0,30,326840.108575,False
0.0,30,326887.335417,False
0.0,30,326932.880919,False
0.0,30,326990.662204,False
0.0,30,327037.989725,False
0.5,30,327082.441545,False
0.0,30,327396.119358,False
2.4,30,327440.192321,True
2.2,30,327486.18128,True
0.0,30,327532.732796,False
0.0,30,327574.587361,False
2.7,30,327627.638478,True
0.0,30,327672.578686,False
0.0,30,327718.226103,False
2.8,30,327766.778147,True
2.4,30,327808.683839,True
2.7,30,327853.734484,True
0.0,30,327900.089878,False
0.0,30,327948.307299,False
2.8,30,327993.507539,True
2.8,30,328042.674839,True
2.2,30,328090.563007,True
0.0,30,328137.701811,False
0.0,30,328182.88482,False
0.0,30,328231.586341,False
2.7,30,328281.495194,True
1.6,30,328324.310609,True
3.0,30,328370.168632,True
2.8,30,328413.781602,True
0.0,30,328454.533745,False
0.0,30,328498.493507,False
0.0,30,328538.447123,False
2.8,30,328581.215213,True
0.0,30,328629.078716,False
2.9,30,328674.930419,True
0.0,30,328720.299295,False
0.0,30,328768.226929,False
0.0,30,328811.746719,False
2.6,30,328852.522717,True
2.8,30,328902.02373,True
2.5,30,329189.484799,True
0.0,30,329236.027041,False
2.3,30,329275.824821,True
0.0,30,329319.185072,False
0.0,30,329363.11578,False
0.0,30,329409.083285,False
0.0,30,329454.214217,False
2.9,30,329500.926458,True
2.0,30,329549.413982,True
0.0,30,329593.048069,False
0.0,30,329635.604434,False
2.4,30,329684.141437,True
2.4,30,329734.371615,True
2.5,30,329775.11692,True
0.0,30,329819.481247,False
0.0,30,329871.595875,False
2.8,30,329915.843304,True
0.7,30,329961.634556,True
2.8,30,330015.130141,True
0.0,30,330062.410402,False
0.0,30,330101.714962,False
0.0,30,330146.044017,False
2.7,30,330187.433865,True
2.7,30,330234.041166,True
0.0,30,330279.684904,False
0.0,30,330325.627102,False
0.0,30,330367.710632,False
0.0,30,330416.037553,False
0.0,30,330465.933124,False
2.8,30,330504.618219,True
2.7,30,330548.15,True
2.9,30,330597.487906,True
2.8,30,330645.824873,True
0.0,30,330690.938606,False
0.0,30,330992.292944,False
2.8,30,331033.916401,True
0.0,30,331082.053327,False
0.0,30,331123.62713,False
0.0,30,331178.240592,False
1.8,30,331229.769542,True
0.0,30,331274.650414,False
0.0,30,331319.968223,False
2.9,30,331366.753674,True
0.0,30,331410.288548,False
0.0,30,331454.640435,False
0.0,30,331506.214224,False
3.0,30,331548.108523,True
0.0,30,331604.540176,False
2.7,30,331654.355531,True
1.9,30,331695.669891,True
2.9,30,331734.169652,True
0.0,30,331778.354546,False
0.0,30,331826.605178,False
2.7,30,331871.706024,True
0.0,30,331922.034029,False
0.0,30,331966.008219,False
0.0,30,332011.998268,False
0.0,30,332061.921513,False
0.0,30,332108.311274,False
0.0,30,332157.248995,False
2.4,30,332201.034379,True
0.0,30,332242.866092,False
0.0,30,332287.005732,False
2.7,30,332326.634184,True
2.7,30,332368.093255,True
0.0,30,332408.44789,False
2.7,30,332453.476517,True
0.0,30,332500.276224,False
2.8,30,332812.351013,True
3.0,30,332856.234343,True
0.0,30,332902.334751,False
2.6,30,332945.708252,True
0.0,30,332991.65997,False
0.0,30,333038.321525,False
0.0,30,333080.501014,False
1.9,30,333129.091645,True
2.6,30,333176.845961,True
2.2,30,333220.910569,True
0.0,30,333265.324854,False
3.0,30,333312.125457,True
2.5,30,333363.500231,True
2.7,30,333406.973675,True
0.7,30,333463.647767,True
2.4,30,333508.512228,True
2.3,30,333555.190588,True
3.0,30,333604.494617,True
2.6,30,333650.939596,True
0.0,30,333693.69347,False
0.0,30,333743.480314,False
3.0,30,333797.776997,True
3.0,30,333853.98622,True
2.1,30,333899.926423,True
0.0,30,333940.413936,False
2.8,30,333993.009478,True
0.0,30,334033.530718,False
2.9,30,334077.164738,True
2.2,30,334119.227937,True
2.4,30,334166.682847,True
2.6,30,334209.816486,True
0.0,30,334255.333883,False
2.3,30,334300.027005,True
2.6,30,334344.85075,True
0.0,30,334643.699894,False
0.0,30,334688.55555,False
0.0,30,334736.122591,False
0.0,30,334790.963344,False
0.0,30,334835.418512,False
0.0,30,334880.989551,False
2.8,30,334924.903157,True
0.0,30,334969.552295,False
0.0,30,335020.094791,False
0.6,30,335065.049151,True
0.0,30,335109.901116,False
2.6,30,335152.699414,True
0.0,30,335199.058699,False
2.6,30,335250.158644,True
2.1,30,335301.218891,True
2.6,30,335348.122158,True
2.8,30,335389.397532,True
2.3,30,335431.319545,True
0.0,30,335476.278712,False
0.0,30,335522.25413,False
0.0,30,335567.996381,False
2.6,30,335627.213701,True
0.0,30,335671.977121,False
0.0,30,335718.600847,False
0.0,30,335776.715599,False
0.0,30,335822.777482,False
0.0,30,335868.756991,False
0.0,30,335909.9294,False
0.0,30,335957.945647,False
0.0,30,336006.070242,False
0.0,30,336053.269077,False
2.8,30,336102.400155,True
0.0,30,336147.742957,False
0.0,30,336194.762568,False
0.0,30,336236.758196,False
0.9,30,336499.823371,True
0.0,30,336546.81298,False
2.6,30,336592.27747,True
0.0,30,336657.456316,False
0.0,30,336700.029011,False
0.0,30,336746.732657,False
0.0,30,336793.174669,False
2.4,30,336837.357919,True
0.0,30,336880.277227,False
0.0,30,336925.527043,False
0.0,30,336965.15188,False
2.7,30,337011.627737,True
0.0,30,337057.743963,False
0.0,30,337100.193807,False
2.5,30,337146.607745,True
0.0,30,337187.428367,False
0.0,30,337234.406801,False
2.0,30,337276.016655,True
3.0,30,337323.077614,True
1.4,30,337362.498143,True
1.7,30,337405.804358,True
1.6,30,337450.506007,True
0.0,30,337492.305795,False
2.4,30,337542.484112,True
0.0,30,337583.287182,False
2.6,30,337628.019462,True
0.0,30,337665.044957,False
2.9,30,337708.410952,True
2.6,30,337751.778958,True
2.7,30,337802.156631,True
2.2,30,337845.890744,True
0.0,30,337890.637351,False
0.0,30,337930.579831,False
2.3,30,337973.478053,True
0.0,30,338268.47606,False
0.0,30,338317.871338,False
1.9,30,338366.650261,True
2.3,30,338416.888078,True
1.1,30,338480.884014,True
0.0,30,338524.052168,False
0.0,30,338571.885364,False
0.0,30,338611.365849,False
0.0,30,338653.118571,False
0.0,30,338697.661297,False
2.5,30,338739.73874,True
2.4,30,338785.638891,True
2.7,30,338833.583189,True
2.5,30,338879.559186,True
0.0,30,338920.751935,False
2.5,30,338963.280483,True
2.5,30,339006.740536,True
0.0,30,339052.655566,False
2.9,30,339096.55864,True
0.0,30,339145.650125,False
0.0,30,339190.605288,False
0.0,30,339236.427847,False
0.0,30,339278.139938,False
2.4,30,339318.647367,True
0.0,30,339360.05313,False
0.0,30,339404.441005,False
1.7,30,339452.977449,True
2.7,30,339497.617859,True
0.0,30,339540.675354,False
0.0,30,339587.256903,False
0.0,30,339630.994202,False
0.0,30,339676.27293,False
2.8,30,339722.107247,True
0.0,30,339763.352986,False
2.6,30,340054.664951,True
0.0,30,340102.62173,False
0.8,30,340145.553155,True
0.0,30,340190.53747,False
0.0,30,340233.928606,False
0.0,30,340282.176082,False
2.5,30,340328.439466,True
2.0,30,340377.136529,True
0.0,30,340423.187496,False
0.0,30,340470.218391,False
2.8,30,340520.903432,True
2.3,30,340567.426311,True
0.0,30,340612.441713,False
3.0,30,340657.47871,True
0.0,30,340698.070541,False
2.7,30,340743.446948,True
0.0,30,340789.760884,False
0.0,30,340834.398012,False
0.0,30,340879.875108,False
0.0,30,340931.665939,False
2.8,30,340976.815144,True
0.0,30,341021.947045,False
0.0,30,341069.107674,False
2.5,30,341106.426336,True
0.0,30,341147.794601,False
2.2,30,341194.944128,True
2.8,30,341240.428425,True
2.3,30,341285.272098,True
2.8,30,341331.030293,True
3.0,30,341382.069516,True
0.0,30,341428.328375,False
0.0,30,341471.882383,False
2.7,30,341518.054392,True
0.7,30,341559.387172,True
2.6,30,341863.703045,True
2.8,30,341911.893228,True
0.0,30,341961.100991,False
2.5,30,342010.345559,True
0.0,30,342061.487496,False
0.0,30,342108.119755,False
2.8,30,342154.085856,True
2.9,30,342196.42626,True
0.0,30,342242.810727,False
0.0,30,342281.791813,False
2.8,30,342325.520021,True
2.6,30,342367.995262,True
2.5,30,342411.683501,True
0.0,30,342458.064371,False
0.0,30,342499.109094,False
2.6,30,342546.979232,True
0.0,30,342591.385965,False
0.0,30,342638.107558,False
1.8,30,342684.612643,True
0.0,30,342731.961538,False
0.0,30,342775.83424,False
2.5,30,342815.275963,True
2.5,30,342861.370891,True
0.0,30,342911.725817,False
0.0,30,342956.299158,False
0.0,30,343000.967248,False
0.0,30,343045.917918,False
0.0,30,343094.828958,False
2.8,30,343138.882614,True
0.0,30,343184.004157,False
2.1,30,343228.706941,True
0.0,30,343273.959279,False
0.0,30,343318.951543,False
2.3,30,343367.282665,True
0.0,30,343671.228707,False
2.2,30,343721.766983,True
2.7,30,343767.70834,True
2.3,30,343821.504035,True
0.0,30,343866.714048,False
2.4,30,343913.703574,True
2.6,30,343958.142776,True
3.0,30,344004.01648,True
1.7,30,344048.489631,True
0.0,30,344098.846932,False
0.0,30,344144.652482,False
2.7,30,344188.342758,True
2.7,30,344239.916457,True
2.3,30,344288.566829,True
2.9,30,344335.55815,True
0.0,30,344380.725775,False
2.6,30,344426.686009,True
0.0,30,344470.508918,False
2.7,30,344513.771558,True
2.6,30,344561.182049,True
2.8,30,344608.186323,True
0.0,30,344656.682946,False
2.6,30,344699.532624,True
0.0,30,344751.415715,False
0.0,30,344793.57879,False
2.7,30,344839.975865,True
2.2,30,344879.023374,True
3.0,30,344924.227594,True
2.5,30,344974.631604,True
0.0,30,345016.377496,False
0.0,30,345064.472019,False
0.0,30,345106.273154,False
0.0,30,345145.959865,False
0.0,30,345188.821193,False
2.7,30,345465.332626,True
2.8,30,345510.239352,True
0.0,30,345555.942373,False
2.6,30,345607.579939,True
0.0,30,345652.843364,False
2.6,30,345697.416828,True
0.0,30,345742.186029,False
0.0,30,345793.831677,False
2.8,30,345835.295202,True
0.0,30,345879.383024,False
0.0,30,345919.878863,False
2.2,30,345965.734271,True
0.0,30,346006.715845,False
0.0,30,346046.46008,False
0.0,30,346094.32307,False
0.0,30,346139.570287,False
0.0,30,346200.52952,False
2.2,30,346246.112992,True
2.1,30,346289.643923,True
0.0,30,346331.625463,False
2.4,30,346376.676916,True
0.0,30,346425.715737,False
2.2,30,346467.563207,True
0.0,30,346515.19825,False
2.9,30,346561.902523,True
2.8,30,346614.00375,True
2.7,30,346663.818047,True
2.6,30,346711.070364,True
0.0,30,346758.699989,False
0.0,30,346803.965521,False
2.6,30,346852.087109,True
2.9,30,346893.138224,True
2.5,30,346932.622163,True
1.7,30,346977.204185,True
2.4,30,347294.017913,True
0.0,30,347338.88646,False
0.0,30,347384.680819,False
0.0,30,347429.257131,False
1.3,30,347484.063375,True
0.0,30,347530.13179,False
0.0,30,347575.188677,False
0.0,30,347616.866439,False
0.4,30,347659.081073,False
2.8,30,347707.204416,True
0.0,30,347754.195818,False
0.0,30,347799.519678,False
0.0,30,347839.580658,False
0.0,30,347887.835544,False
0.0,30,347934.261127,False
0.0,30,347980.220754,False
1.7,30,348028.132769,True
1.7,30,348072.411481,True
0.0,30,348119.95643,False
2.5,30,348164.591388,True
0.0,30,348210.243741,False
2.7,30,348257.680395,True
2.2,30,348302.490268,True
2.9,30,348349.297555,True
0.0,30,348394.714953,False
2.6,30,348443.061662,True
2.9,30,348491.773778,True
0.0,30,348537.913794,False
2.1,30,348577.095083,True
2.4,30,348626.413437,True
2.3,30,348668.291285,True
0.0,30,348710.577405,False
1.6,30,348755.827476,True
0.0,30,348800.738156,False
0.0,30,348842.972569,False
2.8,30,349172.937651,True
0.0,30,349217.455505,False
2.0,30,349266.37852,True
2.7,30,349336.13526,True
2.8,30,349386.081588,True
2.4,30,349432.679968,True
0.0,30,349477.516946,False
0.0,30,349523.428122,False
2.5,30,349572.904007,True
2.8,30,349613.132042,True
2.7,30,349664.521956,True
0.0,30,349712.54984,False
0.0,30,349756.79448,False
2.5,30,349822.616618,True
0.0,30,349864.514259,False
0.0,30,349912.714751,False
2.4,30,349958.159247,True
2.8,30,350008.084151,True
0.0,30,350055.281054,False
0.0,30,350096.223406,False
0.4,30,350139.533164,True
0.0,30,350187.539225,False
0.0,30,350228.512177,False
2.8,30,350274.903879,True
2.8,30,350330.119607,True
0.0,30,350382.267601,False
2.7,30,350430.867962,True
0.0,30,350472.835186,False
2.5,30,350517.683002,True
0.0,30,350558.950909,False
0.0,30,350602.575115,False
2.7,30,350648.141047,True
2.6,30,350695.81009,True
2.3,30,350739.333159,True
0.0,30,351038.764938,False
2.9,30,351081.458842,True
0.0,30,351130.26283,False
1.1,30,351175.9098,True
2.8,30,351226.702365,True
1.9,30,351273.794926,True
2.9,30,351319.559411,True
1.0,30,351368.68307,True
0.0,30,351417.922394,False
0.0,30,351460.673285,False
0.0,30,351511.236277,False
2.5,30,351558.813017,True
1.2,30,351607.839402,True
0.0,30,351656.44425,False
0.0,30,351702.58135,False
2.7,30,351752.471951,True
0.0,30,351796.691598,False
2.5,30,351839.401335,True
0.0,30,351880.934779,False
0.0,30,351931.255816,False
0.0,30,351987.852147,False
0.0,30,352029.884153,False
0.0,30,352075.481724,False
2.2,30,352121.232423,True
2.0,30,352167.493828,True
2.4,30,352213.732562,True
0.0,30,352261.859865,False
0.0,30,352303.956101,False
0.0,30,352351.794866,False
0.0,30,352393.106461,False
0.0,30,352443.28006,False
2.6,30,352488.585346,True
2.8,30,352534.236741,True
2.6,30,352583.288315,True
3.0,30,352883.191587,True
2.4,30,352925.952367,True
0.2,30,352974.9855,True
0.0,30,353024.320856,False
0.0,30,353069.727844,False
2.2,30,353106.388522,True
0.0,30,353150.961117,False
0.0,30,353197.12143,False
0.0,30,353240.548328,False
0.0,30,353294.657593,False
2.3,30,353341.717987,True
0.0,30,353390.368903,False
2.4,30,353433.943586,True
0.0,30,353484.739032,False
1.2,30,353529.221205,True
0.0,30,353571.704486,False
2.6,30,353617.36671,True
0.0,30,353665.288165,False
1.9,30,353710.477319,True
0.0,30,353752.449287,False
0.0,30,353799.490157,False
3.0,30,353847.019911,True
3.0,30,353891.314467,True
0.0,30,353932.546172,False
0.0,30,353980.164276,False
2.8,30,354021.46403,True
0.6,30,354069.252849,False
0.0,30,354117.556015,False
0.0,30,354162.581659,False
1.7,30,354209.23794,True
0.0,30,354257.602404,False
0.0,30,354296.767771,False
0.0,30,354344.930017,False
0.0,30,354389.749713,False
0.7,30,354720.975595,False
2.3,30,354770.083431,True
0.0,30,354813.252981,False
0.0,30,354859.414878,False
0.0,30,354907.964264,False
0.0,30,354950.376029,False
1.9,30,354997.127653,True
2.7,30,355042.958839,True
0.0,30,355095.247319,False
1.9,30,355136.738909,True
2.6,30,355183.392158,True
0.0,30,355226.579421,False
0.0,30,355279.844684,False
0.0,30,355318.994171,False
0.0,30,355363.354721,False
0.0,30,355407.557012,False
2.8,30,355453.18927,True
1.8,30,355499.213087,True
0.0,30,355551.761754,False
2.6,30,355596.175234,True
2.6,30,355638.311979,True
2.1,30,355681.722687,True
2.7,30,355727.852772,True
2.4,30,355790.235101,True
2.4,30,355835.564153,True
0.0,30,355879.672514,False
2.4,30,355924.620771,True
0.0,30,355969.076094,False
0.0,30,356021.152402,False
0.0,30,356070.301255,False
0.0,30,356115.973401,False
0.6,30,356161.420647,True
0.0,30,356206.447586,False
0.0,30,356252.970102,False
0.0,30,356565.186142,False
2.6,30,356608.097942,True
0.0,30,356652.582965,False
0.1,30,356694.377888,False
0.0,30,356741.828213,False
0.0,30,356788.287391,False
2.1,30,356832.593177,True
2.5,30,356883.498746,True
0.0,30,356928.67484,False
0.0,30,356973.296638,False
1.3,30,357030.81134,True
2.3,30,357076.835977,True
0.0,30,357128.72063,False
0.0,30,357175.170214,False
2.8,30,357224.198172,True
0.0,30,357273.854194,False
2.7,30,357323.58653,True
0.0,30,357378.08463,False
3.0,30,357429.419903,True
2.1,30,357473.1466,True
2.6,30,357522.09832,True
3.0,30,357568.588468,True
2.3,30,357615.449862,True
0.0,30,357662.648035,False
2.8,30,357711.700643,True
2.7,30,357756.458187,True
0.0,30,357798.416582,False
2.6,30,357840.5583,True
0.0,30,357883.609147,False
0.0,30,357927.584655,False
2.3,30,357981.879001,True
2.5,30,358027.053505,True
0.0,30,358073.188957,False
0.0,30,358124.275782,False
0.0,30,358449.2111,False
0.0,30,358497.09759,False
2.7,30,358543.969268,True
0.0,30,358586.895295,False
1.6,30,358638.616808,True
0.8,30,358684.697282,True
2.4,30,358725.852705,True
0.0,30,358772.090131,False
0.0,30,358813.761227,False
0.0,30,358858.003317,False
0.0,30,358907.381424,False
0.0,30,358956.065534,False
0.0,30,358999.953604,False
2.6,30,359043.896503,True
0.0,30,359088.022403,False
0.0,30,359130.741362,False
2.7,30,359178.451437,True
0.0,30,359225.120606,False
2.8,30,359278.647325,True
0.0,30,359326.937557,False
0.0,30,359371.803378,False
0.0,30,359421.737954,False
0.0,30,359461.343391,False
2.6,30,359507.461833,True
2.5,30,359550.639042,True
2.4,30,359594.437087,True
2.3,30,359641.206962,True
0.0,30,359683.575085,False
2.8,30,359730.138191,True
2.5,30,359772.554857,True
0.0,30,359824.065757,False
2.3,30,359871.006509,True
2.1,30,359915.839646,True
0.0,30,359971.900201,False
0.0,30,360292.808099,False
0.0,30,360331.765436,False
0.0,30,360383.160606,False
0.0,30,360428.148348,False
1.9,30,360477.82536,True
2.9,30,360525.729646,True
0.0,30,360569.601266,False
0.0,30,360615.532959,False
0.0,30,360665.56291,False
0.0,30,360708.533624,False
0.0,30,360747.51001,False
2.7,30,360792.073579,True
0.0,30,360838.556769,False
2.8,30,360888.678853,True
0.0,30,360935.539406,False
2.8,30,360979.272306,True
2.7,30,361023.921373,True
2.4,30,361072.235448,True
2.2,30,361119.164623,False
2.2,30,361167.344203,True
2.5,30,361213.098373,True
0.0,30,361253.949242,False
2.6,30,361300.681587,False
2.8,30,361345.298457,True
0.0,30,361389.187326,False
2.6,30,361431.803631,True
0.0,30,361477.040998,False
2.6,30,361524.038115,True
0.0,30,361570.961708,False
0.0,30,361620.14254,False
2.6,30,361663.749936,True
0.0,30,361710.960552,False
0.0,30,361756.231257,False
0.0,30,361803.329627,False
3.0,30,362120.483181,True
2.3,30,362164.501304,True
0.0,30,362208.753781,False
2.7,30,362270.61592,False
0.0,30,362316.193752,False
2.8,30,362359.55301,True
2.9,30,362407.918162,True
1.8,30,362452.954337,True
0.0,30,362502.294739,False
0.0,30,362551.089688,False
0.0,30,362599.134623,False
2.8,30,362649.350069,True
0.0,30,362690.663741,False
2.7,30,362739.832118,True
2.5,30,362780.379795,True
2.8,30,362820.236918,True
2.8,30,362866.746489,True
0.0,30,362914.591111,False
2.3,30,362962.893694,True
0.0,30,363007.096046,False
0.0,30,363056.101601,False
0.0,30,363107.67401,False
0.0,30,363151.230459,False
0.0,30,363195.523909,False
0.0,30,363244.244649,False
2.5,30,363293.248691,True
0.0,30,363342.666426,False
2.1,30,363390.375044,True
0.0,30,363439.596178,False
1.7,30,363491.54788,True
0.0,30,363534.700191,False
0.0,30,363583.053582,False
2.6,30,363632.176346,True
0.0,30,363678.651124,False
2.5,30,363724.066727,True
0.0,30,364027.683835,False
0.0,30,364075.358715,False
0.0,30,364119.121706,False
1.8,30,364167.673914,True
0.0,30,364212.643766,False
0.0,30,364253.179455,False
0.0,30,364300.909004,False
2.1,30,364352.286883,True
0.0,30,364400.473547,False
0.0,30,364445.126014,False
2.4,30,364487.291355,True
0.0,30,364536.24551,False
0.0,30,364582.602,False
2.7,30,364633.409555,True
3.0,30,364678.07059,True
2.7,30,364719.736685,True
0.0,30,364762.63318,False
3.0,30,364807.954219,True
2.6,30,364847.467042,True
0.0,30,364896.205005,False
1.9,30,364942.288125,True
2.4,30,364986.398039,True
2.5,30,365035.555345,True
0.3,30,365080.704726,True
2.9,30,365122.486444,True
0.0,30,365169.201377,False
2.5,30,365215.380668,True
2.7,30,365259.241131,True
2.9,30,365296.748372,True
0.0,30,365342.069961,False
2.8,30,365384.622982,True
0.0,30,365426.224952,False
2.6,30,365471.874505,True
0.0,30,365517.732267,False
0.0,30,365830.972149,False
3.0,30,365880.212563,True
2.8,30,365924.641567,True
0.0,30,365967.717732,False
2.6,30,366013.228409,True
2.4,30,366056.085089,True
2.9,30,366105.853366,True
0.0,30,366151.698559,False
0.0,30,366201.79427,False
0.0,30,366241.174434,False
2.4,30,366283.090424,True
2.7,30,366325.590687,True
2.3,30,366373.666533,True
2.8,30,366417.05004,True
2.5,30,366461.915464,True
0.9,30,366509.456775,True
2.9,30,366555.528888,True
0.0,30,366605.599393,False
0.0,30,366649.545183,False
0.0,30,366701.031775,False
2.0,30,366744.540782,True
2.5,30,366786.970203,True
2.7,30,366826.627209,True
2.6,30,366876.974297,True
0.0,30,366922.746693,False
2.0,30,366976.874687,True
2.8,30,367020.67451,True
0.0,30,367077.354177,False
1.2,30,367124.08422,True
2.7,30,367193.775723,True
0.0,30,367244.846028,False
2.4,30,367292.686034,True
0.0,30,367334.39197,False
0.0,30,367384.610937,False
2.7,30,367681.283444,True
0.0,30,367728.597487,False
0.0,30,367772.326647,False
2.7,30,367815.068871,True
2.8,30,367861.40566,True
2.7,30,367904.859248,True
0.0,30,367949.668433,False
2.1,30,367993.31876,True
2.5,30,368039.912091,True
0.0,30,368085.772124,False
0.0,30,368127.254,False
0.0,30,368169.832133,False
0.0,30,368214.712336,False
3.0,30,368260.029444,True
1.9,30,368309.694133,True
0.0,30,368354.593557,False
2.6,30,368393.573231,True
2.4,30,368440.581579,True
2.4,30,368495.190617,True
0.0,30,368539.48265,False
2.6,30,368584.630678,True
2.7,30,368631.104573,True
2.6,30,368677.685046,True
2.6,30,368722.045592,True
2.4,30,368767.33326,True
1.4,30,368817.803188,False
2.8,30,368864.618242,True
0.8,30,368910.238318,False
2.8,30,368956.85934,True
2.6,30,369000.206126,True
0.0,30,369048.511707,False
0.6,30,369089.661521,True
0.0,30,369133.866281,False
0.0,30,369184.83432,False
0.0,30,369503.977339,False
2.5,30,369548.556601,True
0.0,30,369596.039537,False
0.0,30,369642.645373,False
1.5,30,369687.296417,True
2.4,30,369731.187859,True
1.7,30,369777.87415,True
2.7,30,369825.542277,True
1.0,30,369879.076514,True
0.0,30,369926.439088,False
0.0,30,369971.793874,False
0.0,30,370014.055805,False
0.0,30,370060.81702,False
0.0,30,370111.340701,False
0.0,30,370157.495792,False
1.7,30,370205.981451,True
0.0,30,370253.007055,False
0.0,30,370302.736609,False
2.5,30,370353.814212,True
0.0,30,370398.630929,False
0.0,30,370440.941629,False
2.5,30,370487.944376,True
0.1,30,370534.018681,True
0.0,30,370582.145362,False
2.6,30,370628.728549,True
2.7,30,370677.915077,True
0.0,30,370723.007538,False
0.0,30,370770.470836,False
2.2,30,370819.869474,True
2.6,30,370862.956489,True
2.5,30,370910.07295,True
2.5,30,370954.382673,True
0.8,30,370995.191182,True
0.0,30,371045.919855,False
2.6,30,371356.961602,True
0.0,30,371403.941053,False
1.7,30,371448.363894,True
2.5,30,371491.111468,True
0.0,30,371538.335751,False
1.9,30,371580.741403,True
2.5,30,371626.942447,True
0.0,30,371675.262704,False
2.7,30,371722.228518,True
1.3,30,371771.091318,True
0.0,30,371815.345053,False
0.0,30,371869.553248,False
2.5,30,371917.43937,True
0.0,30,371966.20297,False
0.0,30,372020.598152,False
0.0,30,372063.900674,False
0.0,30,372113.6186,False
0.0,30,372154.909173,False
2.5,30,372201.155861,True
2.9,30,372246.367113,True
0.0,30,372284.686679,False
0.0,30,372335.937936,False
0.0,30,372388.075211,False
0.0,30,372432.677409,False
0.0,30,372483.299605,False
2.2,30,372526.28549,True
1.0,30,372570.240213,False
2.4,30,372621.351529,True
2.0,30,372669.525618,True
0.0,30,372716.824182,False
0.0,30,372763.113719,False
2.7,30,372813.283098,True
0.0,30,372864.564003,False
0.0,30,372912.970132,False
0.0,30,373215.687699,False
0.0,30,373258.550823,False
0.0,30,373304.033807,False
0.0,30,373348.460342,False
2.9,30,373393.771217,True
0.0,30,373440.236092,False
2.8,30,373485.223785,True
2.7,30,373536.077221,True
0.4,30,373581.334755,True
2.1,30,373627.856663,True
0.0,30,373674.889375,False
2.1,30,373723.281985,True
2.5,30,373769.482762,True
0.0,30,373815.451361,False
0.0,30,373859.48976,False
1.1,30,373900.488606,True
0.0,30,373944.329185,False
0.0,30,373991.533476,False
2.6,30,374037.905307,True
2.3,30,374084.474834,True
2.4,30,374128.732606,True
0.0,30,374173.891857,False
1.8,30,374223.507967,True
2.4,30,374271.154282,True
2.6,30,374312.895584,True
0.0,30,374360.596798,False
0.0,30,374447.81848,False
0.0,30,374488.565391,False
0.0,30,374540.747754,False
0.0,30,374588.687832,False
3.0,30,374634.50182,True
0.0,30,374676.701597,False
2.7,30,374729.421416,True
2.6,30,374773.804779,True
0.0,30,375094.796769,False
1.1,30,375140.705793,True
1.9,30,375189.48634,True
0.0,30,375241.640501,False
0.0,30,375285.519819,False
0.0,30,375330.512579,False
0.0,30,375378.134017,False
1.7,30,375422.370728,True
0.0,30,375469.46575,False
0.0,30,375519.132828,False
0.0,30,375565.872953,False
2.5,30,375613.166869,True
2.9,30,375663.550282,True
2.2,30,375711.382579,True
2.5,30,375754.776869,True
0.0,30,375797.908421,False
2.7,30,375843.760005,True
2.5,30,375888.153232,True
2.8,30,375935.536362,True
0.0,30,375981.893728,False
2.6,30,376031.145734,True
0.0,30,376079.831876,False
2.5,30,376132.732532,True
1.9,30,376185.200988,True
0.0,30,376230.358132,False
0.0,30,376274.641697,False
0.0,30,376320.412148,False
2.6,30,376361.100567,True
0.0,30,376412.539359,False
0.0,30,376459.437419,False
0.0,30,376512.261121,False
2.8,30,376562.904843,True
2.6,30,376604.830296,True
2.7,30,376653.431001,True
2.4,30,376698.247448,True
0.0,30,377001.035092,False
0.0,30,377041.013516,False
2.5,30,377085.087288,True
0.0,30,377131.103326,False
0.0,30,377177.73227,False
1.9,30,377225.390363,True
2.4,30,377274.174557,True
3.0,30,377320.094885,True
0.0,30,377362.6675,False
0.0,30,377409.510743,False
2.3,30,377452.337259,True
0.0,30,377495.648975,False
2.0,30,377540.557519,True
2.7,30,377591.445238,True
0.0,30,377641.020365,False
0.0,30,377692.160897,False
2.5,30,377740.73186,True
2.5,30,377804.937036,True
1.6,30,377851.313345,True
2.7,30,377898.581836,True
2.7,30,377945.299493,True
0.0,30,377988.768436,False
0.0,30,378032.093653,False
2.5,30,378077.318632,True
0.0,30,378132.817375,False
3.0,30,378185.04657,True
2.3,30,378228.107468,True
0.0,30,378276.033056,False
2.7,30,378320.785515,True
2.7,30,378369.663406,True
2.8,30,378417.886596,True
2.5,30,378464.75998,True
0.0,30,378511.594799,False
2.5,30,378559.749581,True
2.6,30,378894.248787,True
0.0,30,378940.606501,False
2.7,30,378987.102427,True
3.0,30,379034.394978,True
0.0,30,379076.532815,False
2.8,30,379123.488813,True
0.0,30,379170.285079,False
1.3,30,379213.459301,True
2.4,30,379262.334621,True
0.0,30,379310.598355,False
0.0,30,379359.168438,False
2.8,30,379405.701634,True
2.8,30,379452.835819,True
0.0,30,379497.803566,False
2.9,30,379546.917921,True
0.0,30,379595.158902,False
2.9,30,379642.349553,True
0.0,30,379688.844925,False
0.0,30,379738.525037,False
0.0,30,379788.924453,False
1.9,30,379835.136257,True
0.0,30,379875.887704,False
2.4,30,379925.17613,True
1.9,30,379971.78348,True
0.9,30,380019.975476,True
0.0,30,380066.673982,False
2.6,30,380111.588032,True
2.5,30,380160.022376,True
2.6,30,380204.325701,True
2.8,30,380255.752638,True
2.3,30,380300.797381,True
0.0,30,380347.380145,False
0.0,30,380395.764356,False
2.6,30,380436.28545,True
2.1,30,380755.70204,True
0.0,30,380803.06723,False
2.7,30,380853.144455,True
2.7,30,380901.688296,True
0.0,30,380944.481014,False
0.0,30,380989.220752,False
0.0,30,381034.518595,False
0.0,30,381080.308985,False
2.4,30,381127.827068,True
0.0,30,381169.669726,False
2.9,30,381214.867561,True
2.2,30,381267.556371,True
0.0,30,381309.700653,False
2.5,30,381357.007331,True
0.0,30,381399.187314,False
2.5,30,381444.048256,True
0.0,30,381490.015055,False
0.0,30,381533.546405,False
2.8,30,381577.976567,True
2.4,30,381625.027551,True
0.0,30,381673.506189,False
0.0,30,381719.156035,False
2.4,30,381765.240531,True
0.0,30,381810.88211,False
2.7,30,381859.895391,True
3.0,30,381903.848357,True
0.0,30,381954.777027,False
0.0,30,382001.710367,False
2.1,30,382047.224488,True
0.0,30,382091.631266,False
1.6,30,382133.773078,True
0.9,30,382178.121475,False
0.0,30,382221.58974,False
0.0,30,382262.492829,False
0.0,30,382619.925099,False
0.0,30,382660.240084,False
0.0,30,382709.213765,False
0.0,30,382758.998643,False
0.0,30,382796.916827,False
1.6,30,382845.798333,True
2.5,30,382892.960353,True
2.8,30,382940.499425,True
2.8,30,382989.052185,True
2.7,30,383034.669683,True
0.0,30,383078.590997,False
0.0,30,383125.867409,False
1.8,30,383168.938163,True
2.7,30,383210.715863,True
0.0,30,383256.21235,False
0.1,30,383304.527262,True
2.8,30,383351.301047,True
2.1,30,383401.198717,True
2.0,30,383447.107018,True
0.0,30,383491.662091,False
2.5,30,383539.047431,True
2.7,30,383590.334379,True
0.0,30,383636.314751,False
2.7,30,383677.060476,True
0.0,30,383725.736588,False
2.7,30,383778.692582,True
0.0,30,383820.891237,False
0.4,30,383872.790554,True
0.0,30,383925.586331,False
2.4,30,383974.468256,True
0.0,30,384021.591982,False
0.0,30,384063.523786,False
2.4,30,384115.569625,True
2.4,30,384160.325177,True
0.0,30,384472.638533,False
0.0,30,384524.277462,False
2.4,30,384569.778889,True
2.1,30,384611.993092,True
0.0,30,384660.622878,False
2.5,30,384735.81879,True
2.7,30,384781.431029,True
2.4,30,384835.568901,True
2.4,30,384884.651732,True
2.0,30,384927.271577,True
3.0,30,384970.77719,True
2.5,30,385022.860219,True
0.0,30,385075.157779,False
0.0,30,385121.348767,False
0.0,30,385162.83274,False
0.0,30,385210.121276,False
2.0,30,385254.287536,True
3.0,30,385311.038687,True
2.5,30,385358.020715,True
0.0,30,385404.952559,False
0.0,30,385454.986402,False
2.2,30,385500.225511,True
0.0,30,385546.418703,False
0.0,30,385591.079769,False
0.0,30,385634.700695,False
2.7,30,385682.408468,True
0.0,30,385724.52266,False
2.3,30,385768.766302,True
0.0,30,385810.810777,False
2.5,30,385854.867977,True
2.2,30,385899.342302,True
0.0,30,385953.525234,False
0.0,30,385996.85857,False
0.0,30,386041.803998,False
2.7,30,386372.252998,True
2.7,30,386416.721942,True
0.0,30,386461.259941,False
0.0,30,386501.819064,False
2.7,30,386549.483646,True
1.4,30,386592.346124,True
2.8,30,386638.407333,True
0.0,30,386683.184374,False
2.6,30,386724.101597,True
0.0,30,386768.465722,False
2.7,30,386815.786446,True
0.0,30,386865.487681,False
2.6,30,386912.387428,True
2.6,30,386957.985103,True
0.0,30,387016.034986,False
0.0,30,387063.777287,False
0.0,30,387109.884804,False
2.5,30,387181.905049,True
2.9,30,387234.936675,True
2.4,30,387279.339895,True
2.8,30,387325.519698,True
0.0,30,387368.294609,False
2.1,30,387416.435941,True
2.8,30,387459.159604,True
1.6,30,387504.649358,True
2.2,30,387549.399385,True
0.0,30,387596.699919,False
2.6,30,387641.292104,True
3.0,30,387684.101068,True
2.7,30,387726.113146,True
0.0,30,387770.729518,False
0.0,30,387813.885629,False
0.0,30,387865.994748,False
2.5,30,387908.016257,True
0.0,30,388215.183758,False
2.3,30,388264.207864,True
0.0,30,388308.171347,False
2.7,30,388352.702698,True
2.7,30,388400.867023,True
0.0,30,388450.843792,False
2.5,30,388495.143995,True
0.0,30,388541.164669,False
2.0,30,388587.360113,True
2.8,30,388632.796425,True
2.9,30,388679.114906,True
0.9,30,388725.986226,True
0.0,30,388770.374489,False
0.0,30,388813.180767,False
0.0,30,388858.776445,False
0.0,30,388905.342323,False
0.0,30,388949.735775,False
0.6,30,388995.831789,True
0.0,30,389041.354924,False
2.5,30,389084.56496,True
3.0,30,389130.88244,True
2.6,30,389179.777111,True
0.0,30,389227.884818,False
0.0,30,389271.132208,False
0.0,30,389326.108891,False
0.0,30,389370.041163,False
0.0,30,389417.405723,False
2.5,30,389474.844914,True
2.9,30,389524.955132,True
1.8,30,389568.323975,True
2.3,30,389618.058068,True
2.6,30,389663.693738,True
2.4,30,389706.471302,True
0.0,30,389746.872745,False
2.9,30,390040.27945,True
0.0,30,390089.31144,False
1.1,30,390136.757939,True
2.0,30,390179.308789,True
0.0,30,390226.750568,False
2.8,30,390270.620305,True
0.0,30,390319.955868,False
2.4,30,390364.755792,True
0.3,30,390410.453051,True
0.0,30,390456.436467,False
0.0,30,390503.998914,False
3.0,30,390548.660141,True
2.0,30,390596.139862,True
0.0,30,390638.86958,False
0.8,30,390683.483059,False
2.7,30,390722.617126,True
2.1,30,390768.81285,True
0.0,30,390815.350954,False
0.0,30,390860.205998,False
0.0,30,390904.274463,False
0.0,30,390948.557061,False
0.0,30,391000.064047,False
1.1,30,391044.084672,True
1.9,30,391088.211115,True
1.9,30,391134.28423,True
2.3,30,391184.27233,True
1.7,30,391229.338997,True
0.0,30,391287.225663,False
1.3,30,391332.78459,True
2.9,30,391380.229674,True
2.8,30,391431.306786,True
2.7,30,391474.181578,True
2.7,30,391516.585989,True
2.7,30,391563.954102,True
0.0,30,391604.909345,False
0.0,30,391907.159482,False
0.0,30,391952.23306,False
0.0,30,391993.871219,False
0.0,30,392036.34528,False
0.0,30,392075.477079,False
0.0,30,392122.620293,False
2.8,30,392169.5867,True
0.0,30,392215.418681,False
0.0,30,392258.083282,False
0.0,30,392305.761906,False
2.8,30,392351.144286,True
2.4,30,392396.237148,True
0.0,30,392441.018492,False
2.7,30,392492.13488,True
0.0,30,392536.73683,False
0.0,30,392579.624968,False
2.4,30,392628.795111,True
2.2,30,392674.127595,True
2.8,30,392722.358883,True
0.0,30,392764.568304,False
0.0,30,392810.155291,False
3.0,30,392854.265254,True
2.7,30,392893.959564,True
0.0,30,392937.528932,False
0.0,30,392982.186581,False
0.0,30,393033.147482,False
0.0,30,393080.747909,False
0.0,30,393128.701751,False
2.7,30,393177.397509,True
2.3,30,393226.35945,True
2.4,30,393273.958794,True
0.6,30,393318.566133,True
2.3,30,393363.516593,True
0.0,30,393413.510327,False
0.0,30,393714.769583,False
0.0,30,393769.365325,False
2.2,30,393810.650407,True
2.4,30,393867.076011,True
0.0,30,393917.549869,False
2.4,30,393960.973807,True
0.0,30,394006.148482,False
3.0,30,394051.379456,True
0.1,30,394094.037959,True
2.5,30,394139.808346,True
0.3,30,394183.509061,True
2.0,30,394231.573111,True
0.0,30,394275.688079,False
1.9,30,394322.562468,True
1.5,30,394363.987589,False
0.0,30,394407.111055,False
2.7,30,394445.3433,True
0.0,30,394487.942965,False
2.0,30,394535.87729,True
2.9,30,394580.973119,True
2.7,30,394625.569963,True
2.4,30,394669.560291,True
2.3,30,394709.531105,True
2.7,30,394755.390343,True
2.7,30,394803.345989,True
0.0,30,394844.465204,False
2.3,30,394888.23842,True
0.0,30,394932.68699,False
2.3,30,394981.940026,True
2.3,30,395029.259827,True
0.0,30,395074.510227,False
2.1,30,395119.155511,True
0.0,30,395160.951207,False
0.0,30,395204.745584,False
2.5,30,395492.20148,True
2.8,30,395534.07467,True
2.4,30,395576.530711,True
0.0,30,395621.435061,False
0.0,30,395667.086118,False
0.0,30,395717.498511,False
1.4,30,395760.667561,True
0.0,30,395809.580764,False
0.0,30,395852.90413,False
2.6,30,395897.178366,True
0.0,30,395939.136592,False
0.0,30,395986.782172,False
1.6,30,396037.324258,True
2.6,30,396083.636927,True
0.0,30,396142.047965,False
0.0,30,396187.14171,False
2.9,30,396231.152008,True
2.7,30,396278.747422,True
1.5,30,396320.760544,True
0.0,30,396366.64837,False
0.0,30,396414.59977,False
1.9,30,396460.206239,True
2.7,30,396506.088059,True
0.0,30,396549.431561,False
1.6,30,396588.586789,True
0.0,30,396631.521029,False
2.3,30,396680.015054,True
2.8,30,396722.001037,True
2.5,30,396772.195674,True
0.0,30,396826.293708,False
0.0,30,396866.798774,False
0.0,30,396914.411207,False
0.0,30,396958.233372,False
3.0,30,397005.776544,True
2.6,30,397318.802051,True
0.0,30,397359.834789,False
0.0,30,397408.977792,False
2.6,30,397448.848197,True
0.0,30,397493.995595,False
0.0,30,397539.61689,False
0.0,30,397585.530412,False
1.8,30,397629.095234,True
0.0,30,397682.737713,False
0.0,30,397729.627861,False
2.5,30,397771.536078,True
3.0,30,397818.421328,True
1.3,30,397860.974857,False
0.0,30,397909.270272,False
2.8,30,397957.517159,True
2.9,30,398008.688537,True
3.0,30,398054.73831,True
0.0,30,398096.226494,False
2.3,30,398136.388316,True
2.2,30,398180.585897,True
2.0,30,398226.413307,True
0.0,30,398270.939263,False
0.0,30,398319.001638,False
2.4,30,398360.966319,True
2.4,30,398411.452209,True
2.4,30,398456.182574,True
2.5,30,398502.956616,True
0.0,30,398548.164195,False
0.0,30,398592.48578,False
0.0,30,398650.626379,False
2.5,30,398698.327906,True
0.0,30,398738.570236,False
0.0,30,398783.165751,False
2.7,30,398834.757897,True
0.0,30,399125.507445,False
2.6,30,399172.038174,True
0.0,30,399220.730472,False
1.2,30,399270.182473,True
1.6,30,399314.125096,False
2.5,30,399364.233991,True
0.0,30,399408.916273,False
0.6,30,399452.256223,True
3.0,30,399497.064066,True
0.0,30,399547.266706,False
2.7,30,399589.432143,True
0.0,30,399637.057851,False
2.8,30,399694.117765,True
2.9,30,399737.925791,True
1.7,30,399785.846857,True
2.6,30,399828.706288,True
0.0,30,399878.228787,False
0.9,30,399925.323899,True
1.5,30,399968.764518,True
2.4,30,400016.503618,True
2.3,30,400060.572226,True
2.7,30,400106.074777,True
3.0,30,400155.508142,True
2.4,30,400200.763125,True
0.1,30,400245.248782,True
2.2,30,400287.244051,True
2.9,30,400334.43625,True
1.6,30,400379.476886,True
0.0,30,400426.846238,False
3.0,30,400500.338169,True
0.0,30,400549.335424,False
0.0,30,400593.808865,False
0.0,30,400643.679817,False
0.0,30,400693.081714,False
0.0,30,400965.412925,False
0.0,30,401008.557466,False
2.7,30,401051.137182,True
0.0,30,401095.285048,False
2.6,30,401139.020763,True
2.5,30,401188.371642,True
0.0,30,401235.020946,False
2.5,30,401283.404457,True
2.4,30,401327.181926,True
2.4,30,401373.893005,True
0.0,30,401411.643409,False
0.0,30,401456.223762,False
0.0,30,401502.969509,False
2.8,30,401545.467802,True
2.2,30,401590.113567,True
0.0,30,401636.157637,False
1.0,30,401681.988132,True
3.0,30,401731.079991,True
2.3,30,401773.809682,True
2.7,30,401815.815001,True
0.0,30,401858.721903,False
2.5,30,401902.41797,True
0.0,30,401943.323549,False
0.0,30,401986.782491,False
0.0,30,402028.826352,False
0.0,30,402075.836362,False
2.6,30,402120.686705,True
2.7,30,402170.330529,True
2.4,30,402219.096647,True
0.1,30,402261.799538,False
0.0,30,402308.353117,False
0.0,30,402348.844248,False
0.0,30,402390.152562,False
3.0,30,402435.203104,True
0.0,30,402730.836257,False
0.0,30,402776.320423,False
0.0,30,402823.871987,False
0.0,30,402872.071851,False
0.0,30,402918.451626,False
0.0,30,402968.778297,False
2.4,30,403012.317223,True
2.5,30,403057.240325,True
2.6,30,403102.390455,True
0.0,30,403147.073576,False
0.0,30,403196.25699,False
1.8,30,403235.422184,True
0.0,30,403278.590295,False
0.0,30,403326.833678,False
2.6,30,403370.83147,True
0.0,30,403413.195989,False
0.0,30,403461.645831,False
0.0,30,403504.975335,False
0.0,30,403548.248328,False
2.0,30,403592.612508,True
2.6,30,403633.703049,True
2.3,30,403696.174009,True
0.0,30,403745.690819,False
2.5,30,403787.094752,True
2.2,30,403832.212638,True
2.8,30,403873.150411,True
1.7,30,403929.891945,True
0.0,30,403974.525219,False
0.0,30,404020.247222,False
0.0,30,404060.805828,False
2.4,30,404104.548548,True
0.0,30,404154.236171,False
0.0,30,404198.473539,False
0.0,30,404255.598676,False
2.5,30,404299.290075,True
0.0,30,404549.495738,False
2.9,30,404610.234663,True
3.0,30,404660.107665,True
1.0,30,404705.985464,True
2.4,30,404745.961971,True
2.4,30,404788.746364,False
2.7,30,404831.119266,True
2.5,30,404876.732734,True
2.4,30,404915.238532,True
2.8,30,404959.337274,True
2.8,30,405008.19546,True
0.0,30,405047.279099,False
1.6,30,405090.724879,True
2.8,30,405134.523547,True
2.6,30,405180.666786,True
2.9,30,405224.295409,True
2.7,30,405267.461256,True
2.2,30,405312.410502,True
0.0,30,405359.619699,False
0.0,30,405417.47315,False
2.8,30,405460.657558,True
2.8,30,405503.904262,True
0.0,30,405543.558001,False
2.7,30,405590.393152,True
0.0,30,405636.251498,False
3.0,30,405686.109041,True
0.0,30,405732.571791,False
2.5,30,405778.420193,True
2.5,30,405827.678208,True
0.0,30,405873.410914,False
0.0,30,405920.514702,False
1.9,30,405964.448345,True
0.0,30,406008.071573,False
2.6,30,406050.032595,True
0.0,30,406333.252465,False
2.5,30,406377.21087,True
0.2,30,406426.257207,False
0.0,30,406473.346939,False
2.4,30,406516.336309,True
0.0,30,406558.997212,False
0.6,30,406601.224227,False
0.0,30,406648.325606,False
2.7,30,406692.238691,True
2.5,30,406743.134309,True
1.9,30,406787.741746,True
2.7,30,406837.194013,True
0.0,30,406884.452294,False
0.0,30,406930.63046,False
0.0,30,406971.900589,False
2.6,30,407018.462837,True
0.0,30,407060.335028,False
0.0,30,407103.976907,False
2.3,30,407151.204457,True
2.3,30,407201.489691,True
0.0,30,407245.838178,False
2.5,30,407293.915757,True
1.9,30,407339.996706,True
0.0,30,407395.56857,False
2.7,30,407441.50489,True
0.0,30,407490.898605,False
2.5,30,407545.611687,True
0.0,30,407593.091502,False
0.0,30,407637.842723,False
2.8,30,407678.282181,True
0.0,30,407723.886595,False
0.0,30,407766.878297,False
2.3,30,407809.354028,True
0.0,30,407865.393865,False
1.9,30,408148.087206,True
0.0,30,408192.767507,False
2.8,30,408237.832476,True
0.7,30,408287.629915,True
0.0,30,408333.716702,False
2.9,30,408382.08098,True
0.0,30,408433.428123,False
0.0,30,408478.356842,False
0.0,30,408520.594169,False
0.0,30,408568.013788,False
0.0,30,408615.456422,False
2.5,30,408660.666918,True
2.6,30,408706.066168,True
0.0,30,408750.527481,False
0.0,30,408791.827882,False
0.0,30,408834.902916,False
2.9,30,408878.464782,True
0.9,30,408922.423668,True
2.5,30,408981.149338,True
2.5,30,409029.870166,True
2.4,30,409080.744202,True
2.7,30,409121.651855,True
0.0,30,409165.647417,False
0.0,30,409211.552538,False
3.0,30,409260.347255,True
2.9,30,409308.303937,True
0.0,30,409355.120404,False
0.0,30,409396.640177,False
2.9,30,409446.360207,True
0.0,30,409489.30006,False
0.0,30,409535.32671,False
2.9,30,409578.393466,True
2.6,30,409619.689298,True
0.0,30,409665.468712,False
2.6,30,409947.588078,True
0.0,30,409991.400949,False
2.5,30,410036.700019,True
2.7,30,410080.101543,True
2.4,30,410132.110445,True
0.0,30,410176.94014,False
0.0,30,410219.459743,False
2.3,30,410264.966706,True
2.8,30,410316.188212,True
2.2,30,410362.209967,True
0.0,30,410412.564172,False
2.0,30,410459.240868,True
2.1,30,410510.44001,False
2.6,30,410549.434782,True
0.0,30,410595.663235,False
2.7,30,410642.026236,True
0.0,30,410687.000845,False
0.0,30,410729.058412,False
3.0,30,410772.042338,True
2.0,30,410820.317463,True
0.4,30,410863.845123,True
0.0,30,410909.401842,False
0.0,30,410962.022674,False
0.0,30,411004.135541,False
0.0,30,411052.701542,False
0.0,30,411097.51791,False
0.0,30,411136.956735,False
2.5,30,411181.988451,True
0.0,30,411231.787098,False
0.0,30,411278.130466,False
0.1,30,411325.383818,True
2.6,30,411369.10516,True
2.6,30,411417.966812,True
2.4,30,411463.456629,True
0.0,30,411779.725828,False
2.5,30,411823.001476,True
0.0,30,411872.806604,False
0.0,30,411918.679813,False
1.4,30,411965.933517,True
3.0,30,412011.869102,True
0.0,30,412058.703694,False
0.0,30,412101.116972,False
0.0,30,412146.672631,False
0.0,30,412196.18092,False
1.9,30,412240.107901,True
2.7,30,412289.32351,True
0.0,30,412335.192798,False
0.0,30,412380.799084,False
0.0,30,412421.349119,False
2.6,30,412468.38539,True
0.0,30,412520.52521,False
1.2,30,412567.078969,True
2.4,30,412611.286271,True
0.0,30,412665.601949,False
2.2,30,412714.77155,True
0.0,30,412763.602009,False
3.0,30,412808.082741,True
2.6,30,412851.534359,True
2.5,30,412896.751535,True
2.6,30,412941.07864,True
2.5,30,412983.295916,True
1.9,30,413024.402995,True
0.0,30,413068.576277,False
0.0,30,413118.759879,False
0.0,30,413167.127946,False
0.0,30,413225.343915,False
2.9,30,413271.518942,True
2.1,30,413321.5507,True
1.4,30,413597.115444,False
2.8,30,413641.794919,True
2.6,30,413690.866109,True
1.1,30,413743.395433,True
0.0,30,413785.167634,False
0.0,30,413831.518003,False
0.0,30,413871.31673,False
2.5,30,413921.617805,True
2.7,30,413965.151254,True
0.2,30,414014.31672,True
2.3,30,414064.393803,True
0.0,30,414108.380172,False
2.8,30,414148.107763,True
2.6,30,414191.471344,True
2.4,30,414239.122609,True
3.0,30,414281.081168,True
2.3,30,414324.943796,True
1.9,30,414367.342705,True
1.0,30,414417.146889,True
2.5,30,414460.871197,True
3.0,30,414503.061568,True
0.0,30,414547.470752,False
1.8,30,414594.684708,True
0.0,30,414642.107551,False
0.0,30,414689.104203,False
2.9,30,414737.04343,True
0.0,30,414775.453457,False
2.9,30,414822.381836,True
0.0,30,414865.933247,False
0.0,30,414909.957189,False
2.5,30,414959.274862,True
0.0,30,415001.259548,False
2.7,30,415049.202359,True
0.0,30,415093.217827,False
1.9,30,415381.840756,True
0.0,30,415426.550187,False
0.0,30,415473.349504,False
2.4,30,415521.47839,True
0.0,30,415564.564695,False
2.3,30,415610.373384,True
0.0,30,415653.982679,False
2.9,30,415699.569355,True
2.7,30,415746.976563,True
0.0,30,415788.571655,False
0.0,30,415831.078901,False
2.9,30,415875.249189,True
1.9,30,415927.057187,True
2.7,30,415968.650334,True
2.6,30,416016.120757,True
2.4,30,416057.791082,True
2.7,30,416101.554384,True
0.0,30,416157.747231,False
0.0,30,416205.47135,False
0.0,30,416253.952619,False
2.0,30,416301.088793,True
0.0,30,416345.757588,False
2.4,30,416387.35808,True
2.6,30,416428.11659,True
3.0,30,416480.472151,True
0.0,30,416525.698968,False
2.7,30,416570.888009,True
0.0,30,416616.725245,False
0.0,30,416658.77388,False
0.0,30,416702.863629,False
0.0,30,416748.273069,False
0.0,30,416801.604895,False
0.0,30,416851.248273,False
2.9,30,416894.99428,True
3.0,30,417196.589571,True
0.0,30,417241.602171,False
0.0,30,417288.86479,False
0.0,30,417335.954654,False
2.3,30,417382.167931,True
3.0,30,417430.620557,True
2.4,30,417469.747671,True
3.0,30,417517.796895,True
0.8,30,417568.244591,True
2.6,30,417611.497053,True
1.2,30,417652.477909,True
3.0,30,417697.696696,True
2.8,30,417742.220144,True
2.3,30,417786.320804,True
2.8,30,417830.846376,True
0.0,30,417887.326578,False
1.3,30,417936.207396,True
2.6,30,417978.902529,True
2.8,30,418024.328439,True
2.6,30,418066.014318,True
0.0,30,418107.490388,False
0.0,30,418157.982958,False
2.5,30,418196.80795,True
2.8,30,418235.096518,True
0.0,30,418283.289715,False
0.0,30,418325.114318,False
0.0,30,418373.775945,False
0.0,30,418415.159744,False
3.0,30,418459.21456,True
2.2,30,418501.671971,True
0.0,30,418546.402228,False
0.0,30,418587.087626,False
2.4,30,418631.346251,True
0.0,30,418677.337132,False
2.6,30,418722.44221,True
1.8,30,419004.238989,True
0.0,30,419050.129722,False
0.0,30,419097.459106,False
0.0,30,419148.134499,False
2.7,30,419192.25977,True
0.0,30,419236.832257,False
0.0,30,419287.663215,False
2.5,30,419334.865953,True
2.9,30,419383.625612,True
0.0,30,419441.210693,False
0.0,30,419486.973919,False
0.0,30,419533.248942,False
1.2,30,419575.0827,False
2.8,30,419620.742549,True
0.0,30,419664.223133,False
2.6,30,419709.483657,True
0.0,30,419751.334412,False
0.0,30,419794.803967,False
3.0,30,419837.342664,True
1.3,30,419879.344294,True
2.8,30,419930.329086,True
0.0,30,419975.011045,False
1.9,30,420017.763453,True
0.0,30,420059.984596,False
2.0,30,420103.526072,True
0.0,30,420151.234293,False
2.3,30,420197.82354,True
2.8,30,420237.61016,True
0.0,30,420282.703419,False
0.0,30,420328.319418,False
2.4,30,420368.418965,True
0.0,30,420413.413325,False
2.9,30,420470.796355,True
0.0,30,420512.381966,False
2.4,30,420823.003859,True
0.0,30,420868.094897,False
0.0,30,420911.673826,False
0.0,30,420961.317296,False
0.0,30,421001.489558,False
0.0,30,421057.306839,False
2.4,30,421100.460327,True
0.0,30,421150.330617,False
1.2,30,421197.580732,True
2.7,30,421240.647805,True
2.8,30,421288.036375,True
0.0,30,421331.97059,False
0.0,30,421378.966359,False
2.3,30,421428.014753,True
0.0,30,421478.339396,False
2.5,30,421523.285888,True
3.0,30,421567.638132,True
2.6,30,421616.584786,True
2.6,30,421653.790168,True
0.0,30,421696.551449,False
0.0,30,421741.111463,False
2.4,30,421787.09684,True
0.0,30,421834.964311,False
0.0,30,421886.496214,False
2.8,30,421928.295891,True
1.8,30,421976.163596,False
2.5,30,422021.249853,True
1.5,30,422069.044803,True
0.3,30,422117.484864,False
2.5,30,422164.004006,True
0.0,30,422205.859192,False
0.0,30,422255.662292,False
0.8,30,422296.661827,False
0.0,30,422342.8297,False
0.0,30,422675.525897,False
0.0,30,422719.522788,False
0.0,30,422768.227028,False
0.0,30,422831.530613,False
0.0,30,422874.914698,False
2.2,30,422920.87047,True
0.0,30,422964.351923,False
2.7,30,423006.961219,True
2.5,30,423054.79615,True
2.8,30,423102.119806,True
1.7,30,423146.615919,True
0.0,30,423190.492079,False
0.0,30,423235.19899,False
0.0,30,423274.659751,False
0.0,30,423318.651948,False
2.4,30,423367.967166,True
2.7,30,423416.087832,True
0.0,30,423456.690583,False
0.0,30,423498.229281,False
0.0,30,423545.120867,False
2.3,30,423592.597667,True
2.2,30,423638.106735,True
0.0,30,423679.50161,False
0.0,30,423721.869599,False
0.0,30,423762.101839,False
0.0,30,423800.987461,False
2.7,30,423844.655609,True
0.0,30,423890.820793,False
2.6,30,423941.698113,True
0.0,30,423980.150973,False
2.6,30,424024.536946,True
0.0,30,424079.939199,False
2.2,30,424120.665151,True
0.0,30,424166.217184,False
0.0,30,424493.069967,False
0.0,30,424540.137325,False
2.3,30,424585.259757,True
2.3,30,424633.333955,True
0.0,30,424683.285463,False
0.0,30,424734.098295,False
0.0,30,424775.836728,False
2.8,30,424819.643085,True
0.0,30,424862.941971,False
2.6,30,424907.760647,True
0.0,30,424959.514212,False
0.0,30,425001.8549,False
0.0,30,425047.706366,False
2.7,30,425094.660984,True
0.0,30,425133.623437,False
2.4,30,425177.246014,True
2.3,30,425222.78461,True
2.6,30,425265.095653,True
2.7,30,425312.060761,True
0.0,30,425356.526346,False
0.0,30,425398.507201,False
0.0,30,425441.120569,False
0.0,30,425482.895084,False
2.5,30,425532.090702,True
0.0,30,425578.605626,False
0.0,30,425621.439412,False
2.6,30,425676.882278,True
0.0,30,425720.742078,False
0.0,30,425767.513756,False
2.7,30,425805.886412,True
0.0,30,425852.63028,False
0.4,30,425895.962896,True
2.0,30,425939.811857,True
2.8,30,425988.782883,False
2.7,30,426302.401608,True
0.0,30,426345.680972,False
2.4,30,426392.37438,True
2.3,30,426464.184988,True
2.1,30,426516.313451,True
1.8,30,426560.258636,True
0.0,30,426605.135755,False
2.1,30,426660.424034,True
1.9,30,426708.445694,True
2.7,30,426755.355552,True
2.1,30,426804.304464,True
0.0,30,426849.680445,False
0.0,30,426897.762628,False
2.7,30,426946.064884,True
2.8,30,426992.938625,True
2.8,30,427035.36325,True
2.3,30,427080.818254,True
2.7,30,427123.622521,True
0.0,30,427170.163939,False
2.5,30,427214.855874,True
2.8,30,427264.41812,True
1.8,30,427313.004322,True
2.5,30,427362.771961,True
0.0,30,427405.697686,False
2.4,30,427451.445031,True
2.7,30,427500.183759,True
0.0,30,427542.718479,False
2.2,30,427588.732844,True
0.0,30,427634.145287,False
2.6,30,427682.432671,True
0.0,30,427728.848309,False
3.0,30,427775.477439,True
0.0,30,427825.224088,False
0.0,30,427867.061694,False
0.0,30,428222.344509,False
0.0,30,428267.201246,False
1.7,30,428312.100414,True
0.0,30,428355.462832,False
0.0,30,428404.717773,False
0.0,30,428452.38904,False
2.9,30,428496.974569,True
0.0,30,428543.088912,False
2.9,30,428587.989727,True
1.8,30,428631.272799,False
0.0,30,428682.709009,False
0.0,30,428732.742493,False
0.0,30,428777.914945,False
0.0,30,428821.486062,False
0.0,30,428868.45747,False
2.2,30,428909.574721,False
0.0,30,428954.859617,False
2.7,30,428999.450102,True
2.5,30,429047.241675,True
2.2,30,429090.217647,True
2.9,30,429132.526736,True
2.5,30,429185.850564,True
3.0,30,429233.868224,True
0.0,30,429279.404804,False
1.9,30,429324.375948,True
2.7,30,429366.452287,True
2.5,30,429415.688872,True
2.4,30,429459.968121,True
0.0,30,429505.27905,False
2.7,30,429553.888608,True
0.0,30,429598.561815,False
2.8,30,429642.286881,True
2.7,30,429696.591385,True
0.0,30,429742.969856,False
0.0,30,430094.683504,False
2.6,30,430136.594171,True
3.0,30,430181.550977,True
2.7,30,430231.513944,True
0.0,30,430279.763333,False
0.0,30,430323.970377,False
2.5,30,430372.124919,True
0.4,30,430420.05443,True
2.3,30,430464.556853,True
0.0,30,430516.617355,False
2.5,30,430562.290032,True
0.0,30,430613.884916,False
2.0,30,430667.575849,True
2.3,30,430717.079561,True
2.4,30,430764.764408,True
2.5,30,430812.987513,True
2.5,30,430866.043821,True
3.0,30,430906.055423,True
0.0,30,430954.431619,False
0.0,30,430997.867636,False
2.3,30,431041.8594,True
2.9,30,431089.671076,True
2.8,30,431141.422152,True
2.8,30,431192.425484,True
1.5,30,431238.266606,True
2.6,30,431281.869441,True
0.0,30,431331.905821,False
2.3,30,431375.448204,True
0.0,30,431422.394033,False
0.0,30,431471.732044,False
2.2,30,431522.008602,True
0.0,30,431572.061396,False
2.6,30,431620.414675,True
2.7,30,431667.349853,True
2.6,30,431710.584453,True
0.0,30,432046.604006,False
2.2,30,432089.25528,True
2.8,30,432136.176191,True
0.0,30,432190.915694,False
0.0,30,432234.511644,False
0.0,30,432283.080508,False
0.0,30,432332.28727,False
0.0,30,432379.866844,False
0.0,30,432427.804911,False
0.0,30,432471.044231,False
0.0,30,432518.797631,False
0.0,30,432568.132663,False
0.0,30,432610.961225,False
2.9,30,432666.636276,True
0.0,30,432712.768592,False
0.0,30,432759.667938,False
0.0,30,432806.769437,False
0.0,30,432854.857768,False
3.0,30,432896.456954,True
2.6,30,432940.533687,True
0.2,30,432983.976492,True
2.1,30,433031.290539,True
0.0,30,433080.373883,False
0.0,30,433127.071346,False
0.0,30,433173.081799,False
2.6,30,433217.362523,True
2.6,30,433257.106009,True
1.0,30,433304.314681,True
0.0,30,433349.437082,False
3.0,30,433394.787961,True
1.0,30,433443.452433,False
0.0,30,433490.9797,False
0.0,30,433538.657523,False
2.1,30,433583.23144,True
0.0,30,433937.135503,False
0.0,30,433985.295453,False
2.5,30,434032.884504,True
2.4,30,434078.79379,True
0.0,30,434119.172632,False
0.0,30,434167.311504,False
2.5,30,434216.014969,True
0.0,30,434258.386353,False
0.0,30,434302.438335,False
0.0,30,434350.58622,False
2.3,30,434400.582477,True
2.6,30,434448.940743,True
0.0,30,434499.126223,False
0.0,30,434547.130818,False
0.0,30,434592.332782,False
1.4,30,434635.778234,True
0.0,30,434685.180342,False
0.0,30,434737.639541,False
2.6,30,434781.866383,True
0.0,30,434828.393371,False
0.0,30,434872.234535,False
2.6,30,434917.008859,True
0.0,30,434967.156147,False
0.0,30,435014.625079,False
0.0,30,435061.421797,False
0.0,30,435108.234579,False
0.0,30,435153.239014,False
2.2,30,435198.704177,True
2.5,30,435242.388188,True
2.3,30,435290.489988,True
2.8,30,435339.569547,True
0.0,30,435388.057663,False
0.0,30,435434.707439,False
2.7,30,435480.582609,True
2.3,30,435832.212342,True
2.2,30,435876.40797,True
2.6,30,435924.243131,True
3.0,30,435967.864171,True
2.6,30,436019.528829,True
2.8,30,436065.879228,True
0.0,30,436114.49139,False
0.0,30,436155.707577,False
2.8,30,436202.593785,True
2.5,30,436249.262506,True
0.0,30,436290.93434,False
2.4,30,436336.414643,True
2.8,30,436388.540697,True
0.0,30,436438.000519,False
0.0,30,436486.530808,False
2.3,30,436535.907302,True
0.0,30,436588.315644,False
0.0,30,436634.336989,False
0.0,30,436677.267974,False
2.2,30,436729.208093,True
2.7,30,436773.615866,True
2.9,30,436823.427358,True
1.9,30,436867.221313,True
0.3,30,436920.198647,False
2.8,30,436965.571027,True
2.3,30,437016.262385,True
2.3,30,437064.994533,True
2.9,30,437110.11927,True
2.7,30,437152.524047,True
0.0,30,437204.841033,False
0.5,30,437251.532314,False
2.1,30,437301.38283,True
2.8,30,437344.058936,True
0.0,30,437391.551883,False
2.9,30,437729.804841,True
2.0,30,437783.369108,True
0.0,30,437834.274584,False
3.0,30,437892.865165,True
0.0,30,437940.875278,False
2.8,30,437985.439985,True
2.9,30,438034.655882,True
2.8,30,438082.113281,True
2.5,30,438129.507415,True
2.4,30,438173.959626,True
0.0,30,438221.07933,False
0.0,30,438269.868848,False
0.0,30,438312.609077,False
0.0,30,438359.788862,False
0.0,30,438410.370371,False
2.5,30,438456.68616,True
2.7,30,438502.453355,True
0.0,30,438550.163584,False
0.0,30,438594.086336,False
1.4,30,438643.968125,True
2.2,30,438689.605966,True
2.6,30,438735.680701,True
0.0,30,438787.035571,False
2.8,30,438831.30351,True
2.4,30,438876.24632,True
0.0,30,438924.539317,False
0.0,30,438973.406771,False
2.2,30,439026.146677,True
3.0,30,439072.157889,True
2.4,30,439123.23273,True
0.0,30,439172.235435,False
0.0,30,439222.463247,False
2.8,30,439275.182721,True
2.7,30,439322.587467,True
2.7,30,439647.663245,True
0.0,30,439690.966781,False
0.0,30,439744.266935,False
0.0,30,439796.398411,False
2.7,30,439848.798944,True
0.0,30,439895.147473,False
0.0,30,439941.109345,False
2.5,30,439987.363317,True
0.0,30,440044.156257,False
0.0,30,440092.943601,False
2.7,30,440141.748699,True
0.0,30,440194.564362,False
0.0,30,440240.215946,False
2.8,30,440285.552284,True
0.0,30,440333.840747,False
2.8,30,440378.218188,True
2.8,30,440422.389481,True
0.0,30,440467.668054,False
0.0,30,440514.000878,False
0.0,30,440559.963612,False
0.0,30,440602.70845,False
2.2,30,440654.54541,True
0.0,30,440702.747677,False
2.7,30,440753.781164,True
0.0,30,440801.416109,False
2.6,30,440842.340008,True
1.7,30,440891.286524,True
0.0,30,440942.796368,False
0.0,30,440985.584305,False
0.0,30,441035.661808,False
0.0,30,441092.766285,False
1.5,30,441138.12318,True
0.0,30,441190.733027,False
2.2,30,441237.810395,True
0.0,30,441576.699964,False
0.0,30,441625.470534,False
2.4,30,441675.693552,True
0.0,30,441725.364827,False
0.0,30,441770.76526,False
0.0,30,441815.015133,False
0.2,30,441865.803854,True
1.8,30,441912.539891,True
0.0,30,441959.639366,False
2.7,30,442006.159857,True
2.7,30,442056.97767,True
0.0,30,442098.854288,False
2.0,30,442148.163444,True
0.0,30,442194.236157,False
0.0,30,442236.62936,False
2.5,30,442281.732524,True
2.8,30,442335.083318,True
0.0,30,442381.750741,False
2.4,30,442427.323422,True
2.1,30,442481.561309,True
0.0,30,442524.782069,False
0.0,30,442569.647673,False
0.0,30,442617.712086,False
0.0,30,442660.570493,False
0.0,30,442701.479434,False
2.8,30,442747.146391,True
0.0,30,442792.166973,False
1.8,30,442832.979287,True
0.0,30,442876.260297,False
2.4,30,442913.421942,True
0.0,30,442957.446624,False
0.0,30,443005.040006,False
2.7,30,443048.001059,True
2.8,30,443096.1264,True
0.0,30,443443.912397,False
2.3,30,443493.803921,True
2.5,30,443537.749412,True
0.0,30,443587.178383,False
2.5,30,443633.684156,True
2.4,30,443680.777075,True
0.0,30,443729.993359,False
0.0,30,443772.704482,False
2.0,30,443819.583949,True
2.7,30,443865.507876,True
0.0,30,443911.129218,False
0.0,30,443959.279522,False
0.0,30,444001.854002,False
1.1,30,444050.625646,True
0.0,30,444099.761603,False
2.4,30,444154.690557,True
2.7,30,444202.940968,True
3.0,30,444247.098773,True
2.9,30,444292.778447,True
0.0,30,444338.614441,False
0.0,30,444384.192537,False
2.9,30,444426.258671,True
0.0,30,444470.150989,False
0.0,30,444518.960886,False
1.3,30,444569.326317,False
3.0,30,444612.74189,True
0.0,30,444658.754231,False
0.0,30,444704.68139,False
0.0,30,444754.422906,False
0.0,30,444802.096502,False
2.4,30,444854.840725,True
3.0,30,444900.679164,True
2.3,30,444950.947692,True
0.0,30,444996.316151,False
2.6,30,445339.451776,True
2.8,30,445385.967481,True
0.0,30,445433.664397,False
0.0,30,445483.190912,False
2.6,30,445530.979727,True
2.3,30,445576.351552,True
0.0,30,445616.09856,False
2.7,30,445659.022251,True
1.5,30,445703.58201,False
2.5,30,445751.144307,True
0.0,30,445796.205699,False
0.0,30,445849.536649,False
1.3,30,445895.960513,True
0.0,30,445944.120198,False
0.0,30,445992.064551,False
0.0,30,446036.674226,False
0.0,30,446080.100229,False
1.6,30,446137.333265,True
0.0,30,446181.986797,False
2.9,30,446227.655299,True
2.5,30,446271.016748,True
3.0,30,446315.874704,True
1.6,30,446362.708512,True
0.0,30,446406.505738,False
0.0,30,446450.961395,False
0.8,30,446494.080291,True
2.5,30,446534.570925,True
2.5,30,446581.188396,True
0.0,30,446624.967323,False
0.0,30,446669.341089,False
2.5,30,446714.024124,True
2.7,30,446757.31767,True
0.0,30,446803.402532,False
2.5,30,446851.359917,True
1.9,30,446898.672284,True
0.0,30,447246.506957,False
2.3,30,447290.144032,True
0.0,30,447336.860943,False
2.8,30,447387.424155,True
0.0,30,447429.329118,False
2.0,30,447476.553477,True
0.0,30,447520.236083,False
2.2,30,447564.555509,True
0.0,30,447620.349961,False
2.9,30,447663.802483,True
0.0,30,447708.443768,False
2.8,30,447756.619367,True
0.0,30,447805.592494,False
0.0,30,447851.51579,False
0.1,30,447898.674985,False
0.0,30,447942.536176,False
0.0,30,447990.204213,False
2.3,30,448034.422741,True
0.0,30,448078.301935,False
2.6,30,448122.991812,True
2.5,30,448176.650164,True
0.0,30,448226.524602,False
1.1,30,448268.734136,True
0.0,30,448312.857357,False
3.0,30,448362.755924,True
2.3,30,448410.181546,True
0.0,30,448463.108741,False
2.9,30,448513.88698,True
3.0,30,448558.909025,True
0.0,30,448609.656478,False
0.0,30,448657.601076,False
0.0,30,448707.779346,False
2.2,30,448754.713751,True
2.5,30,448797.275819,True
2.5,30,449151.885526,True
0.0,30,449200.241092,False
0.0,30,449246.40198,False
2.8,30,449290.902125,True
2.7,30,449341.250385,True
0.0,30,449380.3966,False
2.6,30,449426.738724,True
2.5,30,449467.456569,True
2.5,30,449513.421199,True
2.8,30,449560.900041,True
2.6,30,449604.063302,True
2.7,30,449645.48757,True
0.0,30,449699.032614,False
0.0,30,449746.40241,False
0.0,30,449789.708186,False
0.0,30,449830.099374,False
0.0,30,449877.88356,False
0.0,30,449920.490441,False
2.4,30,449967.350876,True
0.0,30,450011.426347,False
2.8,30,450058.760909,True
0.0,30,450104.05172,False
2.4,30,450146.33543,True
2.4,30,450191.232186,True
1.7,30,450240.139357,True
0.0,30,450284.152786,False
0.0,30,450330.055083,False
0.5,30,450374.256216,True
2.7,30,450424.956775,True
2.7,30,450468.680791,True
0.0,30,450510.828106,False
2.8,30,450554.048516,True
0.6,30,450597.685671,True
2.5,30,450648.174537,True
0.0,30,450988.512742,False
2.8,30,451035.225229,True
1.1,30,451079.141483,True
0.0,30,451124.178334,False
2.8,30,451173.470711,True
0.0,30,451219.680586,False
0.0,30,451266.33951,False
0.0,30,451312.219209,False
2.4,30,451354.777112,True
0.0,30,451395.71006,False
0.0,30,451441.425657,False
2.1,30,451481.826329,True
0.0,30,451529.055551,False
0.0,30,451576.222768,False
2.2,30,451630.468359,True
2.5,30,451672.043495,True
0.0,30,451713.962296,False
0.0,30,451757.831496,False
0.0,30,451799.518887,False
2.6,30,451846.359956,True
0.0,30,451892.499899,False
2.5,30,451942.207422,True
0.0,30,451988.564945,False
2.5,30,452027.525512,True
2.7,30,452070.569597,True
2.3,30,452122.829339,True
1.3,30,452169.856256,True
0.0,30,452217.890798,False
1.9,30,452259.687324,True
2.6,30,452305.108581,True
2.5,30,452350.355979,True
0.0,30,452398.188025,False
0.0,30,452448.083944,False
0.0,30,452493.847232,False
2.6,30,452826.594775,True
0.0,30,452879.572977,False
2.2,30,452924.516198,True
0.0,30,452968.347044,False
2.2,30,453015.139147,True
0.0,30,453056.760357,False
0.0,30,453098.606569,False
0.0,30,453150.078018,False
0.0,30,453196.129671,False
0.7,30,453241.563892,True
0.3,30,453288.347734,False
2.3,30,453333.74568,True
2.5,30,453384.004163,True
2.8,30,453431.634941,True
0.0,30,453479.282626,False
0.0,30,453526.453073,False
2.6,30,453575.956502,True
2.3,30,453626.620351,True
1.1,30,453669.852223,True
2.8,30,453714.712009,True
0.0,30,453758.559718,False
2.8,30,453800.557345,True
0.0,30,453844.0456,False
2.7,30,453886.690598,True
0.0,30,453934.954126,False
2.8,30,453983.135482,True
2.9,30,454039.12802,True
0.0,30,454085.635307,False
2.8,30,454133.783405,True
0.0,30,454179.131989,False
0.0,30,454224.38348,False
3.0,30,454272.491282,True
0.0,30,454322.354769,False
2.6,30,454366.603339,True
0.0,30,454708.562546,False
2.4,30,454757.564064,True
0.0,30,454804.118599,False
0.0,30,454845.816487,False
2.7,30,454887.212636,True
0.0,30,454933.54781,False
2.5,30,454984.07263,True
2.4,30,455027.40017,True
0.0,30,455073.002721,False
0.0,30,455117.855472,False
0.0,30,455167.323592,False
2.8,30,455213.036596,True
2.9,30,455254.58019,True
0.0,30,455304.887436,False
2.1,30,455348.208978,True
2.1,30,455396.151396,True
0.0,30,455438.950097,False
0.0,30,455483.132528,False
0.0,30,455526.427667,False
0.0,30,455570.97272,False
0.0,30,455617.902892,False
0.9,30,455667.719509,True
2.8,30,455716.412942,True
0.0,30,455760.559847,False
0.0,30,455808.883516,False
2.7,30,455858.625902,True
3.0,30,455904.739642,True
2.3,30,455950.360052,True
3.0,30,455996.875577,True
2.6,30,456044.583366,True
2.1,30,456089.158892,True
2.6,30,456133.190899,True
0.0,30,456178.218627,False
0.0,30,456227.93744,False
0.0,30,456564.500066,False
0.0,30,456609.419109,False
0.0,30,456651.523465,False
2.4,30,456698.065438,True
2.4,30,456741.810052,True
2.9,30,456784.082438,True
0.0,30,456831.883242,False
2.8,30,456873.506688,True
0.0,30,456919.283965,False
2.4,30,456964.601853,True
2.7,30,457012.924893,True
1.6,30,457060.818622,False
2.5,30,457109.313274,True
3.0,30,457156.710685,True
0.0,30,457199.988808,False
0.0,30,457244.336653,False
0.0,30,457295.594676,False
3.0,30,457340.521153,True
0.0,30,457390.096287,False
0.0,30,457438.52762,False
0.0,30,457484.839889,False
0.0,30,457529.516991,False
1.8,30,457575.487593,True
3.0,30,457621.173852,True
0.0,30,457663.499918,False
0.0,30,457712.056565,False
2.4,30,457760.921699,True
2.3,30,457804.513553,True
2.7,30,457853.828202,True
0.0,30,457902.143765,False
0.0,30,457945.051362,False
2.4,30,457986.565283,True
2.8,30,458029.747825,True
2.9,30,458078.061151,True
1.6,30,458399.082181,False
0.0,30,458441.218598,False
2.3,30,458491.247949,True
3.0,30,458535.509045,True
0.0,30,458581.780137,False
0.0,30,458629.089118,False
0.0,30,458676.885113,False
2.8,30,458728.47762,True
0.0,30,458779.360643,False
0.0,30,458822.493768,False
1.7,30,458866.792935,True
2.2,30,458912.005379,True
0.0,30,458956.877881,False
0.0,30,458996.593523,False
2.5,30,459039.236817,True
0.0,30,459088.474716,False
2.3,30,459139.517196,True
0.0,30,459187.836589,False
2.6,30,459234.526432,True
2.5,30,459282.450661,True
3.0,30,459330.174926,True
0.0,30,459371.89857,False
2.7,30,459422.2413,True
0.0,30,459472.448792,False
0.0,30,459520.171777,False
0.0,30,459558.738007,False
2.6,30,459602.508174,True
0.0,30,459648.247971,False
1.8,30,459691.96844,True
0.0,30,459739.099033,False
0.5,30,459786.689718,True
0.0,30,459831.295903,False
2.8,30,459874.367731,True
2.6,30,459925.996729,True
0.0,30,459969.295585,False
0.0,30,460311.130358,False
2.8,30,460354.381074,True
2.5,30,460400.322284,True
0.0,30,460452.49035,False
2.8,30,460494.870905,True
0.0,30,460536.943893,False
0.0,30,460579.370666,False
2.7,30,460627.375556,True
0.0,30,460672.676547,False
2.7,30,460726.557793,True
2.2,30,460773.05507,True
0.0,30,460823.215827,False
0.0,30,460869.296354,False
0.0,30,460913.595025,False
2.8,30,460959.701758,True
3.0,30,461009.104376,True
0.0,30,461055.046109,False
0.0,30,461098.658036,False
0.0,30,461146.528575,False
2.5,30,461201.77165,True
0.0,30,461248.636115,False
2.3,30,461298.045093,True
0.0,30,461343.573718,False
0.0,30,461385.573502,False
0.0,30,461427.539241,False
0.0,30,461472.112286,False
0.0,30,461515.608844,False
1.5,30,461557.702411,True
0.0,30,461605.369347,False
0.0,30,461653.357432,False
2.5,30,461699.190117,True
0.0,30,461747.751158,False
2.6,30,461797.358589,True
0.0,30,461841.660296,False
0.0,30,462174.517131,False
0.0,30,462222.186075,False
0.0,30,462267.313396,False
0.0,30,462311.610864,False
0.0,30,462363.776214,False
0.0,30,462412.814653,False
0.0,30,462470.125309,False
0.0,30,462518.116882,False
0.0,30,462563.816431,False
0.0,30,462608.665126,False
0.0,30,462655.266584,False
0.0,30,462697.665224,False
0.0,30,462744.163768,False
2.3,30,462788.417342,True
3.0,30,462836.890998,True
0.0,30,462888.496738,False
2.6,30,462934.608125,True
0.0,30,462973.822589,False
2.7,30,463013.42233,True
1.1,30,463057.711644,False
0.0,30,463105.806682,False
2.8,30,463150.380932,True
0.0,30,463195.866588,False
0.0,30,463242.121377,False
2.6,30,463291.303191,True
0.0,30,463333.602548,False
2.4,30,463378.155777,True
2.7,30,463422.2523,True
0.0,30,463465.131011,False
2.8,30,463510.121346,True
0.0,30,463558.961985,False
0.0,30,463617.919682,False
2.7,30,463662.154518,True
2.7,30,463709.975484,True
3.0,30,464058.211593,True
0.0,30,464105.719276,False
2.2,30,464149.46519,True
0.0,30,464195.735248,False
2.4,30,464238.217884,True
0.0,30,464284.776407,False
2.5,30,464324.277983,True
0.0,30,464372.092166,False
2.3,30,464418.956028,True
1.9,30,464465.12645,True
0.0,30,464507.487362,False
0.0,30,464551.182644,False
2.7,30,464596.986897,True
0.0,30,464642.84074,False
0.0,30,464689.409924,False
0.0,30,464734.386502,False
0.0,30,464782.677909,False
2.0,30,464830.973212,True
2.6,30,464874.702272,True
2.5,30,464925.652231,True
0.0,30,464973.076119,False
2.7,30,465022.339842,True
0.0,30,465068.564765,False
2.9,30,465123.321371,True
0.0,30,465170.566553,False
0.0,30,465211.593963,False
2.4,30,465251.590457,True
2.9,30,465297.658471,True
2.7,30,465342.652718,True
0.0,30,465386.384647,False
0.0,30,465430.006552,False
0.0,30,465474.378196,False
0.0,30,465519.054674,False
1.6,30,465568.407398,True
2.9,30,465921.795155,True
0.0,30,465967.88882,False
2.9,30,466012.474005,True
0.0,30,466058.395315,False
2.9,30,466109.668679,True
0.0,30,466156.14428,False
2.8,30,466205.949314,True
0.1,30,466253.425278,True
2.5,30,466300.331681,True
2.6,30,466345.060437,True
0.0,30,466390.269772,False
0.0,30,466434.554589,False
0.0,30,466485.712492,False
2.0,30,466533.46886,True
0.0,30,466577.791673,False
2.4,30,466629.474004,True
2.0,30,466669.71792,True
0.0,30,466720.337459,False
0.0,30,466768.869388,False
0.0,30,466813.21773,False
0.0,30,466861.282813,False
2.4,30,466908.301583,True
2.5,30,466955.534557,True
0.0,30,467002.244368,False
2.7,30,467044.180766,True
2.8,30,467088.739475,True
2.6,30,467138.779186,True
0.0,30,467183.505623,False
0.0,30,467230.81795,False
2.8,30,467277.508382,True
2.4,30,467324.357182,True
2.7,30,467369.555871,True
2.2,30,467410.632351,True
2.1,30,467455.921452,True
2.4,30,467817.7871,True
2.8,30,467863.755737,True
0.0,30,467911.726044,False
0.0,30,467958.002603,False
2.3,30,468005.449605,True
2.8,30,468055.621009,True
2.8,30,468105.464638,True
1.8,30,468147.698759,True
2.5,30,468195.145991,True
3.0,30,468240.651202,True
0.0,30,468285.458787,False
0.0,30,468327.767682,False
0.0,30,468378.296136,False
0.0,30,468424.00165,False
2.5,30,468471.981169,True
0.0,30,468517.700795,False
2.8,30,468564.936233,True
2.7,30,468609.319265,True
2.4,30,468658.975564,True
0.0,30,468706.718832,False
0.0,30,468750.543902,False
2.7,30,468793.531675,True
2.5,30,468838.298573,True
0.0,30,468883.689076,False
0.0,30,468938.005868,False
0.0,30,468987.582023,False
0.0,30,469032.884178,False
2.5,30,469079.487817,True
2.5,30,469123.479897,True
2.1,30,469170.029021,True
0.0,30,469230.297155,False
0.0,30,469276.709197,False
0.0,30,469321.188989,False
1.8,30,469364.938187,True
2.3,30,469706.570279,True
2.6,30,469755.903097,True
0.6,30,469806.43027,False
0.0,30,469853.403918,False
1.8,30,469892.718058,True
2.6,30,469941.499829,True
0.0,30,469990.61148,False
0.0,30,470040.026288,False
0.0,30,470098.36845,False
2.8,30,470144.419667,True
0.0,30,470207.992561,False
2.9,30,470254.880421,True
0.0,30,470300.014211,False
0.0,30,470343.482338,False
0.0,30,470391.797022,False
2.8,30,470441.810985,True
2.5,30,470493.924035,True
2.1,30,470539.710944,True
0.0,30,470588.701438,False
0.0,30,470636.936787,False
0.0,30,470686.032473,False
2.7,30,470737.808711,True
2.4,30,470788.31142,True
3.0,30,470835.785951,True
2.8,30,470878.288869,True
0.0,30,470935.678922,False
0.0,30,470978.172037,False
2.4,30,471024.171709,True
0.0,30,471069.009797,False
0.0,30,471135.482848,False
3.0,30,471185.938614,True
0.0,30,471234.116681,False
0.0,30,471279.83447,False
0.0,30,471324.395146,False
2.4,30,471649.968711,True
1.3,30,471697.669808,True
0.0,30,471748.156892,False
2.1,30,471796.609759,True
2.5,30,471843.900907,True
2.5,30,471892.912509,True
3.0,30,471938.151025,True
2.8,30,471982.369329,True
0.0,30,472028.019915,False
2.4,30,472074.600079,True
0.0,30,472118.509155,False
0.0,30,472170.570383,False
0.0,30,472214.409141,False
3.0,30,472283.710119,True
0.0,30,472334.587969,False
0.0,30,472388.035306,False
0.0,30,472433.408466,False
0.0,30,472479.399606,False
0.0,30,472522.822004,False
0.0,30,472570.647355,False
0.0,30,472613.870321,False
2.7,30,472659.672545,True
0.0,30,472705.427505,False
0.0,30,472760.089354,False
2.9,30,472810.195523,True
0.0,30,472863.802478,False
0.0,30,472911.200932,False
0.0,30,472959.127619,False
0.0,30,473010.108818,False
2.8,30,473058.598279,True
0.0,30,473108.801268,False
0.0,30,473156.08423,False
0.0,30,473204.653806,False
2.2,30,473249.91517,True
0.7,30,473576.54428,True
2.6,30,473624.964221,True
0.0,30,473672.553816,False
0.0,30,473719.891051,False
0.0,30,473767.989968,False
0.0,30,473808.327328,False
2.7,30,473853.757656,True
0.0,30,473896.454795,False
2.7,30,473941.229842,True
2.8,30,473990.580849,True
0.0,30,474038.162394,False
2.8,30,474085.355443,True
3.0,30,474135.060389,True
2.0,30,474181.10632,True
2.4,30,474226.380303,True
2.7,30,474270.519637,True
1.2,30,474316.59225,False
2.6,30,474359.150328,True
0.0,30,474403.669153,False
2.6,30,474452.519608,True
0.0,30,474500.581898,False
0.0,30,474549.195179,False
1.7,30,474594.866501,False
0.0,30,474637.689976,False
0.0,30,474696.127858,False
0.0,30,474742.812264,False
3.0,30,474790.536728,True
2.7,30,474836.482309,True
0.0,30,474887.505197,False
2.9,30,474936.091938,True
3.0,30,474985.848354,True
3.0,30,475037.307396,True
0.0,30,475081.14805,False
0.0,30,475139.218121,False
2.4,30,475188.819872,True
2.5,30,475527.835899,True
2.5,30,475574.437058,True
0.0,30,475619.830762,False
0.0,30,475670.212138,False
0.0,30,475720.368833,False
0.0,30,475767.154932,False
0.0,30,475814.28915,False
2.3,30,475858.720858,True
2.5,30,475908.938927,True
0.0,30,475952.909997,False
3.0,30,475997.724371,True
2.1,30,476037.555783,True
2.8,30,476085.904335,True
2.7,30,476137.480691,True
2.8,30,476181.755604,True
2.5,30,476227.248306,True
1.2,30,476273.909852,True
0.0,30,476320.575027,False
2.3,30,476367.585353,True
2.7,30,476417.461999,True
0.4,30,476468.135504,True
0.0,30,476512.066904,False
0.5,30,476560.107719,True
2.7,30,476606.79833,True
0.0,30,476650.822584,False
2.3,30,476697.579609,True
1.8,30,476743.085902,True
3.0,30,476786.003625,True
2.7,30,476832.035692,True
2.8,30,476880.32222,True
0.2,30,476923.151392,True
2.2,30,476971.449999,True
0.0,30,477017.726206,False
2.4,30,477070.31211,True
0.0,30,477381.770855,False
0.0,30,477430.406859,False
3.0,30,477478.596963,True
2.5,30,477523.727735,True
0.0,30,477564.631373,False
2.4,30,477609.11592,True
0.0,30,477652.926506,False
2.5,30,477699.235345,True
2.5,30,477745.985177,True
0.0,30,477798.030312,False
2.6,30,477847.232153,True
0.0,30,477887.421103,False
2.6,30,477928.300216,True
2.5,30,477971.791855,True
0.0,30,478015.530695,False
2.9,30,478076.097654,True
2.6,30,478118.497436,True
1.4,30,478176.892293,True
0.0,30,478229.855958,False
0.0,30,478275.288422,False
2.2,30,478319.819764,True
2.8,30,478365.090994,True
1.2,30,478414.885307,True
2.1,30,478471.814706,True
0.0,30,478519.435626,False
0.0,30,478561.131109,False
2.5,30,478605.145252,True
2.5,30,478646.035701,True
0.6,30,478690.743411,True
2.2,30,478734.481802,True
2.0,30,478778.971029,True
0.0,30,478826.551373,False
2.7,30,478870.399564,True
2.7,30,478922.456125,True
0.0,30,479242.640901,False
0.0,30,479285.6273,False
2.4,30,479328.336558,True
2.4,30,479372.789807,True
0.0,30,479415.680106,False
1.8,30,479462.557171,True
2.8,30,479506.181383,True
3.0,30,479550.329365,True
3.0,30,479596.360818,True
0.0,30,479644.210796,False
0.0,30,479696.988188,False
0.0,30,479746.260117,False
2.4,30,479792.69683,True
0.0,30,479838.574964,False
1.0,30,479882.698276,True
1.9,30,479930.264232,True
2.6,30,479975.339915,True
0.0,30,480019.324833,False
0.0,30,480068.966439,False
0.0,30,480116.956128,False
0.0,30,480160.83909,False
0.0,30,480208.649978,False
0.2,30,480257.752317,True
2.9,30,480302.567439,True
1.6,30,480346.141422,True
2.2,30,480390.25119,True
2.6,30,480433.949424,True
0.0,30,480475.65862,False
2.3,30,480520.575709,True
2.4,30,480588.585454,True
0.0,30,480630.399724,False
0.0,30,480674.335258,False
2.6,30,480728.101051,True
0.0,30,480774.327453,False
0.0,30,481115.357539,False
2.0,30,481159.137716,True
2.7,30,481206.933207,True
0.0,30,481253.62558,False
0.0,30,481302.799073,False
0.0,30,481348.767449,False
0.0,30,481396.98591,False
2.5,30,481445.072432,True
2.0,30,481484.709242,False
2.5,30,481530.856158,True
2.6,30,481583.625513,True
0.0,30,481628.791856,False
0.0,30,481676.189593,False
0.0,30,481720.28121,False
0.0,30,481769.678621,False
2.9,30,481822.915326,True
0.0,30,481870.132126,False
1.9,30,481915.470806,True
2.3,30,481962.719213,True
0.0,30,482009.027897,False
0.0,30,482052.024562,False
2.9,30,482106.260295,True
2.9,30,482155.90569,True
0.0,30,482200.582922,False
0.6,30,482245.254439,True
0.0,30,482286.052298,False
2.8,30,482329.877875,True
3.0,30,482373.166668,True
2.4,30,482418.131539,True
0.0,30,482463.288694,False
0.0,30,482511.284499,False
2.5,30,482558.851368,False
0.0,30,482606.531098,False
2.9,30,482654.320858,True
0.0,30,482985.137349,False
2.9,30,483032.483804,True
2.6,30,483077.847659,True
1.6,30,483127.584184,True
0.0,30,483171.495128,False
2.7,30,483219.971136,True
2.4,30,483261.233331,True
2.0,30,483301.302542,True
1.4,30,483358.920371,True
0.0,30,483401.734215,False
1.9,30,483445.733252,True
0.0,30,483491.113323,False
2.8,30,483537.23511,True
2.7,30,483581.824839,True
0.0,30,483625.98025,False
0.0,30,483672.741862,False
2.6,30,483719.169376,True
0.0,30,483767.8592,False
3.0,30,483812.356405,True
0.0,30,483860.087665,False
2.8,30,483906.866606,True
2.3,30,483958.237698,True
2.4,30,484002.344345,True
0.0,30,484050.580202,False
2.7,30,484101.674332,True
0.0,30,484150.415901,False
0.0,30,484199.649721,False
0.0,30,484247.49196,False
2.7,30,484296.89031,True
0.0,30,484338.904882,False
0.0,30,484383.18249,False
0.0,30,484433.100521,False
2.3,30,484477.313273,True
0.0,30,484522.100922,False
0.0,30,484866.474596,False
2.8,30,484913.710376,True
2.7,30,484959.792591,True
2.6,30,485009.047685,True
1.3,30,485052.491618,True
2.5,30,485098.974142,True
2.8,30,485144.721123,True
2.6,30,485191.431794,True
0.0,30,485240.066272,False
2.6,30,485288.13519,True
0.0,30,485332.518519,False
0.0,30,485376.696225,False
0.0,30,485418.134467,False
2.6,30,485467.189194,True
2.7,30,485513.089822,True
0.0,30,485563.065638,False
0.0,30,485607.32973,False
2.2,30,485651.967781,True
2.9,30,485701.352471,True
0.0,30,485745.667172,False
2.9,30,485795.060734,True
2.4,30,485842.581738,True
2.3,30,485885.984894,True
0.0,30,485929.135883,False
0.0,30,485972.590828,False
2.8,30,486022.371652,True
0.0,30,486070.822565,False
2.7,30,486123.222446,True
0.0,30,486169.284694,False
2.5,30,486217.987472,True
0.0,30,486269.234671,False
0.0,30,486311.623929,False
0.0,30,486358.66232,False
0.0,30,486401.277163,False
2.2,30,486734.466914,True
2.5,30,486777.038789,True
2.2,30,486821.823948,True
0.0,30,486865.476689,False
0.0,30,486912.585196,False
0.0,30,486958.681832,False
0.0,30,487006.335256,False
0.1,30,487045.643875,True
2.8,30,487089.320086,True
2.5,30,487140.384879,True
0.0,30,487189.075993,False
0.4,30,487233.86737,True
0.0,30,487279.799942,False
0.0,30,487329.188458,False
2.5,30,487377.423444,True
2.4,30,487423.466477,True
2.1,30,487469.005936,True
0.0,30,487511.660536,False
2.5,30,487558.58502,True
2.0,30,487603.942375,True
2.5,30,487664.355636,True
0.0,30,487712.015152,False
2.3,30,487752.422712,True
0.0,30,487798.506205,False
2.1,30,487845.845207,True
0.0,30,487889.312259,False
2.7,30,487940.960688,True
0.0,30,487995.78638,False
0.0,30,488043.49616,False
0.0,30,488088.086468,False
2.2,30,488137.328886,True
2.9,30,488185.563398,True
1.7,30,488234.562767,True
0.0,30,488285.021087,False
2.5,30,488326.56937,True
2.4,30,488628.260745,True
0.0,30,488674.36383,False
2.5,30,488719.199711,True
2.6,30,488763.830723,True
2.9,30,488806.189701,True
0.0,30,488853.014985,False
0.0,30,488904.168048,False
0.0,30,488949.422411,False
2.3,30,488998.819587,True
1.7,30,489040.399406,True
0.0,30,489085.371955,False
2.7,30,489135.446835,True
2.5,30,489183.145063,True
2.6,30,489230.564482,True
2.7,30,489283.153913,True
2.6,30,489329.410792,True
0.0,30,489372.041173,False
2.4,30,489414.889481,True
0.0,30,489458.58748,False
0.0,30,489510.879177,False
2.8,30,489552.936905,True
2.9,30,489606.107872,True
0.0,30,489649.139627,False
2.8,30,489690.618886,True
2.5,30,489742.804115,True
0.0,30,489786.763852,False
0.0,30,489833.460439,False
2.9,30,489875.349255,True
0.0,30,489920.417235,False
2.9,30,489969.271473,True
2.7,30,490015.504943,True
2.8,30,490063.197796,True
0.0,30,490106.63416,False
3.0,30,490147.831376,True
0.0,30,490457.769809,False
0.0,30,490503.18815,False
2.4,30,490555.491489,True
2.6,30,490601.433408,True
0.0,30,490649.050756,False
2.6,30,490705.867453,True
0.0,30,490753.559513,False
0.0,30,490803.12255,False
0.0,30,490846.044214,False
0.8,30,490892.510465,False
2.8,30,490942.138454,True
3.0,30,490988.260744,True
2.8,30,491031.335325,True
0.0,30,491077.582356,False
0.0,30,491131.383377,False
0.0,30,491181.028981,False
0.0,30,491229.716084,False
0.0,30,491276.576277,False
0.0,30,491329.589427,False
0.0,30,491371.082493,False
0.0,30,491421.646057,False
2.8,30,491468.334127,True
2.0,30,491515.775903,True
0.0,30,491562.174356,False
0.0,30,491612.924869,False
0.0,30,491659.331273,False
0.0,30,491711.716944,False
0.0,30,491751.709356,False
0.0,30,491796.682719,False
2.0,30,491840.350583,True
0.0,30,491889.775791,False
2.9,30,491935.932528,True
0.0,30,491978.006661,False
2.7,30,492022.053635,True
2.5,30,492349.25097,True
2.8,30,492399.50142,True
2.7,30,492451.121003,True
0.0,30,492513.441512,False
0.0,30,492554.156816,False
0.0,30,492599.441239,False
0.3,30,492644.7862,True
0.0,30,492691.107737,False
0.0,30,492744.94994,False
0.2,30,492789.260847,True
2.9,30,492837.014275,True
1.2,30,492878.208406,False
2.5,30,492923.261084,True
2.5,30,492979.904395,True
2.8,30,493022.780842,True
2.6,30,493066.825946,True
2.1,30,493111.296816,True
2.8,30,493156.1579,True
2.9,30,493201.332776,True
2.5,30,493250.10637,True
0.0,30,493294.662431,False
2.9,30,493342.057501,True
0.0,30,493389.659018,False
2.6,30,493434.470893,True
0.0,30,493479.63183,False
0.0,30,493534.082253,False
0.0,30,493582.933377,False
2.6,30,493625.250941,True
0.0,30,493670.795212,False
1.4,30,493717.819926,True
0.1,30,493761.029658,True
0.0,30,493806.1954,False
0.0,30,493848.84552,False
0.0,30,493891.303998,False
2.5,30,494235.833772,True
0.0,30,494289.74642,False
0.0,30,494332.725345,False
3.0,30,494375.094631,True
0.0,30,494432.847508,False
2.1,30,494481.591978,True
2.4,30,494525.891481,True
0.0,30,494570.323935,False
2.6,30,494617.714255,True
0.0,30,494663.396879,False
0.0,30,494705.239839,False
2.5,30,494749.86896,True
2.4,30,494814.925999,True
2.5,30,494870.771021,True
2.8,30,494917.19661,True
2.5,30,494964.571728,True
1.6,30,495010.246575,True
2.6,30,495053.636055,True
0.0,30,495101.569951,False
0.0,30,495154.08593,False
2.7,30,495200.591771,True
0.0,30,495247.091068,False
2.6,30,495290.610836,True
0.0,30,495343.291443,False
3.0,30,495385.483774,True
0.0,30,495437.472131,False
0.0,30,495479.069318,False
2.6,30,495523.043674,True
0.0,30,495568.753984,False
1.6,30,495613.236589,True
0.0,30,495664.007895,False
0.0,30,495708.493109,False
2.5,30,495760.774029,True
0.0,30,495805.087562,False
3.0,30,496135.9663,True
2.6,30,496180.012818,True
1.9,30,496226.161836,True
0.0,30,496270.837006,False
0.0,30,496314.22879,False
0.0,30,496357.675449,False
0.0,30,496404.12285,False
2.5,30,496445.359592,True
2.6,30,496494.551274,True
2.5,30,496541.23294,True
2.4,30,496587.524254,True
2.5,30,496631.684143,True
1.8,30,496684.136482,False
0.0,30,496735.818358,False
0.0,30,496784.470515,False
0.0,30,496824.856037,False
0.0,30,496870.314262,False
2.3,30,496914.705111,True
0.0,30,496970.136503,False
3.0,30,497013.767583,True
2.9,30,497061.973972,True
2.5,30,497106.038795,True
0.0,30,497150.581316,False
0.0,30,497203.633587,False
0.0,30,497246.471246,False
0.5,30,497297.621843,True
2.2,30,497344.725736,True
2.3,30,497392.721443,True
2.2,30,497440.418492,True
2.6,30,497488.94257,True
0.0,30,497533.926306,False
0.0,30,497576.605047,False
0.0,30,497627.950135,False
0.0,30,497670.418834,False
2.7,30,497988.89167,True
2.7,30,498034.262604,True
2.5,30,498080.301978,True
2.8,30,498124.334387,True
0.0,30,498166.626428,False
1.9,30,498209.249665,True
0.0,30,498267.532352,False
0.0,30,498312.425771,False
0.0,30,498360.054445,False
0.0,30,498405.029376,False
0.0,30,498446.816101,False
0.0,30,498492.233227,False
2.1,30,498535.13219,True
2.4,30,498586.463809,True
0.0,30,498634.872936,False
0.0,30,498679.024014,False
0.0,30,498722.773457,False
0.0,30,498762.118679,False
0.0,30,498802.162174,False
2.8,30,498846.282435,True
2.7,30,498893.071033,True
0.0,30,498934.705028,False
0.0,30,498981.345197,False
2.8,30,499024.117163,True
0.0,30,499068.340985,False
0.0,30,499112.157045,False
3.0,30,499161.015232,True
0.0,30,499207.059896,False
0.0,30,499246.583295,False
0.0,30,499291.61961,False
0.0,30,499330.712036,False
2.0,30,499377.199289,True
0.0,30,499426.785602,False
0.0,30,499476.1824,False
0.0,30,499814.273013,False
0.9,30,499859.39167,False
1.9,30,499902.9714,True
0.0,30,499950.042374,False
3.0,30,500005.496891,True
0.0,30,500046.489419,False
2.8,30,500087.360701,True
2.7,30,500133.628682,True
0.0,30,500180.159973,False
2.6,30,500226.029235,True
0.0,30,500274.341285,False
2.4,30,500318.397492,True
2.7,30,500360.702578,True
2.8,30,500408.155424,True
2.5,30,500458.10646,True
2.0,30,500503.800277,True
0.0,30,500553.490809,False
2.8,30,500597.730953,True
0.0,30,500645.322185,False
1.7,30,500693.982628,True
2.5,30,500742.257402,True
0.0,30,500788.307741,False
2.2,30,500829.050174,True
2.8,30,500883.179654,True
0.0,30,500927.026502,False
0.3,30,500980.555222,False
0.0,30,501026.010737,False
2.6,30,501069.667856,True
2.4,30,501109.463003,True
2.3,30,501159.42089,True
2.6,30,501205.136676,True
2.3,30,501250.329935,True
2.7,30,501290.946255,True
2.8,30,501332.798657,True
2.8,30,501702.084021,True
2.2,30,501750.980141,True
1.2,30,501800.173273,False
0.0,30,501853.48359,False
0.0,30,501899.082948,False
3.0,30,501949.774867,True
0.0,30,502000.616036,False
0.0,30,502051.67856,False
0.7,30,502097.888911,True
0.0,30,502147.024375,False
0.0,30,502194.220228,False
2.7,30,502240.072765,True
2.9,30,502286.589918,True
2.1,30,502335.746037,True
0.0,30,502380.136089,False
0.0,30,502432.437326,False
0.0,30,502477.054992,False
0.9,30,502527.607118,True
2.8,30,502570.665878,True
2.8,30,502614.439436,True
0.9,30,502657.671399,False
2.2,30,502704.559509,True
2.0,30,502754.22329,True
0.0,30,502801.508008,False
1.8,30,502850.465286,True
2.4,30,502893.214449,True
2.7,30,502938.175789,True
2.5,30,502981.48618,True
2.1,30,503027.662094,False
2.7,30,503073.672885,True
0.0,30,503127.390767,False
1.9,30,503170.764848,True
0.0,30,503218.950444,False
2.7,30,503264.408686,True
0.0,30,503302.440423,False
2.6,30,503654.941719,True
2.2,30,503703.96459,True
2.8,30,503757.10687,True
1.3,30,503808.352734,False
2.2,30,503860.258064,True
0.0,30,503907.752982,False
0.0,30,503957.213287,False
0.0,30,504001.493513,False
2.8,30,504047.040326,True
2.6,30,504092.206234,True
0.0,30,504141.526417,False
2.0,30,504189.372966,True
0.0,30,504237.328183,False
2.6,30,504280.125539,True
2.4,30,504326.849454,True
2.9,30,504373.471097,True
0.0,30,504424.411989,False
2.3,30,504470.406593,True
2.8,30,504521.744402,True
0.0,30,504569.800672,False
0.0,30,504622.031442,False
2.4,30,504665.222917,True
2.9,30,504708.95488,True
0.0,30,504755.812117,False
2.6,30,504802.325306,True
1.5,30,504859.283655,True
2.7,30,504907.422738,True
2.6,30,504953.798573,True
2.4,30,504995.175115,True
0.0,30,505040.134724,False
0.0,30,505090.835105,False
3.0,30,505134.975999,True
0.0,30,505183.516155,False
0.0,30,505226.866746,False
0.9,30,505572.597429,False
0.0,30,505618.656653,False
0.0,30,505666.024578,False
0.0,30,505714.045606,False
0.0,30,505758.576736,False
2.6,30,505806.075459,True
2.5,30,505848.833493,True
2.8,30,505899.084183,True
2.9,30,505950.408285,True
0.0,30,505994.389965,False
2.9,30,506039.949549,True
0.0,30,506087.167616,False
0.0,30,506131.749749,False
0.0,30,506170.869083,False
0.0,30,506219.058923,False
0.0,30,506271.056678,False
2.6,30,506317.223458,True
2.8,30,506374.028462,True
0.0,30,506421.015418,False
0.0,30,506464.658345,False
2.7,30,506507.399685,True
1.9,30,506562.541324,True
0.0,30,506610.088075,False
2.6,30,506659.131745,True
0.0,30,506705.28827,False
0.0,30,506750.125496,False
2.6,30,506795.513221,True
0.0,30,506861.829911,False
0.0,30,506913.000395,False
2.1,30,506962.291179,True
2.4,30,507007.254024,True
0.0,30,507054.765544,False
0.0,30,507103.032546,False
0.0,30,507150.213874,False
2.9,30,507510.875859,True
0.0,30,507556.654131,False
2.7,30,507605.818401,True
1.3,30,507655.210194,True
2.8,30,507713.612117,True
2.2,30,507763.711139,True
0.0,30,507807.466818,False
1.5,30,507852.827038,True
2.2,30,507904.167692,True
2.9,30,507947.955038,True
0.0,30,507990.478609,False
0.0,30,508034.594553,False
2.8,30,508077.15371,True
2.6,30,508123.816691,True
2.5,30,508169.483576,True
0.0,30,508221.0218,False
0.0,30,508264.308379,False
0.0,30,508304.972028,False
2.1,30,508353.304675,True
0.0,30,508403.337734,False
2.4,30,508447.737949,True
0.0,30,508495.576571,False
0.0,30,508541.359401,False
0.0,30,508591.221014,False
2.2,30,508640.441442,True
0.0,30,508690.561019,False
0.0,30,508733.850946,False
0.0,30,508773.219447,False
0.0,30,508823.820824,False
2.1,30,508875.66835,True
0.0,30,508920.901347,False
2.6,30,508961.711898,True
0.0,30,509006.097787,False
0.0,30,509047.775287,False
2.5,30,509437.871451,True
0.0,30,509485.024945,False
2.4,30,509540.888825,True
0.0,30,509600.794904,False
2.9,30,509649.38536,True
2.7,30,509697.721928,True
0.0,30,509750.681704,False
0.0,30,509802.047465,False
0.4,30,509868.950871,False
0.0,30,509914.901875,False
2.7,30,509960.474185,True
2.5,30,510013.171665,True
0.0,30,510056.900869,False
0.0,30,510099.997596,False
0.0,30,510144.834546,False
2.9,30,510189.532983,True
0.0,30,510233.126212,False
2.9,30,510278.1822,True
2.8,30,510319.620757,True
2.8,30,510365.20917,True
2.9,30,510415.668531,True
2.2,30,510470.998023,True
0.0,30,510517.0419,False
0.0,30,510565.043005,False
2.7,30,510608.535618,True
2.8,30,510658.091738,True
0.0,30,510705.620556,False
0.0,30,510744.793628,False
1.1,30,510790.086018,True
2.1,30,510833.009587,True
1.6,30,510878.799818,True
2.6,30,510921.157819,True
0.0,30,510970.891297,False
2.6,30,511019.136796,True
2.5,30,511394.302711,True
2.6,30,511441.281773,True
0.0,30,511486.642971,False
0.0,30,511536.043405,False
0.0,30,511579.724289,False
0.0,30,511630.207347,False
0.0,30,511677.754875,False
0.0,30,511723.351607,False
3.0,30,511780.527253,True
2.3,30,511821.846354,True
0.0,30,511866.397837,False
2.8,30,511912.690474,True
0.0,30,511957.649191,False
1.5,30,512007.445733,True
1.9,30,512050.383965,True
2.2,30,512097.633103,True
0.0,30,512142.179796,False
0.0,30,512192.334472,False
0.2,30,512247.016694,False
3.0,30,512301.857474,True
0.0,30,512343.506762,False
0.0,30,512394.626053,False
2.3,30,512441.355546,True
0.0,30,512494.679915,False
2.7,30,512541.321473,True
2.8,30,512591.656969,True
1.3,30,512640.916138,True
2.5,30,512686.510298,True
2.1,30,512730.974106,True
0.0,30,512774.829776,False
2.7,30,512827.288356,True
2.4,30,512877.548148,True
2.4,30,512926.448182,True
1.0,30,512971.875112,True
2.5,30,513327.563587,True
2.2,30,513366.971509,True
3.0,30,513414.508158,True
2.6,30,513462.797599,True
3.0,30,513517.761499,True
2.9,30,513565.178545,True
2.8,30,513611.11684,True
2.8,30,513656.794838,True
3.0,30,513706.191568,True
2.6,30,513755.58457,True
2.6,30,513802.817334,True
2.8,30,513846.415851,True
2.3,30,513891.073091,True
2.6,30,513935.519727,True
0.0,30,513979.697747,False
2.5,30,514031.4926,True
2.3,30,514080.094769,True
0.0,30,514132.490674,False
0.0,30,514181.955889,False
0.0,30,514230.839928,False
2.8,30,514279.89591,True
0.0,30,514323.842687,False
0.0,30,514371.326779,False
0.0,30,514420.308954,False
0.0,30,514468.808465,False
0.0,30,514512.962298,False
3.0,30,514558.650678,True
0.0,30,514601.615036,False
0.0,30,514648.331191,False
0.0,30,514700.273017,False
0.0,30,514750.720311,False
2.0,30,514797.376005,True
2.1,30,514860.437511,True
0.0,30,514907.922586,False
2.2,30,515273.027767,True
2.9,30,515320.564008,True
0.0,30,515366.479255,False
0.0,30,515411.402631,False
2.4,30,515460.499173,True
2.8,30,515506.358032,True
2.8,30,515552.831342,True
2.5,30,515601.143977,True
0.0,30,515652.682002,False
2.8,30,515696.693203,True
0.0,30,515748.592101,False
0.1,30,515795.414348,True
0.0,30,515841.751913,False
2.1,30,515891.872761,True
2.5,30,515939.383584,True
0.0,30,515984.123342,False
2.9,30,516032.861534,True
0.0,30,516083.450119,False
2.4,30,516129.803172,True
0.0,30,516171.783293,False
0.0,30,516214.361309,False
2.4,30,516261.279647,True
0.0,30,516332.407521,False
2.5,30,516384.107732,True
2.8,30,516427.79401,True
0.0,30,516472.2478,False
0.0,30,516524.195662,False
3.0,30,516575.868231,True
2.5,30,516636.600807,True
0.0,30,516679.323423,False
2.5,30,516725.274114,True
0.0,30,516775.841229,False
2.4,30,516825.066041,True
2.8,30,516879.943423,True
2.8,30,516928.008143,True
2.5,30,517287.643811,True
2.3,30,517333.843671,True
3.0,30,517380.773911,True
0.0,30,517423.330171,False
2.8,30,517467.80813,True
0.0,30,517513.752783,False
0.5,30,517554.894483,True
1.7,30,517600.472416,True
0.0,30,517647.915245,False
2.7,30,517707.486709,True
2.7,30,517753.977705,True
0.0,30,517802.749222,False
0.0,30,517847.473095,False
0.0,30,517895.028446,False
0.0,30,517941.943939,False
0.0,30,517991.303737,False
1.9,30,518040.599509,True
2.4,30,518086.852421,True
2.5,30,518138.594338,True
2.7,30,518191.163692,True
0.0,30,518239.231193,False
0.0,30,518282.882494,False
0.0,30,518329.293029,False
1.1,30,518374.335268,True
2.0,30,518424.875764,True
0.0,30,518471.568749,False
0.0,30,518522.776164,False
1.6,30,518571.779045,True
2.6,30,518617.098574,True
0.0,30,518665.531221,False
2.0,30,518711.15772,True
0.0,30,518760.367462,False
1.9,30,518809.461636,True
0.0,30,518857.503965,False
0.0,30,519215.299777,False
2.8,30,519267.150968,True
2.6,30,519308.838898,True
0.0,30,519352.99509,False
1.2,30,519402.111307,True
0.0,30,519443.895654,False
2.9,30,519487.598378,True
2.1,30,519534.020462,True
0.6,30,519581.854562,True
1.7,30,519630.219791,True
2.7,30,519676.967864,True
2.8,30,519725.070681,True
0.0,30,519768.821106,False
0.0,30,519819.705281,False
0.0,30,519870.147301,False
2.1,30,519922.774203,True
0.0,30,519970.962762,False
2.7,30,520020.076902,True
2.4,30,520061.167838,True
2.7,30,520107.736481,True
3.0,30,520157.775942,True
0.0,30,520200.832321,False
2.8,30,520248.35023,True
0.0,30,520303.983747,False
2.1,30,520352.643312,True
2.5,30,520400.501907,True
0.0,30,520461.941061,False
0.0,30,520512.394605,False
2.5,30,520555.978311,True
0.0,30,520609.133645,False
2.3,30,520656.535701,True
2.6,30,520704.119148,True
2.6,30,520745.743528,True
2.6,30,520791.278042,True
2.6,30,521152.066143,True
1.9,30,521195.935122,True
2.6,30,521240.531746,True
0.0,30,521283.784552,False
0.0,30,521326.574516,False
0.0,30,521383.589888,False
0.0,30,521434.578591,False
2.7,30,521477.608209,True
2.3,30,521523.32753,True
0.0,30,521576.162404,False
0.0,30,521621.359541,False
0.0,30,521661.227293,False
0.0,30,521710.2315,False
3.0,30,521753.913923,True
0.0,30,521809.013502,False
2.2,30,521850.410348,True
0.0,30,521895.492831,False
2.7,30,521945.519734,True
2.9,30,521992.275428,False
2.5,30,522038.017033,True
0.0,30,522087.563442,False
2.2,30,522131.332145,True
0.0,30,522178.746988,False
0.3,30,522225.402547,False
0.0,30,522274.585042,False
1.9,30,522318.938754,True
2.8,30,522367.504177,True
1.1,30,522416.717944,True
2.7,30,522461.579335,True
1.0,30,522504.75831,True
3.0,30,522552.306834,True
2.3,30,522597.523831,True
2.9,30,522643.096482,True
2.2,30,522692.75,True
2.9,30,523043.237971,True
2.6,30,523088.479134,True
2.7,30,523133.366602,True
2.4,30,523180.736393,True
0.0,30,523230.505817,False
2.8,30,523277.550045,True
0.0,30,523326.215456,False
2.6,30,523393.807734,True
2.4,30,523442.922501,True
2.6,30,523493.350893,True
2.4,30,523536.359423,True
0.0,30,523584.031399,False
0.0,30,523629.523153,False
0.0,30,523675.142814,False
3.0,30,523725.486752,True
2.7,30,523769.805609,True
0.0,30,523814.433818,False
0.0,30,523862.645858,False
2.1,30,523913.354757,True
0.0,30,523960.67575,False
0.0,30,524009.946089,False
0.0,30,524053.376424,False
2.9,30,524095.414741,True
0.0,30,524143.530968,False
0.4,30,524186.44103,True
0.0,30,524229.416925,False
2.4,30,524277.507726,True
2.5,30,524322.042175,True
0.0,30,524368.23955,False
2.8,30,524410.508779,True
3.0,30,524460.5148,True
0.0,30,524502.632873,False
0.0,30,524555.76742,False
2.7,30,524602.787697,True
2.2,30,524954.295273,True
2.3,30,524995.39959,True
2.1,30,525043.413023,True
0.0,30,525091.868324,False
2.8,30,525137.185465,True
2.6,30,525184.961207,True
2.8,30,525238.380135,True
0.0,30,525284.919535,False
2.8,30,525331.071972,True
2.2,30,525377.325114,True
2.5,30,525422.662505,True
3.0,30,525465.836012,True
2.3,30,525507.354338,True
2.9,30,525555.316486,True
0.0,30,525604.795465,False
0.0,30,525647.705198,False
0.0,30,525688.043692,False
0.0,30,525736.550714,False
0.0,30,525780.460693,False
0.0,30,525831.76869,False
0.0,30,525875.053309,False
0.0,30,525919.534687,False
2.7,30,525964.095933,True
0.0,30,526012.215823,False
0.0,30,526059.896087,False
1.9,30,526104.242464,True
0.0,30,526149.773837,False
2.6,30,526206.386585,True
0.0,30,526248.46165,False
2.0,30,526290.831573,True
2.3,30,526337.965357,True
2.2,30,526384.65082,True
0.0,30,526428.623039,False
0.0,30,526478.015569,False
2.1,30,526829.569089,True
2.7,30,526877.190683,True
0.0,30,526929.461267,False
2.7,30,526976.351914,True
1.4,30,527020.626274,True
1.3,30,527066.618593,True
0.0,30,527117.481377,False
1.6,30,527161.607446,True
0.0,30,527204.628348,False
0.0,30,527259.655285,False
2.9,30,527305.402617,True
0.0,30,527350.765831,False
2.2,30,527395.828447,True
2.4,30,527445.872513,True
0.0,30,527491.560884,False
2.9,30,527533.052158,True
0.0,30,527575.157704,False
3.0,30,527619.021299,True
2.5,30,527661.932359,True
3.0,30,527707.841202,True
0.0,30,527756.411062,False
0.0,30,527803.791966,False
2.3,30,527850.394482,True
2.7,30,527895.716495,True
1.8,30,527942.107134,True
0.0,30,527992.932269,False
2.5,30,528041.050728,True
2.6,30,528090.652876,True
0.0,30,528138.281846,False
2.6,30,528185.912661,True
3.0,30,528231.250204,True
0.0,30,528276.943178,False
1.9,30,528323.854771,True
0.0,30,528370.760015,False
1.9,30,528731.701132,True
2.5,30,528781.929936,True
2.3,30,528827.849945,True
0.0,30,528871.17288,False
0.0,30,528920.513543,False
0.5,30,528981.090453,True
2.1,30,529026.387146,True
2.4,30,529076.139782,True
0.0,30,529120.087325,False
0.0,30,529168.530128,False
0.0,30,529214.000255,False
0.0,30,529260.525866,False
2.4,30,529318.119815,True
0.0,30,529363.230623,False
2.6,30,529409.739587,True
0.0,30,529452.91605,False
0.0,30,529499.471654,False
2.8,30,529545.796907,True
0.0,30,529596.744777,False
2.1,30,529639.204129,True
0.0,30,529685.260506,False
2.6,30,529734.288413,True
0.0,30,529780.22978,False
0.0,30,529824.139238,False
2.6,30,529876.089627,True
3.0,30,529923.780204,True
2.6,30,529969.612129,True
1.4,30,530020.052413,False
0.0,30,530065.954931,False
2.2,30,530118.162821,True
2.5,30,530162.406849,True
2.4,30,530214.83036,True
1.9,30,530265.534633,True
2.7,30,530306.99088,True
0.0,30,530679.938242,False
0.0,30,530727.496029,False
1.7,30,530776.856571,True
2.0,30,530826.131992,True
0.0,30,530874.032534,False
0.0,30,530916.406142,False
2.5,30,530960.959726,True
0.0,30,531002.818114,False
2.8,30,531045.150572,True
0.0,30,531094.306321,False
0.0,30,531140.489801,False
1.6,30,531188.197053,True
1.2,30,531233.990912,True
0.0,30,531278.162474,False
3.0,30,531322.865578,True
1.5,30,531370.70311,True
0.0,30,531418.351555,False
0.0,30,531467.899613,False
0.0,30,531509.223846,False
0.1,30,531562.606402,True
0.0,30,531610.793788,False
2.6,30,531658.972319,True
0.0,30,531704.461349,False
3.0,30,531749.708623,True
2.5,30,531799.520318,True
0.0,30,531845.383368,False
2.6,30,531894.690963,True
2.7,30,531937.940827,True
2.5,30,531982.233179,True
0.3,30,532031.528901,True
0.0,30,532082.069582,False
2.5,30,532137.20976,True
0.0,30,532181.012044,False
2.4,30,532230.685291,True
0.0,30,532277.529994,False
1.3,30,532628.154635,True
2.0,30,532677.182993,True
2.6,30,532723.066591,True
2.8,30,532769.127439,True
2.8,30,532815.85664,True
0.0,30,532857.02597,False
2.8,30,532900.324138,True
2.5,30,532948.656695,True
0.0,30,532994.070678,False
2.7,30,533041.486508,True
0.0,30,533085.395691,False
3.0,30,533127.566441,True
0.0,30,533170.502611,False
0.0,30,533226.187242,False
2.0,30,533276.789321,True
0.0,30,533333.417831,False
0.0,30,533382.435253,False
2.5,30,533423.678244,True
0.0,30,533477.273346,False
0.0,30,533523.790154,False
2.3,30,533568.768974,True
0.0,30,533619.703437,False
2.5,30,533665.384937,True
2.7,30,533713.686314,True
0.0,30,533762.248057,False
0.0,30,533808.657875,False
0.0,30,533849.88386,False
2.9,30,533895.699517,True
0.0,30,533939.615748,False
0.0,30,533984.604078,False
2.5,30,534033.445676,True
2.6,30,534076.380305,True
0.5,30,534130.00117,True
2.2,30,534184.636802,True
2.7,30,534502.070988,True
0.0,30,534546.968173,False
0.0,30,534592.872633,False
0.0,30,534642.085342,False
0.0,30,534682.641281,False
2.2,30,534736.745029,True
0.0,30,534781.136035,False
2.7,30,534833.022039,True
0.0,30,534881.86542,False
1.4,30,534926.745626,False
2.5,30,534967.959058,True
0.0,30,535016.812827,False
2.5,30,535061.204761,True
0.0,30,535107.966124,False
0.0,30,535158.090251,False
1.8,30,535201.749851,True
3.0,30,535247.937669,True
0.0,30,535295.110141,False
2.3,30,535338.782969,True
0.0,30,535383.30772,False
0.0,30,535429.99657,False
0.0,30,535479.549701,False
0.0,30,535526.951544,False
2.7,30,535572.48301,True
2.8,30,535611.208004,True
2.0,30,535668.316445,True
0.6,30,535713.532684,True
0.0,30,535755.682264,False
2.8,30,535798.203371,True
0.7,30,535841.667238,False
2.4,30,535884.229341,True
2.7,30,535957.237282,True
0.0,30,536010.159428,False
1.7,30,536056.832725,True
0.0,30,536374.183855,False
0.0,30,536425.122399,False
0.0,30,536471.099673,False
2.2,30,536517.133413,True
0.0,30,536562.296477,False
0.0,30,536605.727185,False
0.0,30,536649.416189,False
3.0,30,536694.97767,True
2.1,30,536741.280018,True
0.0,30,536780.354189,False
2.0,30,536826.39102,True
2.6,30,536879.1509,True
0.0,30,536919.519745,False
3.0,30,536964.72667,True
1.4,30,537016.759662,True
2.0,30,537059.083945,True
2.4,30,537102.984643,True
3.0,30,537145.691573,True
2.8,30,537194.818994,True
2.4,30,537238.898213,True
1.3,30,537289.95564,True
1.4,30,537335.814124,True
1.7,30,537378.430539,True
2.8,30,537421.858495,True
2.8,30,537467.965463,True
0.0,30,537517.388088,False
2.5,30,537560.470342,True
0.6,30,537608.40933,True
0.0,30,537655.011905,False
0.0,30,537705.849226,False
2.6,30,537763.151564,True
0.0,30,537807.126238,False
0.0,30,537854.345526,False
2.7,30,537901.124511,True
2.8,30,538197.168381,True
1.0,30,538246.039489,True
0.0,30,538287.264517,False
0.0,30,538334.624588,False
2.6,30,538377.19403,True
2.6,30,538422.599062,True
0.0,30,538465.831601,False
1.0,30,538513.916656,True
0.0,30,538563.087831,False
0.0,30,538621.315252,False
0.0,30,538667.07209,False
0.0,30,538707.837999,False
0.0,30,538756.039404,False
1.4,30,538797.002995,False
2.7,30,538840.86666,True
0.0,30,538883.557965,False
2.1,30,538933.28311,True
2.4,30,538975.087968,True
0.0,30,539024.463658,False
2.7,30,539071.702257,True
0.0,30,539120.593865,False
2.2,30,539163.692814,True
0.1,30,539208.25987,True
2.3,30,539251.333369,True
2.8,30,539301.432378,True
2.9,30,539352.535975,True
2.3,30,539397.631596,True
2.1,30,539442.78844,True
0.0,30,539484.513001,False
0.0,30,539532.493789,False
2.4,30,539580.363748,True
0.0,30,539622.002789,False
0.0,30,539672.779814,False
0.0,30,539712.867443,False
2.6,30,540083.765917,True
2.7,30,540130.215719,True
1.9,30,540174.943576,True
2.5,30,540222.896808,True
2.3,30,540270.482438,True
2.3,30,540314.279272,True
2.4,30,540361.237556,True
0.4,30,540402.714507,False
0.0,30,540453.552486,False
0.0,30,540496.794316,False
2.2,30,540541.463708,True
3.0,30,540587.546596,True
0.0,30,540634.353265,False
0.1,30,540682.548097,True
2.3,30,540730.011912,True
0.0,30,540783.802118,False
1.4,30,540839.339107,False
0.0,30,540884.182785,False
0.0,30,540930.303215,False
0.0,30,540982.206266,False
0.0,30,541027.738419,False
0.0,30,541076.405383,False
2.2,30,541121.496055,True
2.1,30,541165.422287,True
0.0,30,541215.235632,False
1.6,30,541258.717181,True
1.1,30,541302.570547,True
0.0,30,541345.107409,False
2.7,30,541390.568908,True
0.0,30,541434.885882,False
0.0,30,541480.704917,False
2.6,30,541529.528089,True
0.0,30,541579.107072,False
0.0,30,541624.386668,False
2.5,30,541986.386522,True
0.0,30,542033.371792,False
0.0,30,542078.140343,False
0.6,30,542121.162849,True
2.6,30,542164.8425,True
2.4,30,542207.09947,False
0.0,30,542251.264828,False
0.0,30,542298.657481,False
0.0,30,542343.49629,False
2.6,30,542386.309487,True
2.2,30,542431.923337,True
0.0,30,542479.063078,False
1.9,30,542530.482268,True
1.4,30,542577.864985,True
0.0,30,542635.593984,False
2.8,30,542679.946697,True
0.0,30,542726.277289,False
0.0,30,542773.726691,False
0.0,30,542830.175169,False
2.8,30,542872.908051,True
2.4,30,542918.785039,True
1.2,30,542968.950456,True
0.0,30,543012.250813,False
2.6,30,543064.539478,True
0.0,30,543114.652155,False
0.0,30,543164.394077,False
3.0,30,543207.137524,True
2.1,30,543253.893715,True
0.0,30,543297.382759,False
2.1,30,543346.210876,True
0.0,30,543398.439381,False
2.5,30,543445.457312,True
2.5,30,543492.02123,True
2.7,30,543541.43775,True
0.0,30,543878.565156,False
0.0,30,543925.840169,False
2.5,30,543973.637331,True
1.8,30,544013.604403,True
0.0,30,544062.282871,False
2.8,30,544103.481969,True
0.0,30,544148.70551,False
0.0,30,544197.677974,False
0.0,30,544244.201419,False
2.6,30,544293.944103,True
2.6,30,544337.312155,True
0.0,30,544383.990353,False
2.4,30,544428.788102,True
1.3,30,544483.069008,True
0.0,30,544550.513365,False
0.0,30,544595.224118,False
1.0,30,544639.586864,False
2.5,30,544683.466328,True
0.0,30,544730.473359,False
0.0,30,544776.507681,False
0.0,30,544820.809874,False
1.3,30,544870.10952,True
2.7,30,544913.791686,True
2.1,30,544955.275449,True
0.0,30,545000.266077,False
2.2,30,545048.12107,True
2.6,30,545092.770643,True
0.0,30,545143.022451,False
0.0,30,545186.107097,False
0.0,30,545237.513966,False
0.0,30,545283.518847,False
0.0,30,545330.381158,False
2.2,30,545374.982351,True
2.7,30,545420.137212,True
0.0,30,545467.036408,False
2.3,30,545814.638006,True
0.0,30,545861.828987,False
2.6,30,545910.011463,True
0.0,30,545960.582099,False
2.7,30,546006.731526,True
1.9,30,546048.949264,True
0.0,30,546100.121645,False
2.9,30,546142.882769,True
2.9,30,546190.288545,True
0.0,30,546239.044988,False
2.5,30,546281.816876,True
0.0,30,546322.698375,False
0.9,30,546370.900871,True
2.7,30,546411.458719,True
2.6,30,546457.285901,True
2.6,30,546503.955733,True
2.4,30,546549.522626,True
0.0,30,546595.73695,False
0.0,30,546639.840436,False
0.0,30,546695.472279,False
2.0,30,546740.367719,True
0.0,30,546785.446064,False
2.7,30,546830.102587,True
2.2,30,546876.764675,True
0.0,30,546922.420617,False
0.0,30,546970.288711,False
2.9,30,547020.516222,True
2.3,30,547067.29036,True
0.0,30,547118.394259,False
0.0,30,547166.689588,False
1.0,30,547209.72579,True
2.7,30,547255.238217,True
2.5,30,547299.126033,True
2.2,30,547343.223566,True
2.8,30,547723.096627,True
0.0,30,547771.205284,False
2.8,30,547812.227254,True
2.7,30,547861.129084,True
0.0,30,547904.513211,False
0.0,30,547955.176434,False
0.0,30,547999.011822,False
1.8,30,548085.905985,True
2.7,30,548135.765917,True
0.0,30,548184.994296,False
2.4,30,548236.361163,True
2.8,30,548275.555059,True
2.2,30,548325.74594,True
2.2,30,548372.525544,True
2.1,30,548416.855378,False
2.6,30,548458.413648,True
0.0,30,548511.324724,False
0.0,30,548557.059428,False
2.5,30,548601.787236,True
2.5,30,548648.732858,True
0.0,30,548691.625463,False
0.0,30,548735.676561,False
0.0,30,548791.270967,False
0.0,30,548834.259227,False
0.0,30,548884.49892,False
2.8,30,548935.624833,True
2.5,30,548982.184322,True
0.0,30,549031.693408,False
0.0,30,549079.637311,False
0.0,30,549124.099051,False
2.1,30,549180.383663,True
2.4,30,549225.73611,True
0.0,30,549268.998804,False
0.0,30,549308.03616,False
0.9,30,549654.879291,True
2.8,30,549694.755866,True
3.0,30,549738.303367,True
1.8,30,549784.273458,True
0.0,30,549828.032655,False
0.0,30,549870.034692,False
2.6,30,549915.292566,True
2.9,30,549960.608206,True
2.4,30,550002.978023,True
2.2,30,550047.984753,True
0.3,30,550094.663101,True
0.0,30,550139.051277,False
1.5,30,550180.790057,True
0.0,30,550230.664931,False
0.0,30,550275.889625,False
3.0,30,550316.925972,True
0.0,30,550358.386303,False
0.0,30,550402.414702,False
1.7,30,550453.386142,True
0.0,30,550497.46302,False
0.0,30,550547.23163,False
0.0,30,550595.562348,False
2.9,30,550640.731693,True
2.4,30,550686.132083,True
2.9,30,550732.679219,True
2.3,30,550783.284864,True
0.0,30,550830.862882,False
2.6,30,550877.48313,True
0.0,30,550926.741815,False
0.0,30,550973.839479,False
0.0,30,551022.696699,False
0.0,30,551064.319544,False
2.7,30,551109.947917,True
0.6,30,551153.820851,True
2.5,30,551529.446234,True
2.8,30,551574.696061,True
0.0,30,551625.924122,False
0.0,30,551675.153777,False
2.8,30,551725.169316,True
0.0,30,551770.008554,False
0.0,30,551814.489807,False
0.0,30,551866.951012,False
2.1,30,551910.670518,True
0.0,30,551956.969574,False
0.0,30,552003.76526,False
2.6,30,552051.940277,True
2.4,30,552099.31931,True
2.6,30,552142.01298,True
0.0,30,552187.350651,False
2.6,30,552230.94772,True
2.7,30,552273.109418,True
2.7,30,552317.065444,True
2.8,30,552368.80808,True
0.0,30,552416.965509,False
0.0,30,552462.267656,False
0.0,30,552509.124509,False
2.6,30,552552.951064,True
0.0,30,552597.446462,False
0.0,30,552642.776627,False
2.3,30,552685.84377,True
0.0,30,552732.810373,False
0.0,30,552781.024406,False
2.9,30,552827.087651,True
0.0,30,552875.367661,False
2.3,30,552925.61477,True
1.4,30,552975.604608,True
2.2,30,553020.277907,True
2.6,30,553063.923224,True
0.0,30,553395.692875,False
2.7,30,553453.080946,True
2.6,30,553496.315859,True
3.0,30,553539.272545,True
2.4,30,553586.011365,True
2.7,30,553632.011662,True
2.8,30,553675.862216,True
0.0,30,553722.456204,False
0.8,30,553768.606268,False
0.0,30,553810.960976,False
0.9,30,553858.309325,False
2.6,30,553901.027204,True
2.7,30,553951.999459,True
2.5,30,553994.630108,True
2.8,30,554042.218058,True
0.0,30,554085.268931,False
2.8,30,554133.573722,True
0.0,30,554176.586,False
2.9,30,554222.241519,True
0.0,30,554289.516917,False
0.0,30,554332.184791,False
2.6,30,554375.751992,True
0.0,30,554421.31371,False
2.1,30,554466.561135,True
0.0,30,554512.894315,False
2.6,30,554558.465894,True
0.0,30,554608.893682,False
2.4,30,554659.658172,True
2.6,30,554705.203562,True
2.7,30,554752.579447,True
0.0,30,554797.658985,False
0.0,30,554841.233292,False
0.0,30,554884.379491,False
0.0,30,554933.347472,False
0.0,30,555304.907724,False
2.8,30,555346.924043,True
0.0,30,555399.813494,False
2.6,30,555446.04829,True
0.0,30,555502.17715,False
2.5,30,555546.570551,True
2.2,30,555590.667629,True
0.0,30,555640.900178,False
2.6,30,555685.040044,True
0.0,30,555732.15288,False
2.6,30,555781.213649,True
0.0,30,555831.46471,False
0.2,30,555876.90374,False
0.0,30,555922.077566,False
2.9,30,555969.447224,True
0.0,30,556017.816733,False
2.9,30,556063.663102,True
0.0,30,556111.99746,False
0.0,30,556153.54659,False
0.0,30,556198.037952,False
1.0,30,556248.862935,True
0.0,30,556298.323124,False
0.0,30,556340.702173,False
2.7,30,556388.089127,True
0.0,30,556443.053325,False
2.0,30,556486.954106,True
2.6,30,556531.157746,True
0.0,30,556580.656469,False
0.0,30,556624.685101,False
0.0,30,556674.805353,False
1.9,30,556718.790256,True
0.0,30,556761.165892,False
0.0,30,556811.682292,False
2.7,30,556861.576711,True
0.0,30,557210.491218,False
0.0,30,557259.942903,False
2.5,30,557309.920605,True
0.0,30,557364.639572,False
2.6,30,557410.381579,True
2.6,30,557458.626129,True
1.0,30,557509.510585,True
0.0,30,557552.882114,False
0.0,30,557603.332696,False
0.0,30,557649.456816,False
2.2,30,557693.35607,True
0.0,30,557741.430565,False
0.0,30,557785.793842,False
0.0,30,557831.852165,False
2.3,30,557878.083141,True
0.0,30,557925.777931,False
2.8,30,557974.755374,True
0.0,30,558019.275421,False
2.8,30,558069.931643,True
0.0,30,558116.323444,False
2.4,30,558166.53805,True
0.0,30,558218.847916,False
0.0,30,558265.293653,False
2.4,30,558312.528443,True
2.8,30,558357.931217,True
0.0,30,558404.400714,False
0.0,30,558447.33278,False
0.0,30,558496.711321,False
0.0,30,558542.137078,False
0.0,30,558590.866626,False
0.0,30,558633.369907,False
0.0,30,558680.031461,False
1.8,30,558722.895532,True
0.0,30,558770.210974,False
2.3,30,559105.211814,True
2.7,30,559154.823025,True
2.2,30,559200.061223,True
2.7,30,559245.03675,True
2.4,30,559299.169952,True
0.0,30,559342.6209,False
0.7,30,559385.87136,True
0.0,30,559430.596183,False
2.8,30,559475.124455,True
2.6,30,559524.852469,True
2.4,30,559570.515844,True
0.0,30,559617.077985,False
2.5,30,559661.296805,True
0.0,30,559711.313099,False
0.0,30,559757.497993,False
0.0,30,559802.618604,False
0.0,30,559849.439841,False
2.4,30,559898.565674,True
2.5,30,559942.252139,True
2.2,30,559986.854962,True
0.0,30,560032.634803,False
3.0,30,560099.965331,True
2.8,30,560144.391608,True
0.0,30,560189.933959,False
0.0,30,560234.229538,False
2.4,30,560280.922377,True
1.8,30,560330.030859,True
1.6,30,560378.078481,False
0.0,30,560426.281242,False
0.4,30,560475.179871,True
2.6,30,560536.590713,True
2.6,30,560582.156929,True
2.8,30,560635.007961,True
0.0,30,560677.821322,False
1.9,30,560726.419632,True
0.0,30,561077.27269,False
2.8,30,561121.115713,True
0.0,30,561167.634629,False
2.5,30,561214.099527,True
2.9,30,561261.403414,True
2.6,30,561308.025555,True
0.2,30,561356.979811,True
0.0,30,561402.611124,False
1.4,30,561447.574074,True
0.2,30,561493.473033,False
2.4,30,561536.263602,True
2.2,30,561589.845484,True
1.6,30,561636.854899,True
0.0,30,561678.451232,False
2.2,30,561726.325372,True
0.7,30,561773.410136,False
1.6,30,561827.304034,True
0.0,30,561873.560457,False
0.0,30,561919.867645,False
1.4,30,561962.248103,True
0.0,30,562009.472227,False
1.1,30,562056.699464,True
0.0,30,562105.744009,False
0.0,30,562152.670877,False
0.0,30,562196.110039,False
0.0,30,562241.043019,False
1.9,30,562285.936589,True
0.0,30,562351.2343,False
2.5,30,562397.882691,True
0.0,30,562440.085856,False
0.0,30,562489.584857,False
1.8,30,562536.496699,True
0.0,30,562582.491922,False
2.7,30,562628.778344,True
0.0,30,562967.305208,False
0.0,30,563014.878896,False
1.6,30,563063.205007,True
2.7,30,563109.873624,True
0.0,30,563161.623302,False
0.0,30,563208.920833,False
0.0,30,563250.770727,False
2.6,30,563300.677253,True
2.5,30,563347.812827,True
0.0,30,563394.153523,False
2.8,30,563438.34961,True
0.0,30,563483.262854,False
0.0,30,563527.551157,False
2.6,30,563574.254695,True
2.2,30,563623.621505,True
2.6,30,563665.649797,True
0.0,30,563710.883041,False
2.1,30,563755.099846,True
0.0,30,563798.894075,False
0.0,30,563841.315373,False
0.5,30,563888.325047,False
0.0,30,563932.14241,False
2.8,30,563980.216934,True
3.0,30,564028.668826,True
2.9,30,564075.37655,True
2.8,30,564124.608341,True
2.5,30,564168.224509,True
2.8,30,564222.379672,True
2.6,30,564266.337985,True
0.0,30,564314.024427,False
0.0,30,564359.991498,False
2.5,30,564408.505896,True
2.6,30,564459.163846,True
1.7,30,564510.416708,True
0.0,30,564851.895767,False
0.0,30,564893.249652,False
0.0,30,564936.333524,False
0.0,30,564978.267661,False
2.9,30,565026.468199,True
2.3,30,565080.154819,True
2.7,30,565127.226957,True
2.9,30,565173.018099,False
2.5,30,565219.806032,True
2.3,30,565264.541146,True
0.0,30,565311.277203,False
0.0,30,565353.940053,False
0.0,30,565397.468178,False
2.5,30,565441.619513,True
3.0,30,565489.125262,True
0.0,30,565539.365271,False
0.0,30,565584.506109,False
2.2,30,565632.05752,True
2.6,30,565684.936805,True
0.0,30,565731.741395,False
0.0,30,565779.071986,False
0.0,30,565826.050441,False
0.0,30,565867.848764,False
0.0,30,565918.046168,False
1.6,30,565969.358432,True
1.9,30,566013.026293,True
0.0,30,566073.586392,False
0.0,30,566121.432036,False
0.7,30,566166.987291,True
1.9,30,566219.90761,True
2.1,30,566265.728857,True
0.0,30,566307.832208,False
2.8,30,566354.317704,True
0.0,30,566402.458907,False
0.6,30,566772.230532,True
2.9,30,566817.259093,True
0.0,30,566861.970985,False
2.8,30,566905.760994,True
0.0,30,566946.4225,False
2.4,30,566994.045421,True
3.0,30,567040.854798,True
2.8,30,567087.602221,True
2.2,30,567135.89206,True
2.5,30,567181.782457,True
2.5,30,567231.569255,True
2.4,30,567273.91604,True
0.0,30,567323.463556,False
2.8,30,567370.820625,True
3.0,30,567418.277575,True
2.9,30,567468.14304,True
2.1,30,567506.260758,True
0.0,30,567554.58903,False
0.0,30,567607.287224,False
2.5,30,567646.666129,True
0.0,30,567695.647409,False
0.0,30,567746.796007,False
0.0,30,567793.100833,False
2.3,30,567837.817291,True
0.0,30,567879.176676,False
2.6,30,567920.909619,True
0.9,30,567978.780435,True
0.0,30,568022.914611,False
0.0,30,568067.968827,False
2.8,30,568107.432466,True
0.0,30,568156.914436,False
2.5,30,568203.326732,True
0.0,30,568246.777343,False
2.3,30,568290.982508,True
2.8,30,568645.202979,True
2.4,30,568694.549659,True
2.7,30,568740.590677,True
2.7,30,568787.510844,True
2.6,30,568836.760994,True
0.0,30,568886.507914,False
0.0,30,568930.867814,False
1.1,30,568980.736785,True
0.0,30,569025.366878,False
0.0,30,569069.042092,False
0.0,30,569114.363879,False
0.0,30,569160.140728,False
2.7,30,569211.358487,True
0.0,30,569259.821085,False
0.0,30,569309.189809,False
0.0,30,569351.651084,False
2.5,30,569396.26646,True
2.8,30,569441.466911,True
0.0,30,569493.590381,False
2.5,30,569542.24678,True
0.0,30,569589.856975,False
2.4,30,569634.566144,True
0.0,30,569683.319591,False
1.4,30,569729.362005,True
0.0,30,569798.220072,False
2.6,30,569843.938258,True
0.0,30,569886.234463,False
2.4,30,569931.354038,True
2.4,30,569975.223136,True
0.0,30,570027.523614,False
1.1,30,570104.029532,True
0.0,30,570147.864839,False
1.4,30,570203.960644,True
2.5,30,570249.986827,True
0.0,30,570597.431774,False
2.9,30,570639.242364,True
2.4,30,570689.901679,True
0.3,30,570742.889267,True
0.0,30,570788.860437,False
0.0,30,570837.319712,False
2.4,30,570884.977128,True
0.0,30,570926.493761,False
0.6,30,570975.017763,True
2.6,30,571017.91801,True
0.0,30,571063.210506,False
2.3,30,571109.418131,True
0.0,30,571159.599374,False
0.0,30,571203.167749,False
0.0,30,571248.942153,False
0.0,30,571293.338669,False
2.6,30,571344.804189,True
2.6,30,571400.655228,True
2.7,30,571442.3974,True
2.7,30,571494.333567,True
2.8,30,571546.605367,True
2.1,30,571593.414948,True
0.0,30,571640.405586,False
1.7,30,571693.902533,True
2.0,30,571740.825428,True
0.0,30,571786.500677,False
1.7,30,571832.487493,True
3.0,30,571875.613768,True
3.0,30,571922.885606,True
2.8,30,571974.08216,True
0.0,30,572016.585244,False
2.7,30,572060.387257,True
2.0,30,572108.245407,True
2.7,30,572157.922677,True
0.0,30,572529.914426,False
0.0,30,572577.433988,False
2.6,30,572625.239786,True
2.6,30,572671.823211,True
0.0,30,572722.556662,False
0.0,30,572772.983903,False
3.0,30,572814.424658,True
0.0,30,572858.528554,False
0.0,30,572906.168377,False
0.0,30,572956.128594,False
0.0,30,573003.792894,False
2.4,30,573052.874264,True
2.9,30,573100.925711,True
0.1,30,573152.116166,True
2.7,30,573197.655329,True
1.4,30,573246.427228,True
2.7,30,573299.87045,True
0.0,30,573343.791218,False
2.4,30,573394.431664,True
0.0,30,573446.215577,False
0.0,30,573490.810831,False
3.0,30,573540.600073,True
0.5,30,573591.991763,True
2.2,30,573640.614971,True
0.0,30,573687.768799,False
2.3,30,573732.85252,True
0.0,30,573780.616264,False
2.7,30,573827.290829,True
2.0,30,573879.472697,True
0.2,30,573928.654933,True
0.0,30,573973.065458,False
0.0,30,574018.711,False
2.9,30,574062.017474,True
3.0,30,574114.575914,True
0.0,30,574156.357909,False
2.7,30,574517.433474,True
0.0,30,574560.918282,False
2.8,30,574605.058364,True
2.5,30,574653.616889,True
0.0,30,574702.241842,False
1.9,30,574748.570129,True
0.0,30,574797.68575,False
2.5,30,574844.319018,True
1.5,30,574890.339319,True
0.0,30,574936.410202,False
0.0,30,574986.022135,False
0.0,30,575034.763833,False
0.0,30,575083.472891,False
2.7,30,575130.823994,True
0.0,30,575178.082011,False
0.0,30,575227.474502,False
2.8,30,575272.314592,True
0.6,30,575320.38682,True
1.4,30,575363.952337,False
0.0,30,575410.056566,False
2.7,30,575463.638006,True
2.2,30,575508.241536,True
0.0,30,575577.991015,False
2.2,30,575622.187889,True
2.8,30,575673.568788,True
0.0,30,575715.869066,False
0.0,30,575760.627481,False
2.4,30,575807.163,True
0.0,30,575852.754925,False
0.0,30,575898.075576,False
0.0,30,575946.051825,False
2.1,30,575989.601244,True
0.0,30,576035.265955,False
2.1,30,576080.563194,True
2.8,30,576414.86874,True
0.0,30,576458.288867,False
2.8,30,576506.659527,True
2.8,30,576564.864668,True
2.5,30,576608.216155,True
2.8,30,576660.165865,True
0.0,30,576704.989415,False
0.0,30,576757.795611,False
2.1,30,576802.094351,True
1.6,30,576852.572317,True
2.8,30,576903.91751,True
2.7,30,576952.352376,True
0.0,30,577009.106742,False
0.0,30,577057.323366,False
2.5,30,577102.376708,True
2.3,30,577150.866056,True
3.0,30,577197.83518,True
0.0,30,577247.008571,False
0.0,30,577292.445717,False
2.6,30,577338.903245,True
2.0,30,577380.022928,True
0.0,30,577423.363198,False
1.6,30,577473.58392,True
0.0,30,577524.591867,False
2.8,30,577573.419329,True
1.0,30,577622.534151,True
2.1,30,577666.235323,True
2.0,30,577711.14005,True
0.8,30,577759.36545,True
0.0,30,577810.282302,False
0.0,30,577856.833785,False
0.0,30,577903.795637,False
0.0,30,577948.869668,False
0.0,30,577997.162089,False
2.5,30,578376.001129,True
0.0,30,578422.997968,False
1.9,30,578471.116916,True
2.3,30,578525.072716,True
0.0,30,578571.705757,False
0.0,30,578619.016998,False
1.6,30,578667.590827,True
0.0,30,578716.595602,False
0.0,30,578765.605907,False
2.7,30,578808.952737,True
0.0,30,578853.587076,False
1.9,30,578903.158918,True
2.6,30,578945.593209,True
0.0,30,578998.480826,False
0.0,30,579051.898893,False
2.3,30,579097.870667,True
0.0,30,579146.040932,False
0.0,30,579193.662484,False
0.0,30,579240.657409,False
2.8,30,579293.128412,True
0.0,30,579337.096706,False
2.2,30,579392.589944,True
2.7,30,579434.098592,True
0.0,30,579477.4909,False
2.3,30,579523.798732,True
0.0,30,579572.524995,False
1.5,30,579617.522627,True
0.0,30,579665.097796,False
0.0,30,579713.187916,False
0.0,30,579767.93332,False
1.9,30,579817.438666,True
2.9,30,579861.705089,True
2.8,30,579909.706468,True
2.7,30,579958.477711,True
1.8,30,580296.245849,True
0.0,30,580351.633216,False
0.0,30,580396.839176,False
0.0,30,580442.710972,False
0.0,30,580487.26302,False
0.0,30,580545.830444,False
0.0,30,580596.062789,False
2.8,30,580667.52815,True
2.7,30,580717.924,True
0.0,30,580765.47388,False
0.0,30,580812.234771,False
2.7,30,580861.344795,True
2.2,30,580924.062297,True
0.0,30,580972.467441,False
2.2,30,581022.554334,True
2.8,30,581074.320965,True
2.8,30,581125.697215,True
2.1,30,581177.015482,True
1.3,30,581225.737538,True
2.5,30,581275.819644,True
2.2,30,581324.250405,True
1.5,30,581369.556226,False
2.6,30,581420.509309,True
0.0,30,581470.085872,False
0.0,30,581521.428168,False
0.0,30,581567.063181,False
2.0,30,581614.89576,True
3.0,30,581658.05365,True
2.1,30,581709.232728,True
0.0,30,581755.295664,False
0.0,30,581805.350668,False
0.0,30,581858.705607,False
0.0,30,581905.237148,False
0.0,30,581982.704432,False
2.7,30,582344.679107,True
0.0,30,582389.285527,False
0.3,30,582432.446617,False
2.2,30,582485.623071,True
2.4,30,582529.565829,True
2.6,30,582578.994363,True
0.0,30,582626.898115,False
0.0,30,582681.968349,False
2.5,30,582731.448614,True
0.0,30,582785.014317,False
0.0,30,582827.087645,False
0.0,30,582873.547079,False
2.4,30,582927.3529,True
0.0,30,582973.238051,False
0.0,30,583019.381418,False
0.0,30,583068.247487,False
0.0,30,583120.292994,False
2.2,30,583165.556431,True
2.6,30,583213.241696,True
0.0,30,583253.88458,False
0.0,30,583299.3144,False
2.8,30,583350.113052,True
0.0,30,583400.474501,False
0.0,30,583445.240886,False
0.0,30,583486.733238,False
1.9,30,583532.096533,True
0.0,30,583586.201284,False
0.0,30,583636.954077,False
0.0,30,583681.529732,False
0.0,30,583735.353724,False
0.0,30,583783.966906,False
3.0,30,583828.277028,True
0.0,30,583885.138109,False
0.0,30,583931.322964,False
