#{"t_start": 1770256124.1543295, "env_id": "FetchBridgeBullet7Blocks-v1"}
r,l,t,is_success
0.1,30,90.501908,True
0.0,30,152.078065,False
0.0,30,207.566458,False
0.0,30,268.647664,False
0.0,30,320.599524,False
3.0,30,381.721726,True
3.0,30,450.361088,True
0.0,30,495.719604,False
0.0,30,558.901493,False
0.0,30,625.0182,False
0.0,30,683.777426,False
1.6,30,747.484988,True
0.0,30,803.113788,False
1.7,30,858.662236,True
0.0,30,918.13124,False
3.0,30,982.540677,True
1.0,30,1043.024004,True
0.0,30,1104.268779,False
0.0,30,1173.327267,False
2.8,30,1251.861352,True
0.0,30,1321.569065,False
2.1,30,1375.366858,False
0.0,30,1434.4202,False
3.0,30,1495.485182,True
2.6,30,1562.395234,True
0.0,30,1627.19448,False
0.0,30,1690.853557,False
0.0,30,1754.640332,False
0.0,30,1817.224036,False
0.0,30,1886.666037,False
2.9,30,1957.75644,True
2.3,30,2025.710073,True
0.0,30,2092.100919,False
2.9,30,2146.31547,True
0.0,30,2555.531785,False
0.0,30,2612.99776,False
2.9,30,2677.071575,True
0.0,30,2739.887339,False
0.0,30,2797.588044,False
0.0,30,2861.861563,False
2.6,30,2921.486058,True
0.0,30,2984.519318,False
3.0,30,3053.188182,True
0.0,30,3120.51569,False
0.0,30,3183.841688,False
2.1,30,3245.630803,True
0.0,30,3312.251335,False
0.0,30,3369.120489,False
0.0,30,3436.937438,False
0.0,30,3496.583916,False
1.1,30,3561.594157,True
0.0,30,3624.359945,False
2.9,30,3682.030646,True
0.0,30,3738.721068,False
2.9,30,3801.932009,True
2.3,30,3859.347259,True
0.0,30,3922.706439,False
0.0,30,3983.00419,False
0.0,30,4034.502139,False
2.7,30,4086.484871,True
2.8,30,4150.279222,True
0.0,30,4208.486068,False
0.6,30,4272.643035,True
2.8,30,4334.573055,True
0.0,30,4403.608806,False
2.8,30,4459.792384,True
0.0,30,4517.055836,False
0.0,30,4576.509235,False
0.0,30,5055.939326,False
2.8,30,5117.27212,True
0.0,30,5165.816982,False
2.9,30,5218.227242,True
2.9,30,5286.203915,True
2.9,30,5349.479167,True
0.0,30,5410.474547,False
0.0,30,5471.54676,False
1.4,30,5525.551128,True
0.0,30,5576.285943,False
0.0,30,5634.448105,False
3.0,30,5702.293965,True
0.0,30,5756.160253,False
0.0,30,5816.993076,False
0.0,30,5871.905938,False
0.0,30,5928.856157,False
3.0,30,5984.10074,True
1.6,30,6045.128355,True
0.0,30,6097.910882,False
0.0,30,6154.676061,False
0.0,30,6220.688812,False
0.0,30,6281.767461,False
3.0,30,6346.599115,True
0.0,30,6401.765593,False
0.0,30,6457.349621,False
0.0,30,6521.279468,False
0.0,30,6583.636731,False
2.4,30,6639.851499,True
0.0,30,6693.378449,False
0.0,30,6754.922097,False
3.0,30,6829.550883,True
0.0,30,6882.128171,False
0.0,30,6937.741542,False
2.8,30,7002.736247,True
0.0,30,7422.846854,False
0.0,30,7479.334511,False
2.1,30,7540.705397,True
0.4,30,7599.775416,False
0.0,30,7647.779997,False
0.0,30,7692.578124,False
0.0,30,7748.896129,False
2.7,30,7810.660916,True
0.0,30,7858.22665,False
3.0,30,7927.038505,True
0.0,30,7984.409944,False
2.8,30,8045.104725,True
0.9,30,8104.81494,True
0.0,30,8158.226234,False
0.0,30,8219.839251,False
0.0,30,8268.950552,False
0.0,30,8333.307148,False
0.0,30,8387.73195,False
0.0,30,8448.232012,False
0.0,30,8512.022228,False
0.0,30,8568.364582,False
0.0,30,8628.296633,False
0.0,30,8687.093169,False
0.0,30,8740.849813,False
0.0,30,8801.079032,False
0.0,30,8857.97967,False
0.0,30,8919.5277,False
0.0,30,8974.143943,False
2.6,30,9044.386502,True
0.0,30,9097.679134,False
0.0,30,9168.748515,False
0.0,30,9235.038391,False
2.3,30,9280.739667,True
0.0,30,9337.685384,False
0.0,30,9718.137717,False
0.0,30,9779.197637,False
3.0,30,9841.844745,True
0.0,30,9901.679812,False
0.0,30,9963.951016,False
0.0,30,10022.040761,False
0.0,30,10094.074873,False
0.0,30,10149.728879,False
0.9,30,10200.719014,True
3.0,30,10260.012675,True
2.6,30,10321.080914,True
1.7,30,10389.685755,True
2.7,30,10447.706578,True
0.0,30,10517.888961,False
0.8,30,10587.157526,True
0.0,30,10650.956796,False
0.0,30,10717.390846,False
0.0,30,10769.212727,False
0.0,30,10832.179743,False
0.0,30,10891.636157,False
0.0,30,10950.390888,False
3.0,30,11010.867367,True
0.0,30,11073.026845,False
0.0,30,11135.192173,False
0.0,30,11195.263041,False
0.0,30,11256.228452,False
0.0,30,11307.995534,False
0.0,30,11361.565171,False
0.1,30,11419.104912,True
2.7,30,11476.159434,True
0.0,30,11538.813982,False
0.0,30,11601.09907,False
0.0,30,11656.072625,False
0.0,30,11708.045959,False
0.0,30,12123.321398,False
0.0,30,12186.122635,False
0.0,30,12251.551314,False
0.0,30,12300.055638,False
0.0,30,12359.926454,False
2.8,30,12414.23508,True
0.0,30,12486.829772,False
0.0,30,12547.638908,False
0.0,30,12604.23611,False
0.0,30,12665.843807,False
0.0,30,12720.915917,False
0.0,30,12772.197542,False
0.0,30,12830.866781,False
0.0,30,12884.435555,False
2.8,30,12944.683372,True
0.0,30,13005.713529,False
0.2,30,13069.179927,True
0.0,30,13124.705478,False
0.0,30,13175.526439,False
1.6,30,13230.640879,True
0.0,30,13283.106704,False
0.0,30,13347.18135,False
0.0,30,13408.140383,False
0.0,30,13460.477958,False
0.0,30,13524.751627,False
0.0,30,13581.141769,False
0.0,30,13640.69864,False
0.0,30,13695.023712,False
2.4,30,13758.814339,True
0.0,30,13824.717565,False
2.3,30,13883.260406,True
0.0,30,13944.376011,False
0.0,30,14005.408043,False
0.0,30,14058.910505,False
0.0,30,14471.035747,False
2.5,30,14527.708556,True
2.3,30,14591.439296,True
0.0,30,14658.164143,False
0.0,30,14705.735959,False
0.0,30,14757.006065,False
2.7,30,14806.779903,True
0.0,30,14860.13767,False
0.9,30,14918.297451,True
3.0,30,14975.96614,True
0.0,30,15033.880725,False
0.8,30,15070.449242,True
2.7,30,15126.43636,True
2.5,30,15177.515528,True
2.5,30,15232.800186,True
0.0,30,15291.206386,False
2.9,30,15342.884087,True
0.0,30,15396.635604,False
2.7,30,15454.569404,True
0.0,30,15499.2348,False
0.0,30,15551.547479,False
2.9,30,15607.105383,True
3.0,30,15670.575296,True
1.2,30,15730.071333,True
0.0,30,15793.273929,False
1.6,30,15848.84857,True
2.8,30,15905.338187,True
2.7,30,15964.060451,True
0.0,30,16023.710587,False
0.0,30,16072.606606,False
0.0,30,16134.869973,False
0.0,30,16188.678887,False
0.0,30,16251.162706,False
0.0,30,16311.316756,False
2.9,30,16734.72011,True
2.6,30,16788.897741,True
0.0,30,16850.126063,False
0.0,30,16911.651672,False
0.0,30,16965.267151,False
0.0,30,17017.925685,False
2.7,30,17074.865959,True
1.8,30,17133.850095,True
1.4,30,17194.330509,True
0.0,30,17256.586202,False
0.0,30,17318.739948,False
0.0,30,17365.367825,False
0.0,30,17417.935758,False
0.0,30,17469.827992,False
0.0,30,17528.026927,False
2.3,30,17581.078279,True
0.0,30,17653.7972,False
0.0,30,17715.123965,False
1.8,30,17775.952555,True
0.0,30,17834.741676,False
0.0,30,17884.607663,False
0.0,30,17937.186002,False
2.8,30,17997.11735,True
2.8,30,18056.574418,True
0.0,30,18121.548841,False
0.0,30,18185.694443,False
0.0,30,18235.501081,False
0.0,30,18293.380463,False
0.4,30,18351.922326,True
0.0,30,18410.96486,False
0.0,30,18471.042532,False
0.0,30,18534.180132,False
0.0,30,18586.6471,False
0.3,30,18637.741203,False
3.0,30,18705.831939,True
0.0,30,19079.944519,False
0.0,30,19133.317206,False
0.0,30,19193.808204,False
0.0,30,19244.997111,False
0.0,30,19304.241481,False
0.0,30,19360.014301,False
0.0,30,19411.68592,False
0.0,30,19465.909242,False
0.0,30,19524.524101,False
0.0,30,19572.815827,False
2.8,30,19632.719605,True
0.0,30,19698.741478,False
0.2,30,19754.315852,True
0.0,30,19803.439708,False
0.0,30,19872.103665,False
0.0,30,19930.942364,False
3.0,30,19989.75014,True
2.3,30,20040.692458,True
0.0,30,20092.426793,False
0.0,30,20154.752968,False
0.0,30,20208.551377,False
0.0,30,20271.355921,False
2.5,30,20322.613091,True
0.0,30,20380.728283,False
1.5,30,20434.198212,True
1.2,30,20497.250338,True
0.0,30,20551.640284,False
3.0,30,20608.481366,True
2.7,30,20662.438317,True
0.0,30,20717.043172,False
0.0,30,20770.289909,False
0.0,30,20818.272845,False
0.0,30,20874.47399,False
0.0,30,20933.173477,False
2.7,30,21293.406236,True
0.0,30,21349.834126,False
0.0,30,21410.426705,False
0.0,30,21468.045184,False
0.0,30,21527.547636,False
0.0,30,21583.609931,False
2.1,30,21641.550391,True
0.0,30,21702.663688,False
0.0,30,21765.04325,False
2.7,30,21818.94051,True
0.0,30,21876.101154,False
0.0,30,21933.180881,False
0.0,30,21985.494819,False
0.0,30,22043.454479,False
2.7,30,22097.221354,True
0.0,30,22158.379313,False
0.0,30,22212.276764,False
0.0,30,22271.448261,False
2.7,30,22321.753231,True
0.0,30,22387.609471,False
0.0,30,22443.324044,False
0.0,30,22502.466499,False
2.7,30,22558.203125,True
2.1,30,22603.422248,True
0.5,30,22661.930353,True
2.2,30,22724.344736,True
0.0,30,22785.455307,False
0.0,30,22847.977695,False
0.0,30,22904.895838,False
0.0,30,22960.699309,False
1.1,30,23015.801802,True
0.0,30,23075.681947,False
0.0,30,23130.790575,False
0.0,30,23180.889995,False
2.8,30,23594.897783,True
0.0,30,23656.243213,False
2.3,30,23711.660769,True
0.0,30,23771.76182,False
0.0,30,23823.660586,False
2.7,30,23876.273017,True
2.9,30,23936.504106,True
0.0,30,23990.990744,False
2.5,30,24050.898353,True
2.7,30,24102.561625,True
2.4,30,24160.768199,True
2.3,30,24213.684633,True
0.0,30,24265.864103,False
2.4,30,24321.124913,True
2.1,30,24379.084806,True
2.6,30,24429.271306,True
2.7,30,24485.427103,True
0.0,30,24542.449128,False
0.0,30,24598.496228,False
2.4,30,24653.517061,True
1.9,30,24711.448476,False
0.0,30,24779.684578,False
3.0,30,24834.5498,True
0.0,30,24886.543139,False
2.4,30,24950.680374,True
1.6,30,25004.21294,True
2.7,30,25065.787177,True
2.3,30,25120.007458,True
2.3,30,25177.363458,True
0.0,30,25235.50102,False
1.9,30,25291.663384,True
0.0,30,25343.510201,False
0.0,30,25403.5116,False
1.8,30,25458.375512,True
0.0,30,25827.583728,False
0.0,30,25887.264711,False
0.0,30,25943.809717,False
0.0,30,26006.602998,False
1.9,30,26060.728424,True
2.6,30,26114.688407,True
0.0,30,26188.901861,False
0.0,30,26253.029755,False
0.0,30,26302.751241,False
2.7,30,26350.419699,True
0.0,30,26405.166046,False
0.0,30,26489.402791,False
2.1,30,26550.087582,True
1.9,30,26604.716656,True
2.6,30,26654.995895,True
2.7,30,26719.609819,True
2.2,30,26779.446964,True
0.0,30,26840.858456,False
0.0,30,26894.966927,False
0.0,30,26958.972181,False
2.8,30,27020.659818,True
2.4,30,27076.023992,True
0.0,30,27132.94526,False
2.9,30,27189.312659,True
0.0,30,27250.746224,False
2.1,30,27306.812331,True
0.0,30,27365.595578,False
2.8,30,27418.450326,True
1.8,30,27467.186523,True
0.0,30,27546.081966,False
2.9,30,27604.800995,True
0.0,30,27662.050218,False
2.2,30,27712.533739,True
0.0,30,27776.050625,False
2.7,30,28129.172683,True
2.8,30,28179.49885,True
0.0,30,28235.915378,False
2.7,30,28295.786153,True
0.0,30,28384.047184,False
0.3,30,28448.502302,True
0.0,30,28505.770123,False
0.0,30,28571.43269,False
0.0,30,28636.222494,False
0.0,30,28692.388189,False
1.7,30,28747.896874,True
0.0,30,28820.861008,False
0.0,30,28874.522657,False
2.6,30,28929.899027,True
0.0,30,28985.699515,False
3.0,30,29047.057928,True
0.0,30,29105.371475,False
0.0,30,29154.630125,False
2.7,30,29213.912574,True
0.0,30,29281.937924,False
1.5,30,29335.987774,True
0.0,30,29394.681695,False
3.0,30,29462.259821,True
2.8,30,29510.977702,True
0.0,30,29561.406006,False
0.0,30,29617.520753,False
0.0,30,29671.980522,False
0.0,30,29724.424443,False
3.0,30,29783.867538,True
2.7,30,29838.777885,True
0.0,30,29901.274819,False
2.6,30,29959.020546,True
2.2,30,30011.521159,True
0.0,30,30065.488361,False
0.0,30,30420.080372,False
0.1,30,30475.848872,True
0.0,30,30531.996868,False
1.7,30,30591.101541,True
0.0,30,30653.375153,False
0.0,30,30715.290373,False
2.9,30,30770.288854,True
0.0,30,30829.11097,False
0.0,30,30891.976744,False
0.0,30,30954.059311,False
0.0,30,31022.152883,False
0.0,30,31077.34919,False
2.7,30,31135.536021,True
0.0,30,31195.472767,False
2.7,30,31249.136657,True
2.1,30,31316.719844,True
0.0,30,31380.081192,False
2.7,30,31437.747671,True
2.6,30,31496.906775,True
2.8,30,31557.921646,True
0.0,30,31620.154369,False
1.1,30,31681.017841,True
0.0,30,31742.514529,False
0.0,30,31795.39703,False
0.0,30,31864.261991,False
2.8,30,31915.343954,True
0.0,30,31966.389935,False
0.0,30,32024.055419,False
0.0,30,32075.084493,False
0.0,30,32128.265667,False
0.0,30,32188.246758,False
0.0,30,32245.072562,False
2.4,30,32302.295739,True
0.0,30,32361.381283,False
2.0,30,32702.488023,True
3.0,30,32767.029231,True
0.0,30,32825.704334,False
0.0,30,32879.60992,False
0.0,30,32947.339031,False
0.0,30,33008.589595,False
2.5,30,33069.649573,True
0.0,30,33122.310277,False
0.0,30,33180.575522,False
2.4,30,33242.709018,True
0.0,30,33297.949399,False
2.6,30,33350.257496,True
0.0,30,33414.934567,False
2.1,30,33470.542122,True
0.0,30,33532.990765,False
0.0,30,33595.296615,False
0.0,30,33661.84818,False
0.0,30,33721.340705,False
0.0,30,33780.134731,False
2.7,30,33831.595748,True
2.7,30,33887.801622,True
0.0,30,33950.874611,False
3.0,30,34003.819675,True
1.5,30,34059.430431,True
0.0,30,34115.246477,False
0.0,30,34169.842236,False
2.7,30,34235.75639,True
2.8,30,34294.880112,True
0.0,30,34354.313176,False
0.0,30,34410.699068,False
2.8,30,34473.287826,True
0.0,30,34537.506766,False
2.7,30,34590.21464,True
2.6,30,34646.968587,True
0.5,30,34708.537493,True
2.6,30,35080.204067,True
2.8,30,35152.810258,True
0.0,30,35207.93057,False
2.2,30,35263.755237,True
0.0,30,35326.166259,False
0.0,30,35378.722865,False
0.0,30,35444.152042,False
2.3,30,35504.440538,True
2.6,30,35560.027147,True
0.0,30,35626.036112,False
0.0,30,35691.368074,False
2.6,30,35741.459567,True
0.0,30,35801.246795,False
0.0,30,35856.141426,False
0.7,30,35914.469278,True
0.0,30,35970.019701,False
0.0,30,36026.275953,False
2.2,30,36087.213773,True
0.0,30,36150.733332,False
0.0,30,36204.899558,False
0.0,30,36266.927472,False
2.3,30,36323.153354,True
0.0,30,36391.555696,False
1.2,30,36451.505586,True
1.7,30,36508.519843,True
2.7,30,36570.533098,True
2.4,30,36633.6078,True
0.0,30,36699.223853,False
0.0,30,36754.666023,False
2.4,30,36811.798009,True
0.0,30,36867.558761,False
0.0,30,36926.892856,False
1.4,30,36996.291356,True
0.0,30,37053.348403,False
2.8,30,37430.848444,True
0.0,30,37491.382872,False
0.0,30,37556.887707,False
0.0,30,37617.404721,False
0.0,30,37669.905028,False
0.0,30,37728.10436,False
0.0,30,37791.446642,False
0.0,30,37840.858975,False
1.5,30,37894.161968,True
0.0,30,37957.07199,False
0.0,30,38015.909329,False
0.0,30,38076.976216,False
2.8,30,38135.716618,True
2.7,30,38202.693337,True
2.5,30,38258.300171,True
3.0,30,38317.489273,True
0.0,30,38386.75477,False
2.8,30,38443.138237,True
2.8,30,38504.945938,True
2.8,30,38566.762771,True
0.9,30,38626.385413,True
0.0,30,38681.911071,False
1.8,30,38740.242368,True
2.9,30,38800.738379,True
0.8,30,38877.35205,True
2.8,30,38938.012888,True
0.0,30,39002.624258,False
2.9,30,39078.419869,True
0.0,30,39147.448826,False
3.0,30,39213.584206,True
3.0,30,39272.887893,True
0.0,30,39335.891364,False
1.7,30,39400.009026,True
0.0,30,39458.068223,False
2.1,30,39862.252949,True
2.5,30,39925.86423,True
0.0,30,39987.349458,False
0.0,30,40043.72592,False
2.9,30,40101.715114,True
0.0,30,40170.873867,False
2.8,30,40231.010772,True
2.8,30,40292.029827,True
1.2,30,40353.271497,True
0.0,30,40413.645768,False
2.3,30,40482.100382,True
2.6,30,40541.58414,True
2.0,30,40603.269765,True
0.0,30,40668.523245,False
0.0,30,40725.57256,False
2.5,30,40787.029327,True
2.8,30,40841.096661,True
2.5,30,40922.564954,True
0.0,30,40978.838916,False
2.1,30,41040.15607,True
0.0,30,41102.03679,False
2.8,30,41160.108987,True
0.0,30,41220.12261,False
2.5,30,41279.079206,True
0.0,30,41340.219378,False
2.5,30,41395.519228,True
0.0,30,41460.349478,False
0.0,30,41508.303683,False
1.2,30,41560.988166,True
0.0,30,41620.936099,False
2.6,30,41681.680691,True
2.8,30,41739.241026,True
3.0,30,41803.661161,True
0.0,30,41867.871166,False
1.5,30,42282.920816,True
1.7,30,42346.910432,True
0.0,30,42410.086694,False
3.0,30,42473.962253,True
0.0,30,42533.652334,False
2.9,30,42603.92877,True
2.6,30,42672.387659,True
0.0,30,42739.051636,False
0.0,30,42797.443227,False
2.8,30,42855.718058,True
0.0,30,42935.591738,False
1.0,30,43002.93734,True
2.6,30,43065.125993,True
0.0,30,43130.519087,False
1.9,30,43190.248276,True
0.0,30,43245.495875,False
0.0,30,43306.902125,False
0.0,30,43376.133771,False
0.0,30,43424.157044,False
0.0,30,43480.845133,False
0.0,30,43544.558141,False
2.7,30,43602.334407,True
0.0,30,43663.275983,False
2.9,30,43719.777574,True
2.5,30,43775.559381,True
0.0,30,43838.592,False
0.0,30,43895.240108,False
3.0,30,43960.865725,True
2.8,30,44026.67697,True
2.4,30,44091.127769,True
0.0,30,44157.027895,False
0.0,30,44210.240432,False
1.2,30,44258.403647,True
0.0,30,44307.590859,False
0.0,30,44634.983143,False
0.0,30,44676.516152,False
2.6,30,44722.468255,True
0.0,30,44788.980975,False
3.0,30,44839.468477,True
0.0,30,44891.595188,False
3.0,30,44937.531018,True
0.0,30,44984.287201,False
0.0,30,45024.346205,False
0.0,30,45064.896193,False
2.3,30,45111.814527,True
0.0,30,45157.934022,False
0.0,30,45203.665632,False
0.0,30,45246.681467,False
0.0,30,45295.439072,False
0.0,30,45331.843764,False
2.3,30,45374.30726,True
2.9,30,45419.40946,True
1.8,30,45464.594059,True
0.0,30,45505.802165,False
0.0,30,45553.542006,False
0.0,30,45596.578727,False
3.0,30,45637.729489,True
0.0,30,45678.453396,False
0.0,30,45723.828048,False
0.0,30,45771.507865,False
0.3,30,45821.326243,True
0.0,30,45867.026271,False
1.3,30,45919.998059,True
0.0,30,45966.37954,False
0.0,30,46011.809902,False
0.0,30,46060.058122,False
0.5,30,46102.054813,False
2.1,30,46144.772218,True
2.5,30,46485.027924,True
2.2,30,46527.160243,True
1.8,30,46570.106871,True
0.0,30,46619.152999,False
0.0,30,46668.427672,False
0.0,30,46718.702039,False
0.0,30,46757.912308,False
1.2,30,46803.635522,True
0.0,30,46853.779339,False
2.8,30,46901.258664,True
2.5,30,46948.270904,True
0.0,30,46997.684504,False
0.0,30,47060.904437,False
0.0,30,47112.056495,False
0.2,30,47156.230036,False
0.0,30,47200.351856,False
0.0,30,47247.734653,False
0.0,30,47294.319234,False
0.1,30,47340.698735,True
0.0,30,47390.146934,False
0.0,30,47441.892043,False
2.8,30,47484.372213,True
2.8,30,47536.153695,True
0.0,30,47587.827933,False
2.3,30,47635.19488,True
2.9,30,47686.084291,True
0.0,30,47744.890975,False
2.9,30,47795.963523,True
0.0,30,47836.916469,False
0.0,30,47886.069906,False
0.0,30,47937.16444,False
0.0,30,47985.250144,False
0.0,30,48030.850785,False
1.6,30,48078.277652,True
3.0,30,48370.325651,True
0.0,30,48423.61069,False
2.3,30,48466.540968,True
0.0,30,48515.014846,False
2.1,30,48561.806776,True
0.0,30,48604.377009,False
0.0,30,48658.723325,False
0.0,30,48698.018706,False
2.7,30,48747.162913,True
2.5,30,48795.095736,True
2.0,30,48851.116558,True
0.0,30,48897.955313,False
0.7,30,48948.460692,True
0.0,30,49006.965782,False
0.0,30,49050.228919,False
0.0,30,49098.178436,False
2.6,30,49138.482248,True
2.5,30,49181.792494,True
0.0,30,49224.104059,False
0.0,30,49278.541429,False
3.0,30,49324.215345,True
2.7,30,49366.59331,True
0.0,30,49446.771082,False
0.0,30,49496.302159,False
0.0,30,49540.166843,False
0.0,30,49585.09708,False
0.0,30,49631.577465,False
0.0,30,49679.461071,False
2.8,30,49732.368325,True
2.7,30,49787.599058,True
0.0,30,49835.254622,False
0.0,30,49885.798532,False
0.0,30,49937.626669,False
0.0,30,49984.28119,False
0.0,30,50308.208372,False
0.0,30,50356.678028,False
0.0,30,50400.196158,False
0.0,30,50448.287724,False
2.9,30,50494.23191,True
0.3,30,50544.226525,False
2.4,30,50599.317302,True
2.8,30,50652.184063,True
0.0,30,50697.116634,False
2.5,30,50737.243713,True
2.8,30,50787.77631,True
2.7,30,50837.184865,True
2.7,30,50881.867933,True
2.5,30,50925.363791,True
2.8,30,50972.874054,True
0.0,30,51024.269763,False
2.3,30,51070.709338,True
0.0,30,51117.975953,False
0.0,30,51167.964101,False
2.9,30,51211.621645,True
2.6,30,51256.023144,True
1.2,30,51304.80369,True
0.0,30,51352.518843,False
0.0,30,51395.949772,False
3.0,30,51437.200473,True
0.6,30,51484.532972,True
0.0,30,51528.403754,False
2.6,30,51571.0339,True
0.0,30,51613.599319,False
0.0,30,51654.615782,False
0.0,30,51702.243685,False
2.5,30,51747.550817,True
2.8,30,51798.252209,True
0.0,30,51846.330537,False
2.8,30,51893.703156,True
0.0,30,52193.602332,False
2.9,30,52235.395121,True
0.0,30,52280.639201,False
2.4,30,52329.329318,True
2.9,30,52377.792601,True
0.0,30,52415.365719,False
0.0,30,52466.554695,False
2.3,30,52525.643776,True
0.0,30,52571.675583,False
0.0,30,52617.805861,False
2.7,30,52662.117139,True
0.0,30,52707.115764,False
0.0,30,52753.780843,False
2.5,30,52801.245123,True
0.0,30,52845.160235,False
0.8,30,52890.473501,True
0.0,30,52936.124083,False
0.0,30,52984.933414,False
0.0,30,53034.634253,False
0.0,30,53077.123781,False
0.0,30,53115.890065,False
0.8,30,53161.523487,False
0.7,30,53206.190054,True
0.0,30,53257.290112,False
2.2,30,53304.621432,False
3.0,30,53352.686413,True
2.4,30,53399.054137,True
0.0,30,53444.256579,False
0.0,30,53487.794134,False
2.4,30,53527.884095,True
3.0,30,53575.519819,True
0.0,30,53620.192909,False
2.6,30,53661.940846,True
0.0,30,53706.761853,False
2.8,30,54036.519578,True
0.0,30,54089.990234,False
0.0,30,54134.37676,False
1.8,30,54177.092761,False
0.0,30,54225.079702,False
0.0,30,54272.718102,False
0.0,30,54318.957195,False
2.7,30,54362.250038,True
0.0,30,54406.006468,False
2.8,30,54454.066981,True
2.9,30,54498.973705,True
1.6,30,54543.932796,True
0.0,30,54589.020069,False
2.4,30,54636.958716,True
2.5,30,54684.320832,True
0.0,30,54734.286243,False
0.0,30,54774.871382,False
0.0,30,54824.538346,False
0.0,30,54874.634563,False
0.0,30,54919.919205,False
0.0,30,54970.703729,False
1.0,30,55019.508431,True
0.0,30,55070.411413,False
0.0,30,55114.261722,False
2.7,30,55171.060253,True
2.2,30,55217.44661,True
2.5,30,55268.194563,True
2.8,30,55316.49496,True
0.0,30,55358.686742,False
0.0,30,55405.695598,False
0.0,30,55452.126463,False
2.0,30,55506.839776,True
0.0,30,55551.178289,False
0.0,30,55599.091666,False
0.0,30,55913.451722,False
3.0,30,55963.012354,True
2.8,30,56012.424251,True
0.0,30,56056.374435,False
2.3,30,56104.952314,True
0.0,30,56150.673383,False
0.0,30,56193.386809,False
0.0,30,56239.762279,False
0.0,30,56288.949709,False
0.2,30,56333.308427,False
1.0,30,56382.579766,True
0.0,30,56426.056097,False
0.0,30,56473.147533,False
0.0,30,56515.012726,False
0.0,30,56567.030473,False
2.9,30,56606.786591,True
1.3,30,56654.390654,False
0.0,30,56702.051422,False
2.0,30,56750.780689,True
2.6,30,56796.195105,True
2.9,30,56840.369748,True
0.0,30,56892.622639,False
2.9,30,56932.645018,True
0.0,30,56981.257255,False
2.1,30,57030.755783,True
1.1,30,57074.976534,True
2.3,30,57117.473011,True
3.0,30,57160.606756,True
0.0,30,57202.760364,False
1.6,30,57248.530649,True
0.0,30,57297.844339,False
0.0,30,57344.584764,False
0.0,30,57390.588102,False
2.7,30,57447.871675,True
1.6,30,57737.313277,True
0.0,30,57781.127039,False
2.5,30,57831.984908,True
0.0,30,57875.495674,False
0.0,30,57923.909881,False
0.0,30,57969.991815,False
0.0,30,58022.427621,False
2.7,30,58074.729391,True
2.6,30,58125.879454,True
0.0,30,58183.399026,False
0.0,30,58247.496725,False
0.0,30,58295.59198,False
0.0,30,58338.596345,False
2.7,30,58379.210276,True
0.0,30,58444.637134,False
3.0,30,58491.180691,True
0.0,30,58540.516403,False
1.6,30,58585.734906,True
0.0,30,58629.961622,False
0.0,30,58670.689862,False
3.0,30,58727.520535,True
2.8,30,58773.027473,True
2.3,30,58815.94347,True
0.0,30,58862.056609,False
2.4,30,58908.157344,True
0.0,30,58958.785073,False
2.6,30,59002.53264,True
2.8,30,59051.734601,True
0.0,30,59094.182195,False
0.0,30,59135.245764,False
0.0,30,59178.057377,False
0.0,30,59220.296186,False
0.0,30,59263.822453,False
0.0,30,59314.076596,False
3.0,30,59594.205694,True
0.0,30,59639.724153,False
2.7,30,59686.286433,True
2.8,30,59737.030404,True
3.0,30,59779.682536,True
1.4,30,59815.930207,True
2.8,30,59858.559797,True
0.0,30,59902.552075,False
2.9,30,59946.652562,True
3.0,30,59995.069092,True
2.1,30,60052.570876,True
2.5,30,60099.43044,True
1.9,30,60144.089757,True
2.3,30,60190.256916,True
2.5,30,60233.48722,True
0.0,30,60288.698036,False
2.6,30,60332.827559,True
2.8,30,60389.470485,True
0.0,30,60439.448245,False
3.0,30,60491.749262,True
0.0,30,60536.997639,False
0.0,30,60585.513779,False
0.0,30,60638.315415,False
2.0,30,60686.524526,True
0.0,30,60734.704113,False
0.2,30,60785.918199,False
2.9,30,60831.788181,True
0.0,30,60878.44706,False
2.0,30,60923.317148,True
0.0,30,60970.37495,False
0.0,30,61011.926099,False
0.0,30,61059.944732,False
2.4,30,61106.561322,True
3.0,30,61165.057368,True
2.7,30,61467.916453,True
2.7,30,61509.836548,True
0.0,30,61561.142761,False
0.0,30,61601.558214,False
0.0,30,61644.097673,False
2.6,30,61682.305443,True
0.0,30,61724.706471,False
0.0,30,61764.935237,False
0.0,30,61811.321464,False
1.8,30,61853.792665,True
0.0,30,61899.774455,False
0.0,30,61943.002934,False
2.5,30,61992.351624,True
2.5,30,62046.064875,True
2.8,30,62092.876086,True
2.5,30,62140.906393,True
2.7,30,62190.856297,True
2.7,30,62241.708438,True
0.8,30,62291.410388,False
2.8,30,62355.612345,True
0.0,30,62403.439227,False
2.4,30,62450.402709,True
0.0,30,62499.039581,False
0.0,30,62545.585099,False
0.0,30,62609.059948,False
2.8,30,62659.973968,True
0.0,30,62704.957076,False
0.0,30,62750.890285,False
2.3,30,62795.302191,True
0.0,30,62843.135912,False
0.0,30,62892.591782,False
0.0,30,62939.168014,False
0.0,30,62986.479122,False
2.9,30,63039.009938,True
2.8,30,63363.569715,True
0.0,30,63413.342794,False
3.0,30,63467.583976,True
0.0,30,63511.755204,False
2.8,30,63556.833915,True
0.0,30,63600.008253,False
2.9,30,63652.989227,True
2.5,30,63700.063383,True
0.0,30,63745.194654,False
1.4,30,63794.667621,True
0.3,30,63837.513103,True
2.5,30,63883.671551,True
0.0,30,63930.620628,False
2.5,30,63977.854123,True
2.6,30,64023.034386,True
0.0,30,64082.200444,False
0.0,30,64129.920351,False
2.5,30,64177.199208,True
1.2,30,64220.872044,True
2.0,30,64264.226281,True
0.0,30,64305.83763,False
0.0,30,64356.756567,False
0.0,30,64402.157446,False
0.0,30,64454.856646,False
0.0,30,64504.544963,False
0.0,30,64550.496716,False
0.0,30,64599.859435,False
0.0,30,64648.941137,False
0.0,30,64691.167307,False
3.0,30,64753.64879,True
0.0,30,64805.766508,False
0.0,30,64845.291203,False
0.0,30,64893.095038,False
1.7,30,64943.551309,True
2.6,30,64998.410527,True
0.8,30,65297.348489,True
0.0,30,65341.721538,False
2.8,30,65386.924575,True
2.6,30,65435.807824,True
2.3,30,65484.873863,True
2.9,30,65527.907121,True
2.6,30,65577.381459,True
3.0,30,65626.374475,True
0.0,30,65671.137199,False
2.9,30,65719.122394,True
0.0,30,65763.121155,False
2.8,30,65809.20994,True
2.4,30,65862.922084,True
2.8,30,65913.292655,True
2.8,30,65963.685297,True
0.5,30,66016.628659,True
0.0,30,66061.928143,False
0.0,30,66104.697483,False
3.0,30,66152.866919,True
2.7,30,66191.606839,True
0.0,30,66241.294463,False
0.1,30,66318.028224,False
1.9,30,66401.985585,True
0.0,30,66455.60047,False
0.0,30,66518.627715,False
2.7,30,66566.26675,True
2.7,30,66608.876565,True
2.1,30,66654.812268,True
2.7,30,66703.03902,True
2.5,30,66759.752716,True
2.8,30,66805.367197,True
0.0,30,66857.213013,False
2.4,30,66908.271488,True
0.0,30,66953.595023,False
2.8,30,67247.832836,True
0.0,30,67296.799875,False
2.6,30,67344.767799,True
3.0,30,67391.540278,True
0.0,30,67436.182656,False
0.0,30,67493.252026,False
0.0,30,67535.219517,False
0.0,30,67580.69324,False
3.0,30,67625.860804,True
1.8,30,67671.350879,True
2.8,30,67716.881312,True
2.6,30,67764.533879,True
2.6,30,67813.864476,True
2.7,30,67859.060632,True
0.0,30,67918.320614,False
2.9,30,67963.840616,True
0.0,30,68012.805686,False
2.3,30,68060.036143,True
2.2,30,68105.844953,True
2.3,30,68149.122762,True
0.0,30,68201.42752,False
2.3,30,68246.285271,True
0.0,30,68290.06009,False
0.0,30,68342.282287,False
0.0,30,68390.573276,False
3.0,30,68434.757924,True
2.8,30,68478.176214,True
0.0,30,68519.317041,False
0.0,30,68559.917841,False
0.2,30,68608.222344,True
2.3,30,68656.520643,True
0.0,30,68703.09585,False
0.0,30,68749.288682,False
0.0,30,68795.631125,False
0.0,30,69123.947171,False
0.0,30,69172.334986,False
2.8,30,69217.908806,True
2.1,30,69265.659795,True
2.5,30,69313.009292,True
2.2,30,69358.860287,True
2.4,30,69406.761174,True
0.0,30,69457.535549,False
2.8,30,69503.960581,True
1.9,30,69546.890358,True
1.9,30,69597.490556,True
3.0,30,69645.906403,True
2.4,30,69690.878827,True
0.0,30,69741.863617,False
0.0,30,69792.906939,False
2.2,30,69836.799116,True
2.6,30,69883.046595,True
0.0,30,69932.114991,False
2.3,30,69976.816207,True
2.8,30,70025.512393,True
2.8,30,70079.046109,True
0.0,30,70124.722133,False
2.8,30,70167.423644,True
0.0,30,70216.780701,False
0.4,30,70264.652003,False
0.0,30,70310.143297,False
1.8,30,70360.073214,True
2.5,30,70415.456126,True
0.0,30,70468.568516,False
2.4,30,70519.789648,True
2.8,30,70563.631749,True
0.0,30,70610.839453,False
2.3,30,70654.412821,True
0.0,30,70707.635314,False
2.9,30,71021.444901,True
2.3,30,71065.924215,True
0.0,30,71120.806646,False
0.0,30,71163.187479,False
0.0,30,71210.205641,False
2.8,30,71263.243576,True
2.8,30,71311.166303,True
0.0,30,71358.151989,False
0.0,30,71403.42982,False
2.8,30,71452.627399,True
0.1,30,71504.615192,False
2.1,30,71548.348968,True
2.6,30,71593.977642,True
0.0,30,71640.480698,False
2.5,30,71693.538027,False
0.0,30,71738.250472,False
0.0,30,71780.030666,False
2.2,30,71827.221951,True
2.6,30,71870.558431,True
0.2,30,71921.49651,False
0.0,30,71968.065705,False
2.7,30,72015.471161,True
0.0,30,72072.487657,False
2.5,30,72121.715717,True
2.0,30,72169.927855,True
2.0,30,72218.496582,True
0.0,30,72286.910752,False
0.0,30,72337.906697,False
2.7,30,72381.248248,True
2.3,30,72431.915301,True
2.8,30,72479.89892,True
2.7,30,72528.540203,True
0.0,30,72579.21407,False
2.0,30,72625.931107,True
0.0,30,72963.792887,False
0.0,30,73012.59945,False
0.0,30,73071.497046,False
1.3,30,73119.876162,False
2.5,30,73165.661568,True
3.0,30,73215.629427,True
2.7,30,73263.510258,True
2.7,30,73313.760455,True
0.0,30,73364.053823,False
2.8,30,73408.851212,True
1.3,30,73455.711581,True
2.6,30,73519.477393,True
2.8,30,73564.740435,True
1.0,30,73621.408993,True
2.8,30,73673.060569,True
2.7,30,73723.438961,True
0.0,30,73771.643772,False
0.0,30,73815.243352,False
0.7,30,73864.118821,False
0.0,30,73913.01447,False
0.0,30,73960.88123,False
0.0,30,74004.471205,False
0.0,30,74062.764087,False
0.0,30,74102.708398,False
2.4,30,74147.361382,True
3.0,30,74195.521289,True
2.5,30,74242.042099,True
0.0,30,74285.896924,False
2.7,30,74333.852461,True
2.6,30,74381.426175,True
2.5,30,74425.865938,True
2.8,30,74475.444114,True
0.0,30,74522.800076,False
0.0,30,74590.24104,False
0.0,30,74918.135794,False
2.3,30,74968.793005,True
0.0,30,75019.57193,False
2.4,30,75068.537511,True
2.8,30,75117.761076,True
2.6,30,75165.341659,True
0.0,30,75208.202217,False
0.0,30,75284.416186,False
0.0,30,75332.605112,False
0.0,30,75378.545494,False
0.0,30,75424.376036,False
0.0,30,75476.000196,False
2.9,30,75525.212581,True
2.7,30,75567.765449,True
0.0,30,75615.562965,False
0.0,30,75658.063004,False
1.8,30,75711.547837,True
2.8,30,75757.673563,True
2.8,30,75811.617574,True
0.0,30,75858.207751,False
2.4,30,75907.816106,True
2.8,30,75955.478693,True
0.0,30,76002.321502,False
1.1,30,76053.914624,True
2.5,30,76100.82631,True
0.0,30,76149.672716,False
0.0,30,76195.688426,False
2.8,30,76239.574693,True
2.3,30,76284.955262,True
0.0,30,76332.704557,False
0.0,30,76382.664339,False
2.8,30,76426.624114,True
2.5,30,76472.721738,True
0.0,30,76522.020167,False
2.7,30,76876.499444,True
2.5,30,76927.816262,True
0.6,30,76980.832543,False
2.3,30,77026.453578,True
0.0,30,77076.163194,False
0.0,30,77124.715156,False
0.0,30,77173.884002,False
0.0,30,77217.968894,False
3.0,30,77265.022878,True
0.0,30,77315.411459,False
2.8,30,77371.051692,True
0.0,30,77425.325907,False
1.9,30,77473.286833,True
2.7,30,77523.0509,True
2.9,30,77573.868563,True
2.5,30,77625.449045,True
0.0,30,77672.368292,False
0.0,30,77716.787314,False
0.0,30,77762.952417,False
0.0,30,77807.698274,False
0.0,30,77857.332557,False
2.4,30,77898.563214,True
2.7,30,77960.194826,True
0.0,30,78011.228981,False
0.0,30,78063.367363,False
2.7,30,78109.228859,True
0.0,30,78155.558142,False
0.0,30,78209.34167,False
0.0,30,78257.950908,False
3.0,30,78307.717325,True
0.0,30,78356.315533,False
0.0,30,78414.879598,False
0.0,30,78465.82209,False
0.0,30,78505.93931,False
3.0,30,78837.476908,True
0.0,30,78883.302806,False
0.0,30,78928.556993,False
0.0,30,78970.734181,False
0.0,30,79015.918798,False
3.0,30,79062.325663,True
0.0,30,79106.452324,False
2.8,30,79159.357723,True
2.7,30,79205.517072,True
0.0,30,79269.344872,False
2.5,30,79317.933991,True
2.9,30,79364.062835,True
0.0,30,79405.136956,False
2.8,30,79451.858653,True
0.0,30,79507.522324,False
0.0,30,79562.172337,False
0.0,30,79610.85322,False
0.0,30,79655.925116,False
0.0,30,79698.94375,False
0.0,30,79745.912523,False
0.0,30,79794.72629,False
2.6,30,79841.318134,True
2.6,30,79886.851188,True
1.5,30,79933.735638,True
0.0,30,79980.453542,False
0.0,30,80022.190873,False
0.0,30,80076.177859,False
0.0,30,80116.04893,False
0.0,30,80176.020923,False
2.8,30,80224.77318,True
2.4,30,80270.753177,True
0.0,30,80318.982173,False
2.8,30,80362.484647,True
2.7,30,80405.739389,True
0.0,30,80451.922391,False
0.0,30,80797.87038,False
0.0,30,80840.159017,False
0.0,30,80889.458329,False
0.0,30,80943.722795,False
2.6,30,80994.555187,True
0.0,30,81038.327989,False
0.0,30,81084.85837,False
2.8,30,81131.114575,True
0.0,30,81181.512463,False
2.1,30,81225.950197,True
0.0,30,81273.719382,False
0.0,30,81317.976237,False
2.5,30,81366.989715,True
0.0,30,81410.579976,False
2.8,30,81461.056635,True
3.0,30,81512.158284,True
2.8,30,81560.224217,True
0.0,30,81608.699598,False
0.0,30,81648.661842,False
2.9,30,81695.221217,True
0.0,30,81745.915056,False
0.0,30,81795.636039,False
2.6,30,81841.796113,True
0.0,30,81889.359877,False
2.3,30,81930.912355,True
2.1,30,81976.823751,True
2.7,30,82022.45749,True
0.0,30,82071.317741,False
2.7,30,82118.54608,True
2.0,30,82166.482504,True
0.0,30,82207.595848,False
2.7,30,82262.396278,True
2.4,30,82308.940515,True
0.0,30,82354.545873,False
0.0,30,82680.610251,False
0.0,30,82729.149856,False
2.8,30,82776.661461,True
2.3,30,82822.214577,True
0.0,30,82873.922794,False
2.8,30,82924.258759,True
2.4,30,82965.679522,True
0.0,30,83006.472641,False
2.6,30,83048.663,True
0.0,30,83101.401848,False
0.0,30,83150.395619,False
0.0,30,83195.126926,False
2.1,30,83238.460582,True
0.0,30,83284.84607,False
0.0,30,83333.93586,False
0.0,30,83375.419761,False
2.8,30,83418.637906,True
3.0,30,83467.455122,True
0.0,30,83520.392502,False
2.7,30,83570.901002,True
0.0,30,83622.037503,False
2.9,30,83670.992832,True
2.9,30,83718.061165,True
2.4,30,83765.668761,True
0.0,30,83810.939828,False
0.0,30,83859.241277,False
0.0,30,83908.679556,False
2.3,30,83956.58377,True
0.0,30,84001.477746,False
2.9,30,84047.937404,True
0.0,30,84095.753758,False
3.0,30,84139.437906,True
1.6,30,84189.576436,False
0.0,30,84237.988505,False
0.0,30,84553.937551,False
2.8,30,84596.204948,True
2.7,30,84641.295446,True
0.0,30,84701.113352,False
2.8,30,84748.297999,True
2.7,30,84795.171544,True
0.5,30,84837.705512,True
0.0,30,84896.028628,False
2.5,30,84947.251707,True
1.8,30,84996.732604,False
0.0,30,85053.951639,False
0.0,30,85100.898137,False
0.0,30,85147.373446,False
0.0,30,85194.719662,False
0.0,30,85236.997377,False
2.2,30,85282.767337,True
3.0,30,85329.608998,True
0.0,30,85375.642484,False
2.7,30,85435.507664,True
2.9,30,85482.055294,True
0.0,30,85527.116367,False
2.6,30,85572.033539,True
0.0,30,85620.070046,False
2.7,30,85675.517778,True
2.6,30,85720.475371,True
2.8,30,85762.908442,True
1.9,30,85807.846483,True
1.9,30,85853.816474,True
2.7,30,85898.002093,True
0.0,30,85942.440366,False
0.0,30,85988.550774,False
2.6,30,86035.615645,True
1.9,30,86080.016992,True
2.5,30,86127.253567,True
0.0,30,86483.967565,False
0.0,30,86528.25958,False
2.5,30,86576.102083,True
2.7,30,86631.008539,True
2.7,30,86685.479407,True
1.9,30,86734.621147,True
0.0,30,86785.425839,False
3.0,30,86833.174215,True
0.0,30,86886.279408,False
2.1,30,86935.143655,True
1.8,30,86981.14288,True
0.0,30,87030.487556,False
0.0,30,87076.997483,False
2.7,30,87120.159051,True
2.7,30,87169.375121,True
0.0,30,87221.911477,False
0.0,30,87277.025666,False
0.0,30,87320.077182,False
0.0,30,87365.718026,False
0.7,30,87409.966824,True
0.0,30,87454.059943,False
1.3,30,87497.099255,True
2.6,30,87550.811343,True
2.4,30,87594.753294,True
2.4,30,87638.57352,True
0.0,30,87693.477099,False
0.0,30,87747.894109,False
0.3,30,87797.643402,True
2.4,30,87843.983837,True
2.7,30,87890.138658,True
0.0,30,87936.484337,False
0.0,30,87986.343689,False
2.7,30,88033.222973,True
2.5,30,88078.719789,True
0.0,30,88367.845201,False
2.4,30,88412.099262,True
0.0,30,88456.133695,False
0.0,30,88500.099477,False
2.6,30,88542.49281,True
0.0,30,88586.209911,False
2.4,30,88635.83428,True
0.0,30,88691.523721,False
0.0,30,88739.482277,False
0.9,30,88787.314523,True
0.0,30,88833.716571,False
0.0,30,88890.261705,False
2.6,30,88933.812268,True
0.0,30,88984.627176,False
0.0,30,89034.372412,False
2.4,30,89096.913008,True
0.0,30,89148.154851,False
0.0,30,89187.48733,False
2.6,30,89236.405539,True
2.7,30,89292.427461,True
2.6,30,89344.226934,True
2.8,30,89399.742924,True
2.4,30,89452.762803,True
0.0,30,89500.257468,False
2.3,30,89546.978772,True
0.0,30,89595.874648,False
0.0,30,89641.158331,False
0.0,30,89685.201443,False
0.0,30,89731.789517,False
2.6,30,89784.136898,True
2.6,30,89833.549979,True
0.0,30,89878.33252,False
2.6,30,89929.475237,True
2.6,30,89973.289499,True
2.7,30,90288.753918,True
0.0,30,90335.168397,False
2.5,30,90376.424732,True
0.0,30,90419.375961,False
3.0,30,90470.077015,True
0.0,30,90517.954939,False
2.7,30,90563.23292,True
2.4,30,90608.553337,True
2.6,30,90658.202914,True
0.0,30,90704.805967,False
1.2,30,90754.359308,True
2.8,30,90806.704346,True
0.0,30,90857.595218,False
0.0,30,90901.928058,False
2.6,30,90947.078335,True
0.0,30,90994.875908,False
0.0,30,91041.911572,False
2.4,30,91094.186557,True
0.0,30,91136.201977,False
0.0,30,91180.168151,False
0.0,30,91230.730078,False
2.9,30,91277.75263,True
0.0,30,91325.006022,False
0.0,30,91364.263103,False
2.9,30,91410.363769,True
0.0,30,91459.3692,False
0.0,30,91506.693417,False
0.0,30,91549.449134,False
0.0,30,91594.250704,False
2.7,30,91636.005407,True
2.8,30,91679.844894,True
3.0,30,91725.929653,True
0.0,30,91773.057632,False
0.0,30,91820.903447,False
2.7,30,92164.470221,True
0.0,30,92206.619142,False
2.5,30,92247.418663,True
2.8,30,92296.385445,True
0.0,30,92347.264587,False
0.0,30,92403.608416,False
0.0,30,92450.277658,False
1.8,30,92495.937803,True
0.0,30,92541.111262,False
2.8,30,92588.352382,True
2.8,30,92632.911128,True
0.0,30,92677.342203,False
2.7,30,92720.956815,True
0.0,30,92767.572422,False
0.0,30,92812.428065,False
2.7,30,92858.916699,True
0.0,30,92909.357483,False
1.8,30,92955.675638,True
0.0,30,93003.567443,False
0.0,30,93045.327041,False
0.0,30,93108.580114,False
2.4,30,93159.99263,True
0.0,30,93208.541666,False
0.0,30,93250.644815,False
3.0,30,93297.098973,True
0.0,30,93341.593817,False
0.0,30,93389.790697,False
0.0,30,93429.237305,False
0.0,30,93476.149922,False
2.6,30,93524.874234,True
2.7,30,93577.761793,True
0.0,30,93622.739288,False
0.0,30,93662.653004,False
2.4,30,93707.714885,True
1.1,30,93759.437824,True
2.7,30,94102.559286,True
0.0,30,94155.833579,False
0.0,30,94208.033977,False
2.7,30,94254.881554,True
2.9,30,94310.996555,True
2.9,30,94350.349874,True
2.3,30,94404.610013,True
0.0,30,94453.231393,False
1.5,30,94500.747686,True
2.7,30,94547.277028,True
2.5,30,94598.284568,True
2.7,30,94650.976898,True
0.0,30,94697.40623,False
0.0,30,94745.479115,False
0.0,30,94796.727062,False
2.8,30,94853.009211,True
2.8,30,94898.37652,True
0.0,30,94947.884771,False
0.0,30,94998.566617,False
2.7,30,95049.797642,True
2.3,30,95093.612776,True
0.0,30,95149.891756,False
0.0,30,95196.313861,False
0.0,30,95241.41763,False
2.4,30,95285.142653,True
0.0,30,95336.974019,False
2.3,30,95380.194758,True
2.5,30,95428.705215,True
0.0,30,95475.509303,False
0.0,30,95524.421478,False
0.0,30,95566.725472,False
2.7,30,95612.792473,True
0.6,30,95667.208269,True
2.0,30,95715.145608,True
0.0,30,96043.338427,False
0.0,30,96094.476875,False
2.8,30,96139.030732,True
0.0,30,96190.022148,False
2.7,30,96237.899909,True
3.0,30,96280.714183,True
1.4,30,96328.722373,True
0.0,30,96374.708263,False
2.4,30,96421.220231,True
1.4,30,96468.540558,False
2.4,30,96513.258749,True
1.4,30,96556.766873,True
0.0,30,96598.806919,False
2.4,30,96644.964711,True
0.0,30,96694.633518,False
0.0,30,96741.480332,False
0.0,30,96800.148024,False
2.1,30,96849.849979,True
0.0,30,96897.203074,False
0.0,30,96938.048652,False
0.0,30,96983.359494,False
2.8,30,97029.882291,True
0.0,30,97075.782741,False
1.0,30,97124.572183,False
2.5,30,97171.109339,True
0.0,30,97220.832345,False
2.9,30,97268.693986,True
0.0,30,97314.669115,False
0.0,30,97360.233217,False
0.0,30,97430.570627,False
0.1,30,97477.742196,False
0.0,30,97528.378,False
2.3,30,97576.140006,True
0.0,30,97623.879412,False
1.9,30,97954.890264,True
0.0,30,97996.992376,False
2.8,30,98042.031001,True
0.0,30,98087.12389,False
0.0,30,98134.311059,False
0.0,30,98183.146214,False
0.0,30,98231.235179,False
0.0,30,98276.602897,False
0.0,30,98319.932911,False
0.7,30,98365.603652,True
0.8,30,98414.475769,True
0.0,30,98462.723233,False
3.0,30,98517.200238,True
3.0,30,98567.994876,True
2.7,30,98609.745281,True
0.0,30,98655.179077,False
2.8,30,98704.776284,True
0.0,30,98750.419889,False
2.3,30,98795.03299,True
0.0,30,98838.978445,False
0.0,30,98884.244679,False
0.0,30,98941.326407,False
0.0,30,99013.079728,False
0.6,30,99061.621706,True
2.8,30,99115.091868,True
3.0,30,99163.771612,True
0.0,30,99216.036851,False
2.5,30,99265.46993,True
2.3,30,99318.274056,True
2.8,30,99364.74487,True
0.0,30,99414.097564,False
0.0,30,99464.565628,False
2.9,30,99525.069031,True
1.1,30,99569.549773,True
2.8,30,99918.426269,True
0.0,30,99966.761297,False
0.0,30,100014.405727,False
2.9,30,100065.197152,True
0.1,30,100105.100919,False
2.4,30,100155.983789,True
1.2,30,100202.961933,True
0.0,30,100248.892641,False
0.0,30,100294.406463,False
2.7,30,100346.39128,True
0.0,30,100392.173841,False
0.0,30,100436.930775,False
3.0,30,100488.184219,True
0.0,30,100539.296141,False
2.4,30,100581.067438,True
2.7,30,100625.704666,True
2.5,30,100676.458176,True
0.0,30,100722.828282,False
0.0,30,100778.908904,False
1.9,30,100837.902238,True
2.8,30,100888.130238,True
0.0,30,100939.969026,False
0.0,30,100987.091636,False
2.6,30,101032.942054,True
2.6,30,101079.011738,True
2.1,30,101124.150427,True
0.0,30,101174.585443,False
0.0,30,101224.74689,False
0.0,30,101271.08465,False
0.0,30,101321.253254,False
0.0,30,101374.147693,False
0.0,30,101419.359025,False
1.9,30,101468.344451,True
0.0,30,101525.866742,False
3.0,30,101859.64747,True
0.0,30,101910.738924,False
0.0,30,101955.301007,False
0.0,30,102007.448933,False
2.9,30,102052.781329,True
1.9,30,102110.549536,True
0.0,30,102152.141299,False
2.1,30,102204.872739,True
0.0,30,102249.169323,False
0.0,30,102294.598878,False
0.0,30,102344.151254,False
2.2,30,102386.46891,True
2.2,30,102435.031438,True
2.7,30,102481.601959,True
2.9,30,102531.005742,True
3.0,30,102575.966543,True
2.5,30,102626.011315,True
0.0,30,102670.28114,False
2.2,30,102724.475985,True
3.0,30,102771.892917,True
0.0,30,102817.731994,False
0.0,30,102865.769164,False
0.0,30,102912.443888,False
1.0,30,102967.192704,True
2.4,30,103018.366615,True
3.0,30,103064.708359,True
0.0,30,103118.030099,False
3.0,30,103165.261265,True
1.8,30,103206.704359,True
2.5,30,103260.632674,True
2.1,30,103300.236435,True
0.0,30,103343.884629,False
2.8,30,103395.803168,True
2.7,30,103437.424253,True
2.8,30,103790.803747,True
2.8,30,103834.149646,True
0.0,30,103883.448311,False
2.9,30,103929.534068,True
0.0,30,103976.322409,False
2.4,30,104025.393344,True
0.0,30,104068.887048,False
3.0,30,104118.09477,True
0.0,30,104166.91726,False
2.6,30,104215.265811,True
0.0,30,104261.354561,False
3.0,30,104327.157048,True
0.0,30,104373.572906,False
2.9,30,104418.862873,True
2.8,30,104466.953718,True
0.0,30,104513.143756,False
2.6,30,104561.709939,True
0.0,30,104608.935773,False
0.0,30,104654.072129,False
0.0,30,104703.997652,False
0.0,30,104754.429203,False
2.7,30,104803.784353,True
2.2,30,104850.854052,True
0.0,30,104896.134165,False
2.4,30,104948.342942,True
2.7,30,104995.560179,True
0.0,30,105048.53272,False
2.6,30,105094.552983,True
2.6,30,105142.783966,True
2.7,30,105194.31215,True
2.7,30,105245.387774,True
0.0,30,105290.932741,False
0.0,30,105333.490036,False
0.0,30,105383.362154,False
2.3,30,105709.877432,True
0.0,30,105764.683563,False
2.5,30,105811.687062,True
0.0,30,105858.191388,False
0.0,30,105906.688218,False
1.8,30,105955.879694,True
2.8,30,106002.4933,True
0.0,30,106048.826129,False
3.0,30,106096.010918,True
0.0,30,106146.135729,False
0.0,30,106187.311032,False
0.0,30,106231.710254,False
0.0,30,106281.834489,False
2.7,30,106323.014023,True
0.0,30,106369.130386,False
0.0,30,106414.19541,False
0.0,30,106459.840093,False
0.0,30,106508.664368,False
0.0,30,106553.942399,False
0.0,30,106604.346853,False
0.0,30,106648.233677,False
0.0,30,106711.070416,False
0.0,30,106753.038047,False
0.0,30,106800.458338,False
2.4,30,106847.295739,True
0.3,30,106895.60603,True
0.0,30,106941.177602,False
0.0,30,106990.326353,False
3.0,30,107041.991565,True
0.0,30,107085.177669,False
0.0,30,107130.941726,False
0.0,30,107182.689425,False
2.8,30,107228.532868,True
2.4,30,107269.698178,True
0.0,30,107573.549271,False
0.0,30,107620.444549,False
0.0,30,107670.324217,False
0.0,30,107721.298,False
2.7,30,107763.907416,True
0.0,30,107809.634202,False
0.0,30,107862.600565,False
3.0,30,107910.730971,True
2.9,30,107953.177652,True
3.0,30,107999.802765,True
0.0,30,108046.707689,False
1.0,30,108093.569847,False
0.0,30,108139.929815,False
2.4,30,108183.015612,True
0.0,30,108226.872523,False
2.6,30,108273.996921,True
2.6,30,108321.776478,True
2.4,30,108368.570787,True
2.0,30,108417.430321,True
2.4,30,108460.405144,True
2.5,30,108511.363063,True
0.0,30,108556.809294,False
2.7,30,108603.830791,True
0.0,30,108648.206402,False
2.5,30,108695.593927,True
2.7,30,108739.62488,True
2.5,30,108790.321981,True
0.0,30,108837.586383,False
0.0,30,108893.167725,False
0.0,30,108943.177064,False
3.0,30,108991.515868,True
2.6,30,109033.095139,True
0.1,30,109075.511278,False
2.5,30,109122.871058,True
0.0,30,109171.323059,False
0.0,30,109490.154043,False
2.8,30,109537.731629,True
2.9,30,109578.442975,True
3.0,30,109630.943016,True
2.9,30,109677.595133,True
3.0,30,109728.56801,True
1.6,30,109780.633984,True
3.0,30,109838.973079,True
0.0,30,109885.501073,False
0.0,30,109937.311595,False
2.5,30,109985.147333,True
1.0,30,110036.692664,True
0.0,30,110081.995732,False
0.0,30,110127.085226,False
0.0,30,110183.795854,False
0.0,30,110232.548299,False
2.9,30,110276.673038,True
0.0,30,110324.287454,False
0.0,30,110368.660254,False
2.5,30,110414.88895,True
2.5,30,110462.210523,True
0.0,30,110503.203765,False
2.9,30,110546.511862,True
2.8,30,110595.477196,True
3.0,30,110639.160325,True
2.9,30,110686.23131,True
2.8,30,110740.562296,True
0.0,30,110789.040007,False
1.9,30,110837.092166,True
0.0,30,110886.505455,False
0.0,30,110931.003447,False
0.0,30,110989.154533,False
0.0,30,111037.328657,False
0.0,30,111087.255146,False
0.7,30,111433.208769,True
2.7,30,111484.223149,True
2.8,30,111528.914372,True
0.0,30,111573.212099,False
0.0,30,111617.717981,False
0.0,30,111660.72244,False
2.5,30,111704.097567,True
0.0,30,111751.314446,False
0.8,30,111797.175306,True
0.0,30,111836.67638,False
0.0,30,111886.411843,False
2.6,30,111933.040701,True
2.9,30,111978.615881,True
2.7,30,112023.706788,True
0.0,30,112068.704319,False
0.0,30,112122.303481,False
0.0,30,112165.940629,False
0.2,30,112215.358784,True
0.0,30,112261.406466,False
0.0,30,112303.388881,False
0.0,30,112350.479195,False
0.0,30,112394.7053,False
0.0,30,112443.614899,False
1.8,30,112487.415316,False
0.0,30,112532.438354,False
2.6,30,112582.423775,True
2.9,30,112628.87925,True
2.7,30,112678.319338,True
0.0,30,112726.44741,False
3.0,30,112776.768445,True
2.5,30,112818.234923,True
2.8,30,112858.895355,True
0.0,30,112904.665086,False
1.8,30,112951.642321,True
2.3,30,113289.694416,True
0.0,30,113336.487378,False
2.7,30,113386.425488,True
2.6,30,113433.143302,True
2.8,30,113481.174942,True
2.7,30,113525.276393,True
0.0,30,113575.781242,False
2.1,30,113621.331497,True
2.4,30,113669.141254,True
2.9,30,113715.850581,True
0.0,30,113766.595143,False
2.3,30,113817.62338,True
0.0,30,113862.009698,False
2.7,30,113911.300404,True
0.0,30,113962.236886,False
0.0,30,114014.671577,False
0.0,30,114065.40405,False
0.0,30,114112.336984,False
2.8,30,114155.885709,True
3.0,30,114201.319305,True
0.0,30,114257.01087,False
0.0,30,114304.486715,False
0.0,30,114354.528246,False
0.0,30,114402.690216,False
0.0,30,114450.848903,False
2.3,30,114497.305653,True
2.7,30,114544.848922,True
1.7,30,114594.191878,True
2.5,30,114644.169955,True
2.7,30,114699.3969,True
3.0,30,114749.192551,True
2.0,30,114802.599476,True
2.3,30,114853.125581,True
0.0,30,114902.896654,False
0.0,30,115213.417291,False
0.0,30,115264.858845,False
0.0,30,115310.112743,False
1.1,30,115353.92356,True
0.0,30,115403.669896,False
2.7,30,115449.569304,True
2.6,30,115498.602444,True
0.0,30,115543.454069,False
2.8,30,115591.617104,True
0.0,30,115639.909498,False
2.6,30,115686.451348,True
2.9,30,115736.81587,True
2.9,30,115782.767332,True
2.9,30,115832.292264,True
2.6,30,115880.503468,True
0.0,30,115924.66363,False
0.0,30,115982.95651,False
0.0,30,116031.625649,False
0.0,30,116083.364774,False
0.0,30,116129.835269,False
2.3,30,116176.012959,True
0.0,30,116228.242398,False
0.0,30,116272.098626,False
0.0,30,116319.083055,False
2.6,30,116365.316418,True
0.0,30,116413.635541,False
0.0,30,116460.86249,False
3.0,30,116504.359244,True
2.7,30,116549.513383,True
2.7,30,116597.500997,True
0.5,30,116648.20478,True
3.0,30,116693.714035,True
0.0,30,116744.595833,False
0.0,30,116788.226771,False
0.0,30,117120.023317,False
2.8,30,117169.633356,True
0.0,30,117216.829913,False
3.0,30,117271.296654,True
2.5,30,117319.254594,True
0.0,30,117372.717282,False
0.0,30,117417.892068,False
0.0,30,117465.319704,False
0.0,30,117516.223158,False
0.0,30,117569.664,False
2.5,30,117645.814808,True
2.8,30,117689.901963,True
0.1,30,117758.639927,True
2.5,30,117805.611367,True
0.0,30,117853.148339,False
1.0,30,117899.435226,True
2.4,30,117946.20262,True
0.0,30,117993.38854,False
0.0,30,118041.858539,False
1.1,30,118094.260929,True
0.0,30,118150.034211,False
1.4,30,118201.952915,True
2.4,30,118249.314193,True
3.0,30,118296.224397,True
2.5,30,118349.391559,True
0.9,30,118401.378599,True
0.0,30,118445.802182,False
2.5,30,118491.966129,True
1.6,30,118547.892826,True
3.0,30,118595.765028,True
0.3,30,118641.200946,True
0.0,30,118685.991355,False
3.0,30,118732.846644,True
0.0,30,118781.861231,False
2.7,30,119140.447624,True
0.0,30,119186.094588,False
0.0,30,119233.726191,False
2.8,30,119283.888694,True
0.0,30,119331.203359,False
0.0,30,119379.859819,False
2.8,30,119423.597281,True
0.0,30,119469.261648,False
2.7,30,119517.445921,True
0.0,30,119563.222042,False
3.0,30,119604.925586,True
0.4,30,119648.751534,True
2.7,30,119696.192118,True
0.0,30,119744.657336,False
0.5,30,119793.842738,False
2.6,30,119851.625504,True
0.0,30,119903.418616,False
2.8,30,119951.291308,True
1.9,30,119998.194509,False
2.2,30,120048.949626,True
2.9,30,120096.378458,True
0.0,30,120144.802783,False
0.0,30,120191.6304,False
2.6,30,120245.129753,True
0.0,30,120292.298801,False
2.5,30,120341.389237,True
0.0,30,120388.445292,False
3.0,30,120436.515772,True
0.0,30,120478.39018,False
0.0,30,120524.897563,False
0.0,30,120573.494131,False
0.0,30,120615.336303,False
0.0,30,120661.623839,False
0.0,30,120708.32488,False
2.3,30,121047.057016,False
0.8,30,121094.346666,False
2.4,30,121141.87914,True
2.7,30,121189.556277,True
0.2,30,121236.353781,True
1.9,30,121299.797848,True
0.0,30,121346.514202,False
0.0,30,121403.620471,False
0.0,30,121450.011348,False
0.0,30,121504.655437,False
2.7,30,121554.373446,True
2.6,30,121600.448938,True
2.2,30,121648.380346,True
0.0,30,121691.066961,False
0.0,30,121736.997449,False
2.9,30,121783.956914,True
0.0,30,121834.938681,False
0.0,30,121892.922171,False
2.8,30,121941.822383,True
0.0,30,121991.001192,False
0.0,30,122043.233896,False
2.7,30,122086.413524,True
0.0,30,122135.588531,False
2.1,30,122182.8135,True
1.3,30,122234.647872,False
0.0,30,122279.56479,False
3.0,30,122324.771754,True
2.4,30,122375.032147,True
0.0,30,122423.122048,False
0.0,30,122474.052589,False
2.7,30,122533.391033,True
2.9,30,122581.069633,True
2.6,30,122624.488072,True
0.0,30,122674.378362,False
2.3,30,122717.986248,True
0.0,30,123050.551947,False
0.0,30,123099.239925,False
2.8,30,123146.358639,True
2.2,30,123195.015104,False
2.7,30,123240.084525,True
2.6,30,123284.669483,True
0.0,30,123334.597929,False
2.4,30,123384.265434,True
2.5,30,123435.31811,True
2.6,30,123486.125839,True
0.0,30,123537.177113,False
2.5,30,123583.535125,True
1.5,30,123628.97328,True
2.0,30,123676.470839,False
0.0,30,123720.418299,False
2.8,30,123764.445568,True
2.0,30,123814.079324,True
0.0,30,123859.946607,False
3.0,30,123905.175223,True
0.0,30,123950.832742,False
2.9,30,124004.595719,True
2.6,30,124052.643788,True
0.0,30,124099.12486,False
0.0,30,124148.522252,False
0.0,30,124196.597287,False
0.5,30,124245.65503,True
2.2,30,124296.177631,True
2.6,30,124344.16043,True
2.6,30,124389.439597,True
0.0,30,124439.107769,False
0.0,30,124484.68733,False
2.6,30,124535.586456,True
2.9,30,124591.266708,True
0.0,30,124640.000205,False
2.7,30,124974.377465,True
0.0,30,125016.827641,False
2.8,30,125068.695359,True
0.0,30,125122.702397,False
0.0,30,125171.451026,False
0.0,30,125219.159608,False
0.0,30,125278.303332,False
0.0,30,125323.908652,False
0.0,30,125369.575323,False
2.7,30,125416.320382,True
0.0,30,125470.508451,False
2.5,30,125517.915176,True
2.3,30,125574.237186,True
2.4,30,125623.242463,True
0.0,30,125670.925968,False
0.0,30,125725.667349,False
2.5,30,125777.072793,True
0.0,30,125827.384315,False
2.9,30,125876.620619,True
0.5,30,125926.432065,True
2.6,30,125974.763505,True
1.6,30,126018.35645,False
0.0,30,126065.516811,False
0.0,30,126112.523072,False
0.0,30,126159.99726,False
2.8,30,126209.425677,True
0.4,30,126260.902756,False
0.0,30,126308.089148,False
0.6,30,126358.26621,True
0.0,30,126412.625803,False
1.2,30,126474.848814,True
0.0,30,126538.763777,False
1.5,30,126587.8699,False
2.3,30,126632.232713,True
0.0,30,126970.989981,False
2.2,30,127018.17759,True
1.8,30,127069.503392,True
0.0,30,127116.087728,False
0.0,30,127159.63878,False
0.0,30,127205.148913,False
0.0,30,127254.163037,False
0.0,30,127302.406474,False
0.0,30,127348.399385,False
0.0,30,127400.039022,False
0.0,30,127445.932362,False
0.0,30,127491.231317,False
2.7,30,127541.71728,True
0.0,30,127592.705375,False
2.8,30,127634.842598,True
0.0,30,127679.420678,False
0.0,30,127723.609656,False
0.0,30,127764.925524,False
0.0,30,127806.164622,False
0.0,30,127869.338432,False
2.7,30,127920.414956,True
0.0,30,127965.670945,False
0.3,30,128010.564328,False
0.0,30,128061.491491,False
0.3,30,128108.283129,True
0.0,30,128150.880296,False
0.0,30,128192.841844,False
2.6,30,128239.795016,True
0.0,30,128289.967818,False
0.0,30,128338.287807,False
0.4,30,128396.448063,False
0.0,30,128445.550656,False
0.0,30,128493.035028,False
3.0,30,128548.671319,True
0.0,30,128906.648502,False
0.0,30,128952.48105,False
0.0,30,128996.000179,False
0.0,30,129036.944302,False
2.4,30,129080.521073,True
0.0,30,129123.94726,False
0.0,30,129167.637075,False
0.0,30,129217.85905,False
0.0,30,129265.012722,False
0.0,30,129311.380989,False
3.0,30,129354.978827,True
0.0,30,129407.455434,False
2.6,30,129454.815984,True
0.0,30,129502.342092,False
2.4,30,129550.999106,True
0.0,30,129598.892109,False
0.0,30,129643.826621,False
2.6,30,129695.71685,True
2.6,30,129744.984451,True
2.6,30,129795.294347,True
0.0,30,129841.727631,False
0.0,30,129892.332585,False
2.5,30,129943.065601,True
1.6,30,129989.185577,False
2.5,30,130035.762543,True
2.6,30,130085.907867,True
0.0,30,130133.068539,False
2.4,30,130173.855017,True
0.0,30,130222.004624,False
0.0,30,130272.547573,False
1.7,30,130317.944443,True
0.0,30,130367.658886,False
0.0,30,130415.929928,False
2.1,30,130466.057142,True
0.0,30,130800.008634,False
0.0,30,130847.249601,False
3.0,30,130903.407302,True
0.0,30,130956.116155,False
2.7,30,130997.642225,True
0.0,30,131045.124028,False
2.6,30,131092.45316,True
1.0,30,131141.431084,True
2.4,30,131191.526855,True
0.0,30,131243.489035,False
2.1,30,131296.2048,True
2.9,30,131340.428441,True
2.6,30,131388.890849,True
2.5,30,131434.313022,True
2.5,30,131480.202957,True
0.0,30,131528.68559,False
0.0,30,131574.70264,False
0.0,30,131619.984758,False
0.0,30,131666.191365,False
1.0,30,131712.74898,True
0.0,30,131756.915116,False
0.0,30,131815.349436,False
0.0,30,131862.437657,False
0.0,30,131905.641697,False
0.0,30,131950.174562,False
2.0,30,132000.77524,True
0.0,30,132050.706395,False
0.0,30,132104.71347,False
0.0,30,132154.419404,False
0.0,30,132199.5217,False
0.0,30,132251.13699,False
0.0,30,132293.798923,False
0.0,30,132340.111115,False
1.2,30,132388.20681,True
0.0,30,132745.599117,False
0.0,30,132789.472959,False
0.0,30,132837.435693,False
2.7,30,132887.371226,True
2.3,30,132934.306275,True
0.0,30,132989.514763,False
0.0,30,133039.020359,False
2.8,30,133085.982058,True
0.0,30,133130.954742,False
2.8,30,133172.880515,True
2.7,30,133225.267921,True
2.9,30,133273.251545,True
0.0,30,133320.408875,False
0.7,30,133361.54155,True
0.0,30,133407.896375,False
0.4,30,133452.169407,True
2.8,30,133496.152395,True
2.8,30,133553.858513,True
0.0,30,133601.656906,False
0.0,30,133652.768834,False
0.0,30,133697.55842,False
2.1,30,133745.861502,True
0.0,30,133795.750103,False
0.0,30,133842.210313,False
1.5,30,133889.615519,True
2.4,30,133941.479922,True
0.0,30,133987.866289,False
2.2,30,134035.316036,True
0.0,30,134088.758133,False
0.0,30,134138.692508,False
2.6,30,134184.780284,True
0.0,30,134232.510303,False
0.0,30,134280.269856,False
0.0,30,134339.44035,False
0.0,30,134673.904908,False
0.0,30,134720.767702,False
0.0,30,134770.027102,False
2.8,30,134815.003919,True
0.0,30,134865.623229,False
2.8,30,134917.282128,True
0.0,30,134968.113153,False
2.4,30,135013.105764,True
2.9,30,135056.597524,True
0.0,30,135103.875086,False
0.0,30,135151.40994,False
2.8,30,135201.263656,True
3.0,30,135249.185189,True
0.0,30,135297.666205,False
2.7,30,135340.972917,True
0.0,30,135390.581668,False
2.6,30,135438.803192,True
2.9,30,135483.027993,True
0.0,30,135531.775617,False
3.0,30,135580.426328,True
3.0,30,135624.497349,True
2.1,30,135675.668688,True
2.7,30,135724.734285,True
0.0,30,135775.463242,False
0.0,30,135826.700458,False
0.0,30,135883.896639,False
0.0,30,135933.216715,False
0.0,30,135979.480972,False
0.0,30,136023.48675,False
0.0,30,136067.997057,False
2.7,30,136114.160406,True
2.9,30,136160.943087,True
2.6,30,136211.481829,True
2.8,30,136260.507471,True
2.7,30,136574.470567,True
0.0,30,136624.242594,False
0.0,30,136673.161419,False
0.0,30,136719.342577,False
2.5,30,136764.82825,True
2.0,30,136813.141193,True
2.8,30,136868.053573,True
2.9,30,136911.532934,True
2.0,30,136959.088568,True
0.0,30,137001.14025,False
0.0,30,137047.175902,False
0.0,30,137101.417346,False
0.0,30,137152.83058,False
0.0,30,137200.79539,False
0.0,30,137242.584081,False
0.0,30,137292.80096,False
2.2,30,137341.373962,True
0.0,30,137388.576293,False
0.0,30,137434.791361,False
0.0,30,137481.822821,False
0.0,30,137533.576946,False
2.8,30,137585.389122,True
0.0,30,137634.579946,False
2.1,30,137686.931239,True
0.0,30,137732.214623,False
2.6,30,137778.347102,True
0.0,30,137825.002006,False
2.0,30,137873.361803,True
0.0,30,137924.165976,False
0.0,30,137980.30652,False
1.2,30,138027.427544,True
3.0,30,138071.086088,True
1.8,30,138123.220084,False
2.8,30,138176.055188,True
2.3,30,138224.321629,True
2.8,30,138574.380322,True
2.7,30,138622.262347,True
2.8,30,138671.437865,True
2.8,30,138715.569288,True
2.6,30,138767.899667,True
0.0,30,138813.69074,False
2.3,30,138862.348682,True
2.8,30,138914.952463,True
0.0,30,138962.559585,False
2.1,30,139001.295211,False
0.0,30,139048.039511,False
0.0,30,139100.958931,False
2.9,30,139151.757834,True
2.5,30,139195.841631,True
0.6,30,139245.319752,True
0.0,30,139290.564244,False
0.0,30,139336.102571,False
2.3,30,139384.386995,True
0.0,30,139428.851086,False
2.5,30,139475.355981,True
2.7,30,139524.319303,True
0.0,30,139573.487989,False
2.2,30,139634.299532,True
0.0,30,139680.674332,False
0.0,30,139725.295295,False
0.0,30,139774.786395,False
0.0,30,139821.110544,False
0.0,30,139867.182344,False
2.7,30,139915.406516,True
0.0,30,139957.276842,False
0.0,30,139999.822929,False
1.3,30,140046.777683,False
0.0,30,140091.178166,False
2.7,30,140140.27106,True
0.0,30,140479.447644,False
0.0,30,140526.832725,False
1.6,30,140578.590359,True
2.8,30,140630.631392,True
0.0,30,140683.09127,False
0.0,30,140732.849666,False
0.0,30,140787.543129,False
2.7,30,140837.745134,True
0.0,30,140886.775419,False
0.0,30,140938.300876,False
1.3,30,140983.203816,True
1.3,30,141031.909412,True
1.4,30,141077.471981,True
0.0,30,141126.464222,False
2.7,30,141178.338923,True
2.6,30,141227.304301,True
2.5,30,141273.394086,True
2.6,30,141324.651302,True
0.0,30,141372.873838,False
0.0,30,141418.766188,False
2.6,30,141463.200567,True
2.7,30,141507.950986,True
2.3,30,141551.743665,True
2.8,30,141594.706702,True
0.0,30,141640.118494,False
0.0,30,141686.267734,False
0.0,30,141734.162693,False
2.9,30,141778.251045,True
0.0,30,141827.305066,False
2.8,30,141872.639719,True
0.0,30,141919.644161,False
2.5,30,141967.370359,True
0.0,30,142011.688834,False
3.0,30,142060.134357,True
0.0,30,142459.144361,False
0.0,30,142503.154669,False
2.8,30,142547.804134,True
0.0,30,142592.813509,False
2.5,30,142641.680681,True
0.0,30,142700.375782,False
3.0,30,142745.497776,True
2.8,30,142793.593903,True
0.0,30,142846.382783,False
0.0,30,142892.894145,False
3.0,30,142942.899067,True
2.8,30,142989.824658,True
0.0,30,143031.452469,False
0.0,30,143077.705631,False
1.7,30,143124.218721,True
0.0,30,143173.117972,False
0.0,30,143222.421406,False
2.6,30,143272.183822,True
2.2,30,143319.71072,True
2.2,30,143368.274648,True
2.7,30,143420.078749,True
0.0,30,143464.37324,False
3.0,30,143524.915121,True
2.5,30,143576.847955,True
0.0,30,143623.602745,False
3.0,30,143677.411171,True
0.0,30,143728.917599,False
0.0,30,143778.561353,False
1.8,30,143829.190717,True
2.5,30,143888.745503,True
2.8,30,143933.852212,True
2.6,30,143982.045933,True
2.7,30,144026.570258,True
0.0,30,144077.850191,False
1.2,30,144419.305807,True
2.6,30,144463.135116,True
2.4,30,144513.655683,True
0.0,30,144557.81393,False
0.0,30,144606.027799,False
0.0,30,144649.880518,False
2.2,30,144695.390355,True
0.0,30,144743.297119,False
2.6,30,144794.071021,True
0.0,30,144846.531443,False
0.0,30,144891.959555,False
0.0,30,144939.143369,False
0.0,30,144999.017492,False
2.7,30,145049.644306,True
2.5,30,145095.544434,True
0.0,30,145145.658424,False
2.5,30,145197.486454,True
0.0,30,145250.247498,False
0.0,30,145302.079729,False
0.0,30,145353.431026,False
2.4,30,145403.615767,True
2.7,30,145454.377632,True
0.0,30,145506.142441,False
2.6,30,145555.903805,True
0.0,30,145603.239786,False
2.6,30,145652.107095,True
0.0,30,145702.674874,False
0.0,30,145750.771107,False
0.0,30,145794.872516,False
0.0,30,145839.255012,False
0.0,30,145886.079116,False
0.0,30,145932.330027,False
0.0,30,145984.173989,False
2.5,30,146029.38484,True
0.0,30,146359.505254,False
2.6,30,146413.799447,True
0.0,30,146463.630647,False
1.0,30,146507.228399,True
2.4,30,146555.388414,True
3.0,30,146597.037926,True
0.0,30,146638.699545,False
2.0,30,146691.496592,True
2.0,30,146740.247273,True
0.0,30,146790.553962,False
0.0,30,146837.840704,False
2.6,30,146882.192596,True
2.9,30,146924.723635,True
0.0,30,146971.304582,False
0.0,30,147020.834429,False
0.0,30,147069.060801,False
0.0,30,147119.472443,False
2.8,30,147167.374834,True
0.0,30,147216.128361,False
0.0,30,147262.061013,False
0.0,30,147309.724764,False
2.8,30,147354.191037,True
2.3,30,147397.311414,True
2.9,30,147437.358728,True
0.0,30,147477.3126,False
1.9,30,147520.607155,False
0.0,30,147565.402993,False
2.9,30,147610.076954,True
0.0,30,147671.426613,False
3.0,30,147726.441398,True
2.8,30,147773.243118,True
2.9,30,147821.058031,True
0.0,30,147865.76366,False
0.0,30,147915.729299,False
2.3,30,148242.828234,True
0.0,30,148285.503208,False
0.0,30,148330.184035,False
2.0,30,148373.518068,True
0.0,30,148422.62418,False
2.7,30,148471.169219,True
2.5,30,148517.456019,True
0.0,30,148565.747225,False
0.0,30,148614.23937,False
2.6,30,148660.600947,True
2.4,30,148710.180494,True
0.0,30,148760.869117,False
2.5,30,148807.410763,True
2.6,30,148851.776603,True
2.0,30,148898.150713,True
2.8,30,148948.557042,True
0.0,30,149001.332114,False
0.0,30,149047.675072,False
1.8,30,149092.866793,True
0.0,30,149141.34234,False
2.7,30,149189.478865,True
0.0,30,149233.11174,False
1.9,30,149280.479902,True
0.0,30,149326.649792,False
0.0,30,149371.60893,False
2.8,30,149419.839937,True
2.1,30,149467.37473,True
0.0,30,149513.576975,False
2.7,30,149567.600529,True
0.0,30,149612.212709,False
0.0,30,149662.38046,False
2.3,30,149709.215592,True
1.1,30,149752.391926,True
0.0,30,149799.602035,False
3.0,30,150129.316206,True
2.4,30,150178.429163,True
0.0,30,150220.625203,False
2.1,30,150267.251466,True
2.3,30,150314.087037,True
0.0,30,150369.75509,False
2.3,30,150414.444882,True
0.0,30,150458.875549,False
2.7,30,150506.280634,True
0.0,30,150557.250724,False
2.6,30,150604.349662,True
1.8,30,150647.105087,True
0.0,30,150688.902152,False
0.0,30,150732.969855,False
0.0,30,150780.965273,False
0.0,30,150845.912915,False
0.0,30,150889.239916,False
2.3,30,150938.313246,True
0.0,30,150985.65483,False
2.5,30,151029.302488,True
2.9,30,151075.554842,True
0.0,30,151124.06303,False
0.0,30,151167.173099,False
0.0,30,151209.314526,False
0.0,30,151256.74338,False
0.0,30,151309.866065,False
2.7,30,151358.869982,True
0.0,30,151401.711158,False
0.0,30,151447.926547,False
0.0,30,151495.999147,False
2.2,30,151539.995403,True
2.7,30,151585.227217,True
0.0,30,151632.873835,False
0.0,30,151679.307766,False
2.9,30,151725.64559,True
2.5,30,152042.226131,True
0.0,30,152104.312996,False
2.5,30,152152.842136,True
0.0,30,152202.463457,False
1.7,30,152250.769585,True
0.0,30,152299.806074,False
2.7,30,152345.359247,True
0.0,30,152392.659487,False
2.4,30,152449.223403,True
0.0,30,152496.377892,False
0.0,30,152548.001421,False
3.0,30,152593.898848,True
2.8,30,152641.972188,True
0.0,30,152689.670434,False
2.7,30,152734.501853,True
3.0,30,152781.518859,True
0.0,30,152826.602017,False
0.0,30,152878.119988,False
0.0,30,152924.781628,False
3.0,30,152970.33253,True
0.0,30,153015.020513,False
2.7,30,153054.337305,True
0.0,30,153149.631937,False
2.6,30,153198.273923,True
0.0,30,153242.182041,False
0.0,30,153288.783995,False
0.0,30,153337.621282,False
2.8,30,153383.902341,True
2.7,30,153432.485559,True
0.0,30,153489.816264,False
2.4,30,153537.280094,True
0.0,30,153589.904521,False
1.5,30,153635.150219,True
0.0,30,153678.875782,False
0.0,30,154014.375597,False
2.6,30,154060.543662,True
0.0,30,154107.286335,False
0.0,30,154148.625421,False
0.6,30,154197.1616,True
2.7,30,154253.617914,True
2.7,30,154303.33647,True
2.9,30,154350.037798,True
2.5,30,154397.703073,True
2.9,30,154449.095841,True
2.5,30,154499.810924,True
2.2,30,154543.816919,True
0.0,30,154596.152166,False
2.4,30,154645.0007,True
0.0,30,154693.829083,False
0.0,30,154735.579371,False
0.0,30,154779.511847,False
0.0,30,154825.779203,False
2.8,30,154869.072294,True
2.4,30,154910.998954,True
2.7,30,154978.833477,True
2.1,30,155024.799718,True
0.0,30,155070.896548,False
0.0,30,155118.836889,False
1.5,30,155164.337908,True
2.9,30,155210.514555,True
0.0,30,155269.186564,False
0.2,30,155317.015406,True
0.0,30,155360.875221,False
0.0,30,155402.159918,False
2.8,30,155446.480372,True
0.0,30,155489.48335,False
0.0,30,155535.620167,False
0.0,30,155583.697768,False
0.0,30,155928.980387,False
0.0,30,155972.587008,False
0.0,30,156017.888271,False
0.0,30,156061.806133,False
2.1,30,156107.491492,True
0.0,30,156158.974037,False
3.0,30,156217.641189,True
0.0,30,156277.874101,False
0.0,30,156324.527175,False
0.0,30,156374.866709,False
2.8,30,156430.259597,True
2.5,30,156472.727056,True
0.0,30,156525.731796,False
2.0,30,156575.141043,True
0.0,30,156624.500355,False
0.2,30,156675.61094,True
2.4,30,156717.431761,True
0.0,30,156764.664783,False
2.4,30,156817.305041,True
0.7,30,156860.597108,False
0.0,30,156904.8906,False
0.0,30,156953.559971,False
2.3,30,157001.404842,True
0.0,30,157049.43247,False
2.9,30,157113.198541,True
0.0,30,157158.937792,False
2.0,30,157202.839873,True
0.0,30,157249.208238,False
0.0,30,157295.692929,False
2.7,30,157345.328656,True
2.5,30,157393.254671,True
0.0,30,157441.820375,False
0.0,30,157489.187346,False
0.0,30,157533.763031,False
0.0,30,157899.135363,False
0.0,30,157947.622478,False
1.7,30,157994.630717,True
0.0,30,158055.682165,False
2.2,30,158099.564736,True
2.5,30,158143.283334,True
2.8,30,158192.662964,True
2.7,30,158242.744797,True
0.0,30,158290.396832,False
0.0,30,158337.618207,False
2.7,30,158390.960216,True
2.6,30,158435.597995,True
2.5,30,158478.47583,True
3.0,30,158523.991041,True
0.0,30,158569.861911,False
0.0,30,158610.397846,False
1.8,30,158658.562001,True
2.8,30,158705.49979,True
2.9,30,158759.116595,True
3.0,30,158812.59832,True
0.0,30,158857.701215,False
2.7,30,158904.233985,True
2.3,30,158951.150999,True
0.0,30,159000.710099,False
3.0,30,159046.318743,True
1.4,30,159097.141448,False
0.0,30,159144.973215,False
0.0,30,159185.026526,False
2.6,30,159235.03164,True
0.0,30,159283.267588,False
2.8,30,159327.299688,True
0.0,30,159374.713808,False
0.0,30,159422.30885,False
2.8,30,159467.845841,True
0.0,30,159820.87839,False
0.0,30,159864.659374,False
0.0,30,159912.929823,False
0.0,30,159975.651667,False
2.5,30,160036.252259,True
0.0,30,160085.775373,False
2.6,30,160130.791641,True
0.0,30,160177.571551,False
2.1,30,160225.120846,True
0.0,30,160277.173042,False
2.7,30,160320.260345,True
0.0,30,160364.152689,False
0.0,30,160414.437012,False
2.1,30,160462.600205,True
1.4,30,160510.463807,True
0.0,30,160552.214051,False
2.3,30,160599.897224,True
2.2,30,160645.937221,True
0.0,30,160694.266268,False
3.0,30,160749.951157,True
2.5,30,160798.912663,True
0.0,30,160848.392577,False
2.6,30,160895.437996,True
0.0,30,160943.780961,False
2.8,30,160988.170331,True
0.0,30,161035.031066,False
0.0,30,161094.693752,False
2.5,30,161137.90512,True
0.0,30,161187.403455,False
2.5,30,161233.153661,True
1.1,30,161291.086289,True
2.8,30,161332.655753,True
2.8,30,161373.537824,True
0.0,30,161446.463711,False
2.7,30,161750.288981,True
0.0,30,161798.208881,False
0.0,30,161847.149781,False
2.8,30,161892.144633,True
2.8,30,161940.392997,True
0.0,30,161989.556176,False
0.0,30,162034.092356,False
3.0,30,162082.893669,True
0.0,30,162131.230004,False
0.0,30,162177.870513,False
0.0,30,162235.76757,False
0.0,30,162286.207344,False
0.0,30,162329.451077,False
0.0,30,162380.523876,False
2.7,30,162427.672147,True
0.0,30,162473.777023,False
2.8,30,162519.284051,True
2.9,30,162567.524128,True
0.0,30,162617.109923,False
0.0,30,162662.848583,False
0.0,30,162713.627928,False
0.0,30,162762.224585,False
0.0,30,162809.917305,False
0.0,30,162855.1015,False
0.0,30,162905.982801,False
0.0,30,162954.809004,False
0.0,30,162998.754096,False
2.7,30,163055.117681,True
2.1,30,163099.775541,True
3.0,30,163146.317735,True
2.1,30,163194.563577,True
0.0,30,163238.806152,False
2.9,30,163284.089543,True
0.0,30,163332.213696,False
0.0,30,163649.267767,False
1.7,30,163693.934115,False
2.8,30,163735.407305,True
2.7,30,163783.774101,True
0.0,30,163830.169034,False
1.8,30,163878.16315,True
0.0,30,163927.203138,False
0.0,30,163977.519336,False
2.7,30,164019.31332,True
2.9,30,164062.930817,True
0.0,30,164113.81882,False
2.5,30,164162.659577,True
3.0,30,164214.676091,True
0.0,30,164261.138859,False
2.6,30,164306.279314,True
0.0,30,164351.129297,False
0.0,30,164401.247773,False
2.8,30,164449.065293,True
0.0,30,164494.322785,False
2.4,30,164544.103332,False
2.8,30,164594.807908,True
3.0,30,164641.450515,True
2.9,30,164694.224476,True
0.0,30,164743.573833,False
2.5,30,164788.901822,True
2.5,30,164841.042582,True
0.0,30,164891.475253,False
0.0,30,164946.7735,False
2.8,30,164992.872526,True
0.0,30,165045.915701,False
0.0,30,165088.592513,False
0.0,30,165133.525266,False
1.6,30,165179.420152,True
0.0,30,165231.507505,False
2.6,30,165537.315053,True
2.6,30,165581.970009,True
0.0,30,165626.632863,False
2.5,30,165671.196812,True
1.6,30,165718.0734,True
0.0,30,165772.955729,False
2.8,30,165818.87177,True
0.0,30,165874.337024,False
2.4,30,165919.713908,True
0.0,30,165965.020788,False
2.5,30,166012.874457,True
1.9,30,166069.535676,True
0.0,30,166114.77038,False
0.0,30,166160.962437,False
2.4,30,166214.493594,True
0.0,30,166267.806726,False
0.0,30,166316.641821,False
0.0,30,166363.747174,False
2.7,30,166415.465465,True
1.2,30,166467.016968,True
0.0,30,166515.467928,False
0.5,30,166560.88742,True
2.4,30,166607.136723,True
0.0,30,166655.588994,False
0.0,30,166703.357851,False
2.7,30,166747.426646,True
0.0,30,166792.25866,False
0.0,30,166833.706481,False
0.1,30,166878.918948,True
0.0,30,166924.061624,False
0.0,30,166975.066557,False
0.0,30,167019.507558,False
0.0,30,167064.550039,False
0.0,30,167113.556644,False
0.0,30,167156.483738,False
0.0,30,167467.379877,False
2.7,30,167509.591599,True
0.6,30,167554.16882,False
1.4,30,167602.859641,True
3.0,30,167648.79278,True
0.0,30,167696.905495,False
0.0,30,167743.395759,False
0.0,30,167788.139973,False
0.0,30,167829.728758,False
0.0,30,167879.894845,False
1.9,30,167922.966265,True
0.0,30,167962.557227,False
1.7,30,168006.942762,True
2.4,30,168056.038531,True
2.6,30,168105.386211,True
2.7,30,168152.070667,True
2.1,30,168200.843673,True
0.0,30,168247.510257,False
0.0,30,168292.848728,False
0.0,30,168341.822478,False
0.0,30,168385.741681,False
2.8,30,168433.814035,True
0.0,30,168485.490669,False
0.0,30,168529.379922,False
0.0,30,168572.897789,False
0.0,30,168623.813144,False
2.4,30,168666.546959,True
0.3,30,168709.19062,False
0.0,30,168755.299091,False
0.0,30,168804.69235,False
0.0,30,168849.306997,False
0.0,30,168905.034379,False
0.0,30,168947.063519,False
2.9,30,168992.061826,True
0.0,30,169293.609951,False
2.6,30,169341.363828,True
0.0,30,169387.680767,False
0.0,30,169435.2728,False
2.7,30,169477.825512,True
0.0,30,169526.928451,False
0.0,30,169573.206652,False
2.3,30,169622.76668,True
2.8,30,169665.744936,True
2.2,30,169715.660355,True
0.0,30,169762.92568,False
2.6,30,169812.213417,True
0.0,30,169855.914275,False
2.8,30,169901.617328,True
2.8,30,169954.649933,True
2.4,30,170001.641413,True
0.0,30,170044.712602,False
0.0,30,170093.299572,False
0.0,30,170138.837765,False
2.4,30,170183.758561,True
2.7,30,170231.0957,True
0.0,30,170286.417186,False
0.0,30,170334.309714,False
1.8,30,170375.896255,True
2.6,30,170418.888787,True
2.0,30,170468.780076,True
0.0,30,170512.971502,False
0.0,30,170554.049958,False
0.0,30,170601.089082,False
2.8,30,170643.890194,True
0.0,30,170710.442389,False
1.4,30,170761.348894,False
0.0,30,170807.473321,False
2.6,30,170870.302302,True
2.3,30,171158.584898,True
2.8,30,171204.630042,True
2.6,30,171249.258365,True
0.0,30,171293.260192,False
2.4,30,171341.322825,True
0.0,30,171389.822771,False
0.0,30,171434.151098,False
0.0,30,171475.254501,False
3.0,30,171520.752888,True
0.0,30,171563.203331,False
0.0,30,171606.250381,False
0.0,30,171655.459189,False
2.5,30,171702.380508,True
0.0,30,171750.404217,False
0.0,30,171800.761877,False
2.9,30,171847.635086,True
0.0,30,171893.389778,False
0.0,30,171940.699721,False
0.0,30,171994.272619,False
0.0,30,172035.970829,False
0.0,30,172090.566941,False
2.4,30,172138.755226,True
1.5,30,172185.666044,True
0.0,30,172233.093394,False
2.5,30,172288.081221,True
0.0,30,172329.310199,False
0.0,30,172375.905319,False
2.8,30,172423.353684,True
0.0,30,172469.961726,False
0.0,30,172519.004734,False
2.5,30,172575.694607,True
2.7,30,172623.721012,True
0.0,30,172670.599691,False
0.0,30,172715.229186,False
0.0,30,172989.416366,False
0.0,30,173035.046242,False
0.0,30,173083.065123,False
0.0,30,173125.349087,False
2.8,30,173168.76013,True
0.0,30,173219.451656,False
0.0,30,173264.723672,False
0.0,30,173312.879689,False
0.0,30,173358.052526,False
2.7,30,173408.804136,True
1.2,30,173451.664587,True
2.9,30,173503.892964,True
0.0,30,173552.235244,False
0.0,30,173598.699162,False
0.0,30,173644.62495,False
0.0,30,173684.606161,False
0.0,30,173729.726643,False
0.0,30,173772.510226,False
2.7,30,173817.88133,True
0.0,30,173865.076301,False
2.8,30,173900.916792,True
2.9,30,173946.008286,True
2.0,30,173989.771664,True
2.4,30,174043.500746,True
2.5,30,174084.383557,True
2.7,30,174130.702459,True
1.2,30,174175.660168,True
0.0,30,174226.473902,False
2.7,30,174280.783252,True
0.0,30,174324.334469,False
0.0,30,174377.973765,False
0.0,30,174433.625367,False
2.6,30,174485.103136,True
0.0,30,174531.736892,False
2.5,30,174818.1161,True
2.9,30,174863.04654,True
0.0,30,174907.29439,False
2.6,30,174951.370797,True
0.0,30,174997.368332,False
0.6,30,175039.433824,True
0.0,30,175085.916398,False
2.2,30,175131.521825,False
0.0,30,175188.494212,False
2.7,30,175230.247461,True
0.0,30,175276.336833,False
0.0,30,175318.110653,False
2.2,30,175362.739963,True
0.0,30,175407.643704,False
0.0,30,175452.011103,False
0.0,30,175498.118649,False
0.0,30,175540.489271,False
2.7,30,175587.672809,True
0.0,30,175632.659908,False
0.0,30,175678.527328,False
0.0,30,175724.558911,False
0.0,30,175771.0225,False
0.0,30,175815.984784,False
2.4,30,175861.405066,True
0.0,30,175904.02632,False
2.2,30,175949.03605,True
1.8,30,175994.035604,True
2.7,30,176038.664033,True
2.8,30,176087.051007,True
2.6,30,176135.416291,True
2.9,30,176178.211861,True
0.0,30,176215.846303,False
0.0,30,176262.509105,False
0.5,30,176307.964558,True
2.7,30,176581.431126,True
2.1,30,176628.450068,True
2.5,30,176674.732903,True
2.2,30,176722.280963,True
0.0,30,176765.069851,False
0.0,30,176807.075289,False
0.0,30,176856.678295,False
0.0,30,176906.435688,False
2.7,30,176951.250429,True
0.0,30,177008.489523,False
3.0,30,177056.654212,True
2.7,30,177101.24858,True
0.0,30,177143.643102,False
0.0,30,177189.241875,False
0.0,30,177234.968063,False
0.0,30,177283.87234,False
0.0,30,177332.80613,False
2.6,30,177385.379323,True
0.0,30,177431.929196,False
2.8,30,177475.910747,True
0.0,30,177524.563509,False
2.4,30,177574.614388,True
0.0,30,177615.187001,False
1.7,30,177658.827898,True
0.0,30,177700.419824,False
2.7,30,177745.972107,True
2.6,30,177785.454908,True
0.0,30,177828.119856,False
0.0,30,177871.827351,False
2.2,30,177919.920169,True
0.0,30,177965.417855,False
0.0,30,178006.838555,False
2.5,30,178049.006208,True
0.0,30,178090.712671,False
2.6,30,178389.430575,True
0.0,30,178440.718426,False
0.0,30,178489.800331,False
0.0,30,178534.605036,False
0.0,30,178584.677972,False
2.9,30,178625.206351,True
1.5,30,178670.298352,True
0.0,30,178721.165245,False
0.0,30,178782.174183,False
2.9,30,178827.591971,True
2.5,30,178878.305229,True
2.6,30,178924.462702,True
0.0,30,178966.295197,False
2.4,30,179015.639866,True
2.3,30,179059.372649,True
0.0,30,179108.696232,False
2.8,30,179159.341242,True
2.7,30,179201.829968,True
1.6,30,179252.381858,True
0.0,30,179295.755007,False
0.0,30,179337.138229,False
2.4,30,179382.578092,True
2.4,30,179433.178655,True
0.0,30,179481.197099,False
0.0,30,179525.302157,False
2.4,30,179575.958124,True
0.0,30,179624.788083,False
0.0,30,179671.448607,False
0.0,30,179714.057415,False
0.5,30,179762.04224,False
0.0,30,179808.463948,False
0.0,30,179855.334759,False
0.0,30,179905.157735,False
2.1,30,179951.385438,True
0.0,30,179999.58006,False
0.0,30,180357.363826,False
2.1,30,180405.811795,True
0.0,30,180456.393185,False
0.0,30,180501.001103,False
3.0,30,180545.401357,True
0.0,30,180593.184615,False
0.0,30,180639.387689,False
0.1,30,180686.181037,False
0.0,30,180742.170995,False
2.1,30,180787.514472,True
2.7,30,180835.000485,True
2.8,30,180883.180439,True
0.0,30,180929.804194,False
0.0,30,180977.817605,False
0.0,30,181024.818043,False
2.1,30,181073.412736,True
2.0,30,181120.385806,True
2.0,30,181166.669762,True
0.0,30,181207.447871,False
2.5,30,181256.086222,True
2.6,30,181310.3904,True
0.0,30,181354.474531,False
0.0,30,181403.304093,False
0.0,30,181449.468563,False
0.0,30,181496.707381,False
2.6,30,181541.073115,True
2.8,30,181590.359854,True
0.0,30,181632.822833,False
0.0,30,181681.265767,False
0.0,30,181726.350634,False
2.5,30,181770.070966,True
0.0,30,181815.898342,False
2.3,30,181860.624794,True
2.4,30,181906.319136,True
0.0,30,182272.360851,False
0.0,30,182323.015932,False
0.0,30,182371.546905,False
0.0,30,182422.095538,False
2.5,30,182465.808009,True
0.0,30,182506.533325,False
0.0,30,182563.947497,False
2.1,30,182608.480608,True
0.0,30,182658.434291,False
0.0,30,182705.689521,False
0.0,30,182751.365607,False
2.6,30,182794.791436,True
0.0,30,182843.726336,False
2.2,30,182893.729526,True
0.0,30,182939.814585,False
0.0,30,182982.092384,False
0.0,30,183031.597633,False
0.0,30,183077.585451,False
2.7,30,183122.843406,True
2.5,30,183169.910797,True
2.5,30,183213.606299,True
2.6,30,183259.419578,True
0.0,30,183307.526952,False
2.7,30,183353.954052,True
2.9,30,183408.937524,True
0.0,30,183482.312721,False
0.0,30,183529.945377,False
2.7,30,183575.229712,True
0.0,30,183631.925949,False
2.5,30,183683.470108,True
1.8,30,183726.44776,True
0.0,30,183775.76508,False
0.0,30,183821.137764,False
0.0,30,183872.101221,False
2.8,30,184213.317267,True
2.7,30,184254.376984,True
1.2,30,184300.061382,True
0.0,30,184344.184861,False
2.0,30,184387.481899,True
2.6,30,184433.557806,True
2.7,30,184481.105298,True
0.0,30,184525.64632,False
0.0,30,184572.64042,False
2.8,30,184620.488155,True
2.9,30,184669.935477,True
2.8,30,184713.799632,True
0.0,30,184759.133335,False
0.0,30,184800.544456,False
0.0,30,184850.461125,False
2.5,30,184906.747828,True
1.0,30,184958.083967,True
0.0,30,185005.39969,False
2.6,30,185052.241278,True
3.0,30,185098.493962,True
0.0,30,185143.618124,False
0.0,30,185189.791202,False
2.5,30,185250.046404,True
3.0,30,185309.667713,True
2.7,30,185359.501667,True
2.4,30,185403.829574,True
2.5,30,185448.165117,True
0.9,30,185491.27668,False
0.0,30,185532.124261,False
0.0,30,185576.425858,False
0.0,30,185624.120182,False
0.0,30,185669.744888,False
2.9,30,185711.738642,True
0.0,30,185758.359992,False
2.5,30,186137.034464,True
0.0,30,186182.908385,False
0.0,30,186243.872829,False
2.4,30,186290.097895,False
2.7,30,186339.210378,True
2.7,30,186385.194708,True
0.0,30,186434.85473,False
0.0,30,186476.479632,False
2.6,30,186528.85849,True
2.0,30,186581.922206,True
2.8,30,186627.779698,True
0.0,30,186684.310425,False
1.9,30,186735.301922,True
2.9,30,186787.728244,True
0.0,30,186833.797047,False
2.4,30,186878.586435,True
0.9,30,186932.221278,True
0.0,30,186976.562956,False
0.0,30,187022.670445,False
0.0,30,187066.563811,False
0.0,30,187117.360929,False
2.6,30,187161.154621,True
2.5,30,187207.78422,True
2.9,30,187270.0772,True
2.5,30,187317.367371,True
0.0,30,187361.938625,False
2.4,30,187406.592387,True
0.0,30,187457.499294,False
0.0,30,187498.033132,False
1.8,30,187542.714727,True
0.0,30,187585.979969,False
2.7,30,187632.282011,True
2.5,30,187685.03506,True
1.8,30,187730.082142,True
2.7,30,188100.011527,True
0.0,30,188150.893961,False
0.0,30,188199.115109,False
0.0,30,188246.42391,False
1.9,30,188291.595022,True
2.9,30,188334.340053,True
0.0,30,188381.356788,False
0.0,30,188431.535951,False
0.0,30,188479.946133,False
0.0,30,188526.472429,False
0.0,30,188568.86477,False
2.5,30,188617.920907,True
2.7,30,188661.582321,True
0.4,30,188711.795376,True
0.0,30,188760.260873,False
3.0,30,188811.151395,True
2.0,30,188866.906595,True
2.5,30,188911.817422,True
2.7,30,188958.967845,True
2.8,30,189008.556487,True
0.0,30,189063.2281,False
0.0,30,189111.395835,False
0.0,30,189155.08985,False
1.0,30,189207.135806,False
0.0,30,189261.040972,False
0.0,30,189307.103847,False
2.8,30,189350.866148,True
1.6,30,189401.422326,True
0.0,30,189447.883412,False
2.5,30,189493.576191,True
2.8,30,189536.874971,True
2.6,30,189589.441061,True
2.9,30,189635.907152,True
0.0,30,189686.321128,False
0.0,30,190017.2367,False
2.5,30,190061.865174,True
2.7,30,190108.873762,True
1.7,30,190155.948954,True
0.0,30,190202.914537,False
0.0,30,190246.880924,False
2.1,30,190291.311315,True
0.2,30,190337.835905,True
0.0,30,190384.531395,False
1.4,30,190441.984066,True
2.7,30,190488.670556,True
0.0,30,190534.329422,False
0.0,30,190581.181474,False
2.7,30,190628.03934,True
0.0,30,190674.701358,False
0.0,30,190726.889167,False
2.3,30,190778.499358,True
2.7,30,190826.607351,True
0.0,30,190871.286243,False
0.0,30,190919.418773,False
2.7,30,190971.982448,True
0.0,30,191011.56566,False
2.8,30,191059.975827,True
0.0,30,191106.524359,False
0.0,30,191150.844209,False
0.0,30,191198.465705,False
2.5,30,191245.780965,True
2.9,30,191290.323363,True
2.7,30,191352.337953,True
2.7,30,191407.377393,True
2.7,30,191458.475874,True
2.8,30,191506.346418,True
2.8,30,191555.220955,True
0.0,30,191600.616491,False
0.0,30,191944.990932,False
0.0,30,191995.65517,False
0.0,30,192043.935014,False
0.0,30,192092.066863,False
0.0,30,192137.125663,False
2.8,30,192178.963153,True
2.0,30,192225.421033,True
0.0,30,192269.013222,False
0.0,30,192312.677771,False
2.5,30,192356.536656,True
0.0,30,192401.506224,False
2.4,30,192443.739181,True
2.4,30,192489.033236,True
2.2,30,192530.636587,True
2.5,30,192578.067683,True
0.0,30,192626.603145,False
2.7,30,192671.596083,True
2.4,30,192715.997515,True
1.5,30,192767.953461,True
1.2,30,192814.716845,True
0.0,30,192858.194515,False
3.0,30,192900.030308,True
0.0,30,192948.703562,False
0.0,30,192999.375861,False
2.0,30,193047.280037,True
0.0,30,193093.733905,False
0.0,30,193139.117677,False
0.0,30,193185.255083,False
0.0,30,193230.920701,False
2.7,30,193275.104437,True
0.0,30,193319.597376,False
0.0,30,193364.379463,False
0.0,30,193408.596349,False
0.0,30,193472.520234,False
0.0,30,193836.885155,False
0.1,30,193881.118443,True
2.2,30,193928.544178,True
2.6,30,193973.67448,True
2.5,30,194026.922243,True
0.0,30,194079.255551,False
2.9,30,194124.899185,True
0.0,30,194175.479,False
2.1,30,194223.095335,True
0.0,30,194271.38121,False
0.0,30,194318.296499,False
2.5,30,194362.633314,True
0.0,30,194410.858573,False
0.0,30,194461.066154,False
0.0,30,194510.147741,False
2.8,30,194556.488344,True
2.8,30,194602.832628,True
0.0,30,194652.473624,False
0.0,30,194701.232605,False
0.0,30,194746.644539,False
0.9,30,194792.741073,True
2.7,30,194844.172013,True
2.7,30,194886.384324,True
0.0,30,194933.968271,False
0.0,30,194983.130018,False
0.0,30,195026.254461,False
2.8,30,195068.953946,True
2.3,30,195122.206871,True
0.0,30,195171.857115,False
2.8,30,195219.716301,True
3.0,30,195270.778373,True
0.0,30,195322.220596,False
0.0,30,195377.679063,False
2.8,30,195423.140332,True
0.0,30,195466.615329,False
0.0,30,195814.55763,False
0.0,30,195860.679506,False
0.0,30,195910.463979,False
0.0,30,195962.893294,False
0.0,30,196018.637432,False
2.2,30,196063.747016,True
0.0,30,196110.783477,False
2.6,30,196152.385107,True
0.0,30,196200.034757,False
0.0,30,196246.413441,False
0.0,30,196309.126413,False
0.0,30,196357.410469,False
0.0,30,196415.589501,False
0.0,30,196463.784969,False
0.0,30,196512.137453,False
0.0,30,196564.379764,False
0.0,30,196608.335027,False
1.2,30,196659.735911,True
0.0,30,196707.895924,False
0.0,30,196756.996988,False
0.0,30,196806.964659,False
2.8,30,196858.507469,True
2.4,30,196903.761346,True
0.0,30,196945.051429,False
2.1,30,196990.747266,True
0.0,30,197038.728161,False
0.0,30,197086.557338,False
0.0,30,197135.040195,False
2.7,30,197187.629609,True
0.0,30,197233.327971,False
0.0,30,197286.663373,False
0.0,30,197337.61537,False
1.3,30,197392.206527,True
0.0,30,197441.343092,False
2.8,30,197756.403897,True
0.0,30,197800.736001,False
2.7,30,197845.54355,True
0.0,30,197888.989386,False
0.0,30,197935.662544,False
2.7,30,197981.669678,True
1.5,30,198024.274431,True
0.0,30,198070.514949,False
0.0,30,198113.099113,False
0.0,30,198159.611755,False
0.0,30,198210.645192,False
0.0,30,198259.360013,False
2.8,30,198312.719532,True
0.0,30,198369.169032,False
2.8,30,198420.216609,True
0.0,30,198469.790092,False
2.5,30,198518.399596,True
2.8,30,198564.594611,True
3.0,30,198611.138477,True
0.0,30,198659.67278,False
0.0,30,198718.228477,False
1.7,30,198764.106066,True
2.3,30,198820.197966,True
2.9,30,198865.483626,True
0.7,30,198913.62943,True
2.8,30,198953.733061,True
0.0,30,199001.959678,False
0.9,30,199050.298861,True
0.0,30,199099.224669,False
0.0,30,199151.271833,False
0.0,30,199203.674444,False
0.0,30,199255.674458,False
0.0,30,199307.306975,False
0.0,30,199347.499331,False
0.0,30,199683.054408,False
2.7,30,199726.350143,True
0.0,30,199781.474697,False
2.6,30,199826.842242,True
0.0,30,199875.858578,False
2.5,30,199924.728431,True
2.8,30,199968.073305,True
2.9,30,200062.788164,True
0.0,30,200109.047411,False
2.8,30,200154.024271,True
0.0,30,200200.352739,False
0.0,30,200242.694364,False
0.0,30,200288.237027,False
2.5,30,200333.949936,True
0.0,30,200382.162724,False
0.0,30,200430.250105,False
2.5,30,200477.101745,True
2.8,30,200526.276603,True
2.2,30,200572.394125,True
0.0,30,200622.573241,False
2.7,30,200669.04085,True
0.0,30,200715.276694,False
0.0,30,200767.567698,False
2.6,30,200811.915879,True
0.0,30,200856.059837,False
2.9,30,200913.23631,True
0.0,30,200967.595869,False
2.5,30,201022.862546,True
0.0,30,201073.263258,False
2.6,30,201117.649042,True
2.1,30,201164.805858,True
1.6,30,201207.386705,True
0.0,30,201253.202403,False
0.0,30,201298.925032,False
2.3,30,201648.604754,True
0.0,30,201698.374387,False
0.0,30,201752.235415,False
0.0,30,201807.432823,False
2.8,30,201856.27925,True
1.6,30,201902.825313,True
0.0,30,201941.417491,False
0.0,30,201987.130862,False
2.3,30,202032.636262,True
0.0,30,202073.449775,False
0.0,30,202123.855309,False
0.0,30,202174.21683,False
0.0,30,202219.10742,False
0.0,30,202271.842193,False
2.8,30,202317.954096,True
0.0,30,202361.756474,False
1.9,30,202404.331909,True
3.0,30,202448.067517,True
0.0,30,202500.790572,False
2.9,30,202547.734949,True
0.0,30,202591.691581,False
1.8,30,202637.861871,True
0.0,30,202682.773723,False
2.6,30,202731.477227,True
2.5,30,202785.593092,True
0.0,30,202829.475987,False
2.4,30,202871.378517,True
2.8,30,202918.173806,True
0.0,30,202959.860946,False
1.5,30,203006.349226,True
0.0,30,203052.30609,False
2.8,30,203100.658473,True
0.0,30,203146.201547,False
2.2,30,203196.790478,True
2.4,30,203543.990328,True
2.4,30,203592.160416,True
2.0,30,203649.044817,True
2.8,30,203698.902726,True
2.7,30,203765.701044,True
2.7,30,203810.501284,True
0.0,30,203865.047241,False
2.2,30,203910.926711,True
2.6,30,203959.579942,True
2.8,30,204006.936645,True
2.9,30,204052.795349,True
2.7,30,204102.764528,True
0.0,30,204144.093531,False
0.0,30,204197.136647,False
2.8,30,204241.0324,True
0.0,30,204288.517168,False
0.0,30,204335.570947,False
2.8,30,204381.564817,True
0.0,30,204427.197418,False
0.0,30,204472.406116,False
2.7,30,204519.621039,True
2.1,30,204574.454586,True
2.2,30,204620.678772,True
2.6,30,204672.840064,True
0.0,30,204718.770695,False
0.0,30,204759.995711,False
0.0,30,204805.762514,False
2.9,30,204858.074086,True
0.0,30,204904.564006,False
0.0,30,204943.610361,False
0.0,30,204986.040422,False
0.0,30,205033.05688,False
0.0,30,205080.105422,False
1.9,30,205127.615334,True
2.7,30,205461.5574,True
0.0,30,205504.860317,False
2.6,30,205554.613895,True
0.0,30,205600.54725,False
0.0,30,205648.395635,False
0.0,30,205697.9036,False
2.7,30,205746.448192,True
1.3,30,205796.260281,True
2.8,30,205844.010202,True
0.0,30,205885.9049,False
2.2,30,205931.739914,True
0.0,30,205982.524809,False
1.6,30,206031.787398,True
0.0,30,206076.482282,False
2.7,30,206123.593357,True
0.0,30,206176.611475,False
0.0,30,206220.768941,False
0.0,30,206267.822862,False
0.0,30,206315.426771,False
2.6,30,206364.388628,True
2.8,30,206414.309995,True
2.6,30,206462.112021,True
2.7,30,206505.329449,True
0.0,30,206552.926064,False
0.0,30,206610.101365,False
2.7,30,206656.469999,True
2.3,30,206700.745971,True
0.0,30,206752.559076,False
0.0,30,206797.583899,False
2.7,30,206851.316648,True
0.0,30,206897.456213,False
0.0,30,206949.411551,False
2.5,30,206996.041001,True
2.7,30,207044.111147,True
2.5,30,207377.252206,True
0.0,30,207423.761274,False
3.0,30,207469.971461,True
2.2,30,207522.98437,True
1.6,30,207567.594734,True
0.0,30,207619.45824,False
2.4,30,207665.733098,True
2.6,30,207708.797436,True
2.6,30,207754.258782,True
2.6,30,207799.785004,True
2.0,30,207847.209957,True
0.0,30,207889.874485,False
0.0,30,207944.687624,False
0.0,30,207993.655288,False
2.7,30,208035.652068,True
2.7,30,208082.053962,True
2.9,30,208127.683533,True
0.0,30,208169.731797,False
2.7,30,208210.124133,True
2.4,30,208261.881131,True
2.4,30,208309.565023,True
2.7,30,208359.955698,True
2.6,30,208405.513225,True
2.3,30,208456.787342,True
0.0,30,208503.860425,False
2.8,30,208544.799403,True
0.0,30,208588.982334,False
3.0,30,208633.883503,True
0.0,30,208683.777882,False
0.0,30,208731.132807,False
0.0,30,208775.035064,False
0.0,30,208820.561872,False
0.0,30,208863.13318,False
2.8,30,208928.528239,True
1.8,30,208976.376693,True
2.4,30,209337.151046,True
2.7,30,209384.351224,True
1.8,30,209424.738076,True
3.0,30,209470.950376,True
0.0,30,209519.458071,False
2.8,30,209562.607214,True
3.0,30,209609.675849,True
2.3,30,209656.702115,True
0.0,30,209705.992272,False
0.0,30,209751.857048,False
0.0,30,209795.346739,False
2.9,30,209842.742909,True
0.0,30,209891.29783,False
2.0,30,209940.231699,True
0.0,30,209987.948254,False
2.5,30,210038.590236,True
2.2,30,210082.893934,True
2.7,30,210128.409258,True
2.7,30,210169.01971,True
2.5,30,210225.113755,True
2.6,30,210271.050713,True
2.8,30,210319.739209,True
0.0,30,210361.485209,False
0.0,30,210410.671593,False
0.0,30,210465.724968,False
0.0,30,210518.740082,False
0.0,30,210566.908876,False
2.9,30,210617.420113,True
0.0,30,210666.286128,False
0.0,30,210713.320511,False
0.0,30,210757.52568,False
2.2,30,210804.201236,True
2.5,30,210853.453791,True
1.6,30,210898.421085,True
2.7,30,211216.169373,True
0.0,30,211260.415965,False
2.8,30,211312.389955,True
0.0,30,211356.442107,False
2.6,30,211401.771534,True
0.0,30,211447.055168,False
2.5,30,211490.785148,True
0.0,30,211534.111515,False
2.4,30,211580.762222,True
0.0,30,211630.168388,False
2.7,30,211676.745858,True
2.1,30,211720.919861,True
2.2,30,211766.235274,True
2.5,30,211812.922414,True
0.0,30,211873.524861,False
0.0,30,211919.547918,False
1.9,30,211964.409425,True
2.7,30,212012.657336,True
0.0,30,212054.127602,False
2.9,30,212117.153256,True
0.0,30,212159.629277,False
0.0,30,212207.549025,False
2.8,30,212255.841692,True
0.0,30,212300.723181,False
0.0,30,212343.77323,False
2.3,30,212392.994802,True
2.3,30,212435.881526,True
1.9,30,212484.321201,True
2.8,30,212532.610805,True
0.0,30,212585.965641,False
0.0,30,212634.026637,False
2.8,30,212677.406882,True
0.0,30,212725.032361,False
2.5,30,212768.825093,True
0.0,30,213098.303369,False
0.0,30,213147.103396,False
0.0,30,213199.793429,False
2.4,30,213249.933343,True
0.0,30,213301.831368,False
2.5,30,213346.73347,True
2.0,30,213393.643577,True
0.0,30,213442.418969,False
1.0,30,213487.654926,True
0.0,30,213530.303994,False
0.0,30,213571.734943,False
0.0,30,213651.831081,False
0.0,30,213698.432421,False
0.0,30,213743.17821,False
2.4,30,213817.975066,True
0.0,30,213861.595763,False
0.0,30,213900.736753,False
2.8,30,213958.750869,True
0.0,30,214006.318351,False
2.7,30,214054.572761,True
0.0,30,214102.311095,False
2.8,30,214147.565589,True
0.0,30,214189.240792,False
2.8,30,214229.349392,True
0.0,30,214273.353019,False
2.5,30,214327.974854,True
0.0,30,214375.667598,False
0.0,30,214416.772031,False
2.6,30,214459.715195,True
0.0,30,214513.306569,False
0.0,30,214553.91006,False
2.5,30,214602.141844,True
0.0,30,214648.467557,False
2.1,30,214689.893339,True
0.0,30,215022.434931,False
0.0,30,215068.51487,False
2.4,30,215113.470704,True
0.0,30,215158.738899,False
2.7,30,215201.975666,True
2.7,30,215243.270549,True
1.2,30,215287.282234,True
2.8,30,215373.811323,True
2.5,30,215432.823446,True
2.9,30,215478.972503,True
2.6,30,215525.219442,True
2.3,30,215573.495004,True
0.0,30,215619.567314,False
2.7,30,215665.976255,True
0.0,30,215720.553028,False
3.0,30,215771.216282,True
0.0,30,215819.379282,False
2.4,30,215864.074023,True
0.0,30,215911.920477,False
2.6,30,215958.453158,True
0.0,30,216007.969744,False
2.6,30,216051.623809,True
0.0,30,216102.372067,False
0.0,30,216152.740723,False
2.9,30,216199.395648,True
2.8,30,216245.089493,True
0.0,30,216287.31194,False
2.3,30,216337.087848,True
0.0,30,216380.903224,False
3.0,30,216421.935751,True
3.0,30,216466.152869,True
2.6,30,216517.409178,True
2.2,30,216562.651776,True
0.0,30,216613.571946,False
0.0,30,216933.518079,False
0.0,30,216975.789725,False
1.7,30,217022.575967,True
0.6,30,217068.988806,False
2.3,30,217118.813627,True
2.7,30,217165.179318,True
2.7,30,217216.325483,True
2.7,30,217266.445578,True
0.0,30,217320.698679,False
2.9,30,217368.462087,True
2.5,30,217422.981655,True
2.5,30,217467.811575,True
0.0,30,217512.725046,False
2.4,30,217560.821328,True
0.0,30,217604.900249,False
0.0,30,217648.654783,False
2.2,30,217694.963909,True
2.0,30,217739.103564,True
2.8,30,217784.074166,True
0.0,30,217837.092124,False
3.0,30,217880.516124,True
2.9,30,217922.368069,True
2.7,30,217966.764424,True
0.0,30,218019.283728,False
0.0,30,218063.720303,False
2.2,30,218110.417517,True
1.8,30,218159.312212,True
0.0,30,218209.172476,False
0.0,30,218254.232882,False
0.0,30,218298.809812,False
0.0,30,218346.260332,False
2.6,30,218389.839592,True
3.0,30,218435.752274,True
1.8,30,218477.997494,True
0.0,30,218777.211423,False
2.2,30,218825.725426,True
2.8,30,218893.787509,True
0.0,30,218930.260593,False
0.0,30,218974.377491,False
0.0,30,219020.832355,False
2.8,30,219063.663933,True
2.5,30,219117.891062,True
2.4,30,219161.953724,True
0.0,30,219212.060878,False
0.0,30,219255.582031,False
2.6,30,219302.496895,True
2.7,30,219349.311274,True
2.8,30,219399.582458,True
0.0,30,219445.731487,False
0.0,30,219495.60735,False
0.0,30,219542.789937,False
2.5,30,219589.489224,True
2.2,30,219645.231962,True
0.0,30,219694.117641,False
2.9,30,219741.25399,True
0.0,30,219784.728812,False
3.0,30,219827.441843,True
2.6,30,219874.996639,True
0.0,30,219919.294394,False
2.0,30,219971.970268,True
2.8,30,220018.112754,True
1.9,30,220066.144475,True
2.7,30,220111.81418,True
2.6,30,220153.801993,True
2.5,30,220206.815653,True
0.0,30,220250.788399,False
0.0,30,220299.588409,False
2.9,30,220355.008687,True
0.0,30,220668.14042,False
0.0,30,220722.699445,False
2.7,30,220773.975093,True
0.0,30,220828.570943,False
2.8,30,220871.061231,True
2.6,30,220914.912523,True
2.8,30,220961.18635,True
0.0,30,221003.245339,False
0.0,30,221045.342334,False
1.8,30,221086.763038,True
1.7,30,221128.804321,True
0.0,30,221167.004375,False
0.0,30,221211.984516,False
0.0,30,221257.005865,False
3.0,30,221304.671571,True
0.0,30,221351.649975,False
0.0,30,221395.50098,False
0.0,30,221441.814098,False
2.9,30,221482.541911,True
1.8,30,221526.546322,True
2.7,30,221574.014734,True
0.0,30,221620.631768,False
2.9,30,221666.945128,True
0.0,30,221710.556556,False
0.0,30,221756.421861,False
0.0,30,221809.528497,False
2.7,30,221852.994181,True
0.0,30,221896.604124,False
2.7,30,221947.486662,True
0.0,30,221995.335335,False
2.4,30,222042.757073,True
2.6,30,222085.20003,True
2.5,30,222126.691213,True
0.0,30,222172.143523,False
2.6,30,222488.409795,True
0.3,30,222536.512363,True
0.0,30,222584.380012,False
2.3,30,222625.742801,True
2.7,30,222670.378512,True
0.0,30,222713.538951,False
0.0,30,222756.224165,False
0.0,30,222799.465319,False
2.8,30,222842.322902,True
0.0,30,222888.869529,False
1.7,30,222928.678298,True
0.0,30,222976.68041,False
2.7,30,223026.701297,True
3.0,30,223072.030052,True
2.8,30,223119.101199,True
0.0,30,223165.731427,False
2.6,30,223216.863381,True
2.6,30,223265.771834,True
0.0,30,223310.907102,False
2.6,30,223362.295247,True
0.0,30,223413.145607,False
2.5,30,223463.061848,True
0.0,30,223502.897277,False
2.3,30,223543.895129,True
0.0,30,223591.096817,False
0.0,30,223638.10954,False
2.4,30,223683.116812,True
0.0,30,223727.549136,False
2.4,30,223773.161192,True
0.0,30,223820.336304,False
1.7,30,223869.94869,True
0.0,30,223919.092012,False
2.3,30,223966.746343,True
2.6,30,224015.872807,True
0.0,30,224063.005619,False
0.8,30,224398.61343,True
0.0,30,224438.695477,False
0.0,30,224483.390495,False
0.0,30,224525.623722,False
1.0,30,224573.647746,True
0.0,30,224625.088153,False
0.0,30,224671.440448,False
0.0,30,224721.532271,False
0.4,30,224764.614353,False
0.0,30,224807.332313,False
2.9,30,224854.252902,True
2.7,30,224898.663719,True
3.0,30,224947.964276,True
0.0,30,224995.015141,False
2.8,30,225041.893289,True
2.6,30,225089.569229,True
0.0,30,225137.480898,False
2.8,30,225181.045383,True
2.3,30,225229.140662,True
0.0,30,225273.515174,False
0.0,30,225316.974895,False
0.0,30,225360.363484,False
1.4,30,225407.144587,True
1.7,30,225451.850859,True
0.0,30,225498.769907,False
1.3,30,225547.312615,True
0.0,30,225594.926857,False
0.9,30,225646.206542,True
2.6,30,225694.370616,True
0.7,30,225746.720864,False
0.0,30,225796.792549,False
0.0,30,225840.868866,False
2.6,30,225884.513043,True
2.4,30,225930.034757,True
2.8,30,226216.492031,True
0.0,30,226262.86332,False
0.0,30,226304.583887,False
0.0,30,226342.95043,False
0.0,30,226389.844522,False
2.8,30,226435.385227,True
0.0,30,226485.901706,False
0.0,30,226531.219544,False
0.0,30,226578.208279,False
0.0,30,226625.935411,False
2.4,30,226673.624347,True
0.0,30,226716.900207,False
2.9,30,226760.730961,True
0.0,30,226810.019377,False
2.3,30,226856.613318,True
1.8,30,226901.14229,True
0.0,30,226944.562123,False
2.7,30,226988.818861,True
1.3,30,227048.167905,True
0.0,30,227094.244674,False
0.0,30,227144.664785,False
1.8,30,227198.61557,True
2.3,30,227249.854832,True
0.0,30,227299.448672,False
0.0,30,227342.968407,False
0.0,30,227385.861595,False
2.5,30,227434.930213,True
2.3,30,227481.330132,True
2.1,30,227525.880032,True
0.0,30,227568.37424,False
2.7,30,227609.931879,True
2.7,30,227656.679195,True
2.7,30,227701.718283,True
2.5,30,227746.310296,True
0.0,30,228042.230608,False
2.3,30,228086.27262,True
0.0,30,228135.872566,False
0.0,30,228186.623213,False
0.0,30,228231.146405,False
0.0,30,228275.899442,False
2.2,30,228322.42851,True
0.0,30,228373.662507,False
0.0,30,228414.707502,False
2.5,30,228459.36287,True
2.9,30,228507.51792,True
0.0,30,228556.141468,False
2.3,30,228603.87557,True
0.0,30,228651.507449,False
2.4,30,228697.179219,True
0.0,30,228745.073033,False
2.3,30,228800.990062,True
2.7,30,228843.448684,True
0.0,30,228889.225927,False
2.1,30,228940.447254,True
0.0,30,228991.318866,False
0.0,30,229037.051829,False
2.3,30,229082.306559,True
2.6,30,229126.732769,True
2.9,30,229172.122142,True
2.4,30,229220.116113,True
2.5,30,229258.5672,True
0.0,30,229333.569824,False
2.1,30,229384.832599,True
2.9,30,229429.273568,True
2.1,30,229470.4919,True
2.7,30,229517.235823,True
2.2,30,229566.579931,True
3.0,30,229616.327843,True
0.0,30,229920.671334,False
2.5,30,229970.936646,True
0.0,30,230015.359634,False
0.0,30,230065.519727,False
2.7,30,230112.949939,True
2.0,30,230155.669394,True
0.0,30,230201.118096,False
3.0,30,230242.638294,True
2.6,30,230293.29735,True
0.0,30,230337.139615,False
2.5,30,230390.069489,True
0.0,30,230434.349987,False
2.9,30,230476.759533,True
0.0,30,230521.549365,False
2.5,30,230569.540468,True
0.0,30,230617.682685,False
2.7,30,230663.133178,True
0.0,30,230706.424306,False
0.0,30,230750.49817,False
0.0,30,230790.0655,False
2.5,30,230839.168918,True
1.9,30,230886.526208,True
0.0,30,230934.447535,False
0.0,30,230985.006393,False
2.9,30,231045.651415,True
2.7,30,231098.080419,True
0.0,30,231152.553282,False
1.6,30,231200.948043,False
3.0,30,231239.903807,True
0.0,30,231280.807784,False
2.3,30,231335.011312,True
0.0,30,231386.815419,False
2.4,30,231434.523202,True
2.6,30,231478.443652,True
0.0,30,231756.345154,False
0.0,30,231798.917877,False
2.3,30,231844.721044,True
2.7,30,231883.900909,True
0.0,30,231926.059664,False
0.0,30,231974.399027,False
2.8,30,232018.354214,True
0.0,30,232061.930271,False
0.0,30,232107.519119,False
2.6,30,232150.596118,True
0.0,30,232202.838089,False
0.0,30,232247.808983,False
2.2,30,232292.763358,True
0.0,30,232337.176658,False
2.8,30,232388.144684,True
0.0,30,232434.951268,False
0.0,30,232483.778639,False
0.9,30,232531.357662,True
0.0,30,232580.765157,False
0.0,30,232631.802576,False
0.0,30,232670.953664,False
0.0,30,232719.668141,False
0.0,30,232764.393153,False
2.6,30,232809.822399,True
2.7,30,232852.632982,True
2.6,30,232901.825487,True
3.0,30,232944.52081,True
0.0,30,232993.19798,False
0.0,30,233040.740092,False
2.4,30,233093.806866,True
0.3,30,233136.074609,True
0.0,30,233186.121094,False
2.0,30,233238.779638,True
1.3,30,233288.810225,True
0.0,30,233594.64155,False
0.0,30,233639.136254,False
1.5,30,233682.530653,True
2.3,30,233725.565976,True
0.0,30,233767.4965,False
1.8,30,233815.81795,True
2.9,30,233866.853233,True
2.8,30,233909.23675,True
0.0,30,233953.882166,False
2.5,30,233995.874438,True
0.0,30,234045.440795,False
3.0,30,234104.946839,True
2.2,30,234158.152261,True
2.8,30,234198.877802,True
2.6,30,234242.544591,True
2.4,30,234283.803051,True
0.0,30,234331.430903,False
2.2,30,234382.321573,True
2.3,30,234431.782371,True
0.0,30,234479.977363,False
2.1,30,234522.725828,True
2.4,30,234565.876407,True
2.0,30,234613.743976,True
2.9,30,234654.37195,True
2.7,30,234704.358447,True
0.0,30,234751.96685,False
2.8,30,234794.906864,True
0.0,30,234843.933438,False
0.0,30,234887.505625,False
0.0,30,234933.003341,False
0.0,30,234985.298076,False
2.2,30,235035.09962,True
2.4,30,235081.022552,True
2.1,30,235134.672008,True
0.0,30,235422.378096,False
0.0,30,235471.43829,False
0.0,30,235517.148745,False
2.4,30,235566.013528,False
2.6,30,235609.514721,True
0.0,30,235650.292566,False
0.0,30,235698.581374,False
2.7,30,235743.14217,True
0.0,30,235790.310329,False
0.0,30,235834.625662,False
0.0,30,235879.376657,False
0.0,30,235923.114948,False
2.4,30,235964.862678,True
0.0,30,236005.928954,False
0.0,30,236049.812533,False
0.0,30,236093.053427,False
2.7,30,236139.433657,True
2.6,30,236185.628563,True
0.0,30,236228.434308,False
2.6,30,236269.718843,True
3.0,30,236318.78038,True
0.0,30,236362.772778,False
2.6,30,236406.941321,True
2.6,30,236449.452163,True
0.0,30,236494.544031,False
0.0,30,236539.815482,False
0.0,30,236593.914985,False
2.7,30,236637.766863,True
2.3,30,236680.411994,True
0.1,30,236723.661334,False
2.3,30,236772.285354,True
2.9,30,236819.937167,True
0.0,30,236863.740837,False
0.0,30,236907.937253,False
0.0,30,236952.269057,False
3.0,30,237267.436075,True
2.9,30,237311.397472,True
3.0,30,237367.65577,True
0.0,30,237415.26387,False
0.0,30,237465.690303,False
0.0,30,237513.354116,False
3.0,30,237558.673777,True
0.0,30,237606.933844,False
0.0,30,237649.81741,False
0.0,30,237695.555673,False
0.0,30,237741.374092,False
2.9,30,237794.147002,True
0.0,30,237837.812428,False
0.0,30,237885.980758,False
2.5,30,237933.807518,False
0.0,30,237979.035657,False
0.0,30,238023.760329,False
0.0,30,238067.361081,False
1.5,30,238111.415735,True
2.5,30,238155.115634,True
2.6,30,238203.780569,True
0.0,30,238249.553099,False
1.5,30,238300.80826,False
0.0,30,238345.977052,False
0.0,30,238387.098724,False
0.0,30,238429.57803,False
0.0,30,238475.710958,False
0.0,30,238525.658172,False
2.4,30,238570.24404,True
0.0,30,238622.402719,False
2.6,30,238666.227745,True
1.0,30,238714.295897,True
0.0,30,238756.101667,False
2.7,30,238800.719783,True
3.0,30,239132.223972,True
0.0,30,239170.664129,False
0.0,30,239217.0453,False
0.0,30,239264.892296,False
0.0,30,239313.404718,False
0.0,30,239361.524505,False
2.6,30,239407.07234,True
0.0,30,239454.990814,False
3.0,30,239497.325069,True
0.0,30,239545.091625,False
0.0,30,239600.161519,False
2.7,30,239643.931798,True
0.0,30,239692.411969,False
0.0,30,239740.689342,False
0.0,30,239787.428614,False
0.1,30,239840.318456,False
0.0,30,239891.807239,False
0.0,30,240001.210567,False
0.0,30,240053.307217,False
2.8,30,240108.616942,True
2.9,30,240151.759985,True
0.0,30,240196.705923,False
2.9,30,240238.882267,True
0.0,30,240287.333705,False
0.0,30,240328.281606,False
2.2,30,240374.079579,True
0.0,30,240430.50601,False
2.9,30,240480.833788,True
3.0,30,240527.164095,True
0.0,30,240575.557795,False
0.0,30,240626.146048,False
0.0,30,240670.10098,False
1.1,30,240713.488652,True
0.0,30,240763.050993,False
1.3,30,241073.866166,True
0.0,30,241118.736628,False
0.0,30,241165.812805,False
2.7,30,241213.168136,True
1.7,30,241264.510724,True
0.0,30,241317.427336,False
1.9,30,241360.208388,True
2.9,30,241404.122338,True
0.0,30,241445.456241,False
0.0,30,241489.558152,False
3.0,30,241542.061771,True
0.0,30,241583.442773,False
2.8,30,241625.222705,True
3.0,30,241666.636432,True
2.5,30,241717.051913,True
0.0,30,241767.919144,False
0.0,30,241809.717378,False
0.0,30,241854.527375,False
0.0,30,241898.063132,False
0.0,30,241946.588182,False
0.0,30,241997.723513,False
2.8,30,242039.405951,True
0.0,30,242085.932323,False
0.0,30,242134.70159,False
0.0,30,242176.495733,False
0.0,30,242223.4475,False
0.0,30,242267.144909,False
2.5,30,242324.309327,True
2.8,30,242369.298589,True
2.2,30,242442.191688,True
0.0,30,242487.44197,False
0.0,30,242533.58903,False
0.0,30,242584.658985,False
0.0,30,242627.556309,False
2.6,30,242940.598597,True
2.5,30,242985.596319,True
1.9,30,243033.602317,True
2.6,30,243079.867986,True
0.0,30,243127.577526,False
3.0,30,243165.715542,True
2.5,30,243213.527125,True
2.3,30,243257.342788,True
2.8,30,243300.138811,True
2.9,30,243348.37008,True
2.9,30,243397.285217,True
2.3,30,243441.720936,True
2.8,30,243487.726043,True
0.0,30,243528.376892,False
2.9,30,243578.351388,True
2.1,30,243645.310921,True
1.3,30,243690.763062,True
0.0,30,243738.680657,False
0.0,30,243796.832214,False
0.0,30,243841.204392,False
0.0,30,243885.263766,False
2.2,30,243928.665549,True
2.8,30,243972.935286,True
0.0,30,244026.568358,False
0.0,30,244073.978771,False
2.4,30,244116.823188,True
2.6,30,244162.417578,True
3.0,30,244209.388551,True
0.0,30,244253.586122,False
2.4,30,244301.398845,True
0.0,30,244346.645004,False
0.0,30,244388.324081,False
0.0,30,244441.071948,False
0.0,30,244485.405579,False
0.0,30,244797.449828,False
2.1,30,244841.773938,True
0.0,30,244891.360498,False
2.5,30,244944.936608,True
0.0,30,244992.296146,False
0.0,30,245036.826605,False
3.0,30,245085.06296,True
0.0,30,245129.952428,False
1.9,30,245174.974771,True
0.0,30,245218.017275,False
0.0,30,245265.447385,False
0.0,30,245309.6558,False
0.0,30,245355.816373,False
2.5,30,245397.01367,True
0.0,30,245452.456591,False
2.9,30,245501.93572,True
2.1,30,245550.776909,True
2.4,30,245593.339694,True
0.0,30,245640.338161,False
2.8,30,245687.09512,True
2.7,30,245737.670752,True
2.9,30,245788.153294,True
0.0,30,245838.489426,False
0.0,30,245885.597085,False
2.8,30,245930.326572,True
0.0,30,245988.911727,False
2.3,30,246036.114555,True
0.0,30,246079.376245,False
0.0,30,246128.600609,False
0.0,30,246177.31982,False
0.0,30,246220.319694,False
2.8,30,246262.503895,True
0.0,30,246308.584602,False
0.0,30,246359.338798,False
1.7,30,246701.653672,True
1.3,30,246749.910926,True
1.2,30,246794.339626,True
1.6,30,246837.543617,True
0.0,30,246887.110178,False
0.0,30,246937.278499,False
2.3,30,246980.435316,True
0.0,30,247029.75041,False
0.0,30,247080.23327,False
0.0,30,247124.998823,False
2.2,30,247174.488368,True
0.0,30,247220.172759,False
3.0,30,247264.002379,True
2.7,30,247306.206214,True
0.9,30,247345.864311,True
0.0,30,247392.182683,False
3.0,30,247434.800693,True
2.9,30,247482.409215,True
1.3,30,247530.763876,True
0.0,30,247580.857798,False
0.0,30,247625.306033,False
2.8,30,247673.187173,True
0.0,30,247723.176018,False
0.0,30,247768.800932,False
0.0,30,247812.645131,False
0.0,30,247858.795915,False
2.7,30,247926.352462,True
2.8,30,247968.331722,True
0.0,30,248012.414914,False
0.0,30,248058.274347,False
2.4,30,248109.910431,True
2.6,30,248162.059078,True
2.9,30,248215.372022,True
0.0,30,248267.580703,False
0.0,30,248604.908644,False
2.6,30,248648.48541,True
2.6,30,248694.52544,True
1.4,30,248740.716433,True
2.5,30,248790.139615,True
0.0,30,248833.647322,False
0.0,30,248879.287313,False
2.6,30,248927.224446,True
0.0,30,248981.963179,False
1.4,30,249033.342696,True
2.7,30,249085.819235,True
2.6,30,249127.917392,False
0.0,30,249170.08164,False
0.0,30,249222.44127,False
2.7,30,249267.785378,True
0.0,30,249315.121491,False
0.0,30,249355.093184,False
0.0,30,249409.380878,False
0.0,30,249461.98239,False
0.0,30,249508.008104,False
2.2,30,249552.97098,True
0.0,30,249626.293976,False
0.0,30,249672.420829,False
0.0,30,249717.313324,False
2.5,30,249763.0741,True
2.7,30,249807.995574,True
1.5,30,249863.235924,True
1.6,30,249909.163461,True
0.0,30,249954.294785,False
0.9,30,250003.282234,True
2.3,30,250045.869106,True
0.0,30,250089.817179,False
2.0,30,250138.194236,True
0.0,30,250184.655645,False
2.5,30,250507.846582,True
0.0,30,250550.786513,False
0.0,30,250598.089592,False
2.8,30,250647.530002,True
0.0,30,250697.386321,False
0.0,30,250743.377645,False
1.4,30,250785.672555,False
2.8,30,250836.015316,True
0.0,30,250880.360427,False
0.0,30,250923.724793,False
2.6,30,250966.587898,True
1.1,30,251010.394553,True
0.0,30,251053.452464,False
2.7,30,251097.203059,True
0.4,30,251147.416193,False
0.0,30,251196.601629,False
2.3,30,251246.819585,True
0.0,30,251301.309903,False
2.5,30,251348.151533,True
2.5,30,251399.778119,True
0.0,30,251446.279129,False
1.9,30,251490.39514,True
2.4,30,251532.360729,True
0.0,30,251578.109499,False
2.6,30,251621.142829,True
2.4,30,251669.95866,True
0.0,30,251718.678979,False
1.5,30,251766.658175,True
0.0,30,251811.814375,False
0.0,30,251853.071465,False
2.7,30,251894.328439,True
2.9,30,251937.644295,True
2.2,30,251980.608675,True
0.0,30,252029.247625,False
0.0,30,252081.525213,False
0.0,30,252405.537239,False
0.0,30,252449.572718,False
2.3,30,252496.069435,True
2.8,30,252544.393068,True
3.0,30,252591.023124,True
3.0,30,252644.823451,True
0.0,30,252690.90073,False
2.7,30,252750.733855,True
0.0,30,252794.834029,False
0.0,30,252839.238018,False
2.0,30,252886.82075,False
0.0,30,252934.883842,False
3.0,30,252983.25572,True
0.0,30,253027.664654,False
2.7,30,253070.505626,True
0.0,30,253113.68927,False
2.5,30,253159.242368,True
0.0,30,253217.844491,False
2.5,30,253263.807274,True
0.0,30,253309.90533,False
0.0,30,253353.741163,False
0.0,30,253399.767931,False
2.5,30,253454.724281,True
0.0,30,253501.735001,False
2.7,30,253548.024225,True
0.0,30,253587.365395,False
2.9,30,253633.400716,True
0.0,30,253681.704469,False
2.8,30,253723.534374,True
2.9,30,253771.626622,True
2.2,30,253818.89257,True
0.0,30,253864.741632,False
0.0,30,253919.568413,False
0.0,30,253967.479039,False
2.0,30,254294.267411,True
1.9,30,254341.302349,True
0.0,30,254386.829242,False
2.4,30,254429.487474,True
1.4,30,254475.560964,True
0.0,30,254525.9832,False
2.9,30,254573.64992,True
2.4,30,254624.003294,True
0.0,30,254668.545766,False
0.0,30,254719.717278,False
2.5,30,254763.956917,True
0.0,30,254814.148742,False
0.0,30,254855.293787,False
1.9,30,254896.076976,True
0.0,30,254942.820795,False
0.0,30,254995.233837,False
0.0,30,255040.563991,False
2.6,30,255086.813787,True
2.4,30,255132.170942,False
0.0,30,255187.681695,False
2.1,30,255233.016889,True
2.6,30,255280.585134,True
2.1,30,255326.261179,True
2.8,30,255368.347589,True
2.7,30,255410.670748,True
0.0,30,255463.685602,False
0.0,30,255510.353714,False
0.0,30,255556.681395,False
0.0,30,255601.548456,False
0.0,30,255652.000013,False
3.0,30,255706.308407,True
0.0,30,255749.715399,False
2.6,30,255795.363456,True
2.5,30,255839.978415,True
0.0,30,256179.599583,False
1.6,30,256227.355803,False
2.9,30,256278.562036,True
0.0,30,256326.023944,False
2.8,30,256372.230083,True
2.8,30,256424.095145,True
2.0,30,256472.562377,True
2.8,30,256525.352339,True
0.0,30,256576.179791,False
0.0,30,256627.65293,False
2.4,30,256677.598041,True
2.9,30,256724.76243,True
2.8,30,256773.092955,True
1.7,30,256815.063859,True
2.6,30,256857.329658,True
2.8,30,256903.170963,True
0.0,30,256947.822808,False
0.0,30,256996.82572,False
0.0,30,257045.145886,False
0.0,30,257094.859132,False
0.0,30,257161.447039,False
2.5,30,257210.91426,True
0.0,30,257258.920409,False
0.0,30,257308.412551,False
1.5,30,257356.710254,True
0.0,30,257404.359767,False
0.5,30,257452.051601,False
2.5,30,257504.663856,True
0.0,30,257552.429155,False
1.1,30,257594.609543,True
0.0,30,257634.846051,False
2.5,30,257679.071563,True
0.0,30,257722.781552,False
0.0,30,257778.412741,False
2.7,30,258112.004709,True
0.0,30,258158.61232,False
2.5,30,258215.376726,True
2.6,30,258263.480299,True
0.0,30,258310.611037,False
2.4,30,258359.050286,True
0.0,30,258405.655943,False
0.0,30,258456.012954,False
0.0,30,258503.626227,False
2.7,30,258546.905701,True
2.1,30,258594.231197,True
2.7,30,258639.783181,True
0.0,30,258682.364987,False
0.0,30,258730.03618,False
0.0,30,258787.710268,False
2.7,30,258833.078054,True
2.3,30,258882.825358,True
2.5,30,258925.951167,True
3.0,30,258978.120441,True
2.6,30,259020.106375,True
0.2,30,259071.478366,True
0.0,30,259113.38662,False
0.0,30,259158.324106,False
0.0,30,259203.719011,False
2.8,30,259253.649196,True
0.0,30,259302.803594,False
2.8,30,259352.958866,True
2.4,30,259403.20988,True
0.0,30,259454.389156,False
3.0,30,259499.456178,True
0.0,30,259543.942115,False
0.0,30,259595.646094,False
0.0,30,259641.33584,False
0.0,30,259688.324477,False
0.0,30,260048.428796,False
2.7,30,260098.225786,True
2.7,30,260147.393092,True
0.0,30,260199.547661,False
1.3,30,260245.290224,True
0.0,30,260299.530885,False
0.0,30,260348.780293,False
2.6,30,260406.480877,True
2.6,30,260458.170041,True
1.7,30,260505.693036,True
0.0,30,260564.51715,False
0.0,30,260605.747865,False
2.1,30,260651.999121,True
2.5,30,260697.742046,True
2.3,30,260743.432792,True
2.6,30,260790.876511,True
0.0,30,260839.378763,False
0.0,30,260884.546318,False
0.0,30,260934.435538,False
0.0,30,260984.552648,False
2.7,30,261033.845167,True
2.7,30,261080.673065,True
0.0,30,261133.588098,False
2.6,30,261182.40104,True
0.0,30,261230.421828,False
0.0,30,261281.056976,False
0.0,30,261322.06505,False
0.0,30,261365.006676,False
2.2,30,261408.583283,True
0.0,30,261463.567505,False
2.7,30,261512.21728,True
0.0,30,261560.407621,False
3.0,30,261606.265237,True
0.0,30,261651.796033,False
0.0,30,261983.713819,False
0.0,30,262028.045212,False
2.8,30,262077.988652,True
0.0,30,262123.99375,False
2.9,30,262172.809539,True
2.3,30,262217.359209,True
2.7,30,262264.376291,True
0.0,30,262308.658499,False
0.0,30,262354.833095,False
0.0,30,262405.000901,False
0.0,30,262454.134228,False
2.7,30,262494.650704,True
0.0,30,262548.668264,False
2.6,30,262593.462568,True
2.9,30,262640.151947,True
2.8,30,262686.055205,True
2.6,30,262732.53313,True
0.0,30,262777.467297,False
0.0,30,262828.592613,False
0.0,30,262869.697063,False
2.4,30,262913.410692,True
2.6,30,262959.020544,True
3.0,30,263008.47667,True
0.0,30,263054.622406,False
0.0,30,263094.43169,False
0.0,30,263138.053777,False
0.0,30,263192.773233,False
0.0,30,263235.266866,False
2.1,30,263277.34673,True
0.0,30,263324.991722,False
2.4,30,263375.040763,True
0.0,30,263419.469111,False
0.0,30,263472.444896,False
0.0,30,263515.212764,False
2.5,30,263866.343556,True
2.3,30,263919.303042,True
0.0,30,263972.336696,False
1.7,30,264017.254132,True
0.0,30,264063.909241,False
0.0,30,264119.465402,False
2.9,30,264169.36173,True
0.0,30,264215.866681,False
2.2,30,264267.71415,True
0.0,30,264312.335281,False
2.4,30,264357.156477,True
0.0,30,264402.040992,False
0.0,30,264443.207349,False
2.8,30,264490.882673,True
0.0,30,264542.732868,False
3.0,30,264600.282003,True
2.5,30,264645.306852,True
0.0,30,264693.238525,False
2.7,30,264737.892878,True
1.0,30,264786.818433,True
0.0,30,264833.162732,False
0.0,30,264882.454823,False
0.0,30,264936.055295,False
0.0,30,264982.744074,False
1.1,30,265029.487568,True
0.0,30,265074.835989,False
2.4,30,265118.158986,True
2.8,30,265161.69208,True
0.0,30,265216.86918,False
2.2,30,265271.828338,True
0.0,30,265315.161887,False
2.4,30,265360.298627,True
0.0,30,265409.490131,False
2.3,30,265457.977929,True
2.6,30,265504.283645,True
2.8,30,265844.220226,True
0.0,30,265893.429141,False
0.0,30,265938.7502,False
2.6,30,265983.484843,True
0.0,30,266030.668703,False
2.2,30,266080.530307,True
0.0,30,266126.692686,False
2.9,30,266172.086901,True
0.0,30,266214.606085,False
1.6,30,266261.309444,True
2.3,30,266304.185077,True
2.8,30,266356.671429,True
0.0,30,266398.383514,False
2.7,30,266446.806505,True
0.0,30,266492.826669,False
2.7,30,266538.995663,True
2.4,30,266579.396026,True
0.0,30,266626.79058,False
2.6,30,266678.166555,True
2.2,30,266726.196255,True
2.8,30,266771.492678,True
0.0,30,266819.410197,False
0.0,30,266865.902472,False
0.0,30,266914.330341,False
0.0,30,266957.705819,False
0.0,30,267002.36113,False
0.0,30,267043.857229,False
0.0,30,267087.218243,False
0.0,30,267132.07883,False
0.0,30,267175.997759,False
1.4,30,267223.585058,False
2.4,30,267272.822118,True
0.0,30,267320.34079,False
2.5,30,267368.238882,True
0.0,30,267730.191495,False
3.0,30,267782.018086,True
0.0,30,267825.116874,False
0.0,30,267872.678437,False
2.6,30,267917.7948,True
0.0,30,267967.613545,False
1.9,30,268016.314474,True
2.9,30,268062.134006,True
0.0,30,268106.180777,False
2.6,30,268154.8366,True
0.5,30,268200.78181,True
0.0,30,268244.698431,False
2.7,30,268290.050018,True
0.0,30,268334.014191,False
2.5,30,268387.269314,True
2.7,30,268434.635324,True
0.0,30,268476.56261,False
2.9,30,268523.307637,True
0.0,30,268570.936751,False
0.0,30,268620.788962,False
2.9,30,268664.228458,True
2.4,30,268706.691401,False
0.0,30,268752.758778,False
0.0,30,268798.653026,False
0.0,30,268847.438946,False
2.8,30,268891.638089,True
0.0,30,268936.674863,False
0.6,30,268977.07034,False
2.3,30,269029.655365,True
0.0,30,269074.855538,False
0.0,30,269126.018243,False
2.6,30,269173.202373,True
0.0,30,269219.991634,False
0.8,30,269268.124262,True
3.0,30,269609.398348,True
1.6,30,269660.141462,True
2.6,30,269705.591834,True
2.7,30,269751.388202,True
0.0,30,269800.427565,False
0.0,30,269847.643161,False
2.3,30,269901.759606,True
0.0,30,269947.500491,False
2.4,30,269991.465687,True
2.9,30,270035.161521,True
2.8,30,270084.879264,True
0.0,30,270130.623758,False
0.0,30,270176.726938,False
0.0,30,270231.259722,False
2.9,30,270275.200817,True
0.0,30,270321.983222,False
0.0,30,270365.593376,False
2.5,30,270415.428598,True
0.0,30,270462.051914,False
0.0,30,270511.60198,False
2.6,30,270567.809319,True
0.0,30,270610.98136,False
0.0,30,270665.583723,False
2.5,30,270713.661312,True
2.2,30,270764.313377,True
2.3,30,270822.357425,True
0.0,30,270870.986414,False
2.9,30,270917.69928,True
0.0,30,270966.962405,False
0.0,30,271013.846923,False
1.8,30,271060.762181,True
0.0,30,271109.493607,False
0.0,30,271161.594451,False
0.0,30,271216.78529,False
2.2,30,271547.194132,True
2.8,30,271599.538824,True
0.0,30,271654.00802,False
1.2,30,271693.900531,True
2.8,30,271741.524381,True
2.8,30,271792.406082,True
2.3,30,271836.883987,True
2.7,30,271879.331958,True
0.0,30,271926.374753,False
0.0,30,271975.548783,False
2.0,30,272021.810634,True
0.0,30,272066.143438,False
0.0,30,272111.330261,False
2.4,30,272161.608886,True
2.2,30,272217.082649,True
2.5,30,272261.516326,True
0.0,30,272304.534234,False
0.0,30,272351.457212,False
0.0,30,272395.061723,False
0.0,30,272444.013227,False
2.0,30,272488.639271,True
0.0,30,272532.371071,False
0.0,30,272582.756625,False
0.0,30,272625.877799,False
1.9,30,272671.923064,True
0.0,30,272716.944817,False
1.7,30,272770.724334,True
2.5,30,272815.723359,True
0.2,30,272867.083235,True
2.1,30,272909.034512,True
1.9,30,272952.338283,True
2.6,30,272996.009592,True
2.4,30,273042.13428,True
2.5,30,273088.145216,True
2.5,30,273382.637981,True
2.7,30,273436.693382,True
0.0,30,273488.098084,False
0.0,30,273538.601222,False
0.0,30,273583.963932,False
0.6,30,273630.476049,True
0.0,30,273673.81816,False
0.0,30,273724.798755,False
2.1,30,273772.251419,True
0.0,30,273817.512707,False
0.0,30,273861.682929,False
1.9,30,273906.310075,False
0.0,30,273949.708535,False
0.0,30,274000.979593,False
0.0,30,274048.182782,False
0.0,30,274091.871837,False
0.0,30,274138.996251,False
2.7,30,274199.700627,True
2.8,30,274244.360215,True
0.0,30,274289.271038,False
2.2,30,274333.308614,True
0.0,30,274381.094724,False
0.0,30,274428.907761,False
2.8,30,274474.908093,True
2.6,30,274523.888194,True
0.0,30,274569.112049,False
0.0,30,274610.260626,False
0.0,30,274653.08128,False
2.3,30,274702.196559,True
0.0,30,274747.620454,False
2.9,30,274795.218806,True
0.0,30,274839.566569,False
0.0,30,274883.06572,False
2.7,30,274926.843809,True
2.4,30,275238.67861,True
0.0,30,275286.770589,False
0.0,30,275327.674272,False
2.5,30,275372.363958,True
0.0,30,275420.268087,False
3.0,30,275470.587853,True
0.0,30,275513.586004,False
3.0,30,275558.198438,True
2.6,30,275599.120117,True
2.8,30,275643.941751,True
0.0,30,275688.161154,False
2.5,30,275738.591773,True
2.7,30,275787.140087,True
0.0,30,275831.290288,False
2.8,30,275871.89341,True
2.8,30,275910.394076,True
0.0,30,275955.50459,False
0.0,30,275998.690979,False
0.0,30,276049.284838,False
0.0,30,276095.648258,False
0.0,30,276145.410584,False
0.0,30,276194.452818,False
0.0,30,276246.43552,False
1.9,30,276294.931416,True
3.0,30,276347.92394,True
0.0,30,276393.924766,False
0.0,30,276437.562742,False
0.0,30,276482.835206,False
0.0,30,276532.627535,False
0.0,30,276577.644136,False
2.4,30,276629.182281,True
1.1,30,276672.619676,True
2.3,30,276722.426432,True
1.9,30,276769.745098,True
2.3,30,277059.913895,True
0.0,30,277109.10307,False
1.5,30,277151.362306,True
2.8,30,277194.29142,True
3.0,30,277245.732136,True
1.2,30,277291.379695,True
2.9,30,277334.571344,True
0.0,30,277382.135219,False
0.0,30,277424.868595,False
0.0,30,277474.933126,False
0.0,30,277524.568362,False
2.7,30,277569.368453,True
0.0,30,277625.011132,False
0.0,30,277672.658848,False
2.1,30,277714.398988,True
2.8,30,277763.227918,True
0.0,30,277810.269547,False
2.6,30,277861.14773,True
0.0,30,277906.872492,False
2.7,30,277950.22965,True
0.0,30,278005.071409,False
0.0,30,278064.497185,False
0.2,30,278108.435408,True
0.0,30,278156.290243,False
0.8,30,278198.140954,True
0.0,30,278249.724605,False
2.8,30,278301.13098,True
0.0,30,278348.66152,False
0.0,30,278390.085855,False
2.6,30,278439.701729,True
2.7,30,278489.133446,True
0.0,30,278535.733609,False
0.0,30,278578.124121,False
0.0,30,278621.1756,False
1.6,30,278941.099519,True
1.5,30,278989.060585,True
2.2,30,279042.656859,True
2.7,30,279088.038214,True
3.0,30,279131.50786,True
0.9,30,279181.570584,True
0.0,30,279228.554065,False
0.0,30,279275.368171,False
0.0,30,279328.242687,False
0.0,30,279369.012511,False
2.6,30,279410.558906,True
0.0,30,279461.307893,False
0.0,30,279502.835496,False
0.0,30,279547.183742,False
0.0,30,279593.601945,False
2.6,30,279644.365294,True
0.0,30,279690.111613,False
2.3,30,279739.604146,True
0.0,30,279790.472417,False
2.5,30,279840.010081,True
2.6,30,279887.216177,True
2.8,30,279931.621261,True
1.7,30,279974.503869,True
2.9,30,280022.29287,True
2.5,30,280069.488579,True
1.7,30,280120.037639,True
0.0,30,280163.798799,False
0.0,30,280214.358826,False
3.0,30,280258.351955,True
2.0,30,280312.674674,True
0.0,30,280357.059963,False
0.0,30,280400.075187,False
3.0,30,280454.541327,True
0.0,30,280499.868811,False
0.0,30,280546.624952,False
0.0,30,280840.128651,False
2.9,30,280885.659889,True
0.0,30,280929.977865,False
2.6,30,280979.479784,True
0.0,30,281027.558298,False
2.2,30,281072.837756,True
0.0,30,281118.817235,False
0.0,30,281162.974528,False
2.8,30,281213.084813,True
2.4,30,281257.222905,True
0.0,30,281305.790583,False
2.5,30,281350.760347,True
2.8,30,281395.386427,True
0.0,30,281437.181952,False
1.6,30,281481.369502,True
0.0,30,281536.35081,False
2.3,30,281582.171098,True
1.7,30,281629.792052,False
2.4,30,281675.734951,True
0.0,30,281725.756577,False
2.5,30,281770.609883,True
2.8,30,281816.32395,True
0.0,30,281863.087317,False
0.0,30,281913.444612,False
0.0,30,281961.028792,False
1.3,30,282010.48346,True
2.4,30,282055.907816,True
0.0,30,282100.875687,False
0.0,30,282148.476147,False
2.3,30,282195.174741,True
2.8,30,282244.272513,True
2.4,30,282295.446281,True
0.0,30,282343.358484,False
2.1,30,282398.8349,True
0.0,30,282736.873714,False
0.0,30,282782.494778,False
2.4,30,282833.433981,True
0.7,30,282892.595539,True
0.0,30,282938.222354,False
2.7,30,282985.751092,True
2.8,30,283033.422702,True
2.0,30,283081.540474,True
0.0,30,283130.885143,False
0.0,30,283184.508401,False
0.0,30,283239.34395,False
2.2,30,283286.053702,True
0.0,30,283337.758901,False
2.1,30,283381.631616,True
2.0,30,283435.428461,True
0.0,30,283486.861595,False
2.6,30,283534.650458,True
2.2,30,283582.963343,True
0.0,30,283626.025746,False
2.2,30,283677.789372,True
0.0,30,283721.699767,False
2.6,30,283773.376532,True
0.0,30,283821.540301,False
2.5,30,283866.535382,True
0.0,30,283914.571715,False
0.0,30,283961.563234,False
2.4,30,284009.314435,True
2.3,30,284055.999174,True
2.8,30,284106.056085,True
0.0,30,284151.639815,False
1.1,30,284200.321571,True
2.5,30,284251.121444,True
2.6,30,284302.140537,True
2.7,30,284347.455722,True
0.0,30,284685.76135,False
1.9,30,284736.222166,True
0.0,30,284789.973476,False
0.0,30,284840.824538,False
2.6,30,284890.275844,True
2.5,30,284939.075595,True
0.0,30,284986.064064,False
2.5,30,285030.701414,True
1.6,30,285077.444653,True
0.0,30,285129.51905,False
0.0,30,285177.333011,False
0.0,30,285219.106539,False
2.4,30,285267.383235,True
0.0,30,285314.063246,False
3.0,30,285357.333352,True
2.4,30,285410.577781,True
0.0,30,285462.088692,False
1.9,30,285509.323665,False
0.0,30,285554.103117,False
0.0,30,285598.639546,False
2.8,30,285648.196427,True
0.8,30,285700.238745,True
0.0,30,285747.529171,False
0.0,30,285793.072649,False
2.7,30,285844.151431,True
0.0,30,285894.0402,False
0.0,30,285937.614055,False
2.1,30,285986.339655,True
0.0,30,286030.155556,False
2.6,30,286081.570544,True
2.5,30,286127.683523,True
0.0,30,286179.316508,False
0.0,30,286223.214282,False
2.7,30,286276.160898,True
2.7,30,286637.814647,True
2.8,30,286692.654384,True
2.5,30,286736.419444,True
2.5,30,286785.26057,True
2.6,30,286835.645812,True
1.5,30,286880.130428,True
0.0,30,286930.055593,False
2.6,30,286977.200571,True
2.5,30,287021.830455,True
0.0,30,287065.272488,False
0.0,30,287112.073757,False
0.0,30,287158.001289,False
0.0,30,287205.318295,False
0.0,30,287258.567104,False
1.7,30,287308.662937,True
0.0,30,287359.395747,False
0.0,30,287401.773337,False
0.0,30,287451.419181,False
2.8,30,287500.486182,True
0.0,30,287550.39609,False
0.0,30,287600.824481,False
2.6,30,287647.799664,True
0.0,30,287697.414722,False
2.7,30,287740.974636,True
2.2,30,287788.086542,True
2.5,30,287838.942729,True
2.8,30,287880.142979,True
0.0,30,287922.191273,False
0.0,30,287962.844991,False
0.0,30,288011.753538,False
0.0,30,288056.805668,False
2.5,30,288106.67758,True
1.9,30,288152.268411,True
0.0,30,288195.709197,False
2.8,30,288505.478415,True
0.0,30,288553.215088,False
0.0,30,288595.259857,False
2.0,30,288634.29703,True
2.5,30,288683.468542,True
2.7,30,288730.439827,True
0.0,30,288805.533084,False
0.0,30,288854.74864,False
1.9,30,288902.595919,True
0.0,30,288945.156692,False
0.0,30,288992.077841,False
0.0,30,289039.396585,False
0.0,30,289091.282929,False
2.8,30,289134.045763,True
0.0,30,289186.155881,False
0.0,30,289239.486265,False
0.0,30,289287.326032,False
0.0,30,289334.135453,False
2.4,30,289383.296313,True
2.5,30,289422.006526,True
2.5,30,289466.133603,True
0.0,30,289516.813433,False
1.2,30,289570.77243,True
0.0,30,289609.817593,False
0.0,30,289657.970613,False
0.0,30,289701.779714,False
2.7,30,289746.150231,True
2.5,30,289795.411947,True
2.5,30,289844.758067,True
0.0,30,289903.988907,False
2.9,30,289950.799489,True
2.2,30,289998.504473,True
2.4,30,290043.538976,True
0.0,30,290101.180221,False
2.8,30,290451.219132,True
0.0,30,290496.626372,False
0.0,30,290546.211322,False
0.0,30,290594.583631,False
2.7,30,290643.155021,True
2.5,30,290687.308228,True
2.7,30,290736.767643,True
0.0,30,290779.430535,False
0.0,30,290825.057864,False
0.0,30,290872.68417,False
2.2,30,290924.271805,True
1.0,30,290987.86607,True
2.6,30,291036.852121,True
0.0,30,291082.839916,False
0.0,30,291125.940615,False
0.0,30,291169.538274,False
0.0,30,291218.66256,False
2.9,30,291261.320143,True
2.8,30,291304.516071,True
0.0,30,291354.954412,False
2.9,30,291400.610528,True
2.6,30,291442.014033,True
2.7,30,291485.194041,True
0.0,30,291534.924113,False
1.8,30,291581.49224,True
2.7,30,291624.709725,True
0.0,30,291674.00239,False
2.6,30,291723.740345,True
0.0,30,291772.457821,False
0.0,30,291823.995173,False
0.0,30,291871.623855,False
2.9,30,291915.555604,True
0.0,30,291957.386295,False
2.0,30,292004.088188,True
0.0,30,292377.174636,False
0.0,30,292434.909669,False
2.6,30,292483.476126,True
2.5,30,292529.187254,True
2.5,30,292572.423997,True
0.0,30,292630.207522,False
2.5,30,292681.613683,True
2.0,30,292732.256166,True
0.0,30,292779.344749,False
0.0,30,292819.69777,False
2.2,30,292865.92958,True
0.0,30,292907.104762,False
0.0,30,292952.16592,False
0.0,30,292993.241127,False
2.3,30,293041.881544,True
0.0,30,293091.413106,False
2.8,30,293139.109166,True
0.0,30,293191.437089,False
0.0,30,293233.846336,False
2.1,30,293280.378647,True
2.2,30,293326.787364,True
0.0,30,293373.970244,False
2.5,30,293420.184465,True
0.0,30,293464.364877,False
0.0,30,293505.613758,False
0.0,30,293548.896483,False
0.0,30,293594.207863,False
2.3,30,293642.349816,True
2.4,30,293684.023912,True
2.1,30,293734.297478,True
0.0,30,293782.636619,False
0.0,30,293832.317106,False
2.5,30,293874.060838,True
2.8,30,293921.991896,True
2.7,30,293971.534855,True
0.0,30,294285.081388,False
0.0,30,294323.411511,False
2.4,30,294366.478307,True
2.6,30,294414.61401,True
0.0,30,294456.870523,False
2.7,30,294504.248372,True
1.5,30,294553.794012,True
0.0,30,294601.085238,False
0.0,30,294647.220165,False
0.2,30,294698.33663,True
0.0,30,294740.194671,False
2.6,30,294783.811534,True
2.3,30,294833.199843,True
3.0,30,294875.066381,True
2.3,30,294924.222629,True
1.7,30,294971.892578,True
0.0,30,295019.971694,False
0.0,30,295065.255222,False
2.6,30,295108.801829,True
2.2,30,295157.848616,True
2.4,30,295203.373552,True
2.4,30,295251.282099,True
0.0,30,295293.764407,False
0.0,30,295339.851506,False
2.9,30,295388.150458,True
2.7,30,295433.108315,True
2.8,30,295478.650223,True
2.9,30,295536.602765,True
2.4,30,295580.811214,True
2.0,30,295621.934542,True
1.9,30,295663.08083,True
2.7,30,295709.800265,True
0.0,30,295753.454981,False
2.7,30,295805.424254,True
0.0,30,296112.840762,False
2.4,30,296157.299314,True
0.0,30,296202.061516,False
2.6,30,296246.968211,True
2.4,30,296290.309442,True
2.8,30,296332.02867,True
2.7,30,296377.16931,True
0.0,30,296423.684888,False
2.7,30,296467.50743,True
0.0,30,296515.568186,False
2.4,30,296556.947623,True
2.3,30,296604.068125,True
2.7,30,296651.43205,True
0.0,30,296697.223688,False
2.7,30,296740.274674,True
0.0,30,296783.386677,False
0.0,30,296834.041542,False
2.5,30,296878.546018,True
2.3,30,296921.400636,True
2.7,30,296971.50912,True
0.0,30,297018.647468,False
0.0,30,297062.750015,False
2.2,30,297108.346654,True
2.5,30,297155.657907,True
1.9,30,297198.667284,True
0.0,30,297245.739547,False
0.0,30,297300.885898,False
2.3,30,297349.808145,True
0.0,30,297393.431235,False
3.0,30,297435.345197,True
0.0,30,297473.75615,False
2.5,30,297519.113344,True
0.0,30,297570.247792,False
0.0,30,297618.720694,False
0.0,30,297895.803769,False
0.0,30,297940.705765,False
0.0,30,297988.052212,False
1.9,30,298036.914242,True
1.3,30,298080.233238,True
0.9,30,298126.141037,True
0.0,30,298169.732068,False
0.0,30,298214.19358,False
2.7,30,298258.980524,True
0.0,30,298304.096954,False
2.6,30,298347.946984,False
2.5,30,298403.565058,True
0.0,30,298449.548268,False
0.0,30,298502.973505,False
0.0,30,298543.493735,False
2.9,30,298588.908446,True
0.0,30,298644.410727,False
0.0,30,298690.446549,False
2.6,30,298735.02977,True
1.8,30,298773.738411,True
0.0,30,298818.671654,False
2.3,30,298866.636483,True
0.0,30,298909.321844,False
2.8,30,298956.223456,True
1.8,30,299001.552928,True
0.0,30,299042.55134,False
2.7,30,299091.169879,True
0.0,30,299135.799334,False
0.0,30,299182.002773,False
0.0,30,299227.633028,False
3.0,30,299271.667227,True
2.0,30,299322.652766,True
0.0,30,299368.939606,False
2.8,30,299409.976198,True
2.5,30,299695.863672,True
2.9,30,299747.091102,True
2.9,30,299791.475252,True
0.0,30,299840.237865,False
2.6,30,299889.739529,True
2.6,30,299935.416313,True
0.0,30,299975.555737,False
0.0,30,300023.252181,False
0.0,30,300070.772282,False
2.6,30,300118.382554,True
0.0,30,300168.074723,False
2.0,30,300212.328889,True
0.0,30,300255.808487,False
2.4,30,300304.355203,True
0.0,30,300347.006101,False
2.7,30,300398.299908,True
0.0,30,300447.083431,False
0.0,30,300485.880366,False
2.5,30,300530.346455,True
2.6,30,300578.483462,True
0.0,30,300622.498362,False
2.4,30,300661.480912,True
0.0,30,300714.306938,False
0.0,30,300754.854166,False
0.0,30,300800.498656,False
2.8,30,300843.965797,True
2.3,30,300895.238543,True
1.8,30,300940.866582,True
0.0,30,300982.29108,False
1.4,30,301032.305938,True
0.0,30,301077.657309,False
0.0,30,301122.07663,False
0.0,30,301167.850695,False
0.9,30,301216.252846,True
0.0,30,301510.064254,False
0.0,30,301557.723165,False
0.0,30,301606.440626,False
0.0,30,301658.152657,False
0.0,30,301704.959109,False
0.0,30,301753.736537,False
2.8,30,301800.971443,True
2.8,30,301846.798274,True
0.0,30,301921.153167,False
2.5,30,301980.617822,True
0.0,30,302023.663099,False
2.9,30,302069.466958,True
2.6,30,302116.320657,True
2.1,30,302167.403729,True
0.6,30,302211.396093,True
2.6,30,302256.98428,True
2.9,30,302309.974405,True
0.0,30,302355.825933,False
1.5,30,302402.663881,True
1.9,30,302444.848249,True
2.7,30,302489.322183,True
2.7,30,302537.097118,True
0.0,30,302576.663052,False
0.1,30,302623.942265,False
0.0,30,302674.266794,False
2.8,30,302716.120821,True
2.3,30,302760.49977,True
0.0,30,302809.211987,False
2.8,30,302855.852666,True
2.8,30,302898.105082,True
0.0,30,302937.983807,False
0.0,30,302984.467457,False
0.0,30,303033.123744,False
2.6,30,303075.117991,True
0.0,30,303371.726501,False
0.0,30,303416.013924,False
2.1,30,303458.518444,True
1.0,30,303505.639365,True
0.0,30,303548.007039,False
0.0,30,303585.385901,False
0.0,30,303627.885346,False
0.0,30,303675.943931,False
0.0,30,303716.42477,False
0.0,30,303760.566997,False
2.6,30,303805.299606,True
0.0,30,303849.767234,False
0.0,30,303894.443696,False
1.4,30,303940.811582,True
0.0,30,303978.181121,False
0.0,30,304033.945272,False
3.0,30,304078.779631,True
0.0,30,304123.670311,False
0.0,30,304169.559408,False
0.0,30,304215.078514,False
0.0,30,304258.541182,False
0.0,30,304299.016016,False
0.0,30,304342.791843,False
0.0,30,304386.072875,False
1.4,30,304427.881452,True
0.0,30,304475.307299,False
0.0,30,304517.364743,False
0.0,30,304565.182424,False
0.7,30,304603.082734,True
0.0,30,304654.537625,False
0.0,30,304695.992235,False
0.0,30,304735.552518,False
0.0,30,304777.534668,False
0.0,30,304826.211012,False
2.8,30,305114.618493,True
0.0,30,305158.457276,False
0.0,30,305208.27658,False
2.4,30,305253.001125,True
2.8,30,305291.36937,True
0.0,30,305334.223308,False
2.7,30,305378.089919,True
2.8,30,305429.738659,True
1.8,30,305476.91908,True
2.9,30,305523.07303,True
0.0,30,305571.581477,False
2.6,30,305616.689114,True
2.3,30,305661.425768,True
1.0,30,305708.441286,True
0.0,30,305758.165171,False
0.0,30,305808.035525,False
2.6,30,305852.569255,True
2.7,30,305896.606381,True
0.0,30,305937.466444,False
0.4,30,305981.184228,True
0.0,30,306022.975056,False
0.0,30,306074.526094,False
1.3,30,306119.615208,True
2.9,30,306167.448872,True
0.0,30,306211.768754,False
0.0,30,306256.190357,False
0.0,30,306300.362664,False
1.7,30,306347.59226,True
0.0,30,306393.494449,False
3.0,30,306449.38759,True
2.7,30,306500.785028,True
0.0,30,306549.528706,False
0.0,30,306594.583155,False
1.5,30,306638.677496,True
2.1,30,306947.029119,True
2.5,30,306991.460518,True
0.0,30,307034.165186,False
0.0,30,307080.863789,False
0.0,30,307128.972443,False
0.0,30,307172.42663,False
2.8,30,307222.286845,True
0.0,30,307269.146923,False
0.2,30,307317.136062,False
0.0,30,307363.227948,False
2.8,30,307413.482962,True
0.0,30,307454.291313,False
2.2,30,307498.845172,True
2.5,30,307544.759406,True
1.2,30,307586.842927,True
0.0,30,307637.437774,False
0.0,30,307680.818418,False
0.0,30,307728.862185,False
1.8,30,307772.244721,True
0.0,30,307815.648259,False
2.7,30,307862.541658,True
0.0,30,307911.041696,False
0.0,30,307962.71245,False
0.0,30,308011.016326,False
0.0,30,308054.647156,False
0.0,30,308099.385708,False
0.0,30,308142.677603,False
2.3,30,308189.967763,True
0.0,30,308232.27885,False
2.5,30,308278.567042,True
0.0,30,308323.136867,False
0.0,30,308367.795535,False
2.9,30,308409.890279,True
0.0,30,308456.208793,False
0.0,30,308495.775815,False
0.0,30,308821.701288,False
2.5,30,308865.342781,True
0.0,30,308914.178397,False
0.0,30,308962.317449,False
0.0,30,309004.260451,False
0.0,30,309049.424463,False
0.0,30,309100.668882,False
2.8,30,309144.93949,True
0.0,30,309186.783491,False
2.7,30,309237.704349,True
2.6,30,309291.769527,True
2.9,30,309336.457901,True
2.4,30,309381.760487,True
0.0,30,309424.443812,False
0.0,30,309471.353107,False
2.3,30,309518.846831,True
2.2,30,309563.332418,True
0.0,30,309610.669759,False
0.0,30,309667.798227,False
2.6,30,309709.568326,True
0.0,30,309755.884636,False
2.6,30,309801.299585,True
3.0,30,309845.690524,True
1.9,30,309891.45169,True
0.0,30,309938.842574,False
0.0,30,309983.76746,False
0.0,30,310029.142616,False
2.8,30,310073.729734,True
0.0,30,310124.145276,False
0.3,30,310168.661358,True
0.0,30,310215.341704,False
1.9,30,310265.881653,True
0.0,30,310312.614681,False
0.0,30,310355.960224,False
0.0,30,310689.31968,False
0.3,30,310733.482097,False
2.5,30,310784.639678,True
2.6,30,310827.22028,True
0.0,30,310878.092397,False
2.6,30,310924.300568,True
0.0,30,310973.660017,False
0.0,30,311024.660643,False
0.0,30,311070.903461,False
0.0,30,311120.911463,False
2.5,30,311166.309115,True
0.0,30,311209.642227,False
2.6,30,311254.458233,True
0.0,30,311300.25413,False
2.6,30,311344.413537,True
0.0,30,311389.427517,False
0.0,30,311435.359454,False
2.5,30,311480.603188,True
2.1,30,311525.959451,True
0.0,30,311575.627181,False
0.0,30,311617.828506,False
0.0,30,311671.641343,False
2.8,30,311718.450824,True
1.5,30,311798.609939,True
0.5,30,311847.049899,True
2.8,30,311890.755323,True
0.0,30,311938.673527,False
0.0,30,311980.626896,False
2.3,30,312028.962284,True
2.8,30,312074.768887,True
0.0,30,312137.490052,False
0.0,30,312189.603098,False
1.8,30,312246.175869,True
0.0,30,312308.197644,False
0.0,30,312604.249277,False
0.0,30,312651.204299,False
0.0,30,312696.044296,False
0.0,30,312740.69504,False
0.0,30,312788.264148,False
2.8,30,312829.385348,True
0.0,30,312875.13147,False
2.6,30,312920.470165,True
2.7,30,312969.799322,True
2.7,30,313016.147571,True
2.9,30,313061.38196,True
2.7,30,313108.019112,True
2.5,30,313154.314491,True
0.0,30,313196.769938,False
0.0,30,313244.71751,False
2.5,30,313290.492536,True
0.0,30,313335.657506,False
2.6,30,313378.610824,True
2.6,30,313423.935087,True
1.9,30,313475.766901,True
0.0,30,313523.48543,False
0.0,30,313565.806318,False
0.0,30,313612.250856,False
0.0,30,313663.671714,False
2.4,30,313709.466854,True
0.0,30,313755.616201,False
2.6,30,313801.782477,True
0.0,30,313846.799457,False
0.0,30,313894.639329,False
0.0,30,313943.86996,False
0.0,30,313993.871218,False
2.4,30,314036.419781,True
1.9,30,314085.22999,False
2.4,30,314131.721578,True
0.0,30,314438.798107,False
0.0,30,314483.116631,False
0.0,30,314531.973328,False
0.0,30,314573.330659,False
2.0,30,314621.368949,False
0.0,30,314666.945764,False
0.0,30,314714.515944,False
0.0,30,314771.911293,False
1.8,30,314816.933464,True
2.7,30,314863.836009,True
0.0,30,314908.770724,False
0.0,30,314954.84422,False
2.5,30,315002.795378,True
1.0,30,315046.280496,True
0.0,30,315082.315442,False
2.8,30,315129.475646,True
2.5,30,315176.348445,True
2.9,30,315223.9967,True
0.0,30,315272.014823,False
0.0,30,315315.451059,False
0.0,30,315358.434676,False
2.8,30,315401.814281,True
2.9,30,315446.266675,True
0.0,30,315486.751093,False
2.5,30,315533.766643,True
0.0,30,315581.825677,False
2.7,30,315623.16085,True
2.7,30,315672.026556,True
2.1,30,315715.108459,True
0.0,30,315770.996402,False
0.0,30,315813.109828,False
2.1,30,315858.339795,False
0.0,30,315902.438689,False
0.0,30,315946.437877,False
0.0,30,316263.415505,False
2.1,30,316312.415124,True
0.7,30,316354.13298,True
0.0,30,316401.166328,False
2.7,30,316442.700986,True
0.0,30,316490.119023,False
2.7,30,316533.726877,True
0.0,30,316580.582269,False
0.0,30,316622.93419,False
2.1,30,316667.799338,True
2.7,30,316716.421371,True
0.0,30,316763.85243,False
2.6,30,316809.185074,True
0.0,30,316853.951759,False
0.0,30,316897.91226,False
0.0,30,316941.466821,False
2.8,30,316988.538643,True
0.0,30,317034.931066,False
2.9,30,317086.055502,True
2.0,30,317132.598357,True
1.9,30,317178.424901,True
2.8,30,317223.591421,True
2.5,30,317271.210718,True
0.0,30,317319.182291,False
0.0,30,317362.760401,False
0.0,30,317406.614188,False
0.0,30,317447.780891,False
2.8,30,317489.60091,True
2.2,30,317536.887,True
1.8,30,317584.372634,True
0.0,30,317636.551543,False
2.4,30,317678.96003,True
2.9,30,317718.554794,True
0.0,30,317769.499004,False
0.0,30,318084.488068,False
0.0,30,318133.175837,False
0.0,30,318174.625572,False
0.0,30,318218.448792,False
2.3,30,318258.896914,True
0.0,30,318302.905143,False
2.2,30,318343.007258,True
0.0,30,318386.849968,False
0.0,30,318431.93569,False
2.2,30,318477.346951,True
0.0,30,318521.047404,False
1.4,30,318564.000355,True
0.0,30,318606.480685,False
2.8,30,318648.404104,True
2.8,30,318693.780816,True
0.0,30,318742.723365,False
1.6,30,318788.064769,True
0.0,30,318836.199569,False
0.0,30,318885.781619,False
2.6,30,318937.546804,True
0.0,30,318983.118582,False
2.7,30,319021.705377,True
0.0,30,319068.153736,False
2.0,30,319115.974757,True
0.0,30,319158.942136,False
0.0,30,319202.312229,False
2.7,30,319243.735597,True
3.0,30,319283.791327,True
1.9,30,319328.192536,True
2.0,30,319372.346926,True
2.7,30,319417.628228,True
2.8,30,319463.672666,True
0.0,30,319513.440256,False
0.0,30,319557.676552,False
0.0,30,319860.326534,False
0.2,30,319903.583436,False
2.0,30,319949.485401,True
0.0,30,319998.329159,False
0.0,30,320047.708103,False
0.0,30,320095.095236,False
2.7,30,320142.020551,True
2.9,30,320187.457151,True
3.0,30,320235.646418,True
0.0,30,320281.984982,False
0.0,30,320326.919157,False
0.0,30,320369.01037,False
0.0,30,320412.751257,False
2.4,30,320459.711279,True
0.0,30,320504.104131,False
1.9,30,320547.67376,True
2.2,30,320594.043315,True
0.0,30,320638.760021,False
0.0,30,320688.718575,False
0.0,30,320732.652451,False
0.0,30,320776.412936,False
0.0,30,320823.353604,False
2.6,30,320869.141897,True
2.2,30,320910.013206,True
0.1,30,320957.555971,True
0.0,30,321002.69107,False
0.0,30,321047.87019,False
2.5,30,321093.647258,True
3.0,30,321142.379347,True
0.0,30,321184.290153,False
0.0,30,321241.028798,False
0.0,30,321289.313659,False
0.0,30,321333.323029,False
2.8,30,321401.416104,True
0.0,30,321447.244884,False
0.0,30,321742.53721,False
2.7,30,321788.714912,True
1.8,30,321834.402158,True
0.0,30,321879.475081,False
0.0,30,321934.456404,False
0.0,30,321980.61787,False
0.0,30,322023.924207,False
2.8,30,322070.136274,True
0.0,30,322120.449532,False
0.0,30,322168.148015,False
2.2,30,322209.163757,True
0.0,30,322254.975955,False
0.0,30,322297.786234,False
0.0,30,322341.340897,False
2.8,30,322393.490248,True
1.9,30,322441.859024,True
2.4,30,322484.959558,True
0.0,30,322530.238915,False
0.0,30,322578.720076,False
2.2,30,322626.212723,True
2.4,30,322685.543232,True
2.5,30,322729.441466,True
0.0,30,322774.410951,False
2.5,30,322818.018152,True
2.6,30,322860.601501,True
2.5,30,322913.34668,True
2.4,30,322961.406824,True
0.0,30,323019.963937,False
0.0,30,323069.417063,False
0.0,30,323117.771314,False
2.8,30,323166.016314,True
2.9,30,323223.581515,True
2.8,30,323263.239191,True
0.0,30,323314.1069,False
2.3,30,323645.964516,True
0.0,30,323695.488293,False
0.0,30,323740.046469,False
0.0,30,323784.021822,False
0.0,30,323827.875185,False
0.0,30,323871.922722,False
1.5,30,323918.455384,True
1.8,30,323962.158349,True
2.6,30,324005.571625,True
2.6,30,324048.580039,True
0.0,30,324092.345081,False
2.6,30,324151.813215,True
0.0,30,324198.426854,False
0.0,30,324251.839034,False
0.0,30,324301.824219,False
2.8,30,324341.524816,True
0.0,30,324386.422902,False
0.0,30,324430.300104,False
2.8,30,324475.611387,True
0.0,30,324519.673109,False
0.0,30,324564.446872,False
0.0,30,324613.110447,False
0.0,30,324662.776081,False
0.0,30,324708.816755,False
2.8,30,324752.867077,True
2.8,30,324804.4805,True
0.0,30,324846.233253,False
0.0,30,324889.991685,False
0.0,30,324948.627094,False
0.0,30,324989.904827,False
2.5,30,325032.466427,True
0.0,30,325083.634249,False
2.6,30,325127.93868,True
2.3,30,325174.668325,True
0.0,30,325508.268742,False
0.0,30,325550.706089,False
0.0,30,325595.578204,False
2.1,30,325661.806006,True
2.7,30,325712.124647,True
0.0,30,325757.924371,False
0.0,30,325805.226236,False
2.7,30,325852.15959,True
0.0,30,325895.268597,False
0.0,30,325943.25327,False
2.7,30,325989.191844,True
0.0,30,326041.160646,False
2.5,30,326092.413967,True
2.8,30,326143.009791,True
0.0,30,326187.60609,False
0.0,30,326227.9816,False
0.0,30,326273.237265,False
0.0,30,326321.021428,False
0.0,30,326365.026241,False
0.0,30,326414.429871,False
2.6,30,326465.948216,True
0.0,30,326510.428166,False
0.0,30,326555.470593,False
2.0,30,326603.89623,True
0.0,30,326650.83964,False
1.7,30,326695.950486,True
2.7,30,326736.927409,True
3.0,30,326795.981321,True
2.5,30,326835.854138,True
1.6,30,326882.843691,True
1.9,30,326928.934747,True
2.6,30,326986.350413,True
2.8,30,327034.181592,True
2.4,30,327077.685327,True
2.4,30,327390.856456,True
1.7,30,327435.666311,True
2.2,30,327481.753588,True
2.9,30,327528.311098,True
0.0,30,327570.956516,False
3.0,30,327624.126242,True
0.2,30,327667.876139,False
0.0,30,327714.375737,False
0.0,30,327762.477371,False
0.0,30,327804.248076,False
0.0,30,327849.511812,False
0.0,30,327894.760192,False
1.3,30,327942.568733,True
2.3,30,327989.369689,True
0.0,30,328038.822108,False
2.8,30,328085.978415,True
0.0,30,328133.577322,False
2.7,30,328178.429679,True
0.0,30,328230.031986,False
2.8,30,328277.148215,True
2.3,30,328319.667352,True
2.5,30,328365.942494,True
2.1,30,328409.436652,True
2.7,30,328449.78684,True
2.8,30,328494.86719,True
0.0,30,328534.290268,False
0.0,30,328577.004452,False
0.0,30,328624.912057,False
0.0,30,328670.051794,False
2.5,30,328715.882234,True
0.0,30,328763.70834,False
0.0,30,328807.276065,False
2.8,30,328847.785283,True
3.0,30,328897.832612,True
2.6,30,329185.839366,True
0.0,30,329231.646894,False
2.6,30,329271.586493,True
0.0,30,329314.697812,False
0.0,30,329359.068655,False
2.4,30,329404.976865,True
0.0,30,329450.271883,False
2.5,30,329495.56857,True
2.6,30,329544.12986,True
1.6,30,329588.603351,True
2.2,30,329631.832337,True
0.0,30,329679.44945,False
0.0,30,329729.671166,False
0.0,30,329770.625757,False
0.0,30,329814.911532,False
0.5,30,329866.936741,True
0.0,30,329911.421639,False
2.7,30,329957.658372,True
0.0,30,330011.40439,False
0.0,30,330057.455714,False
0.0,30,330097.015818,False
0.0,30,330142.195708,False
0.0,30,330182.781723,False
2.5,30,330229.787571,True
2.7,30,330275.163022,True
0.0,30,330320.87261,False
0.5,30,330363.293052,True
0.0,30,330411.55834,False
0.0,30,330461.685957,False
0.0,30,330500.518816,False
0.9,30,330543.84438,True
2.2,30,330593.226008,True
1.8,30,330641.239358,True
0.0,30,330687.143614,False
0.0,30,330988.123082,False
2.4,30,331029.704412,True
0.0,30,331078.205011,False
2.5,30,331119.164816,True
0.0,30,331173.720877,False
2.4,30,331225.578416,True
0.0,30,331270.293684,False
0.0,30,331315.079136,False
2.2,30,331362.987277,True
0.0,30,331405.672304,False
0.0,30,331449.974036,False
2.7,30,331500.619696,True
2.7,30,331543.786898,True
0.0,30,331600.24914,False
2.5,30,331650.771364,True
1.4,30,331690.995136,True
0.0,30,331729.931796,False
1.1,30,331773.815807,True
2.4,30,331822.298438,True
0.0,30,331867.537644,False
2.7,30,331917.815871,True
0.0,30,331961.682317,False
0.0,30,332007.515132,False
0.0,30,332057.955945,False
3.0,30,332103.95435,True
0.6,30,332152.731659,True
0.0,30,332197.08259,False
0.0,30,332238.679363,False
3.0,30,332282.615385,True
0.0,30,332322.645495,False
2.5,30,332363.842575,True
0.0,30,332403.757478,False
0.0,30,332449.385887,False
0.0,30,332495.98447,False
0.0,30,332808.333449,False
0.0,30,332851.20635,False
2.3,30,332898.001914,True
0.0,30,332941.653367,False
1.3,30,332987.195145,True
0.0,30,333034.11554,False
2.6,30,333075.803083,True
0.0,30,333124.181792,False
2.7,30,333172.484662,True
2.4,30,333216.587049,True
2.7,30,333261.253259,True
0.0,30,333307.508533,False
2.6,30,333359.452863,True
0.0,30,333402.248189,False
1.7,30,333458.80967,True
2.7,30,333505.495592,True
0.0,30,333551.124843,False
0.0,30,333600.655847,False
2.8,30,333646.438275,True
0.0,30,333688.710683,False
2.6,30,333738.667685,True
0.0,30,333792.758514,False
2.9,30,333850.032341,True
0.0,30,333895.211012,False
0.0,30,333935.980428,False
2.7,30,333988.479524,True
0.0,30,334029.247847,False
0.0,30,334073.156435,False
2.6,30,334115.277192,True
0.7,30,334161.74789,True
0.0,30,334205.597223,False
2.5,30,334251.012524,True
2.8,30,334295.715894,True
2.1,30,334340.691144,True
0.0,30,334640.023608,False
2.4,30,334683.877887,True
0.0,30,334732.931943,False
0.0,30,334786.842144,False
0.0,30,334831.314243,False
2.5,30,334876.506655,True
0.0,30,334921.058522,False
0.0,30,334965.648474,False
0.0,30,335015.63061,False
2.6,30,335060.697292,True
0.0,30,335105.824833,False
0.0,30,335148.512248,False
0.0,30,335195.080715,False
1.8,30,335245.001978,True
2.6,30,335296.576341,True
1.7,30,335343.810492,True
0.0,30,335385.295321,False
2.1,30,335426.255499,True
2.1,30,335471.38199,True
0.0,30,335518.045284,False
0.0,30,335563.642097,False
2.1,30,335623.56478,True
2.7,30,335667.484566,True
0.0,30,335715.042774,False
0.0,30,335772.242599,False
0.0,30,335818.194549,False
2.5,30,335865.198757,True
2.3,30,335905.838728,True
1.5,30,335953.628122,True
0.0,30,336002.309836,False
2.7,30,336049.173478,True
0.0,30,336098.654327,False
1.9,30,336143.350709,True
2.8,30,336190.782991,True
0.0,30,336232.440103,False
2.5,30,336495.223486,True
0.0,30,336542.419201,False
2.8,30,336587.396418,True
2.8,30,336653.663213,True
2.4,30,336695.611188,True
2.7,30,336741.968543,True
0.0,30,336789.012524,False
0.0,30,336832.529398,False
0.0,30,336875.435036,False
0.0,30,336921.587017,False
1.9,30,336960.567014,True
2.8,30,337007.147152,True
2.6,30,337053.327563,True
0.0,30,337096.094389,False
0.0,30,337141.877183,False
0.0,30,337182.701894,False
2.1,30,337230.4428,True
0.0,30,337271.882568,False
1.5,30,337318.230418,True
0.0,30,337358.101029,False
0.0,30,337401.51091,False
0.0,30,337445.122719,False
2.5,30,337488.596457,True
0.0,30,337538.300869,False
2.1,30,337578.520465,True
1.7,30,337623.572177,True
0.0,30,337660.602834,False
2.7,30,337703.716792,True
0.0,30,337747.656271,False
2.4,30,337797.908124,True
2.7,30,337841.459228,True
0.0,30,337886.429682,False
0.0,30,337926.70838,False
0.0,30,337969.51364,False
2.3,30,338264.025942,True
0.0,30,338313.47721,False
2.8,30,338362.97916,True
0.0,30,338412.474195,False
0.0,30,338476.246103,False
2.5,30,338520.18921,True
0.0,30,338567.681501,False
1.5,30,338607.038088,True
0.0,30,338648.525678,False
2.9,30,338693.485309,True
0.0,30,338735.133798,False
2.5,30,338781.206606,True
0.0,30,338828.881265,False
0.0,30,338874.476617,False
0.0,30,338915.98677,False
0.0,30,338958.702178,False
2.8,30,339002.775654,True
0.7,30,339048.704871,True
0.0,30,339092.205979,False
2.6,30,339140.541826,True
0.0,30,339186.462022,False
0.0,30,339232.514928,False
2.0,30,339274.099955,True
0.0,30,339314.229798,False
0.0,30,339356.216799,False
0.0,30,339399.941546,False
0.0,30,339448.55876,False
2.5,30,339493.224436,True
2.8,30,339536.458576,True
2.4,30,339582.82359,True
0.0,30,339626.861515,False
1.9,30,339671.568103,True
2.8,30,339718.351817,True
0.0,30,339758.706621,False
0.0,30,340050.648914,False
0.0,30,340098.870422,False
0.0,30,340141.177802,False
2.7,30,340186.216365,True
3.0,30,340229.867151,True
3.0,30,340276.84001,True
0.0,30,340324.377315,False
0.0,30,340372.156203,False
0.7,30,340419.361485,True
0.0,30,340466.096845,False
2.5,30,340516.195707,True
2.5,30,340563.032559,True
0.0,30,340608.374183,False
0.0,30,340651.406619,False
0.0,30,340693.877185,False
0.0,30,340739.504234,False
3.0,30,340785.668687,True
2.6,30,340830.113496,True
3.0,30,340875.328944,True
2.5,30,340928.100636,True
2.6,30,340972.392126,True
0.0,30,341017.912449,False
2.3,30,341064.822171,True
2.4,30,341102.002062,True
1.3,30,341143.642357,True
2.4,30,341190.754596,True
1.5,30,341236.325969,True
2.6,30,341280.370795,True
2.4,30,341326.549784,True
0.0,30,341378.213628,False
1.0,30,341423.550381,True
3.0,30,341468.019766,True
0.0,30,341514.309692,False
2.6,30,341555.091232,True
2.3,30,341859.382506,True
0.0,30,341907.679543,False
0.0,30,341956.433555,False
2.8,30,342005.389744,True
0.0,30,342056.977249,False
2.7,30,342103.629546,True
0.8,30,342149.649016,False
0.0,30,342192.216373,False
1.9,30,342239.006412,True
2.5,30,342277.809732,True
0.0,30,342321.324988,False
0.0,30,342364.350658,False
0.0,30,342408.019624,False
2.9,30,342452.392608,True
0.0,30,342494.908697,False
2.7,30,342542.574524,True
0.0,30,342587.024226,False
0.0,30,342634.837154,False
2.5,30,342680.666145,True
2.9,30,342726.785556,True
2.5,30,342772.140584,True
2.2,30,342810.858293,True
2.4,30,342857.163029,True
0.0,30,342906.631983,False
1.5,30,342951.623321,True
0.0,30,342996.574298,False
0.0,30,343041.866918,False
0.0,30,343090.584888,False
0.0,30,343134.399449,False
2.7,30,343179.605494,True
2.5,30,343224.603056,True
2.3,30,343269.600566,True
2.8,30,343314.627495,True
0.0,30,343363.118163,False
2.3,30,343667.048653,True
2.2,30,343717.741122,True
0.0,30,343763.554375,False
0.0,30,343817.1711,False
0.0,30,343862.617064,False
1.9,30,343909.618477,True
0.0,30,343953.415857,False
0.0,30,343999.771237,False
2.8,30,344044.896627,True
2.4,30,344094.578372,True
1.1,30,344139.709899,True
2.1,30,344183.39453,True
1.3,30,344234.155019,True
0.0,30,344283.871313,False
0.0,30,344330.744596,False
2.0,30,344375.861368,True
0.0,30,344421.956782,False
2.6,30,344465.895607,True
0.0,30,344509.616511,False
0.0,30,344556.850142,False
2.5,30,344604.722559,True
2.4,30,344651.75334,True
2.5,30,344694.837699,True
0.0,30,344746.596039,False
2.4,30,344788.983003,True
2.7,30,344835.448186,True
0.0,30,344874.724247,False
2.4,30,344918.499594,True
2.9,30,344970.63605,True
0.0,30,345011.93514,False
2.3,30,345059.801379,True
0.0,30,345101.897063,False
0.0,30,345141.791334,False
0.0,30,345184.476931,False
0.0,30,345461.14229,False
0.0,30,345505.773574,False
0.0,30,345551.70492,False
0.0,30,345603.769202,False
2.4,30,345648.165971,True
3.0,30,345693.621721,True
0.0,30,345737.507218,False
2.8,30,345789.58028,True
0.0,30,345830.952598,False
0.0,30,345875.248307,False
0.0,30,345916.320814,False
0.0,30,345961.256448,False
2.1,30,346002.47391,True
2.3,30,346042.131131,True
0.0,30,346090.211476,False
0.0,30,346135.030376,False
2.1,30,346196.307154,True
0.0,30,346241.79435,False
2.8,30,346285.547261,True
2.2,30,346327.434848,True
2.6,30,346372.44565,True
0.0,30,346421.007371,False
0.0,30,346463.102923,False
0.0,30,346510.839092,False
0.0,30,346557.702104,False
2.6,30,346609.684613,True
0.0,30,346659.541026,False
0.0,30,346706.604254,False
1.8,30,346754.761046,True
2.7,30,346799.664173,True
2.7,30,346848.490353,True
2.2,30,346888.151705,True
0.0,30,346928.557015,False
2.6,30,346972.665725,True
3.0,30,347290.074744,True
2.8,30,347334.760102,True
2.9,30,347380.871799,True
0.0,30,347425.147952,False
2.5,30,347479.762912,True
2.4,30,347525.874339,True
0.0,30,347570.714535,False
0.0,30,347612.659336,False
2.7,30,347654.450216,True
2.9,30,347702.8879,True
2.5,30,347749.195346,True
0.0,30,347795.306375,False
1.8,30,347835.488532,True
2.8,30,347883.682717,True
2.6,30,347930.086856,True
0.0,30,347975.755289,False
1.4,30,348023.80795,True
2.6,30,348068.077118,True
0.0,30,348115.131941,False
0.0,30,348160.469752,False
0.0,30,348206.199683,False
0.0,30,348253.530448,False
0.0,30,348297.93828,False
0.0,30,348343.96248,False
2.9,30,348389.76624,True
0.0,30,348439.346158,False
2.5,30,348486.983788,True
0.0,30,348533.784794,False
2.0,30,348572.539793,True
2.8,30,348621.981433,True
0.0,30,348663.061733,False
0.4,30,348705.913588,True
2.7,30,348751.795902,True
0.0,30,348796.073166,False
0.0,30,348838.676551,False
1.5,30,349167.995594,True
2.1,30,349212.944834,True
0.0,30,349261.715772,False
0.0,30,349331.982514,False
0.0,30,349380.877141,False
2.6,30,349427.847869,True
2.3,30,349473.317211,True
3.0,30,349518.916087,True
2.7,30,349568.525553,True
3.0,30,349609.705312,True
0.0,30,349658.936737,False
3.0,30,349707.798062,True
0.0,30,349752.552626,False
0.0,30,349818.150054,False
2.5,30,349861.801821,True
0.0,30,349908.258627,False
1.5,30,349954.718142,True
1.8,30,350003.478083,True
0.0,30,350051.2345,False
0.0,30,350091.986423,False
0.0,30,350134.786434,False
0.0,30,350182.615926,False
0.0,30,350224.245662,False
2.6,30,350270.726373,True
0.0,30,350326.441849,False
0.0,30,350377.622821,False
2.5,30,350426.394015,True
2.8,30,350468.050545,True
0.0,30,350513.01232,False
2.9,30,350555.169628,True
2.8,30,350598.118602,True
2.6,30,350644.102112,True
0.0,30,350691.491332,False
0.0,30,350734.338426,False
0.0,30,351034.441295,False
0.0,30,351077.283869,False
1.8,30,351126.081502,True
2.4,30,351171.592223,True
0.0,30,351222.157998,False
0.0,30,351269.051174,False
0.0,30,351315.104686,False
0.0,30,351364.784194,False
2.7,30,351414.235092,True
0.0,30,351455.886213,False
3.0,30,351506.086123,True
0.0,30,351554.049257,False
2.2,30,351603.285869,True
0.0,30,351652.409233,False
0.0,30,351697.553862,False
0.0,30,351748.489857,False
2.4,30,351792.899678,True
0.0,30,351834.951071,False
1.7,30,351877.141799,True
0.5,30,351926.853126,True
0.0,30,351983.317218,False
2.8,30,352025.689058,True
0.0,30,352071.162818,False
2.7,30,352116.875072,True
0.0,30,352162.987175,False
0.0,30,352210.066154,False
2.6,30,352257.333778,True
1.9,30,352299.777794,True
0.5,30,352347.536503,False
0.0,30,352389.016982,False
2.5,30,352440.128245,True
0.0,30,352484.177904,False
2.3,30,352529.914503,True
0.0,30,352578.3541,False
0.0,30,352878.897828,False
0.0,30,352921.599484,False
0.0,30,352970.387311,False
0.0,30,353018.944505,False
0.0,30,353065.142958,False
2.4,30,353102.226183,True
0.0,30,353146.624362,False
2.7,30,353192.869309,True
0.0,30,353236.741579,False
2.5,30,353291.393903,True
0.0,30,353337.810297,False
2.3,30,353386.653523,True
0.0,30,353429.700894,False
0.0,30,353479.944852,False
0.0,30,353524.004645,False
0.0,30,353568.028856,False
2.7,30,353612.887241,True
3.0,30,353660.992353,True
0.0,30,353706.335912,False
0.0,30,353747.938806,False
0.0,30,353795.104762,False
3.0,30,353842.630351,True
0.2,30,353886.806232,False
0.0,30,353928.30934,False
2.9,30,353976.435647,True
2.1,30,354017.112396,True
2.6,30,354064.960788,True
2.7,30,354113.121858,True
2.7,30,354159.22531,True
0.0,30,354204.943056,False
0.0,30,354253.220542,False
1.6,30,354292.483098,True
0.0,30,354340.391415,False
0.0,30,354385.62902,False
2.3,30,354716.291904,True
0.0,30,354766.266314,False
2.6,30,354809.50678,True
2.3,30,354854.852647,True
2.8,30,354903.571457,True
2.9,30,354946.039289,True
2.5,30,354992.837431,True
0.0,30,355038.238202,False
1.8,30,355090.33151,True
2.9,30,355132.792257,True
2.8,30,355180.351623,True
2.8,30,355222.380439,True
2.8,30,355274.901631,True
0.0,30,355315.230628,False
0.0,30,355358.955722,False
1.9,30,355404.210571,True
0.0,30,355449.235225,False
2.5,30,355494.951898,True
3.0,30,355547.442389,True
2.0,30,355592.012469,True
2.6,30,355633.61794,True
2.6,30,355677.185959,True
2.7,30,355723.64166,True
2.8,30,355785.897223,True
2.3,30,355831.436115,True
0.0,30,355876.083756,False
2.8,30,355920.140585,True
0.0,30,355964.417341,False
0.0,30,356016.746054,False
0.0,30,356066.20026,False
2.3,30,356112.134971,True
0.0,30,356157.654318,False
0.0,30,356201.995661,False
2.8,30,356249.16644,True
2.8,30,356560.867458,True
2.5,30,356604.332457,True
0.0,30,356648.199862,False
0.0,30,356689.607566,False
2.8,30,356737.07515,True
1.4,30,356783.816922,True
0.0,30,356827.781473,False
1.4,30,356879.281092,True
0.0,30,356924.394789,False
1.6,30,356969.47057,True
2.1,30,357026.136223,True
2.6,30,357072.670034,True
2.9,30,357124.550705,True
2.1,30,357170.336491,True
1.8,30,357219.413758,True
2.8,30,357269.949273,True
2.6,30,357319.250493,True
0.0,30,357373.956455,False
2.6,30,357424.986717,True
0.1,30,357469.38181,True
2.8,30,357518.106473,True
0.0,30,357564.757936,False
0.0,30,357612.209797,False
2.4,30,357658.322317,True
0.0,30,357708.125392,False
0.0,30,357751.967394,False
0.0,30,357793.729202,False
0.0,30,357835.999109,False
0.0,30,357879.288556,False
2.6,30,357923.818667,True
2.6,30,357977.219047,True
0.0,30,358022.738163,False
2.3,30,358068.576381,True
0.0,30,358119.95417,False
2.7,30,358444.89677,True
0.0,30,358493.163218,False
0.0,30,358538.757183,False
0.0,30,358582.907955,False
0.0,30,358633.981463,False
2.8,30,358680.384733,False
3.0,30,358721.755334,True
0.0,30,358767.771016,False
0.0,30,358809.081118,False
2.6,30,358853.488336,True
0.0,30,358902.776205,False
0.0,30,358952.032171,False
0.0,30,358995.034958,False
0.0,30,359038.37946,False
0.0,30,359083.19258,False
2.5,30,359125.839348,True
2.0,30,359174.135237,True
1.4,30,359220.442333,True
0.0,30,359274.253869,False
2.5,30,359322.602622,True
3.0,30,359367.573403,True
2.9,30,359417.363536,True
2.2,30,359456.654364,True
1.9,30,359502.779237,True
0.0,30,359545.945021,False
2.7,30,359590.644666,True
0.0,30,359637.019122,False
0.0,30,359679.510583,False
0.0,30,359725.844909,False
0.0,30,359767.793235,False
2.7,30,359820.045707,True
2.8,30,359866.652295,True
0.0,30,359912.450155,False
2.1,30,359968.009742,True
0.0,30,360288.083755,False
0.0,30,360327.999404,False
2.9,30,360379.004954,True
2.8,30,360424.031106,True
3.0,30,360473.847055,True
3.0,30,360521.5421,True
0.0,30,360565.389819,False
0.0,30,360611.198501,False
2.9,30,360660.749899,True
0.0,30,360704.197276,False
0.0,30,360742.909739,False
0.0,30,360787.305645,False
0.0,30,360834.648463,False
2.5,30,360884.7464,True
0.0,30,360931.566015,False
0.0,30,360975.115739,False
1.8,30,361019.862641,True
0.0,30,361068.452985,False
0.0,30,361114.58432,False
2.9,30,361163.255003,True
1.9,30,361208.376582,True
0.0,30,361249.693969,False
0.0,30,361296.491004,False
2.5,30,361341.080686,True
2.5,30,361384.878318,True
0.0,30,361427.622226,False
2.7,30,361472.709728,True
0.0,30,361519.847891,False
0.0,30,361566.491544,False
1.4,30,361615.594206,True
0.0,30,361659.642811,False
2.5,30,361706.789896,True
2.2,30,361751.614695,True
0.0,30,361799.110708,False
2.2,30,362115.81092,True
2.7,30,362160.198429,True
2.9,30,362204.503998,True
2.5,30,362265.825438,True
2.7,30,362311.381496,True
0.0,30,362355.040542,False
0.0,30,362403.229939,False
0.0,30,362448.27259,False
0.0,30,362498.102623,False
2.7,30,362546.852756,True
2.8,30,362595.048526,True
2.6,30,362645.291251,True
3.0,30,362686.168959,True
2.6,30,362735.427997,True
2.5,30,362775.699137,True
0.0,30,362815.260576,False
2.8,30,362861.905275,True
0.0,30,362911.723701,False
0.0,30,362958.468716,False
2.0,30,363002.841321,True
1.7,30,363052.313884,False
0.0,30,363103.117033,False
0.0,30,363147.02125,False
0.0,30,363191.103132,False
0.0,30,363239.56499,False
0.0,30,363288.673078,False
0.0,30,363338.350994,False
2.7,30,363385.916247,True
1.9,30,363434.828337,True
3.0,30,363486.316471,True
0.0,30,363530.656574,False
0.0,30,363579.156432,False
2.8,30,363627.864067,True
0.0,30,363674.572427,False
1.2,30,363719.75785,True
0.0,30,364024.238,False
0.0,30,364070.998298,False
2.6,30,364114.925651,True
0.0,30,364163.511297,False
1.3,30,364208.475952,True
2.4,30,364248.993664,True
2.5,30,364296.674648,True
0.0,30,364348.097612,False
0.0,30,364395.887456,False
0.0,30,364440.87328,False
0.0,30,364483.186755,False
0.0,30,364532.75954,False
2.5,30,364578.841323,True
1.3,30,364629.143957,True
0.7,30,364672.751528,False
0.0,30,364715.582914,False
2.8,30,364758.67918,True
2.9,30,364803.676133,True
0.0,30,364842.500558,False
2.0,30,364892.1036,True
0.0,30,364937.98012,False
0.0,30,364982.156185,False
2.8,30,365030.664974,True
0.0,30,365076.697602,False
2.1,30,365116.449136,True
1.4,30,365164.928245,True
2.2,30,365210.830573,True
0.0,30,365255.097276,False
2.3,30,365292.730166,True
0.0,30,365337.768472,False
0.0,30,365380.734805,False
0.0,30,365421.916466,False
0.0,30,365468.05233,False
0.0,30,365513.845097,False
1.7,30,365826.508101,True
2.8,30,365875.024948,True
2.8,30,365920.838347,True
2.6,30,365963.416585,True
2.7,30,366008.910512,True
2.0,30,366052.111738,True
0.0,30,366102.409951,False
0.0,30,366147.084054,False
2.7,30,366198.398197,True
0.0,30,366236.713026,False
2.3,30,366278.031019,True
2.7,30,366322.217385,True
0.0,30,366369.572881,False
2.8,30,366412.381077,True
2.5,30,366457.438887,True
1.6,30,366503.991418,True
0.0,30,366551.655132,False
0.0,30,366601.025474,False
2.3,30,366645.125417,True
0.0,30,366696.364126,False
2.5,30,366739.907916,True
2.8,30,366782.754147,True
0.0,30,366822.771447,False
3.0,30,366874.888345,True
2.9,30,366918.31975,True
0.0,30,366972.83033,False
0.0,30,367015.887816,False
0.0,30,367072.888075,False
0.0,30,367120.516795,False
2.2,30,367189.953519,True
0.0,30,367240.513939,False
2.5,30,367287.702698,True
0.0,30,367329.775726,False
2.6,30,367380.513499,True
0.0,30,367676.873149,False
0.0,30,367724.143461,False
2.5,30,367768.337158,True
2.5,30,367810.760192,True
2.6,30,367856.57336,True
0.0,30,367900.574827,False
0.0,30,367945.047685,False
2.5,30,367989.088715,True
2.8,30,368035.158514,True
2.3,30,368081.365815,True
0.0,30,368123.289411,False
2.8,30,368165.166077,True
2.3,30,368210.464498,True
0.0,30,368256.215671,False
2.1,30,368304.984824,True
2.7,30,368350.306408,True
0.0,30,368389.399623,False
0.0,30,368436.334203,False
2.7,30,368490.78901,True
0.0,30,368535.5215,False
2.4,30,368580.324056,True
2.9,30,368626.344277,True
2.6,30,368673.33209,True
0.0,30,368717.648654,False
0.0,30,368763.265645,False
1.7,30,368813.179811,True
2.8,30,368861.304023,True
0.0,30,368906.172319,False
0.0,30,368952.162942,False
2.4,30,368996.10546,True
0.0,30,369044.039593,False
0.0,30,369085.560056,False
0.0,30,369129.554585,False
0.0,30,369180.349448,False
0.0,30,369499.456738,False
0.0,30,369544.808971,False
2.7,30,369591.429876,True
0.0,30,369637.906177,False
2.9,30,369682.984148,True
2.7,30,369726.954527,True
0.0,30,369774.063786,False
0.8,30,369821.703732,True
0.0,30,369873.567795,False
0.0,30,369922.091926,False
0.0,30,369966.879447,False
0.0,30,370010.091522,False
0.0,30,370056.334564,False
2.6,30,370106.719612,True
0.6,30,370153.108293,True
0.0,30,370201.869694,False
2.8,30,370248.821733,True
0.0,30,370298.628134,False
0.0,30,370350.047351,False
2.8,30,370393.894102,True
0.0,30,370436.436979,False
3.0,30,370482.853212,True
2.7,30,370528.856295,True
2.7,30,370577.715765,True
0.0,30,370625.135211,False
2.5,30,370673.600405,True
0.0,30,370718.995654,False
0.0,30,370765.484581,False
2.6,30,370815.534483,True
2.6,30,370858.940817,True
0.0,30,370905.324657,False
2.4,30,370949.662606,True
0.0,30,370990.87366,False
0.0,30,371041.035112,False
2.9,30,371352.636548,True
0.0,30,371399.738983,False
2.6,30,371445.372707,True
2.9,30,371486.923421,True
0.0,30,371533.735725,False
0.0,30,371575.928232,False
0.0,30,371622.291673,False
2.4,30,371670.774877,True
2.8,30,371717.249004,True
2.2,30,371766.711514,True
2.4,30,371810.659187,True
0.0,30,371865.84044,False
0.0,30,371913.16041,False
0.0,30,371962.526767,False
0.0,30,372016.011945,False
0.0,30,372059.82544,False
0.0,30,372109.011608,False
0.0,30,372150.638909,False
0.0,30,372197.511196,False
2.7,30,372241.573214,True
0.0,30,372280.037416,False
1.5,30,372331.427308,True
2.7,30,372383.756409,True
2.9,30,372428.371551,True
0.0,30,372479.716687,False
0.0,30,372521.907,False
0.0,30,372566.178699,False
2.5,30,372616.535268,True
2.4,30,372665.280539,True
2.3,30,372712.796372,True
0.0,30,372758.728865,False
2.4,30,372809.623267,True
1.8,30,372859.951042,True
2.7,30,372907.974457,True
2.2,30,373211.512977,True
0.0,30,373254.393973,False
0.0,30,373299.816809,False
0.0,30,373344.100592,False
0.0,30,373389.388382,False
0.0,30,373435.784321,False
0.0,30,373480.542445,False
2.9,30,373532.190928,True
0.0,30,373576.890417,False
0.0,30,373624.214859,False
2.4,30,373670.596938,True
0.0,30,373718.214371,False
0.0,30,373765.17037,False
0.0,30,373811.633929,False
2.7,30,373855.164597,True
2.3,30,373896.515758,True
2.2,30,373939.779955,True
0.0,30,373987.379831,False
2.8,30,374033.348902,True
0.0,30,374080.348771,False
2.7,30,374123.95777,True
0.0,30,374169.575682,False
0.0,30,374218.815593,False
2.5,30,374266.671558,True
2.5,30,374308.225047,True
1.8,30,374355.857513,True
2.5,30,374444.093916,True
0.0,30,374484.230622,False
2.7,30,374536.67154,True
2.1,30,374584.684646,True
2.6,30,374630.932345,True
0.0,30,374672.338031,False
2.3,30,374725.091918,True
0.0,30,374769.933084,False
2.2,30,375091.046019,True
2.9,30,375136.200022,True
2.6,30,375185.259351,True
2.8,30,375236.447029,True
2.5,30,375280.719344,True
2.9,30,375325.801898,True
3.0,30,375375.041492,True
0.0,30,375417.888943,False
1.6,30,375465.343186,True
0.0,30,375515.155581,False
0.0,30,375561.973584,False
0.0,30,375609.529869,False
2.6,30,375660.772924,True
3.0,30,375707.121753,True
0.0,30,375750.569458,False
0.0,30,375794.283227,False
0.0,30,375839.883215,False
1.8,30,375883.838367,True
0.0,30,375930.561176,False
0.0,30,375977.59122,False
2.2,30,376026.936323,True
2.4,30,376075.321382,True
2.9,30,376128.245894,True
0.0,30,376180.308542,False
0.0,30,376225.979241,False
0.0,30,376270.162868,False
2.4,30,376316.527455,True
2.5,30,376356.453872,True
0.0,30,376408.298666,False
2.5,30,376455.397615,True
0.0,30,376508.525814,False
0.0,30,376558.298424,False
0.0,30,376600.66855,False
2.8,30,376649.118691,True
2.8,30,376694.30445,True
2.0,30,376996.430822,False
0.0,30,377036.696738,False
2.0,30,377081.154981,True
0.0,30,377126.950412,False
0.0,30,377173.40684,False
0.0,30,377221.197258,False
0.0,30,377269.909272,False
3.0,30,377315.917102,True
0.0,30,377358.417156,False
0.0,30,377405.389075,False
2.1,30,377448.460436,True
3.0,30,377490.756384,True
2.0,30,377536.335334,True
2.7,30,377587.564622,True
2.7,30,377637.634658,True
2.3,30,377688.188681,True
0.0,30,377736.109313,False
2.7,30,377801.050676,True
0.5,30,377847.075196,False
0.0,30,377893.614123,False
0.0,30,377941.324658,False
0.0,30,377984.678813,False
1.2,30,378027.780036,True
0.0,30,378073.071485,False
2.8,30,378128.497503,True
0.0,30,378180.67483,False
0.0,30,378224.227475,False
0.0,30,378271.910694,False
0.8,30,378316.786311,False
2.3,30,378365.763964,True
0.0,30,378414.190939,False
0.6,30,378460.041402,False
0.0,30,378507.275403,False
0.0,30,378554.667669,False
0.0,30,378890.295269,False
2.6,30,378936.992473,True
1.3,30,378982.178444,False
2.8,30,379029.722203,True
2.1,30,379072.337451,True
3.0,30,379119.894353,True
2.0,30,379165.841268,True
2.4,30,379209.645414,True
0.0,30,379257.769522,False
2.7,30,379306.071865,True
2.7,30,379354.645208,True
3.0,30,379401.877648,True
0.0,30,379447.932375,False
2.6,30,379494.420587,True
0.0,30,379543.096465,False
2.7,30,379590.833381,True
1.4,30,379638.183034,True
3.0,30,379684.433769,True
2.5,30,379734.258959,True
0.0,30,379784.763482,False
0.0,30,379830.049438,False
2.5,30,379871.840883,True
2.2,30,379921.616756,True
0.0,30,379967.225134,False
2.7,30,380015.663832,True
2.5,30,380062.116034,True
0.0,30,380107.200384,False
2.2,30,380155.404612,True
2.4,30,380200.815545,False
2.8,30,380252.293531,False
2.3,30,380296.491424,True
2.7,30,380343.027249,True
1.9,30,380391.441983,True
2.5,30,380432.132818,True
2.0,30,380751.476014,True
0.0,30,380798.582738,False
2.4,30,380848.6901,True
0.0,30,380897.257205,False
2.6,30,380939.825682,True
3.0,30,380985.278981,True
0.0,30,381030.309128,False
0.0,30,381077.206975,False
0.0,30,381122.512153,False
0.0,30,381165.043874,False
2.8,30,381210.560839,True
2.0,30,381263.028275,True
2.4,30,381304.738566,True
0.0,30,381352.407593,False
0.0,30,381394.868989,False
0.0,30,381439.198566,False
0.0,30,381486.233102,False
0.0,30,381529.715678,False
2.5,30,381573.499786,True
0.0,30,381620.712563,False
1.9,30,381669.037778,True
0.0,30,381714.972239,False
0.0,30,381760.856175,False
2.5,30,381806.983069,True
0.0,30,381855.096214,False
0.0,30,381899.240819,False
2.2,30,381950.267578,True
2.4,30,381997.691656,True
0.0,30,382042.393732,False
2.3,30,382087.665262,True
0.0,30,382129.391374,False
0.0,30,382174.879144,False
2.5,30,382217.127121,True
0.0,30,382258.505163,False
0.0,30,382616.71016,False
0.0,30,382655.94521,False
0.0,30,382703.965464,False
0.0,30,382754.784887,False
2.1,30,382792.035504,True
0.0,30,382841.980927,False
2.6,30,382888.921702,True
2.8,30,382936.607665,True
0.0,30,382983.97965,False
1.6,30,383029.65471,True
0.0,30,383074.455499,False
2.8,30,383121.744711,True
0.0,30,383164.959535,False
0.0,30,383206.169037,False
2.9,30,383252.060773,True
0.0,30,383299.834872,False
2.1,30,383346.971032,True
2.3,30,383396.884972,True
0.0,30,383443.014648,False
2.5,30,383487.742445,True
0.0,30,383534.104744,False
3.0,30,383586.174316,True
2.1,30,383631.169672,True
0.0,30,383672.429003,False
0.0,30,383722.212376,False
0.0,30,383774.483672,False
0.0,30,383816.46126,False
0.0,30,383868.336412,False
2.9,30,383921.29084,True
2.7,30,383969.336152,True
0.0,30,384017.767369,False
0.0,30,384059.827482,False
0.0,30,384111.197434,False
0.0,30,384155.447055,False
0.0,30,384468.547911,False
2.7,30,384519.744578,True
2.6,30,384565.118455,True
0.0,30,384608.430173,False
2.6,30,384655.720336,True
0.0,30,384731.550456,False
0.0,30,384776.413429,False
2.8,30,384831.54348,True
0.0,30,384880.02444,False
2.3,30,384923.066064,True
1.5,30,384966.843737,True
0.0,30,385019.737602,False
2.8,30,385071.019062,True
2.2,30,385117.290536,True
0.0,30,385158.395731,False
0.0,30,385205.366249,False
1.4,30,385250.288788,True
2.9,30,385307.137622,True
2.2,30,385353.281523,True
0.0,30,385401.026326,False
0.0,30,385450.127377,False
0.0,30,385495.972555,False
2.6,30,385542.024998,True
0.0,30,385586.77848,False
0.0,30,385630.42116,False
3.0,30,385678.099468,True
0.0,30,385720.47683,False
0.0,30,385764.220316,False
0.0,30,385806.524614,False
0.0,30,385850.43666,False
2.5,30,385895.107529,True
1.9,30,385949.59611,True
2.6,30,385992.358154,True
0.0,30,386036.793653,False
0.0,30,386367.734097,False
2.9,30,386412.776981,True
0.0,30,386456.547389,False
2.7,30,386497.294558,True
0.0,30,386545.254096,False
2.7,30,386588.309132,True
2.9,30,386634.087177,True
2.4,30,386680.033737,True
3.0,30,386719.917145,True
2.7,30,386764.148036,True
0.0,30,386811.814991,False
0.0,30,386861.381226,False
0.0,30,386907.915863,False
3.0,30,386953.667728,True
0.0,30,387011.990693,False
0.0,30,387059.815655,False
0.0,30,387105.862529,False
2.3,30,387176.961235,True
0.0,30,387230.369123,False
2.3,30,387274.987634,True
0.0,30,387321.389743,False
2.4,30,387364.533664,True
2.3,30,387412.576778,True
0.0,30,387454.868081,False
2.8,30,387500.691572,True
0.0,30,387545.221368,False
0.0,30,387592.216362,False
2.6,30,387637.090554,True
0.0,30,387679.379627,False
0.0,30,387721.830953,False
0.0,30,387766.328732,False
2.9,30,387810.99511,True
0.0,30,387861.774366,False
2.8,30,387903.594856,True
2.7,30,388210.569323,True
3.0,30,388259.932161,True
2.6,30,388303.305282,True
2.6,30,388348.268334,True
0.0,30,388396.560775,False
0.0,30,388445.917057,False
2.6,30,388490.990517,True
2.7,30,388537.593912,True
2.1,30,388583.14196,True
0.0,30,388627.735245,False
0.0,30,388674.323484,False
2.6,30,388721.200434,True
2.6,30,388766.1032,True
2.1,30,388809.071417,True
0.0,30,388854.421491,False
0.0,30,388901.599622,False
0.0,30,388946.019266,False
0.0,30,388991.47637,False
2.1,30,389037.228775,True
0.0,30,389080.680175,False
2.2,30,389126.305609,True
0.0,30,389175.384109,False
2.0,30,389223.031156,True
1.6,30,389266.770591,True
2.6,30,389321.391374,True
0.9,30,389365.899512,True
0.0,30,389412.975322,False
2.4,30,389471.082379,True
0.0,30,389519.889606,False
2.5,30,389563.830059,True
3.0,30,389613.477094,True
2.5,30,389659.578139,True
2.2,30,389701.822459,True
0.0,30,389742.859445,False
0.0,30,390035.773275,False
2.6,30,390084.693399,True
2.9,30,390132.326243,True
2.8,30,390174.917621,True
0.0,30,390222.102524,False
2.8,30,390266.429878,True
2.5,30,390315.999937,True
2.5,30,390360.320895,True
0.0,30,390406.054601,False
0.0,30,390452.158678,False
2.5,30,390499.710328,True
2.7,30,390544.053629,True
2.7,30,390591.80452,True
2.4,30,390634.487409,True
0.0,30,390679.268438,False
0.0,30,390718.445359,False
1.2,30,390764.181522,True
0.0,30,390811.178278,False
2.6,30,390855.814056,True
2.4,30,390899.373097,True
2.3,30,390944.24363,True
0.0,30,390996.259822,False
0.0,30,391039.709409,False
2.9,30,391083.880857,True
2.7,30,391129.716832,True
2.8,30,391179.594295,True
3.0,30,391224.940737,True
2.8,30,391277.401592,True
0.0,30,391327.661885,False
0.0,30,391375.635811,False
2.7,30,391426.394779,True
0.0,30,391469.9048,False
2.9,30,391512.614339,True
0.0,30,391559.125508,False
0.0,30,391600.094214,False
2.5,30,391902.724931,True
2.8,30,391948.809686,True
0.0,30,391989.242816,False
0.0,30,392031.568537,False
2.1,30,392071.24197,True
0.0,30,392118.401511,False
0.0,30,392165.270196,False
2.7,30,392210.775801,True
0.0,30,392254.480456,False
0.0,30,392301.359265,False
1.2,30,392346.148248,True
0.0,30,392391.577113,False
2.7,30,392436.40311,True
2.7,30,392488.137788,True
2.8,30,392532.701061,True
0.0,30,392575.2636,False
3.0,30,392624.624555,True
0.0,30,392669.706184,False
3.0,30,392717.630713,True
2.2,30,392759.754683,True
2.5,30,392805.67226,True
0.0,30,392849.940563,False
1.7,30,392890.030203,True
1.8,30,392933.725337,True
2.5,30,392978.094304,True
0.0,30,393028.706346,False
0.0,30,393077.035652,False
2.3,30,393124.375182,True
1.8,30,393172.949386,True
2.1,30,393221.475509,True
2.5,30,393268.300487,True
0.0,30,393313.765897,False
0.0,30,393360.024541,False
0.0,30,393409.338309,False
0.0,30,393710.313944,False
0.0,30,393763.959916,False
0.0,30,393806.486492,False
0.0,30,393863.771991,False
0.0,30,393912.094577,False
2.6,30,393956.214445,True
0.0,30,394001.912129,False
0.0,30,394047.498483,False
2.3,30,394089.426587,True
0.0,30,394134.725502,False
0.0,30,394179.693331,False
0.0,30,394227.097817,False
0.0,30,394271.171489,False
2.5,30,394317.656899,True
2.6,30,394359.764016,True
0.0,30,394403.002783,False
2.8,30,394440.937388,True
0.0,30,394483.288799,False
0.0,30,394532.037444,False
2.9,30,394577.289064,True
2.4,30,394619.618748,True
0.0,30,394665.348524,False
0.0,30,394705.496191,False
0.0,30,394751.557814,False
2.4,30,394799.452932,True
0.0,30,394840.167061,False
0.0,30,394884.281824,False
2.5,30,394928.054844,True
2.3,30,394978.252866,True
0.0,30,395023.777881,False
0.0,30,395071.361867,False
0.0,30,395115.057067,False
2.0,30,395157.019503,True
2.4,30,395200.156014,True
2.7,30,395487.610003,True
0.8,30,395529.762733,True
0.0,30,395572.50491,False
0.0,30,395617.273243,False
2.7,30,395662.529184,True
3.0,30,395712.921214,True
0.0,30,395756.038137,False
2.3,30,395805.038571,True
0.0,30,395848.824745,False
1.9,30,395892.702919,True
0.0,30,395934.844338,False
2.8,30,395982.000944,True
2.1,30,396033.569361,True
1.2,30,396079.128238,False
0.6,30,396138.956912,True
0.0,30,396182.687466,False
0.0,30,396226.273606,False
0.0,30,396272.75324,False
0.0,30,396316.77132,False
0.0,30,396361.876936,False
0.0,30,396410.0986,False
2.7,30,396455.88671,True
2.7,30,396501.753206,True
0.0,30,396544.867933,False
2.6,30,396584.654001,True
2.7,30,396626.764553,True
2.8,30,396675.67538,True
0.0,30,396717.43316,False
0.0,30,396767.987602,False
0.0,30,396821.874301,False
0.7,30,396862.325321,True
0.0,30,396909.843041,False
0.0,30,396953.548269,False
2.7,30,397001.443921,True
0.0,30,397314.541014,False
2.3,30,397355.020581,True
2.8,30,397404.255904,True
2.6,30,397444.59409,True
0.0,30,397489.307258,False
0.0,30,397536.041796,False
2.5,30,397581.502059,True
0.0,30,397625.120992,False
0.0,30,397677.748914,False
0.0,30,397724.636166,False
0.0,30,397766.757411,False
0.0,30,397813.925812,False
0.0,30,397856.084287,False
3.0,30,397904.776541,True
2.8,30,397953.082999,True
0.0,30,398004.48604,False
0.0,30,398050.892773,False
2.8,30,398091.44303,True
0.0,30,398132.480325,False
2.2,30,398176.450129,True
1.7,30,398222.145391,True
2.5,30,398266.444201,True
2.6,30,398314.325367,True
2.7,30,398356.649861,True
2.7,30,398408.249144,True
2.0,30,398452.260729,True
3.0,30,398499.116102,True
0.6,30,398543.866303,True
2.6,30,398588.464355,True
2.4,30,398646.749167,True
0.0,30,398694.25789,False
2.0,30,398734.274421,True
0.0,30,398779.31253,False
2.5,30,398830.427532,True
2.0,30,399121.292963,True
2.8,30,399168.047029,True
0.0,30,399216.400068,False
2.8,30,399265.459396,True
2.4,30,399309.522655,True
0.0,30,399360.602277,False
0.0,30,399404.64243,False
0.0,30,399445.758343,False
2.6,30,399492.880893,True
2.5,30,399542.701283,True
0.0,30,399584.916772,False
0.0,30,399632.919225,False
2.4,30,399690.357969,True
0.0,30,399733.139907,False
0.0,30,399781.080069,False
0.0,30,399825.4566,False
0.0,30,399873.439156,False
0.0,30,399921.025141,False
0.0,30,399964.447133,False
2.4,30,400011.76618,True
1.3,30,400057.481842,True
2.1,30,400101.753481,True
2.5,30,400150.569068,True
0.0,30,400196.775586,False
2.5,30,400240.255881,True
2.5,30,400282.472442,True
0.0,30,400329.922991,False
2.6,30,400374.803251,True
2.6,30,400422.907086,True
0.0,30,400495.999461,False
0.0,30,400545.073021,False
0.0,30,400589.463016,False
0.0,30,400639.556602,False
2.4,30,400688.931429,True
0.0,30,400961.32741,False
2.4,30,401004.192546,True
0.0,30,401047.007754,False
1.8,30,401090.704797,False
0.0,30,401134.712128,False
2.4,30,401183.655738,True
2.7,30,401230.841857,True
0.0,30,401278.338043,False
0.0,30,401323.396561,False
0.0,30,401369.797725,False
1.9,30,401407.185007,True
3.0,30,401452.947748,True
2.4,30,401497.995653,True
0.0,30,401541.533829,False
0.0,30,401585.81011,False
1.8,30,401632.355825,True
0.0,30,401677.600938,False
2.9,30,401727.491367,True
0.0,30,401769.842847,False
0.0,30,401811.900526,False
2.6,30,401854.497663,True
2.3,30,401898.157752,True
1.7,30,401938.476727,False
2.1,30,401981.918045,True
0.0,30,402024.326253,False
2.6,30,402070.580978,True
2.4,30,402116.740554,True
0.0,30,402166.19901,False
0.0,30,402214.800317,False
2.7,30,402256.626528,True
0.0,30,402303.639311,False
0.0,30,402345.143761,False
0.0,30,402386.039319,False
2.6,30,402431.212625,True
2.5,30,402726.180106,True
0.0,30,402772.118228,False
2.8,30,402819.660343,True
1.9,30,402868.323987,False
2.5,30,402914.208425,True
2.5,30,402964.312842,True
2.9,30,403007.98659,True
2.3,30,403053.049049,True
0.0,30,403097.59284,False
0.0,30,403142.507323,False
2.5,30,403192.433837,True
2.0,30,403230.936765,True
0.0,30,403273.982072,False
2.6,30,403322.509551,True
0.0,30,403366.547042,False
2.8,30,403408.511685,True
2.5,30,403457.800242,True
2.6,30,403500.347016,True
2.8,30,403544.354426,True
0.0,30,403587.453956,False
2.3,30,403629.638311,True
0.0,30,403691.845447,False
0.0,30,403740.831285,False
0.0,30,403782.903079,False
0.0,30,403827.705733,False
0.0,30,403869.051935,False
2.7,30,403925.16027,True
0.0,30,403970.019976,False
0.0,30,404016.674639,False
2.2,30,404056.43248,True
2.6,30,404099.871141,True
0.0,30,404150.335707,False
0.0,30,404193.619586,False
0.0,30,404252.007612,False
2.6,30,404294.636096,True
0.0,30,404544.987571,False
2.3,30,404605.228514,True
0.0,30,404655.998636,False
0.0,30,404701.85379,False
0.0,30,404741.146684,False
0.0,30,404783.694548,False
0.0,30,404827.643858,False
2.8,30,404872.232686,True
0.0,30,404911.731169,False
2.9,30,404955.455233,True
0.0,30,405003.101629,False
2.6,30,405042.406668,True
0.0,30,405086.124192,False
2.5,30,405131.514324,True
2.8,30,405175.261597,True
0.0,30,405219.962617,False
1.8,30,405263.115631,True
2.0,30,405307.461411,True
2.9,30,405355.597287,True
1.7,30,405413.281192,True
0.0,30,405455.77808,False
0.9,30,405500.699933,True
2.4,30,405539.847046,True
1.5,30,405586.305449,True
2.8,30,405631.956227,True
0.6,30,405682.029228,True
0.0,30,405728.261968,False
0.0,30,405774.159123,False
0.0,30,405823.438107,False
0.0,30,405868.945426,False
2.6,30,405916.58548,True
0.0,30,405960.882677,False
1.0,30,406003.626271,True
2.7,30,406045.601943,True
2.5,30,406328.618451,True
0.0,30,406373.162658,False
2.2,30,406420.845116,True
2.6,30,406468.940686,True
2.3,30,406512.116856,True
0.0,30,406554.556106,False
2.8,30,406596.155467,True
3.0,30,406643.448539,True
0.0,30,406687.918288,False
0.0,30,406738.541401,False
0.0,30,406783.615539,False
0.0,30,406832.62616,False
0.0,30,406880.566663,False
2.5,30,406926.843419,True
2.7,30,406966.721754,True
2.6,30,407014.075536,True
0.0,30,407056.451669,False
2.5,30,407099.348913,True
0.0,30,407146.912322,False
2.4,30,407197.091251,True
2.1,30,407241.743704,True
2.5,30,407289.176484,True
2.8,30,407335.540981,True
1.0,30,407391.487474,True
2.8,30,407437.262321,True
2.4,30,407486.171611,True
2.4,30,407541.725193,True
1.8,30,407588.260906,False
3.0,30,407633.292251,True
0.0,30,407674.238688,False
0.0,30,407719.745857,False
1.0,30,407762.616953,True
0.0,30,407804.930669,False
2.1,30,407861.363756,True
1.0,30,408143.457743,True
2.7,30,408188.447123,True
1.6,30,408233.356503,True
2.8,30,408283.076089,True
1.4,30,408329.480028,True
2.2,30,408377.101495,True
1.8,30,408429.586661,True
0.0,30,408474.308698,False
1.6,30,408516.550339,True
2.7,30,408562.859722,True
2.7,30,408610.8529,True
0.0,30,408656.312651,False
2.8,30,408701.081655,True
1.7,30,408746.783872,True
2.6,30,408786.997379,True
1.9,30,408831.021896,True
2.2,30,408874.279041,True
2.5,30,408917.43507,True
0.0,30,408976.881871,False
0.0,30,409025.680858,False
2.8,30,409076.250042,True
0.0,30,409117.80128,False
0.0,30,409161.697991,False
0.0,30,409206.574085,False
0.0,30,409255.606671,False
0.0,30,409304.992536,False
0.0,30,409350.52479,False
2.1,30,409392.352001,True
2.6,30,409442.372241,True
0.0,30,409485.019169,False
0.0,30,409530.68311,False
0.0,30,409573.562777,False
1.1,30,409614.939513,True
2.9,30,409661.320095,True
2.8,30,409942.999751,True
1.7,30,409986.769939,True
2.9,30,410032.022545,True
2.4,30,410075.511442,True
1.3,30,410127.501511,True
0.0,30,410172.77742,False
0.0,30,410215.831153,False
2.5,30,410260.712126,True
2.7,30,410311.853547,True
0.0,30,410357.656236,False
0.0,30,410408.166107,False
2.2,30,410454.922315,True
2.2,30,410505.716187,True
0.0,30,410544.858103,False
2.4,30,410591.662577,True
0.0,30,410638.222566,False
0.0,30,410682.851459,False
0.0,30,410724.941589,False
2.5,30,410768.093568,True
0.0,30,410816.039119,False
2.2,30,410859.041043,True
0.0,30,410904.688259,False
2.3,30,410957.534391,True
0.7,30,411000.043211,True
0.0,30,411048.5176,False
2.7,30,411093.298323,True
0.0,30,411132.402674,False
2.1,30,411177.155269,True
2.8,30,411226.982927,True
0.0,30,411273.623673,False
2.1,30,411320.088414,True
2.5,30,411365.245616,True
0.0,30,411414.153793,False
0.0,30,411458.492195,False
0.0,30,411775.296664,False
0.0,30,411818.746929,False
2.7,30,411868.822465,True
0.0,30,411914.586197,False
3.0,30,411961.802072,True
2.2,30,412006.838012,True
0.0,30,412054.44154,False
2.7,30,412096.476048,True
2.9,30,412142.228734,True
2.5,30,412191.140074,True
1.8,30,412235.781155,True
2.1,30,412284.709902,True
0.0,30,412330.867717,False
0.0,30,412376.479731,False
2.2,30,412417.214227,True
3.0,30,412463.370818,True
0.0,30,412515.664555,False
3.0,30,412562.751896,True
1.9,30,412606.813061,True
0.9,30,412661.743654,True
2.7,30,412710.10103,True
2.1,30,412760.173745,False
2.8,30,412804.137221,True
2.6,30,412847.086562,True
2.9,30,412892.31691,True
2.4,30,412936.396328,True
2.2,30,412979.271855,True
0.0,30,413020.323317,False
0.0,30,413063.990967,False
1.8,30,413114.516996,False
2.2,30,413164.156728,True
0.0,30,413221.111121,False
2.7,30,413267.200504,True
3.0,30,413316.910772,True
0.0,30,413592.529848,False
2.5,30,413637.076324,True
3.0,30,413687.005955,True
0.0,30,413738.815403,False
0.0,30,413780.849294,False
0.0,30,413826.224013,False
0.0,30,413866.621483,False
2.4,30,413917.193081,True
2.9,30,413960.709507,True
3.0,30,414009.872513,True
1.6,30,414059.673949,True
2.3,30,414103.741452,True
1.8,30,414144.071863,True
0.0,30,414187.255769,False
0.0,30,414234.785643,False
3.0,30,414277.019331,True
0.0,30,414320.661389,False
2.3,30,414363.018498,True
2.3,30,414412.952128,True
2.0,30,414456.556663,True
0.0,30,414498.887367,False
0.0,30,414542.57533,False
0.0,30,414590.576412,False
0.0,30,414637.333275,False
2.1,30,414684.891084,True
0.0,30,414732.066906,False
0.0,30,414770.859356,False
2.7,30,414818.032441,True
0.0,30,414861.731737,False
2.2,30,414905.503411,False
0.0,30,414955.173648,False
2.3,30,414997.243579,True
0.0,30,415045.522326,False
2.5,30,415088.812456,True
2.2,30,415377.42705,True
0.0,30,415421.87953,False
2.4,30,415469.028059,True
0.0,30,415517.28779,False
0.0,30,415560.030086,False
2.7,30,415606.711848,True
0.0,30,415650.283193,False
0.0,30,415694.919219,False
0.0,30,415740.606319,False
2.6,30,415784.233933,True
2.7,30,415827.723271,True
2.7,30,415870.803538,True
0.6,30,415922.432943,True
1.8,30,415964.765103,True
0.0,30,416012.440605,False
0.0,30,416052.500971,False
0.0,30,416096.716473,False
0.0,30,416153.221653,False
0.0,30,416201.094787,False
2.8,30,416249.485014,True
2.9,30,416296.017336,True
2.7,30,416341.297229,True
1.9,30,416382.340782,True
2.7,30,416423.568061,True
0.0,30,416477.134388,False
0.0,30,416520.856596,False
0.0,30,416566.587678,False
2.8,30,416612.489909,True
2.5,30,416654.417074,True
2.3,30,416699.064632,True
0.0,30,416744.118937,False
0.0,30,416797.620996,False
0.0,30,416846.705307,False
2.3,30,416890.930685,True
2.9,30,417192.869104,True
0.0,30,417237.384154,False
0.0,30,417284.539509,False
0.0,30,417331.447774,False
3.0,30,417378.117138,True
2.7,30,417425.668604,True
2.9,30,417465.033142,True
3.0,30,417513.492789,True
2.6,30,417563.890081,True
1.5,30,417606.975309,True
2.5,30,417647.749383,True
3.0,30,417693.183632,True
0.0,30,417738.107279,False
0.0,30,417781.497208,False
2.0,30,417826.786413,True
2.8,30,417883.215137,True
2.6,30,417932.358069,True
2.6,30,417974.918531,True
2.2,30,418020.000193,True
0.6,30,418061.433397,True
0.0,30,418103.093884,False
0.0,30,418153.878061,False
2.8,30,418193.23007,True
0.0,30,418230.922202,False
2.8,30,418278.917325,True
1.8,30,418320.93031,True
0.0,30,418368.934856,False
0.0,30,418410.346864,False
0.0,30,418454.662381,False
3.0,30,418497.771955,True
1.0,30,418542.21297,True
3.0,30,418582.249857,True
0.0,30,418626.851909,False
0.0,30,418672.973448,False
0.0,30,418718.350317,False
2.1,30,419000.464,True
0.0,30,419045.165909,False
3.0,30,419093.707073,True
2.5,30,419143.789385,True
0.0,30,419187.737098,False
0.0,30,419232.529039,False
2.8,30,419283.186085,True
2.6,30,419331.721143,True
2.9,30,419379.044361,True
0.0,30,419436.715175,False
0.0,30,419482.560927,False
0.0,30,419528.810307,False
0.0,30,419570.903695,False
3.0,30,419616.380063,True
0.0,30,419660.458392,False
0.0,30,419705.16047,False
0.0,30,419746.949838,False
2.6,30,419790.586299,True
2.5,30,419833.159038,True
0.0,30,419875.357198,False
1.9,30,419925.46749,True
0.0,30,419970.938899,False
0.8,30,420013.378439,True
1.4,30,420056.242295,True
2.7,30,420099.201721,True
2.3,30,420146.565593,True
0.0,30,420193.791526,False
0.0,30,420233.302251,False
0.9,30,420278.31971,True
0.0,30,420324.306408,False
0.0,30,420364.349332,False
2.4,30,420409.507893,True
0.0,30,420466.268951,False
2.5,30,420507.931743,True
2.5,30,420818.377612,True
0.0,30,420864.121233,False
0.0,30,420907.796247,False
0.0,30,420956.888286,False
0.0,30,420997.246568,False
2.6,30,421053.227029,True
2.0,30,421096.127523,True
0.0,30,421146.01918,False
2.8,30,421192.914726,True
2.7,30,421236.951001,True
0.0,30,421283.914028,False
0.0,30,421326.995108,False
2.3,30,421374.942213,True
0.0,30,421423.937076,False
1.0,30,421474.307673,True
0.0,30,421518.45331,False
0.0,30,421563.078171,False
2.2,30,421612.598786,True
2.4,30,421649.802127,True
2.4,30,421691.769597,True
0.0,30,421736.915992,False
2.5,30,421783.147593,True
0.0,30,421830.399531,False
2.6,30,421881.595878,True
0.0,30,421924.108095,False
0.0,30,421971.017798,False
0.0,30,422017.582213,False
0.0,30,422064.636396,False
0.0,30,422113.021708,False
2.8,30,422159.541553,True
1.9,30,422201.534131,True
1.3,30,422251.460614,True
2.8,30,422292.652641,True
0.0,30,422338.55529,False
0.0,30,422671.197361,False
2.1,30,422715.213778,True
0.0,30,422763.597037,False
2.5,30,422826.290842,True
2.6,30,422870.820893,True
0.0,30,422916.456251,False
2.8,30,422959.534738,True
0.0,30,423002.706544,False
2.6,30,423050.044067,True
2.6,30,423098.149945,True
3.0,30,423141.839234,True
0.0,30,423185.535553,False
0.0,30,423230.896873,False
0.0,30,423270.590144,False
0.0,30,423314.792689,False
0.0,30,423363.680538,False
0.0,30,423411.27695,False
0.0,30,423452.479582,False
0.8,30,423494.019562,False
1.8,30,423541.191821,True
2.5,30,423587.958778,True
0.0,30,423633.700332,False
0.0,30,423675.919559,False
0.0,30,423717.6545,False
3.0,30,423757.6459,True
2.4,30,423796.817871,True
2.6,30,423840.261752,True
2.6,30,423886.492667,True
2.9,30,423938.035669,True
0.0,30,423976.114055,False
0.0,30,424019.92744,False
2.7,30,424075.64285,True
0.0,30,424116.737334,False
2.9,30,424161.881109,True
0.0,30,424488.648086,False
2.5,30,424536.293985,True
0.0,30,424580.956786,False
0.0,30,424629.12022,False
0.0,30,424678.787555,False
2.0,30,424728.912953,True
0.0,30,424771.519412,False
0.0,30,424815.525031,False
0.0,30,424858.025731,False
2.2,30,424903.96011,True
2.8,30,424955.742461,True
2.2,30,424997.712668,True
2.4,30,425043.989986,True
1.9,30,425090.129886,True
0.0,30,425129.475986,False
0.0,30,425173.200361,False
0.0,30,425218.297852,False
0.2,30,425261.270354,False
0.0,30,425307.381693,False
0.0,30,425352.197209,False
3.0,30,425393.678489,True
2.9,30,425436.359301,True
2.3,30,425478.618409,True
2.7,30,425527.161345,True
0.0,30,425574.390189,False
0.0,30,425617.219475,False
2.8,30,425672.182445,True
0.0,30,425716.877815,False
0.0,30,425763.067377,False
0.0,30,425801.812927,False
0.0,30,425848.733073,False
2.8,30,425891.233276,True
0.0,30,425935.213636,False
0.0,30,425984.292183,False
2.5,30,426298.508758,True
2.7,30,426341.8802,True
2.6,30,426388.422945,True
0.8,30,426459.405912,True
1.0,30,426512.111142,True
2.8,30,426555.079991,True
0.0,30,426600.880757,False
2.7,30,426655.673324,True
0.0,30,426704.760771,False
0.0,30,426751.040653,False
0.0,30,426801.135086,False
1.9,30,426845.75551,True
0.0,30,426892.920073,False
0.0,30,426941.305348,False
0.0,30,426988.629506,False
0.0,30,427031.18338,False
2.5,30,427076.959288,True
2.2,30,427119.296859,True
0.0,30,427166.090983,False
2.7,30,427210.671401,True
0.9,30,427259.978631,False
2.5,30,427309.174287,True
2.8,30,427359.219557,True
0.0,30,427401.311822,False
3.0,30,427447.128991,True
0.0,30,427495.089997,False
0.0,30,427538.378773,False
0.0,30,427585.417189,False
3.0,30,427630.244472,True
2.5,30,427678.768352,True
0.0,30,427724.271908,False
2.6,30,427771.758614,True
2.5,30,427820.623877,True
1.1,30,427862.708882,True
2.6,30,428217.6692,True
1.0,30,428262.396698,False
2.2,30,428307.627552,True
0.0,30,428350.504238,False
0.0,30,428400.823723,False
1.1,30,428447.425865,False
2.4,30,428492.944472,True
2.8,30,428539.060597,True
0.0,30,428582.886913,False
1.6,30,428626.757624,True
0.0,30,428678.526193,False
0.0,30,428727.596817,False
2.9,30,428773.290873,True
2.8,30,428816.974626,True
2.5,30,428864.132566,True
2.8,30,428905.792365,True
3.0,30,428950.272033,True
2.5,30,428995.644578,True
0.0,30,429042.889889,False
2.6,30,429085.789419,True
2.8,30,429127.805785,True
0.0,30,429181.629442,False
3.0,30,429230.140626,True
2.4,30,429274.845742,True
0.0,30,429319.629191,False
0.0,30,429361.597423,False
2.6,30,429410.910942,True
0.0,30,429455.414883,False
0.0,30,429501.381314,False
1.0,30,429549.554886,False
0.0,30,429594.488416,False
2.9,30,429637.885222,True
0.0,30,429692.76232,False
3.0,30,429738.219884,True
0.0,30,430090.414055,False
2.3,30,430132.329231,True
2.5,30,430176.999579,True
0.0,30,430226.477579,False
1.6,30,430276.258965,True
2.3,30,430319.785327,True
2.2,30,430368.007849,True
2.2,30,430415.70932,True
0.0,30,430460.05986,False
1.2,30,430512.029368,True
2.4,30,430557.911363,True
0.3,30,430609.730328,True
0.0,30,430663.5038,False
2.5,30,430712.403843,True
3.0,30,430760.592999,True
0.3,30,430808.1699,True
0.0,30,430861.724477,False
0.0,30,430901.85743,False
0.0,30,430949.747182,False
0.0,30,430993.414501,False
1.9,30,431037.44014,True
0.0,30,431084.239359,False
2.8,30,431136.152221,True
0.0,30,431188.068237,False
2.3,30,431234.284815,True
0.0,30,431277.451676,False
2.6,30,431327.166129,True
2.5,30,431370.863834,True
0.0,30,431418.410345,False
3.0,30,431467.260078,True
2.8,30,431518.310099,True
2.0,30,431568.430091,True
0.0,30,431615.765735,False
0.0,30,431662.870141,False
2.9,30,431705.229911,True
0.0,30,432041.819482,False
2.4,30,432084.752561,True
2.6,30,432131.85747,True
2.6,30,432186.519611,True
2.6,30,432230.653615,True
0.0,30,432278.728063,False
2.6,30,432327.869874,True
2.5,30,432375.70212,True
2.3,30,432423.493629,True
2.2,30,432466.702673,True
0.0,30,432515.598522,False
2.1,30,432564.156327,True
0.0,30,432606.005253,False
0.0,30,432662.480284,False
0.0,30,432708.158052,False
0.0,30,432755.284594,False
0.0,30,432803.188665,False
0.0,30,432850.153177,False
0.0,30,432892.2998,False
1.0,30,432935.958849,True
1.9,30,432979.607348,True
1.8,30,433026.771701,True
2.7,30,433075.935939,True
0.0,30,433122.757838,False
2.0,30,433169.116,True
0.0,30,433212.5819,False
0.0,30,433252.206956,False
2.1,30,433300.040756,True
0.0,30,433345.23945,False
0.0,30,433390.153928,False
0.0,30,433438.307474,False
0.0,30,433486.653475,False
0.0,30,433534.405498,False
0.0,30,433578.219276,False
3.0,30,433933.123107,True
0.0,30,433980.833598,False
0.0,30,434028.426675,False
0.0,30,434073.785605,False
2.1,30,434115.485861,True
2.9,30,434163.2128,True
1.2,30,434210.582164,True
0.0,30,434254.238704,False
2.5,30,434298.393943,True
2.8,30,434346.976719,True
0.0,30,434396.150748,False
0.0,30,434444.374903,False
2.4,30,434494.98302,True
0.0,30,434542.877256,False
2.4,30,434588.032167,True
0.0,30,434631.087044,False
2.8,30,434680.913942,True
2.6,30,434733.572723,True
2.7,30,434777.276328,True
0.1,30,434824.555563,False
0.0,30,434867.570341,False
0.0,30,434911.883447,False
1.7,30,434962.827051,True
2.2,30,435009.993167,True
0.0,30,435056.888229,False
2.7,30,435104.633932,True
2.6,30,435148.852291,True
3.0,30,435194.262117,True
0.0,30,435237.527587,False
2.3,30,435286.865521,True
0.0,30,435334.845002,False
2.4,30,435383.262315,True
2.7,30,435430.241383,True
0.0,30,435476.176931,False
0.0,30,435827.679456,False
0.0,30,435871.797115,False
0.0,30,435919.5897,False
2.7,30,435963.491744,True
2.7,30,436015.469455,True
0.0,30,436061.812953,False
2.9,30,436109.470588,True
2.6,30,436151.699779,True
0.0,30,436198.117645,False
2.6,30,436245.39121,True
2.0,30,436286.857115,True
0.0,30,436332.512247,False
2.8,30,436384.227033,True
0.0,30,436434.259436,False
2.7,30,436482.155456,True
0.0,30,436531.51134,False
2.8,30,436585.265079,True
0.0,30,436630.041971,False
0.0,30,436672.954094,False
0.0,30,436724.832642,False
0.0,30,436769.751718,False
0.0,30,436818.880172,False
2.9,30,436862.904845,True
2.6,30,436916.397129,True
0.0,30,436961.247567,False
0.6,30,437012.126746,True
0.0,30,437060.006141,False
2.9,30,437105.849156,True
2.4,30,437149.430999,True
2.4,30,437200.36109,True
0.0,30,437247.251733,False
2.4,30,437296.871021,True
2.8,30,437339.414248,True
0.0,30,437387.729953,False
2.6,30,437725.720452,True
0.0,30,437779.166129,False
2.4,30,437829.799064,True
0.0,30,437888.650156,False
2.9,30,437937.486342,True
0.0,30,437981.155749,False
0.0,30,438030.771742,False
2.3,30,438078.306252,True
0.0,30,438125.074877,False
3.0,30,438170.029346,True
2.6,30,438216.995049,True
0.0,30,438265.625251,False
2.6,30,438308.103234,True
2.5,30,438356.174305,True
0.0,30,438405.553518,False
2.8,30,438452.172047,True
0.0,30,438498.63946,False
2.5,30,438546.569935,True
2.9,30,438590.215153,True
0.0,30,438639.452471,False
3.0,30,438685.288842,True
2.7,30,438730.719706,True
2.7,30,438781.805513,True
2.8,30,438827.004575,True
2.9,30,438871.785431,True
2.6,30,438920.969575,True
0.0,30,438969.594926,False
2.6,30,439021.660292,True
2.6,30,439067.987427,True
2.3,30,439118.999719,True
2.6,30,439168.441771,True
0.0,30,439219.08114,False
2.9,30,439270.877029,True
2.6,30,439318.445277,True
0.0,30,439643.292201,False
2.5,30,439686.73746,True
2.9,30,439740.711615,True
2.7,30,439792.073689,True
0.0,30,439844.597233,False
0.0,30,439890.393092,False
0.0,30,439936.663649,False
2.4,30,439983.32071,False
0.0,30,440040.020176,False
2.7,30,440088.442238,True
0.0,30,440137.730071,False
0.0,30,440189.213075,False
2.6,30,440235.5462,True
1.9,30,440280.122492,True
2.3,30,440329.157157,True
0.0,30,440374.098729,False
0.0,30,440417.657387,False
2.4,30,440463.278095,True
2.8,30,440509.664007,True
2.3,30,440555.36329,True
2.3,30,440598.866705,True
0.0,30,440650.162664,False
0.0,30,440696.654596,False
0.7,30,440747.071882,True
0.0,30,440796.862389,False
2.8,30,440838.055113,True
0.0,30,440886.977609,False
0.0,30,440938.874145,False
1.4,30,440980.576276,True
2.5,30,441030.877777,True
0.0,30,441089.075454,False
2.3,30,441133.602901,True
0.0,30,441185.416159,False
0.0,30,441233.482831,False
2.8,30,441573.391252,True
2.7,30,441622.029738,True
2.0,30,441670.99961,True
0.0,30,441720.988497,False
2.8,30,441766.969625,True
2.7,30,441811.054612,True
0.0,30,441861.380863,False
0.0,30,441907.901397,False
2.5,30,441955.641694,True
2.6,30,442001.766072,True
0.0,30,442052.751856,False
2.5,30,442094.374315,True
0.0,30,442143.264453,False
0.0,30,442190.191997,False
0.0,30,442232.383888,False
2.4,30,442277.418801,True
2.5,30,442330.816832,True
2.7,30,442376.859879,True
0.0,30,442423.02087,False
2.4,30,442477.607803,True
0.0,30,442520.490814,False
0.0,30,442565.089744,False
2.0,30,442613.887302,True
0.0,30,442656.253888,False
2.6,30,442697.234086,True
2.4,30,442742.709382,True
2.0,30,442788.367629,True
0.0,30,442828.26902,False
0.0,30,442871.596832,False
2.5,30,442909.243487,True
2.2,30,442953.461421,True
2.4,30,443000.280427,True
2.4,30,443043.290831,True
2.1,30,443091.650293,True
2.9,30,443439.857147,True
2.5,30,443489.597768,True
2.7,30,443533.150429,True
2.7,30,443582.468799,True
2.8,30,443629.356552,True
0.0,30,443676.114453,False
3.0,30,443725.849977,True
0.0,30,443768.800599,False
2.7,30,443815.146931,True
0.0,30,443861.417131,False
0.6,30,443907.076223,True
2.7,30,443955.439784,True
2.8,30,443997.055625,True
2.4,30,444045.69995,True
0.0,30,444095.532526,False
2.8,30,444150.540897,True
0.0,30,444198.771108,False
2.2,30,444243.032849,True
1.5,30,444288.914313,True
0.0,30,444335.126445,False
0.0,30,444380.127379,False
2.9,30,444422.867447,True
2.9,30,444465.802524,True
0.0,30,444514.596728,False
0.0,30,444564.868854,False
0.0,30,444608.273328,False
0.0,30,444654.09267,False
2.7,30,444700.737143,True
2.5,30,444750.491485,True
2.5,30,444797.321314,True
3.0,30,444850.300201,True
2.3,30,444896.343623,True
0.0,30,444946.767279,False
2.5,30,444991.664717,True
0.0,30,445334.932131,False
0.0,30,445381.985347,False
2.0,30,445428.929431,True
3.0,30,445480.47109,True
2.7,30,445526.472375,True
0.0,30,445571.714169,False
0.0,30,445611.98723,False
0.0,30,445654.758714,False
0.0,30,445699.469252,False
2.3,30,445746.347322,True
2.5,30,445791.865176,True
1.0,30,445844.752113,True
2.6,30,445891.731149,True
2.7,30,445940.116221,True
1.3,30,445987.717149,True
2.3,30,446031.75877,True
2.6,30,446075.966343,True
0.0,30,446133.081547,False
0.0,30,446177.338689,False
2.6,30,446223.198844,True
0.0,30,446266.498999,False
2.8,30,446310.126494,True
0.0,30,446359.153676,False
2.8,30,446402.056125,True
2.7,30,446446.784921,True
2.4,30,446489.898235,True
0.0,30,446529.817294,False
2.8,30,446576.816033,True
3.0,30,446620.602776,True
0.0,30,446665.138033,False
2.7,30,446709.66189,True
2.3,30,446752.646348,True
1.8,30,446798.955377,True
0.0,30,446847.463767,False
2.6,30,446893.487167,True
0.0,30,447242.204206,False
0.8,30,447285.976038,True
0.0,30,447332.944054,False
0.0,30,447382.651756,False
2.9,30,447425.517659,True
0.0,30,447472.70785,False
2.7,30,447516.114208,True
0.0,30,447560.334627,False
0.0,30,447615.976768,False
2.7,30,447659.755287,True
0.0,30,447703.916198,False
2.4,30,447752.203314,True
0.7,30,447801.320307,True
0.0,30,447847.083217,False
0.0,30,447893.696028,False
0.0,30,447938.388277,False
1.8,30,447986.740968,True
2.1,30,448030.154947,True
2.9,30,448074.680103,True
0.0,30,448118.797898,False
0.0,30,448172.500588,False
2.9,30,448222.302227,True
0.0,30,448263.98301,False
3.0,30,448308.737636,True
2.6,30,448357.963938,True
2.8,30,448405.496607,True
2.6,30,448458.810674,True
0.0,30,448510.036096,False
0.1,30,448555.04023,True
0.0,30,448605.394229,False
0.0,30,448653.080887,False
2.4,30,448703.536665,True
0.0,30,448749.944388,False
0.0,30,448793.092337,False
2.7,30,449147.173449,True
2.5,30,449196.122555,True
3.0,30,449242.25311,True
2.9,30,449286.712115,True
2.7,30,449336.463694,True
0.0,30,449376.194447,False
2.3,30,449422.653924,True
2.6,30,449462.80662,True
1.7,30,449509.574723,True
2.7,30,449556.475589,True
2.5,30,449600.232809,True
0.0,30,449641.175678,False
0.0,30,449694.717186,False
0.0,30,449742.376303,False
2.6,30,449785.234644,True
0.0,30,449825.27791,False
2.7,30,449873.031262,True
0.0,30,449915.883802,False
2.8,30,449963.026413,True
0.0,30,450006.857874,False
0.0,30,450054.602336,False
2.5,30,450100.300042,True
0.0,30,450142.218243,False
0.0,30,450186.880183,False
0.0,30,450235.386732,False
2.7,30,450279.471237,True
2.8,30,450325.820654,True
2.3,30,450369.177504,True
0.0,30,450421.213078,False
0.0,30,450464.911097,False
2.4,30,450506.475409,True
2.5,30,450549.681702,True
0.0,30,450592.816182,False
3.0,30,450643.484287,True
2.8,30,450984.68046,True
0.0,30,451031.084208,False
2.6,30,451074.103369,True
2.8,30,451119.703012,True
0.0,30,451168.576073,False
0.0,30,451215.247416,False
0.0,30,451261.861685,False
2.6,30,451308.16377,True
0.0,30,451350.380505,False
0.0,30,451391.607343,False
2.5,30,451438.493045,True
0.0,30,451478.429817,False
0.0,30,451524.229261,False
0.0,30,451572.09376,False
0.0,30,451626.559068,False
0.0,30,451667.914971,False
0.0,30,451709.3124,False
2.7,30,451753.850613,True
2.6,30,451794.366631,True
2.7,30,451840.676546,True
0.0,30,451888.328836,False
0.0,30,451938.098241,False
3.0,30,451984.93624,True
0.0,30,452023.174224,False
0.0,30,452066.14015,False
0.0,30,452118.27834,False
0.0,30,452165.897458,False
0.0,30,452213.568435,False
2.8,30,452254.867473,True
2.3,30,452300.22202,True
0.0,30,452346.074388,False
2.5,30,452393.562238,True
0.0,30,452443.506289,False
0.0,30,452489.467202,False
2.7,30,452822.698962,True
0.0,30,452875.310889,False
0.0,30,452919.999663,False
0.0,30,452964.065881,False
0.0,30,453010.920406,False
0.0,30,453052.547612,False
0.0,30,453094.310062,False
2.4,30,453145.631744,True
0.0,30,453191.695384,False
2.4,30,453236.562489,True
0.0,30,453284.582126,False
0.0,30,453329.528131,False
0.0,30,453379.262513,False
2.5,30,453427.520332,True
2.5,30,453475.387019,True
1.3,30,453521.642427,True
0.0,30,453571.632952,False
0.0,30,453621.777818,False
0.0,30,453665.556919,False
0.0,30,453710.572728,False
2.5,30,453753.738088,True
2.7,30,453796.410498,True
0.0,30,453839.459782,False
2.4,30,453882.647893,True
0.0,30,453930.165761,False
0.0,30,453979.158865,False
0.7,30,454034.981774,True
0.0,30,454081.608087,False
0.0,30,454129.44545,False
0.0,30,454173.544491,False
0.0,30,454219.284799,False
2.8,30,454268.236889,True
3.0,30,454317.501028,True
2.5,30,454362.794909,True
0.0,30,454704.247634,False
0.0,30,454752.91928,False
0.0,30,454800.630856,False
2.8,30,454841.202199,True
2.6,30,454882.657307,True
0.3,30,454929.125775,True
2.5,30,454979.271356,True
2.5,30,455023.631747,True
3.0,30,455069.112377,True
0.0,30,455113.161242,False
2.4,30,455163.447484,True
0.0,30,455208.87779,False
0.6,30,455250.261503,True
2.4,30,455300.349401,True
2.8,30,455344.005646,True
0.0,30,455391.357927,False
0.0,30,455434.599004,False
0.0,30,455479.013062,False
0.0,30,455522.152176,False
2.3,30,455566.961379,True
2.8,30,455613.713942,True
2.6,30,455663.621663,True
2.4,30,455711.924206,True
0.0,30,455756.696039,False
0.0,30,455804.522928,False
0.0,30,455854.499454,False
0.0,30,455900.572723,False
2.8,30,455946.116716,True
2.8,30,455991.902734,True
2.6,30,456040.054297,True
1.9,30,456085.159459,True
2.9,30,456129.183689,True
0.0,30,456174.130039,False
1.9,30,456224.068815,True
1.8,30,456559.752378,True
0.0,30,456604.711346,False
2.6,30,456647.516794,True
2.6,30,456693.730316,True
0.0,30,456737.244361,False
0.0,30,456779.35987,False
0.9,30,456826.938399,True
0.0,30,456868.931314,False
2.2,30,456915.118153,True
0.0,30,456959.797961,False
2.7,30,457008.855077,True
0.0,30,457056.564909,False
0.0,30,457104.403978,False
0.0,30,457151.973715,False
0.0,30,457196.061126,False
2.2,30,457240.221058,True
0.0,30,457291.336518,False
1.9,30,457336.335826,True
0.0,30,457386.591464,False
3.0,30,457434.508307,True
0.0,30,457480.556764,False
0.0,30,457526.160899,False
0.0,30,457571.039636,False
0.0,30,457616.296481,False
2.1,30,457659.087763,True
2.9,30,457708.391378,True
1.8,30,457756.293427,True
0.0,30,457800.256721,False
2.7,30,457848.147008,True
2.8,30,457897.822516,True
0.0,30,457940.45866,False
2.7,30,457982.064053,True
0.0,30,458025.343179,False
0.0,30,458073.719364,False
2.7,30,458394.457466,True
0.0,30,458437.230519,False
0.0,30,458486.775754,False
1.2,30,458531.900185,False
2.7,30,458577.107856,True
2.6,30,458624.443404,True
2.3,30,458672.833423,True
2.8,30,458724.14399,True
2.5,30,458775.408967,True
0.0,30,458818.267954,False
2.8,30,458862.477376,True
2.4,30,458907.838767,True
1.9,30,458952.014107,True
2.8,30,458991.940932,True
0.0,30,459034.955908,False
3.0,30,459084.363173,True
3.0,30,459135.073667,True
0.0,30,459183.271721,False
0.0,30,459229.769126,False
3.0,30,459278.148795,True
1.8,30,459325.596235,True
2.7,30,459367.485148,True
2.4,30,459417.527625,True
0.0,30,459467.884729,False
2.3,30,459515.14403,True
2.7,30,459553.945401,True
2.5,30,459598.317924,True
2.6,30,459643.941973,True
0.0,30,459687.586256,False
0.0,30,459734.769514,False
2.8,30,459781.630357,True
0.0,30,459826.714581,False
2.6,30,459870.618716,True
0.0,30,459921.984633,False
2.3,30,459964.658936,True
2.6,30,460306.34717,True
0.0,30,460350.550311,False
0.0,30,460396.098576,False
0.0,30,460448.850741,False
3.0,30,460490.288307,True
1.5,30,460532.72667,False
2.1,30,460575.13815,True
2.5,30,460622.940378,True
2.6,30,460668.08213,True
0.0,30,460722.561367,False
1.8,30,460768.796208,True
0.0,30,460819.286427,False
2.5,30,460864.975633,True
2.5,30,460909.132195,True
0.0,30,460955.132952,False
1.9,30,461004.686163,True
0.0,30,461050.57907,False
2.6,30,461094.215577,True
0.0,30,461142.116436,False
3.0,30,461198.069466,True
0.0,30,461244.018427,False
2.7,30,461293.811946,True
0.0,30,461339.774305,False
1.2,30,461381.327688,True
1.4,30,461422.720943,True
2.7,30,461468.242339,True
0.0,30,461510.849457,False
2.3,30,461552.863382,True
2.5,30,461600.800787,True
2.7,30,461649.125693,True
0.0,30,461694.399396,False
0.0,30,461743.859314,False
2.3,30,461792.961759,True
2.2,30,461837.337373,True
0.0,30,462169.833099,False
0.0,30,462217.734334,False
2.5,30,462262.925314,True
0.0,30,462307.299122,False
2.7,30,462359.55651,True
2.6,30,462408.481416,True
0.0,30,462466.045316,False
1.6,30,462513.785327,True
2.3,30,462559.185122,True
0.0,30,462604.390099,False
2.5,30,462650.293514,True
0.0,30,462693.403917,False
2.3,30,462739.947094,True
1.9,30,462783.18326,True
0.0,30,462833.236509,False
0.0,30,462884.238693,False
2.5,30,462930.219962,True
2.6,30,462969.327661,True
3.0,30,463010.151356,True
0.0,30,463052.787173,False
2.6,30,463101.656943,True
0.0,30,463146.89566,False
2.8,30,463191.961049,True
2.5,30,463237.874375,True
0.0,30,463287.152855,False
2.6,30,463329.211489,True
2.4,30,463373.761509,True
0.0,30,463418.549226,False
2.7,30,463460.814455,True
0.0,30,463506.152226,False
0.0,30,463554.6141,False
0.0,30,463613.650573,False
0.0,30,463657.938117,False
2.9,30,463706.77348,True
0.0,30,464052.582585,False
0.0,30,464101.627804,False
2.4,30,464145.113752,True
2.6,30,464191.617197,True
2.4,30,464234.47791,True
0.0,30,464280.170216,False
0.0,30,464319.901717,False
0.4,30,464367.223628,False
0.0,30,464414.194282,False
2.7,30,464460.845152,True
0.0,30,464503.186619,False
0.0,30,464546.993681,False
2.8,30,464592.806614,True
2.4,30,464638.519956,True
2.8,30,464684.898318,True
2.8,30,464729.823914,True
2.8,30,464777.570444,True
0.0,30,464826.290854,False
2.8,30,464870.225912,True
0.0,30,464921.153924,False
2.1,30,464968.374202,True
0.0,30,465017.886804,False
0.0,30,465064.493475,False
2.6,30,465118.645218,True
0.0,30,465167.204817,False
0.0,30,465207.150719,False
0.0,30,465247.159014,False
0.0,30,465293.424787,False
2.3,30,465337.926717,True
2.7,30,465382.70965,True
0.0,30,465425.355552,False
0.0,30,465470.199537,False
2.4,30,465514.594902,True
0.0,30,465563.731388,False
0.0,30,465917.703044,False
2.8,30,465963.393661,True
1.9,30,466008.381078,True
0.0,30,466054.398145,False
2.7,30,466104.435838,True
0.0,30,466151.762982,False
0.0,30,466201.851906,False
2.0,30,466248.861612,True
0.0,30,466296.003331,False
2.6,30,466340.687552,True
0.0,30,466386.395365,False
1.9,30,466430.217708,False
0.0,30,466480.232916,False
0.0,30,466529.315458,False
0.0,30,466573.441733,False
0.0,30,466625.592207,False
0.0,30,466665.453484,False
2.7,30,466716.073834,True
2.9,30,466764.54024,True
0.0,30,466808.866902,False
2.8,30,466857.45223,True
2.6,30,466903.653151,True
2.6,30,466951.295729,True
2.9,30,466997.776562,True
1.6,30,467039.554494,True
1.9,30,467084.544249,False
2.9,30,467134.464442,True
3.0,30,467179.956615,True
0.0,30,467226.487068,False
0.6,30,467273.083533,True
2.8,30,467320.041022,True
1.7,30,467364.916243,True
2.8,30,467406.543633,True
0.0,30,467450.83634,False
2.0,30,467813.58993,True
2.8,30,467859.391404,True
0.0,30,467907.233199,False
2.8,30,467954.467569,True
0.0,30,468000.898109,False
1.9,30,468051.274267,True
1.1,30,468100.972386,True
0.0,30,468143.44938,False
0.0,30,468191.173002,False
2.4,30,468236.492873,True
2.9,30,468281.229218,True
2.9,30,468323.448758,True
0.0,30,468374.310052,False
2.4,30,468418.901502,True
0.0,30,468467.932183,False
2.9,30,468513.602773,True
2.9,30,468561.255087,True
0.0,30,468605.519765,False
0.0,30,468654.747089,False
2.9,30,468702.007572,True
2.5,30,468747.341914,True
2.6,30,468789.064572,True
2.5,30,468834.216416,True
2.5,30,468879.932596,True
0.0,30,468933.390291,False
0.0,30,468982.876963,False
2.5,30,469028.211233,True
2.4,30,469075.523488,True
2.7,30,469118.810775,True
0.0,30,469165.828387,False
2.3,30,469223.146605,True
0.0,30,469272.332748,False
0.1,30,469317.024953,False
2.0,30,469360.486205,True
0.0,30,469702.950989,False
2.6,30,469751.087075,True
0.0,30,469802.462021,False
2.8,30,469848.281019,True
2.3,30,469888.274613,True
2.2,30,469936.037442,True
0.7,30,469986.474695,True
0.0,30,470035.793584,False
2.1,30,470094.27379,True
2.7,30,470139.648172,True
0.0,30,470203.766353,False
0.0,30,470251.309288,False
0.0,30,470295.232194,False
1.3,30,470339.015313,True
0.0,30,470387.551056,False
2.8,30,470437.086521,True
2.1,30,470489.457998,True
0.0,30,470534.899537,False
0.0,30,470583.702002,False
0.0,30,470632.734091,False
0.0,30,470681.395098,False
2.9,30,470734.065373,True
0.0,30,470784.091811,False
2.1,30,470830.681624,True
2.8,30,470873.754686,True
0.0,30,470931.32107,False
0.0,30,470974.146703,False
0.0,30,471019.823581,False
0.0,30,471064.951897,False
2.5,30,471131.300333,True
0.0,30,471180.562802,False
2.6,30,471229.51824,True
0.0,30,471275.295294,False
2.9,30,471320.03605,True
2.7,30,471645.787746,True
0.0,30,471693.164548,False
0.0,30,471743.831606,False
2.3,30,471792.812709,True
2.9,30,471839.552959,True
0.0,30,471888.945338,False
0.0,30,471933.4716,False
2.7,30,471978.034289,True
2.2,30,472023.701629,False
2.4,30,472070.704943,True
2.8,30,472114.465462,True
2.8,30,472166.781248,True
0.0,30,472209.828329,False
0.0,30,472280.036432,False
0.0,30,472329.966389,False
0.0,30,472384.022321,False
2.7,30,472429.084277,True
0.0,30,472474.556759,False
0.0,30,472518.636275,False
2.7,30,472566.148537,True
0.0,30,472609.973477,False
2.8,30,472655.453769,True
1.7,30,472701.427972,True
0.0,30,472752.870033,False
2.5,30,472805.956602,True
2.6,30,472860.531996,True
2.9,30,472907.219499,True
0.0,30,472954.971379,False
3.0,30,473005.791487,True
2.8,30,473054.205786,True
1.9,30,473104.241555,True
0.0,30,473151.998492,False
0.0,30,473200.700948,False
0.0,30,473245.148323,False
2.7,30,473572.725421,True
0.0,30,473620.788157,False
0.0,30,473668.180459,False
0.0,30,473715.66973,False
2.7,30,473763.643623,True
2.3,30,473804.525978,True
1.7,30,473849.442592,True
0.0,30,473892.214797,False
2.4,30,473937.386183,True
0.0,30,473985.772016,False
3.0,30,474033.997649,True
2.1,30,474082.249823,True
0.0,30,474130.323828,False
2.5,30,474176.995802,True
0.0,30,474221.688337,False
0.0,30,474266.012932,False
2.4,30,474311.915405,True
0.0,30,474354.541536,False
2.8,30,474399.36736,True
0.0,30,474448.294424,False
2.8,30,474496.09209,True
2.4,30,474544.873155,True
0.0,30,474590.816201,False
0.0,30,474633.334859,False
2.6,30,474691.569729,True
2.0,30,474738.993107,False
0.0,30,474786.044009,False
2.7,30,474831.598426,True
0.0,30,474883.806434,False
0.0,30,474931.772391,False
0.0,30,474981.897719,False
0.0,30,475032.755443,False
2.2,30,475076.490996,True
2.1,30,475135.144132,True
0.0,30,475184.282168,False
0.0,30,475523.279609,False
2.2,30,475569.723906,True
0.0,30,475615.911271,False
0.0,30,475665.774664,False
2.4,30,475716.083368,True
0.0,30,475763.217716,False
2.8,30,475808.800294,True
1.9,30,475854.291383,True
2.6,30,475904.224005,True
2.3,30,475949.259849,True
0.0,30,475993.579903,False
0.0,30,476033.14426,False
0.0,30,476081.54008,False
2.0,30,476132.992333,True
2.6,30,476178.162532,True
2.8,30,476222.976582,True
2.8,30,476270.141951,True
2.4,30,476316.552447,True
0.0,30,476363.236826,False
0.0,30,476412.710619,False
2.5,30,476463.582156,True
0.0,30,476507.867788,False
0.0,30,476555.949304,False
0.0,30,476601.894053,False
0.0,30,476646.295414,False
2.3,30,476693.05794,True
2.7,30,476738.458327,True
0.0,30,476781.973017,False
2.8,30,476828.046048,True
0.0,30,476874.752825,False
0.0,30,476918.600998,False
1.6,30,476966.841922,True
2.9,30,477013.547383,True
0.0,30,477066.044019,False
0.0,30,477377.337053,False
0.0,30,477425.608982,False
3.0,30,477474.136496,True
0.0,30,477518.959919,False
0.0,30,477560.599055,False
0.0,30,477603.83939,False
2.5,30,477648.969356,True
0.6,30,477694.217237,True
2.6,30,477741.289158,True
0.4,30,477795.339546,True
0.0,30,477843.863029,False
0.0,30,477882.758954,False
2.5,30,477923.656065,True
2.7,30,477966.725977,True
0.0,30,478011.099759,False
2.9,30,478072.335677,True
0.0,30,478113.999847,False
0.0,30,478172.463935,False
2.5,30,478225.769779,True
0.0,30,478272.725381,False
2.4,30,478315.591922,True
2.3,30,478362.146914,True
2.6,30,478410.066781,True
2.8,30,478468.433543,True
1.8,30,478515.496125,True
0.0,30,478556.771339,False
0.0,30,478600.819343,False
2.8,30,478641.348623,True
2.5,30,478686.806658,True
0.0,30,478730.048796,False
0.0,30,478774.668271,False
2.8,30,478821.826319,True
0.0,30,478866.453773,False
2.8,30,478919.013193,True
2.3,30,479238.478108,True
2.7,30,479280.992777,True
3.0,30,479323.830837,True
2.6,30,479368.551279,True
0.0,30,479411.555634,False
2.1,30,479458.250382,True
2.5,30,479501.688125,True
0.0,30,479545.497472,False
2.6,30,479592.012672,True
0.0,30,479639.844071,False
0.0,30,479692.809211,False
2.1,30,479741.497228,True
2.3,30,479788.602936,True
2.4,30,479834.977008,True
0.0,30,479878.612506,False
0.0,30,479925.392412,False
2.5,30,479970.503602,True
2.5,30,480015.479766,True
0.0,30,480063.637577,False
2.8,30,480112.865788,True
0.0,30,480156.315051,False
0.0,30,480204.574926,False
2.7,30,480253.495977,True
2.5,30,480297.763631,True
0.0,30,480341.544778,False
0.0,30,480385.905033,False
3.0,30,480429.12797,True
0.0,30,480471.558174,False
2.4,30,480516.130566,True
2.6,30,480583.189607,True
2.5,30,480626.435464,True
0.0,30,480669.952348,False
1.8,30,480724.285373,True
0.0,30,480769.615641,False
0.0,30,481110.961298,False
2.4,30,481154.570371,True
2.6,30,481202.833869,True
0.0,30,481249.079363,False
0.0,30,481298.668797,False
0.0,30,481344.233272,False
0.0,30,481393.648678,False
2.6,30,481441.049698,True
0.0,30,481480.099204,False
2.6,30,481527.364071,True
2.4,30,481578.903125,True
2.7,30,481623.325583,True
0.0,30,481672.510642,False
2.7,30,481715.832547,True
2.4,30,481764.536723,True
2.9,30,481818.7581,True
0.0,30,481865.752316,False
0.0,30,481911.182205,False
2.4,30,481958.072428,True
2.9,30,482005.157643,True
0.0,30,482047.441787,False
0.0,30,482101.163737,False
3.0,30,482151.339628,True
1.4,30,482196.610987,True
3.0,30,482241.037943,True
2.3,30,482281.217647,True
0.0,30,482325.128506,False
2.9,30,482369.393664,True
0.0,30,482414.263151,False
0.0,30,482459.443711,False
0.5,30,482506.332434,False
0.0,30,482555.476938,False
2.9,30,482602.071796,True
2.6,30,482649.810892,True
2.5,30,482981.338293,True
0.0,30,483027.453307,False
0.0,30,483073.633658,False
0.0,30,483122.798855,False
2.2,30,483167.038496,True
0.0,30,483215.232688,False
0.1,30,483256.771126,False
2.5,30,483296.895652,True
2.5,30,483354.355016,True
2.3,30,483397.414834,True
0.0,30,483440.797117,False
2.7,30,483486.994392,True
2.1,30,483532.999837,True
0.0,30,483577.244405,False
0.0,30,483621.316984,False
0.0,30,483668.023077,False
0.0,30,483714.723525,False
0.0,30,483763.60945,False
0.0,30,483808.034774,False
3.0,30,483855.875841,True
3.0,30,483903.12893,True
2.8,30,483954.208152,True
0.6,30,483997.278592,True
2.7,30,484046.973461,True
0.0,30,484097.707083,False
2.6,30,484145.947435,True
0.0,30,484195.380577,False
2.2,30,484244.003617,True
3.0,30,484292.176939,True
1.8,30,484334.520281,True
0.0,30,484379.134887,False
2.6,30,484428.38229,True
0.0,30,484473.471051,False
0.0,30,484518.375518,False
0.0,30,484861.347029,False
3.0,30,484910.169164,True
2.5,30,484955.546414,True
1.9,30,485005.78073,True
1.1,30,485048.320212,True
2.8,30,485094.135054,True
2.7,30,485140.496701,True
2.6,30,485186.844611,True
0.0,30,485236.125809,False
0.0,30,485284.360353,False
0.0,30,485328.118881,False
0.0,30,485371.569277,False
0.0,30,485413.393779,False
0.0,30,485462.859435,False
2.5,30,485508.63857,True
2.7,30,485559.187004,True
2.5,30,485602.579386,True
2.6,30,485648.010809,True
2.4,30,485696.78176,True
2.7,30,485740.510549,True
0.0,30,485791.350981,False
0.0,30,485838.399603,False
1.7,30,485881.686524,True
0.0,30,485925.385799,False
0.0,30,485967.875525,False
2.4,30,486017.605878,True
2.4,30,486066.847082,True
2.9,30,486119.012455,True
1.8,30,486165.58652,True
0.0,30,486213.710171,False
2.5,30,486264.767407,True
0.0,30,486307.615486,False
0.0,30,486354.857398,False
0.0,30,486397.546946,False
2.7,30,486730.350155,True
1.1,30,486772.688094,True
0.0,30,486817.588238,False
2.8,30,486861.316213,True
2.6,30,486907.416098,True
0.0,30,486953.757137,False
2.7,30,487001.621314,True
1.1,30,487040.708001,True
0.0,30,487084.15052,False
0.0,30,487137.021092,False
2.8,30,487184.617714,True
0.0,30,487229.300436,False
0.0,30,487275.271567,False
0.0,30,487324.598512,False
0.0,30,487373.540053,False
2.8,30,487418.790989,True
2.6,30,487464.767132,True
3.0,30,487507.171871,True
2.6,30,487554.204576,True
2.9,30,487599.543285,True
0.0,30,487659.625058,False
0.0,30,487707.581759,False
0.0,30,487748.005538,False
0.0,30,487793.704814,False
0.3,30,487841.248867,False
2.7,30,487884.622184,True
2.7,30,487936.510697,True
0.0,30,487991.609312,False
2.8,30,488039.389637,True
2.7,30,488083.347827,True
0.0,30,488132.498583,False
2.4,30,488181.552386,True
1.7,30,488230.085782,True
2.4,30,488280.631686,True
2.3,30,488322.108799,True
0.0,30,488624.038492,False
0.0,30,488669.759028,False
2.5,30,488715.381027,True
2.5,30,488759.054695,True
0.0,30,488801.51695,False
0.0,30,488848.135236,False
3.0,30,488900.942035,True
2.7,30,488943.934207,True
2.8,30,488995.206776,True
0.0,30,489036.05267,False
2.2,30,489082.377431,True
3.0,30,489130.697861,True
2.8,30,489178.524061,True
0.0,30,489226.793492,False
0.0,30,489278.536672,False
0.0,30,489325.147269,False
3.0,30,489367.530612,True
2.4,30,489411.206375,True
2.3,30,489454.622712,True
0.0,30,489506.999532,False
0.0,30,489548.819699,False
0.5,30,489602.304842,True
0.0,30,489644.808309,False
2.5,30,489686.72764,True
0.0,30,489738.992373,False
0.0,30,489782.294148,False
0.0,30,489829.965657,False
2.6,30,489871.128904,True
0.0,30,489916.461275,False
2.7,30,489964.419092,True
0.9,30,490010.537502,True
2.9,30,490058.356209,True
0.7,30,490102.973575,True
0.0,30,490143.175104,False
2.8,30,490452.687652,True
2.7,30,490498.823331,True
0.0,30,490551.505846,False
2.5,30,490597.122267,True
3.0,30,490644.169698,True
0.0,30,490701.341784,False
0.0,30,490749.406049,False
0.0,30,490798.806909,False
0.0,30,490842.17952,False
2.6,30,490888.614962,True
0.0,30,490937.706479,False
2.9,30,490984.547279,True
2.7,30,491027.078425,True
0.0,30,491072.606316,False
0.0,30,491127.485528,False
0.0,30,491175.44257,False
2.2,30,491225.700184,True
2.9,30,491273.596134,True
2.6,30,491325.144603,True
0.0,30,491367.106964,False
0.0,30,491418.388181,False
0.0,30,491463.538714,False
0.2,30,491510.906093,True
0.0,30,491558.296205,False
0.0,30,491608.970047,False
2.7,30,491655.220799,True
2.6,30,491706.745308,True
0.0,30,491747.401215,False
2.5,30,491792.708666,True
2.9,30,491836.260172,True
0.0,30,491885.866135,False
0.0,30,491931.939472,False
2.6,30,491973.207854,True
2.9,30,492017.629196,True
2.8,30,492344.612344,True
0.0,30,492395.355072,False
0.0,30,492446.589354,False
0.0,30,492509.078494,False
2.8,30,492549.864502,True
0.0,30,492594.737089,False
2.6,30,492640.053549,True
2.5,30,492685.752049,True
0.0,30,492740.789228,False
2.1,30,492785.387402,True
0.0,30,492832.514008,False
0.0,30,492874.038779,False
0.0,30,492919.437846,False
2.4,30,492974.928032,True
1.8,30,493018.537172,True
2.6,30,493062.864737,True
2.1,30,493106.974545,False
2.4,30,493152.213801,True
1.8,30,493197.068553,True
2.1,30,493246.832113,True
2.3,30,493290.488522,True
1.6,30,493337.180844,True
0.0,30,493385.582079,False
2.7,30,493430.021014,True
2.8,30,493475.229325,True
2.6,30,493529.611454,True
0.0,30,493578.647419,False
0.0,30,493620.86118,False
0.0,30,493666.885688,False
2.3,30,493713.514828,True
0.0,30,493756.159256,False
2.5,30,493801.879798,True
0.0,30,493844.539814,False
0.0,30,493887.144644,False
2.4,30,494231.178232,True
0.0,30,494285.45345,False
2.7,30,494328.208065,True
2.0,30,494370.542434,True
0.0,30,494427.233275,False
2.7,30,494476.314907,True
2.3,30,494521.600501,True
2.3,30,494566.326932,True
0.0,30,494613.385007,False
2.9,30,494659.179977,True
2.2,30,494700.92292,True
0.0,30,494745.560515,False
2.5,30,494811.929477,True
2.8,30,494865.819808,True
2.4,30,494913.215143,True
2.6,30,494960.822438,True
0.0,30,495005.540874,False
0.0,30,495049.571807,False
0.0,30,495097.125456,False
0.0,30,495149.974236,False
0.0,30,495196.796762,False
0.0,30,495243.151533,False
0.0,30,495287.682132,False
2.9,30,495339.46404,True
0.0,30,495381.690497,False
2.4,30,495433.291254,True
2.6,30,495474.459511,True
0.0,30,495518.627962,False
1.7,30,495564.553857,True
0.0,30,495608.528167,False
0.0,30,495659.571554,False
1.9,30,495704.06266,True
2.8,30,495756.609548,True
2.6,30,495801.228953,True
0.0,30,496131.912363,False
0.0,30,496175.682484,False
2.8,30,496222.216282,True
0.0,30,496266.688814,False
0.0,30,496310.162646,False
0.0,30,496353.23542,False
0.0,30,496399.739999,False
2.3,30,496441.178768,True
2.8,30,496490.001278,True
0.0,30,496536.604084,False
0.0,30,496583.369612,False
1.4,30,496628.830971,True
0.0,30,496679.06881,False
0.0,30,496731.814761,False
2.8,30,496779.619614,True
2.8,30,496820.224953,True
2.4,30,496865.869874,True
2.7,30,496910.845787,True
0.8,30,496965.185657,True
0.0,30,497010.007382,False
0.0,30,497056.968416,False
0.0,30,497101.833323,False
0.0,30,497146.074719,False
0.0,30,497198.666207,False
0.0,30,497242.44241,False
0.0,30,497292.962322,False
1.1,30,497340.34768,True
2.4,30,497388.520377,True
0.0,30,497436.296442,False
2.5,30,497485.419535,True
0.0,30,497530.052962,False
3.0,30,497571.925642,True
1.9,30,497623.35773,True
2.4,30,497666.451622,True
0.0,30,497984.620227,False
2.6,30,498030.390807,True
3.0,30,498075.914118,True
2.6,30,498120.438296,True
0.0,30,498162.270192,False
0.0,30,498204.265881,False
0.8,30,498263.198785,True
2.7,30,498307.698617,True
2.6,30,498355.696459,True
0.0,30,498400.961352,False
3.0,30,498442.805502,True
0.0,30,498487.846494,False
0.0,30,498530.474467,False
0.0,30,498581.740301,False
2.1,30,498631.96731,True
0.0,30,498674.754602,False
0.5,30,498718.961831,False
0.0,30,498758.314284,False
2.7,30,498797.414536,True
0.0,30,498841.965989,False
2.1,30,498889.317594,True
0.0,30,498930.498492,False
2.5,30,498977.125469,True
2.6,30,499020.078936,True
0.0,30,499064.233549,False
2.6,30,499107.986749,True
0.0,30,499156.738543,False
0.0,30,499203.035638,False
0.0,30,499242.272969,False
2.8,30,499288.751835,True
0.0,30,499327.072684,False
0.0,30,499372.840408,False
0.0,30,499423.042138,False
2.2,30,499472.096994,True
1.5,30,499809.700083,True
2.8,30,499854.735947,True
1.6,30,499899.30051,True
2.7,30,499945.290627,True
2.7,30,500001.482317,True
0.4,30,500042.006711,False
0.0,30,500082.426482,False
0.0,30,500129.953082,False
2.3,30,500176.011928,True
2.3,30,500221.474199,True
0.0,30,500269.410715,False
0.9,30,500312.977428,True
1.8,30,500357.451031,True
2.2,30,500403.551677,True
0.0,30,500454.39112,False
2.5,30,500498.935466,True
0.0,30,500548.122087,False
0.0,30,500593.04665,False
0.0,30,500640.762312,False
2.1,30,500689.544187,True
1.1,30,500737.455308,True
0.0,30,500783.803258,False
0.0,30,500824.150175,False
2.3,30,500878.524036,True
2.4,30,500922.578839,True
0.0,30,500976.847878,False
2.9,30,501021.777011,True
0.0,30,501065.240614,False
0.0,30,501104.958539,False
0.0,30,501154.609743,False
0.0,30,501200.753187,False
2.5,30,501246.93683,True
2.8,30,501286.757289,True
0.0,30,501328.737239,False
2.4,30,501698.304741,True
2.8,30,501746.441288,True
2.5,30,501796.167094,True
2.9,30,501849.548015,True
2.5,30,501895.139019,True
0.7,30,501946.16586,False
2.8,30,501996.196073,True
2.8,30,502047.749363,True
0.0,30,502093.286256,False
2.1,30,502143.108649,True
0.0,30,502190.091679,False
2.3,30,502235.037084,True
0.0,30,502282.509765,False
0.0,30,502331.044209,False
2.8,30,502376.059833,False
0.0,30,502428.101033,False
2.8,30,502472.736601,True
2.9,30,502523.038202,True
0.0,30,502566.823493,False
1.9,30,502610.338553,False
0.0,30,502653.300213,False
0.0,30,502699.496413,False
0.0,30,502749.282507,False
2.8,30,502796.997653,True
0.0,30,502845.771987,False
0.0,30,502888.882218,False
0.0,30,502934.018491,False
2.2,30,502977.110269,True
0.0,30,503023.23118,False
1.4,30,503070.628982,True
1.1,30,503122.668618,True
2.8,30,503167.058114,True
2.7,30,503213.857424,True
3.0,30,503260.241507,True
0.0,30,503297.960763,False
2.3,30,503650.693121,True
2.8,30,503699.911349,True
2.5,30,503753.302394,True
1.9,30,503804.147719,True
0.0,30,503856.154369,False
1.8,30,503902.519092,True
3.0,30,503952.812391,True
0.0,30,503997.391386,False
1.1,30,504042.523385,True
0.0,30,504088.095819,False
2.4,30,504136.799475,True
2.5,30,504184.640646,True
2.6,30,504233.47493,True
0.0,30,504275.693111,False
2.5,30,504322.717269,True
0.0,30,504369.496754,False
2.9,30,504419.951071,True
0.0,30,504465.740516,False
0.0,30,504517.314498,False
0.0,30,504565.526206,False
0.0,30,504617.495462,False
2.8,30,504660.334349,True
0.0,30,504704.771607,False
0.0,30,504750.955229,False
2.7,30,504797.914629,True
1.6,30,504855.492539,True
2.8,30,504903.136325,True
2.8,30,504948.976509,True
2.6,30,504991.193326,True
2.7,30,505035.649517,True
0.0,30,505086.532647,False
0.0,30,505130.65199,False
0.0,30,505179.401279,False
2.0,30,505223.251152,True
2.8,30,505568.231057,True
0.7,30,505614.469282,True
2.8,30,505662.259345,True
0.0,30,505709.670805,False
0.0,30,505754.276567,False
0.0,30,505801.840359,False
1.1,30,505844.21117,True
0.0,30,505894.94361,False
2.8,30,505945.988457,True
2.5,30,505990.967049,True
0.0,30,506035.761416,False
2.6,30,506082.827775,True
2.7,30,506127.257922,True
2.8,30,506166.298458,True
3.0,30,506214.902418,True
2.9,30,506267.276004,True
0.0,30,506312.53529,False
0.0,30,506369.839253,False
0.0,30,506416.632819,False
2.9,30,506460.338486,True
0.0,30,506503.100696,False
0.9,30,506557.842511,False
2.7,30,506606.270265,True
0.0,30,506655.157111,False
2.3,30,506701.348292,True
0.0,30,506746.46998,False
3.0,30,506791.319981,True
2.0,30,506857.343655,True
0.0,30,506908.769045,False
0.0,30,506957.521083,False
2.8,30,507002.889664,True
0.0,30,507050.891923,False
1.4,30,507099.101166,True
2.8,30,507145.13884,True
0.0,30,507506.300715,False
0.0,30,507552.510487,False
2.9,30,507601.523653,True
2.8,30,507650.586571,True
0.0,30,507709.206092,False
0.0,30,507760.524777,False
2.5,30,507803.431882,True
0.0,30,507848.90281,False
1.8,30,507900.036828,True
2.9,30,507943.024852,True
2.2,30,507986.014361,False
0.0,30,508030.801988,False
2.5,30,508072.830935,True
0.0,30,508119.903763,False
2.6,30,508165.989602,True
0.0,30,508216.536013,False
0.0,30,508260.032413,False
2.7,30,508300.781439,True
0.0,30,508349.059475,False
0.0,30,508398.875717,False
2.6,30,508443.678487,True
0.0,30,508491.302773,False
0.0,30,508537.178906,False
0.0,30,508586.733441,False
0.0,30,508635.72844,False
0.0,30,508685.557436,False
2.6,30,508729.484989,True
2.1,30,508768.723654,True
0.0,30,508820.021692,False
0.0,30,508872.056991,False
0.0,30,508917.184169,False
0.0,30,508956.839206,False
0.0,30,509002.138136,False
0.0,30,509043.355849,False
0.0,30,509433.409,False
0.0,30,509480.615523,False
2.8,30,509536.619605,True
0.0,30,509596.480546,False
0.8,30,509644.973129,True
2.6,30,509693.194828,True
2.5,30,509746.429015,True
0.0,30,509798.513458,False
1.1,30,509864.534881,False
0.0,30,509910.240215,False
0.0,30,509957.564701,False
2.7,30,510008.849335,True
0.0,30,510051.980878,False
2.7,30,510095.963102,True
0.0,30,510140.706254,False
2.7,30,510185.134716,True
2.4,30,510230.601483,True
2.4,30,510273.658981,True
0.0,30,510315.572859,False
0.0,30,510361.130356,False
0.0,30,510411.54514,False
0.0,30,510466.273359,False
0.0,30,510512.700744,False
2.7,30,510560.158625,True
0.0,30,510604.506701,False
2.6,30,510653.834235,True
0.0,30,510700.683112,False
2.4,30,510740.592296,True
0.0,30,510785.485484,False
2.0,30,510829.184336,True
0.0,30,510874.541912,False
2.8,30,510916.60955,True
0.4,30,510967.059907,True
0.0,30,511014.52684,False
2.5,30,511390.094817,True
0.0,30,511436.952466,False
1.4,30,511482.319426,True
0.0,30,511531.962383,False
1.0,30,511575.232825,True
0.0,30,511626.721496,False
0.0,30,511672.910207,False
2.5,30,511718.889367,True
2.6,30,511775.730428,True
0.0,30,511817.499761,False
0.0,30,511862.348113,False
0.0,30,511908.488757,False
2.7,30,511953.616182,True
2.8,30,512002.496274,True
0.0,30,512046.200927,False
0.0,30,512092.891948,False
2.5,30,512138.00613,True
2.7,30,512188.138049,True
2.6,30,512242.932117,True
0.0,30,512298.531256,False
2.9,30,512339.30203,True
0.0,30,512390.213015,False
0.0,30,512437.639884,False
0.0,30,512490.910204,False
2.3,30,512537.627151,True
0.0,30,512587.276999,False
2.4,30,512635.730047,True
2.6,30,512681.523541,True
2.3,30,512726.797453,True
0.0,30,512770.877192,False
0.0,30,512822.674674,False
2.9,30,512873.922026,True
3.0,30,512924.55781,True
0.0,30,512967.151296,False
2.6,30,513323.545877,True
0.0,30,513362.789451,False
2.4,30,513409.659444,True
0.0,30,513458.129357,False
2.3,30,513513.099666,True
0.0,30,513560.342094,False
0.0,30,513606.226752,False
0.0,30,513652.122853,False
0.0,30,513701.370371,False
2.6,30,513751.278703,True
0.7,30,513798.643986,True
2.8,30,513842.077239,True
0.9,30,513887.251117,False
0.0,30,513930.637401,False
0.0,30,513975.229694,False
0.0,30,514026.49316,False
2.3,30,514075.254917,True
2.9,30,514128.170054,True
2.7,30,514177.47078,True
0.0,30,514226.277547,False
2.7,30,514275.776576,True
1.1,30,514319.401917,True
0.0,30,514366.792242,False
0.0,30,514415.466777,False
2.4,30,514464.320642,True
0.0,30,514509.221077,False
0.0,30,514554.145712,False
2.4,30,514597.984511,True
3.0,30,514644.359105,True
2.4,30,514695.886404,True
2.4,30,514746.302279,True
2.5,30,514793.149529,True
2.4,30,514855.904886,True
2.7,30,514903.794048,True
0.0,30,515269.271904,False
0.4,30,515316.430117,True
0.0,30,515361.71567,False
0.0,30,515407.472315,False
0.0,30,515456.096159,False
2.4,30,515501.800287,True
0.0,30,515549.021722,False
2.6,30,515597.219825,True
2.5,30,515648.702934,True
2.4,30,515692.281575,True
2.8,30,515744.33932,True
0.0,30,515790.295427,False
0.0,30,515837.403343,False
2.8,30,515887.229226,True
1.2,30,515935.567821,False
2.2,30,515979.89569,True
2.5,30,516028.98797,True
0.3,30,516079.190339,False
2.7,30,516125.301058,True
1.8,30,516167.835148,True
0.0,30,516210.360699,False
0.0,30,516257.03953,False
2.5,30,516328.083265,True
0.0,30,516380.601627,False
1.6,30,516422.676845,True
2.4,30,516467.610043,True
2.8,30,516520.051607,True
1.6,30,516572.069239,True
0.0,30,516632.639133,False
0.0,30,516674.831809,False
0.0,30,516721.000575,False
2.4,30,516771.909291,True
2.7,30,516820.675015,True
2.7,30,516875.0075,True
0.0,30,516923.980862,False
1.2,30,517283.213135,True
0.0,30,517329.449724,False
2.6,30,517375.895594,True
2.5,30,517418.5643,True
2.8,30,517463.430464,True
0.0,30,517509.91922,False
2.6,30,517550.413784,True
0.0,30,517597.169997,False
0.0,30,517643.694204,False
2.6,30,517703.235715,True
2.7,30,517750.462352,True
2.9,30,517797.754138,True
2.5,30,517843.240023,True
2.4,30,517890.93342,True
0.0,30,517937.566181,False
2.5,30,517986.581782,True
0.0,30,518035.852755,False
2.5,30,518082.47368,True
2.5,30,518134.195909,True
0.0,30,518186.871843,False
0.0,30,518234.878511,False
2.8,30,518278.754639,True
2.8,30,518325.089056,True
0.0,30,518369.96296,False
2.4,30,518419.872774,True
0.0,30,518467.026282,False
0.0,30,518518.658196,False
0.0,30,518567.911088,False
2.8,30,518612.505444,True
0.0,30,518661.266485,False
0.0,30,518706.886718,False
0.0,30,518756.032595,False
2.4,30,518805.518969,True
2.7,30,518853.028293,True
0.0,30,519210.999165,False
0.0,30,519262.851501,False
2.8,30,519304.421928,True
0.0,30,519348.714246,False
2.3,30,519397.821896,True
2.8,30,519439.412298,True
2.9,30,519482.812346,True
2.1,30,519530.181021,True
1.1,30,519577.451896,True
2.3,30,519626.009483,True
2.7,30,519672.332871,True
1.3,30,519720.409033,False
1.4,30,519764.201224,False
2.4,30,519815.74015,True
0.0,30,519865.219553,False
0.0,30,519919.444854,False
0.0,30,519966.816828,False
2.8,30,520015.758145,True
0.0,30,520056.237473,False
1.6,30,520103.617865,True
3.0,30,520153.185523,True
2.6,30,520196.88253,True
0.0,30,520243.789535,False
2.7,30,520299.719029,True
1.6,30,520347.511739,True
0.0,30,520396.555376,False
0.0,30,520457.557706,False
2.5,30,520508.291632,True
0.0,30,520550.655848,False
0.0,30,520604.672755,False
0.0,30,520652.14116,False
0.0,30,520699.294805,False
0.0,30,520741.52807,False
2.7,30,520786.727863,True
0.0,30,521148.477571,False
2.9,30,521192.703374,True
2.5,30,521236.346985,True
2.2,30,521279.353643,True
2.7,30,521322.662504,True
0.0,30,521379.101389,False
0.0,30,521429.50411,False
0.0,30,521473.923967,False
2.8,30,521517.361633,True
2.9,30,521571.912468,True
1.3,30,521616.759909,True
0.0,30,521656.602062,False
0.1,30,521706.063801,True
2.8,30,521749.450554,True
1.1,30,521804.246134,True
2.8,30,521846.034938,True
0.0,30,521891.057377,False
0.0,30,521942.329382,False
2.8,30,521987.444534,True
0.0,30,522033.768393,False
2.5,30,522083.491688,True
2.1,30,522127.362224,True
2.7,30,522174.20669,True
0.0,30,522221.215476,False
2.2,30,522270.17143,True
2.6,30,522313.461781,True
3.0,30,522363.519444,True
0.0,30,522412.330168,False
0.0,30,522457.054327,False
0.0,30,522501.084414,False
2.6,30,522548.416435,True
1.5,30,522593.494604,False
0.0,30,522639.868055,False
0.0,30,522688.34808,False
2.6,30,523037.567587,True
0.0,30,523083.845368,False
0.8,30,523129.721776,True
0.0,30,523176.519374,False
2.6,30,523226.323165,True
2.8,30,523272.520133,True
0.0,30,523321.905608,False
2.8,30,523389.497331,True
0.0,30,523437.85392,False
0.0,30,523488.57843,False
0.0,30,523531.592148,False
1.8,30,523579.796302,True
0.0,30,523624.557645,False
3.0,30,523670.718668,True
1.9,30,523721.075624,True
2.7,30,523765.518433,True
0.0,30,523810.144057,False
3.0,30,523859.272432,True
0.0,30,523908.900344,False
0.0,30,523956.941694,False
0.0,30,524004.801336,False
0.0,30,524049.060219,False
3.0,30,524090.795543,True
2.6,30,524138.889273,True
2.4,30,524181.99188,True
0.0,30,524224.785903,False
2.2,30,524272.813337,True
2.9,30,524317.884302,True
0.0,30,524363.188216,False
0.0,30,524406.081272,False
2.8,30,524455.833751,True
2.8,30,524498.000575,True
2.9,30,524551.440022,True
2.4,30,524597.535306,True
0.5,30,524950.044952,False
0.0,30,524990.725547,False
2.6,30,525038.953835,True
0.0,30,525087.651924,False
2.8,30,525132.860343,True
0.0,30,525180.191417,False
0.0,30,525234.031476,False
2.9,30,525280.99008,True
2.5,30,525326.737576,True
0.0,30,525373.806484,False
2.4,30,525419.288039,True
0.0,30,525461.45048,False
0.0,30,525503.518618,False
0.0,30,525550.055809,False
0.0,30,525600.840345,False
2.7,30,525643.065442,True
1.4,30,525683.916357,True
0.0,30,525732.796243,False
2.6,30,525777.003615,True
0.0,30,525827.341168,False
2.4,30,525870.609491,True
3.0,30,525915.624454,True
2.4,30,525961.335687,True
0.0,30,526007.170037,False
2.7,30,526055.055372,True
2.6,30,526099.729764,True
2.5,30,526145.599028,True
0.0,30,526202.264897,False
0.0,30,526244.422035,False
0.0,30,526286.866395,False
1.9,30,526333.765426,True
2.8,30,526381.148712,True
2.1,30,526424.611215,True
1.5,30,526473.283289,True
2.6,30,526825.281422,True
2.4,30,526872.175122,True
0.0,30,526925.014445,False
0.0,30,526972.333619,False
0.0,30,527016.244586,False
2.6,30,527062.538007,True
3.0,30,527112.817529,True
2.9,30,527157.222906,True
0.0,30,527200.253155,False
2.1,30,527255.179217,True
0.0,30,527300.595464,False
0.0,30,527346.570486,False
2.6,30,527391.558244,True
0.0,30,527440.078423,False
0.8,30,527486.77517,True
0.0,30,527528.46818,False
2.0,30,527570.631871,True
2.4,30,527615.146471,True
2.4,30,527658.197422,True
0.0,30,527703.618375,False
2.1,30,527752.286861,True
2.4,30,527799.406143,True
1.0,30,527845.457445,True
0.0,30,527890.83056,False
2.5,30,527938.249748,True
2.7,30,527988.732874,True
2.6,30,528035.785246,True
0.0,30,528086.876737,False
0.0,30,528134.911,False
0.0,30,528181.779986,False
2.5,30,528227.01857,True
2.3,30,528272.408127,True
2.6,30,528319.710852,True
0.0,30,528366.727273,False
0.0,30,528727.854969,False
1.6,30,528777.519694,True
2.8,30,528823.027481,True
1.9,30,528866.965189,True
0.0,30,528915.618885,False
2.8,30,528977.48205,True
2.0,30,529022.296328,True
2.7,30,529071.678389,True
0.0,30,529115.77493,False
0.0,30,529164.786068,False
3.0,30,529210.178046,True
2.7,30,529256.182114,True
1.9,30,529313.785082,True
2.5,30,529358.188956,True
1.2,30,529405.590046,True
0.0,30,529448.591344,False
0.0,30,529495.122291,False
1.7,30,529541.399058,True
0.0,30,529591.044065,False
2.8,30,529635.398639,True
2.3,30,529680.924028,True
2.2,30,529730.232395,True
0.8,30,529774.789889,True
1.6,30,529820.181815,True
0.0,30,529871.381143,False
3.0,30,529919.285721,True
0.0,30,529965.262508,False
2.7,30,530016.39344,True
0.0,30,530061.738378,False
0.0,30,530113.777595,False
0.0,30,530158.618785,False
0.0,30,530210.051551,False
2.6,30,530261.576381,True
1.3,30,530302.930246,True
0.0,30,530675.682256,False
2.7,30,530723.799513,True
0.0,30,530772.394787,False
0.0,30,530822.063771,False
0.0,30,530868.588373,False
2.8,30,530912.278064,True
0.0,30,530956.986439,False
0.0,30,530998.763005,False
2.5,30,531041.467051,True
2.3,30,531089.647091,True
0.0,30,531135.533849,False
0.0,30,531183.986125,False
0.0,30,531228.924386,False
0.0,30,531274.305315,False
0.0,30,531318.230062,False
2.8,30,531366.093549,True
0.0,30,531414.159833,False
2.9,30,531464.290605,True
2.6,30,531505.213606,True
0.0,30,531557.472285,False
3.0,30,531606.792997,True
2.7,30,531655.477062,True
0.0,30,531700.797321,False
0.0,30,531744.871521,False
2.6,30,531795.306272,True
0.0,30,531840.790658,False
2.9,30,531889.755682,True
1.8,30,531933.114244,True
0.9,30,531977.004277,True
2.6,30,532026.890916,True
2.7,30,532077.662231,True
2.0,30,532132.495343,True
0.0,30,532177.201636,False
1.0,30,532225.924242,False
2.0,30,532273.332408,True
1.9,30,532623.69718,True
2.8,30,532672.306699,True
0.0,30,532718.76413,False
2.7,30,532764.662827,True
0.0,30,532811.305794,False
0.0,30,532852.721883,False
0.0,30,532896.021818,False
0.0,30,532943.586658,False
0.0,30,532988.841621,False
0.3,30,533036.120292,True
0.6,30,533080.66458,True
0.0,30,533122.614406,False
2.3,30,533166.687377,True
0.0,30,533221.591435,False
2.3,30,533272.729658,True
0.0,30,533329.336006,False
2.6,30,533378.124341,True
0.0,30,533419.443441,False
2.3,30,533474.161039,True
0.0,30,533519.395543,False
2.9,30,533564.137886,True
0.0,30,533615.415392,False
0.0,30,533661.08303,False
0.0,30,533708.78783,False
0.0,30,533758.406036,False
0.0,30,533804.547691,False
2.5,30,533845.527958,True
2.4,30,533892.087949,True
2.5,30,533935.695111,True
0.0,30,533980.072489,False
2.2,30,534029.159914,True
2.5,30,534072.594727,True
0.0,30,534125.920192,False
1.0,30,534180.522784,True
3.0,30,534497.564106,True
2.6,30,534542.443774,True
0.0,30,534588.720684,False
0.0,30,534637.730255,False
0.0,30,534678.28508,False
0.0,30,534732.29804,False
0.0,30,534777.349571,False
0.0,30,534828.456835,False
0.0,30,534877.325208,False
0.0,30,534921.75919,False
0.0,30,534963.712037,False
2.5,30,535012.79614,True
0.0,30,535056.576973,False
0.0,30,535103.341915,False
2.6,30,535153.828949,True
2.8,30,535196.943884,True
0.0,30,535243.251189,False
0.0,30,535290.214947,False
2.3,30,535334.612612,True
2.5,30,535378.414436,True
2.5,30,535425.602863,True
0.2,30,535475.586496,True
2.6,30,535523.33927,True
3.0,30,535567.652312,True
0.8,30,535607.004359,False
0.0,30,535663.492612,False
0.0,30,535709.310758,False
0.0,30,535751.253725,False
0.0,30,535794.181734,False
2.0,30,535837.988088,True
2.4,30,535879.981903,True
2.4,30,535952.738331,True
0.0,30,536005.694824,False
0.0,30,536052.510835,False
2.7,30,536369.25025,True
0.0,30,536421.718086,False
0.0,30,536466.552087,False
2.8,30,536511.778166,True
2.8,30,536557.825228,True
2.7,30,536601.232381,True
0.0,30,536645.081195,False
0.0,30,536690.217064,False
1.1,30,536737.528319,True
0.0,30,536775.583923,False
2.3,30,536821.897054,True
3.0,30,536874.714471,True
0.3,30,536915.365725,False
0.0,30,536960.338146,False
2.6,30,537011.957438,True
0.0,30,537054.849616,False
2.7,30,537098.777916,True
2.5,30,537141.379815,True
0.0,30,537190.977936,False
2.1,30,537235.088247,True
0.0,30,537285.267376,False
2.8,30,537331.594138,True
0.6,30,537374.273079,True
0.0,30,537417.674107,False
2.5,30,537463.137363,True
2.6,30,537512.611808,True
0.0,30,537557.073115,False
0.0,30,537603.899923,False
1.7,30,537650.893103,True
2.5,30,537701.424518,True
0.0,30,537758.508014,False
0.0,30,537802.650321,False
1.2,30,537850.549783,True
0.0,30,537896.719235,False
3.0,30,538192.97969,True
0.1,30,538241.775062,True
0.0,30,538283.429958,False
2.2,30,538330.679847,True
0.0,30,538372.883959,False
0.0,30,538418.278302,False
2.4,30,538461.533805,True
0.0,30,538509.500141,False
0.0,30,538559.301822,False
2.5,30,538617.451077,True
2.5,30,538663.212592,True
2.4,30,538703.681952,True
0.0,30,538752.210134,False
0.0,30,538792.555759,False
2.2,30,538836.88796,True
0.0,30,538879.202034,False
0.0,30,538929.037135,False
2.2,30,538971.474519,True
0.0,30,539020.340068,False
2.6,30,539067.378504,True
0.0,30,539115.83372,False
0.0,30,539158.765672,False
0.0,30,539203.211294,False
2.8,30,539247.654775,True
0.0,30,539298.934516,False
1.4,30,539348.278838,True
2.6,30,539392.761187,True
2.6,30,539438.366317,True
2.8,30,539480.278741,True
2.7,30,539528.222893,True
2.5,30,539575.58932,True
2.6,30,539617.976675,True
0.0,30,539667.474879,False
3.0,30,539709.03081,True
1.4,30,540079.020249,True
2.5,30,540125.763731,True
2.4,30,540170.866956,True
2.3,30,540219.1579,True
0.0,30,540266.539246,False
2.8,30,540309.713059,True
0.0,30,540356.876995,False
0.0,30,540397.663772,False
2.6,30,540449.369418,True
0.0,30,540492.785629,False
1.9,30,540537.669754,True
2.4,30,540584.219702,True
2.7,30,540629.707076,True
0.0,30,540677.365885,False
2.6,30,540726.851823,True
0.0,30,540779.551409,False
0.0,30,540834.53184,False
0.0,30,540880.331826,False
0.0,30,540925.875816,False
0.0,30,540978.533314,False
2.8,30,541023.136347,True
2.5,30,541072.098494,True
0.0,30,541116.725468,False
2.5,30,541161.860302,True
0.0,30,541211.229692,False
0.0,30,541254.239142,False
0.9,30,541297.840891,False
0.0,30,541340.523498,False
2.5,30,541386.086524,True
0.0,30,541431.228372,False
1.8,30,541476.380427,True
0.0,30,541525.217184,False
2.4,30,541574.293285,True
0.0,30,541620.14496,False
2.5,30,541982.088057,True
0.0,30,542029.127446,False
0.0,30,542074.063348,False
0.0,30,542116.836874,False
2.8,30,542160.67848,True
2.3,30,542202.348806,True
1.8,30,542247.372477,True
0.0,30,542293.253891,False
0.0,30,542339.40098,False
0.0,30,542381.599309,False
0.0,30,542427.747204,False
0.0,30,542474.807639,False
0.0,30,542525.815726,False
2.8,30,542573.312284,True
1.9,30,542631.392332,True
2.3,30,542675.624244,True
1.9,30,542721.898273,True
2.9,30,542769.691704,True
2.1,30,542825.96852,True
2.7,30,542868.59085,True
2.6,30,542914.743595,True
0.0,30,542965.632505,False
0.0,30,543007.880707,False
2.5,30,543060.663517,True
0.0,30,543110.119965,False
0.0,30,543159.69801,False
0.0,30,543202.566776,False
1.9,30,543249.421846,True
0.0,30,543293.148854,False
3.0,30,543342.037137,True
1.3,30,543394.012586,True
2.7,30,543441.185845,True
0.0,30,543487.525721,False
0.0,30,543537.202451,False
0.6,30,543874.812483,True
2.7,30,543920.962891,True
1.9,30,543968.846396,True
0.0,30,544009.393301,False
2.5,30,544057.374114,True
3.0,30,544099.37126,True
2.9,30,544144.276149,True
2.4,30,544193.251914,True
0.0,30,544239.904372,False
0.0,30,544289.791201,False
1.7,30,544332.194942,True
0.0,30,544379.74424,False
0.0,30,544424.433103,False
2.2,30,544479.353786,True
2.6,30,544546.336162,True
2.6,30,544591.578616,True
1.3,30,544634.870781,True
2.5,30,544678.767125,True
0.0,30,544726.205554,False
0.0,30,544771.761056,False
3.0,30,544816.059501,True
2.5,30,544865.594005,True
0.0,30,544909.442424,False
2.5,30,544950.952624,True
0.0,30,544996.165778,False
2.8,30,545044.213128,True
2.8,30,545089.361485,True
2.1,30,545138.654803,True
0.0,30,545182.220295,False
2.6,30,545234.081108,True
2.9,30,545279.750144,True
2.6,30,545326.055102,True
2.9,30,545371.15579,True
0.0,30,545414.895658,False
0.0,30,545462.70674,False
0.0,30,545810.050576,False
1.9,30,545857.987024,True
2.8,30,545905.201792,True
2.5,30,545956.453879,True
0.0,30,546002.517748,False
0.0,30,546044.66022,False
0.0,30,546096.091659,False
2.3,30,546138.770504,True
3.0,30,546186.325327,True
3.0,30,546235.076154,True
2.8,30,546277.491323,True
0.0,30,546318.224682,False
2.4,30,546366.334623,True
0.0,30,546407.296049,False
2.7,30,546452.909158,True
0.0,30,546498.710677,False
1.4,30,546544.879771,True
2.4,30,546591.16334,True
1.0,30,546636.05037,False
0.0,30,546690.825874,False
0.0,30,546735.703005,False
2.6,30,546780.991387,True
2.1,30,546826.101532,True
2.7,30,546872.302416,True
0.0,30,546918.315811,False
0.0,30,546966.08873,False
2.5,30,547015.978862,True
1.5,30,547063.317073,True
0.0,30,547113.400992,False
0.0,30,547162.376096,False
0.0,30,547204.648966,False
0.0,30,547248.581353,False
0.0,30,547294.705045,False
1.2,30,547339.339526,True
0.0,30,547719.319021,False
3.0,30,547766.748919,True
2.3,30,547808.216234,True
2.6,30,547856.593845,True
0.0,30,547900.412029,False
0.0,30,547951.206813,False
0.0,30,547994.634664,False
0.0,30,548081.373061,False
2.8,30,548130.881279,True
0.0,30,548181.222951,False
1.3,30,548232.48052,True
0.0,30,548271.607669,False
2.8,30,548321.509289,True
0.0,30,548368.138262,False
2.2,30,548411.738449,True
2.8,30,548453.646532,True
2.7,30,548506.528939,True
0.0,30,548552.382608,False
0.0,30,548597.759202,False
0.9,30,548644.355061,False
0.0,30,548687.506377,False
2.6,30,548731.583236,True
0.0,30,548786.482565,False
2.6,30,548830.080347,True
2.6,30,548880.275367,True
2.7,30,548931.761229,True
2.0,30,548977.900985,True
0.8,30,549027.488456,False
2.8,30,549075.411602,True
0.0,30,549120.313501,False
2.8,30,549175.833244,True
0.0,30,549222.312194,False
3.0,30,549265.367006,True
0.0,30,549303.490431,False
0.0,30,549649.798909,False
2.3,30,549690.55317,True
2.7,30,549733.346166,True
1.3,30,549779.576795,False
0.0,30,549823.534934,False
2.6,30,549865.968118,True
0.0,30,549912.00749,False
0.0,30,549956.4305,False
0.0,30,549998.554455,False
2.5,30,550043.559582,True
0.0,30,550089.774261,False
2.9,30,550134.558993,True
0.0,30,550176.120662,False
2.0,30,550224.846605,True
2.4,30,550271.834564,True
0.0,30,550312.919659,False
0.0,30,550353.94002,False
0.5,30,550397.816859,True
0.0,30,550448.790933,False
0.0,30,550493.222429,False
2.6,30,550542.767209,True
0.0,30,550590.658296,False
0.0,30,550635.494998,False
0.0,30,550681.757845,False
0.0,30,550728.199515,False
0.0,30,550778.716209,False
2.4,30,550826.714722,True
2.9,30,550872.866976,True
0.0,30,550923.1352,False
3.0,30,550969.40364,True
1.9,30,551018.005547,True
0.0,30,551060.302873,False
2.6,30,551105.205611,True
0.0,30,551149.67197,False
0.0,30,551524.660141,False
2.0,30,551570.812888,True
2.7,30,551621.367068,True
0.0,30,551669.81075,False
2.3,30,551720.701629,True
0.0,30,551765.215022,False
0.0,30,551810.440759,False
0.9,30,551862.466537,True
2.5,30,551905.731295,True
2.6,30,551952.087175,True
0.0,30,551998.791423,False
2.1,30,552047.218555,True
0.0,30,552094.593259,False
0.0,30,552137.685194,False
2.2,30,552182.589454,True
0.0,30,552226.623509,False
0.0,30,552269.082502,False
0.0,30,552312.21127,False
0.0,30,552364.276157,False
3.0,30,552412.709036,True
0.0,30,552457.36164,False
1.7,30,552504.626104,True
2.3,30,552548.082741,True
2.7,30,552593.251095,True
2.6,30,552638.551563,True
0.0,30,552681.461776,False
2.8,30,552728.193412,True
2.8,30,552776.773582,True
0.0,30,552822.524131,False
0.0,30,552871.096061,False
0.0,30,552921.184739,False
3.0,30,552970.575536,True
2.6,30,553015.460244,True
2.8,30,553060.392961,True
0.0,30,553390.789104,False
2.8,30,553448.409665,True
2.8,30,553492.309499,True
1.9,30,553535.073888,True
1.8,30,553581.840782,True
0.0,30,553627.962356,False
2.6,30,553671.890379,True
2.6,30,553717.368157,True
0.0,30,553764.794697,False
2.8,30,553806.948544,True
2.1,30,553854.452098,True
0.0,30,553896.707682,False
0.3,30,553947.482548,True
0.0,30,553990.437773,False
2.9,30,554037.312515,True
0.0,30,554081.245402,False
0.0,30,554128.751712,False
1.6,30,554172.265455,True
0.0,30,554218.073681,False
1.7,30,554285.105428,True
0.0,30,554327.854984,False
1.8,30,554371.889943,False
2.6,30,554416.980913,True
2.7,30,554461.846992,True
0.0,30,554508.155124,False
2.5,30,554554.399121,True
0.0,30,554604.072841,False
0.0,30,554655.140934,False
0.0,30,554700.775266,False
0.0,30,554748.393459,False
2.2,30,554793.591224,True
0.0,30,554837.698029,False
2.6,30,554880.372803,True
1.2,30,554928.60883,True
2.3,30,555300.789778,True
0.0,30,555343.17213,False
2.7,30,555395.144216,True
1.7,30,555441.968877,True
2.5,30,555497.694744,True
2.6,30,555542.001519,True
1.7,30,555586.460733,True
2.8,30,555637.254746,True
0.0,30,555680.897669,False
0.0,30,555728.445523,False
0.0,30,555776.953195,False
0.0,30,555827.277822,False
1.9,30,555872.918223,False
0.0,30,555917.632901,False
2.5,30,555965.59945,True
3.0,30,556013.756905,True
0.0,30,556059.455275,False
0.0,30,556107.492574,False
2.8,30,556149.629482,True
2.6,30,556193.878623,True
0.0,30,556245.120202,False
2.8,30,556294.016797,True
0.0,30,556336.365114,False
0.0,30,556384.186744,False
0.0,30,556439.710507,False
2.1,30,556482.322443,False
0.0,30,556527.350311,False
2.8,30,556576.755277,True
2.9,30,556620.945072,True
2.2,30,556670.549219,True
0.0,30,556714.181254,False
2.0,30,556757.233674,True
0.0,30,556807.379995,False
0.0,30,556857.386871,False
1.1,30,557206.312392,True
0.0,30,557255.319155,False
0.0,30,557305.699227,False
2.4,30,557360.298864,True
2.6,30,557405.892316,True
0.0,30,557454.450354,False
2.7,30,557504.456043,True
2.3,30,557548.443613,True
0.0,30,557598.74863,False
0.0,30,557645.317261,False
2.8,30,557689.506444,True
2.6,30,557736.789342,True
2.5,30,557781.863287,True
0.0,30,557827.018229,False
0.0,30,557873.87674,False
1.5,30,557920.879251,True
0.0,30,557971.129214,False
2.8,30,558015.132095,True
3.0,30,558065.180016,True
2.1,30,558113.410356,True
2.7,30,558162.106524,True
2.8,30,558214.078593,True
0.0,30,558260.836532,False
2.2,30,558308.658081,True
2.8,30,558353.107666,True
0.0,30,558400.272029,False
0.0,30,558442.575112,False
0.0,30,558491.681479,False
0.0,30,558537.889128,False
2.5,30,558586.577372,True
0.0,30,558629.255607,False
2.6,30,558675.458703,True
2.5,30,558718.575552,True
2.2,30,558765.772441,True
0.0,30,559101.097908,False
0.0,30,559150.625912,False
0.0,30,559196.260878,False
0.0,30,559240.14493,False
0.0,30,559294.95962,False
2.5,30,559338.679377,True
0.0,30,559381.894166,False
0.0,30,559426.497457,False
0.0,30,559470.997633,False
0.0,30,559520.309061,False
0.0,30,559566.27406,False
2.8,30,559612.680283,True
2.2,30,559657.019267,True
0.0,30,559707.425343,False
2.2,30,559752.967716,True
0.3,30,559798.128681,False
0.0,30,559844.381143,False
0.0,30,559893.799693,False
2.8,30,559938.464498,True
0.0,30,559982.089388,False
0.0,30,560027.794353,False
2.1,30,560096.565241,True
1.1,30,560140.251552,True
0.0,30,560185.084355,False
0.0,30,560229.64179,False
0.0,30,560276.968829,False
0.0,30,560325.380235,False
2.2,30,560373.226812,True
0.0,30,560422.15621,False
1.7,30,560470.391919,True
2.8,30,560533.676347,True
1.3,30,560577.459104,True
0.0,30,560631.025958,False
0.0,30,560673.123209,False
0.0,30,560722.334978,False
0.0,30,561072.588938,False
0.0,30,561116.690204,False
0.0,30,561163.154896,False
2.8,30,561209.960209,True
0.0,30,561256.008678,False
0.0,30,561304.18287,False
2.7,30,561351.861076,True
1.0,30,561398.457813,False
2.2,30,561443.511976,True
0.0,30,561489.344069,False
0.0,30,561532.21958,False
0.0,30,561585.343204,False
0.0,30,561632.155214,False
2.6,30,561674.681653,True
2.6,30,561722.27271,True
0.0,30,561769.783021,False
0.0,30,561823.251587,False
2.4,30,561869.451076,True
0.0,30,561915.740073,False
0.0,30,561958.46276,False
2.4,30,562005.313195,True
0.0,30,562052.195842,False
0.0,30,562101.027182,False
0.0,30,562148.340456,False
1.6,30,562191.76214,True
0.0,30,562236.633176,False
0.0,30,562281.822776,False
0.0,30,562346.263168,False
2.6,30,562393.644835,True
0.0,30,562435.796431,False
2.7,30,562484.794452,True
1.6,30,562531.588534,True
2.3,30,562579.065736,True
0.0,30,562624.430175,False
2.9,30,562963.777209,True
0.0,30,563010.531049,False
0.0,30,563057.257974,False
0.0,30,563105.731836,False
0.0,30,563157.394232,False
3.0,30,563204.590496,True
0.0,30,563246.467887,False
1.0,30,563296.830259,True
0.0,30,563343.12443,False
0.0,30,563389.442672,False
0.0,30,563433.75524,False
0.0,30,563478.953384,False
0.0,30,563523.174112,False
2.9,30,563569.373801,True
0.0,30,563619.281648,False
2.8,30,563660.871572,True
2.1,30,563706.117061,True
0.9,30,563750.669427,True
2.5,30,563795.412078,True
0.0,30,563837.13026,False
0.0,30,563883.269292,False
1.1,30,563928.469018,True
0.0,30,563976.001294,False
2.8,30,564025.334613,True
2.6,30,564071.645482,True
2.6,30,564120.051711,True
2.2,30,564164.015714,True
0.0,30,564217.562697,False
2.3,30,564262.233506,True
0.0,30,564309.564395,False
2.6,30,564355.454179,True
2.8,30,564404.491282,True
0.0,30,564455.426566,False
3.0,30,564506.620365,True
2.7,30,564847.769918,True
0.0,30,564889.490618,False
2.3,30,564931.0752,True
2.2,30,564974.657595,True
0.0,30,565021.827722,False
0.0,30,565075.640314,False
0.0,30,565122.624652,False
0.0,30,565167.916722,False
0.0,30,565215.338113,False
2.0,30,565259.570526,True
2.4,30,565307.057131,True
2.1,30,565350.119178,True
2.4,30,565393.48974,True
0.0,30,565436.80518,False
0.0,30,565484.319705,False
0.0,30,565534.767948,False
0.0,30,565580.097807,False
2.2,30,565627.453889,True
0.9,30,565680.869744,True
0.0,30,565727.483328,False
2.6,30,565773.856611,True
2.1,30,565821.625544,True
2.9,30,565864.027222,True
2.7,30,565914.205393,True
2.4,30,565965.053844,True
2.9,30,566007.506878,True
2.1,30,566069.575864,True
0.0,30,566117.217216,False
0.0,30,566162.532358,False
0.0,30,566214.544571,False
0.0,30,566261.81961,False
2.4,30,566303.147039,True
2.9,30,566349.48451,True
0.0,30,566403.5381,False
1.9,30,566767.775825,True
0.0,30,566812.384135,False
0.0,30,566857.746614,False
2.7,30,566901.16006,True
2.6,30,566941.916625,True
2.5,30,566989.284089,True
0.0,30,567036.64621,False
0.0,30,567083.471744,False
0.0,30,567132.086983,False
0.0,30,567177.331708,False
3.0,30,567227.660727,True
2.3,30,567269.576295,True
0.0,30,567319.768585,False
0.0,30,567366.441091,False
2.0,30,567413.999497,True
2.5,30,567463.696425,True
0.0,30,567501.79724,False
0.1,30,567550.854511,True
0.0,30,567602.805529,False
0.0,30,567642.838667,False
2.4,30,567691.81267,True
0.0,30,567742.087047,False
0.0,30,567788.387053,False
2.7,30,567833.26948,True
0.0,30,567875.218857,False
2.7,30,567916.682479,True
0.0,30,567973.616201,False
2.7,30,568017.996488,True
2.2,30,568064.192913,True
0.0,30,568103.243117,False
1.9,30,568152.822858,True
2.5,30,568198.216767,True
2.7,30,568242.39243,True
0.0,30,568286.666939,False
0.5,30,568640.479193,False
0.0,30,568689.802557,False
2.0,30,568737.206156,True
0.0,30,568783.295092,False
2.4,30,568832.344672,True
0.0,30,568881.247216,False
2.0,30,568925.882154,True
0.0,30,568976.663508,False
0.0,30,569021.322443,False
0.0,30,569064.726625,False
2.6,30,569110.414679,True
2.5,30,569156.28168,True
0.0,30,569206.176495,False
2.6,30,569255.595554,True
2.0,30,569303.650878,True
0.0,30,569347.330876,False
0.2,30,569391.852163,True
0.3,30,569436.953705,False
0.0,30,569489.7596,False
0.0,30,569538.205158,False
0.0,30,569585.199697,False
2.7,30,569630.512435,True
2.8,30,569679.290348,True
1.1,30,569725.400955,True
0.0,30,569794.391985,False
2.7,30,569839.704675,True
2.7,30,569881.060884,True
2.8,30,569926.51489,True
0.0,30,569971.172404,False
2.2,30,570023.405972,True
0.2,30,570098.863403,False
0.0,30,570143.72396,False
1.2,30,570199.339387,True
2.2,30,570246.065512,False
0.0,30,570593.483226,False
0.0,30,570634.9889,False
0.0,30,570686.08249,False
1.4,30,570738.265596,True
0.0,30,570784.542939,False
0.0,30,570833.499429,False
2.9,30,570881.119601,True
0.0,30,570922.275483,False
0.0,30,570970.733688,False
0.0,30,571013.104834,False
0.0,30,571059.339313,False
1.7,30,571104.598456,True
0.0,30,571155.085881,False
0.0,30,571198.792537,False
0.0,30,571244.344699,False
0.0,30,571288.683876,False
2.7,30,571339.626146,True
0.0,30,571395.379793,False
3.0,30,571438.853876,True
2.6,30,571490.078167,True
3.0,30,571542.531652,True
0.0,30,571588.649229,False
2.5,30,571635.974323,True
0.0,30,571690.146587,False
0.0,30,571736.540526,False
2.6,30,571781.438259,True
2.5,30,571827.539429,True
0.0,30,571870.562632,False
2.6,30,571918.417212,True
0.0,30,571969.216956,False
0.0,30,572012.145619,False
0.0,30,572056.066283,False
2.8,30,572103.669082,True
2.7,30,572153.588094,True
2.1,30,572525.476739,True
2.4,30,572572.183996,True
0.0,30,572621.35245,False
2.8,30,572667.50595,True
2.8,30,572718.514096,True
2.7,30,572768.94076,True
0.0,30,572810.304667,False
0.0,30,572854.282261,False
3.0,30,572901.246336,True
2.7,30,572951.411322,True
0.0,30,572999.594505,False
2.6,30,573048.045412,True
2.6,30,573096.053389,True
2.9,30,573147.15341,True
0.0,30,573194.00569,False
0.0,30,573242.486303,False
2.0,30,573296.222359,True
1.5,30,573339.516086,True
0.0,30,573389.957159,False
0.0,30,573442.364802,False
2.8,30,573486.789793,True
2.4,30,573536.59723,True
0.0,30,573587.114357,False
0.0,30,573635.765926,False
0.2,30,573684.080158,True
3.0,30,573727.733734,True
1.8,30,573776.78902,True
0.0,30,573823.208896,False
1.8,30,573876.173412,True
2.8,30,573923.08866,True
2.5,30,573967.730736,True
0.0,30,574014.400228,False
0.0,30,574057.495527,False
2.6,30,574110.228947,True
0.0,30,574152.072485,False
2.8,30,574512.557537,True
2.2,30,574556.186909,True
0.0,30,574600.527456,False
0.2,30,574649.974275,False
0.0,30,574697.969827,False
2.5,30,574744.469821,True
0.0,30,574793.400862,False
0.0,30,574840.317258,False
2.7,30,574886.381679,True
0.0,30,574931.846599,False
1.3,30,574982.409869,True
1.3,30,575030.61846,True
2.8,30,575079.169762,True
0.0,30,575126.618614,False
2.8,30,575174.044584,True
0.0,30,575223.740301,False
0.0,30,575267.585707,False
0.0,30,575315.426922,False
2.8,30,575359.524018,True
0.0,30,575406.350531,False
0.0,30,575458.660327,False
2.3,30,575504.779277,True
2.6,30,575574.971916,True
2.2,30,575618.491056,True
0.0,30,575669.244985,False
0.0,30,575712.077727,False
0.0,30,575756.70179,False
0.0,30,575802.517793,False
0.0,30,575847.993711,False
0.0,30,575893.754419,False
2.5,30,575942.073056,True
2.7,30,575985.256187,True
2.9,30,576031.118483,True
1.7,30,576076.555866,True
0.0,30,576410.882523,False
2.9,30,576454.374013,True
0.0,30,576501.864936,False
2.5,30,576560.561049,True
2.7,30,576604.556811,True
0.0,30,576655.200024,False
0.0,30,576700.592238,False
2.5,30,576753.770398,True
2.1,30,576797.532701,True
2.6,30,576848.739932,True
0.5,30,576899.425548,True
0.0,30,576947.330645,False
1.7,30,577004.303607,True
0.0,30,577052.855461,False
0.0,30,577097.589176,False
0.0,30,577146.585465,False
2.4,30,577192.874989,True
2.6,30,577242.673668,True
0.0,30,577288.489798,False
0.0,30,577334.029357,False
2.2,30,577375.849016,True
2.7,30,577418.984144,True
1.7,30,577469.29156,True
2.5,30,577519.925902,True
2.7,30,577569.167164,True
2.2,30,577617.605584,True
2.8,30,577662.1111,True
0.0,30,577706.318406,False
2.8,30,577754.791941,True
2.7,30,577805.99722,True
2.5,30,577853.077169,True
0.0,30,577899.397267,False
2.8,30,577944.574868,True
0.2,30,577993.503746,True
2.4,30,578372.179351,True
0.0,30,578418.603171,False
0.0,30,578465.769323,False
0.1,30,578520.179535,False
2.9,30,578567.523301,True
2.8,30,578614.981649,True
2.2,30,578662.70756,True
2.8,30,578712.617877,True
0.0,30,578761.507205,False
2.8,30,578804.326752,True
0.0,30,578850.13935,False
1.7,30,578899.080626,True
3.0,30,578941.958179,True
2.5,30,578993.972717,True
0.0,30,579047.700892,False
0.0,30,579092.906169,False
2.9,30,579142.277543,True
0.0,30,579188.70581,False
0.0,30,579236.801895,False
0.0,30,579288.2956,False
2.5,30,579332.358801,True
2.5,30,579387.942529,True
0.0,30,579429.909418,False
0.0,30,579472.872928,False
2.4,30,579519.229017,True
0.0,30,579567.996913,False
0.0,30,579612.780363,False
0.0,30,579660.979985,False
2.7,30,579708.296982,True
2.5,30,579763.799308,True
0.0,30,579812.681849,False
0.0,30,579857.116646,False
2.6,30,579904.81437,True
0.0,30,579954.397785,False
0.0,30,580291.769627,False
0.0,30,580347.476018,False
0.0,30,580392.231779,False
0.0,30,580438.476971,False
2.8,30,580483.409847,True
2.7,30,580541.047912,True
0.0,30,580592.186078,False
0.0,30,580663.836457,False
2.3,30,580713.931695,True
2.5,30,580760.819959,True
0.0,30,580805.627025,False
0.0,30,580856.87755,False
1.1,30,580919.714561,True
1.4,30,580968.3223,True
1.6,30,581018.333797,True
2.9,30,581070.215028,True
0.0,30,581121.701777,False
2.6,30,581173.7884,True
2.7,30,581221.285169,True
0.0,30,581270.980992,False
0.0,30,581320.079917,False
0.0,30,581365.205183,False
0.0,30,581416.169473,False
0.0,30,581465.781363,False
1.5,30,581516.984707,False
1.6,30,581562.845338,True
2.5,30,581610.634398,True
0.0,30,581654.037253,False
2.7,30,581705.005662,True
0.0,30,581751.231734,False
0.0,30,581800.743704,False
0.8,30,581854.758174,True
2.5,30,581901.189505,True
2.8,30,581978.039248,True
0.0,30,582340.097477,False
2.7,30,582385.090478,True
0.0,30,582428.159956,False
1.7,30,582481.246507,True
2.6,30,582524.96827,True
0.0,30,582574.268798,False
0.0,30,582621.946034,False
2.5,30,582677.646174,True
0.0,30,582727.151081,False
0.0,30,582780.400481,False
0.0,30,582822.134728,False
2.6,30,582868.853334,True
2.8,30,582923.020902,True
2.9,30,582969.291319,True
2.6,30,583015.059102,True
2.8,30,583064.075847,True
0.0,30,583116.437186,False
2.7,30,583160.805022,True
0.0,30,583208.586776,False
0.0,30,583249.62903,False
0.0,30,583294.443943,False
2.6,30,583345.898554,True
0.4,30,583396.033969,False
0.0,30,583440.119699,False
0.0,30,583482.605829,False
0.0,30,583528.137553,False
3.0,30,583581.761492,True
0.0,30,583631.975382,False
0.0,30,583677.589329,False
0.0,30,583731.453545,False
2.6,30,583779.326247,True
2.6,30,583823.796217,True
0.0,30,583880.475137,False
2.6,30,583927.020554,True
