#{"t_start": 1770256123.3736277, "env_id": "FetchBridgeBullet7Blocks-v1"}
r,l,t,is_success
3.0,30,90.65985,True
0.0,30,152.965498,False
2.2,30,208.392104,True
3.0,30,269.845467,True
0.0,30,321.253678,False
0.0,30,382.737587,False
0.0,30,450.523801,False
2.9,30,495.681345,True
0.0,30,561.513144,False
0.0,30,626.495795,False
0.0,30,685.190143,False
0.0,30,748.907207,False
0.0,30,803.779839,False
2.8,30,859.41882,True
0.5,30,918.658016,True
0.0,30,981.553798,False
2.9,30,1045.392192,True
0.0,30,1104.558874,False
0.0,30,1174.429338,False
2.4,30,1251.033594,True
0.0,30,1322.457681,False
0.0,30,1375.546503,False
0.0,30,1435.179126,False
0.0,30,1496.938577,False
0.0,30,1563.864603,False
2.7,30,1627.036123,True
1.5,30,1690.756293,True
0.0,30,1755.478679,False
0.0,30,1817.931834,False
1.0,30,1885.99589,True
0.0,30,1958.791897,False
0.0,30,2026.600751,False
0.0,30,2092.28912,False
0.0,30,2146.063398,False
0.0,30,2556.20227,False
0.0,30,2613.883389,False
1.9,30,2677.249436,True
0.0,30,2742.199739,False
0.0,30,2799.399849,False
0.0,30,2862.647951,False
0.0,30,2923.020055,False
2.2,30,2985.200918,True
2.8,30,3051.65034,True
0.0,30,3121.343667,False
2.5,30,3184.392282,True
0.0,30,3246.159651,False
0.0,30,3313.317713,False
0.0,30,3370.075909,False
2.9,30,3437.504495,True
0.0,30,3498.599327,False
1.1,30,3563.067005,True
0.0,30,3625.266836,False
2.6,30,3682.815897,True
0.0,30,3738.832525,False
0.0,30,3801.602444,False
0.0,30,3860.514119,False
2.9,30,3923.044716,True
0.0,30,3983.50828,False
1.0,30,4035.10797,True
1.1,30,4087.280087,True
0.0,30,4151.369505,False
2.7,30,4209.327911,True
2.6,30,4273.444466,True
0.0,30,4335.625934,False
0.2,30,4404.364118,False
0.0,30,4460.715765,False
2.8,30,4517.760282,True
0.0,30,4577.619627,False
0.0,30,5056.756861,False
2.8,30,5118.053788,True
0.0,30,5166.477257,False
0.0,30,5219.437448,False
0.0,30,5287.135063,False
0.6,30,5350.264655,True
0.0,30,5411.624964,False
2.4,30,5470.981847,True
0.0,30,5526.221009,False
0.0,30,5576.833678,False
1.8,30,5634.269204,True
0.0,30,5702.622596,False
0.0,30,5757.024781,False
3.0,30,5817.630287,True
0.0,30,5872.690025,False
0.0,30,5929.77036,False
0.0,30,5985.330153,False
0.0,30,6046.987726,False
0.0,30,6098.515648,False
0.0,30,6155.546365,False
0.0,30,6221.33034,False
0.7,30,6282.673034,True
0.0,30,6347.524415,False
2.3,30,6402.35305,True
2.4,30,6457.980644,True
0.0,30,6521.023291,False
3.0,30,6585.633113,True
0.0,30,6639.824133,False
0.0,30,6694.121698,False
0.0,30,6755.053953,False
2.8,30,6829.41231,True
3.0,30,6882.707034,True
0.0,30,6938.549113,False
0.0,30,7003.713238,False
2.7,30,7424.027968,True
2.8,30,7479.936291,True
0.0,30,7541.786116,False
0.0,30,7600.533673,False
2.2,30,7648.038348,True
2.8,30,7693.16763,True
0.0,30,7749.939619,False
0.0,30,7811.346823,False
0.0,30,7858.940365,False
2.9,30,7927.233718,True
0.0,30,7985.114373,False
2.9,30,8046.264073,True
0.0,30,8105.86344,False
0.0,30,8159.088309,False
3.0,30,8220.435479,True
0.0,30,8269.280938,False
2.5,30,8333.154512,True
0.0,30,8388.407604,False
0.0,30,8449.530275,False
3.0,30,8514.033564,True
3.0,30,8569.068035,True
2.6,30,8628.914626,True
3.0,30,8687.733145,True
1.4,30,8741.349751,True
0.0,30,8801.862618,False
0.0,30,8858.961415,False
0.0,30,8919.939832,False
0.0,30,8974.922947,False
2.5,30,9045.164478,True
0.0,30,9098.5203,False
0.0,30,9169.453499,False
0.0,30,9235.918061,False
0.0,30,9281.700483,False
0.0,30,9338.647597,False
0.0,30,9718.434964,False
0.0,30,9780.196535,False
0.0,30,9842.810921,False
0.0,30,9902.585217,False
1.3,30,9964.574837,True
0.0,30,10023.117711,False
3.0,30,10095.258434,True
0.0,30,10150.92271,False
3.0,30,10202.76814,True
0.0,30,10260.362815,False
2.5,30,10322.180269,True
2.1,30,10390.485774,True
0.0,30,10448.838291,False
0.0,30,10518.568061,False
0.0,30,10588.183705,False
0.0,30,10650.881352,False
0.0,30,10718.174824,False
0.0,30,10769.650316,False
0.0,30,10833.114223,False
0.0,30,10892.862798,False
2.6,30,10950.773446,True
0.0,30,11011.824475,False
0.0,30,11073.848215,False
0.0,30,11135.975089,False
0.0,30,11195.836566,False
0.0,30,11256.827913,False
0.0,30,11308.827027,False
0.0,30,11362.339057,False
0.0,30,11419.375963,False
0.0,30,11477.735662,False
0.0,30,11539.571822,False
0.0,30,11601.918227,False
2.5,30,11656.391941,True
0.0,30,11709.142302,False
0.0,30,12123.806527,False
0.0,30,12186.921271,False
0.0,30,12252.25386,False
0.0,30,12300.893956,False
0.0,30,12360.536399,False
0.0,30,12415.134367,False
0.0,30,12486.519054,False
0.0,30,12548.382122,False
2.1,30,12604.053773,True
0.0,30,12665.64838,False
0.0,30,12722.276257,False
0.0,30,12772.646988,False
2.6,30,12831.505819,True
0.0,30,12885.175275,False
0.0,30,12945.519808,False
0.0,30,13007.493811,False
0.0,30,13070.070986,False
0.0,30,13125.755264,False
0.0,30,13176.395137,False
0.0,30,13232.575723,False
0.0,30,13283.736651,False
0.0,30,13348.158963,False
0.0,30,13408.779556,False
0.0,30,13460.704929,False
0.0,30,13524.903431,False
0.0,30,13581.985975,False
0.0,30,13641.420074,False
0.0,30,13695.764145,False
0.0,30,13760.827067,False
0.7,30,13825.536175,True
0.0,30,13884.104069,False
0.0,30,13945.211331,False
0.0,30,14005.984766,False
2.1,30,14059.113297,True
0.0,30,14471.805942,False
0.0,30,14528.662808,False
0.0,30,14592.785287,False
0.0,30,14658.843385,False
0.0,30,14706.643119,False
2.1,30,14757.563959,True
2.0,30,14808.127999,True
2.8,30,14860.61668,True
0.0,30,14919.241903,False
2.1,30,14975.672291,True
2.6,30,15034.498469,True
0.0,30,15071.35705,False
0.0,30,15127.333972,False
2.4,30,15178.291299,True
0.0,30,15233.752294,False
0.0,30,15291.906696,False
0.0,30,15343.770093,False
2.5,30,15397.209618,True
2.6,30,15453.632547,True
0.0,30,15499.64884,False
3.0,30,15553.306122,True
0.0,30,15607.985073,False
2.6,30,15671.356561,True
0.0,30,15730.588027,False
2.4,30,15793.178294,True
0.0,30,15851.224097,False
0.0,30,15906.323502,False
0.0,30,15964.98148,False
1.2,30,16024.33286,True
0.0,30,16073.034314,False
2.3,30,16135.47639,True
0.0,30,16188.460791,False
0.0,30,16251.722916,False
3.0,30,16312.834089,True
0.0,30,16735.716745,False
0.0,30,16790.167031,False
2.8,30,16850.762987,True
0.0,30,16912.390348,False
0.0,30,16966.2126,False
0.0,30,17018.773482,False
2.7,30,17075.656224,True
1.5,30,17134.167735,True
0.0,30,17195.221073,False
3.0,30,17257.194414,True
0.0,30,17318.857684,False
2.8,30,17365.881139,True
0.0,30,17418.617446,False
0.0,30,17476.34902,False
0.0,30,17529.367196,False
0.0,30,17582.356153,False
1.0,30,17653.428733,True
0.0,30,17715.82549,False
0.0,30,17778.206837,False
0.0,30,17835.119576,False
2.7,30,17885.233768,True
0.0,30,17938.000598,False
2.0,30,17998.56129,True
0.0,30,18057.542817,False
0.0,30,18121.10633,False
0.0,30,18185.576685,False
0.0,30,18236.395471,False
0.0,30,18294.176457,False
0.0,30,18352.847031,False
3.0,30,18411.524099,True
0.0,30,18472.067327,False
2.8,30,18533.745477,True
0.0,30,18587.180461,False
0.0,30,18638.889012,False
0.0,30,18705.729326,False
0.0,30,19080.890449,False
0.0,30,19134.135011,False
2.0,30,19194.940219,True
0.0,30,19245.849247,False
0.0,30,19305.065102,False
2.5,30,19360.13313,True
0.0,30,19414.243875,False
0.5,30,19466.645416,True
0.0,30,19523.601442,False
0.5,30,19573.241706,True
0.0,30,19633.959582,False
0.0,30,19699.474972,False
0.0,30,19755.653449,False
0.0,30,19803.958871,False
0.0,30,19872.996125,False
0.0,30,19931.705156,False
2.8,30,19990.454176,True
0.0,30,20041.300018,False
1.0,30,20092.969845,True
0.0,30,20155.505131,False
0.0,30,20209.304708,False
0.0,30,20271.734174,False
0.0,30,20323.537718,False
2.8,30,20381.219291,True
0.0,30,20434.782914,False
0.0,30,20498.348605,False
0.0,30,20552.004681,False
0.0,30,20609.083749,False
2.6,30,20663.233957,True
2.6,30,20717.701908,True
0.0,30,20771.628007,False
0.0,30,20819.149928,False
0.0,30,20875.329107,False
0.0,30,20933.972383,False
0.0,30,21294.520931,False
0.0,30,21350.868661,False
2.4,30,21410.947824,True
2.8,30,21467.755977,True
3.0,30,21528.911415,True
0.0,30,21584.815471,False
0.0,30,21642.525923,False
0.0,30,21703.436303,False
0.0,30,21765.79462,False
0.0,30,21819.899591,False
2.9,30,21876.742978,True
1.7,30,21934.245215,True
0.0,30,21986.239645,False
0.0,30,22044.176443,False
0.0,30,22098.29118,False
0.0,30,22159.140392,False
0.0,30,22213.96265,False
1.8,30,22271.546178,True
0.0,30,22324.50458,False
2.6,30,22388.008639,True
2.3,30,22443.873487,True
0.0,30,22504.0411,False
2.7,30,22560.58674,True
0.0,30,22604.38168,False
0.0,30,22662.903208,False
0.0,30,22725.897076,False
0.0,30,22786.227951,False
0.0,30,22848.366224,False
2.3,30,22905.256175,True
0.0,30,22961.643355,False
1.5,30,23016.585117,True
0.0,30,23076.446101,False
3.0,30,23133.142938,True
2.8,30,23181.463794,True
2.3,30,23595.679456,True
0.0,30,23657.142739,False
0.0,30,23712.641569,False
3.0,30,23772.395942,True
0.0,30,23824.771094,False
0.0,30,23877.401419,False
2.8,30,23936.193777,True
0.0,30,23991.677269,False
1.4,30,24051.694447,True
0.0,30,24103.409222,False
0.0,30,24161.664343,False
0.0,30,24214.694069,False
0.0,30,24266.813319,False
2.8,30,24321.76919,True
2.3,30,24379.868447,True
3.0,30,24431.200117,True
0.0,30,24486.324487,False
2.8,30,24543.126918,True
0.0,30,24599.404603,False
2.7,30,24654.296592,True
0.0,30,24712.498031,False
0.0,30,24782.001909,False
2.3,30,24833.87767,True
2.9,30,24887.348793,True
0.0,30,24951.589087,False
2.5,30,25004.981679,True
0.0,30,25066.861136,False
0.0,30,25121.046785,False
0.0,30,25178.635788,False
0.0,30,25236.292902,False
0.0,30,25292.658597,False
0.0,30,25344.32749,False
0.0,30,25404.162794,False
2.4,30,25459.162744,True
0.0,30,25828.321136,False
2.5,30,25887.954468,True
0.0,30,25945.327638,False
1.4,30,26007.737554,True
0.0,30,26062.171467,False
2.8,30,26115.731071,True
0.0,30,26189.903189,False
2.8,30,26253.708505,True
0.0,30,26303.430866,False
0.0,30,26351.342322,False
0.0,30,26405.988821,False
2.7,30,26489.928541,True
0.0,30,26550.893261,False
2.9,30,26605.512348,True
2.7,30,26655.778003,True
0.0,30,26720.80019,False
2.6,30,26780.225052,True
0.0,30,26841.537438,False
0.0,30,26895.733616,False
0.0,30,26959.572683,False
0.0,30,27021.870334,False
2.5,30,27076.801115,True
2.8,30,27133.126252,True
2.8,30,27190.093534,True
1.6,30,27251.425449,True
0.0,30,27307.370594,False
0.0,30,27365.613237,False
0.0,30,27419.420533,False
0.0,30,27468.082878,False
2.6,30,27546.603019,True
0.0,30,27603.993579,False
3.0,30,27663.531433,True
2.8,30,27713.318124,True
0.0,30,27776.821554,False
0.0,30,28130.29022,False
1.5,30,28180.269684,True
0.0,30,28236.871353,False
2.3,30,28296.890412,True
0.0,30,28384.842689,False
0.0,30,28450.279799,False
2.7,30,28506.401065,True
0.0,30,28572.411721,False
0.0,30,28636.985944,False
0.0,30,28693.202353,False
2.5,30,28748.688466,True
0.0,30,28822.598972,False
0.0,30,28874.8474,False
0.0,30,28931.228757,False
0.0,30,28986.559763,False
1.2,30,29047.897851,False
0.0,30,29106.170194,False
1.1,30,29155.248144,True
0.0,30,29214.91635,False
0.0,30,29281.860355,False
2.7,30,29336.754168,True
2.4,30,29395.309071,True
0.0,30,29461.807657,False
0.0,30,29512.347361,False
2.5,30,29562.060805,True
2.9,30,29618.21242,True
0.0,30,29672.491647,False
2.1,30,29724.51164,True
0.0,30,29784.594032,False
1.5,30,29839.563481,True
2.4,30,29902.218015,True
0.0,30,29959.984026,False
0.0,30,30012.690953,False
0.0,30,30066.245953,False
0.0,30,30421.898783,False
0.0,30,30475.769236,False
3.0,30,30533.478666,True
0.0,30,30592.15829,False
0.0,30,30655.323814,False
2.7,30,30716.118366,True
0.0,30,30771.171943,False
1.7,30,30829.917048,True
0.0,30,30892.704881,False
0.0,30,30955.568551,False
0.0,30,31022.915557,False
0.0,30,31078.058333,False
0.0,30,31135.866134,False
2.8,30,31194.537688,True
0.0,30,31249.628,False
2.4,30,31317.500934,True
1.7,30,31381.937115,True
0.0,30,31438.819894,False
0.0,30,31497.114465,False
0.0,30,31560.303399,False
2.1,30,31619.345846,True
1.1,30,31682.059486,True
0.0,30,31743.441599,False
0.0,30,31796.207062,False
0.0,30,31865.824469,False
2.5,30,31916.569095,True
0.0,30,31967.174623,False
2.5,30,32024.600482,True
0.0,30,32076.436548,False
2.9,30,32128.683588,True
2.4,30,32189.251019,True
1.6,30,32245.2869,True
0.0,30,32303.240096,False
0.0,30,32362.069808,False
0.0,30,32702.99281,False
0.0,30,32767.949296,False
0.0,30,32825.231849,False
0.0,30,32880.367016,False
2.8,30,32947.733473,True
0.0,30,33010.191515,False
0.9,30,33070.452999,True
0.0,30,33123.528974,False
0.0,30,33181.196122,False
0.0,30,33243.620756,False
0.0,30,33298.68299,False
2.8,30,33351.057699,True
2.8,30,33415.546002,True
0.0,30,33471.324888,False
0.0,30,33533.398462,False
2.2,30,33595.887891,True
2.7,30,33662.816278,True
0.0,30,33722.293396,False
1.8,30,33781.237657,True
2.4,30,33832.36748,True
1.2,30,33888.582533,True
0.0,30,33951.54528,False
0.0,30,34004.705102,False
2.8,30,34060.879692,True
0.0,30,34115.977597,False
2.7,30,34170.469093,True
0.0,30,34236.691377,False
0.0,30,34295.868953,False
0.0,30,34354.511497,False
3.0,30,34412.523729,True
2.9,30,34474.56248,True
1.0,30,34538.433384,True
0.0,30,34591.113488,False
1.9,30,34647.756698,True
0.0,30,34709.620933,False
0.0,30,35081.125333,False
0.0,30,35153.758371,False
0.0,30,35208.861519,False
2.9,30,35264.518203,True
0.0,30,35326.172105,False
2.7,30,35379.226727,True
0.0,30,35444.970042,False
0.0,30,35503.673346,False
0.0,30,35559.521796,False
0.0,30,35626.728576,False
2.7,30,35692.450718,True
0.0,30,35742.442944,False
2.8,30,35801.881726,True
0.0,30,35858.105783,False
0.0,30,35915.271246,False
2.8,30,35971.960713,True
0.0,30,36027.318559,False
0.0,30,36088.096001,False
2.5,30,36151.710867,True
1.8,30,36205.590745,True
2.7,30,36269.545931,True
2.3,30,36323.936525,True
3.0,30,36392.219074,True
2.7,30,36451.976709,True
0.0,30,36508.925466,False
0.0,30,36572.63921,False
0.0,30,36635.585149,False
2.6,30,36699.904127,True
1.8,30,36755.29925,True
0.0,30,36812.736514,False
0.0,30,36870.409272,False
0.0,30,36927.69639,False
0.0,30,36997.296548,False
2.9,30,37054.926374,True
2.4,30,37432.468357,True
0.0,30,37491.686294,False
0.0,30,37557.38865,False
0.0,30,37618.120933,False
3.0,30,37670.541072,True
0.0,30,37728.90581,False
0.0,30,37792.07489,False
2.8,30,37840.912266,True
0.0,30,37894.727273,False
0.0,30,37957.555767,False
2.9,30,38016.586843,True
2.8,30,38077.695835,True
0.0,30,38136.62233,False
1.9,30,38203.587581,True
2.3,30,38259.724232,True
0.0,30,38318.142504,False
2.6,30,38387.244981,True
2.6,30,38443.928667,True
0.0,30,38506.642648,False
2.3,30,38567.14613,True
0.0,30,38628.07357,False
0.0,30,38682.878989,False
2.7,30,38741.378191,True
0.0,30,38802.782547,False
0.0,30,38879.8256,False
1.9,30,38938.809711,True
2.6,30,39003.078895,True
2.8,30,39077.536525,True
1.7,30,39148.709593,True
2.6,30,39211.17693,True
3.0,30,39272.713848,True
2.6,30,39335.96276,True
0.0,30,39400.96905,False
2.1,30,39458.352432,True
0.0,30,39863.112977,False
0.8,30,39926.517766,True
0.0,30,39988.297712,False
2.7,30,40044.407838,True
2.8,30,40103.834509,True
2.9,30,40171.434038,True
2.7,30,40231.791513,True
2.8,30,40292.817233,True
2.8,30,40354.044635,True
0.0,30,40414.388025,False
2.7,30,40482.911139,True
2.3,30,40542.991592,True
1.9,30,40604.041787,True
0.0,30,40669.342124,False
0.0,30,40726.94793,False
2.8,30,40787.040403,True
2.0,30,40843.305619,True
2.3,30,40922.056312,True
1.6,30,40978.346869,True
0.0,30,41041.082954,False
0.0,30,41102.796112,False
2.8,30,41161.930175,True
0.0,30,41219.587237,False
0.0,30,41280.027041,False
2.9,30,41341.014146,True
0.0,30,41397.023483,False
2.2,30,41460.945394,True
3.0,30,41509.206702,True
1.9,30,41561.766111,True
2.6,30,41621.272054,True
0.0,30,41683.6281,False
2.6,30,41740.021905,True
0.0,30,41804.543929,False
1.3,30,41868.556337,True
0.0,30,42282.884018,False
0.0,30,42347.697322,False
0.0,30,42410.573925,False
0.0,30,42472.90437,False
0.0,30,42535.706754,False
2.8,30,42604.708339,True
0.0,30,42673.608251,False
2.3,30,42739.437536,True
0.5,30,42798.444278,True
0.0,30,42856.497143,False
0.0,30,42936.410894,False
3.0,30,43004.440132,True
0.0,30,43066.843264,False
2.9,30,43131.239258,True
2.2,30,43190.088744,True
2.8,30,43246.057649,True
0.0,30,43307.624323,False
0.0,30,43376.920365,False
1.9,30,43424.950963,True
0.3,30,43481.857922,True
2.6,30,43544.62086,True
0.0,30,43603.272032,False
2.0,30,43664.533474,True
0.0,30,43720.001556,False
0.0,30,43775.978544,False
0.0,30,43839.325593,False
0.0,30,43895.309155,False
2.8,30,43960.770109,True
2.6,30,44027.454268,True
2.1,30,44091.913381,True
0.0,30,44157.325026,False
0.2,30,44210.939458,True
2.7,30,44259.076393,True
0.0,30,44308.248358,False
2.3,30,44635.985073,True
2.7,30,44677.106059,True
2.1,30,44722.577005,True
2.9,30,44790.428246,True
0.0,30,44839.871295,False
2.3,30,44892.034029,True
3.0,30,44939.778172,True
2.6,30,44984.985324,True
2.5,30,45025.302762,True
2.8,30,45065.584803,True
0.0,30,45112.709486,False
0.0,30,45158.705002,False
2.6,30,45204.800208,True
2.6,30,45247.711576,True
0.0,30,45296.330023,False
0.0,30,45332.631911,False
0.0,30,45375.172943,False
2.8,30,45419.445604,True
0.0,30,45465.460731,False
0.0,30,45506.313846,False
2.8,30,45554.170051,True
2.8,30,45597.83467,True
0.0,30,45638.541256,False
0.0,30,45679.276112,False
0.0,30,45724.5581,False
0.0,30,45772.831536,False
0.0,30,45822.479281,False
0.0,30,45867.817153,False
0.0,30,45920.915514,False
2.6,30,45966.954276,True
0.0,30,46012.552534,False
0.0,30,46060.675433,False
0.0,30,46102.360562,False
2.7,30,46145.549439,True
2.8,30,46485.80849,True
0.9,30,46528.141888,True
0.0,30,46571.323967,False
0.0,30,46619.959884,False
0.0,30,46669.346361,False
0.0,30,46719.385836,False
0.0,30,46759.261962,False
0.0,30,46804.31842,False
2.1,30,46854.314801,True
2.6,30,46902.031469,True
0.0,30,46949.159431,False
0.0,30,46998.396198,False
0.0,30,47061.533314,False
1.8,30,47112.727557,True
2.1,30,47156.521458,True
0.0,30,47201.262589,False
0.9,30,47248.27499,True
3.0,30,47294.555438,True
0.0,30,47340.704466,False
0.0,30,47390.925989,False
2.7,30,47442.005286,True
2.8,30,47485.733726,True
0.0,30,47537.284654,False
1.4,30,47588.258211,False
0.0,30,47637.036263,False
3.0,30,47687.710433,True
2.8,30,47745.659041,True
0.6,30,47796.340621,False
0.0,30,47837.568107,False
2.2,30,47886.741113,True
0.0,30,47937.855379,False
0.0,30,47985.582103,False
0.0,30,48031.716017,False
2.6,30,48079.330637,True
2.7,30,48371.683111,True
0.0,30,48424.662618,False
0.0,30,48467.248927,False
0.0,30,48515.187258,False
2.8,30,48562.57953,True
2.4,30,48604.606981,True
2.4,30,48659.413261,True
0.0,30,48698.738875,False
2.8,30,48748.693362,True
0.0,30,48795.991911,False
0.3,30,48851.885086,True
0.0,30,48898.797838,False
2.1,30,48949.110713,True
0.0,30,49007.286566,False
0.0,30,49050.744072,False
0.0,30,49099.002102,False
0.0,30,49139.456002,False
0.0,30,49182.134668,False
2.6,30,49223.768165,True
0.0,30,49279.272989,False
0.0,30,49325.108039,False
0.0,30,49367.444323,False
2.4,30,49446.815483,True
0.0,30,49497.096981,False
0.0,30,49540.633934,False
2.8,30,49585.420519,True
0.3,30,49632.499761,False
0.0,30,49680.176795,False
2.8,30,49733.148155,True
0.0,30,49788.357511,False
2.6,30,49835.92523,True
0.7,30,49887.376697,True
2.9,30,49937.443559,True
0.0,30,49985.13869,False
0.0,30,50308.913727,False
0.0,30,50357.072932,False
2.3,30,50400.842669,True
0.0,30,50448.946325,False
3.0,30,50494.822881,True
0.0,30,50544.581127,False
0.0,30,50599.946921,False
0.0,30,50653.130097,False
0.0,30,50697.863376,False
2.6,30,50738.339733,True
2.6,30,50788.5264,True
0.0,30,50836.723102,False
2.5,30,50882.17733,True
2.0,30,50926.040714,True
0.8,30,50973.896271,False
0.0,30,51024.984188,False
0.0,30,51071.926788,False
0.0,30,51118.703832,False
0.0,30,51168.318374,False
0.0,30,51212.377737,False
0.0,30,51256.885268,False
0.0,30,51305.881203,False
0.0,30,51353.328323,False
3.0,30,51397.224142,True
2.3,30,51437.452146,True
0.0,30,51485.043363,False
1.9,30,51529.260809,True
0.0,30,51571.612553,False
0.0,30,51615.02177,False
0.3,30,51655.502716,False
0.0,30,51702.417058,False
3.0,30,51749.189419,True
0.0,30,51799.35265,False
0.6,30,51847.414333,False
2.7,30,51894.977175,True
0.6,30,52194.703186,False
0.0,30,52236.930691,False
2.7,30,52281.331878,True
2.7,30,52329.648648,True
0.0,30,52377.751247,False
0.0,30,52416.196462,False
0.0,30,52466.562008,False
0.0,30,52526.545055,False
1.9,30,52571.793726,True
2.6,30,52618.638589,True
0.0,30,52662.650507,False
0.0,30,52707.479645,False
0.0,30,52754.492734,False
2.6,30,52802.130773,True
2.8,30,52846.041121,True
0.0,30,52890.002783,False
2.1,30,52937.165981,True
2.6,30,52985.270189,True
2.9,30,53035.345535,True
0.0,30,53078.444,False
0.0,30,53116.63691,False
0.0,30,53162.455005,False
2.4,30,53206.964637,True
0.0,30,53258.122178,False
0.0,30,53305.806577,False
0.0,30,53352.918767,False
0.0,30,53400.207805,False
2.7,30,53445.832989,True
0.0,30,53487.575446,False
2.1,30,53527.763171,True
0.0,30,53576.898445,False
0.0,30,53620.988712,False
2.4,30,53663.927185,True
0.0,30,53706.967082,False
2.8,30,54036.785244,True
2.3,30,54090.83927,True
2.7,30,54135.337513,True
2.4,30,54177.784753,True
2.6,30,54225.898454,True
0.0,30,54273.520982,False
2.7,30,54319.603152,True
2.6,30,54361.910637,True
0.0,30,54406.90366,False
0.0,30,54455.113672,False
2.8,30,54499.236927,True
0.0,30,54543.981927,False
0.0,30,54589.835799,False
2.8,30,54638.183701,True
0.0,30,54685.223373,False
0.0,30,54734.075334,False
0.0,30,54775.581877,False
2.9,30,54826.130289,True
0.0,30,54875.852018,False
1.9,30,54920.75516,True
0.0,30,54971.03125,False
0.0,30,55020.504309,False
2.8,30,55071.457002,True
2.6,30,55114.562788,True
0.0,30,55171.888092,False
2.6,30,55217.538161,True
0.0,30,55268.925329,False
2.6,30,55318.459635,True
2.6,30,55359.359582,True
2.8,30,55405.937015,True
0.8,30,55452.88004,True
0.0,30,55507.410424,False
0.0,30,55552.049454,False
2.3,30,55599.715713,True
0.0,30,55914.228124,False
0.0,30,55963.457404,False
0.0,30,56013.549038,False
2.8,30,56057.030596,True
2.6,30,56105.25703,True
0.0,30,56151.34509,False
0.0,30,56193.849032,False
3.0,30,56241.890664,True
0.0,30,56289.35951,False
0.0,30,56332.909122,False
1.3,30,56383.078996,False
0.7,30,56427.178193,False
2.9,30,56473.670202,True
0.0,30,56515.935146,False
0.0,30,56567.91782,False
2.8,30,56607.751152,True
2.7,30,56654.476657,True
2.9,30,56703.489808,True
0.0,30,56752.127928,False
0.0,30,56796.516136,False
1.9,30,56841.974885,False
0.0,30,56893.476693,False
2.4,30,56933.511519,True
0.3,30,56982.054543,True
2.1,30,57031.109384,True
0.0,30,57075.887326,False
0.0,30,57118.400532,False
0.0,30,57160.490396,False
2.8,30,57203.479993,True
2.7,30,57249.157903,True
0.0,30,57298.54696,False
0.0,30,57345.629084,False
1.7,30,57390.916793,True
0.0,30,57448.516528,False
0.0,30,57738.221427,False
0.0,30,57782.029714,False
0.0,30,57832.616603,False
0.0,30,57876.014264,False
2.7,30,57924.550627,True
2.7,30,57970.774908,True
0.0,30,58023.430491,False
2.7,30,58075.515793,True
2.5,30,58126.68678,True
2.9,30,58184.175478,True
0.0,30,58248.312234,False
0.0,30,58296.530491,False
2.8,30,58338.865333,True
0.0,30,58380.101622,False
2.5,30,58445.564357,True
2.5,30,58490.777939,True
2.9,30,58541.277792,True
3.0,30,58587.269224,True
2.1,30,58630.444779,True
0.8,30,58671.006634,True
2.6,30,58727.876894,True
0.9,30,58773.80973,True
2.4,30,58816.071011,True
0.0,30,58862.891461,False
0.0,30,58909.243663,False
2.8,30,58959.719079,True
2.9,30,59003.495253,True
2.0,30,59052.514796,True
0.0,30,59095.293258,False
2.5,30,59135.649167,True
1.8,30,59178.476591,True
2.8,30,59219.990528,True
0.0,30,59264.563731,False
2.8,30,59314.919631,True
2.4,30,59595.190311,True
3.0,30,59639.968354,True
2.7,30,59687.000813,True
2.6,30,59737.969944,True
0.0,30,59780.914353,False
0.0,30,59816.699833,False
2.6,30,59859.707589,True
0.0,30,59903.305471,False
0.0,30,59947.389448,False
2.8,30,59995.648244,True
0.0,30,60053.645661,False
0.0,30,60099.927103,False
0.0,30,60144.964807,False
0.0,30,60191.139201,False
2.7,30,60234.69127,True
2.7,30,60289.286009,True
2.8,30,60333.034807,True
0.0,30,60390.585522,False
0.0,30,60440.682457,False
2.2,30,60491.503257,True
2.9,30,60537.692477,True
0.0,30,60586.262627,False
0.0,30,60638.427162,False
0.0,30,60687.292245,False
0.0,30,60735.373365,False
0.8,30,60786.348972,True
0.0,30,60833.017395,False
2.7,30,60879.231459,True
2.4,30,60924.011282,True
0.0,30,60971.182568,False
0.0,30,61012.692511,False
0.0,30,61060.808074,False
2.1,30,61107.016113,True
0.0,30,61165.851743,False
0.0,30,61469.079621,False
1.2,30,61510.715764,True
2.5,30,61561.131087,True
2.3,30,61602.464224,True
2.7,30,61644.878541,True
2.9,30,61683.058624,True
2.8,30,61725.989096,True
1.1,30,61765.45576,True
0.0,30,61812.102626,False
1.7,30,61854.462179,True
2.8,30,61900.214419,True
0.0,30,61943.78211,False
2.7,30,61993.445034,False
0.0,30,62047.299692,False
2.3,30,62093.782531,True
2.4,30,62141.526282,True
0.0,30,62191.731938,False
2.8,30,62241.982394,True
0.0,30,62292.377039,False
0.0,30,62356.452418,False
0.0,30,62403.72551,False
0.0,30,62451.284391,False
1.0,30,62499.847401,False
2.8,30,62546.856239,True
1.8,30,62610.249936,True
2.0,30,62661.642534,False
0.0,30,62706.260971,False
0.0,30,62751.686299,False
0.0,30,62796.121571,False
0.0,30,62843.9955,False
2.7,30,62894.237316,True
2.7,30,62940.083652,True
0.0,30,62987.345704,False
2.8,30,63039.776033,True
2.5,30,63364.234159,True
0.0,30,63413.844502,False
0.0,30,63469.984566,False
0.0,30,63512.442959,False
0.0,30,63557.684647,False
0.0,30,63600.771086,False
2.5,30,63654.233491,True
0.0,30,63701.019308,False
2.7,30,63745.921495,True
0.0,30,63795.227844,False
0.0,30,63838.285297,False
2.6,30,63884.449822,True
2.4,30,63932.108917,True
2.7,30,63978.66425,True
2.6,30,64023.857919,True
2.8,30,64081.960279,True
0.0,30,64130.612358,False
2.8,30,64177.636963,True
0.0,30,64222.876385,False
0.0,30,64265.060132,False
0.0,30,64307.758091,False
0.0,30,64357.489582,False
0.0,30,64402.821091,False
2.6,30,64455.551304,True
2.5,30,64505.224348,True
0.0,30,64551.008592,False
1.1,30,64600.525443,True
0.0,30,64649.706192,False
0.0,30,64692.158879,False
0.0,30,64754.335634,False
0.0,30,64806.520331,False
1.8,30,64846.38056,True
2.7,30,64893.899439,True
1.1,30,64944.473024,False
0.0,30,64999.234444,False
2.6,30,65297.952675,True
0.0,30,65343.125845,False
2.8,30,65387.704022,True
2.4,30,65436.610336,True
2.0,30,65485.586079,True
0.0,30,65528.923978,False
2.8,30,65578.657091,True
0.0,30,65626.999647,False
0.0,30,65672.43037,False
2.2,30,65719.252669,True
0.0,30,65763.743263,False
1.1,30,65810.450343,True
0.0,30,65864.2818,False
1.6,30,65914.032731,True
0.0,30,65965.078161,False
2.9,30,66017.229104,True
2.8,30,66063.067056,True
2.6,30,66105.164418,True
2.6,30,66153.533195,True
0.0,30,66192.49122,False
0.1,30,66242.419083,False
0.0,30,66318.939913,False
1.4,30,66402.749981,True
0.0,30,66456.372585,False
2.9,30,66519.350805,True
0.0,30,66567.632173,False
0.0,30,66609.687193,False
0.0,30,66655.110398,False
0.0,30,66703.58797,False
0.0,30,66761.322686,False
0.0,30,66806.393318,False
0.0,30,66858.862707,False
0.0,30,66909.569019,False
2.3,30,66954.349268,True
1.9,30,67248.630362,True
2.6,30,67297.951617,True
0.0,30,67345.592582,False
0.0,30,67392.847725,False
0.0,30,67436.451307,False
0.0,30,67493.80748,False
2.8,30,67535.850073,True
0.0,30,67582.27124,False
0.0,30,67627.026674,False
0.0,30,67672.338182,False
0.0,30,67718.168632,False
2.9,30,67764.36936,True
0.0,30,67814.936315,False
0.0,30,67859.796059,False
2.7,30,67919.622053,True
0.0,30,67964.861008,False
2.7,30,68013.533993,True
0.0,30,68061.313701,False
2.7,30,68106.700119,True
0.0,30,68150.047527,False
2.7,30,68200.801335,True
0.0,30,68247.704463,False
2.8,30,68290.685999,True
2.8,30,68343.076053,True
2.2,30,68390.802599,True
0.0,30,68435.539167,False
0.0,30,68479.262964,False
0.0,30,68520.409999,False
0.0,30,68560.895634,False
0.0,30,68608.679019,False
0.0,30,68657.056113,False
0.0,30,68703.354907,False
1.7,30,68750.100193,True
1.7,30,68796.406632,True
0.0,30,69125.672301,False
2.6,30,69172.971242,True
2.9,30,69218.528803,True
0.0,30,69266.504874,False
0.2,30,69313.919652,True
0.0,30,69359.598419,False
0.0,30,69407.783426,False
2.2,30,69458.38994,True
2.7,30,69504.768926,True
1.9,30,69547.600278,True
0.0,30,69598.27854,False
0.0,30,69645.804944,False
0.0,30,69692.055285,False
0.4,30,69742.296754,True
0.5,30,69793.823669,False
0.0,30,69837.40322,False
2.9,30,69883.944881,True
0.0,30,69932.300099,False
0.0,30,69977.62907,False
2.2,30,70026.317598,True
2.9,30,70080.615138,True
2.4,30,70125.367598,True
1.7,30,70169.251345,True
0.0,30,70217.172098,False
0.0,30,70265.431067,False
0.0,30,70311.636153,False
0.0,30,70361.245726,False
0.1,30,70416.223737,False
0.0,30,70469.225015,False
0.0,30,70519.218188,False
0.0,30,70564.54359,False
2.7,30,70610.826912,True
0.0,30,70655.3931,False
2.5,30,70708.397022,True
0.0,30,71022.362206,False
2.5,30,71067.060107,True
2.5,30,71121.391886,True
0.0,30,71164.644705,False
2.6,30,71210.615512,True
0.0,30,71263.946492,False
0.0,30,71312.010534,False
3.0,30,71359.099596,True
0.0,30,71404.234883,False
0.0,30,71453.959361,False
0.0,30,71505.849662,False
0.0,30,71549.651685,False
2.5,30,71594.748194,True
2.8,30,71640.973291,True
2.6,30,71693.727378,True
2.8,30,71739.065488,True
2.8,30,71780.239752,True
1.6,30,71827.875988,True
0.0,30,71871.412595,False
2.9,30,71922.755374,True
0.2,30,71970.178779,False
0.0,30,72016.675208,False
2.7,30,72072.716385,True
0.0,30,72122.663269,False
2.7,30,72170.723633,True
2.7,30,72219.630913,True
2.9,30,72287.84754,True
2.3,30,72338.312855,True
0.0,30,72381.578531,False
0.0,30,72432.860907,False
0.0,30,72481.824006,False
1.6,30,72529.329557,True
1.7,30,72580.394301,False
0.0,30,72626.464959,False
0.0,30,72964.50849,False
2.5,30,73013.484744,True
0.0,30,73072.61903,False
0.0,30,73119.517772,False
0.0,30,73166.911443,False
0.0,30,73216.91319,False
0.0,30,73264.357652,False
0.0,30,73314.074627,False
2.2,30,73364.627984,True
2.7,30,73409.35165,True
2.0,30,73456.507374,True
2.7,30,73518.737625,True
2.7,30,73565.917623,True
2.9,30,73622.186266,True
0.0,30,73673.435444,False
2.8,30,73724.202386,True
0.0,30,73772.460428,False
0.0,30,73816.123331,False
0.0,30,73864.823226,False
0.0,30,73913.961529,False
2.3,30,73961.533531,True
0.0,30,74005.304926,False
0.0,30,74063.654576,False
2.2,30,74103.381439,True
0.0,30,74148.610084,False
2.1,30,74196.262063,False
0.0,30,74241.989214,False
0.0,30,74286.830839,False
2.6,30,74334.659903,True
2.5,30,74382.65452,True
2.9,30,74426.841083,True
2.9,30,74476.962974,True
2.6,30,74523.04564,True
3.0,30,74591.687344,True
1.2,30,74920.001369,True
0.0,30,74969.686183,False
2.0,30,75020.327492,True
0.0,30,75069.492622,False
2.8,30,75118.074501,True
2.9,30,75166.151183,True
2.7,30,75209.190466,True
2.4,30,75285.484213,True
0.0,30,75333.429606,False
2.5,30,75378.570809,True
0.0,30,75426.028944,False
0.0,30,75476.859968,False
2.5,30,75525.701895,True
0.0,30,75568.963545,False
3.0,30,75615.30441,True
0.0,30,75658.660931,False
0.0,30,75711.555152,False
0.0,30,75758.957816,False
2.4,30,75813.101865,False
1.8,30,75858.857305,True
2.7,30,75908.589254,True
2.8,30,75956.32005,True
1.0,30,76003.133386,False
1.1,30,76055.036253,True
0.0,30,76102.024165,False
0.0,30,76150.580316,False
0.0,30,76196.415113,False
0.0,30,76240.265496,False
0.0,30,76285.976795,False
2.6,30,76332.475366,True
2.4,30,76383.184274,True
2.8,30,76427.307582,True
0.0,30,76473.104551,False
2.5,30,76522.321775,True
0.0,30,76877.761476,False
2.3,30,76928.412186,True
2.6,30,76981.081964,True
0.0,30,77027.391176,False
0.0,30,77076.880996,False
2.9,30,77127.067378,True
0.0,30,77174.974322,False
2.6,30,77218.525113,True
2.4,30,77267.041963,True
2.6,30,77316.08035,True
2.4,30,77371.866868,True
2.7,30,77425.806738,True
0.0,30,77474.303319,False
0.0,30,77523.826419,False
2.6,30,77574.464439,True
0.0,30,77626.68295,False
2.9,30,77673.107686,True
2.6,30,77719.142524,True
0.0,30,77763.749039,False
0.0,30,77808.379953,False
2.9,30,77856.921884,True
0.0,30,77899.803992,False
2.9,30,77961.040971,True
3.0,30,78013.486337,True
0.0,30,78063.716102,False
0.0,30,78110.20392,False
2.3,30,78156.495109,True
1.5,30,78210.03074,True
0.0,30,78258.715931,False
3.0,30,78307.623494,True
0.9,30,78357.099751,True
2.8,30,78415.63016,True
2.3,30,78466.693912,True
0.0,30,78506.0204,False
0.0,30,78837.695428,False
0.0,30,78883.956328,False
2.4,30,78928.6414,True
0.0,30,78971.040525,False
0.0,30,79016.149296,False
0.0,30,79061.806896,False
2.6,30,79108.446375,True
2.8,30,79160.113842,True
2.6,30,79206.562876,True
2.9,30,79269.239046,True
0.0,30,79318.72015,False
2.4,30,79364.435891,True
2.6,30,79405.760891,True
0.0,30,79452.852788,False
0.0,30,79508.612517,False
2.7,30,79563.353171,True
0.0,30,79612.007248,False
0.0,30,79656.843604,False
2.2,30,79700.078724,True
2.8,30,79746.37123,True
0.0,30,79795.262611,False
0.0,30,79842.855993,False
2.6,30,79887.184373,True
0.0,30,79934.0535,False
2.8,30,79980.793201,True
0.0,30,80023.188676,False
0.0,30,80075.865259,False
0.0,30,80116.768249,False
2.6,30,80176.489288,True
2.8,30,80226.676512,True
0.0,30,80271.559647,False
2.7,30,80320.186256,True
2.2,30,80363.293458,True
2.7,30,80406.455921,True
0.0,30,80452.873876,False
1.4,30,80798.35729,True
0.0,30,80841.104817,False
2.8,30,80890.040086,True
0.0,30,80944.433893,False
0.0,30,80995.537177,False
2.8,30,81038.577989,True
0.0,30,81085.458109,False
0.0,30,81131.600201,False
0.0,30,81182.267431,False
2.7,30,81226.725735,True
0.0,30,81274.152562,False
0.0,30,81319.092953,False
0.0,30,81367.262616,False
0.0,30,81410.460015,False
0.0,30,81461.892039,False
0.0,30,81511.799881,False
0.0,30,81561.184904,False
0.0,30,81609.564071,False
0.0,30,81649.262477,False
2.9,30,81697.041946,True
1.5,30,81746.014066,True
2.7,30,81796.298618,True
2.9,30,81842.500505,True
0.0,30,81890.550706,False
2.7,30,81931.515597,True
2.8,30,81977.162237,True
2.5,30,82023.7271,True
2.5,30,82071.502985,True
0.0,30,82119.009291,False
0.1,30,82167.836115,False
0.0,30,82208.215176,False
0.0,30,82263.156997,False
2.4,30,82309.827638,True
0.0,30,82355.733278,False
2.8,30,82681.738647,True
2.7,30,82729.849242,True
2.9,30,82777.419746,True
2.6,30,82823.116407,True
2.8,30,82874.267795,True
0.0,30,82925.265545,False
0.0,30,82966.693841,False
2.4,30,83007.198928,True
0.0,30,83050.035459,False
0.0,30,83102.328158,False
0.0,30,83151.690451,False
2.6,30,83195.795886,True
0.0,30,83239.500072,False
2.7,30,83285.440976,True
2.7,30,83334.412597,True
2.4,30,83376.284616,True
0.0,30,83419.857642,False
2.2,30,83468.428595,True
2.6,30,83521.547055,True
2.9,30,83571.76001,True
0.0,30,83623.007083,False
2.6,30,83670.543051,True
2.2,30,83718.949204,True
2.8,30,83765.599148,True
1.8,30,83811.547838,True
2.8,30,83860.237656,True
2.4,30,83908.77133,True
0.0,30,83957.214841,False
2.7,30,84002.128282,True
0.0,30,84048.471776,False
0.0,30,84096.449244,False
0.0,30,84140.372931,False
2.8,30,84189.848951,True
0.0,30,84238.867435,False
2.6,30,84554.75686,True
1.3,30,84597.202675,True
0.0,30,84642.144652,False
2.7,30,84702.229821,True
2.6,30,84747.851828,True
1.6,30,84796.210592,True
0.0,30,84839.139039,False
2.9,30,84896.474908,True
2.5,30,84948.026587,True
2.9,30,84996.352114,True
0.0,30,85054.146916,False
0.0,30,85101.917164,False
2.7,30,85148.195327,True
0.0,30,85195.538067,False
1.6,30,85237.882928,True
2.7,30,85283.549331,True
0.0,30,85330.019039,False
0.0,30,85376.121812,False
0.0,30,85435.756911,False
0.0,30,85483.081473,False
0.0,30,85528.053569,False
0.0,30,85572.985927,False
0.0,30,85621.238451,False
0.0,30,85676.073562,False
0.0,30,85720.873722,False
0.0,30,85763.811575,False
2.6,30,85808.471462,True
2.2,30,85854.725576,True
2.6,30,85897.91066,True
2.6,30,85942.976746,True
3.0,30,85989.575315,True
0.0,30,86036.795309,False
2.8,30,86080.705588,True
2.3,30,86127.668932,True
0.0,30,86484.862802,False
0.0,30,86529.400731,False
2.4,30,86576.571594,True
1.3,30,86631.215623,False
0.0,30,86686.385909,False
2.8,30,86735.137408,True
0.0,30,86785.455752,False
0.0,30,86834.035751,False
0.0,30,86886.257171,False
0.0,30,86936.398877,False
0.0,30,86982.440135,False
0.0,30,87031.977557,False
0.0,30,87077.33762,False
0.0,30,87121.123427,False
1.6,30,87170.137829,True
0.0,30,87222.727315,False
2.8,30,87277.67654,True
0.0,30,87320.882657,False
0.0,30,87366.499966,False
2.7,30,87411.288432,True
0.0,30,87455.083559,False
1.4,30,87497.455424,True
0.4,30,87551.008596,True
0.0,30,87595.425466,False
2.7,30,87639.065929,True
0.0,30,87694.243051,False
1.9,30,87749.084291,True
0.0,30,87798.397699,False
0.0,30,87845.319972,False
0.0,30,87890.678631,False
0.0,30,87937.243791,False
2.3,30,87986.160175,True
2.8,30,88033.60134,True
0.0,30,88079.281946,False
1.7,30,88368.301442,True
2.1,30,88412.638227,True
2.8,30,88456.82865,True
0.0,30,88500.94092,False
0.0,30,88542.937335,False
1.9,30,88587.801424,True
0.0,30,88636.20851,False
2.5,30,88692.160175,True
0.0,30,88740.290093,False
2.4,30,88787.634304,True
2.8,30,88834.358071,True
0.0,30,88891.601223,False
3.0,30,88934.447134,True
2.3,30,88985.677038,True
2.5,30,89035.538872,True
2.3,30,89098.173032,True
2.6,30,89148.701742,True
0.0,30,89188.762184,False
2.7,30,89237.256481,True
0.0,30,89293.942842,False
1.3,30,89345.002258,True
2.9,30,89400.890802,True
1.1,30,89453.635077,True
2.1,30,89500.873682,True
2.6,30,89548.217681,True
0.0,30,89596.609261,False
0.0,30,89642.540655,False
2.2,30,89685.825805,True
0.0,30,89732.52617,False
2.9,30,89785.62627,True
0.2,30,89834.685726,False
2.5,30,89879.748794,True
0.0,30,89930.707183,False
0.0,30,89974.035652,False
0.0,30,90289.688091,False
1.6,30,90336.348837,True
2.7,30,90377.139481,True
0.0,30,90420.717613,False
1.8,30,90470.73807,True
1.1,30,90518.944048,True
0.0,30,90563.745929,False
0.0,30,90609.75649,False
2.9,30,90658.952803,True
2.7,30,90705.584854,True
0.0,30,90754.871092,False
2.5,30,90807.697083,True
0.0,30,90858.335755,False
2.2,30,90902.974452,True
0.0,30,90947.595804,False
0.0,30,90995.578711,False
0.0,30,91042.717111,False
2.4,30,91094.960066,True
1.9,30,91137.127215,True
0.0,30,91180.921566,False
0.0,30,91231.852988,False
0.0,30,91278.357299,False
0.0,30,91326.044601,False
1.8,30,91364.561589,True
0.0,30,91411.062899,False
2.4,30,91459.80724,True
2.6,30,91506.837229,True
0.0,30,91550.410199,False
1.3,30,91594.984445,True
2.7,30,91636.789139,True
2.5,30,91680.542626,True
2.8,30,91726.838189,True
0.0,30,91774.637342,False
2.8,30,91822.175614,True
0.0,30,92165.594295,False
2.5,30,92207.468359,True
0.0,30,92248.533931,False
2.7,30,92295.850232,True
1.8,30,92347.419756,False
0.0,30,92403.720689,False
0.0,30,92450.900292,False
0.0,30,92496.583061,False
0.0,30,92541.092147,False
2.4,30,92589.733099,True
2.7,30,92633.687381,True
2.9,30,92678.428647,True
2.2,30,92722.294569,True
0.0,30,92768.840454,False
1.5,30,92813.134284,True
0.0,30,92859.677869,False
2.8,30,92909.913889,True
0.0,30,92956.523178,False
0.0,30,93004.514529,False
1.5,30,93046.891465,True
0.0,30,93108.891806,False
0.0,30,93160.998623,False
2.6,30,93209.439778,True
2.8,30,93251.163207,True
0.0,30,93297.758062,False
0.0,30,93342.190232,False
1.6,30,93390.666476,True
2.7,30,93429.666916,True
0.0,30,93477.413249,False
2.9,30,93526.340943,True
2.4,30,93578.856245,True
2.8,30,93623.491408,True
0.0,30,93663.413753,False
0.0,30,93708.613824,False
2.0,30,93759.897026,True
2.6,30,94102.831812,True
0.0,30,94157.029937,False
2.2,30,94209.166014,True
2.5,30,94255.343674,True
3.0,30,94312.141801,True
0.0,30,94351.140339,False
0.0,30,94405.644346,False
0.0,30,94454.727354,False
0.0,30,94501.571594,False
0.0,30,94548.529317,False
0.0,30,94597.944785,False
0.0,30,94651.885079,False
0.0,30,94698.313736,False
0.0,30,94745.952564,False
1.3,30,94797.487669,True
1.9,30,94852.897134,True
0.0,30,94899.149582,False
0.0,30,94949.029331,False
2.8,30,94998.921527,True
0.0,30,95051.094157,False
2.3,30,95095.222645,True
0.0,30,95150.267844,False
0.0,30,95198.411983,False
0.0,30,95241.911675,False
0.0,30,95286.055191,False
2.6,30,95337.57007,True
2.9,30,95381.229077,True
0.0,30,95429.72612,False
2.3,30,95477.111699,True
1.5,30,95525.076492,True
2.8,30,95567.382431,True
2.9,30,95613.541033,True
0.0,30,95668.045941,False
2.6,30,95715.917315,True
0.0,30,96043.991815,False
1.1,30,96095.121065,True
2.7,30,96139.928868,True
3.0,30,96189.18862,True
0.0,30,96238.56555,False
0.0,30,96281.520598,False
1.9,30,96329.132801,True
0.0,30,96375.458207,False
2.0,30,96421.663695,True
0.0,30,96469.036044,False
0.0,30,96514.056942,False
2.3,30,96557.532323,True
0.0,30,96599.638735,False
2.8,30,96645.785145,True
0.0,30,96695.484212,False
1.8,30,96741.914165,True
0.0,30,96800.369017,False
2.5,30,96850.326477,True
2.3,30,96898.44519,True
1.1,30,96938.784029,True
2.5,30,96984.490396,True
2.6,30,97031.326926,True
2.8,30,97076.389874,True
0.0,30,97125.335508,False
2.8,30,97171.862931,True
3.0,30,97221.352283,True
0.4,30,97269.410388,False
0.0,30,97315.715595,False
2.6,30,97361.443988,True
0.0,30,97431.755035,False
2.1,30,97478.649969,True
0.0,30,97529.449435,False
0.0,30,97577.109552,False
2.5,30,97624.928327,True
0.0,30,97956.062119,False
2.6,30,97997.725768,True
0.0,30,98042.287063,False
2.3,30,98088.206698,True
0.0,30,98135.389548,False
0.0,30,98184.047918,False
2.1,30,98232.096027,True
2.7,30,98277.318474,True
2.7,30,98320.633938,True
0.0,30,98366.442279,False
3.0,30,98415.429577,True
2.8,30,98463.206344,True
0.0,30,98517.049611,False
3.0,30,98567.222295,True
0.0,30,98611.015762,False
0.0,30,98655.364728,False
0.6,30,98705.935157,True
0.0,30,98751.11905,False
0.0,30,98795.566532,False
0.0,30,98840.058573,False
3.0,30,98884.459013,True
0.3,30,98942.531812,True
2.3,30,99013.689574,True
0.0,30,99062.602875,False
2.0,30,99116.381768,True
0.0,30,99164.433817,False
2.2,30,99216.82843,True
2.3,30,99266.588852,True
1.6,30,99319.488535,True
0.0,30,99366.026023,False
2.9,30,99414.859318,True
0.0,30,99465.684092,False
0.0,30,99526.17101,False
0.0,30,99570.217834,False
0.0,30,99919.246711,False
2.8,30,99967.570807,True
0.0,30,100014.46549,False
2.5,30,100066.13013,True
3.0,30,100105.979303,True
0.0,30,100156.942042,False
0.0,30,100202.912734,False
0.0,30,100249.979633,False
0.0,30,100295.166885,False
0.0,30,100345.561735,False
2.6,30,100392.178995,True
2.5,30,100437.55311,True
2.7,30,100487.662712,True
2.7,30,100540.037628,True
2.1,30,100583.316162,True
2.3,30,100626.304833,True
2.0,30,100677.938328,True
2.4,30,100723.033318,True
0.0,30,100779.791885,False
2.5,30,100838.338351,True
1.2,30,100889.085772,True
0.0,30,100940.21929,False
0.0,30,100987.974383,False
0.0,30,101034.12818,False
0.0,30,101080.180946,False
0.0,30,101125.000235,False
0.0,30,101175.064315,False
2.7,30,101225.734326,True
0.0,30,101272.470707,False
2.4,30,101321.86114,True
0.0,30,101375.113332,False
2.8,30,101419.992645,True
3.0,30,101470.321227,True
1.4,30,101525.31505,True
0.0,30,101860.653581,False
0.0,30,101912.019803,False
0.0,30,101956.42494,False
2.5,30,102008.850798,True
0.0,30,102053.856802,False
0.0,30,102111.097467,False
2.3,30,102153.17672,True
0.0,30,102205.796525,False
0.0,30,102249.980394,False
2.5,30,102295.573341,True
2.9,30,102345.125736,True
2.9,30,102388.076058,True
2.8,30,102435.666581,True
3.0,30,102482.822836,True
0.0,30,102531.597617,False
2.8,30,102576.741692,True
0.0,30,102627.379411,False
0.0,30,102671.550484,False
2.6,30,102724.954951,True
0.0,30,102773.145941,False
0.0,30,102818.468955,False
2.6,30,102866.210433,True
2.4,30,102913.334392,True
2.9,30,102968.075854,True
2.9,30,103019.117643,True
0.8,30,103065.963127,False
0.0,30,103118.305108,False
2.8,30,103166.048885,True
2.8,30,103207.989923,True
0.0,30,103261.853414,False
0.0,30,103300.912523,False
3.0,30,103344.559258,True
2.7,30,103396.545975,True
0.0,30,103437.938096,False
0.0,30,103792.029477,False
3.0,30,103834.948639,True
3.0,30,103884.47884,True
3.0,30,103930.024801,True
2.7,30,103976.807997,True
0.0,30,104026.297031,False
0.0,30,104069.7407,False
0.0,30,104118.254856,False
0.0,30,104167.684312,False
0.0,30,104216.034331,False
0.0,30,104262.292961,False
2.7,30,104327.76072,True
2.7,30,104374.648604,True
0.0,30,104420.024449,False
0.0,30,104466.855797,False
0.0,30,104513.554991,False
3.0,30,104562.673779,True
2.7,30,104609.279991,True
0.0,30,104655.099344,False
0.0,30,104704.881244,False
2.9,30,104754.051906,True
0.0,30,104804.598005,False
0.0,30,104851.607317,False
2.6,30,104897.028076,True
0.0,30,104949.314483,False
2.6,30,104995.950838,True
0.0,30,105049.674078,False
2.7,30,105095.28356,True
0.0,30,105143.192002,False
0.0,30,105195.237269,False
0.0,30,105246.372298,False
2.4,30,105291.843511,True
0.0,30,105334.332568,False
2.7,30,105383.801797,True
2.8,30,105711.05066,True
2.8,30,105765.799612,True
1.1,30,105812.480365,True
0.0,30,105859.037733,False
1.8,30,105908.593229,False
0.0,30,105957.04386,False
2.6,30,106003.658849,True
0.0,30,106049.208425,False
0.0,30,106097.034976,False
2.9,30,106147.884344,True
2.2,30,106188.423377,True
0.0,30,106232.512975,False
0.0,30,106282.247643,False
2.4,30,106323.840491,True
2.6,30,106369.465876,True
0.0,30,106415.949995,False
2.6,30,106460.649953,True
0.0,30,106509.340796,False
2.6,30,106554.601301,True
0.0,30,106605.565379,False
2.8,30,106648.598759,True
2.2,30,106711.132722,True
0.0,30,106754.58671,False
2.5,30,106801.167249,True
0.0,30,106848.08014,False
0.0,30,106897.14325,False
0.0,30,106942.17736,False
0.0,30,106991.285138,False
2.7,30,107042.141175,True
0.0,30,107086.549206,False
0.0,30,107131.072985,False
2.5,30,107182.83819,True
0.0,30,107229.445166,False
0.0,30,107270.267942,False
2.7,30,107574.225584,True
0.0,30,107620.809179,False
0.0,30,107671.085579,False
0.0,30,107721.96057,False
3.0,30,107765.990296,True
1.1,30,107810.428929,True
0.0,30,107862.958578,False
0.0,30,107910.790748,False
2.8,30,107953.955897,True
2.6,30,108002.31984,True
0.0,30,108047.606061,False
0.0,30,108094.835777,False
0.0,30,108140.63522,False
0.5,30,108183.947201,False
1.9,30,108227.60679,True
0.0,30,108274.824387,False
0.0,30,108322.213727,False
2.2,30,108369.357702,True
3.0,30,108418.038328,True
3.0,30,108461.710811,True
2.5,30,108512.366276,True
2.8,30,108558.267565,True
2.4,30,108605.012076,True
1.3,30,108649.412396,False
0.0,30,108696.20516,False
0.0,30,108740.544856,False
0.0,30,108791.278039,False
0.0,30,108838.839163,False
0.0,30,108893.727145,False
2.8,30,108943.839454,True
3.0,30,108992.895072,True
0.0,30,109033.847971,False
0.0,30,109075.810339,False
0.0,30,109123.86026,False
1.8,30,109172.02593,False
0.0,30,109490.598204,False
2.6,30,109538.241579,True
1.0,30,109579.233661,True
0.0,30,109632.104039,False
2.6,30,109678.379843,True
2.3,30,109729.21553,True
0.0,30,109781.627184,False
2.6,30,109839.613479,True
0.0,30,109886.76089,False
1.7,30,109937.428866,True
0.0,30,109986.141825,False
0.0,30,110038.422104,False
0.0,30,110082.366031,False
0.0,30,110128.2244,False
0.0,30,110184.138794,False
0.0,30,110232.787682,False
0.0,30,110277.533461,False
0.0,30,110325.069229,False
3.0,30,110369.24164,True
0.0,30,110415.550222,False
2.2,30,110463.037565,True
0.0,30,110503.735057,False
0.0,30,110547.099566,False
0.0,30,110596.358201,False
0.0,30,110640.066231,False
0.0,30,110686.434156,False
0.0,30,110740.81225,False
2.2,30,110789.944567,True
0.0,30,110837.997435,False
0.0,30,110887.526854,False
0.0,30,110932.281045,False
0.0,30,110989.727384,False
2.8,30,111038.204672,True
0.0,30,111088.050548,False
0.0,30,111434.085452,False
2.9,30,111485.360016,True
2.5,30,111529.687961,True
0.0,30,111574.061964,False
0.0,30,111618.52537,False
2.1,30,111661.428062,True
2.7,30,111704.727259,True
0.0,30,111752.034243,False
1.9,30,111798.146583,True
0.0,30,111837.478906,False
2.8,30,111887.241626,True
2.2,30,111932.690521,True
2.4,30,111980.237631,True
2.7,30,112024.57614,True
0.0,30,112069.063315,False
2.5,30,112122.762045,True
0.0,30,112166.471537,False
2.7,30,112216.063419,True
0.0,30,112262.503206,False
0.0,30,112304.120317,False
2.6,30,112350.911127,True
0.0,30,112395.693619,False
2.8,30,112443.222169,True
0.0,30,112488.344963,False
0.0,30,112533.000945,False
0.0,30,112583.095032,False
2.4,30,112629.368296,True
0.0,30,112679.168341,False
2.7,30,112727.407933,True
0.0,30,112776.872693,False
0.0,30,112818.874236,False
0.0,30,112859.360769,False
0.0,30,112905.881802,False
2.8,30,112952.732509,True
0.0,30,113290.149991,False
2.8,30,113337.177524,True
1.8,30,113386.950709,False
2.8,30,113433.925866,True
2.6,30,113482.189037,True
3.0,30,113526.058167,True
0.0,30,113576.811732,False
0.0,30,113622.109428,False
0.0,30,113669.923853,False
2.7,30,113716.549869,True
2.8,30,113766.759264,True
0.0,30,113818.26942,False
0.0,30,113863.239778,False
0.0,30,113912.213807,False
3.0,30,113962.651573,True
1.1,30,114015.934203,False
0.0,30,114065.896714,False
0.0,30,114112.829532,False
2.3,30,114157.035586,True
2.9,30,114204.007664,True
2.8,30,114257.715901,True
2.2,30,114306.030643,True
0.0,30,114355.023586,False
0.0,30,114403.101442,False
1.9,30,114451.923067,True
2.5,30,114497.713508,True
0.0,30,114545.769763,False
0.0,30,114595.648302,False
1.4,30,114645.267697,True
0.0,30,114700.319104,False
2.9,30,114749.030001,True
0.0,30,114803.175048,False
1.9,30,114854.439241,True
2.8,30,114903.890888,True
1.7,30,115214.55658,True
0.0,30,115266.083074,False
0.0,30,115310.726674,False
2.8,30,115356.031897,True
2.8,30,115404.17188,True
2.3,30,115450.46944,True
0.0,30,115499.68799,False
1.5,30,115543.538576,True
2.8,30,115592.057172,True
2.5,30,115641.05879,True
2.3,30,115687.632762,True
2.4,30,115737.572782,True
0.0,30,115784.770966,False
2.9,30,115832.626031,True
2.6,30,115880.879684,True
0.0,30,115926.019971,False
2.8,30,115983.723097,True
2.9,30,116032.583653,True
0.0,30,116084.133091,False
2.3,30,116129.907779,True
0.0,30,116177.689634,False
2.5,30,116228.967026,True
0.0,30,116273.277837,False
0.0,30,116320.261561,False
0.0,30,116366.204816,False
3.0,30,116415.107541,True
0.0,30,116462.072768,False
2.3,30,116505.140858,True
2.8,30,116550.298634,True
2.8,30,116597.957312,True
0.0,30,116648.431064,False
3.0,30,116694.282964,True
2.7,30,116746.108868,True
0.2,30,116788.918988,True
2.9,30,117120.558697,True
2.8,30,117170.346317,True
0.0,30,117217.309178,False
0.0,30,117272.404013,False
0.0,30,117319.650303,False
0.3,30,117372.785079,True
2.2,30,117419.473511,True
0.0,30,117466.280742,False
2.8,30,117516.965745,True
2.3,30,117569.718765,True
2.7,30,117646.167216,True
3.0,30,117690.580245,True
0.0,30,117758.971997,False
2.6,30,117806.441463,True
2.3,30,117854.840023,True
0.0,30,117900.370936,False
0.0,30,117946.233607,False
0.0,30,117994.334709,False
2.0,30,118042.466728,True
0.0,30,118094.991949,False
1.9,30,118150.800044,True
0.0,30,118202.809608,False
3.0,30,118250.843051,True
2.3,30,118298.018017,True
1.4,30,118349.633425,False
0.0,30,118402.478423,False
2.3,30,118446.627074,True
0.0,30,118492.884338,False
2.8,30,118548.846678,True
0.0,30,118596.617712,False
0.0,30,118642.011079,False
0.0,30,118686.433329,False
2.5,30,118732.491506,True
3.0,30,118782.359262,True
3.0,30,119141.510303,True
2.5,30,119186.708091,True
2.8,30,119234.529017,True
2.7,30,119285.666157,True
2.8,30,119332.620897,True
0.0,30,119380.414876,False
0.0,30,119424.828482,False
2.6,30,119469.932908,True
2.2,30,119518.45267,True
0.0,30,119563.920945,False
0.0,30,119604.971692,False
2.5,30,119649.175213,True
2.7,30,119697.774913,True
1.8,30,119745.686387,True
2.8,30,119794.033969,True
2.5,30,119852.369717,True
2.2,30,119903.67025,True
0.0,30,119952.200753,False
0.0,30,119998.979448,False
0.0,30,120049.44028,False
0.0,30,120097.33037,False
0.0,30,120145.540965,False
0.0,30,120191.482124,False
0.8,30,120245.803023,True
1.5,30,120292.658042,True
0.0,30,120342.57273,False
2.9,30,120389.731903,True
0.0,30,120437.039383,False
0.0,30,120479.319967,False
0.0,30,120525.884201,False
0.0,30,120574.323111,False
0.0,30,120616.281989,False
2.6,30,120662.162356,True
2.6,30,120709.064915,True
0.0,30,121048.037841,False
0.0,30,121095.082284,False
0.0,30,121142.383167,False
0.0,30,121190.291491,False
2.4,30,121237.133159,True
0.0,30,121299.759492,False
0.0,30,121347.305865,False
2.5,30,121404.33897,True
0.0,30,121450.815735,False
1.3,30,121504.896513,True
0.0,30,121554.878096,False
0.0,30,121601.116244,False
0.0,30,121648.858606,False
2.4,30,121691.651791,True
1.7,30,121737.754112,True
2.3,30,121784.744601,True
0.0,30,121835.450974,False
0.0,30,121893.326238,False
0.0,30,121943.123015,False
0.0,30,121991.904115,False
0.0,30,122044.301831,False
0.0,30,122086.852426,False
2.7,30,122135.156019,True
0.0,30,122183.682187,False
0.0,30,122235.077769,False
2.6,30,122280.145439,True
2.5,30,122325.55563,True
0.0,30,122375.963111,False
0.0,30,122423.660623,False
1.7,30,122473.948185,True
0.0,30,122534.360592,False
0.0,30,122582.134919,False
0.0,30,122625.40449,False
0.0,30,122674.974037,False
2.4,30,122718.596045,True
0.0,30,123051.502677,False
0.0,30,123099.929925,False
2.5,30,123147.372681,True
2.8,30,123195.402335,True
2.8,30,123241.858023,True
0.0,30,123285.772029,False
0.0,30,123335.8982,False
2.7,30,123384.424274,True
0.0,30,123436.558979,False
0.0,30,123487.760274,False
0.0,30,123537.969136,False
0.0,30,123584.037689,False
0.0,30,123630.088361,False
2.4,30,123677.156621,True
2.9,30,123721.085976,True
2.8,30,123764.793127,True
0.0,30,123815.255856,False
0.0,30,123860.720043,False
2.3,30,123905.970654,True
2.7,30,123951.097994,True
2.5,30,124004.763752,True
0.0,30,124054.383668,False
0.0,30,124099.795759,False
0.6,30,124149.241927,True
0.0,30,124197.356304,False
1.9,30,124246.510193,True
0.0,30,124296.904459,False
2.5,30,124345.139228,True
0.0,30,124390.453842,False
2.0,30,124440.169464,True
2.8,30,124485.187143,True
3.0,30,124536.812537,True
2.7,30,124591.702024,True
0.0,30,124640.608998,False
0.0,30,124975.188838,False
2.8,30,125017.614823,True
3.0,30,125069.71949,True
2.0,30,125122.432535,True
0.0,30,125172.223978,False
0.9,30,125219.755738,True
0.0,30,125279.207561,False
0.0,30,125324.667616,False
2.8,30,125369.911562,True
0.0,30,125418.384546,False
0.0,30,125470.574435,False
0.0,30,125518.700449,False
0.0,30,125574.588298,False
2.4,30,125624.404097,True
0.0,30,125671.412751,False
0.0,30,125726.52671,False
0.0,30,125778.069393,False
0.0,30,125827.848838,False
0.0,30,125877.80854,False
2.4,30,125927.213487,True
0.0,30,125976.058082,False
3.0,30,126020.374881,True
0.0,30,126066.89768,False
2.6,30,126112.564634,True
0.0,30,126160.386311,False
2.4,30,126209.570875,True
0.0,30,126261.67498,False
0.0,30,126308.740799,False
3.0,30,126359.083839,True
2.9,30,126414.066756,True
0.1,30,126475.991998,False
2.7,30,126539.7779,True
0.0,30,126589.054734,False
2.9,30,126632.499117,True
2.6,30,126971.963003,True
0.0,30,127019.318899,False
0.0,30,127070.41326,False
2.6,30,127115.683841,True
0.0,30,127159.975083,False
0.0,30,127206.171278,False
2.6,30,127254.275632,True
0.0,30,127303.095802,False
1.7,30,127348.856407,True
2.1,30,127400.690562,True
0.0,30,127446.53774,False
0.0,30,127491.404625,False
2.8,30,127541.824208,True
2.6,30,127592.770947,True
1.3,30,127636.131686,True
0.0,30,127680.309075,False
2.8,30,127723.924682,True
0.0,30,127764.945573,False
0.7,30,127807.02875,True
0.0,30,127870.308852,False
0.0,30,127922.13228,False
0.0,30,127966.955466,False
0.0,30,128011.335481,False
0.0,30,128061.866569,False
0.0,30,128109.238752,False
2.8,30,128151.479156,True
0.0,30,128193.579842,False
2.6,30,128240.915415,True
2.4,30,128291.09361,True
0.0,30,128339.536674,False
0.0,30,128396.736437,False
2.8,30,128447.459935,True
0.0,30,128493.496414,False
2.9,30,128549.223392,True
0.0,30,128907.261795,False
2.7,30,128952.840611,True
2.0,30,128996.812354,True
0.0,30,129038.315597,False
2.7,30,129081.539256,True
2.8,30,129124.744524,True
0.0,30,129168.671195,False
0.0,30,129218.676349,False
2.9,30,129264.775009,True
2.7,30,129312.56846,True
2.5,30,129356.050137,True
2.4,30,129407.961329,True
0.0,30,129455.805754,False
0.0,30,129503.534286,False
2.2,30,129551.916511,True
0.0,30,129599.46608,False
2.8,30,129644.525595,True
2.5,30,129696.436167,True
0.0,30,129745.969328,False
0.0,30,129796.780483,False
1.7,30,129842.422105,True
0.0,30,129892.789715,False
2.6,30,129943.84685,True
2.4,30,129989.429406,True
2.1,30,130036.444627,True
0.0,30,130087.937165,False
0.0,30,130133.909803,False
1.9,30,130174.391149,True
2.1,30,130222.740149,False
0.8,30,130273.201377,True
0.0,30,130318.873379,False
2.7,30,130368.332052,True
0.0,30,130416.851952,False
2.8,30,130468.515131,True
0.0,30,130800.727401,False
0.0,30,130848.402997,False
2.7,30,130904.174295,True
2.5,30,130957.033163,True
0.0,30,130999.019234,False
2.6,30,131045.468185,True
2.7,30,131093.118666,True
0.0,30,131142.253214,False
2.4,30,131192.253901,True
2.8,30,131243.830069,True
0.0,30,131297.17659,False
0.0,30,131340.867378,False
2.6,30,131389.745789,True
1.3,30,131434.950455,True
0.0,30,131481.12816,False
0.0,30,131529.590362,False
3.0,30,131575.334867,True
0.0,30,131620.783168,False
2.9,30,131667.596823,True
0.0,30,131713.773005,False
0.0,30,131757.606401,False
0.0,30,131817.441165,False
0.0,30,131863.15291,False
2.6,30,131906.368143,True
0.0,30,131951.078411,False
2.3,30,132001.157288,True
0.0,30,132051.189512,False
0.0,30,132105.182243,False
0.0,30,132155.621078,False
0.0,30,132200.445907,False
0.0,30,132252.422974,False
2.6,30,132293.897884,True
0.0,30,132341.158797,False
0.0,30,132388.847619,False
2.7,30,132746.212906,True
0.0,30,132790.317382,False
2.7,30,132838.70803,True
2.9,30,132888.110458,True
2.5,30,132935.62382,True
0.0,30,132990.258501,False
0.0,30,133040.565463,False
0.0,30,133087.317408,False
2.9,30,133132.222333,True
2.8,30,133173.661173,True
0.0,30,133226.783798,False
2.3,30,133273.610951,True
0.0,30,133321.204174,False
2.8,30,133362.136194,True
2.8,30,133408.288578,True
0.0,30,133453.102065,False
2.8,30,133497.26301,True
0.0,30,133554.965024,False
0.0,30,133602.29077,False
2.5,30,133653.073774,True
2.6,30,133698.357423,True
0.0,30,133747.01056,False
0.0,30,133797.017061,False
2.1,30,133843.022038,True
0.0,30,133890.619721,False
2.2,30,133942.395511,True
2.4,30,133988.519442,True
2.0,30,134035.821491,True
0.2,30,134089.197115,True
0.0,30,134139.438056,False
0.0,30,134185.598081,False
2.2,30,134232.982287,True
0.0,30,134280.789146,False
0.0,30,134340.113152,False
0.0,30,134674.861872,False
2.6,30,134721.360965,True
0.0,30,134771.016321,False
0.0,30,134815.370514,False
3.0,30,134866.2931,True
0.0,30,134918.185816,False
1.6,30,134968.359706,True
0.0,30,135014.163191,False
0.0,30,135057.292128,False
0.0,30,135105.16063,False
2.7,30,135151.827324,True
0.0,30,135201.578825,False
0.0,30,135250.27157,False
2.8,30,135298.362827,True
0.0,30,135341.017321,False
0.0,30,135391.106887,False
0.0,30,135438.603333,False
0.0,30,135484.116913,False
0.0,30,135532.891404,False
0.0,30,135580.319672,False
0.0,30,135625.047425,False
0.0,30,135675.940233,False
0.0,30,135725.486799,False
2.9,30,135775.470915,True
2.8,30,135827.36856,True
0.0,30,135884.938595,False
1.3,30,135934.245039,True
0.0,30,135980.348906,False
2.9,30,136023.990053,True
0.0,30,136069.030108,False
0.0,30,136116.263369,False
2.7,30,136161.098985,True
2.8,30,136212.616953,True
0.0,30,136262.14229,False
1.7,30,136575.656088,True
2.9,30,136625.192853,True
2.8,30,136673.676477,True
0.0,30,136719.935349,False
2.8,30,136765.201677,True
2.1,30,136813.449021,True
2.7,30,136868.773597,True
0.0,30,136912.063112,False
2.8,30,136959.867832,True
0.0,30,137001.440666,False
0.0,30,137048.132306,False
0.0,30,137102.17626,False
0.0,30,137155.032767,False
0.0,30,137200.941365,False
0.0,30,137243.256738,False
2.7,30,137293.83034,True
1.8,30,137341.838149,True
0.0,30,137389.793282,False
2.5,30,137435.841224,True
0.0,30,137482.867386,False
0.0,30,137534.660034,False
2.8,30,137587.495309,True
2.7,30,137635.208806,True
0.0,30,137688.216631,False
0.0,30,137733.308681,False
0.0,30,137779.437548,False
0.0,30,137825.810321,False
2.8,30,137874.144177,True
0.0,30,137925.260869,False
0.5,30,137981.210974,False
2.7,30,138028.672433,True
0.0,30,138072.134506,False
2.6,30,138124.325056,True
0.0,30,138177.1722,False
0.0,30,138225.106668,False
2.4,30,138575.62111,True
0.0,30,138623.045633,False
2.9,30,138672.215584,True
2.5,30,138717.082093,True
2.4,30,138769.090023,True
0.0,30,138815.144466,False
0.0,30,138862.526058,False
1.8,30,138915.805121,True
2.5,30,138962.974195,True
0.0,30,139001.832679,False
0.0,30,139047.685697,False
0.0,30,139101.411976,False
0.0,30,139151.991534,False
0.0,30,139196.751477,False
0.0,30,139246.125485,False
2.7,30,139291.463522,True
2.7,30,139336.847111,True
0.0,30,139385.139857,False
2.7,30,139429.091499,True
0.0,30,139476.438373,False
0.0,30,139524.646725,False
1.2,30,139575.903992,False
2.7,30,139635.146421,True
2.5,30,139681.250342,True
0.0,30,139726.398269,False
2.0,30,139774.615592,True
2.3,30,139822.42096,True
2.7,30,139867.962975,True
1.3,30,139915.958938,True
0.0,30,139959.197236,False
2.4,30,140000.564432,True
2.6,30,140047.693572,True
0.0,30,140092.47828,False
0.0,30,140140.827884,False
2.7,30,140479.897077,True
2.6,30,140527.541363,True
1.0,30,140578.501631,True
0.0,30,140631.459701,False
2.7,30,140683.079975,True
0.0,30,140733.641318,False
0.0,30,140789.710825,False
0.0,30,140838.406568,False
1.7,30,140887.889966,False
0.0,30,140939.351283,False
2.6,30,140984.295712,True
2.8,30,141032.576007,True
0.0,30,141078.612163,False
2.8,30,141127.31434,True
1.4,30,141178.926694,True
0.0,30,141227.967194,False
2.2,30,141274.791387,True
0.0,30,141324.673976,False
0.0,30,141374.105233,False
2.3,30,141420.194377,True
1.4,30,141464.496091,False
2.3,30,141509.147867,True
0.0,30,141552.793844,False
2.5,30,141595.599056,True
3.0,30,141640.129184,True
2.8,30,141686.593106,True
0.0,30,141735.150102,False
2.6,30,141779.655637,True
2.5,30,141827.915752,True
2.8,30,141873.333191,True
0.0,30,141920.476955,False
2.2,30,141968.466458,True
2.5,30,142012.278649,True
2.9,30,142060.654422,True
2.4,30,142459.865445,True
0.0,30,142503.966245,False
2.8,30,142549.14595,True
2.7,30,142593.816485,True
0.0,30,142642.070273,False
0.0,30,142701.291584,False
0.0,30,142746.094256,False
0.0,30,142793.802921,False
2.7,30,142847.752832,True
0.0,30,142894.240003,False
2.4,30,142943.913141,True
0.0,30,142991.096594,False
0.0,30,143032.211436,False
1.4,30,143078.103024,True
0.0,30,143125.291494,False
0.0,30,143174.275367,False
0.0,30,143223.32183,False
0.0,30,143273.173377,False
3.0,30,143321.587708,True
1.8,30,143369.068669,True
0.0,30,143421.423739,False
0.0,30,143465.313825,False
3.0,30,143524.847162,True
2.4,30,143578.120069,True
0.0,30,143624.129518,False
2.5,30,143678.119015,True
2.2,30,143729.60124,True
0.0,30,143780.51015,False
0.0,30,143830.253736,False
2.4,30,143889.527937,True
2.9,30,143934.46893,True
0.0,30,143982.816175,False
2.4,30,144027.090549,True
2.4,30,144078.750754,True
0.0,30,144420.224785,False
0.0,30,144464.45302,False
0.0,30,144514.675916,False
2.5,30,144558.436561,True
2.7,30,144606.297349,True
0.0,30,144650.622152,False
0.0,30,144696.527135,False
2.5,30,144744.049642,True
0.0,30,144794.843475,False
2.3,30,144847.326074,True
2.6,30,144892.701945,True
0.0,30,144939.851894,False
1.6,30,144999.889735,True
2.7,30,145050.864421,True
1.9,30,145096.605093,True
2.3,30,145146.382768,True
0.0,30,145198.126485,False
2.8,30,145251.188124,True
2.0,30,145303.264782,True
2.8,30,145354.600091,True
0.0,30,145404.606928,False
0.0,30,145454.769839,False
2.6,30,145506.74909,True
2.6,30,145556.801198,True
0.0,30,145603.973061,False
0.0,30,145652.543601,False
0.0,30,145703.838019,False
0.0,30,145751.136693,False
2.8,30,145795.920817,True
2.5,30,145840.104938,True
0.0,30,145886.408954,False
2.8,30,145933.587825,True
2.7,30,145984.741094,True
0.0,30,146030.687017,False
0.0,30,146360.12736,False
1.8,30,146415.014624,True
0.0,30,146464.1287,False
2.2,30,146507.97549,True
2.6,30,146556.172244,True
2.8,30,146597.8781,True
0.0,30,146639.297312,False
0.0,30,146691.93931,False
0.0,30,146741.227638,False
0.0,30,146791.050884,False
0.0,30,146838.97179,False
2.8,30,146882.99351,True
0.0,30,146925.678366,False
2.5,30,146972.573874,True
0.0,30,147021.645098,False
2.6,30,147069.391535,True
0.0,30,147121.344282,False
2.4,30,147168.301471,True
0.0,30,147216.91447,False
2.7,30,147263.163605,True
2.6,30,147310.315984,True
0.0,30,147355.367004,False
2.6,30,147398.46348,True
0.0,30,147438.519813,False
0.0,30,147478.593062,False
2.7,30,147521.22451,True
0.0,30,147566.306259,False
0.0,30,147610.874735,False
0.0,30,147672.079933,False
2.2,30,147727.507112,True
0.0,30,147774.183803,False
0.0,30,147820.964888,False
2.3,30,147866.423432,True
0.0,30,147916.326732,False
0.0,30,148243.35522,False
0.0,30,148286.136103,False
2.8,30,148330.670497,True
2.5,30,148374.204577,True
2.4,30,148422.866652,True
0.0,30,148472.909932,False
2.8,30,148518.476597,True
2.8,30,148566.847587,True
0.0,30,148615.493081,False
2.8,30,148661.06018,True
0.0,30,148710.786566,False
2.1,30,148762.387254,True
2.7,30,148807.412062,True
2.5,30,148852.380897,True
0.0,30,148898.93566,False
2.8,30,148949.41342,True
0.0,30,149001.838988,False
0.0,30,149048.781163,False
2.7,30,149093.450007,True
2.7,30,149142.439556,True
2.6,30,149190.387069,True
2.5,30,149233.844864,True
0.9,30,149281.099152,True
0.0,30,149327.227037,False
0.0,30,149372.825202,False
0.0,30,149420.667027,False
0.0,30,149468.69163,False
0.0,30,149513.989423,False
2.5,30,149568.425105,True
2.5,30,149612.779118,True
0.0,30,149663.067575,False
0.0,30,149710.366125,False
0.0,30,149753.30643,False
2.1,30,149800.12341,True
2.5,30,150130.076267,True
0.0,30,150179.339417,False
0.0,30,150221.269353,False
2.3,30,150268.865973,True
2.6,30,150314.772935,True
3.0,30,150370.419057,True
2.1,30,150415.279604,True
0.0,30,150459.644487,False
0.0,30,150507.298282,False
0.0,30,150558.442131,False
2.6,30,150605.004067,True
2.7,30,150647.913231,True
0.0,30,150689.586693,False
2.8,30,150734.056839,True
0.0,30,150782.0183,False
0.0,30,150846.680083,False
0.0,30,150890.335111,False
2.2,30,150939.534177,True
0.0,30,150985.932102,False
2.5,30,151030.083671,True
2.6,30,151075.226419,True
0.0,30,151124.409259,False
0.0,30,151168.189613,False
0.0,30,151210.214711,False
0.0,30,151257.904005,False
0.0,30,151311.319896,False
2.2,30,151359.504446,True
2.6,30,151401.975458,True
2.5,30,151448.636687,True
0.0,30,151497.099731,False
2.4,30,151539.949145,True
0.0,30,151585.834167,False
2.8,30,151633.230334,True
0.9,30,151679.755011,False
0.0,30,151726.127324,False
2.4,30,152042.326884,True
0.0,30,152105.096685,False
2.5,30,152153.727976,True
2.7,30,152203.145379,True
1.2,30,152251.413221,True
3.0,30,152300.155892,True
0.0,30,152346.362182,False
0.0,30,152393.260309,False
0.0,30,152449.726709,False
0.0,30,152497.377779,False
0.0,30,152548.700188,False
1.1,30,152595.042792,True
0.0,30,152642.397903,False
2.2,30,152690.317993,True
1.8,30,152734.854972,True
2.5,30,152781.981371,True
0.0,30,152827.683551,False
2.2,30,152878.883676,True
2.7,30,152925.957667,True
0.0,30,152972.07938,False
0.0,30,153015.252573,False
0.0,30,153054.588318,False
0.0,30,153150.588018,False
2.9,30,153200.049249,True
0.0,30,153242.469629,False
0.0,30,153289.79063,False
0.0,30,153338.628449,False
2.4,30,153385.93052,True
2.5,30,153434.029436,True
2.2,30,153489.904893,True
0.0,30,153538.421021,False
0.0,30,153590.832343,False
0.0,30,153636.56519,False
0.0,30,153679.935366,False
2.5,30,154015.101919,True
0.0,30,154061.12021,False
0.0,30,154108.075587,False
2.4,30,154148.942462,True
0.0,30,154198.252741,False
0.1,30,154254.744807,True
2.6,30,154304.475119,True
0.0,30,154350.917437,False
2.6,30,154397.961497,True
3.0,30,154449.452504,True
0.0,30,154500.735463,False
0.0,30,154544.758824,False
0.0,30,154597.510796,False
3.0,30,154645.763695,True
0.0,30,154695.172308,False
0.0,30,154736.527513,False
2.6,30,154779.995735,True
2.1,30,154826.56519,True
0.0,30,154870.006307,False
0.0,30,154912.336205,False
2.6,30,154980.11652,True
0.0,30,155025.852226,False
2.5,30,155071.467379,True
3.0,30,155119.90905,True
2.1,30,155165.220104,True
2.3,30,155211.305984,True
0.0,30,155269.650014,False
3.0,30,155318.589147,True
0.0,30,155361.40046,False
2.8,30,155402.851055,True
0.0,30,155446.457075,False
0.0,30,155490.246419,False
1.3,30,155536.262053,True
2.7,30,155584.77354,True
2.5,30,155930.003616,True
0.0,30,155973.417001,False
0.6,30,156017.954916,True
0.0,30,156061.808765,False
0.0,30,156108.21245,False
0.0,30,156159.807157,False
2.7,30,156217.723905,True
2.5,30,156279.26823,True
2.7,30,156325.287905,True
2.5,30,156375.162081,True
2.7,30,156431.419045,True
0.0,30,156473.645344,False
2.8,30,156526.333185,True
2.9,30,156575.698349,True
2.9,30,156625.063663,True
2.3,30,156677.081486,True
1.5,30,156717.824703,True
0.4,30,156765.341408,True
0.0,30,156817.694866,False
2.6,30,156860.994698,True
2.3,30,156905.598014,True
0.0,30,156954.336968,False
0.0,30,157002.435685,False
2.2,30,157050.504967,True
0.0,30,157113.671487,False
0.0,30,157160.198886,False
0.0,30,157203.707198,False
1.3,30,157250.22904,True
0.0,30,157296.572392,False
2.7,30,157346.240489,True
0.0,30,157394.489105,False
2.7,30,157442.427995,True
0.0,30,157490.578919,False
2.2,30,157534.57603,True
2.6,30,157899.364132,True
2.8,30,157948.400366,True
3.0,30,157995.806373,True
0.0,30,158056.358359,False
2.5,30,158100.431695,True
0.0,30,158144.115067,False
2.8,30,158193.987199,True
2.1,30,158243.619504,True
2.8,30,158290.580812,True
0.0,30,158338.469232,False
0.0,30,158391.390449,False
2.6,30,158436.227286,True
0.0,30,158479.303923,False
0.0,30,158524.764553,False
0.0,30,158570.347269,False
0.0,30,158611.169942,False
0.0,30,158658.689216,False
2.6,30,158706.417994,True
1.4,30,158759.956281,True
2.8,30,158813.540168,True
0.0,30,158858.687541,False
2.8,30,158905.205385,True
2.1,30,158952.018805,True
2.8,30,159000.816206,True
2.8,30,159047.103149,True
2.9,30,159097.834539,True
2.8,30,159145.121894,True
2.8,30,159185.688657,True
0.0,30,159234.762717,False
2.3,30,159284.307195,True
2.8,30,159328.315685,True
0.0,30,159376.361833,False
1.8,30,159423.099432,True
2.4,30,159468.745214,True
2.8,30,159822.127086,True
0.0,30,159865.592208,False
0.0,30,159913.601601,False
2.5,30,159975.949114,True
2.8,30,160037.035296,True
0.0,30,160086.791562,False
3.0,30,160131.902599,True
0.0,30,160178.381713,False
2.5,30,160226.200912,True
3.0,30,160277.65586,True
0.0,30,160321.52427,False
0.0,30,160364.950292,False
2.5,30,160414.980049,True
0.0,30,160463.554777,False
0.0,30,160511.434994,False
0.0,30,160553.434165,False
2.6,30,160600.686383,True
0.0,30,160646.812453,False
2.4,30,160695.829465,True
0.0,30,160751.050775,False
2.6,30,160799.704009,True
3.0,30,160849.179268,True
0.0,30,160896.372298,False
0.0,30,160944.527964,False
0.0,30,160989.200868,False
2.7,30,161035.750003,True
0.0,30,161095.139206,False
2.3,30,161138.824287,True
0.0,30,161187.639151,False
0.0,30,161233.807725,False
2.5,30,161291.788131,True
0.0,30,161333.725101,False
0.0,30,161374.419828,False
0.0,30,161447.509123,False
2.8,30,161750.649153,True
2.1,30,161799.316122,True
1.5,30,161848.425466,False
2.8,30,161893.096337,True
2.2,30,161940.855966,True
0.0,30,161990.219369,False
0.0,30,162035.33778,False
2.8,30,162082.924578,True
2.8,30,162131.788993,True
0.0,30,162178.703505,False
0.0,30,162236.505309,False
0.0,30,162287.207822,False
0.0,30,162330.519157,False
0.0,30,162381.704193,False
0.0,30,162428.471689,False
2.8,30,162474.638123,True
0.0,30,162519.859337,False
0.0,30,162568.519982,False
0.0,30,162617.874852,False
2.7,30,162663.16052,True
0.0,30,162714.455606,False
0.0,30,162763.073248,False
0.4,30,162810.420596,True
0.0,30,162855.962672,False
2.7,30,162906.390795,True
2.8,30,162957.774809,True
0.0,30,162999.895483,False
2.6,30,163055.892521,True
1.6,30,163100.437795,True
1.7,30,163147.068519,True
2.0,30,163195.198367,True
0.0,30,163239.557961,False
2.0,30,163285.247063,True
2.2,30,163333.434809,True
0.0,30,163649.95601,False
2.6,30,163695.657128,True
0.0,30,163736.002362,False
2.7,30,163784.840875,True
2.6,30,163830.878815,True
0.0,30,163878.953918,False
2.8,30,163927.870723,True
0.0,30,163978.259324,False
0.0,30,164020.139518,False
2.9,30,164063.773057,True
2.2,30,164114.987288,True
2.6,30,164163.348244,True
2.8,30,164214.97765,True
0.0,30,164262.057435,False
0.0,30,164307.147972,False
0.0,30,164352.242769,False
2.7,30,164401.682877,True
0.0,30,164450.592803,False
2.7,30,164495.537924,True
2.8,30,164544.940115,True
2.6,30,164595.599362,True
1.8,30,164642.144299,True
0.0,30,164695.518501,False
2.3,30,164743.645333,True
2.6,30,164789.689564,True
0.0,30,164841.643859,False
0.0,30,164892.142216,False
2.6,30,164947.21172,True
0.0,30,164993.880863,False
0.0,30,165046.834375,False
2.6,30,165089.701827,True
0.0,30,165134.31018,False
0.0,30,165180.368044,False
3.0,30,165233.102836,True
2.4,30,165537.688424,True
0.0,30,165582.820601,False
2.7,30,165627.76616,True
0.0,30,165671.730251,False
2.3,30,165718.325092,True
0.0,30,165773.603947,False
2.1,30,165819.687546,True
0.0,30,165874.994854,False
2.6,30,165919.807254,True
0.0,30,165965.579907,False
0.0,30,166013.335386,False
2.7,30,166069.845813,True
2.5,30,166115.155188,True
0.0,30,166161.896348,False
0.0,30,166215.16584,False
0.0,30,166268.570583,False
2.1,30,166318.327352,True
0.0,30,166364.776918,False
2.8,30,166416.633134,True
2.9,30,166467.789227,True
0.0,30,166516.717587,False
2.7,30,166560.968242,True
2.6,30,166607.913254,True
0.0,30,166656.669207,False
2.7,30,166703.563469,True
0.0,30,166748.626247,False
0.0,30,166792.66012,False
0.0,30,166834.656121,False
0.0,30,166879.267516,False
0.0,30,166925.43444,False
0.0,30,166976.285633,False
0.0,30,167021.303251,False
2.7,30,167064.698056,True
1.0,30,167113.179739,True
0.0,30,167157.468794,False
2.3,30,167467.468625,True
0.0,30,167510.508588,False
0.0,30,167555.067317,False
0.0,30,167604.351287,False
0.0,30,167649.69828,False
2.3,30,167697.533792,True
0.0,30,167744.070318,False
0.0,30,167789.000514,False
0.0,30,167830.354447,False
2.7,30,167880.473406,True
1.8,30,167923.738128,True
0.0,30,167963.280259,False
0.0,30,168008.321955,False
0.0,30,168056.948451,False
0.5,30,168104.393017,True
3.0,30,168152.829816,True
0.0,30,168201.737387,False
0.0,30,168248.47198,False
2.1,30,168293.122442,True
0.0,30,168342.23769,False
0.0,30,168386.273875,False
0.2,30,168433.65567,False
2.6,30,168486.186732,True
2.7,30,168530.072541,True
2.8,30,168575.02712,True
3.0,30,168624.07083,True
1.2,30,168667.412197,True
2.6,30,168709.974872,True
0.0,30,168756.135226,False
2.7,30,168805.743706,True
2.1,30,168849.924137,True
2.0,30,168905.921035,True
0.0,30,168948.204682,False
0.0,30,168992.624143,False
0.0,30,169294.4622,False
0.0,30,169342.803406,False
2.7,30,169388.288388,True
0.0,30,169435.828161,False
2.4,30,169478.286986,True
0.0,30,169527.962623,False
0.0,30,169573.798757,False
2.8,30,169622.566968,True
2.6,30,169667.578504,True
0.0,30,169716.854557,False
2.1,30,169763.067365,True
1.8,30,169812.556315,True
0.0,30,169856.591941,False
2.6,30,169902.544446,True
0.0,30,169955.031826,False
0.0,30,170002.300692,False
2.8,30,170045.640893,True
2.9,30,170093.697387,True
0.0,30,170139.757566,False
2.8,30,170184.537904,True
0.8,30,170231.743144,False
0.0,30,170287.583394,False
2.2,30,170334.934933,True
0.0,30,170376.612813,False
2.6,30,170419.956213,True
0.0,30,170469.866613,False
2.7,30,170513.753082,True
0.0,30,170555.089171,False
3.0,30,170601.714366,True
0.0,30,170644.807203,False
0.0,30,170711.352334,False
2.5,30,170762.047189,True
2.4,30,170808.243844,True
2.4,30,170871.246722,True
2.8,30,171159.288455,True
2.9,30,171205.410338,True
0.0,30,171249.654155,False
0.0,30,171294.250785,False
2.4,30,171344.915102,True
0.0,30,171391.067818,False
2.4,30,171434.781034,True
0.0,30,171476.286781,False
0.0,30,171522.337217,False
2.5,30,171563.873186,True
2.2,30,171606.616455,True
0.0,30,171656.027463,False
2.3,30,171702.946026,True
3.0,30,171751.479523,True
0.0,30,171801.511777,False
0.0,30,171848.462781,False
3.0,30,171894.148825,True
0.0,30,171941.362508,False
0.0,30,171994.263364,False
0.0,30,172036.330038,False
0.0,30,172090.808752,False
0.9,30,172140.07316,True
2.8,30,172186.792475,True
1.8,30,172233.706578,True
0.0,30,172289.233975,False
2.5,30,172329.984127,True
2.8,30,172376.800733,True
0.0,30,172423.614412,False
2.6,30,172470.242735,True
0.0,30,172520.354697,False
0.0,30,172576.369702,False
0.1,30,172624.90467,True
0.0,30,172671.626144,False
0.0,30,172715.961674,False
0.0,30,172990.227858,False
0.0,30,173036.236325,False
2.9,30,173083.710564,True
2.2,30,173126.105676,True
2.2,30,173169.558858,True
0.9,30,173220.158852,True
0.0,30,173265.548615,False
2.8,30,173315.147368,True
2.5,30,173358.574288,True
2.7,30,173409.497011,True
0.0,30,173452.915666,False
0.0,30,173505.04962,False
2.7,30,173553.053723,True
2.3,30,173599.189054,True
1.3,30,173645.808614,False
2.9,30,173686.529876,True
1.8,30,173730.952816,True
0.0,30,173773.166502,False
0.0,30,173818.657395,False
2.6,30,173866.026234,True
2.8,30,173901.160141,True
2.0,30,173946.030501,True
2.9,30,173990.980729,True
2.4,30,174044.195924,True
0.0,30,174085.175358,False
0.0,30,174131.148201,False
1.9,30,174176.435049,True
0.0,30,174227.203464,False
0.0,30,174281.537863,False
0.0,30,174324.963853,False
0.0,30,174378.746829,False
2.7,30,174434.271548,True
2.6,30,174485.361937,True
2.5,30,174531.662821,True
2.3,30,174818.768162,True
0.0,30,174864.177198,False
2.3,30,174908.037786,True
0.0,30,174952.244665,False
3.0,30,174997.233328,True
0.0,30,175040.38524,False
0.0,30,175086.703483,False
2.4,30,175133.033886,True
3.0,30,175189.327572,True
2.5,30,175231.013717,True
0.0,30,175276.897928,False
0.0,30,175319.035294,False
0.0,30,175363.426561,False
0.0,30,175408.245855,False
0.0,30,175453.125468,False
0.0,30,175498.347719,False
2.6,30,175541.105282,True
0.0,30,175588.085224,False
0.0,30,175633.820991,False
0.0,30,175679.133102,False
0.0,30,175724.519166,False
0.0,30,175772.100486,False
2.7,30,175815.696468,True
2.5,30,175862.625981,True
2.0,30,175904.170127,True
0.0,30,175948.236355,False
0.0,30,175994.154712,False
0.0,30,176039.137756,False
0.0,30,176088.166208,False
2.4,30,176135.922343,True
0.0,30,176179.435502,False
2.6,30,176216.488592,True
0.0,30,176262.578773,False
1.9,30,176308.614487,True
1.0,30,176581.478423,True
2.7,30,176629.563901,True
0.0,30,176675.461653,False
0.0,30,176723.280108,False
2.5,30,176766.26943,True
0.0,30,176807.956078,False
0.0,30,176857.346202,False
2.5,30,176907.336873,True
2.6,30,176952.165143,True
2.6,30,177009.934072,True
2.3,30,177057.165292,True
2.0,30,177101.729408,True
0.0,30,177144.550346,False
2.7,30,177190.349248,True
0.0,30,177235.774666,False
2.8,30,177284.638077,True
0.0,30,177333.586363,False
0.0,30,177386.25665,False
0.0,30,177432.765716,False
2.4,30,177477.443241,True
2.6,30,177525.668421,True
0.0,30,177575.586047,False
2.6,30,177615.940594,True
0.0,30,177659.982738,False
0.0,30,177700.864794,False
0.0,30,177746.660604,False
2.7,30,177786.308016,True
0.0,30,177829.190255,False
0.0,30,177872.416522,False
0.0,30,177920.773352,False
0.0,30,177966.217703,False
2.8,30,178008.071758,True
0.0,30,178050.080302,False
2.3,30,178091.618186,True
0.0,30,178390.261559,False
2.4,30,178441.337519,True
2.5,30,178490.207688,True
0.0,30,178535.1555,False
2.9,30,178585.842875,True
0.0,30,178626.201996,False
2.8,30,178672.002701,True
0.0,30,178721.974301,False
2.8,30,178784.251508,True
2.7,30,178827.702595,True
0.0,30,178879.192432,False
2.4,30,178923.94588,True
2.6,30,178967.184595,True
0.0,30,179016.690736,False
2.8,30,179059.744228,True
0.0,30,179109.393861,False
0.0,30,179160.241425,False
2.8,30,179203.276931,True
0.0,30,179253.48848,False
0.0,30,179297.014655,False
2.8,30,179338.186956,True
0.0,30,179383.419954,False
2.7,30,179433.529312,True
2.6,30,179481.887939,True
0.0,30,179526.093791,False
2.2,30,179576.809106,True
2.9,30,179625.008836,True
0.0,30,179671.910035,False
0.0,30,179714.420335,False
3.0,30,179762.930878,True
2.3,30,179809.259248,True
1.3,30,179856.122289,True
2.0,30,179905.364049,True
0.0,30,179951.757067,False
0.0,30,180000.480821,False
1.7,30,180358.504107,True
2.7,30,180407.688242,True
0.0,30,180457.747541,False
0.0,30,180502.019182,False
0.0,30,180545.84939,False
2.8,30,180595.574909,True
3.0,30,180640.537579,True
0.0,30,180686.949395,False
2.8,30,180743.797159,True
3.0,30,180788.860265,True
0.0,30,180836.000925,False
0.0,30,180884.089907,False
0.0,30,180930.686977,False
0.0,30,180978.695857,False
0.0,30,181026.056936,False
1.8,30,181074.023897,True
2.8,30,181120.990542,True
0.0,30,181167.580029,False
0.0,30,181208.168513,False
0.0,30,181256.846623,False
0.0,30,181311.057254,False
0.0,30,181355.23821,False
0.0,30,181403.898834,False
2.7,30,181449.995409,True
2.5,30,181497.724618,True
2.7,30,181541.855128,True
0.0,30,181591.345006,False
2.5,30,181632.957118,True
0.0,30,181681.787863,False
0.2,30,181727.132021,True
2.4,30,181771.21832,True
0.0,30,181817.069149,False
0.0,30,181861.743776,False
2.3,30,181906.622603,True
0.0,30,182273.493492,False
0.0,30,182324.841548,False
2.5,30,182372.236161,True
0.0,30,182423.130529,False
0.0,30,182466.762119,False
0.0,30,182507.025708,False
0.0,30,182563.391341,False
0.0,30,182609.096412,False
0.0,30,182659.283768,False
0.0,30,182705.795357,False
0.0,30,182751.159361,False
0.0,30,182795.661953,False
0.0,30,182844.345946,False
1.7,30,182894.370991,True
0.1,30,182940.769748,False
0.0,30,182982.701476,False
1.8,30,183032.059108,True
0.0,30,183078.436466,False
2.8,30,183123.685555,True
2.9,30,183170.531677,True
2.0,30,183214.343722,True
0.0,30,183259.934194,False
2.7,30,183309.408052,True
0.0,30,183354.29616,False
2.7,30,183409.726111,True
2.4,30,183483.671846,True
2.1,30,183529.463546,True
0.0,30,183576.362804,False
2.5,30,183632.692821,True
0.0,30,183684.085564,False
2.8,30,183727.068992,True
0.0,30,183776.595024,False
0.0,30,183821.800466,False
2.9,30,183872.635556,True
0.0,30,184214.125747,False
2.8,30,184254.476721,True
0.0,30,184300.998754,False
2.6,30,184345.248728,True
0.0,30,184388.897683,False
2.6,30,184434.338249,True
2.5,30,184481.686058,True
2.0,30,184525.939229,True
2.3,30,184573.178485,True
0.0,30,184621.669224,False
0.0,30,184670.774419,False
2.0,30,184714.454725,True
0.0,30,184759.995448,False
0.0,30,184801.46096,False
0.0,30,184851.365222,False
2.3,30,184907.44522,True
0.0,30,184958.692322,False
2.6,30,185006.278185,True
0.0,30,185052.899932,False
3.0,30,185098.573251,True
2.0,30,185145.134322,True
2.9,30,185191.072335,True
2.7,30,185250.886015,True
2.4,30,185310.250643,True
0.0,30,185360.125571,False
2.8,30,185404.328786,True
0.0,30,185449.48263,False
2.8,30,185492.021365,True
0.0,30,185532.555043,False
0.0,30,185576.948005,False
0.0,30,185625.272606,False
0.0,30,185670.618953,False
2.3,30,185713.003535,True
0.0,30,185758.965009,False
2.6,30,186137.883368,True
3.0,30,186183.796034,True
3.0,30,186244.505105,True
0.0,30,186290.582606,False
2.3,30,186339.62286,True
2.6,30,186385.971885,True
1.8,30,186434.807164,True
0.0,30,186477.643483,False
2.6,30,186529.651207,True
2.4,30,186582.707139,True
2.3,30,186628.833978,True
3.0,30,186684.710623,True
0.0,30,186736.35377,False
0.0,30,186789.153668,False
0.0,30,186834.737576,False
0.0,30,186879.417808,False
0.0,30,186932.437145,False
0.0,30,186977.804059,False
0.0,30,187023.367666,False
2.3,30,187067.494429,True
0.0,30,187118.475043,False
2.8,30,187162.168589,True
2.8,30,187208.57276,True
0.0,30,187270.984236,False
2.9,30,187318.140883,True
2.5,30,187363.046287,True
0.0,30,187407.533056,False
2.7,30,187457.82499,True
0.0,30,187498.793505,False
2.6,30,187543.377148,True
0.0,30,187586.78221,False
0.0,30,187632.853925,False
2.5,30,187685.201609,True
0.0,30,187730.963381,False
2.3,30,188101.30925,True
0.0,30,188152.108722,False
0.0,30,188198.944258,False
2.7,30,188247.102593,True
0.0,30,188292.967204,False
0.0,30,188334.690761,False
2.8,30,188382.4026,True
3.0,30,188432.029998,True
0.0,30,188480.664635,False
0.0,30,188526.967451,False
0.0,30,188568.855707,False
2.8,30,188619.250581,True
0.7,30,188662.364398,True
0.0,30,188712.559589,False
0.0,30,188761.068327,False
0.0,30,188811.828907,False
0.0,30,188867.864594,False
0.0,30,188913.270332,False
0.0,30,188959.85766,False
2.7,30,189009.04299,True
2.7,30,189064.396377,True
2.4,30,189112.373509,True
0.0,30,189157.251945,False
0.0,30,189207.495836,False
2.8,30,189261.805444,True
2.6,30,189307.932039,True
2.9,30,189352.45396,True
0.3,30,189402.24885,True
0.0,30,189448.298537,False
0.0,30,189493.854997,False
2.6,30,189538.809532,True
2.2,30,189589.935766,True
2.3,30,189636.7889,True
0.0,30,189686.877633,False
2.8,30,190017.524958,True
1.4,30,190063.037329,True
2.6,30,190109.189916,True
0.0,30,190156.567638,False
2.4,30,190203.548968,True
0.0,30,190247.287024,False
2.5,30,190292.139107,True
2.4,30,190338.01214,True
2.7,30,190385.248857,True
0.0,30,190442.929948,False
1.6,30,190489.341532,False
0.0,30,190535.068505,False
0.0,30,190582.187669,False
3.0,30,190628.975947,True
0.0,30,190675.503099,False
2.6,30,190727.638421,True
1.9,30,190779.367491,True
2.9,30,190827.166557,True
2.9,30,190872.136282,True
0.0,30,190920.343714,False
0.0,30,190972.502805,False
2.1,30,191012.019345,True
0.0,30,191061.359867,False
0.0,30,191107.588778,False
2.6,30,191151.889226,True
0.0,30,191200.174631,False
0.0,30,191246.86358,False
0.0,30,191291.44205,False
0.0,30,191353.289077,False
0.0,30,191408.62877,False
2.2,30,191459.376668,True
0.0,30,191507.578521,False
0.0,30,191555.651329,False
2.0,30,191601.742018,True
0.0,30,191947.344707,False
3.0,30,191997.1283,True
0.0,30,192044.568951,False
2.6,30,192091.859131,True
0.0,30,192137.850839,False
0.0,30,192179.983309,False
0.0,30,192226.863719,False
0.0,30,192268.997151,False
2.7,30,192313.481335,True
0.0,30,192357.064654,False
2.5,30,192402.189463,True
0.0,30,192444.870699,False
1.0,30,192490.151401,True
2.1,30,192531.638635,True
2.7,30,192579.226056,True
2.5,30,192627.477673,True
0.0,30,192672.611567,False
2.8,30,192716.76276,True
0.0,30,192769.241082,False
0.0,30,192815.534137,False
2.4,30,192858.883295,True
2.6,30,192901.029848,True
0.0,30,192949.58689,False
0.0,30,193000.233196,False
2.7,30,193048.216247,True
0.0,30,193094.655266,False
0.0,30,193139.881633,False
0.0,30,193186.136283,False
0.0,30,193231.654199,False
2.9,30,193276.967798,True
2.0,30,193321.669632,True
0.0,30,193365.075917,False
2.8,30,193409.786638,True
0.0,30,193473.231313,False
2.7,30,193837.301767,True
2.9,30,193880.882676,True
2.7,30,193929.043966,True
0.0,30,193974.588073,False
0.0,30,194029.434594,False
0.0,30,194080.03373,False
2.5,30,194125.864714,True
0.0,30,194176.125158,False
2.8,30,194224.753141,True
1.4,30,194272.907246,True
0.5,30,194318.808558,True
2.7,30,194363.908118,True
0.0,30,194411.933498,False
3.0,30,194461.816166,True
0.0,30,194510.999422,False
2.5,30,194557.360551,True
0.0,30,194602.973834,False
0.0,30,194653.033475,False
0.0,30,194702.184796,False
0.0,30,194747.508653,False
2.5,30,194793.248187,True
2.6,30,194844.371495,True
0.0,30,194887.20727,False
0.0,30,194933.680827,False
2.8,30,194983.90153,True
2.1,30,195027.395976,True
0.0,30,195069.517928,False
0.0,30,195122.538165,False
2.8,30,195172.616957,True
2.2,30,195220.486366,True
0.0,30,195270.979801,False
2.2,30,195323.228175,True
1.8,30,195378.355471,True
0.7,30,195424.940219,True
0.0,30,195467.490082,False
0.0,30,195815.282819,False
0.0,30,195861.104763,False
0.0,30,195911.039124,False
0.0,30,195963.331271,False
0.0,30,196018.949483,False
0.0,30,196064.892387,False
0.0,30,196111.196413,False
1.1,30,196152.493389,True
2.8,30,196200.629681,True
0.0,30,196247.49542,False
2.6,30,196309.909455,True
2.5,30,196358.102566,True
1.4,30,196416.473913,True
0.9,30,196464.643207,True
2.2,30,196512.328705,True
0.0,30,196564.624101,False
2.5,30,196609.122899,True
2.8,30,196659.146313,True
0.0,30,196708.618023,False
2.2,30,196758.173816,True
0.0,30,196807.824005,False
2.3,30,196858.68982,True
2.7,30,196904.476221,True
2.4,30,196946.026654,True
2.4,30,196991.867741,True
0.0,30,197039.91759,False
0.0,30,197087.211209,False
2.1,30,197135.819624,True
2.4,30,197186.848585,True
2.8,30,197233.82749,True
0.0,30,197286.275778,False
0.0,30,197338.094052,False
0.0,30,197393.073199,False
0.0,30,197442.343639,False
0.0,30,197757.357139,False
0.0,30,197801.228967,False
0.0,30,197846.190293,False
2.8,30,197889.79521,True
0.0,30,197936.429484,False
0.0,30,197982.769294,False
0.0,30,198025.221477,False
0.0,30,198071.389521,False
2.2,30,198113.755514,True
2.9,30,198160.41235,True
0.0,30,198211.840773,False
2.6,30,198260.275378,True
0.0,30,198313.671742,False
0.2,30,198369.605847,False
2.5,30,198421.46736,True
2.5,30,198470.447499,True
2.9,30,198520.709367,True
2.0,30,198565.711898,True
2.6,30,198611.629025,True
0.0,30,198660.279077,False
2.6,30,198719.199281,True
0.0,30,198765.419338,False
0.0,30,198821.214873,False
0.0,30,198866.385484,False
0.0,30,198913.912067,False
2.8,30,198954.76285,True
0.0,30,199003.398052,False
2.8,30,199050.505405,True
2.0,30,199099.816339,True
0.0,30,199151.998737,False
0.0,30,199204.625473,False
3.0,30,199256.521802,True
0.0,30,199308.836003,False
0.0,30,199348.19823,False
2.7,30,199683.186435,True
2.8,30,199727.24362,True
2.6,30,199782.191258,True
2.6,30,199827.606989,True
0.0,30,199877.005652,False
2.1,30,199925.365479,True
0.0,30,199968.633548,False
0.0,30,200063.06811,False
0.0,30,200109.598536,False
0.0,30,200154.825943,False
0.0,30,200200.516115,False
2.3,30,200243.076801,True
0.0,30,200288.871531,False
0.0,30,200334.386466,False
2.5,30,200382.919641,True
0.0,30,200430.565444,False
2.6,30,200477.884733,True
1.6,30,200527.159386,True
0.0,30,200573.573484,False
2.6,30,200623.392794,True
2.7,30,200669.8417,True
1.9,30,200715.30282,True
0.0,30,200768.854444,False
2.5,30,200813.437683,True
0.0,30,200856.881684,False
0.0,30,200912.771667,False
1.6,30,200968.108594,True
2.8,30,201024.145789,True
0.0,30,201074.531783,False
0.0,30,201118.754525,False
2.6,30,201166.164131,True
2.7,30,201208.04438,True
0.0,30,201253.785242,False
2.5,30,201299.328167,True
0.0,30,201649.069778,False
3.0,30,201699.390723,True
0.0,30,201752.730996,False
0.0,30,201807.536956,False
2.7,30,201857.011238,True
0.0,30,201903.253492,False
2.6,30,201942.600611,True
0.0,30,201987.580962,False
2.1,30,202032.947563,True
0.0,30,202073.920885,False
0.0,30,202124.878274,False
2.8,30,202175.181001,True
2.5,30,202221.567253,True
0.0,30,202272.217995,False
0.0,30,202318.910598,False
0.0,30,202362.34095,False
0.0,30,202405.171738,False
0.0,30,202447.851637,False
0.0,30,202501.930172,False
0.8,30,202548.806529,False
2.4,30,202592.164246,True
2.7,30,202638.283863,True
0.0,30,202683.541761,False
2.7,30,202732.253817,True
0.0,30,202785.960451,False
0.0,30,202830.080925,False
2.6,30,202872.094712,True
0.0,30,202919.164494,False
2.5,30,202960.674592,True
0.0,30,203006.907257,False
0.0,30,203053.67786,False
2.8,30,203101.185468,True
2.7,30,203146.981383,True
3.0,30,203197.880409,True
0.0,30,203544.314475,False
2.4,30,203592.41974,True
2.7,30,203649.243531,True
3.0,30,203698.557465,True
2.4,30,203765.544843,True
0.0,30,203811.323385,False
2.5,30,203864.976534,True
0.0,30,203911.581875,False
0.9,30,203960.977492,True
1.7,30,204006.959958,False
2.4,30,204053.275542,True
0.0,30,204103.21589,False
0.8,30,204145.511749,False
2.9,30,204197.397134,True
0.0,30,204241.259149,False
0.0,30,204289.597986,False
0.0,30,204336.466566,False
0.0,30,204382.907345,False
0.0,30,204427.789361,False
0.0,30,204473.260033,False
0.0,30,204521.188344,False
2.9,30,204574.962502,True
0.0,30,204621.653659,False
2.6,30,204673.642884,True
0.0,30,204719.381993,False
0.0,30,204760.631693,False
0.0,30,204806.2742,False
2.1,30,204859.650084,False
2.8,30,204905.224618,True
1.3,30,204944.700517,True
0.0,30,204987.371772,False
2.9,30,205034.418936,True
0.0,30,205080.380435,False
0.0,30,205128.391532,False
2.7,30,205462.478942,True
0.0,30,205505.972943,False
2.1,30,205556.050452,True
0.0,30,205601.051485,False
2.7,30,205649.782412,True
2.7,30,205699.360052,True
2.5,30,205747.233551,True
0.1,30,205797.714564,True
0.0,30,205844.579082,False
2.2,30,205887.584256,True
2.7,30,205932.420989,True
2.7,30,205983.169634,True
2.8,30,206033.236398,True
0.0,30,206077.755594,False
0.3,30,206124.834355,False
2.4,30,206176.919878,True
2.8,30,206221.415325,True
2.7,30,206269.192117,True
2.8,30,206316.178449,True
2.9,30,206365.777779,True
2.7,30,206414.073009,True
2.9,30,206463.284461,True
0.0,30,206505.828426,False
1.2,30,206553.823801,False
0.0,30,206610.26664,False
0.0,30,206657.424709,False
0.0,30,206701.81256,False
2.9,30,206752.890908,True
0.0,30,206798.386564,False
0.0,30,206852.268805,False
2.4,30,206898.288923,True
2.9,30,206950.415415,True
2.7,30,206997.517132,True
2.7,30,207044.887069,True
2.5,30,207378.021384,True
2.5,30,207424.553151,True
0.0,30,207470.558192,False
2.5,30,207523.902851,True
0.0,30,207569.001261,False
0.0,30,207620.104341,False
0.0,30,207665.804874,False
0.0,30,207709.187105,False
0.0,30,207755.155842,False
0.0,30,207800.692666,False
2.9,30,207847.897595,True
2.6,30,207890.644961,True
0.0,30,207945.51234,False
0.0,30,207994.514183,False
2.5,30,208037.337694,True
1.6,30,208083.785061,True
0.0,30,208127.831085,False
2.7,30,208171.095562,True
2.8,30,208210.755845,True
2.3,30,208262.663653,True
2.6,30,208310.945185,True
0.0,30,208360.552073,False
0.0,30,208405.942845,False
0.0,30,208457.749707,False
0.0,30,208504.542843,False
0.0,30,208545.629745,False
0.0,30,208589.788893,False
2.9,30,208635.264499,True
2.5,30,208684.572519,True
2.7,30,208732.016186,True
2.5,30,208775.836661,True
2.8,30,208821.664236,True
2.3,30,208863.916492,True
2.3,30,208929.569945,True
1.9,30,208977.169235,True
0.0,30,209337.813361,False
2.2,30,209385.067339,True
0.0,30,209425.381365,False
0.0,30,209471.35038,False
0.0,30,209521.309599,False
0.0,30,209563.962605,False
0.0,30,209610.302481,False
2.5,30,209657.630614,True
2.8,30,209705.513055,True
1.6,30,209753.148912,False
0.0,30,209796.199307,False
2.4,30,209843.095383,True
2.8,30,209891.989524,True
0.0,30,209940.612232,False
0.0,30,209989.038575,False
0.0,30,210039.998864,False
0.0,30,210083.848762,False
0.0,30,210129.321811,False
2.1,30,210170.233707,True
2.8,30,210225.917572,True
0.0,30,210272.0776,False
2.4,30,210320.446314,True
0.0,30,210362.680641,False
0.0,30,210411.639608,False
2.5,30,210466.085985,True
2.6,30,210519.335437,True
0.0,30,210566.549503,False
0.0,30,210618.370119,False
2.7,30,210666.90631,True
2.8,30,210713.597385,True
0.0,30,210758.410749,False
0.0,30,210804.685685,False
0.0,30,210853.272135,False
2.6,30,210899.506336,True
2.7,30,211217.085174,True
0.0,30,211261.329019,False
2.4,30,211314.046534,True
0.0,30,211357.072449,False
2.4,30,211403.386485,True
0.0,30,211447.652604,False
2.4,30,211491.464511,True
0.0,30,211534.914537,False
0.0,30,211581.781261,False
0.0,30,211631.024882,False
2.6,30,211677.551967,True
2.9,30,211722.604064,True
2.3,30,211767.096548,True
0.0,30,211814.109719,False
2.5,30,211874.585382,True
0.0,30,211920.129333,False
0.0,30,211965.685178,False
0.0,30,212011.769617,False
0.0,30,212054.950759,False
0.0,30,212117.216568,False
2.8,30,212160.394871,True
0.0,30,212208.328424,False
0.0,30,212257.179177,False
0.0,30,212301.948722,False
2.3,30,212344.087083,True
0.0,30,212393.284526,False
0.0,30,212436.388222,False
2.4,30,212484.554951,True
2.8,30,212534.206192,True
0.0,30,212587.200146,False
0.0,30,212634.601032,False
2.2,30,212677.836696,True
0.0,30,212725.933285,False
0.0,30,212769.451127,False
0.0,30,213099.103034,False
0.0,30,213147.350895,False
0.0,30,213200.244867,False
0.0,30,213250.941954,False
2.8,30,213303.203645,True
0.0,30,213347.314927,False
0.0,30,213394.424492,False
0.0,30,213443.052928,False
0.0,30,213488.711988,False
0.0,30,213531.122102,False
0.4,30,213571.730748,True
1.6,30,213653.110771,True
2.5,30,213699.638487,True
0.0,30,213744.065783,False
0.0,30,213817.692141,False
0.0,30,213862.482683,False
0.0,30,213901.664967,False
0.0,30,213960.014181,False
2.8,30,214007.166945,True
0.0,30,214055.602989,False
1.0,30,214102.452805,True
2.8,30,214149.003099,True
2.9,30,214189.853558,True
0.0,30,214230.496354,False
0.0,30,214274.264473,False
0.0,30,214328.871136,False
2.5,30,214376.114779,True
0.0,30,214417.688044,False
0.0,30,214460.212897,False
0.0,30,214514.581276,False
2.1,30,214555.014639,True
2.7,30,214604.001033,True
0.0,30,214649.277132,False
0.0,30,214690.802937,False
2.7,30,215023.335858,True
2.2,30,215069.191413,True
0.0,30,215114.329214,False
2.8,30,215159.262598,True
2.6,30,215202.711743,True
0.0,30,215243.336077,False
0.0,30,215288.220871,False
2.8,30,215374.32565,True
0.0,30,215434.318905,False
0.0,30,215479.551773,False
0.0,30,215526.13854,False
0.0,30,215574.408294,False
0.0,30,215620.236185,False
0.0,30,215666.534675,False
1.7,30,215720.477712,True
2.5,30,215772.107028,True
0.0,30,215820.148631,False
2.1,30,215864.73507,True
2.9,30,215913.613337,True
0.0,30,215959.267251,False
0.0,30,216008.972254,False
0.0,30,216052.35975,False
0.0,30,216103.157401,False
0.0,30,216153.233486,False
0.0,30,216200.407109,False
0.0,30,216245.428292,False
0.0,30,216287.644568,False
0.0,30,216337.094994,False
1.7,30,216382.078951,True
0.0,30,216422.435635,False
0.0,30,216466.920206,False
0.0,30,216519.123957,False
0.0,30,216563.17201,False
0.0,30,216614.36356,False
0.0,30,216934.428577,False
0.0,30,216976.903863,False
0.0,30,217023.162615,False
0.0,30,217069.688247,False
2.6,30,217119.423978,True
2.7,30,217166.415812,True
0.0,30,217216.894093,False
0.0,30,217267.11909,False
2.7,30,217321.902857,True
2.7,30,217369.379199,True
0.0,30,217423.783281,False
0.0,30,217468.842944,False
1.2,30,217513.53366,True
0.0,30,217561.829295,False
0.0,30,217605.326334,False
0.0,30,217649.245023,False
0.0,30,217695.775083,False
2.9,30,217740.063695,True
0.0,30,217784.851631,False
2.4,30,217837.433592,True
2.6,30,217880.983923,True
2.6,30,217923.503521,True
0.0,30,217967.864068,False
2.8,30,218019.545503,True
2.2,30,218062.103021,True
2.4,30,218111.78325,True
2.2,30,218161.147507,True
2.3,30,218209.395221,True
2.4,30,218254.259971,True
2.5,30,218299.77332,True
0.0,30,218347.215377,False
2.3,30,218390.610193,True
2.3,30,218435.652129,True
0.0,30,218478.78735,False
2.7,30,218777.964344,True
0.0,30,218827.160177,False
0.0,30,218893.549162,False
0.0,30,218930.90495,False
0.0,30,218975.272951,False
0.0,30,219021.512599,False
2.4,30,219064.690645,True
2.5,30,219118.586599,True
0.0,30,219162.758106,False
2.3,30,219212.067129,True
2.3,30,219256.750658,True
2.7,30,219304.45337,True
0.0,30,219350.282203,False
0.0,30,219400.644156,False
2.3,30,219446.895092,True
2.2,30,219496.321889,True
0.0,30,219544.075711,False
0.0,30,219590.276865,False
1.3,30,219645.95783,True
2.8,30,219694.65327,True
2.8,30,219742.122117,True
1.2,30,219785.610346,True
2.5,30,219828.352375,True
2.5,30,219875.779935,True
0.0,30,219919.524292,False
0.0,30,219971.329437,False
0.0,30,220019.078947,False
0.0,30,220067.033121,False
2.6,30,220113.030069,True
0.0,30,220154.84072,False
0.0,30,220206.776996,False
2.8,30,220251.805689,True
2.2,30,220300.365712,True
2.7,30,220355.492272,True
2.8,30,220668.915621,True
0.0,30,220723.469607,False
2.7,30,220773.947031,True
0.0,30,220828.604454,False
0.0,30,220871.866443,False
0.0,30,220915.652221,False
2.6,30,220961.08874,True
2.6,30,221004.779247,True
2.4,30,221045.790437,True
2.7,30,221087.83897,True
0.0,30,221129.737389,False
0.0,30,221167.516139,False
2.3,30,221213.210915,True
2.7,30,221258.097504,True
2.7,30,221304.679281,True
0.0,30,221353.35143,False
2.6,30,221395.754228,True
2.5,30,221442.987606,True
2.4,30,221483.938146,True
0.0,30,221527.794245,False
0.0,30,221573.853183,False
0.0,30,221621.683388,False
0.0,30,221667.872113,False
0.0,30,221711.470549,False
0.0,30,221757.736218,False
0.0,30,221810.393602,False
0.0,30,221853.725485,False
2.7,30,221897.387562,True
2.8,30,221947.056837,True
1.9,30,221996.454246,True
0.0,30,222043.346811,False
2.4,30,222085.980511,True
0.0,30,222127.778698,False
0.0,30,222172.952221,False
0.0,30,222489.436743,False
2.5,30,222536.588612,True
2.6,30,222585.705457,True
0.0,30,222626.557126,False
2.9,30,222671.813832,True
2.6,30,222714.470125,True
2.7,30,222756.632127,True
2.1,30,222800.479222,True
2.8,30,222843.007009,True
0.0,30,222888.769149,False
0.0,30,222930.394024,False
0.0,30,222977.50959,False
2.5,30,223027.64038,True
2.4,30,223072.164316,True
2.4,30,223119.765504,True
0.0,30,223167.057024,False
0.0,30,223217.640425,False
0.0,30,223266.736685,False
2.6,30,223311.805937,True
2.9,30,223362.854556,True
2.8,30,223413.982734,True
2.7,30,223464.629149,True
0.0,30,223503.590718,False
0.0,30,223544.655983,False
0.0,30,223591.126782,False
0.0,30,223639.772556,False
0.0,30,223683.750738,False
2.8,30,223728.613233,True
2.5,30,223774.222061,True
2.5,30,223820.965574,True
3.0,30,223871.963759,True
0.0,30,223920.226862,False
0.0,30,223967.350378,False
0.0,30,224016.614673,False
2.6,30,224063.836306,True
0.0,30,224400.456375,False
0.0,30,224439.364894,False
2.1,30,224484.815352,True
2.7,30,224526.399442,True
0.0,30,224573.709202,False
0.0,30,224626.020687,False
2.8,30,224672.150951,True
2.1,30,224722.171667,True
0.0,30,224764.942296,False
2.7,30,224808.668263,True
0.0,30,224853.010974,False
2.9,30,224899.112115,True
0.0,30,224948.526516,False
2.5,30,224996.222746,True
2.8,30,225042.556177,True
0.0,30,225090.639368,False
0.0,30,225138.152675,False
2.5,30,225181.886066,True
0.0,30,225229.662893,False
1.9,30,225274.291908,True
2.6,30,225317.624323,True
0.0,30,225361.833494,False
0.0,30,225408.064876,False
2.5,30,225452.969193,True
2.4,30,225500.062135,True
0.0,30,225547.993926,False
2.6,30,225595.383199,True
0.0,30,225646.528056,False
0.0,30,225695.261086,False
2.4,30,225747.320644,True
2.6,30,225797.745042,True
2.6,30,225841.719488,True
2.6,30,225885.758408,True
2.4,30,225930.422637,True
2.6,30,226217.401782,True
2.9,30,226264.132063,True
1.6,30,226304.688635,True
0.0,30,226344.061368,False
0.0,30,226390.577465,False
0.0,30,226435.828584,False
0.0,30,226486.739084,False
0.0,30,226531.867206,False
0.0,30,226579.407373,False
0.0,30,226626.735036,False
0.0,30,226674.173628,False
2.6,30,226717.959581,True
0.0,30,226761.431587,False
0.0,30,226810.934027,False
0.0,30,226857.13523,False
2.0,30,226901.685165,True
2.8,30,226945.165153,True
3.0,30,226990.23729,True
2.4,30,227048.509088,True
0.0,30,227095.095714,False
0.0,30,227145.852016,False
2.9,30,227199.316806,True
0.0,30,227250.49979,False
2.6,30,227300.631554,True
0.0,30,227344.123313,False
0.5,30,227386.875957,True
0.0,30,227435.772347,False
2.5,30,227482.264503,True
1.6,30,227526.659642,True
2.4,30,227569.464982,True
2.4,30,227610.765868,True
0.0,30,227657.534979,False
0.0,30,227702.32124,False
1.2,30,227746.502936,False
0.0,30,228043.46883,False
0.0,30,228086.950623,False
2.6,30,228136.950039,True
0.0,30,228187.649821,False
0.0,30,228232.024889,False
1.2,30,228277.060107,True
0.0,30,228323.36514,False
3.0,30,228373.94775,True
2.5,30,228415.555995,True
2.7,30,228459.968955,True
2.9,30,228507.749854,True
0.0,30,228556.666826,False
2.0,30,228604.954818,True
0.4,30,228651.630551,True
0.0,30,228697.741287,False
0.0,30,228744.588278,False
0.0,30,228801.869242,False
0.0,30,228844.352987,False
0.3,30,228889.950712,True
0.0,30,228941.191989,False
2.7,30,228991.447997,True
2.9,30,229037.631993,True
0.0,30,229082.284028,False
0.0,30,229127.587298,False
0.0,30,229173.004204,False
2.0,30,229221.072351,True
1.5,30,229259.259969,True
2.9,30,229335.054023,True
0.0,30,229385.708089,False
2.4,30,229429.47781,True
2.7,30,229470.794085,True
0.0,30,229518.110582,False
2.8,30,229567.363838,True
0.0,30,229617.227236,False
2.3,30,229921.675884,True
2.8,30,229971.316539,True
1.9,30,230017.010865,True
0.0,30,230066.581549,False
1.9,30,230113.263801,True
2.6,30,230156.807201,True
0.0,30,230202.024451,False
0.0,30,230243.473469,False
2.4,30,230294.772266,True
0.0,30,230337.997594,False
2.9,30,230391.255175,True
0.0,30,230435.055999,False
2.8,30,230476.809107,True
2.4,30,230521.843896,True
2.2,30,230570.03513,True
0.0,30,230618.170517,False
0.0,30,230664.278944,False
0.0,30,230706.743226,False
0.0,30,230751.390568,False
0.3,30,230790.244408,True
0.0,30,230839.531917,False
2.4,30,230886.854805,True
0.0,30,230934.763145,False
2.8,30,230986.631828,True
1.7,30,231046.575866,True
2.3,30,231099.249055,True
2.6,30,231153.907297,True
2.9,30,231201.328976,True
0.0,30,231240.984419,False
0.0,30,231281.89181,False
2.5,30,231335.666846,True
0.0,30,231388.288841,False
2.1,30,231435.546137,True
0.0,30,231479.45395,False
1.9,30,231755.355354,True
2.8,30,231799.483983,True
1.4,30,231844.724532,True
0.0,30,231884.648778,False
0.0,30,231927.015112,False
0.0,30,231975.190311,False
0.0,30,232018.938056,False
2.5,30,232063.041996,True
2.2,30,232108.533684,True
0.0,30,232151.736493,False
0.0,30,232203.676087,False
0.0,30,232248.773599,False
2.6,30,232293.891745,True
1.6,30,232337.880656,True
2.3,30,232388.906885,True
2.9,30,232435.461941,True
1.6,30,232484.890028,True
0.0,30,232532.37215,False
0.0,30,232580.994171,False
0.0,30,232632.801323,False
0.0,30,232671.834022,False
2.3,30,232720.444988,True
2.0,30,232765.625561,True
2.8,30,232811.308227,True
2.8,30,232853.890952,True
0.0,30,232902.492342,False
0.0,30,232946.067986,False
1.6,30,232993.394989,True
3.0,30,233041.521071,True
2.8,30,233093.708585,True
3.0,30,233137.104402,True
2.9,30,233186.517321,True
0.0,30,233239.92192,False
2.5,30,233289.220222,True
2.5,30,233595.209121,True
0.0,30,233639.449847,False
2.4,30,233682.827235,True
2.4,30,233726.537233,True
2.7,30,233768.036366,True
2.9,30,233816.452663,True
2.3,30,233867.235543,True
0.0,30,233910.404315,False
2.7,30,233954.676309,True
0.0,30,233997.891797,False
0.0,30,234046.135432,False
2.1,30,234105.088576,True
0.0,30,234158.946433,False
2.8,30,234199.467781,True
2.4,30,234244.573275,True
0.0,30,234284.598052,False
2.5,30,234332.344866,True
0.0,30,234383.222484,False
0.0,30,234433.015473,False
2.0,30,234481.2905,True
2.8,30,234523.495764,True
0.1,30,234567.558212,True
2.9,30,234614.681361,True
2.6,30,234655.610818,True
0.0,30,234705.548679,False
2.7,30,234753.309707,True
0.4,30,234795.534946,True
2.8,30,234844.562458,True
0.0,30,234888.425845,False
0.0,30,234933.604239,False
2.7,30,234986.332201,True
0.0,30,235035.063062,False
0.0,30,235082.287846,False
2.9,30,235135.731343,True
0.0,30,235422.849228,False
0.0,30,235472.723873,False
0.0,30,235518.015358,False
0.0,30,235566.657646,False
0.8,30,235610.243352,True
0.0,30,235651.097932,False
2.6,30,235699.154073,True
2.5,30,235743.908093,True
3.0,30,235791.197118,True
0.0,30,235835.401477,False
0.0,30,235880.193371,False
0.0,30,235923.891753,False
0.0,30,235965.25157,False
0.0,30,236006.81386,False
0.0,30,236050.236179,False
0.0,30,236094.103523,False
0.0,30,236140.237031,False
0.0,30,236186.156989,False
2.7,30,236229.113669,True
2.8,30,236270.425187,True
1.8,30,236321.053939,True
2.3,30,236364.412081,True
2.8,30,236407.829565,True
0.0,30,236450.190299,False
2.3,30,236494.970828,True
2.8,30,236540.151945,True
2.5,30,236594.813544,True
2.8,30,236639.012999,True
0.0,30,236680.457539,False
2.8,30,236723.730074,True
0.0,30,236773.069116,False
2.6,30,236819.928611,True
2.7,30,236864.101658,True
0.0,30,236909.184511,False
0.0,30,236952.492447,False
0.0,30,237268.577909,False
0.0,30,237312.18153,False
0.0,30,237368.965429,False
0.0,30,237415.927702,False
2.5,30,237466.512999,True
0.0,30,237514.077161,False
2.7,30,237559.720624,True
3.0,30,237607.667674,True
0.0,30,237650.602462,False
2.6,30,237696.303973,True
0.0,30,237742.437595,False
2.6,30,237795.263158,True
2.5,30,237838.4873,True
2.8,30,237887.025853,True
0.0,30,237934.753796,False
0.0,30,237979.878735,False
2.6,30,238024.30242,True
0.0,30,238068.150891,False
2.3,30,238112.85865,False
2.8,30,238156.216421,True
0.0,30,238204.852732,False
0.0,30,238248.829676,False
0.0,30,238301.404903,False
2.5,30,238346.735506,True
1.8,30,238388.313316,True
2.6,30,238430.262501,True
0.0,30,238476.469098,False
0.0,30,238526.948967,False
2.6,30,238570.887165,True
0.0,30,238622.644569,False
0.0,30,238667.081312,False
0.0,30,238714.932539,False
2.6,30,238757.254707,True
2.7,30,238801.409846,True
2.4,30,239132.908795,True
2.6,30,239171.750659,True
3.0,30,239218.393684,True
0.0,30,239265.33824,False
2.5,30,239314.864681,True
0.0,30,239363.12289,False
2.7,30,239408.287733,True
2.6,30,239455.285135,True
1.0,30,239497.61625,True
0.0,30,239545.843053,False
0.0,30,239601.638683,False
0.0,30,239644.498887,False
0.0,30,239693.70168,False
0.0,30,239741.391458,False
2.9,30,239788.287009,True
2.3,30,239840.94272,True
0.0,30,239892.843536,False
1.4,30,240001.596588,True
0.0,30,240053.888319,False
2.7,30,240110.048936,True
0.8,30,240153.304346,True
3.0,30,240197.488957,True
1.8,30,240239.745972,True
2.9,30,240288.229179,True
2.8,30,240328.799805,True
2.7,30,240374.674727,True
3.0,30,240432.05318,True
0.0,30,240481.681951,False
3.0,30,240527.825975,True
2.8,30,240575.921462,True
1.9,30,240626.829048,True
1.9,30,240670.86613,True
2.9,30,240714.59523,True
2.7,30,240763.842867,True
2.5,30,241074.563666,True
2.8,30,241119.562027,True
0.0,30,241166.072163,False
0.0,30,241214.874339,False
0.0,30,241265.587077,False
0.0,30,241318.4426,False
0.0,30,241360.63072,False
2.6,30,241404.451358,True
0.0,30,241446.40033,False
2.9,30,241490.470821,True
0.0,30,241542.581682,False
2.8,30,241584.003337,True
0.0,30,241626.044139,False
2.5,30,241668.02886,True
2.2,30,241718.45085,True
2.8,30,241768.703663,True
0.0,30,241810.476563,False
3.0,30,241855.277851,True
2.5,30,241899.224619,True
0.0,30,241947.273082,False
0.0,30,241997.651959,False
2.9,30,242040.293522,True
2.6,30,242086.620046,True
0.0,30,242135.809061,False
2.4,30,242177.263169,True
0.0,30,242224.336566,False
0.0,30,242267.548177,False
0.0,30,242325.696582,False
2.2,30,242370.049018,True
0.0,30,242442.576063,False
0.0,30,242488.256347,False
2.0,30,242534.374204,True
0.0,30,242585.421341,False
3.0,30,242629.247501,True
2.5,30,242941.086601,True
0.0,30,242986.994898,False
2.8,30,243033.998624,True
0.0,30,243080.383472,False
2.6,30,243128.156114,True
0.0,30,243166.599881,False
0.0,30,243214.536839,False
2.7,30,243257.477786,True
0.0,30,243300.784262,False
0.0,30,243349.334987,False
2.5,30,243398.27484,True
0.0,30,243442.627297,False
2.7,30,243488.183918,True
2.6,30,243528.895236,True
0.0,30,243579.199258,False
2.8,30,243645.889293,True
2.7,30,243691.583442,True
2.3,30,243739.538848,True
2.6,30,243797.215631,True
0.0,30,243842.016892,False
0.0,30,243886.016101,False
0.0,30,243929.209971,False
0.0,30,243973.736207,False
1.9,30,244027.380595,True
0.0,30,244075.308303,False
2.4,30,244117.450779,True
0.0,30,244163.398318,False
0.0,30,244210.008132,False
0.0,30,244254.842081,False
0.0,30,244301.512209,False
2.6,30,244347.250518,True
1.9,30,244388.954539,True
2.2,30,244441.060037,True
0.0,30,244486.143431,False
0.0,30,244798.55019,False
2.1,30,244842.814004,True
3.0,30,244893.223584,True
2.8,30,244945.379652,True
0.9,30,244992.895212,True
0.0,30,245037.256389,False
0.8,30,245085.306661,True
2.1,30,245130.700186,True
0.0,30,245176.301485,False
2.5,30,245218.466829,True
0.0,30,245266.766668,False
2.9,30,245310.268618,True
0.9,30,245356.508514,True
2.4,30,245397.785878,True
2.7,30,245453.141844,True
1.3,30,245503.44473,True
1.2,30,245551.209028,False
0.0,30,245594.51649,False
0.0,30,245640.631521,False
0.0,30,245688.476251,False
0.0,30,245738.217544,False
1.6,30,245788.619083,True
2.7,30,245838.901492,True
0.0,30,245886.4846,False
2.3,30,245931.048024,True
0.0,30,245989.633166,False
2.6,30,246036.705064,True
1.7,30,246080.155025,True
0.0,30,246129.646992,False
2.6,30,246177.958737,True
2.8,30,246220.975922,True
1.8,30,246263.609806,True
0.0,30,246309.449385,False
2.8,30,246359.746461,True
0.0,30,246702.302537,False
0.0,30,246750.308443,False
2.2,30,246794.86702,False
2.7,30,246837.989144,True
0.3,30,246888.796982,False
0.0,30,246937.563674,False
0.0,30,246981.33143,False
2.8,30,247031.646531,True
2.5,30,247081.149867,True
0.9,30,247125.611927,True
0.0,30,247175.480763,False
0.0,30,247220.595355,False
2.7,30,247265.10642,True
0.0,30,247308.022794,False
0.0,30,247346.747731,False
0.0,30,247392.789585,False
0.0,30,247435.294816,False
0.0,30,247481.845409,False
2.8,30,247530.422304,True
0.0,30,247582.046021,False
2.6,30,247625.62969,True
2.4,30,247673.661604,True
0.0,30,247723.957203,False
0.0,30,247769.575397,False
0.0,30,247813.174533,False
0.0,30,247859.556201,False
0.0,30,247927.80391,False
2.4,30,247969.125472,True
1.6,30,248013.610775,True
2.7,30,248059.532179,True
2.5,30,248110.77234,True
0.0,30,248162.539745,False
0.0,30,248216.546993,False
3.0,30,248267.918289,True
0.0,30,248605.17561,False
1.4,30,248649.26296,True
0.0,30,248694.813307,False
2.8,30,248741.480716,True
2.6,30,248790.183264,True
0.0,30,248834.344675,False
3.0,30,248880.693338,True
0.0,30,248928.120423,False
0.0,30,248982.660202,False
2.6,30,249034.213898,True
1.8,30,249086.024322,True
0.0,30,249128.10219,False
0.0,30,249171.096304,False
0.0,30,249223.501768,False
2.8,30,249267.795639,True
2.0,30,249316.088634,True
2.5,30,249355.799938,True
0.0,30,249410.230375,False
1.9,30,249462.745981,True
0.0,30,249508.860121,False
0.0,30,249553.883273,False
0.0,30,249627.091268,False
0.0,30,249673.169126,False
1.6,30,249718.374306,True
2.8,30,249763.436623,True
0.0,30,249808.788487,False
2.0,30,249863.776761,True
0.0,30,249909.934082,False
0.0,30,249954.899631,False
2.2,30,250003.09324,True
2.8,30,250046.643844,True
2.7,30,250090.284782,True
2.2,30,250138.972838,True
0.0,30,250185.586535,False
2.8,30,250508.786503,True
0.0,30,250551.590353,False
0.0,30,250598.789485,False
2.6,30,250648.763806,True
0.0,30,250698.198061,False
0.0,30,250743.62876,False
1.7,30,250786.55444,True
2.7,30,250836.798656,True
3.0,30,250881.438101,True
2.7,30,250924.504901,True
3.0,30,250967.097436,True
0.0,30,251011.220568,False
0.0,30,251054.161521,False
0.0,30,251097.795867,False
0.0,30,251147.75851,False
0.0,30,251197.533423,False
2.8,30,251247.591548,True
0.4,30,251300.73512,True
2.2,30,251348.515206,True
0.0,30,251400.423364,False
1.4,30,251446.883839,True
0.0,30,251490.58712,False
0.0,30,251533.180256,False
0.0,30,251579.06686,False
0.7,30,251622.080374,True
1.4,30,251669.946293,True
0.0,30,251719.245342,False
2.5,30,251767.120955,True
1.0,30,251812.516022,False
0.0,30,251854.193599,False
2.8,30,251895.078711,True
0.0,30,251937.750397,False
2.7,30,251980.425246,True
2.6,30,252030.144604,True
2.5,30,252082.250717,True
0.0,30,252405.292341,False
2.5,30,252450.314058,True
0.0,30,252497.325908,False
2.5,30,252545.089589,True
0.0,30,252591.80186,False
0.0,30,252645.883901,False
0.0,30,252692.808739,False
0.0,30,252751.209985,False
2.5,30,252795.530506,True
2.7,30,252839.918031,True
0.0,30,252887.791393,False
0.0,30,252935.951247,False
0.0,30,252984.607671,False
2.1,30,253027.615704,True
0.0,30,253071.556058,False
2.6,30,253115.201135,True
2.7,30,253160.306515,True
0.0,30,253219.058754,False
2.8,30,253264.568879,True
2.7,30,253311.501324,True
2.3,30,253354.483972,True
0.0,30,253400.825662,False
2.8,30,253455.36789,True
2.8,30,253502.784603,True
0.0,30,253548.483317,False
0.0,30,253588.309705,False
1.2,30,253634.789789,True
2.6,30,253682.979222,True
0.0,30,253724.434279,False
2.2,30,253772.574224,True
0.0,30,253819.270536,False
1.3,30,253865.260551,True
0.0,30,253920.353922,False
0.0,30,253968.192946,False
2.6,30,254295.536704,True
0.0,30,254342.204078,False
0.0,30,254388.039851,False
2.5,30,254430.089067,True
3.0,30,254476.432637,True
0.0,30,254526.33441,False
2.6,30,254574.968131,True
0.0,30,254624.390834,False
0.0,30,254669.695706,False
0.0,30,254720.373982,False
0.0,30,254764.752034,False
0.0,30,254815.737411,False
0.0,30,254856.208064,False
2.6,30,254897.22404,True
0.0,30,254944.901339,False
0.0,30,254996.824595,False
0.0,30,255041.593124,False
1.8,30,255087.594018,True
0.0,30,255132.347295,False
0.0,30,255188.533034,False
2.0,30,255233.775671,True
2.8,30,255280.912232,True
0.0,30,255326.543486,False
0.0,30,255369.001508,False
2.5,30,255411.520008,True
0.0,30,255463.633598,False
2.9,30,255511.135327,True
0.0,30,255557.923574,False
2.2,30,255602.790963,True
2.7,30,255652.639469,True
2.0,30,255707.087533,True
0.0,30,255750.300491,False
0.0,30,255796.715852,False
0.0,30,255841.088053,False
2.6,30,256180.890133,True
2.9,30,256227.528059,True
0.0,30,256279.383125,False
0.0,30,256326.896905,False
0.0,30,256373.354137,False
2.5,30,256424.985963,True
2.8,30,256472.669525,True
0.0,30,256525.629378,False
0.0,30,256576.854683,False
2.8,30,256628.547755,True
0.0,30,256678.275803,False
2.9,30,256726.017914,True
2.6,30,256773.111797,True
0.0,30,256816.495298,False
3.0,30,256858.103791,True
0.0,30,256904.068162,False
3.0,30,256947.997778,True
1.1,30,256997.51344,False
0.0,30,257046.109539,False
2.0,30,257095.75557,True
2.6,30,257162.212533,True
1.1,30,257211.537244,True
1.5,30,257259.054945,True
0.0,30,257309.342249,False
0.0,30,257357.40342,False
0.0,30,257405.547067,False
0.0,30,257452.687894,False
0.0,30,257506.097628,False
0.0,30,257553.068366,False
2.8,30,257595.517094,True
2.9,30,257636.181578,True
0.0,30,257679.581013,False
0.0,30,257723.647665,False
2.8,30,257778.783373,True
0.8,30,258112.75716,True
2.8,30,258159.132072,True
0.0,30,258216.148868,False
0.0,30,258264.106664,False
2.7,30,258310.812558,True
2.8,30,258359.623538,True
0.0,30,258406.497741,False
2.7,30,258456.791603,True
2.4,30,258504.875107,True
0.0,30,258548.104842,False
2.8,30,258594.705525,True
0.0,30,258640.559895,False
2.7,30,258683.098641,True
0.0,30,258730.035649,False
2.1,30,258789.14168,True
0.0,30,258833.006459,False
2.4,30,258883.377647,True
2.3,30,258927.546196,True
0.0,30,258977.437974,False
0.0,30,259021.44472,False
0.0,30,259072.616139,False
2.7,30,259114.077086,True
0.0,30,259158.867139,False
0.0,30,259204.316159,False
2.9,30,259254.438786,True
2.4,30,259303.754962,True
2.6,30,259353.166184,True
0.0,30,259403.625807,False
0.0,30,259455.807016,False
0.0,30,259500.360882,False
2.1,30,259544.279326,True
0.0,30,259596.429354,False
0.0,30,259643.15925,False
0.0,30,259689.002014,False
0.0,30,260049.441965,False
0.0,30,260099.199732,False
0.0,30,260147.802865,False
2.6,30,260200.678717,True
0.0,30,260245.580749,False
2.7,30,260300.140096,True
0.0,30,260349.498182,False
0.0,30,260407.291702,False
0.0,30,260458.821552,False
0.0,30,260505.940154,False
0.0,30,260564.967712,False
2.8,30,260606.917857,True
2.9,30,260653.641872,True
2.1,30,260698.57773,True
2.3,30,260743.459814,True
2.8,30,260791.979885,True
0.0,30,260841.113669,False
0.0,30,260885.656413,False
2.6,30,260935.096566,True
0.0,30,260984.867085,False
2.9,30,261035.321052,True
0.1,30,261082.220143,True
0.0,30,261134.021382,False
0.0,30,261183.461123,False
2.7,30,261231.1936,True
0.0,30,261281.840453,False
2.6,30,261323.023749,True
0.0,30,261365.739538,False
2.5,30,261408.654624,True
0.0,30,261464.454247,False
0.0,30,261512.831,False
2.1,30,261560.878515,True
0.0,30,261607.22367,False
2.7,30,261652.812199,True
2.6,30,261985.64098,True
0.0,30,262028.704783,False
2.8,30,262079.143833,True
0.0,30,262124.557958,False
0.0,30,262174.471232,False
1.8,30,262218.412952,True
0.0,30,262264.833167,False
0.0,30,262309.033765,False
0.0,30,262356.5048,False
0.0,30,262406.08667,False
2.4,30,262454.427241,True
0.0,30,262495.636841,False
2.6,30,262549.177928,True
1.5,30,262594.85048,True
0.0,30,262640.93665,False
1.9,30,262687.539553,True
0.0,30,262733.529467,False
0.0,30,262778.508915,False
1.2,30,262829.15368,True
0.0,30,262870.537209,False
0.0,30,262913.696151,False
2.8,30,262959.808685,True
0.0,30,263009.382389,False
2.1,30,263055.327197,True
2.6,30,263094.907576,True
2.3,30,263139.690816,True
2.6,30,263193.25061,True
0.0,30,263236.360038,False
0.0,30,263278.382355,False
0.0,30,263325.92583,False
2.8,30,263375.331024,True
1.3,30,263420.262985,True
0.0,30,263473.255619,False
2.6,30,263515.777425,True
2.1,30,263867.2753,True
1.3,30,263919.679121,True
0.0,30,263973.576609,False
0.0,30,264018.165759,False
2.8,30,264064.250038,True
2.4,30,264120.025428,True
0.0,30,264169.894607,False
0.0,30,264216.717995,False
2.7,30,264267.488634,True
0.0,30,264312.85666,False
0.0,30,264358.057018,False
0.0,30,264402.644082,False
0.0,30,264444.185182,False
0.0,30,264491.404116,False
2.0,30,264543.587605,True
0.0,30,264600.513098,False
0.0,30,264646.76681,False
0.0,30,264694.087603,False
2.7,30,264738.219108,True
2.7,30,264788.024886,True
0.0,30,264833.9969,False
2.6,30,264883.116716,True
0.0,30,264936.889329,False
0.0,30,264983.427783,False
2.7,30,265029.754509,True
0.0,30,265075.677872,False
2.3,30,265118.935781,True
2.5,30,265162.993859,True
0.0,30,265217.652297,False
0.0,30,265272.847477,False
2.6,30,265316.197563,True
0.0,30,265361.192225,False
0.0,30,265410.661301,False
0.0,30,265458.771234,False
0.0,30,265504.763289,False
0.0,30,265845.311942,False
2.8,30,265894.046513,True
0.0,30,265939.502621,False
0.0,30,265984.248044,False
2.6,30,266030.204367,True
0.0,30,266081.557382,False
0.0,30,266127.534794,False
2.4,30,266172.165314,True
2.7,30,266214.925182,True
0.0,30,266262.755091,False
2.3,30,266304.291187,True
0.0,30,266357.624365,False
2.3,30,266399.303939,True
0.0,30,266447.721537,False
0.0,30,266492.837617,False
2.1,30,266539.766826,True
2.2,30,266580.025065,True
2.7,30,266627.849294,True
0.0,30,266679.512379,False
0.0,30,266727.520638,False
2.7,30,266772.121009,True
1.9,30,266820.424856,True
0.0,30,266866.294156,False
2.8,30,266914.847893,True
0.0,30,266958.707932,False
0.0,30,267002.609486,False
0.0,30,267043.826061,False
2.2,30,267087.886229,True
2.4,30,267133.379385,True
2.6,30,267176.828001,True
0.1,30,267224.967285,False
2.9,30,267273.750399,True
0.0,30,267321.297495,False
1.2,30,267369.414582,False
2.3,30,267730.960666,True
0.0,30,267782.705934,False
0.0,30,267825.500764,False
0.0,30,267873.422796,False
0.0,30,267918.489481,False
2.6,30,267969.473036,True
2.4,30,268017.387967,True
0.0,30,268060.355468,False
2.6,30,268107.717713,True
2.8,30,268155.735397,True
2.8,30,268201.253927,True
2.6,30,268245.774452,True
2.8,30,268291.462186,True
0.0,30,268335.053343,False
0.0,30,268388.021042,False
2.7,30,268435.718708,True
2.1,30,268477.337085,True
0.0,30,268523.724563,False
3.0,30,268572.699997,True
2.3,30,268622.017843,True
2.9,30,268664.516705,True
0.1,30,268707.43481,True
2.7,30,268753.361391,True
2.5,30,268799.711549,True
2.6,30,268848.130304,True
2.1,30,268892.42404,True
2.4,30,268936.971356,True
1.5,30,268978.261526,True
0.0,30,269030.301377,False
0.0,30,269075.507197,False
0.0,30,269126.625699,False
0.0,30,269173.998097,False
0.4,30,269220.659649,True
0.0,30,269269.101769,False
0.0,30,269610.274153,False
0.7,30,269660.479939,True
0.0,30,269706.452652,False
0.9,30,269752.249026,True
0.0,30,269801.30119,False
2.7,30,269848.06747,True
2.5,30,269902.605824,True
0.0,30,269948.526539,False
0.0,30,269992.377694,False
2.5,30,270035.984674,True
2.8,30,270086.267031,True
0.0,30,270131.135575,False
0.0,30,270176.936446,False
0.0,30,270231.847239,False
0.0,30,270276.496878,False
2.6,30,270322.592655,True
2.8,30,270366.676297,True
2.5,30,270416.524841,True
2.1,30,270462.832698,True
0.0,30,270512.273226,False
0.0,30,270567.604196,False
0.0,30,270611.821521,False
2.5,30,270666.114836,True
2.5,30,270714.193992,True
1.0,30,270765.693439,True
2.7,30,270823.147902,True
2.6,30,270871.593776,True
2.7,30,270917.818372,True
0.0,30,270968.445428,False
2.0,30,271014.627658,True
2.6,30,271061.530988,True
0.8,30,271110.441351,True
2.5,30,271161.983074,True
2.9,30,271217.856524,True
0.0,30,271547.945073,False
2.4,30,271600.814378,True
0.0,30,271655.235188,False
2.9,30,271695.70664,True
0.0,30,271743.167121,False
2.9,30,271793.172428,True
2.4,30,271837.439705,True
2.7,30,271879.781653,True
2.2,30,271926.758658,True
0.0,30,271976.31315,False
2.1,30,272022.591659,True
0.0,30,272066.969367,False
0.0,30,272111.968933,False
1.0,30,272162.084789,True
0.0,30,272217.546481,False
2.4,30,272262.225417,True
0.0,30,272305.203247,False
2.3,30,272352.208771,True
0.0,30,272396.143212,False
2.9,30,272445.179755,True
2.3,30,272489.78504,True
0.0,30,272533.22594,False
0.7,30,272583.191011,False
2.2,30,272626.000426,True
0.0,30,272671.839491,False
0.0,30,272717.692132,False
0.0,30,272771.740973,False
0.0,30,272816.632701,False
3.0,30,272868.32077,True
0.0,30,272910.236313,False
0.0,30,272953.95683,False
0.0,30,272996.862098,False
0.0,30,273042.455143,False
2.4,30,273088.409559,True
3.0,30,273385.07104,True
0.0,30,273437.366086,False
2.1,30,273489.418285,True
0.0,30,273539.1286,False
0.0,30,273585.17277,False
0.0,30,273631.676057,False
2.4,30,273674.30119,True
0.0,30,273725.416584,False
2.8,30,273773.525465,True
0.0,30,273817.871385,False
2.1,30,273862.096039,True
2.4,30,273906.682797,True
2.7,30,273950.457189,True
0.0,30,274002.039916,False
0.0,30,274049.077631,False
0.0,30,274093.135,False
0.0,30,274139.558195,False
2.8,30,274200.357273,True
2.3,30,274245.203331,True
1.8,30,274290.547993,True
0.0,30,274334.07139,False
2.2,30,274381.873213,True
2.3,30,274429.50123,True
0.0,30,274476.043312,False
0.0,30,274524.677499,False
2.5,30,274569.417832,True
0.0,30,274610.614164,False
0.0,30,274653.548582,False
2.5,30,274703.014428,True
0.0,30,274747.836197,False
1.0,30,274796.182768,True
1.8,30,274840.515889,False
0.0,30,274883.992631,False
2.2,30,274928.257559,True
0.0,30,275239.857482,False
0.0,30,275287.322054,False
0.0,30,275328.181069,False
0.0,30,275372.793484,False
0.0,30,275420.595632,False
2.8,30,275471.580748,True
0.0,30,275513.58846,False
0.0,30,275558.438542,False
0.0,30,275599.473947,False
2.6,30,275644.670054,True
2.1,30,275688.875019,True
2.2,30,275738.520089,True
2.3,30,275788.103943,True
2.8,30,275832.209609,True
0.0,30,275871.707802,False
0.0,30,275911.76964,False
0.0,30,275955.909064,False
2.5,30,275999.470272,True
0.0,30,276049.914432,False
2.5,30,276097.67667,True
2.8,30,276146.134173,True
0.0,30,276195.598602,False
1.6,30,276247.434683,True
2.4,30,276296.059715,True
0.0,30,276348.775824,False
0.0,30,276394.582683,False
2.8,30,276438.172536,True
0.0,30,276483.998424,False
2.6,30,276532.740178,True
2.2,30,276578.429551,True
0.0,30,276630.207816,False
2.8,30,276673.361468,True
2.5,30,276723.401475,True
0.0,30,276770.726611,False
2.7,30,277061.8505,True
0.0,30,277109.872197,False
2.6,30,277152.218924,True
0.0,30,277194.770472,False
2.5,30,277246.272174,True
3.0,30,277292.465444,True
2.8,30,277335.748345,True
2.7,30,277382.734815,True
0.0,30,277425.685171,False
0.0,30,277475.376822,False
0.0,30,277525.359119,False
0.0,30,277570.458213,False
0.0,30,277626.242632,False
0.0,30,277673.983098,False
1.6,30,277715.166397,True
2.2,30,277764.733205,True
0.0,30,277811.1309,False
1.0,30,277862.455622,True
0.0,30,277907.373461,False
0.0,30,277951.886814,False
2.4,30,278005.424953,True
0.0,30,278065.001163,False
2.3,30,278109.649933,True
0.0,30,278157.087028,False
0.0,30,278198.554217,False
2.8,30,278250.318046,True
0.0,30,278301.660952,False
0.0,30,278348.751002,False
2.7,30,278391.175604,True
0.0,30,278441.295609,False
0.0,30,278489.1119,False
0.0,30,278536.14245,False
1.8,30,278579.018952,True
0.0,30,278621.748972,False
0.0,30,278941.443205,False
2.8,30,278989.397118,True
2.7,30,279044.261813,True
2.5,30,279088.413691,True
0.0,30,279132.390594,False
1.4,30,279182.769324,True
0.0,30,279230.078479,False
2.9,30,279275.813873,True
0.0,30,279329.236539,False
2.7,30,279369.589997,True
2.8,30,279411.99215,True
2.1,30,279461.953335,True
0.0,30,279503.466508,False
0.0,30,279547.512094,False
0.0,30,279593.857982,False
0.0,30,279645.51599,False
2.7,30,279690.538628,True
0.0,30,279740.480009,False
0.0,30,279791.653187,False
2.9,30,279841.119479,True
0.0,30,279887.948112,False
1.1,30,279931.762089,True
2.3,30,279975.321902,True
2.7,30,280023.627905,True
3.0,30,280070.261056,True
0.0,30,280120.907157,False
0.0,30,280164.585397,False
0.0,30,280215.080182,False
0.9,30,280259.125075,True
2.2,30,280313.294867,True
2.6,30,280357.899419,True
0.1,30,280401.998376,True
0.0,30,280455.389866,False
0.0,30,280500.903893,False
0.0,30,280547.512174,False
0.0,30,280840.869475,False
2.2,30,280885.968239,True
2.7,30,280932.089811,True
2.1,30,280979.913554,True
0.0,30,281028.245403,False
1.6,30,281073.758583,True
0.0,30,281119.625424,False
0.5,30,281163.504937,True
2.0,30,281213.85867,True
2.6,30,281257.736558,True
2.5,30,281306.104944,True
0.0,30,281351.514293,False
0.0,30,281396.063122,False
0.0,30,281437.920272,False
0.0,30,281482.454118,False
2.5,30,281537.035564,True
2.8,30,281582.862732,True
2.6,30,281630.149326,True
1.5,30,281676.671098,True
2.8,30,281726.918497,True
2.2,30,281771.879214,True
0.0,30,281817.346071,False
0.0,30,281864.340035,False
0.0,30,281913.856169,False
0.0,30,281961.819726,False
2.8,30,282011.259074,True
2.8,30,282056.679409,True
0.0,30,282101.80853,False
0.0,30,282149.474336,False
0.0,30,282195.906493,False
0.0,30,282244.98783,False
0.0,30,282296.002486,False
2.2,30,282344.250965,True
0.0,30,282399.422021,False
3.0,30,282737.963291,True
0.0,30,282783.506677,False
0.0,30,282834.202292,False
0.0,30,282893.250575,False
0.0,30,282938.299381,False
0.0,30,282986.933191,False
2.5,30,283034.435972,True
0.0,30,283082.22298,False
2.6,30,283131.869695,True
2.3,30,283185.635734,True
0.0,30,283239.813999,False
3.0,30,283287.584927,True
0.0,30,283338.192735,False
2.6,30,283381.525504,True
2.6,30,283436.577028,True
2.5,30,283486.880741,True
2.8,30,283534.748798,True
2.6,30,283584.051794,True
0.0,30,283627.132277,False
0.0,30,283678.216578,False
0.0,30,283722.329488,False
0.0,30,283773.335999,False
2.7,30,283822.120255,True
2.4,30,283867.560189,True
0.0,30,283915.85474,False
1.9,30,283962.567261,True
0.0,30,284010.274418,False
2.5,30,284056.689602,True
0.0,30,284106.473394,False
2.7,30,284152.700929,True
0.3,30,284200.986528,True
0.0,30,284252.569813,False
0.2,30,284301.606504,False
0.0,30,284348.805406,False
2.5,30,284686.180212,True
0.0,30,284737.123546,False
0.0,30,284790.515139,False
2.6,30,284841.545573,True
0.0,30,284891.187091,False
2.4,30,284939.424412,True
0.0,30,284986.751055,False
0.0,30,285032.119512,False
2.8,30,285079.631456,True
2.9,30,285130.296452,True
0.0,30,285177.786017,False
2.8,30,285219.363588,True
0.0,30,285267.819045,False
2.6,30,285314.806164,True
0.9,30,285358.008774,True
2.5,30,285411.562906,True
0.0,30,285462.083293,False
0.0,30,285509.957436,False
2.2,30,285554.22199,True
0.0,30,285599.317446,False
0.0,30,285649.202545,False
0.0,30,285701.231982,False
2.3,30,285748.343255,True
0.0,30,285793.857634,False
0.0,30,285844.577579,False
0.0,30,285894.973772,False
0.0,30,285937.834007,False
0.0,30,285987.011567,False
3.0,30,286030.910019,True
0.0,30,286082.097346,False
0.0,30,286128.230272,False
0.0,30,286179.84839,False
2.7,30,286224.217227,True
1.8,30,286278.152674,True
2.6,30,286640.029233,True
0.6,30,286693.447768,True
0.0,30,286736.799306,False
2.7,30,286786.044236,True
3.0,30,286836.890099,True
2.5,30,286880.371494,True
0.0,30,286930.834403,False
2.9,30,286979.220041,True
0.8,30,287022.468924,True
0.0,30,287066.684906,False
2.7,30,287113.133675,True
2.8,30,287158.393941,True
0.0,30,287205.9726,False
1.5,30,287259.825823,True
3.0,30,287310.201121,True
0.0,30,287359.758286,False
2.7,30,287402.548435,True
2.6,30,287451.942959,True
0.0,30,287501.273719,False
2.8,30,287551.013854,True
0.0,30,287601.603978,False
0.0,30,287648.508836,False
2.6,30,287698.383009,True
2.1,30,287741.867667,True
0.5,30,287789.196986,True
0.0,30,287839.188592,False
3.0,30,287880.708464,True
2.1,30,287923.418797,True
0.0,30,287964.153785,False
0.0,30,288012.523847,False
0.0,30,288057.356991,False
0.0,30,288107.417787,False
0.4,30,288152.844686,False
0.0,30,288197.099219,False
2.7,30,288506.781019,True
0.0,30,288554.614715,False
1.2,30,288596.129493,True
2.8,30,288634.609134,True
2.3,30,288684.605435,True
2.5,30,288731.700535,True
0.0,30,288806.544677,False
2.0,30,288854.860437,True
1.9,30,288903.723021,True
0.0,30,288946.132552,False
2.2,30,288992.317776,True
2.3,30,289040.120429,True
0.0,30,289092.304324,False
2.5,30,289135.291764,True
0.0,30,289186.905087,False
0.0,30,289240.33106,False
1.9,30,289288.461866,True
0.0,30,289335.236681,False
2.6,30,289382.887988,True
0.0,30,289422.675883,False
0.0,30,289467.840625,False
2.6,30,289517.058712,True
0.0,30,289571.658885,False
3.0,30,289610.762859,True
0.0,30,289658.157298,False
2.8,30,289702.573465,True
0.0,30,289746.897535,False
0.0,30,289796.195289,False
2.6,30,289845.077821,True
2.5,30,289904.372548,True
0.0,30,289951.421866,False
0.0,30,289998.321389,False
1.5,30,290044.782816,True
0.0,30,290101.801558,False
0.0,30,290451.953237,False
0.0,30,290497.610013,False
0.0,30,290546.72666,False
0.4,30,290595.380054,True
3.0,30,290643.976557,True
0.0,30,290688.671981,False
2.2,30,290736.703363,True
2.5,30,290780.379768,True
0.0,30,290825.406732,False
2.9,30,290872.656708,True
0.0,30,290925.625339,False
0.0,30,290989.316236,False
2.1,30,291037.703694,False
0.0,30,291083.633206,False
0.0,30,291126.897335,False
0.0,30,291170.51487,False
0.0,30,291219.820503,False
0.0,30,291261.99051,False
0.0,30,291305.318575,False
0.0,30,291355.386603,False
2.4,30,291401.254272,True
2.8,30,291443.041072,True
2.7,30,291486.423358,True
3.0,30,291534.18342,True
2.4,30,291582.676671,True
0.0,30,291625.323583,False
1.1,30,291675.114121,True
1.7,30,291725.09745,True
0.0,30,291773.387353,False
2.4,30,291824.986943,True
0.0,30,291872.420197,False
2.8,30,291916.195055,True
0.0,30,291958.348917,False
2.5,30,292004.713975,True
2.7,30,292377.980941,True
0.0,30,292435.653736,False
2.9,30,292485.9274,True
2.8,30,292530.130795,True
0.0,30,292574.072995,False
0.0,30,292631.120814,False
0.0,30,292682.683941,False
2.4,30,292732.875832,True
2.5,30,292780.667102,True
2.0,30,292820.310365,True
0.0,30,292866.979111,False
2.6,30,292907.430256,True
0.0,30,292953.139966,False
0.0,30,292994.461195,False
0.0,30,293042.029651,False
0.0,30,293091.350209,False
0.0,30,293140.042704,False
2.6,30,293192.309769,True
0.0,30,293234.766864,False
0.0,30,293280.521139,False
2.6,30,293327.133611,True
2.6,30,293375.450513,True
1.7,30,293421.32895,True
0.0,30,293465.024121,False
0.0,30,293506.754457,False
0.0,30,293549.699783,False
2.6,30,293594.888544,True
2.2,30,293642.974658,True
2.8,30,293684.617041,True
0.0,30,293735.152997,False
0.0,30,293783.276262,False
0.0,30,293833.179462,False
2.5,30,293874.92593,True
2.4,30,293922.772953,True
0.0,30,293972.476734,False
2.6,30,294285.074996,True
0.0,30,294324.595064,False
0.0,30,294367.937898,False
2.0,30,294415.067029,True
0.0,30,294457.739678,False
0.0,30,294505.468416,False
1.5,30,294554.97246,False
0.0,30,294602.927996,False
2.4,30,294648.368288,True
2.2,30,294698.743963,True
2.4,30,294741.105675,True
0.0,30,294784.708538,False
2.5,30,294834.225379,True
0.0,30,294875.765289,False
1.0,30,294924.643702,True
2.6,30,294972.958752,True
2.8,30,295020.659551,True
0.0,30,295065.372351,False
2.8,30,295109.701568,True
2.3,30,295157.681306,True
3.0,30,295206.291107,True
0.0,30,295251.832447,False
0.0,30,295294.057102,False
0.0,30,295340.416991,False
2.9,30,295388.057045,True
0.0,30,295434.067996,False
2.6,30,295479.368246,True
0.0,30,295537.644259,False
0.0,30,295581.894299,False
2.5,30,295622.095467,True
2.8,30,295664.072498,True
0.0,30,295710.581222,False
0.0,30,295754.026742,False
0.0,30,295805.705839,False
0.0,30,296114.692489,False
3.0,30,296158.203029,True
0.0,30,296202.773087,False
0.0,30,296248.112521,False
0.0,30,296291.180176,False
2.7,30,296332.013047,True
0.0,30,296377.993846,False
0.0,30,296424.430297,False
0.0,30,296468.051682,False
2.9,30,296515.660946,True
0.5,30,296557.506604,True
3.0,30,296604.872794,True
0.0,30,296652.213437,False
0.0,30,296698.708423,False
2.8,30,296741.475564,True
2.0,30,296784.123395,True
0.0,30,296835.327004,False
2.4,30,296879.477269,True
0.0,30,296922.14519,False
0.0,30,296971.89538,False
2.6,30,297019.424405,True
2.9,30,297064.138964,True
0.0,30,297109.148053,False
0.0,30,297156.663298,False
2.6,30,297200.18801,True
2.3,30,297246.582114,True
1.5,30,297301.786436,True
2.5,30,297350.046544,True
0.0,30,297393.925049,False
0.9,30,297436.271874,True
2.5,30,297474.407305,True
2.5,30,297519.876399,True
2.5,30,297570.86272,True
0.0,30,297619.609317,False
0.0,30,297897.009738,False
2.7,30,297940.897677,True
0.0,30,297988.495295,False
0.0,30,298037.72443,False
0.0,30,298080.250412,False
2.2,30,298126.892616,True
0.0,30,298170.200937,False
2.6,30,298214.878298,True
0.0,30,298260.204607,False
0.0,30,298304.906386,False
2.2,30,298349.124055,True
2.6,30,298404.349738,True
0.7,30,298450.420565,True
0.0,30,298503.826516,False
0.0,30,298544.268646,False
0.0,30,298589.502727,False
0.0,30,298645.411188,False
2.3,30,298690.723581,True
0.0,30,298735.952816,False
0.0,30,298774.742506,False
2.0,30,298819.336158,True
2.5,30,298867.501627,True
2.6,30,298909.817755,True
2.9,30,298957.609712,True
3.0,30,299002.194635,True
2.6,30,299043.516175,True
2.1,30,299092.245579,True
0.0,30,299136.205395,False
2.8,30,299183.547372,True
0.0,30,299227.920987,False
0.0,30,299272.453937,False
0.8,30,299323.396294,True
2.2,30,299370.003257,True
0.0,30,299410.986585,False
0.0,30,299696.631099,False
0.0,30,299747.670361,False
0.0,30,299792.361598,False
2.8,30,299841.2064,True
1.9,30,299889.892164,True
2.1,30,299936.664411,True
0.0,30,299976.492804,False
2.1,30,300024.358448,True
0.0,30,300071.110556,False
0.0,30,300119.637424,False
0.0,30,300169.165473,False
2.5,30,300213.108075,True
2.9,30,300256.4636,True
2.8,30,300305.426475,True
2.5,30,300348.24267,True
1.8,30,300399.086932,True
0.0,30,300448.352454,False
0.0,30,300486.483869,False
0.0,30,300531.685624,False
2.5,30,300579.395905,True
0.0,30,300623.923706,False
0.0,30,300662.315029,False
0.0,30,300715.455152,False
0.0,30,300755.775184,False
2.6,30,300801.412291,True
2.8,30,300844.196762,True
0.0,30,300896.066591,False
0.0,30,300942.039769,False
0.0,30,300982.903404,False
0.0,30,301033.461127,False
0.0,30,301077.663311,False
0.0,30,301122.492573,False
0.0,30,301168.868539,False
0.0,30,301217.220861,False
2.1,30,301510.340176,True
2.7,30,301558.544441,True
1.4,30,301607.054981,True
2.1,30,301659.185259,True
2.1,30,301705.403242,True
0.0,30,301754.177916,False
0.0,30,301802.153713,False
2.6,30,301847.986399,True
0.0,30,301922.130502,False
2.8,30,301981.596539,True
0.0,30,302024.76029,False
0.0,30,302069.436527,False
0.0,30,302116.675173,False
0.4,30,302167.988353,False
2.7,30,302212.131992,True
2.9,30,302258.692049,True
2.4,30,302310.579334,True
2.5,30,302356.504879,True
2.8,30,302403.776082,True
2.3,30,302445.069953,True
2.6,30,302490.095763,True
0.0,30,302537.486195,False
0.0,30,302577.970506,False
0.0,30,302624.838781,False
2.8,30,302675.152651,True
3.0,30,302716.227127,True
2.0,30,302761.097132,True
3.0,30,302810.079373,True
0.0,30,302856.882324,False
1.1,30,302899.256647,True
2.2,30,302938.547709,True
0.0,30,302985.336544,False
0.0,30,303033.884807,False
2.8,30,303076.481881,True
0.0,30,303372.13738,False
2.4,30,303417.189111,True
0.0,30,303459.219724,False
0.0,30,303505.84877,False
0.0,30,303548.43672,False
0.0,30,303585.91012,False
2.2,30,303629.787607,True
0.0,30,303676.693194,False
0.0,30,303717.237797,False
3.0,30,303760.989802,True
0.0,30,303806.201966,False
0.0,30,303850.483941,False
0.0,30,303895.922592,False
2.7,30,303941.445397,True
0.0,30,303978.863532,False
2.3,30,304033.808049,True
0.0,30,304079.860725,False
2.8,30,304124.144609,True
0.0,30,304170.697039,False
2.4,30,304215.369713,True
0.0,30,304259.170016,False
1.0,30,304299.349446,False
0.0,30,304343.841976,False
2.2,30,304387.296561,True
2.5,30,304429.018349,True
2.4,30,304475.850226,True
1.8,30,304517.905957,True
0.0,30,304565.963588,False
0.0,30,304603.577969,False
0.0,30,304655.092451,False
2.5,30,304697.001543,True
0.0,30,304736.191274,False
2.7,30,304778.562061,True
2.9,30,304826.420932,True
2.9,30,305115.398171,True
0.0,30,305159.291258,False
0.6,30,305209.456361,True
2.3,30,305253.045768,True
0.0,30,305292.371025,False
0.0,30,305335.115787,False
0.0,30,305378.438741,False
2.8,30,305430.421768,True
0.0,30,305478.029709,False
0.5,30,305524.096968,True
0.0,30,305572.683794,False
0.0,30,305617.619226,False
3.0,30,305662.12833,True
2.3,30,305708.739652,True
0.0,30,305758.821167,False
0.0,30,305808.44236,False
2.7,30,305852.879341,True
1.6,30,305897.363849,True
0.0,30,305938.053184,False
0.0,30,305981.422304,False
2.3,30,306023.093647,True
2.4,30,306074.852794,True
1.8,30,306120.121113,True
2.5,30,306167.47735,True
0.0,30,306212.798426,False
0.0,30,306257.296681,False
0.0,30,306301.182295,False
2.6,30,306348.404281,True
0.0,30,306396.020216,False
2.5,30,306449.430639,True
0.0,30,306501.074014,False
0.0,30,306550.238568,False
0.0,30,306595.838745,False
2.8,30,306638.941636,True
0.0,30,306947.91189,False
2.3,30,306991.827477,True
0.0,30,307035.38401,False
0.7,30,307081.868674,True
0.0,30,307129.409675,False
1.9,30,307172.804378,True
0.0,30,307222.834788,False
2.2,30,307269.835481,True
0.0,30,307317.908376,False
2.6,30,307363.171929,True
0.0,30,307414.322706,False
2.8,30,307455.856113,True
0.0,30,307499.208658,False
3.0,30,307545.059726,True
0.0,30,307587.976764,False
2.4,30,307638.901387,True
2.5,30,307683.049621,True
0.0,30,307729.598492,False
0.0,30,307773.404505,False
2.2,30,307816.119709,True
0.0,30,307863.33635,False
2.7,30,307911.664263,True
0.0,30,307962.674927,False
0.9,30,308010.800865,True
2.7,30,308055.654673,True
2.2,30,308099.808564,True
1.9,30,308143.460766,True
2.5,30,308190.915085,True
2.7,30,308232.824058,True
0.0,30,308279.661619,False
2.7,30,308323.944342,True
2.9,30,308368.815617,True
0.0,30,308411.146816,False
0.0,30,308456.76251,False
1.0,30,308497.124984,True
0.0,30,308822.217958,False
2.3,30,308866.088139,True
0.0,30,308915.390238,False
0.0,30,308963.121931,False
0.0,30,309005.157016,False
1.5,30,309050.785382,True
0.0,30,309101.574466,False
0.0,30,309145.725883,False
2.8,30,309187.539645,True
2.7,30,309238.41393,True
0.0,30,309291.995944,False
0.0,30,309336.548549,False
0.0,30,309382.437015,False
0.0,30,309425.084395,False
0.0,30,309472.235646,False
2.8,30,309519.834678,True
0.0,30,309564.350868,False
0.0,30,309611.745796,False
2.5,30,309667.693379,True
2.8,30,309710.702352,True
2.7,30,309756.477508,True
0.0,30,309802.593803,False
0.0,30,309846.447657,False
2.4,30,309892.08092,True
2.6,30,309939.345225,True
0.0,30,309984.428856,False
0.0,30,310030.172337,False
0.0,30,310074.560707,False
2.3,30,310125.030542,True
2.5,30,310169.967426,True
0.0,30,310216.395353,False
0.0,30,310266.728174,False
0.0,30,310313.092053,False
0.0,30,310356.870872,False
0.0,30,310688.894489,False
1.8,30,310734.262998,True
0.0,30,310785.711781,False
2.5,30,310827.926452,True
2.1,30,310879.223247,True
2.6,30,310925.095321,True
0.0,30,310974.272427,False
0.0,30,311025.314306,False
2.4,30,311071.483514,True
0.0,30,311121.516466,False
0.0,30,311167.316084,False
0.0,30,311210.439968,False
2.6,30,311255.947442,True
2.6,30,311300.844964,True
0.8,30,311345.189569,True
2.6,30,311390.015352,True
0.0,30,311436.707801,False
2.4,30,311481.450465,True
0.0,30,311526.946978,False
2.6,30,311576.476891,True
2.3,30,311619.242242,False
2.7,30,311671.215744,True
1.8,30,311719.029297,True
2.9,30,311799.162186,True
0.0,30,311847.582748,False
2.8,30,311892.176344,True
0.0,30,311939.330164,False
2.8,30,311981.127087,True
0.0,30,312029.602678,False
0.0,30,312075.621747,False
2.6,30,312139.370656,True
0.0,30,312190.55374,False
2.1,30,312247.179517,True
0.0,30,312308.966073,False
2.7,30,312604.50802,True
0.7,30,312651.669618,False
0.0,30,312696.750064,False
0.0,30,312744.269629,False
0.0,30,312789.332822,False
0.0,30,312830.549564,False
0.0,30,312875.899426,False
2.7,30,312920.371979,True
0.0,30,312970.673566,False
0.0,30,313017.35421,False
2.6,30,313062.102465,True
2.4,30,313108.247925,True
2.7,30,313154.644799,True
0.0,30,313197.976307,False
0.0,30,313245.370898,False
0.0,30,313291.481255,False
2.6,30,313336.419685,True
2.8,30,313379.536907,True
0.0,30,313424.611443,False
0.0,30,313476.382355,False
0.0,30,313524.633828,False
2.7,30,313565.859156,True
2.6,30,313613.113722,True
0.0,30,313664.274136,False
0.0,30,313709.150727,False
0.0,30,313756.642973,False
0.0,30,313802.787535,False
3.0,30,313847.460037,True
0.0,30,313895.675192,False
3.0,30,313945.235585,True
0.0,30,313994.753149,False
2.6,30,314036.632118,True
2.2,30,314086.296933,True
0.0,30,314133.1102,False
2.8,30,314439.26259,True
2.4,30,314484.537864,True
0.0,30,314532.454938,False
0.0,30,314574.502984,False
2.4,30,314621.978606,True
0.0,30,314668.017948,False
2.6,30,314715.51686,True
2.8,30,314772.72042,True
0.0,30,314817.537234,False
1.8,30,314864.804102,True
0.0,30,314909.637716,False
2.3,30,314955.581073,True
0.0,30,315003.585977,False
0.7,30,315047.165421,True
1.4,30,315082.900336,True
2.4,30,315130.451751,True
2.8,30,315176.615172,True
2.8,30,315224.233513,True
0.0,30,315272.891092,False
0.0,30,315316.218468,False
0.0,30,315359.102768,False
0.0,30,315402.251452,False
0.0,30,315447.099996,False
2.5,30,315487.673664,True
2.8,30,315534.206197,True
0.0,30,315582.605767,False
0.0,30,315623.414106,False
0.0,30,315673.369819,False
1.9,30,315715.790178,True
3.0,30,315771.63733,True
3.0,30,315814.115331,True
3.0,30,315858.557942,True
2.6,30,315902.866242,True
0.0,30,315947.964687,False
2.7,30,316264.784191,True
0.0,30,316312.917632,False
0.1,30,316355.7539,True
0.0,30,316402.334149,False
0.0,30,316443.354663,False
0.0,30,316491.175083,False
2.4,30,316534.442221,True
2.7,30,316581.201964,True
0.0,30,316623.944045,False
0.4,30,316669.010013,True
0.0,30,316717.109702,False
2.5,30,316764.71202,True
0.0,30,316810.114747,False
0.0,30,316854.962097,False
0.0,30,316898.845787,False
0.0,30,316942.27871,False
2.4,30,316989.726774,True
1.2,30,317036.182078,True
2.8,30,317087.430178,True
2.8,30,317133.749963,True
2.5,30,317178.496962,True
3.0,30,317224.474762,True
2.3,30,317271.868872,True
2.0,30,317319.552593,True
0.0,30,317363.38625,False
0.0,30,317407.430978,False
0.0,30,317448.444963,False
0.0,30,317490.774331,False
0.0,30,317537.688557,False
2.7,30,317585.397347,True
2.3,30,317637.014472,True
0.0,30,317679.72879,False
0.0,30,317719.231887,False
0.0,30,317770.469695,False
0.0,30,318085.376255,False
0.5,30,318133.7504,False
2.8,30,318175.881769,True
0.0,30,318219.047128,False
2.3,30,318259.530696,True
2.7,30,318304.185564,True
0.0,30,318343.88346,False
2.6,30,318387.49862,True
0.0,30,318432.702848,False
2.6,30,318477.79219,True
0.0,30,318522.307475,False
2.7,30,318564.749332,True
0.0,30,318608.141735,False
2.8,30,318649.371027,True
0.0,30,318694.733736,False
2.3,30,318743.855757,True
0.0,30,318788.866547,False
1.7,30,318836.873388,True
0.0,30,318886.712524,False
0.9,30,318938.098838,True
0.0,30,318984.048088,False
0.0,30,319022.707812,False
0.0,30,319069.193197,False
1.9,30,319116.075827,True
2.3,30,319159.733321,True
0.0,30,319202.988186,False
0.0,30,319244.3623,False
2.8,30,319284.47964,True
2.8,30,319329.24632,True
2.3,30,319372.867233,True
0.0,30,319418.279394,False
0.0,30,319464.308909,False
2.3,30,319513.812799,True
0.0,30,319558.373443,False
2.7,30,319860.941077,True
3.0,30,319904.718145,True
0.0,30,319950.316819,False
2.3,30,319999.320541,True
0.0,30,320048.882866,False
1.2,30,320095.682723,False
0.0,30,320143.70508,False
0.0,30,320188.44374,False
0.0,30,320236.602372,False
0.0,30,320282.964369,False
0.0,30,320327.312532,False
2.9,30,320370.14209,True
0.0,30,320413.686726,False
0.0,30,320460.123595,False
0.0,30,320504.882063,False
0.0,30,320548.838087,False
0.0,30,320594.334896,False
2.1,30,320639.491042,True
1.7,30,320689.585839,True
0.0,30,320733.634715,False
0.0,30,320777.310836,False
2.9,30,320824.935757,True
0.0,30,320869.864456,False
0.0,30,320910.584931,False
2.6,30,320958.439506,True
0.0,30,321003.366694,False
2.7,30,321048.756719,True
0.0,30,321094.468038,False
0.0,30,321143.105983,False
2.4,30,321186.15736,True
0.0,30,321241.503747,False
0.0,30,321290.185985,False
0.0,30,321334.186172,False
0.0,30,321402.125384,False
2.5,30,321448.533025,True
2.6,30,321743.667689,True
2.4,30,321790.221697,True
2.4,30,321835.122102,True
2.4,30,321881.080356,True
1.2,30,321935.744376,True
0.0,30,321982.568678,False
0.0,30,322024.324201,False
0.0,30,322071.326599,False
3.0,30,322121.233116,True
2.8,30,322168.905466,True
0.0,30,322210.163576,False
2.9,30,322256.053001,True
0.0,30,322298.358802,False
0.0,30,322342.475026,False
2.1,30,322393.197931,True
0.0,30,322442.638208,False
2.5,30,322486.111631,True
0.0,30,322531.111414,False
2.9,30,322579.853452,True
0.0,30,322627.332387,False
2.2,30,322686.037231,True
0.0,30,322729.875606,False
0.0,30,322774.752334,False
0.0,30,322818.812005,False
0.0,30,322861.406803,False
0.0,30,322914.021912,False
0.0,30,322962.759726,False
2.9,30,323020.637575,True
2.8,30,323071.668933,True
0.0,30,323118.506063,False
0.0,30,323167.272831,False
2.5,30,323223.549527,True
0.0,30,323264.260068,False
2.8,30,323314.880452,True
0.0,30,323647.0256,False
2.7,30,323696.327966,True
0.0,30,323740.541939,False
2.5,30,323784.541733,True
0.0,30,323828.184896,False
2.8,30,323872.687366,True
2.8,30,323919.167136,True
1.2,30,323963.292886,True
2.4,30,324006.324363,True
0.0,30,324049.192297,False
1.9,30,324093.189017,True
0.0,30,324152.468618,False
2.1,30,324199.600155,True
2.7,30,324252.827657,True
0.0,30,324303.117271,False
0.0,30,324342.09071,False
0.0,30,324387.165858,False
0.0,30,324432.543876,False
0.8,30,324475.61791,True
2.5,30,324519.991527,True
2.5,30,324564.637736,True
0.0,30,324613.955779,False
2.8,30,324663.426959,True
2.7,30,324708.900925,False
0.8,30,324754.385761,True
2.5,30,324805.443966,True
0.0,30,324847.474924,False
0.0,30,324890.719477,False
1.9,30,324949.738679,False
2.6,30,324990.40867,True
3.0,30,325032.768494,True
2.5,30,325084.413683,True
2.8,30,325129.36917,True
1.2,30,325175.796312,True
2.0,30,325509.209411,False
0.0,30,325551.862436,False
2.7,30,325596.258542,True
0.0,30,325662.302019,False
0.0,30,325713.062043,False
0.0,30,325758.317171,False
2.6,30,325806.648023,True
2.8,30,325852.933637,True
2.4,30,325896.473719,True
0.0,30,325944.121225,False
2.7,30,325990.124616,True
2.7,30,326041.915389,True
0.0,30,326093.310542,False
0.0,30,326144.095091,False
0.0,30,326188.386158,False
0.0,30,326228.718104,False
2.3,30,326273.982007,True
0.0,30,326322.134946,False
0.0,30,326365.685696,False
0.0,30,326415.162596,False
0.0,30,326465.896539,False
0.0,30,326511.191698,False
2.9,30,326556.309701,True
0.0,30,326604.007176,False
0.0,30,326651.613789,False
0.0,30,326696.658577,False
2.8,30,326737.747003,True
0.0,30,326796.671344,False
2.8,30,326836.785172,True
0.0,30,326883.755262,False
1.2,30,326929.466061,True
1.2,30,326987.505109,True
0.0,30,327034.696719,False
2.6,30,327078.603393,True
0.0,30,327391.745687,False
2.8,30,327436.425225,True
2.4,30,327482.557163,True
0.0,30,327530.105777,False
2.5,30,327571.535285,True
1.4,30,327623.698489,True
1.6,30,327668.888916,True
2.5,30,327714.280558,True
0.0,30,327763.268154,False
0.0,30,327805.263966,False
0.0,30,327850.450599,False
2.7,30,327895.417623,True
0.0,30,327943.663026,False
0.0,30,327990.175654,False
2.0,30,328039.432647,True
0.0,30,328086.793122,False
0.0,30,328134.080015,False
2.9,30,328179.56586,True
0.0,30,328227.94019,False
2.8,30,328279.120302,True
0.0,30,328320.656595,False
0.0,30,328366.784402,False
3.0,30,328410.382007,True
0.0,30,328450.669006,False
2.6,30,328495.326922,True
0.0,30,328535.200491,False
1.9,30,328577.447346,True
2.9,30,328626.155151,True
2.6,30,328670.929951,True
0.0,30,328716.949678,False
0.0,30,328765.32552,False
2.8,30,328808.107376,True
3.0,30,328848.584318,True
0.0,30,328898.610475,False
0.0,30,329186.091743,False
0.0,30,329232.611635,False
0.0,30,329272.538591,False
1.5,30,329315.685518,False
2.7,30,329359.499463,True
2.3,30,329406.564898,True
2.8,30,329450.192509,True
2.7,30,329496.238418,True
0.0,30,329546.28902,False
2.6,30,329589.337476,True
2.4,30,329632.061345,True
2.2,30,329680.130182,True
2.6,30,329730.45286,True
2.7,30,329771.263573,True
0.0,30,329815.917996,False
2.6,30,329867.70964,True
2.8,30,329913.355147,True
0.0,30,329959.125231,False
2.9,30,330011.603881,True
0.0,30,330058.242301,False
0.0,30,330098.461906,False
0.0,30,330142.567447,False
0.0,30,330183.74495,False
2.4,30,330230.109065,True
0.0,30,330275.946203,False
0.0,30,330322.037291,False
0.0,30,330363.525949,False
0.0,30,330411.705442,False
2.6,30,330462.215776,True
0.8,30,330500.871938,True
2.3,30,330545.46925,True
1.7,30,330593.60352,True
0.0,30,330642.634046,False
1.2,30,330687.455106,True
0.0,30,330988.576928,False
0.0,30,331030.381426,False
2.4,30,331078.340547,True
0.0,30,331120.025252,False
2.3,30,331174.31057,True
0.0,30,331225.981979,False
0.0,30,331270.717781,False
0.0,30,331315.735404,False
0.0,30,331363.342648,False
0.0,30,331406.714203,False
1.7,30,331450.574303,True
0.0,30,331501.324399,False
2.2,30,331544.282916,True
1.7,30,331601.056354,True
0.0,30,331651.126537,False
2.4,30,331691.725457,True
0.0,30,331731.89154,False
2.7,30,331775.045223,True
2.5,30,331823.71136,True
0.0,30,331868.164625,False
0.0,30,331918.512064,False
0.0,30,331962.425611,False
0.0,30,332007.967102,False
2.4,30,332058.375971,True
1.2,30,332104.415503,True
2.8,30,332153.089726,True
2.5,30,332197.657589,True
0.0,30,332239.170471,False
0.0,30,332283.586375,False
0.8,30,332323.906612,True
1.3,30,332364.652953,True
2.5,30,332405.118332,True
2.8,30,332449.698863,True
2.8,30,332498.11102,True
2.3,30,332809.256548,True
3.0,30,332852.104917,True
2.7,30,332898.910155,True
2.8,30,332942.14595,True
2.9,30,332988.118412,True
2.8,30,333034.788996,True
2.8,30,333077.612064,True
2.7,30,333125.034992,True
2.5,30,333173.804251,True
2.5,30,333217.364143,True
0.8,30,333261.780705,True
0.0,30,333308.780185,False
2.6,30,333359.636076,True
2.5,30,333403.444693,True
0.0,30,333459.644116,False
2.8,30,333504.608316,True
0.0,30,333551.523853,False
2.8,30,333600.874783,True
0.0,30,333647.612808,False
2.8,30,333689.486243,True
0.0,30,333739.778508,False
0.0,30,333793.633022,False
2.5,30,333850.908208,True
0.0,30,333895.948438,False
2.5,30,333937.12449,True
0.0,30,333988.834598,False
0.0,30,334030.834798,False
0.0,30,334074.099302,False
0.0,30,334115.775818,False
2.6,30,334162.65507,True
0.0,30,334206.389606,False
0.0,30,334252.533356,False
2.7,30,334296.354602,True
2.5,30,334341.524887,True
2.1,30,334640.261692,True
2.9,30,334685.15893,True
1.3,30,334732.83278,True
2.7,30,334787.421414,True
0.0,30,334831.726584,False
0.0,30,334877.660047,False
0.0,30,334921.458197,False
0.0,30,334966.342516,False
2.2,30,335016.595652,True
2.7,30,335061.921598,True
2.6,30,335106.406552,True
2.6,30,335148.969124,True
3.0,30,335195.407188,True
0.0,30,335245.885252,False
0.0,30,335297.496216,False
0.0,30,335345.323374,False
2.7,30,335385.935842,True
0.0,30,335427.249464,False
2.4,30,335472.241392,True
2.6,30,335518.576657,True
2.9,30,335563.690117,True
0.0,30,335623.758934,False
0.0,30,335668.269671,False
1.9,30,335714.899974,True
2.6,30,335773.197666,True
0.0,30,335819.123224,False
2.8,30,335864.980497,True
0.0,30,335906.514919,False
2.4,30,335954.523411,True
0.0,30,336002.367672,False
2.6,30,336049.612795,True
0.0,30,336099.387605,False
2.3,30,336144.350344,True
2.2,30,336190.731843,True
2.4,30,336233.594864,True
0.0,30,336496.754556,False
2.9,30,336543.315448,True
0.0,30,336587.858342,False
0.0,30,336653.853142,False
1.1,30,336696.275209,True
2.7,30,336742.752322,True
2.8,30,336790.859383,True
2.2,30,336833.295929,True
0.0,30,336875.989747,False
2.8,30,336922.014763,True
0.0,30,336961.828301,False
0.0,30,337008.389001,False
2.5,30,337054.574534,True
0.0,30,337096.809405,False
2.7,30,337142.747492,True
2.4,30,337183.402471,True
0.0,30,337231.150459,False
2.3,30,337272.578517,True
0.0,30,337319.644955,False
2.1,30,337359.251624,True
0.0,30,337402.135864,False
2.4,30,337445.775366,True
0.0,30,337489.139478,False
0.0,30,337539.167136,False
0.0,30,337579.349928,False
0.0,30,337624.031159,False
0.0,30,337661.563229,False
0.0,30,337704.218398,False
0.0,30,337748.331142,False
0.0,30,337798.616543,False
0.0,30,337842.368115,False
0.0,30,337887.143783,False
0.0,30,337927.195718,False
1.5,30,337969.930707,True
0.0,30,338265.096733,False
2.4,30,338314.383721,True
0.0,30,338362.661239,False
0.0,30,338413.583327,False
0.0,30,338477.289698,False
2.7,30,338520.616411,True
0.0,30,338568.191954,False
0.0,30,338607.769975,False
0.0,30,338649.281887,False
0.0,30,338695.244601,False
0.0,30,338735.906017,False
1.7,30,338782.590559,True
0.3,30,338829.53107,False
1.9,30,338875.118562,True
1.6,30,338917.041419,True
0.0,30,338959.315155,False
2.6,30,339003.7968,True
0.0,30,339049.23734,False
2.3,30,339093.404804,True
2.9,30,339142.463271,True
2.6,30,339187.281304,True
0.0,30,339233.693086,False
2.7,30,339274.459695,True
1.0,30,339314.925138,False
0.0,30,339357.411427,False
1.8,30,339401.060498,True
2.3,30,339449.6929,True
2.7,30,339493.902597,True
2.9,30,339537.136454,True
2.8,30,339583.725117,True
0.0,30,339627.928419,False
0.0,30,339672.226708,False
0.0,30,339718.572516,False
2.8,30,339759.402327,True
0.0,30,340051.149097,False
0.0,30,340099.091165,False
0.0,30,340141.847795,False
0.0,30,340187.464246,False
0.0,30,340230.793,False
0.0,30,340277.97662,False
2.4,30,340324.870854,True
2.3,30,340373.742733,True
0.0,30,340419.753233,False
0.0,30,340466.3984,False
2.3,30,340516.908208,True
2.4,30,340563.757327,True
2.6,30,340609.027701,True
2.3,30,340652.478682,True
0.0,30,340694.511595,False
0.0,30,340739.800141,False
0.0,30,340786.432034,False
2.6,30,340830.891436,True
0.0,30,340876.314519,False
0.0,30,340927.751605,False
0.0,30,340973.309636,False
0.0,30,341018.773064,False
0.0,30,341064.828177,False
0.0,30,341103.313998,False
0.0,30,341144.260629,False
1.6,30,341190.899956,True
0.0,30,341236.888556,False
0.0,30,341281.249044,False
0.0,30,341327.333494,False
2.5,30,341378.622926,True
0.0,30,341424.322122,False
2.3,30,341468.085639,True
0.0,30,341514.409127,False
2.8,30,341555.883684,True
2.8,30,341860.155331,True
0.0,30,341908.63905,False
0.0,30,341957.059799,False
2.9,30,342006.173754,True
2.8,30,342057.874847,True
2.1,30,342104.6926,True
1.6,30,342150.429058,True
0.0,30,342193.060622,False
1.8,30,342239.10575,True
2.6,30,342278.453904,True
0.0,30,342322.14723,False
2.9,30,342364.450916,True
0.0,30,342408.978905,False
0.0,30,342453.434334,False
0.0,30,342496.473325,False
0.0,30,342543.828475,False
1.0,30,342588.449075,True
2.5,30,342634.464003,True
0.0,30,342680.976413,False
2.1,30,342727.690979,True
0.0,30,342772.325103,False
0.0,30,342811.616597,False
1.9,30,342857.713687,True
0.0,30,342907.684375,False
2.4,30,342952.404339,True
0.0,30,342997.640501,False
2.4,30,343043.681603,True
0.0,30,343091.666022,False
0.0,30,343135.536228,False
2.1,30,343180.389422,True
2.4,30,343225.050522,True
0.0,30,343270.364844,False
2.6,30,343315.853094,True
2.7,30,343364.254378,True
0.0,30,343667.860697,False
0.0,30,343718.034993,False
0.0,30,343764.34713,False
0.0,30,343818.673306,False
0.9,30,343863.486171,True
2.7,30,343910.173132,True
2.5,30,343954.134984,True
0.0,30,344000.341453,False
0.0,30,344044.990548,False
2.3,30,344095.150607,True
0.0,30,344140.32662,False
0.0,30,344184.336461,False
2.7,30,344234.69114,True
0.0,30,344284.348561,False
1.2,30,344331.624533,True
0.0,30,344376.618392,False
0.0,30,344422.691643,False
0.0,30,344466.829388,False
3.0,30,344510.788482,True
0.0,30,344557.629629,False
0.0,30,344604.915839,False
0.0,30,344652.807765,False
2.7,30,344695.738041,True
0.0,30,344748.259185,False
0.0,30,344789.888425,False
0.0,30,344836.258242,False
0.0,30,344875.730699,False
0.0,30,344919.717407,False
0.0,30,344971.239226,False
0.0,30,345013.233006,False
3.0,30,345060.516768,True
0.0,30,345103.165066,False
1.3,30,345142.599815,True
2.6,30,345185.172818,True
2.6,30,345462.2267,True
0.0,30,345506.851943,False
0.6,30,345552.407621,True
2.7,30,345604.326295,True
2.8,30,345648.919687,True
0.0,30,345693.023936,False
2.6,30,345738.289599,True
0.0,30,345790.403053,False
0.0,30,345832.057329,False
2.1,30,345875.866366,True
0.0,30,345916.209696,False
0.0,30,345962.078194,False
2.1,30,346003.177704,True
2.6,30,346042.762318,True
2.8,30,346090.652434,True
2.4,30,346135.814592,True
2.6,30,346197.194929,True
0.0,30,346242.714118,False
0.0,30,346285.668949,False
0.0,30,346328.580905,False
2.8,30,346372.992824,True
2.4,30,346421.488906,True
0.0,30,346463.749098,False
2.3,30,346512.076444,True
2.7,30,346558.25996,True
0.0,30,346611.609203,False
0.0,30,346659.894462,False
1.4,30,346707.758131,True
2.5,30,346755.168879,True
0.0,30,346800.59076,False
3.0,30,346849.096541,True
0.0,30,346889.093154,False
2.8,30,346929.646767,True
0.0,30,346974.588335,False
0.0,30,347290.482584,False
0.0,30,347334.818456,False
0.0,30,347381.043646,False
2.9,30,347425.220348,True
1.9,30,347481.06847,True
2.6,30,347526.216798,True
0.0,30,347571.74855,False
0.4,30,347613.481602,False
0.7,30,347655.272662,True
0.0,30,347704.246933,False
2.7,30,347750.533389,True
2.3,30,347796.286677,True
0.0,30,347836.112586,False
0.0,30,347884.202545,False
0.0,30,347930.756163,False
2.6,30,347976.542121,True
2.8,30,348025.045443,True
0.0,30,348068.857997,False
0.0,30,348116.20275,False
2.6,30,348161.385732,True
1.2,30,348206.817637,True
2.6,30,348254.555517,True
0.0,30,348298.316847,False
0.0,30,348344.35994,False
0.0,30,348390.944993,False
2.5,30,348439.745754,True
0.0,30,348487.760297,False
0.0,30,348534.46577,False
0.0,30,348573.037263,False
0.0,30,348622.867674,False
0.0,30,348663.571144,False
0.0,30,348706.693766,False
2.8,30,348752.403219,True
2.8,30,348796.793009,True
0.0,30,348839.306095,False
0.0,30,349168.652295,False
2.7,30,349213.955467,True
0.0,30,349262.766173,False
2.6,30,349332.617339,True
0.0,30,349381.677146,False
2.2,30,349429.857533,True
0.0,30,349473.823893,False
0.0,30,349519.9098,False
2.8,30,349569.614701,True
0.0,30,349609.432503,False
0.0,30,349660.35684,False
0.0,30,349708.852037,False
0.0,30,349753.317626,False
2.4,30,349819.938288,True
0.0,30,349860.895392,False
1.7,30,349909.417052,True
0.0,30,349954.657172,False
0.0,30,350005.022462,False
2.3,30,350051.575483,True
0.0,30,350092.573965,False
2.6,30,350135.887917,True
0.0,30,350183.733654,False
0.0,30,350225.544597,False
1.7,30,350271.529408,True
0.0,30,350326.775022,False
0.0,30,350378.788327,False
0.0,30,350427.560045,False
2.2,30,350469.010193,True
0.0,30,350514.847305,False
0.0,30,350555.451248,False
2.6,30,350598.914679,True
2.0,30,350644.809237,True
1.2,30,350692.310416,True
1.0,30,350735.521181,True
2.8,30,351035.304547,True
2.5,30,351078.67151,True
2.9,30,351126.457177,True
0.0,30,351172.742672,False
2.6,30,351222.885017,True
0.0,30,351269.839799,False
2.2,30,351315.985096,False
0.0,30,351364.914464,False
0.0,30,351414.755062,False
2.5,30,351456.730984,True
2.5,30,351507.608835,True
2.6,30,351554.723284,True
0.0,30,351604.139735,False
0.0,30,351652.767923,False
0.0,30,351698.852987,False
2.9,30,351749.613546,True
0.0,30,351793.236204,False
2.7,30,351835.971422,True
0.0,30,351877.805392,False
2.6,30,351927.90521,True
2.3,30,351984.062972,True
2.6,30,352026.009227,True
2.4,30,352072.721664,True
2.1,30,352117.573776,True
0.0,30,352163.85987,False
0.0,30,352210.316775,False
2.8,30,352257.753269,True
2.7,30,352300.525759,True
0.0,30,352348.137001,False
2.8,30,352389.976032,True
0.5,30,352439.263549,False
0.0,30,352485.49655,False
0.0,30,352531.496578,False
2.5,30,352579.484894,True
2.7,30,352879.512325,True
0.0,30,352922.614387,False
0.0,30,352971.443276,False
2.6,30,353019.911807,True
0.0,30,353065.742743,False
0.0,30,353102.274026,False
0.0,30,353147.766512,False
2.3,30,353193.84211,True
3.0,30,353237.415917,True
3.0,30,353291.46799,True
2.8,30,353338.195309,True
2.5,30,353386.731011,True
0.0,30,353430.478758,False
0.0,30,353480.886684,False
0.0,30,353525.109585,False
0.0,30,353568.219208,False
0.5,30,353613.688535,True
0.0,30,353662.532309,False
0.0,30,353706.683721,False
2.6,30,353749.097114,True
2.5,30,353795.706584,True
2.8,30,353843.697846,True
2.5,30,353888.040725,False
2.6,30,353929.472372,True
3.0,30,353977.209454,True
0.0,30,354018.028589,False
0.0,30,354065.527973,False
2.5,30,354114.154488,True
0.0,30,354159.256351,False
2.9,30,354206.157207,True
2.7,30,354254.072798,True
2.7,30,354293.233263,True
0.0,30,354341.019079,False
2.9,30,354386.097482,True
0.0,30,354717.169459,False
0.0,30,354767.081045,False
2.3,30,354810.277154,True
0.0,30,354855.749129,False
2.1,30,354904.766774,True
2.0,30,354946.816995,True
3.0,30,354995.187192,True
0.0,30,355039.173756,False
0.0,30,355090.915841,False
0.0,30,355133.259724,False
2.8,30,355179.948509,True
0.0,30,355223.19103,False
1.9,30,355275.696483,True
0.0,30,355315.662191,False
0.0,30,355359.618248,False
1.9,30,355403.934915,True
2.8,30,355449.52065,True
0.0,30,355495.57352,False
2.7,30,355548.21455,True
0.0,30,355592.928156,False
2.9,30,355634.747934,True
2.0,30,355677.424896,True
2.6,30,355724.96537,True
2.6,30,355786.798352,True
0.0,30,355831.852709,False
0.0,30,355876.498491,False
0.0,30,355920.674818,False
2.8,30,355965.334149,True
2.8,30,356017.542891,True
2.6,30,356066.567544,True
2.7,30,356111.902987,True
2.1,30,356157.811651,False
1.3,30,356202.941567,True
0.0,30,356249.794959,False
1.7,30,356561.549731,True
0.0,30,356604.662981,False
0.0,30,356648.554572,False
2.9,30,356690.914155,True
2.9,30,356737.780224,True
0.0,30,356785.352518,False
2.7,30,356828.318402,True
0.0,30,356881.356193,False
0.0,30,356925.436074,False
0.0,30,356970.561441,False
2.6,30,357026.34824,True
2.6,30,357073.294629,True
0.0,30,357124.852693,False
2.9,30,357170.808138,True
2.9,30,357220.928082,True
0.0,30,357269.968871,False
0.0,30,357320.18699,False
0.0,30,357374.899111,False
2.7,30,357425.68531,True
0.0,30,357469.913852,False
0.0,30,357518.575739,False
0.0,30,357565.163535,False
1.6,30,357612.031103,True
1.5,30,357659.093363,True
0.0,30,357707.802999,False
2.6,30,357752.735397,True
0.0,30,357794.387066,False
2.4,30,357836.684588,True
0.0,30,357880.227266,False
0.0,30,357924.270096,False
2.4,30,357978.142839,True
2.4,30,358024.139156,True
2.4,30,358069.445682,True
2.6,30,358119.885941,True
2.8,30,358445.345113,True
2.8,30,358493.431073,True
0.2,30,358539.417235,False
2.4,30,358583.802642,True
1.9,30,358634.878035,True
0.0,30,358681.010342,False
0.0,30,358722.575979,False
2.6,30,358767.950629,True
2.0,30,358810.084743,True
0.0,30,358855.343316,False
2.6,30,358903.670104,True
0.0,30,358952.91549,False
0.0,30,358996.614242,False
0.0,30,359039.200089,False
3.0,30,359083.524812,True
3.0,30,359126.795227,True
2.5,30,359175.239382,True
2.4,30,359221.309163,True
2.3,30,359275.478031,True
0.0,30,359324.040798,False
0.0,30,359367.925254,False
2.4,30,359417.942955,True
2.8,30,359458.06897,True
0.9,30,359503.608275,False
0.0,30,359546.807168,False
0.0,30,359590.899784,False
2.8,30,359637.8253,True
0.0,30,359679.88684,False
2.6,30,359726.451328,True
2.7,30,359768.569002,True
2.6,30,359820.594119,True
0.0,30,359867.927385,False
1.6,30,359912.274155,True
2.7,30,359968.449895,True
0.0,30,360288.80837,False
0.0,30,360328.367373,False
0.0,30,360379.642933,False
0.0,30,360424.966709,False
2.4,30,360473.439686,True
2.5,30,360522.353637,True
0.0,30,360566.054736,False
0.0,30,360612.324311,False
0.0,30,360661.56602,False
2.7,30,360704.886001,True
2.0,30,360743.607727,True
0.0,30,360788.148455,False
3.0,30,360835.184171,True
2.5,30,360885.294067,True
1.4,30,360931.973965,True
2.7,30,360976.068465,True
0.0,30,361021.13986,False
2.5,30,361069.382369,True
2.8,30,361115.668503,True
2.3,30,361163.199355,True
1.6,30,361209.314713,True
2.0,30,361250.274819,False
0.0,30,361297.133695,False
1.6,30,361342.072723,True
2.6,30,361386.700745,True
0.0,30,361428.651895,False
2.6,30,361473.364481,True
0.0,30,361520.249667,False
2.5,30,361566.920459,True
2.2,30,361615.972142,True
0.0,30,361660.666128,False
0.0,30,361707.249215,False
0.5,30,361752.276639,False
0.0,30,361799.619653,False
2.5,30,362117.69814,True
2.3,30,362160.87774,True
2.2,30,362204.869011,True
0.0,30,362266.598759,False
2.8,30,362311.692454,True
2.9,30,362355.635548,True
2.6,30,362404.36026,True
0.0,30,362448.938345,False
3.0,30,362498.756431,True
0.0,30,362547.536966,False
0.0,30,362595.556721,False
0.6,30,362645.655877,False
0.0,30,362687.398967,False
1.4,30,362736.218903,True
2.7,30,362777.02844,True
0.0,30,362816.046934,False
2.5,30,362862.333274,True
2.1,30,362911.740262,True
2.2,30,362959.613178,True
2.7,30,363003.18537,True
2.0,30,363052.557576,True
0.0,30,363103.941315,False
0.0,30,363147.093349,False
0.0,30,363192.024481,False
2.5,30,363241.151208,True
0.0,30,363289.436542,False
2.4,30,363338.538775,True
0.0,30,363386.92475,False
2.8,30,363435.437316,True
0.0,30,363487.27425,False
2.7,30,363531.023495,True
0.0,30,363579.988655,False
0.0,30,363628.637503,False
0.0,30,363674.925833,False
0.0,30,363720.575818,False
0.0,30,364024.137957,False
0.0,30,364071.72225,False
0.0,30,364115.897615,False
2.6,30,364164.692973,True
0.0,30,364208.794004,False
0.0,30,364249.522177,False
0.0,30,364297.787296,False
0.0,30,364348.742452,False
2.4,30,364397.412567,True
2.8,30,364441.124049,True
2.6,30,364483.737164,True
0.0,30,364532.898943,False
2.1,30,364579.02612,True
2.8,30,364629.376422,True
2.3,30,364673.946521,True
2.9,30,364716.164217,True
0.0,30,364758.638251,False
2.8,30,364804.319535,True
2.8,30,364843.276273,True
2.6,30,364892.663982,True
2.3,30,364938.998042,True
2.8,30,364983.064564,True
0.0,30,365031.812155,False
0.0,30,365077.073079,False
0.0,30,365117.284443,False
0.0,30,365165.314138,False
3.0,30,365212.703642,True
2.6,30,365255.58967,True
0.0,30,365293.631339,False
0.0,30,365338.569459,False
0.0,30,365380.952546,False
2.7,30,365422.377733,True
2.8,30,365468.786964,True
0.0,30,365514.235487,False
0.0,30,365827.289005,False
3.0,30,365875.78635,True
0.0,30,365921.429791,False
0.0,30,365964.552235,False
2.7,30,366010.333786,True
0.0,30,366052.6776,False
2.7,30,366102.439382,True
0.0,30,366147.947413,False
0.0,30,366198.487069,False
2.4,30,366237.492567,True
0.0,30,366278.968562,False
0.7,30,366322.468532,True
0.0,30,366370.17515,False
0.0,30,366413.347932,False
2.9,30,366458.309604,True
0.0,30,366504.760005,False
0.0,30,366552.423428,False
2.6,30,366602.190215,True
0.0,30,366646.08971,False
3.0,30,366697.712112,True
2.9,30,366740.846937,True
0.0,30,366784.07144,False
2.0,30,366823.217864,True
2.8,30,366873.12199,True
2.1,30,366919.193652,True
3.0,30,366973.933671,True
2.6,30,367016.616003,True
2.7,30,367074.384435,True
2.8,30,367121.113681,True
1.5,30,367190.398704,True
1.9,30,367240.928585,True
0.0,30,367288.238832,False
0.0,30,367330.56783,False
2.9,30,367381.446893,True
2.7,30,367677.89229,True
0.0,30,367725.138929,False
2.6,30,367769.018217,True
0.0,30,367811.721086,False
0.0,30,367857.56622,False
0.0,30,367901.667544,False
2.8,30,367946.134017,True
2.0,30,367990.273943,True
0.0,30,368036.311411,False
2.7,30,368081.984478,True
0.0,30,368123.727703,False
0.0,30,368166.021816,False
2.4,30,368211.15791,True
0.0,30,368257.068933,False
0.0,30,368305.905146,False
0.0,30,368350.602424,False
0.0,30,368390.281301,False
2.9,30,368437.035101,True
0.0,30,368491.09099,False
0.0,30,368536.31581,False
2.7,30,368581.18029,True
1.3,30,368626.975395,True
2.3,30,368674.248622,True
0.0,30,368718.445903,False
0.0,30,368764.184053,False
0.0,30,368813.883605,False
0.0,30,368860.786185,False
0.0,30,368906.551079,False
2.9,30,368952.581932,True
0.0,30,368996.472345,False
0.0,30,369045.144318,False
2.4,30,369086.19736,True
2.7,30,369130.830387,True
0.0,30,369181.09616,False
0.0,30,369500.393957,False
0.0,30,369545.665052,False
2.5,30,369592.276914,True
2.6,30,369638.577165,True
2.5,30,369683.833037,True
0.0,30,369727.968096,False
0.0,30,369774.227345,False
0.0,30,369822.110742,False
2.7,30,369874.002505,True
2.4,30,369922.891797,True
0.0,30,369967.514609,False
0.0,30,370011.173079,False
0.0,30,370057.82167,False
0.0,30,370107.868825,False
0.0,30,370153.773132,False
0.0,30,370202.040074,False
2.6,30,370249.569384,True
1.5,30,370299.670308,True
2.8,30,370350.19266,True
1.5,30,370395.757962,True
0.0,30,370437.10293,False
0.7,30,370484.132907,True
0.0,30,370530.730826,False
2.8,30,370578.375046,True
2.4,30,370625.188835,True
0.0,30,370674.376061,False
0.0,30,370719.702589,False
2.3,30,370766.829961,True
1.1,30,370816.520749,True
2.2,30,370859.12371,True
2.8,30,370905.813456,True
2.7,30,370951.039549,False
0.1,30,370992.339447,True
0.0,30,371041.868195,False
2.7,30,371353.68439,True
2.2,30,371400.791312,True
0.0,30,371444.724118,False
0.0,30,371487.812482,False
3.0,30,371534.964914,True
2.7,30,371576.231174,True
2.6,30,371622.84635,True
2.5,30,371672.64531,True
2.7,30,371718.866394,True
0.0,30,371767.549604,False
0.0,30,371811.62676,False
0.0,30,371865.574948,False
0.0,30,371914.625074,False
2.9,30,371962.554451,True
0.0,30,372016.747301,False
2.8,30,372060.209276,True
2.8,30,372109.665249,True
0.0,30,372151.603166,False
0.0,30,372197.261082,False
0.0,30,372242.362615,False
0.0,30,372281.008723,False
0.0,30,372332.352239,False
2.6,30,372385.059658,True
3.0,30,372430.119334,True
0.0,30,372479.340144,False
0.0,30,372523.09274,False
0.0,30,372566.679505,False
2.8,30,372617.907669,True
1.8,30,372666.094365,True
0.0,30,372713.280325,False
2.5,30,372759.776291,True
0.0,30,372811.830352,False
2.6,30,372861.196077,True
0.0,30,372908.917119,False
0.0,30,373212.35417,False
2.3,30,373255.389719,True
2.8,30,373300.293375,True
0.0,30,373344.966911,False
2.9,30,373390.944546,True
2.6,30,373436.400311,True
0.0,30,373481.640522,False
2.4,30,373533.010411,True
2.6,30,373577.117301,True
2.5,30,373625.061358,True
0.0,30,373671.220063,False
0.0,30,373719.629885,False
2.4,30,373765.793378,True
0.0,30,373812.061817,False
0.0,30,373856.124746,False
2.6,30,373896.980577,True
0.0,30,373940.692206,False
3.0,30,373988.436006,True
0.0,30,374034.763295,False
2.6,30,374081.230508,True
0.0,30,374124.849578,False
0.0,30,374170.395491,False
0.0,30,374219.892295,False
0.0,30,374268.313814,False
0.0,30,374308.654491,False
1.4,30,374357.183324,False
1.6,30,374444.394129,True
2.7,30,374485.163717,True
2.6,30,374537.103996,True
0.0,30,374585.141353,False
2.3,30,374631.152091,True
2.4,30,374673.24435,True
0.0,30,374725.789129,False
0.0,30,374770.851819,False
0.0,30,375091.767213,False
0.0,30,375136.638994,False
2.2,30,375186.818648,True
0.0,30,375237.226474,False
2.2,30,375281.702225,True
2.4,30,375326.27633,True
2.7,30,375374.31392,True
2.2,30,375418.218019,True
2.8,30,375465.759583,True
2.7,30,375515.598171,True
0.0,30,375562.623031,False
0.0,30,375609.224959,False
0.0,30,375660.283205,False
0.0,30,375707.168813,False
2.9,30,375751.556839,True
0.0,30,375794.997957,False
2.8,30,375840.218029,True
0.0,30,375884.79288,False
0.0,30,375931.112844,False
0.0,30,375978.221352,False
0.0,30,376027.616857,False
2.1,30,376076.30656,True
2.6,30,376129.013077,True
3.0,30,376181.615868,True
0.0,30,376226.766695,False
0.0,30,376271.018969,False
2.4,30,376316.516488,True
2.9,30,376357.238355,True
2.7,30,376408.990438,True
2.6,30,376455.769883,True
0.0,30,376508.765596,False
2.6,30,376559.548407,True
2.4,30,376601.676429,True
2.3,30,376650.056403,True
2.8,30,376695.017665,True
2.5,30,376997.269702,True
1.8,30,377037.501264,True
2.2,30,377081.376427,True
0.0,30,377128.118076,False
0.0,30,377174.143452,False
2.9,30,377221.92888,True
2.9,30,377270.807898,True
0.0,30,377317.121409,False
0.0,30,377359.412177,False
0.0,30,377405.506223,False
3.0,30,377448.797694,True
2.0,30,377491.537653,True
0.0,30,377537.229251,False
3.0,30,377587.923426,True
0.0,30,377637.599302,False
2.7,30,377688.956552,True
0.0,30,377736.977731,False
2.0,30,377801.086048,True
2.3,30,377847.606199,True
2.7,30,377894.537188,True
0.0,30,377942.154019,False
2.4,30,377985.485809,True
2.8,30,378028.748102,True
0.0,30,378074.229467,False
2.7,30,378129.78915,True
2.9,30,378181.595801,True
2.7,30,378224.900427,True
0.0,30,378272.476174,False
0.0,30,378317.259975,False
2.4,30,378366.826834,True
0.0,30,378414.584477,False
2.5,30,378460.565686,True
0.0,30,378508.032219,False
2.5,30,378555.565564,True
0.0,30,378891.139538,False
0.0,30,378937.906487,False
2.8,30,378983.450412,True
0.0,30,379030.28678,False
2.5,30,379072.882394,True
0.0,30,379120.112245,False
0.0,30,379166.689714,False
0.0,30,379210.495063,False
2.6,30,379258.659297,True
2.7,30,379306.877732,True
0.0,30,379355.712882,False
0.0,30,379402.004827,False
1.8,30,379448.964167,True
0.0,30,379494.337367,False
3.0,30,379543.416876,True
0.0,30,379592.058398,False
2.3,30,379638.944046,True
2.3,30,379684.765867,True
0.0,30,379735.060315,False
2.5,30,379785.792317,True
0.0,30,379830.905136,False
2.3,30,379873.446365,True
2.5,30,379921.767488,True
2.8,30,379968.24079,True
2.6,30,380016.928075,True
2.7,30,380063.338254,True
2.0,30,380107.880811,True
0.0,30,380156.453098,False
2.6,30,380201.12219,True
2.7,30,380252.227544,True
1.1,30,380297.2539,False
0.0,30,380344.229712,False
0.0,30,380392.37235,False
2.0,30,380433.347573,True
1.6,30,380752.967097,False
0.0,30,380799.034634,False
0.0,30,380849.039738,False
2.6,30,380898.037204,True
2.9,30,380940.874974,True
2.7,30,380985.503931,True
0.0,30,381030.873168,False
1.5,30,381076.755334,True
0.0,30,381123.350753,False
0.0,30,381165.930793,False
2.3,30,381211.445336,True
2.6,30,381263.601284,True
0.0,30,381305.647758,False
2.1,30,381353.828571,True
1.9,30,381395.656541,True
2.6,30,381440.106526,True
3.0,30,381486.539218,True
0.0,30,381529.724358,False
0.0,30,381574.399832,False
2.7,30,381621.024633,True
2.4,30,381670.671794,True
0.0,30,381715.828415,False
0.0,30,381761.882,False
0.0,30,381807.516572,False
0.0,30,381855.83505,False
0.0,30,381900.246519,False
2.6,30,381951.153076,True
0.2,30,381998.611787,False
2.9,30,382043.235972,True
3.0,30,382087.95004,True
2.6,30,382130.583086,True
2.7,30,382174.513247,True
0.0,30,382217.76299,False
0.0,30,382259.046163,False
0.0,30,382616.253205,False
0.0,30,382657.063935,False
2.3,30,382704.897779,True
0.0,30,382755.734217,False
0.0,30,382792.779429,False
2.5,30,382841.884118,True
0.0,30,382890.05369,False
0.0,30,382937.440198,False
2.5,30,382984.665819,True
0.0,30,383030.666716,False
0.0,30,383075.79993,False
0.0,30,383122.317712,False
0.0,30,383165.385518,False
0.0,30,383206.772451,False
0.0,30,383253.019621,False
2.2,30,383300.496297,True
0.0,30,383347.787648,False
0.0,30,383397.583649,False
2.8,30,383443.645368,True
0.0,30,383488.016614,False
2.9,30,383535.201465,True
2.7,30,383587.38132,True
1.6,30,383632.426203,True
1.8,30,383674.05045,True
2.6,30,383722.171916,True
0.8,30,383775.163386,True
0.0,30,383818.082952,False
2.5,30,383868.962081,True
0.0,30,383921.58291,False
0.0,30,383971.240341,False
2.6,30,384018.557386,True
2.8,30,384059.651466,True
0.2,30,384111.952677,True
0.0,30,384156.81266,False
0.0,30,384469.359492,False
0.0,30,384520.527919,False
2.9,30,384567.288205,True
2.7,30,384609.024859,True
3.0,30,384657.362748,True
2.8,30,384732.346301,True
0.0,30,384777.355529,False
0.0,30,384832.228812,False
2.9,30,384881.033807,True
0.0,30,384923.729277,False
0.0,30,384967.365989,False
2.7,30,385019.368709,True
2.6,30,385071.854972,True
2.1,30,385118.119977,True
0.0,30,385158.98871,False
2.6,30,385206.749235,True
2.5,30,385250.752833,True
2.9,30,385308.674888,True
2.1,30,385354.001997,True
0.0,30,385401.789752,False
2.9,30,385450.623357,True
0.0,30,385496.467347,False
2.5,30,385542.821107,True
0.0,30,385587.535845,False
2.3,30,385631.300138,True
2.7,30,385679.17501,True
2.5,30,385722.53106,True
2.7,30,385765.755959,True
0.4,30,385807.344941,True
0.0,30,385851.13424,False
2.5,30,385895.582566,True
0.0,30,385949.950639,False
0.0,30,385993.403639,False
3.0,30,386038.112957,True
2.2,30,386369.377954,True
2.6,30,386413.086998,True
0.0,30,386457.952515,False
0.0,30,386498.234801,False
2.6,30,386546.096306,True
2.3,30,386588.527602,True
0.0,30,386635.287666,False
1.8,30,386679.650966,True
2.9,30,386720.747396,True
2.3,30,386765.236825,True
0.0,30,386812.610986,False
0.6,30,386862.68408,True
0.0,30,386908.806786,False
0.0,30,386954.600034,False
0.0,30,387013.105938,False
0.0,30,387060.342817,False
2.5,30,387106.246505,True
0.0,30,387177.698553,False
1.2,30,387230.734711,True
0.0,30,387275.897343,False
2.2,30,387322.019224,True
0.0,30,387365.206475,False
2.8,30,387413.012032,True
3.0,30,387455.612331,True
0.0,30,387501.012779,False
3.0,30,387546.213992,True
0.0,30,387593.480778,False
2.7,30,387637.828721,True
1.1,30,387680.196572,True
2.2,30,387722.570706,True
0.0,30,387767.159713,False
2.8,30,387810.731533,True
2.9,30,387862.308975,True
0.0,30,387904.232143,False
0.0,30,388211.509506,False
0.0,30,388260.676672,False
0.0,30,388304.459386,False
2.0,30,388349.532436,True
0.0,30,388398.686297,False
2.9,30,388446.684954,True
0.0,30,388491.955096,False
2.5,30,388537.518838,True
0.0,30,388584.246925,False
1.3,30,388628.430998,True
2.2,30,388675.51518,True
0.0,30,388721.961862,False
1.9,30,388766.959418,True
2.6,30,388809.526829,True
0.0,30,388855.119915,False
0.0,30,388902.00077,False
1.6,30,388946.757274,True
0.0,30,388992.32585,False
1.9,30,389037.40326,True
0.0,30,389081.7662,False
1.8,30,389127.71348,False
0.0,30,389176.816677,False
0.0,30,389223.73556,False
2.6,30,389267.610035,True
1.8,30,389322.194484,True
0.0,30,389366.326686,False
0.0,30,389413.995951,False
0.0,30,389471.441507,False
1.9,30,389520.624692,False
0.0,30,389565.101755,False
2.4,30,389615.509362,True
0.0,30,389660.156217,False
1.2,30,389703.068582,True
1.5,30,389743.588738,True
2.8,30,390036.125677,True
2.7,30,390085.519463,True
0.0,30,390133.113334,False
1.7,30,390175.808535,True
0.0,30,390222.897523,False
0.0,30,390267.114676,False
0.0,30,390316.322758,False
0.0,30,390361.636788,False
2.9,30,390407.0032,True
2.7,30,390452.762239,True
0.0,30,390500.829736,False
2.2,30,390545.496852,True
0.0,30,390592.440484,False
0.0,30,390635.415574,False
2.5,30,390680.498289,True
2.8,30,390720.402395,True
0.0,30,390764.975845,False
0.0,30,390811.697226,False
0.0,30,390856.7009,False
0.0,30,390900.383927,False
2.2,30,390945.159724,True
1.0,30,390996.87394,True
0.0,30,391040.102516,False
2.7,30,391085.085921,True
2.3,30,391130.367708,True
0.0,30,391180.657966,False
0.0,30,391225.676021,False
1.9,30,391277.749526,True
2.5,30,391328.57341,True
2.3,30,391376.630926,True
0.0,30,391427.354233,False
0.0,30,391470.620047,False
2.3,30,391513.552466,True
0.0,30,391560.238096,False
2.4,30,391600.880301,True
2.5,30,391903.802724,True
2.7,30,391948.702077,True
2.2,30,391990.208494,True
0.0,30,392032.144307,False
0.0,30,392071.405116,False
0.0,30,392119.347863,False
2.7,30,392166.490704,True
0.0,30,392210.544816,False
2.6,30,392254.42363,True
2.6,30,392302.032073,True
0.0,30,392347.041744,False
2.7,30,392392.617597,True
0.0,30,392437.597673,False
2.1,30,392488.593869,True
2.1,30,392533.041292,True
2.0,30,392576.352704,True
2.3,30,392624.781288,True
2.7,30,392670.148635,True
0.0,30,392719.215518,False
0.0,30,392760.697466,False
0.0,30,392806.544307,False
2.8,30,392850.790858,True
0.0,30,392890.005317,False
2.4,30,392934.19988,True
0.0,30,392978.653374,False
0.0,30,393029.555806,False
3.0,30,393077.326572,True
1.9,30,393125.317655,True
0.8,30,393173.816599,True
2.5,30,393222.251089,True
2.8,30,393268.752664,True
2.8,30,393315.819474,True
3.0,30,393360.995934,True
2.6,30,393409.849868,True
0.0,30,393711.452708,False
2.5,30,393766.956749,True
1.5,30,393807.309186,True
0.0,30,393863.871697,False
1.4,30,393912.953622,True
0.0,30,393956.988302,False
0.0,30,394002.580724,False
2.5,30,394048.334447,True
0.0,30,394089.952588,False
0.0,30,394135.542624,False
0.0,30,394180.418391,False
0.0,30,394227.483804,False
0.0,30,394271.857109,False
0.0,30,394318.719708,False
0.0,30,394360.820182,False
2.5,30,394403.315718,True
2.5,30,394441.717884,True
3.0,30,394484.434968,True
0.0,30,394532.223138,False
0.0,30,394577.466976,False
1.9,30,394621.461435,True
0.0,30,394666.163673,False
2.3,30,394706.147296,True
2.4,30,394751.824642,True
0.0,30,394800.080698,False
1.9,30,394840.913784,True
1.9,30,394885.39454,True
1.5,30,394929.239558,True
0.0,30,394978.461663,False
0.0,30,395024.709777,False
0.0,30,395071.111179,False
2.1,30,395115.560298,True
3.0,30,395157.367592,True
0.0,30,395201.253272,False
2.2,30,395488.827388,True
2.7,30,395530.513766,True
1.6,30,395573.200957,True
0.0,30,395617.853773,False
2.5,30,395663.904353,True
0.0,30,395713.717227,False
2.6,30,395757.1508,True
2.2,30,395805.685143,True
2.7,30,395848.944099,True
0.0,30,395893.613902,False
0.0,30,395935.460266,False
1.9,30,395982.550556,True
0.0,30,396033.643347,False
0.0,30,396079.731516,False
2.6,30,396139.157752,True
0.0,30,396183.882522,False
0.0,30,396226.949233,False
2.6,30,396273.622845,True
2.6,30,396317.854928,True
0.0,30,396362.982801,False
2.9,30,396410.771019,True
2.6,30,396456.692718,True
0.0,30,396502.360507,False
0.0,30,396546.310865,False
2.5,30,396585.585958,True
0.0,30,396627.438181,False
0.0,30,396676.435514,False
3.0,30,396718.798851,True
2.6,30,396768.587204,True
2.5,30,396822.65518,True
2.8,30,396862.706667,True
2.5,30,396911.613417,True
1.5,30,396954.631634,True
3.0,30,397001.917238,True
2.2,30,397314.887113,True
0.0,30,397356.217956,False
2.5,30,397404.819002,True
2.8,30,397445.413192,True
0.0,30,397490.415926,False
0.0,30,397536.025794,False
0.0,30,397582.450744,False
0.0,30,397626.352269,False
0.0,30,397679.124217,False
0.0,30,397725.451633,False
2.1,30,397768.905999,True
2.9,30,397815.227376,True
2.7,30,397856.695206,True
1.7,30,397906.417791,False
0.0,30,397953.423389,False
0.0,30,398004.747222,False
2.6,30,398051.356998,True
0.0,30,398092.416862,False
0.0,30,398133.018695,False
2.7,30,398176.965079,True
3.0,30,398222.748842,True
2.2,30,398267.527294,True
2.5,30,398315.586358,True
0.0,30,398358.006072,False
0.0,30,398407.751938,False
2.8,30,398452.82322,True
2.6,30,398499.972858,True
0.0,30,398544.077837,False
0.0,30,398588.849486,False
2.7,30,398646.653799,True
2.0,30,398694.928479,True
2.8,30,398736.032048,True
0.0,30,398779.996871,False
2.5,30,398831.085351,True
0.0,30,399123.112649,False
2.3,30,399169.053854,True
0.0,30,399217.012025,False
2.3,30,399266.386747,True
2.2,30,399309.907909,True
2.5,30,399360.821462,True
2.5,30,399405.520913,True
2.8,30,399446.36222,True
0.0,30,399493.888173,False
2.7,30,399542.353835,True
2.5,30,399586.163987,True
2.0,30,399633.010931,False
2.8,30,399690.670606,True
0.0,30,399734.076063,False
0.0,30,399781.858919,False
0.0,30,399826.086767,False
3.0,30,399875.776232,True
2.7,30,399922.580929,True
2.8,30,399965.2236,True
0.0,30,400012.479017,False
2.1,30,400057.399723,True
2.8,30,400102.537931,True
2.0,30,400151.285269,True
0.0,30,400198.211018,False
3.0,30,400240.992564,True
0.9,30,400283.25647,True
0.0,30,400330.622661,False
0.0,30,400375.791271,False
2.3,30,400423.191179,True
2.7,30,400496.85835,True
2.8,30,400546.204211,True
0.0,30,400590.153226,False
3.0,30,400640.78764,True
2.7,30,400689.398886,True
2.9,30,400962.262371,True
0.0,30,401005.541762,False
0.0,30,401048.121251,False
0.0,30,401091.547628,False
0.0,30,401134.669475,False
1.2,30,401185.161499,True
2.5,30,401231.529296,True
1.9,30,401278.81321,True
1.2,30,401323.944196,True
2.2,30,401371.557465,True
2.6,30,401408.182251,True
2.6,30,401452.633081,True
0.0,30,401499.60141,False
0.0,30,401541.74528,False
1.9,30,401586.578429,True
2.9,30,401632.507706,True
2.7,30,401678.053998,True
0.0,30,401726.226887,False
0.0,30,401770.354767,False
0.0,30,401812.115423,False
2.6,30,401855.145283,True
1.5,30,401898.510193,True
2.6,30,401939.667822,True
1.8,30,401982.717917,True
0.0,30,402025.665977,False
2.8,30,402071.874563,True
1.2,30,402117.541423,True
0.0,30,402166.71288,False
0.0,30,402215.866543,False
0.0,30,402257.016141,False
2.9,30,402304.360024,True
1.8,30,402345.754391,True
2.9,30,402386.675112,True
0.0,30,402431.722964,False
2.2,30,402727.1694,True
2.6,30,402773.305867,True
0.0,30,402820.701255,False
2.5,30,402868.775163,True
2.7,30,402915.045528,True
2.1,30,402964.373626,True
2.5,30,403009.681531,True
0.0,30,403053.649019,False
1.5,30,403098.250798,True
2.9,30,403143.541269,True
0.0,30,403192.749341,False
2.8,30,403231.731811,True
0.0,30,403274.756628,False
2.3,30,403323.627963,True
0.0,30,403367.04427,False
0.0,30,403409.279611,False
2.6,30,403457.989063,True
0.0,30,403500.640944,False
1.8,30,403544.214375,True
0.0,30,403588.354913,False
2.5,30,403630.372328,True
2.0,30,403692.182775,True
0.0,30,403741.501493,False
2.4,30,403783.674763,True
2.9,30,403828.634702,True
0.0,30,403869.968201,False
1.3,30,403925.961642,True
0.0,30,403971.028142,False
0.0,30,404016.700689,False
0.0,30,404057.977232,False
2.3,30,404100.763489,True
3.0,30,404151.119533,True
2.4,30,404194.265503,True
2.2,30,404252.314288,True
2.0,30,404295.309976,True
2.7,30,404546.248962,True
0.0,30,404606.060677,False
0.0,30,404657.042216,False
0.0,30,404702.045557,False
2.7,30,404741.739039,True
2.9,30,404784.605115,True
2.2,30,404827.605781,True
0.0,30,404872.982819,False
2.6,30,404911.815411,True
0.0,30,404956.180678,False
2.8,30,405003.549175,True
0.0,30,405043.280159,False
0.0,30,405087.2734,False
0.0,30,405131.424167,False
2.4,30,405175.440659,True
0.0,30,405220.49875,False
2.6,30,405263.999801,True
0.0,30,405308.375513,False
2.6,30,405356.027671,True
2.0,30,405413.75051,True
0.0,30,405456.75051,False
0.1,30,405501.541562,True
2.7,30,405540.379949,True
0.1,30,405587.695823,True
2.7,30,405633.806904,True
0.0,30,405682.678073,False
2.3,30,405729.392051,True
1.1,30,405774.51057,True
0.0,30,405825.291182,False
0.0,30,405869.651275,False
0.0,30,405916.748256,False
2.3,30,405961.076249,True
2.8,30,406004.028084,True
0.0,30,406046.277435,False
0.0,30,406329.385635,False
2.5,30,406373.541442,True
1.6,30,406421.806126,True
1.4,30,406470.454992,False
0.0,30,406513.289794,False
0.0,30,406555.982318,False
2.4,30,406596.96465,True
1.9,30,406644.684614,True
0.0,30,406688.843492,False
1.4,30,406738.706714,True
2.6,30,406784.458029,True
0.0,30,406833.126094,False
1.7,30,406881.205844,True
0.0,30,406926.978771,False
0.0,30,406967.863255,False
2.5,30,407014.705672,True
1.6,30,407057.196793,True
2.3,30,407100.290617,True
2.5,30,407147.674851,True
0.0,30,407197.85404,False
0.0,30,407242.318273,False
2.6,30,407290.853286,True
0.0,30,407336.94194,False
0.0,30,407391.911088,False
2.0,30,407438.172565,True
0.0,30,407487.072203,False
1.6,30,407542.622313,True
2.7,30,407589.127752,True
2.8,30,407636.086327,True
0.0,30,407674.740558,False
0.8,30,407721.20102,True
0.0,30,407762.837317,False
2.0,30,407805.707486,True
0.0,30,407861.891028,False
2.9,30,408144.216958,True
2.8,30,408189.552096,True
2.7,30,408234.763409,True
1.2,30,408284.172488,True
2.4,30,408329.677676,True
0.0,30,408378.188249,False
0.0,30,408430.259023,False
2.5,30,408475.01631,True
2.6,30,408517.22146,True
0.0,30,408564.018631,False
2.4,30,408611.932976,True
0.0,30,408657.002169,False
0.0,30,408702.146242,False
1.9,30,408747.889317,True
0.0,30,408787.768721,False
0.0,30,408831.779192,False
0.0,30,408874.942187,False
2.6,30,408918.544543,True
0.0,30,408977.13763,False
0.0,30,409026.823214,False
0.0,30,409077.692976,False
0.0,30,409118.64947,False
0.0,30,409161.976023,False
0.0,30,409208.445074,False
0.0,30,409256.748714,False
0.0,30,409304.645392,False
2.2,30,409350.743811,True
0.0,30,409392.945517,False
2.9,30,409443.128912,True
2.6,30,409485.754674,True
0.0,30,409531.893363,False
0.0,30,409574.425541,False
0.0,30,409615.987691,False
2.6,30,409662.182224,True
2.7,30,409944.209738,True
2.8,30,409988.141046,True
0.0,30,410032.980222,False
0.0,30,410076.646516,False
1.9,30,410128.340904,True
2.2,30,410173.566714,True
2.7,30,410215.93388,True
2.9,30,410261.815174,True
2.3,30,410312.633714,True
0.0,30,410358.882482,False
0.0,30,410408.974513,False
2.8,30,410455.694959,True
0.0,30,410506.410551,False
2.7,30,410545.644342,True
2.5,30,410592.150647,True
0.0,30,410638.494458,False
0.0,30,410683.564568,False
0.0,30,410726.080291,False
0.0,30,410768.742047,False
0.7,30,410817.011435,True
0.0,30,410859.801485,False
0.0,30,410905.467482,False
1.7,30,410958.589351,True
0.0,30,411000.675364,False
0.0,30,411049.609349,False
2.8,30,411094.054951,True
0.0,30,411133.510064,False
1.8,30,411177.921051,True
0.0,30,411228.194221,False
0.0,30,411275.761075,False
2.9,30,411321.134202,True
2.4,30,411365.770105,True
0.0,30,411414.976886,False
2.1,30,411459.742565,True
0.0,30,411776.131248,False
0.0,30,411819.569213,False
2.5,30,411869.93762,True
0.0,30,411914.915304,False
0.0,30,411962.621115,False
2.9,30,412007.688768,True
0.0,30,412055.875385,False
0.0,30,412097.39713,False
0.0,30,412143.142747,False
2.2,30,412191.785611,True
0.0,30,412236.809961,False
2.7,30,412285.354862,True
0.0,30,412331.945336,False
0.0,30,412377.728667,False
2.4,30,412418.019172,True
0.0,30,412463.963089,False
1.4,30,412517.3658,False
1.1,30,412563.412141,True
0.0,30,412607.612698,False
2.6,30,412662.439253,True
0.0,30,412710.873996,False
2.6,30,412760.591061,True
0.0,30,412804.392542,False
0.0,30,412847.77129,False
0.0,30,412893.709395,False
1.6,30,412937.184893,False
2.9,30,412980.250023,True
0.0,30,413020.613869,False
2.5,30,413065.005793,True
0.0,30,413115.452775,False
2.8,30,413164.099343,True
2.7,30,413222.623412,True
3.0,30,413268.774354,True
2.6,30,413317.552644,True
2.2,30,413593.096399,True
0.0,30,413637.992447,False
2.1,30,413688.106883,True
0.0,30,413739.55531,False
0.0,30,413781.636753,False
2.6,30,413827.26152,True
2.6,30,413867.703784,True
2.8,30,413918.428398,True
0.0,30,413960.996041,False
3.0,30,414011.113626,True
0.0,30,414060.580586,False
0.0,30,414104.508662,False
0.0,30,414144.615806,False
0.0,30,414188.517327,False
0.0,30,414235.332325,False
0.9,30,414278.027309,True
0.0,30,414321.446225,False
2.6,30,414363.721674,True
2.4,30,414413.465268,True
2.4,30,414457.489567,True
2.0,30,414499.930678,True
1.5,30,414543.495777,False
0.8,30,414591.231256,False
2.4,30,414638.176727,True
0.0,30,414685.939653,False
1.2,30,414732.564194,True
1.1,30,414771.768299,True
1.8,30,414819.266694,True
1.5,30,414862.394535,True
0.0,30,414906.385774,False
2.9,30,414955.908564,True
0.0,30,414997.70194,False
0.0,30,415046.180168,False
2.6,30,415089.990383,True
2.0,30,415378.60169,True
0.0,30,415422.390482,False
2.8,30,415469.724347,True
0.0,30,415518.260304,False
0.0,30,415561.143979,False
0.0,30,415607.508883,False
2.2,30,415650.774577,True
2.7,30,415696.367584,True
2.7,30,415740.721569,True
2.6,30,415785.252274,True
2.5,30,415827.669972,True
0.0,30,415871.012533,False
0.0,30,415923.68522,False
0.0,30,415965.556678,False
0.0,30,416012.471669,False
2.4,30,416053.101225,True
0.0,30,416097.971253,False
3.0,30,416154.903123,True
0.0,30,416201.823802,False
2.2,30,416250.2357,True
1.8,30,416297.052649,False
2.9,30,416343.112138,True
1.7,30,416382.998738,True
0.0,30,416424.340219,False
0.0,30,416477.080356,False
1.7,30,416521.354451,True
2.2,30,416567.490489,True
0.0,30,416613.183847,False
1.8,30,416655.446747,True
0.0,30,416700.027208,False
2.8,30,416744.918122,True
0.0,30,416797.961401,False
0.0,30,416847.998381,False
0.0,30,416891.209513,False
0.0,30,417192.994037,False
2.3,30,417237.550877,True
2.8,30,417285.463979,True
2.8,30,417332.209135,True
3.0,30,417378.564162,True
3.0,30,417426.826767,True
1.8,30,417465.848104,True
2.6,30,417514.135424,True
0.0,30,417565.356604,False
1.6,30,417607.685659,True
0.0,30,417648.612353,False
3.0,30,417693.97296,True
3.0,30,417738.826046,True
2.7,30,417782.775729,True
2.5,30,417829.764677,True
2.7,30,417883.937708,True
0.0,30,417932.587435,False
0.0,30,417975.367199,False
2.4,30,418021.296072,True
0.0,30,418062.852826,False
0.0,30,418104.271335,False
2.7,30,418154.163682,True
2.8,30,418193.233597,True
0.0,30,418231.80417,False
0.0,30,418279.630134,False
0.0,30,418322.047567,False
0.0,30,418369.673707,False
0.5,30,418412.294189,True
2.4,30,418455.533702,True
0.0,30,418498.506077,False
2.0,30,418542.529368,True
0.0,30,418583.029762,False
0.0,30,418627.440306,False
2.2,30,418673.997129,True
0.0,30,418718.704464,False
0.0,30,419001.173191,False
0.0,30,419046.154792,False
0.0,30,419093.692132,False
2.5,30,419144.078824,True
2.5,30,419188.459007,True
0.0,30,419233.598983,False
1.8,30,419283.489359,True
0.0,30,419331.451082,False
2.8,30,419379.819499,True
2.4,30,419437.559453,True
0.0,30,419483.991478,False
2.2,30,419529.728648,True
2.7,30,419571.463427,True
1.9,30,419617.036497,True
0.0,30,419661.472008,False
2.5,30,419707.03576,True
0.0,30,419748.104173,False
2.4,30,419791.645977,True
0.0,30,419833.903155,False
0.0,30,419876.124066,False
2.8,30,419926.682021,True
0.9,30,419971.603327,True
0.0,30,420014.937704,False
0.0,30,420056.436297,False
0.0,30,420099.982754,False
2.5,30,420147.355211,True
0.0,30,420194.13752,False
0.0,30,420234.06966,False
0.0,30,420279.089524,False
2.9,30,420324.930353,True
0.0,30,420365.206398,False
0.0,30,420410.028277,False
2.8,30,420467.047114,True
2.9,30,420509.09534,True
1.8,30,420819.113951,True
2.3,30,420864.942572,True
0.0,30,420908.039841,False
2.4,30,420957.545596,True
2.6,30,420997.885314,True
0.0,30,421053.320062,False
0.0,30,421097.269407,False
0.0,30,421147.018772,False
3.0,30,421193.845748,True
2.9,30,421237.180404,True
0.0,30,421284.504049,False
0.0,30,421327.842962,False
2.5,30,421375.847194,True
0.0,30,421423.974997,False
2.4,30,421474.813189,True
0.6,30,421519.453893,True
0.0,30,421564.629541,False
2.8,30,421613.01087,True
0.0,30,421650.789898,False
2.9,30,421693.3009,True
2.7,30,421737.428452,True
0.0,30,421784.033692,False
0.0,30,421831.396059,False
2.5,30,421882.49538,True
2.8,30,421924.658903,True
0.0,30,421972.304236,False
0.0,30,422018.610189,False
2.7,30,422065.383342,True
0.0,30,422113.657284,False
0.0,30,422160.474901,False
2.9,30,422202.176304,True
0.0,30,422251.893468,False
0.0,30,422293.549604,False
2.2,30,422338.914055,True
0.0,30,422672.724951,False
2.9,30,422716.397453,True
0.0,30,422764.142372,False
2.3,30,422827.293543,True
0.0,30,422871.252169,False
0.0,30,422917.292513,False
2.7,30,422960.335521,True
3.0,30,423003.452192,True
2.8,30,423050.601913,True
2.9,30,423099.156038,True
2.5,30,423142.610021,True
0.0,30,423186.151372,False
1.7,30,423231.973655,True
0.0,30,423271.222939,False
2.8,30,423315.0785,True
2.5,30,423364.418145,True
0.1,30,423412.845961,True
0.0,30,423453.22239,False
0.0,30,423494.901021,False
0.0,30,423541.196448,False
2.7,30,423588.871122,True
0.0,30,423634.256928,False
0.0,30,423676.024231,False
0.0,30,423718.52681,False
0.0,30,423758.584082,False
0.0,30,423797.907875,False
0.0,30,423841.627198,False
2.0,30,423887.69519,True
1.8,30,423939.145734,False
0.0,30,423976.648892,False
0.0,30,424020.707355,False
2.5,30,424075.993761,True
0.0,30,424116.955265,False
2.8,30,424162.530951,True
1.7,30,424489.668023,True
0.0,30,424537.014244,False
2.6,30,424581.607325,True
2.0,30,424629.484657,True
0.0,30,424679.614115,False
0.0,30,424729.682395,False
0.0,30,424771.955994,False
0.0,30,424815.927414,False
3.0,30,424859.413444,True
2.6,30,424904.629511,True
0.0,30,424956.26008,False
2.9,30,424998.251255,True
2.8,30,425044.960395,True
2.8,30,425091.199442,True
0.0,30,425130.481498,False
2.7,30,425173.743392,True
1.1,30,425219.101891,True
0.0,30,425262.055681,False
2.9,30,425308.745627,True
0.0,30,425353.062398,False
0.0,30,425394.566424,False
2.3,30,425437.240261,True
0.0,30,425479.138001,False
0.0,30,425528.132861,False
0.0,30,425575.058866,False
2.6,30,425617.878184,True
2.4,30,425673.435364,True
0.0,30,425717.234462,False
2.6,30,425763.72168,True
1.5,30,425802.811569,True
0.0,30,425849.574663,False
2.3,30,425892.231102,True
2.2,30,425935.89475,True
2.8,30,425984.869267,True
0.0,30,426298.827485,False
0.0,30,426342.146471,False
0.0,30,426388.986483,False
0.0,30,426460.494039,False
2.6,30,426512.530057,True
2.5,30,426556.061474,True
2.3,30,426602.15245,True
0.0,30,426656.078063,False
0.0,30,426704.904274,False
0.0,30,426751.837269,False
0.0,30,426800.883612,False
2.8,30,426846.677773,True
0.0,30,426894.395662,False
2.8,30,426942.806448,True
2.8,30,426990.072259,True
2.6,30,427031.974467,True
0.0,30,427076.835515,False
0.0,30,427120.015737,False
0.0,30,427166.654454,False
1.4,30,427211.875336,True
0.0,30,427261.020931,False
1.4,30,427309.57952,True
0.0,30,427359.27132,False
1.9,30,427402.015917,True
1.3,30,427448.494861,False
0.0,30,427496.245539,False
2.6,30,427538.725812,True
0.0,30,427585.822355,False
2.6,30,427630.300028,True
0.0,30,427679.647909,False
0.0,30,427724.913365,False
1.2,30,427772.262493,True
2.7,30,427821.320802,True
0.0,30,427863.366222,False
0.0,30,428219.033744,False
0.2,30,428263.178914,False
0.0,30,428308.344479,False
2.7,30,428351.769348,True
2.4,30,428401.367321,True
0.0,30,428448.028119,False
2.8,30,428493.685358,True
2.8,30,428539.751881,True
2.5,30,428583.833889,True
0.0,30,428627.128146,False
2.6,30,428679.67358,True
2.4,30,428728.865483,True
0.0,30,428774.171328,False
2.4,30,428818.299157,True
0.0,30,428864.38698,False
2.7,30,428905.965132,True
2.6,30,428951.235759,True
0.0,30,428996.501089,False
2.4,30,429043.122549,True
2.8,30,429086.017072,True
2.8,30,429128.703023,True
0.0,30,429182.787802,False
0.0,30,429230.753744,False
0.0,30,429275.747482,False
2.3,30,429320.742315,True
2.7,30,429362.253547,True
2.5,30,429412.065882,True
0.0,30,429456.192576,False
2.4,30,429501.349389,True
0.0,30,429550.202602,False
2.7,30,429594.941289,True
0.0,30,429638.786405,False
2.6,30,429693.381241,True
0.0,30,429739.00417,False
1.7,30,430091.035637,True
0.0,30,430133.578783,False
0.0,30,430177.792573,False
0.0,30,430227.142602,False
2.2,30,430276.447874,True
2.8,30,430320.276764,True
2.7,30,430369.09109,True
1.0,30,430415.957422,True
0.0,30,430460.92513,False
1.8,30,430513.325468,True
2.2,30,430559.089512,True
2.2,30,430610.326868,True
2.4,30,430664.055164,True
2.1,30,430712.439189,True
0.0,30,430762.364403,False
0.0,30,430809.448533,False
0.0,30,430862.424436,False
1.7,30,430902.52035,True
1.2,30,430950.778007,False
3.0,30,430994.301395,True
2.1,30,431037.847899,True
0.0,30,431084.796256,False
3.0,30,431138.739041,True
0.0,30,431188.8364,False
2.4,30,431234.5929,True
2.7,30,431278.639993,True
2.6,30,431328.270317,True
2.5,30,431371.645342,True
2.2,30,431419.509917,True
0.0,30,431468.301678,False
2.7,30,431518.437898,True
0.8,30,431568.867666,True
0.0,30,431617.048172,False
2.9,30,431663.282946,True
0.0,30,431706.116377,False
0.0,30,432042.817649,False
0.0,30,432085.31631,False
2.8,30,432133.205331,True
2.7,30,432186.957376,True
2.1,30,432230.98123,True
2.4,30,432279.426364,True
0.0,30,432329.105673,False
2.8,30,432376.217129,True
0.0,30,432424.558306,False
2.4,30,432467.013156,True
2.7,30,432515.110802,True
2.7,30,432564.570287,True
0.0,30,432606.78242,False
0.0,30,432663.401405,False
2.8,30,432709.360095,True
2.1,30,432756.065101,True
2.7,30,432804.010834,True
0.0,30,432851.319506,False
0.0,30,432893.245963,False
0.0,30,432936.791905,False
0.0,30,432980.302476,False
3.0,30,433027.024981,True
2.5,30,433076.669962,True
0.0,30,433123.925129,False
0.0,30,433169.687275,False
1.2,30,433213.284927,True
0.0,30,433252.833337,False
2.5,30,433301.231258,True
0.0,30,433346.014983,False
0.0,30,433391.046157,False
3.0,30,433439.15294,True
2.2,30,433487.69829,True
0.0,30,433535.023608,False
2.4,30,433578.293203,True
0.0,30,433933.754561,False
2.3,30,433981.762776,True
0.0,30,434029.842201,False
0.0,30,434074.942544,False
2.4,30,434115.726136,True
2.9,30,434163.774599,True
2.6,30,434211.181961,True
2.0,30,434256.262689,True
2.7,30,434299.70212,True
0.0,30,434348.206479,False
0.0,30,434396.495452,False
0.0,30,434445.609119,False
0.0,30,434495.535517,False
0.0,30,434543.650431,False
0.0,30,434588.827674,False
2.9,30,434631.661325,True
2.0,30,434682.026345,True
0.0,30,434734.567625,False
0.0,30,434778.281269,False
2.8,30,434824.741143,True
0.0,30,434868.346304,False
0.0,30,434912.780827,False
0.0,30,434963.983587,False
0.0,30,435010.600166,False
0.0,30,435058.798632,False
0.0,30,435104.891963,False
0.0,30,435150.160946,False
0.0,30,435194.47755,False
2.2,30,435238.689985,True
1.9,30,435287.013907,True
0.0,30,435336.24746,False
2.7,30,435384.760136,True
2.6,30,435431.216349,True
2.4,30,435477.700125,True
0.0,30,435828.131028,False
0.0,30,435872.504698,False
0.0,30,435920.630499,False
0.0,30,435964.561184,False
0.0,30,436015.842093,False
0.0,30,436062.110652,False
2.5,30,436110.762544,True
2.5,30,436152.000405,True
0.0,30,436198.828582,False
0.0,30,436245.547957,False
2.8,30,436287.220545,True
0.0,30,436333.47365,False
0.0,30,436385.020882,False
2.8,30,436434.768646,True
0.0,30,436483.0312,False
2.5,30,436531.493092,True
0.0,30,436585.266439,False
0.0,30,436630.355316,False
0.0,30,436674.132225,False
0.0,30,436725.724456,False
0.0,30,436770.463304,False
2.5,30,436819.775803,True
2.5,30,436863.752493,True
2.9,30,436917.037684,True
0.0,30,436962.434034,False
2.1,30,437012.75039,True
2.6,30,437061.137003,True
3.0,30,437106.224143,True
2.4,30,437149.723861,True
2.6,30,437201.142002,True
2.4,30,437248.457759,True
0.0,30,437297.809628,False
0.0,30,437340.312244,False
0.0,30,437387.849552,False
0.0,30,437726.364982,False
0.5,30,437780.284446,True
1.6,30,437830.914526,True
0.0,30,437889.470127,False
0.0,30,437938.036103,False
2.1,30,437981.744094,True
2.4,30,438031.73417,True
0.0,30,438078.640618,False
2.8,30,438125.754492,True
2.4,30,438170.497054,True
0.0,30,438217.466836,False
0.0,30,438266.431871,False
2.5,30,438309.517552,True
1.3,30,438356.216783,True
2.0,30,438406.746967,True
0.0,30,438452.74359,False
2.7,30,438499.285959,True
0.0,30,438546.62111,False
2.4,30,438590.451792,True
3.0,30,438640.808602,True
2.8,30,438685.498452,True
2.4,30,438731.539687,True
2.9,30,438782.712993,True
0.0,30,438827.686759,False
0.0,30,438872.717616,False
0.0,30,438920.996603,False
2.8,30,438970.519136,True
2.9,30,439022.434939,True
0.0,30,439068.516509,False
0.0,30,439119.699749,False
0.0,30,439169.083722,False
2.5,30,439219.36748,True
2.4,30,439272.057836,True
0.0,30,439319.289261,False
0.0,30,439644.51065,False
2.7,30,439687.762666,True
0.0,30,439740.894377,False
2.8,30,439792.864786,True
2.8,30,439844.824683,True
2.5,30,439891.566063,True
0.0,30,439937.261344,False
1.6,30,439983.978625,True
2.2,30,440040.62632,True
0.0,30,440089.615269,False
0.0,30,440137.673546,False
0.0,30,440190.195907,False
2.8,30,440236.727746,True
0.0,30,440280.902158,False
0.0,30,440330.105066,False
3.0,30,440374.692334,True
1.1,30,440418.916752,False
0.1,30,440465.175788,True
1.7,30,440510.833242,True
0.0,30,440555.760769,False
0.0,30,440599.589921,False
0.0,30,440651.349316,False
1.2,30,440697.435179,False
2.7,30,440747.529608,True
0.0,30,440797.529616,False
0.0,30,440838.677805,False
2.9,30,440888.262863,True
0.0,30,440938.741861,False
2.5,30,440981.489034,True
2.9,30,441031.505185,True
2.5,30,441089.140461,True
0.0,30,441134.132847,False
2.3,30,441186.436887,True
2.2,30,441234.698842,True
2.5,30,441573.155695,True
2.6,30,441622.458209,True
0.0,30,441671.805402,False
0.0,30,441722.210026,False
2.3,30,441767.050046,True
0.0,30,441811.542457,False
2.7,30,441861.715688,True
0.0,30,441908.676256,False
0.0,30,441956.215959,False
1.9,30,442002.621407,True
0.0,30,442053.690612,False
0.0,30,442095.592004,False
0.6,30,442143.67355,False
2.8,30,442191.173733,True
0.0,30,442232.983646,False
0.0,30,442277.519568,False
0.0,30,442331.273237,False
2.5,30,442377.620699,True
0.0,30,442423.881068,False
0.0,30,442477.901234,False
2.8,30,442520.880364,True
0.0,30,442566.033343,False
1.9,30,442614.653963,True
0.0,30,442657.08339,False
2.8,30,442697.769499,True
1.5,30,442743.736256,False
0.0,30,442789.108191,False
0.0,30,442829.265386,False
2.4,30,442872.010414,True
2.9,30,442909.962253,True
2.3,30,442954.363309,False
2.8,30,443000.989971,True
0.0,30,443043.986002,False
2.8,30,443091.776386,True
0.0,30,443440.260747,False
0.0,30,443490.467374,False
2.7,30,443533.911495,True
0.0,30,443583.144866,False
1.7,30,443630.23794,True
1.8,30,443677.020134,True
0.0,30,443726.350982,False
2.5,30,443769.023109,True
2.4,30,443816.792403,True
2.9,30,443862.445894,True
0.0,30,443907.859444,False
2.2,30,443955.203382,True
2.6,30,443997.92776,True
2.3,30,444046.4809,True
2.0,30,444096.12861,True
0.0,30,444151.366373,False
2.4,30,444200.105975,True
2.7,30,444243.401937,True
0.0,30,444288.754715,False
0.0,30,444334.79785,False
0.0,30,444381.135318,False
0.0,30,444422.71204,False
0.0,30,444466.484647,False
0.0,30,444515.416948,False
0.0,30,444566.104846,False
1.2,30,444609.28404,False
0.0,30,444654.986514,False
0.0,30,444701.21805,False
0.0,30,444750.830829,False
0.0,30,444798.52507,False
2.4,30,444850.974726,True
2.5,30,444897.018582,True
1.6,30,444947.780271,True
3.0,30,444992.473562,True
2.8,30,445335.4208,True
0.0,30,445383.032043,False
0.0,30,445429.594035,False
0.0,30,445480.016206,False
2.4,30,445527.739336,True
2.8,30,445572.740711,True
2.4,30,445612.675307,True
2.6,30,445655.545366,True
2.6,30,445699.890692,True
2.3,30,445747.585302,True
0.0,30,445793.002715,False
0.0,30,445846.044314,False
2.3,30,445892.643321,False
0.0,30,445940.350218,False
2.3,30,445988.787909,True
1.4,30,446033.161736,False
0.0,30,446077.169106,False
0.0,30,446133.046997,False
2.8,30,446178.622058,True
0.0,30,446223.833604,False
2.5,30,446267.246829,True
2.1,30,446310.384907,True
2.8,30,446359.338867,True
0.0,30,446403.513735,False
2.1,30,446447.428555,True
0.0,30,446490.255252,False
2.2,30,446530.650436,True
0.0,30,446578.530005,False
2.1,30,446621.527256,True
2.6,30,446665.703139,True
2.8,30,446710.395822,True
2.6,30,446753.428567,True
3.0,30,446800.010452,True
2.6,30,446848.213959,True
2.4,30,446894.780888,True
2.5,30,447243.600743,True
2.3,30,447287.01248,True
2.1,30,447332.712501,True
2.0,30,447383.858052,False
0.0,30,447426.283442,False
0.0,30,447472.954073,False
0.0,30,447516.391513,False
2.8,30,447561.928814,True
0.0,30,447616.994041,False
2.6,30,447660.138061,True
0.0,30,447704.967975,False
2.5,30,447753.817935,True
1.1,30,447802.017199,True
3.0,30,447848.166152,True
2.6,30,447894.623661,True
2.6,30,447938.744117,True
2.4,30,447986.667081,True
0.0,30,448031.109325,False
2.3,30,448075.252467,True
0.0,30,448119.789797,False
0.0,30,448173.048821,False
2.8,30,448223.783322,True
0.0,30,448264.759898,False
0.0,30,448309.940784,False
2.1,30,448359.278542,True
0.0,30,448406.787298,False
0.0,30,448459.905015,False
0.0,30,448510.737442,False
2.5,30,448555.864393,True
0.0,30,448607.044995,False
0.0,30,448654.196582,False
2.8,30,448704.032998,True
0.0,30,448751.435133,False
0.0,30,448793.829692,False
1.8,30,449148.447433,True
2.5,30,449196.547107,True
1.3,30,449242.960251,True
0.0,30,449288.265524,False
1.9,30,449337.246816,True
0.0,30,449377.182511,False
0.0,30,449423.270645,False
0.0,30,449464.075964,False
2.6,30,449510.237262,True
0.0,30,449557.387399,False
2.1,30,449601.029524,True
0.0,30,449642.111758,False
0.0,30,449695.776192,False
2.0,30,449742.857817,True
0.0,30,449786.155071,False
1.5,30,449825.99421,True
1.6,30,449874.509496,True
2.8,30,449916.48004,True
2.2,30,449964.201286,True
0.0,30,450007.50642,False
0.0,30,450056.293336,False
2.6,30,450100.538885,True
3.0,30,450142.890497,True
2.6,30,450187.657705,True
0.0,30,450235.807858,False
0.0,30,450280.119691,False
2.4,30,450326.068056,True
1.5,30,450370.356797,False
2.1,30,450421.434667,True
0.0,30,450465.752262,False
2.7,30,450507.189787,True
2.7,30,450550.756394,True
0.0,30,450593.455197,False
0.0,30,450644.314773,False
2.9,30,450985.077419,True
0.0,30,451031.753969,False
2.3,30,451074.88452,True
0.0,30,451120.686336,False
0.0,30,451169.285447,False
0.0,30,451216.228401,False
0.0,30,451262.377107,False
2.9,30,451308.345165,True
0.0,30,451351.633155,False
0.0,30,451392.142629,False
2.7,30,451437.881929,True
0.0,30,451478.064928,False
0.0,30,451524.842138,False
0.0,30,451572.851839,False
0.0,30,451626.802401,False
0.0,30,451668.629833,False
0.0,30,451710.174173,False
2.5,30,451754.576785,True
0.0,30,451794.666446,False
0.0,30,451842.238099,False
0.0,30,451889.125754,False
0.0,30,451938.407656,False
2.5,30,451985.433136,True
1.0,30,452025.061315,True
0.0,30,452066.908025,False
0.0,30,452119.047175,False
0.1,30,452167.724074,True
1.6,30,452214.247297,True
0.0,30,452255.569946,False
2.5,30,452301.387884,True
2.2,30,452347.52386,True
0.0,30,452394.540427,False
0.0,30,452444.877943,False
2.8,30,452490.439897,True
0.7,30,452823.078988,True
0.0,30,452875.890563,False
2.8,30,452920.840078,True
0.0,30,452965.401416,False
2.1,30,453012.122437,True
1.8,30,453053.217418,True
0.0,30,453095.286956,False
0.0,30,453147.155203,False
3.0,30,453192.877858,True
0.0,30,453237.922227,False
0.0,30,453284.851854,False
2.4,30,453330.418076,True
3.0,30,453380.468713,True
0.0,30,453428.136737,False
0.0,30,453475.607819,False
2.8,30,453522.553527,True
2.5,30,453572.664539,True
0.0,30,453623.369962,False
0.0,30,453666.963907,False
0.0,30,453711.190207,False
1.6,30,453755.015115,True
0.0,30,453797.253852,False
3.0,30,453840.284951,True
0.0,30,453883.294274,False
2.3,30,453930.894442,True
0.0,30,453980.117074,False
2.0,30,454035.314329,False
2.6,30,454082.054807,True
2.2,30,454130.066076,True
1.8,30,454174.25364,True
2.1,30,454220.478661,True
2.7,30,454268.684758,True
2.7,30,454318.808834,True
0.0,30,454362.993454,False
2.8,30,454704.670347,True
2.9,30,454754.401793,True
2.2,30,454800.824368,True
2.2,30,454841.984929,True
0.0,30,454883.293649,False
2.5,30,454929.771281,True
0.0,30,454980.212539,False
2.0,30,455023.849947,True
2.7,30,455069.646331,True
2.7,30,455113.694744,True
0.0,30,455163.627476,False
2.5,30,455209.431186,True
2.9,30,455251.193341,True
2.6,30,455301.118129,True
0.0,30,455344.655388,False
0.0,30,455392.259665,False
0.0,30,455435.139817,False
0.0,30,455479.968446,False
2.7,30,455523.261562,True
0.0,30,455566.926042,False
2.5,30,455614.573252,True
0.0,30,455664.366488,False
0.0,30,455712.649152,False
2.6,30,455757.018098,True
0.0,30,455805.44462,False
0.0,30,455855.244836,False
0.0,30,455901.234468,False
1.9,30,455947.302798,True
0.0,30,455992.85291,False
0.0,30,456040.238339,False
2.7,30,456085.887832,True
2.3,30,456129.394755,True
2.0,30,456174.687787,True
0.9,30,456224.812915,True
0.2,30,456560.594356,False
2.9,30,456605.977003,True
1.1,30,456648.340364,True
2.5,30,456695.081848,True
0.0,30,456738.001536,False
1.4,30,456780.228547,True
0.0,30,456827.674734,False
1.5,30,456870.008359,True
2.7,30,456915.839309,True
0.0,30,456961.08902,False
2.4,30,457010.218709,True
2.3,30,457058.070489,True
2.1,30,457105.272061,True
2.7,30,457153.042201,True
0.0,30,457196.32109,False
0.0,30,457240.393233,False
2.8,30,457292.306059,True
0.0,30,457336.744492,False
0.0,30,457386.849835,False
2.7,30,457435.374485,True
2.4,30,457481.526154,True
2.8,30,457525.832647,True
2.2,30,457572.369115,True
0.0,30,457617.10921,False
2.4,30,457659.8278,True
2.6,30,457708.007886,True
2.4,30,457757.265465,True
0.0,30,457800.619422,False
0.0,30,457848.326669,False
0.0,30,457899.868447,False
0.0,30,457941.328279,False
2.6,30,457983.327027,True
0.0,30,458026.103665,False
0.0,30,458075.077224,False
2.6,30,458395.648458,True
0.0,30,458437.688715,False
2.7,30,458487.241764,True
0.0,30,458532.309893,False
1.4,30,458578.400521,True
0.0,30,458625.117281,False
2.6,30,458673.569571,True
2.3,30,458725.778793,True
0.0,30,458776.003145,False
0.0,30,458818.648967,False
2.6,30,458863.302347,True
2.5,30,458908.460907,True
2.6,30,458953.273868,True
0.0,30,458992.616797,False
2.7,30,459036.074117,True
2.7,30,459085.388161,True
2.8,30,459136.366064,True
2.3,30,459184.305793,True
0.0,30,459230.623693,False
0.0,30,459278.612217,False
0.0,30,459326.182677,False
2.6,30,459368.152328,True
2.6,30,459418.836859,True
2.4,30,459468.939793,True
0.0,30,459516.488617,False
2.8,30,459554.843961,True
0.0,30,459599.220699,False
1.8,30,459644.866367,True
2.7,30,459688.211449,True
3.0,30,459735.72654,True
2.8,30,459782.367179,True
2.3,30,459827.539474,True
2.9,30,459871.495384,True
0.0,30,459922.619369,False
0.0,30,459965.913692,False
1.9,30,460308.477628,True
0.0,30,460350.986866,False
0.0,30,460396.76733,False
2.7,30,460449.140672,True
2.9,30,460491.695999,True
2.8,30,460533.052017,True
0.0,30,460576.115244,False
0.0,30,460625.112578,False
2.3,30,460668.839086,True
0.0,30,460723.049379,False
2.7,30,460769.58263,True
0.0,30,460820.251338,False
1.3,30,460865.855619,True
0.0,30,460910.704196,False
0.0,30,460956.297369,False
0.0,30,461006.013071,False
0.0,30,461051.371898,False
0.0,30,461095.554105,False
0.0,30,461142.727356,False
2.3,30,461198.388672,True
2.6,30,461245.546592,True
2.9,30,461294.935752,True
2.9,30,461340.023571,True
0.0,30,461381.889567,False
2.3,30,461423.524935,True
0.0,30,461469.016085,False
0.0,30,461511.589714,False
0.0,30,461553.562551,False
2.7,30,461601.242722,True
2.6,30,461650.291718,True
2.7,30,461695.195914,True
0.0,30,461744.676796,False
2.8,30,461794.286885,True
0.0,30,461838.264428,False
0.0,30,462170.930847,False
0.0,30,462218.754556,False
2.8,30,462263.803732,True
0.0,30,462308.069265,False
0.0,30,462360.804523,False
2.6,30,462409.691164,True
0.0,30,462466.372017,False
1.1,30,462516.064644,True
3.0,30,462559.921324,True
0.0,30,462604.720588,False
2.3,30,462651.444138,True
2.9,30,462694.284013,True
0.0,30,462740.314702,False
2.7,30,462783.96301,True
2.7,30,462833.285472,True
0.0,30,462884.994108,False
0.0,30,462930.699153,False
2.7,30,462970.400506,True
0.0,30,463010.285987,False
0.0,30,463053.682947,False
2.7,30,463102.014125,True
2.8,30,463146.854655,True
2.7,30,463192.340648,True
0.0,30,463238.262781,False
0.0,30,463287.528836,False
2.6,30,463330.956093,True
0.0,30,463374.459449,False
0.0,30,463418.449746,False
2.8,30,463461.732907,True
2.4,30,463506.478562,True
2.8,30,463555.917512,True
0.0,30,463614.322982,False
2.7,30,463659.277007,True
2.6,30,463706.972946,True
1.5,30,464053.594674,True
2.4,30,464101.846506,True
0.0,30,464145.962234,False
0.0,30,464192.283781,False
1.5,30,464234.850588,True
2.3,30,464280.896095,True
2.7,30,464320.917689,True
2.7,30,464368.098815,True
0.0,30,464414.787878,False
0.0,30,464461.393416,False
0.0,30,464503.981912,False
2.6,30,464547.599718,True
3.0,30,464593.268906,True
0.0,30,464639.745986,False
2.5,30,464686.593983,True
2.7,30,464730.470521,True
2.8,30,464779.184407,True
2.8,30,464826.989579,True
2.7,30,464871.12183,True
1.1,30,464922.02183,True
0.0,30,464969.849665,False
2.6,30,465018.703052,True
2.6,30,465065.376887,True
0.0,30,465119.585989,False
1.6,30,465167.221436,True
2.4,30,465209.078943,True
2.8,30,465248.26178,True
3.0,30,465294.989367,True
2.9,30,465339.255759,True
0.0,30,465383.368081,False
0.0,30,465426.218522,False
0.0,30,465470.814843,False
2.3,30,465516.070148,True
0.0,30,465564.38864,False
0.0,30,465917.876844,False
0.0,30,465964.110621,False
2.9,30,466009.257794,True
1.1,30,466055.651947,False
0.0,30,466105.781599,False
0.0,30,466152.13544,False
2.9,30,466202.984531,True
1.2,30,466249.296762,True
2.5,30,466296.94032,True
2.8,30,466341.448616,True
0.0,30,466387.030021,False
2.8,30,466430.510021,True
3.0,30,466481.664966,True
3.0,30,466529.499108,True
2.8,30,466574.137743,True
2.0,30,466628.39674,True
2.9,30,466665.785016,True
0.0,30,466716.769391,False
0.0,30,466764.88841,False
0.0,30,466809.497902,False
2.3,30,466857.603884,True
0.0,30,466904.639322,False
0.0,30,466952.21699,False
0.0,30,466998.316135,False
2.3,30,467040.58003,True
2.5,30,467085.092805,True
0.0,30,467135.598627,False
1.7,30,467180.813792,True
2.7,30,467227.345927,True
2.8,30,467274.769579,True
0.0,30,467320.80752,False
2.5,30,467365.823053,True
2.6,30,467407.354738,True
2.8,30,467451.641999,True
0.0,30,467814.342942,False
0.0,30,467860.276307,False
2.3,30,467908.29891,True
0.0,30,467954.032438,False
0.0,30,468001.689339,False
0.0,30,468052.370651,False
0.0,30,468102.289081,False
3.0,30,468144.090603,True
0.0,30,468192.300892,False
2.5,30,468237.583063,True
0.0,30,468281.916421,False
2.7,30,468324.233579,True
2.7,30,468374.808043,True
2.4,30,468419.533562,True
2.7,30,468468.292584,True
0.0,30,468514.055037,False
3.0,30,468561.456655,True
2.2,30,468605.761553,True
2.2,30,468654.89864,True
2.5,30,468702.467287,True
0.1,30,468747.599245,True
0.0,30,468789.849221,False
2.4,30,468834.973707,True
0.0,30,468880.86322,False
0.0,30,468934.501918,False
0.0,30,468983.821127,False
0.0,30,469028.971751,False
0.0,30,469076.052695,False
2.7,30,469118.961269,True
2.5,30,469166.543721,True
2.5,30,469224.32832,True
2.9,30,469273.405159,True
0.0,30,469317.606157,False
2.6,30,469361.679633,True
2.8,30,469703.185256,True
0.0,30,469751.961133,False
0.0,30,469803.110448,False
0.0,30,469849.187083,False
2.3,30,469889.054804,True
2.8,30,469937.178234,True
0.0,30,469987.132093,False
2.6,30,470036.688899,True
2.4,30,470094.845112,True
1.4,30,470140.446403,True
0.0,30,470204.797145,False
1.8,30,470251.655907,True
0.0,30,470296.45811,False
2.7,30,470340.070691,True
0.0,30,470388.658921,False
3.0,30,470438.196275,True
2.6,30,470490.606134,True
2.4,30,470536.07932,True
2.8,30,470584.894163,True
2.6,30,470633.060368,True
1.6,30,470682.260455,True
2.3,30,470734.792423,True
3.0,30,470784.82827,True
3.0,30,470831.45639,True
2.7,30,470874.171895,True
1.8,30,470932.411054,True
1.5,30,470974.568791,True
2.8,30,471020.02486,True
0.0,30,471065.507282,False
3.0,30,471132.721406,True
2.7,30,471181.217409,True
2.8,30,471230.177317,True
0.0,30,471276.327416,False
0.0,30,471320.553265,False
2.0,30,471647.351518,True
0.0,30,471694.083597,False
0.0,30,471744.648644,False
0.0,30,471793.192661,False
0.0,30,471840.056437,False
0.3,30,471889.480025,True
0.8,30,471934.334624,True
0.0,30,471978.938703,False
2.8,30,472024.659502,True
0.0,30,472071.222307,False
2.7,30,472115.248977,True
1.0,30,472167.301371,True
2.4,30,472211.094254,True
0.0,30,472280.428944,False
2.5,30,472330.576802,True
0.0,30,472383.824053,False
0.0,30,472430.33753,False
0.0,30,472475.977583,False
2.9,30,472519.4591,True
0.0,30,472567.342333,False
2.6,30,472610.189589,True
2.1,30,472656.448168,True
0.0,30,472701.891494,False
0.0,30,472754.388742,False
2.8,30,472806.57937,True
3.0,30,472860.588951,True
0.0,30,472907.738144,False
0.0,30,472955.913913,False
0.0,30,473006.760169,False
2.6,30,473054.986111,True
0.0,30,473105.056176,False
2.2,30,473152.536248,True
0.0,30,473200.965589,False
0.0,30,473246.038788,False
2.7,30,473573.389945,True
0.0,30,473621.602571,False
0.0,30,473669.661692,False
2.6,30,473716.845294,True
2.7,30,473764.281387,True
0.0,30,473804.644032,False
0.0,30,473850.480369,False
0.0,30,473893.363094,False
0.0,30,473937.972776,False
2.8,30,473986.717593,True
2.6,30,474034.620461,True
2.4,30,474081.800216,True
2.5,30,474131.822775,True
0.0,30,474177.50502,False
3.0,30,474222.143053,True
2.7,30,474266.53139,True
0.0,30,474313.185894,False
0.0,30,474355.847985,False
0.0,30,474400.532317,False
0.0,30,474449.124193,False
3.0,30,474497.501916,True
0.0,30,474545.015318,False
0.0,30,474591.711714,False
2.6,30,474634.750243,True
0.0,30,474692.16798,False
0.0,30,474738.873977,False
2.7,30,474786.714872,True
3.0,30,474833.267208,True
2.4,30,474884.451338,True
0.0,30,474933.210982,False
0.0,30,474982.505626,False
0.0,30,475033.394981,False
2.6,30,475077.461442,True
0.0,30,475136.483831,False
0.0,30,475185.078843,False
2.2,30,475524.2235,True
0.0,30,475570.776554,False
2.4,30,475616.646652,True
2.6,30,475666.534547,True
2.6,30,475716.665845,True
2.6,30,475763.281735,True
2.7,30,475809.748661,True
0.0,30,475854.788904,False
3.0,30,475905.877772,True
2.5,30,475950.121158,True
0.0,30,475994.286495,False
0.9,30,476033.723839,True
2.7,30,476082.697679,True
0.0,30,476133.892782,False
1.2,30,476178.446511,True
2.8,30,476223.603877,True
2.2,30,476270.847693,True
2.6,30,476316.940913,True
1.9,30,476364.006062,True
2.3,30,476413.979351,True
0.3,30,476464.289313,True
0.0,30,476508.344251,False
2.5,30,476556.433192,True
0.0,30,476602.813021,False
2.6,30,476647.323904,True
2.9,30,476694.224214,True
0.0,30,476738.99278,False
2.4,30,476782.949969,True
2.4,30,476828.813032,True
0.0,30,476877.432701,False
0.0,30,476919.25836,False
2.8,30,476967.916516,True
0.0,30,477013.656018,False
0.0,30,477066.821999,False
0.0,30,477378.123137,False
2.8,30,477426.993853,True
2.7,30,477475.18641,True
0.0,30,477520.315185,False
0.0,30,477561.391587,False
0.0,30,477604.633558,False
0.0,30,477649.627097,False
2.0,30,477695.370624,True
0.0,30,477742.286756,False
0.0,30,477794.87344,False
2.6,30,477843.936919,True
2.2,30,477883.68967,True
0.0,30,477923.943444,False
0.0,30,477967.608074,False
3.0,30,478011.848942,True
2.8,30,478072.677912,True
2.9,30,478114.905282,True
3.0,30,478173.441961,True
0.0,30,478227.177279,False
2.8,30,478271.78056,True
2.5,30,478315.87592,True
0.0,30,478362.072578,False
2.6,30,478410.85733,True
2.6,30,478467.940371,True
0.0,30,478516.308501,False
0.0,30,478557.565348,False
2.3,30,478601.641513,True
0.0,30,478641.998653,False
0.0,30,478686.987597,False
0.0,30,478731.316003,False
2.4,30,478775.252764,True
0.0,30,478823.175241,False
2.4,30,478866.702406,True
2.0,30,478919.395324,True
1.3,30,479239.012551,True
0.0,30,479282.021942,False
0.0,30,479325.249412,False
2.8,30,479369.310601,True
0.0,30,479412.107383,False
2.6,30,479458.603277,True
0.0,30,479502.413556,False
2.3,30,479547.143844,False
0.0,30,479593.434136,False
0.0,30,479640.802549,False
2.5,30,479693.36414,True
2.8,30,479742.798104,True
2.6,30,479788.876443,True
2.9,30,479834.82624,True
0.0,30,479880.368682,False
0.0,30,479926.187293,False
2.7,30,479971.581274,True
2.5,30,480015.733473,True
3.0,30,480064.927659,True
0.0,30,480113.404311,False
2.6,30,480157.158887,True
0.0,30,480204.763195,False
0.0,30,480254.175055,False
0.0,30,480298.776459,False
2.8,30,480342.321942,True
0.0,30,480387.187006,False
0.0,30,480429.929277,False
0.0,30,480471.507335,False
2.5,30,480516.762784,True
2.7,30,480583.973724,True
2.6,30,480627.02528,True
0.0,30,480671.34848,False
0.0,30,480724.599523,False
1.9,30,480770.196999,True
2.4,30,481111.876021,True
0.0,30,481155.550498,False
0.0,30,481203.26471,False
2.6,30,481250.324164,True
0.0,30,481299.374826,False
0.0,30,481344.914955,False
0.0,30,481393.302458,False
0.0,30,481441.54079,False
2.8,30,481480.850916,True
0.0,30,481527.459736,False
2.5,30,481580.188329,False
0.0,30,481624.60586,False
2.2,30,481674.061833,True
0.0,30,481717.076758,False
2.8,30,481765.312245,True
1.2,30,481820.176037,True
0.0,30,481867.130133,False
2.7,30,481912.173559,True
0.0,30,481959.717449,False
0.0,30,482005.542943,False
2.6,30,482048.116809,True
1.9,30,482102.52642,True
1.6,30,482152.523566,True
2.4,30,482198.105778,True
2.8,30,482241.100079,True
2.2,30,482281.977293,True
2.4,30,482326.606352,True
2.5,30,482370.170854,True
0.0,30,482414.948259,False
2.6,30,482459.751498,True
0.0,30,482507.872437,False
1.6,30,482555.837587,True
0.0,30,482603.100339,False
0.0,30,482650.5594,False
0.0,30,482981.729884,False
2.8,30,483028.69573,True
0.0,30,483074.37478,False
0.0,30,483124.005587,False
2.4,30,483168.085293,True
2.4,30,483216.871341,True
2.4,30,483257.247158,True
2.8,30,483297.737508,True
2.5,30,483355.296856,True
0.0,30,483397.806728,False
0.0,30,483441.495184,False
2.5,30,483487.438427,True
2.7,30,483533.589494,True
2.5,30,483578.283633,True
3.0,30,483622.930769,True
0.0,30,483668.95988,False
0.0,30,483715.599333,False
2.6,30,483764.518251,True
0.0,30,483809.797944,False
0.0,30,483856.412431,False
0.0,30,483903.30776,False
2.5,30,483955.323091,True
0.0,30,483998.106491,False
0.0,30,484047.59626,False
2.4,30,484098.583361,True
2.8,30,484146.941756,True
0.0,30,484196.660908,False
0.0,30,484244.328684,False
0.0,30,484293.434572,False
0.0,30,484335.436542,False
0.0,30,484379.620606,False
0.0,30,484429.311652,False
2.5,30,484474.495459,True
2.8,30,484518.557974,True
2.0,30,484862.597669,True
0.0,30,484910.069596,False
0.0,30,484956.883835,False
0.0,30,485005.145964,False
0.0,30,485048.64594,False
2.6,30,485094.937431,True
2.9,30,485141.207301,True
0.0,30,485187.474135,False
2.4,30,485236.372011,True
0.0,30,485284.871854,False
0.0,30,485328.878571,False
2.5,30,485372.673131,True
2.4,30,485413.999719,True
0.0,30,485463.795269,False
0.0,30,485509.419329,False
2.5,30,485559.622769,True
2.7,30,485603.890944,True
0.0,30,485648.90135,False
0.0,30,485697.258293,False
0.0,30,485741.165978,False
2.0,30,485791.657191,True
2.1,30,485839.012203,True
2.5,30,485882.65161,True
0.0,30,485925.719163,False
0.0,30,485969.201092,False
2.5,30,486018.998549,True
1.5,30,486067.67305,True
2.7,30,486120.082006,True
2.4,30,486165.744304,True
0.0,30,486214.522628,False
2.7,30,486265.821325,True
0.0,30,486308.502795,False
0.0,30,486355.564297,False
0.0,30,486397.881411,False
0.0,30,486730.985051,False
0.0,30,486773.821049,False
0.0,30,486818.265141,False
2.5,30,486861.934444,True
2.4,30,486908.18714,True
0.0,30,486954.745189,False
0.0,30,487002.902874,False
0.0,30,487041.48604,False
2.6,30,487084.794175,True
0.0,30,487136.742433,False
3.0,30,487185.700251,True
2.7,30,487230.672656,True
2.8,30,487276.026054,True
2.8,30,487325.102119,True
0.0,30,487373.612242,False
0.0,30,487419.682796,False
0.0,30,487465.273684,False
1.7,30,487508.175465,True
0.0,30,487554.550527,False
0.0,30,487600.597354,False
2.5,30,487660.403318,True
0.0,30,487708.491094,False
2.8,30,487749.023218,True
2.6,30,487794.330524,True
1.8,30,487841.847189,True
2.6,30,487885.302416,True
0.0,30,487937.258803,False
1.5,30,487992.422741,False
0.0,30,488040.825699,False
3.0,30,488084.994368,True
0.0,30,488133.768824,False
2.6,30,488182.15579,True
1.9,30,488230.489216,True
2.5,30,488281.125955,True
0.0,30,488322.538434,False
1.2,30,488624.58916,True
0.0,30,488670.64079,False
2.7,30,488715.756337,True
0.0,30,488759.995375,False
0.0,30,488802.423802,False
0.0,30,488849.136622,False
2.7,30,488900.767865,True
2.7,30,488944.613698,True
0.0,30,488994.936398,False
0.0,30,489036.887445,False
1.1,30,489082.385213,False
0.0,30,489131.792691,False
0.0,30,489179.138375,False
0.0,30,489227.046221,False
0.0,30,489279.471002,False
2.2,30,489325.967165,True
0.0,30,489368.473237,False
0.0,30,489411.243293,False
2.6,30,489455.322592,True
3.0,30,489507.724871,True
0.0,30,489549.514313,False
2.8,30,489603.203737,True
0.0,30,489645.423689,False
0.0,30,489687.056184,False
2.8,30,489739.853828,True
0.0,30,489783.22839,False
2.8,30,489830.413258,True
3.0,30,489871.907138,True
0.0,30,489916.885095,False
2.7,30,489964.784814,True
0.0,30,490011.810207,False
0.0,30,490059.514586,False
3.0,30,490104.376578,True
2.7,30,490143.948738,True
0.0,30,490454.053566,False
2.6,30,490499.327452,True
0.0,30,490551.818959,False
2.6,30,490598.071497,True
1.1,30,490645.352093,True
0.0,30,490701.798622,False
1.7,30,490749.977906,True
0.0,30,490799.535407,False
2.6,30,490841.799237,True
2.5,30,490889.014322,True
3.0,30,490938.610173,True
0.0,30,490984.623538,False
2.7,30,491027.851508,True
2.7,30,491073.537361,True
2.8,30,491127.627234,True
0.7,30,491176.103571,True
2.7,30,491226.017267,True
2.6,30,491273.367398,True
3.0,30,491327.557208,True
1.3,30,491367.513357,True
0.0,30,491418.223336,False
2.7,30,491464.317865,True
0.0,30,491511.664335,False
0.0,30,491558.969208,False
1.2,30,491609.217646,True
2.7,30,491655.701692,True
0.0,30,491708.628087,False
0.0,30,491748.28068,False
0.0,30,491792.79649,False
0.0,30,491837.297145,False
0.4,30,491886.265796,True
2.3,30,491932.499625,True
0.0,30,491974.497903,False
2.2,30,492017.938158,True
0.0,30,492345.403144,False
0.0,30,492395.967861,False
2.5,30,492447.200378,True
2.6,30,492510.632473,True
2.7,30,492550.703279,True
2.6,30,492595.768305,True
2.5,30,492640.809634,True
0.0,30,492686.479768,False
0.0,30,492742.96185,False
0.0,30,492785.51526,False
0.2,30,492833.127752,False
2.7,30,492875.091211,True
0.0,30,492920.137848,False
0.0,30,492975.70697,False
2.2,30,493018.842787,True
0.0,30,493063.152259,False
2.6,30,493107.599576,True
0.0,30,493152.629935,False
0.0,30,493197.574419,False
0.0,30,493246.901893,False
2.6,30,493291.316966,True
2.6,30,493337.948876,True
0.0,30,493385.841995,False
2.6,30,493430.529932,True
0.0,30,493476.364254,False
0.0,30,493530.163171,False
0.0,30,493579.338504,False
2.8,30,493621.740656,True
0.0,30,493667.126809,False
0.0,30,493714.737743,False
0.0,30,493757.424559,False
2.8,30,493802.446395,True
2.2,30,493845.68494,True
0.0,30,493887.833448,False
2.4,30,494231.845937,True
2.8,30,494285.824911,True
2.8,30,494329.367,True
0.0,30,494372.028751,False
0.0,30,494428.457616,False
0.0,30,494477.159763,False
0.0,30,494522.793256,False
2.6,30,494567.163677,True
0.0,30,494613.573788,False
0.0,30,494660.165901,False
0.0,30,494701.696374,False
1.0,30,494746.630147,True
1.4,30,494811.424501,True
0.0,30,494867.109696,False
2.0,30,494913.992113,True
2.4,30,494960.938812,True
0.0,30,495007.200066,False
0.0,30,495050.050236,False
0.0,30,495097.817595,False
0.0,30,495151.676632,False
2.7,30,495197.43662,True
0.0,30,495243.735065,False
0.0,30,495287.404263,False
2.5,30,495340.091734,True
0.0,30,495382.237304,False
0.0,30,495434.581297,False
3.0,30,495475.274726,True
0.0,30,495519.192907,False
2.3,30,495564.923822,True
2.6,30,495609.957686,False
2.4,30,495660.454963,True
1.2,30,495704.958995,True
2.4,30,495756.80195,True
0.0,30,495802.181557,False
0.0,30,496132.321615,False
0.0,30,496176.025422,False
2.5,30,496223.373489,True
2.6,30,496267.607427,False
0.0,30,496310.599458,False
2.7,30,496354.039712,True
0.0,30,496401.351265,False
0.0,30,496441.79225,False
0.0,30,496491.16747,False
2.9,30,496537.516889,True
0.0,30,496584.610456,False
0.0,30,496628.045773,False
0.0,30,496680.666677,False
1.3,30,496732.927557,True
0.0,30,496780.419098,False
0.0,30,496821.260297,False
2.7,30,496866.617366,True
0.0,30,496911.050578,False
2.5,30,496965.656153,True
0.0,30,497011.14431,False
2.9,30,497057.824528,True
2.5,30,497103.32275,True
1.5,30,497146.760124,True
2.6,30,497199.611519,True
2.7,30,497243.68827,True
0.0,30,497294.673968,False
0.0,30,497341.700904,False
0.0,30,497389.314843,False
0.0,30,497436.442252,False
0.5,30,497486.438962,False
2.8,30,497531.038961,True
2.7,30,497573.200414,True
2.9,30,497625.355631,True
0.0,30,497667.179897,False
0.0,30,497985.629584,False
2.8,30,498030.813776,True
0.0,30,498076.786964,False
2.6,30,498121.428789,True
2.8,30,498163.561672,True
0.0,30,498205.12388,False
2.3,30,498264.191925,True
0.0,30,498308.655623,False
2.2,30,498356.526633,True
0.0,30,498401.616195,False
2.8,30,498443.197677,True
2.4,30,498488.592649,True
2.5,30,498531.06736,True
1.8,30,498582.315266,True
0.0,30,498631.605042,False
1.2,30,498675.631279,False
0.0,30,498719.690686,False
2.5,30,498758.746747,True
2.2,30,498798.234901,True
2.7,30,498842.735517,True
0.0,30,498889.536217,False
1.8,30,498931.220129,True
0.0,30,498977.919533,False
2.4,30,499020.44292,True
0.0,30,499065.171357,False
0.0,30,499108.374342,False
0.0,30,499157.263178,False
0.0,30,499203.639017,False
0.0,30,499243.487034,False
0.0,30,499288.227623,False
2.8,30,499327.179907,True
1.7,30,499373.958503,True
0.0,30,499423.747858,False
2.4,30,499473.57072,True
1.3,30,499810.390786,True
0.0,30,499855.509403,False
3.0,30,499899.0981,True
0.0,30,499945.984261,False
2.7,30,500001.869855,True
2.1,30,500042.633913,True
0.0,30,500083.959454,False
0.0,30,500130.580118,False
2.5,30,500176.472783,True
2.6,30,500222.26653,True
0.0,30,500270.117873,False
0.0,30,500313.997193,False
0.0,30,500357.501735,False
2.6,30,500403.882737,True
3.0,30,500454.877986,True
1.6,30,500500.070753,True
0.0,30,500548.956946,False
2.5,30,500593.28158,True
1.9,30,500641.840422,True
0.0,30,500690.325669,False
2.5,30,500737.766142,True
2.7,30,500784.5618,True
0.0,30,500825.563479,False
0.0,30,500880.122657,False
0.0,30,500923.884414,False
0.0,30,500977.488109,False
2.1,30,501022.850735,True
0.0,30,501066.434117,False
3.0,30,501105.655951,True
0.0,30,501155.222235,False
2.7,30,501201.535142,True
0.0,30,501246.851323,False
2.4,30,501287.614233,True
2.7,30,501329.270795,True
2.6,30,501698.337226,True
2.8,30,501747.166234,True
0.0,30,501796.114898,False
0.0,30,501849.799434,False
0.0,30,501895.52877,False
3.0,30,501946.706137,True
1.4,30,501997.787467,True
0.0,30,502048.169245,False
2.4,30,502093.922211,True
2.7,30,502143.8401,True
0.0,30,502190.744361,False
0.0,30,502235.987596,False
0.0,30,502283.495341,False
0.0,30,502332.068501,False
2.5,30,502376.765373,True
2.7,30,502428.827708,True
3.0,30,502474.047926,True
0.0,30,502523.789587,False
0.0,30,502567.504145,False
0.0,30,502611.103364,False
0.0,30,502654.572565,False
0.0,30,502700.311979,False
2.7,30,502750.480128,True
0.0,30,502797.784524,False
2.8,30,502846.724239,True
2.8,30,502889.860275,True
0.0,30,502934.832987,False
1.9,30,502977.827471,True
3.0,30,503023.610797,True
2.5,30,503070.305824,True
2.1,30,503124.15598,True
2.1,30,503167.850024,True
2.6,30,503215.001795,True
2.8,30,503261.253525,True
0.0,30,503299.29495,False
2.3,30,503651.41856,True
0.0,30,503700.416934,False
2.7,30,503754.071751,True
2.6,30,503804.827526,True
0.0,30,503856.543446,False
0.0,30,503903.426782,False
2.8,30,503953.513553,True
0.0,30,503997.929865,False
2.7,30,504044.018482,True
0.0,30,504088.834013,False
2.8,30,504137.569281,True
0.0,30,504185.474989,False
2.4,30,504233.83043,True
0.0,30,504276.371357,False
1.9,30,504323.505741,True
0.0,30,504370.692493,False
0.0,30,504420.957199,False
2.1,30,504466.706522,True
2.5,30,504518.984328,True
1.5,30,504567.037051,True
0.0,30,504618.400129,False
2.8,30,504661.230398,True
2.8,30,504705.409656,True
0.0,30,504752.250766,False
2.4,30,504798.580195,True
2.5,30,504856.166201,True
2.8,30,504903.866371,True
2.4,30,504950.137138,True
2.8,30,504991.696278,True
0.0,30,505036.572145,False
0.0,30,505087.115327,False
2.8,30,505131.532029,True
0.0,30,505180.343711,False
2.8,30,505223.574101,True
0.0,30,505569.144114,False
0.0,30,505615.086181,False
0.0,30,505662.591187,False
0.0,30,505710.458507,False
0.0,30,505755.533166,False
2.3,30,505802.519356,True
0.0,30,505844.985794,False
2.2,30,505895.855797,True
0.0,30,505946.612597,False
2.8,30,505990.980886,True
2.6,30,506036.921821,True
0.0,30,506083.533415,False
0.0,30,506128.25922,False
2.6,30,506167.085458,True
2.8,30,506215.274914,True
2.4,30,506267.853639,True
0.0,30,506313.947154,False
2.0,30,506370.759479,True
0.0,30,506417.830094,False
0.0,30,506460.977284,False
1.7,30,506503.696108,True
0.0,30,506558.671493,False
2.8,30,506605.834441,True
2.2,30,506656.074763,True
0.0,30,506701.955346,False
2.5,30,506746.59309,True
0.0,30,506791.477983,False
2.2,30,506858.327446,True
2.8,30,506909.452217,True
2.4,30,506958.802698,True
2.5,30,507003.80604,True
2.9,30,507051.074043,True
2.3,30,507099.849755,True
2.7,30,507146.070405,True
0.0,30,507507.421493,False
0.0,30,507553.252529,False
2.7,30,507601.822492,True
0.0,30,507651.549731,False
0.0,30,507710.522447,False
0.0,30,507759.683217,False
2.8,30,507803.782126,True
1.4,30,507849.251077,True
2.7,30,507900.396651,True
0.0,30,507943.938757,False
2.1,30,507987.001549,True
0.0,30,508031.708395,False
2.6,30,508073.722291,True
0.0,30,508120.200751,False
2.2,30,508166.793481,True
3.0,30,508217.246356,True
0.0,30,508261.187781,False
0.0,30,508301.326052,False
0.0,30,508350.08054,False
0.0,30,508400.537738,False
2.8,30,508444.342708,True
2.6,30,508492.07793,True
2.8,30,508537.505013,True
0.0,30,508587.770324,False
2.2,30,508636.99105,True
2.8,30,508686.976911,True
0.0,30,508730.022198,False
0.0,30,508769.262835,False
0.0,30,508820.225739,False
0.0,30,508872.155042,False
0.0,30,508917.374789,False
2.7,30,508957.851291,True
0.0,30,509002.177557,False
2.1,30,509043.873896,True
2.7,30,509434.091567,True
0.0,30,509481.257979,False
0.0,30,509537.046962,False
0.0,30,509597.17411,False
2.7,30,509645.5244,True
0.0,30,509694.425617,False
2.4,30,509747.047331,True
2.3,30,509798.59661,True
2.6,30,509865.611139,True
0.0,30,509910.818405,False
2.7,30,509957.344352,True
2.6,30,510010.369008,True
2.8,30,510053.244009,True
2.9,30,510096.892965,True
2.4,30,510142.111795,True
0.0,30,510186.511523,False
0.0,30,510229.998061,False
0.0,30,510274.317428,False
0.0,30,510316.413943,False
2.7,30,510361.666907,True
2.6,30,510411.984406,True
2.3,30,510467.536823,True
2.5,30,510513.676587,True
0.0,30,510561.270788,False
2.1,30,510605.199249,True
0.0,30,510653.493848,False
2.6,30,510701.683239,False
2.8,30,510741.986354,True
0.0,30,510785.947555,False
2.5,30,510830.148718,True
2.1,30,510875.069912,True
0.0,30,510917.520147,False
3.0,30,510966.888034,True
0.0,30,511015.766361,False
0.0,30,511390.232173,False
1.5,30,511438.25299,True
0.0,30,511483.466149,False
2.5,30,511532.652266,True
0.0,30,511576.529699,False
3.0,30,511626.285502,True
2.1,30,511674.012584,True
2.5,30,511719.872985,True
0.0,30,511777.436325,False
2.1,30,511818.837975,True
2.2,30,511863.327671,True
0.0,30,511909.069536,False
0.0,30,511954.134792,False
0.0,30,512003.386156,False
0.0,30,512046.952773,False
0.0,30,512093.988152,False
2.7,30,512138.281849,True
0.0,30,512188.619267,False
0.0,30,512243.244699,False
2.0,30,512298.530366,True
0.0,30,512340.087562,False
3.0,30,512391.63412,True
2.4,30,512438.965714,True
1.6,30,512491.587971,True
0.9,30,512538.485641,True
3.0,30,512587.990912,True
0.0,30,512636.679224,False
2.6,30,512682.874872,True
0.0,30,512727.219589,False
2.5,30,512771.006583,True
2.1,30,512823.650098,True
0.0,30,512873.970405,False
2.6,30,512922.628236,True
3.0,30,512968.384618,True
2.9,30,513325.092073,True
0.9,30,513363.956624,True
0.0,30,513410.880247,False
0.0,30,513458.770951,False
0.0,30,513513.745566,False
0.0,30,513561.256753,False
2.4,30,513607.515883,True
0.0,30,513653.027754,False
2.5,30,513702.992673,True
2.0,30,513752.307314,True
2.6,30,513799.194736,True
2.4,30,513842.758514,True
2.6,30,513887.836408,True
0.6,30,513931.308408,True
0.0,30,513976.52962,False
0.0,30,514027.623164,False
0.0,30,514076.294359,False
2.7,30,514129.26378,True
0.0,30,514178.088866,False
0.0,30,514227.278368,False
0.0,30,514275.702977,False
2.7,30,514319.827004,True
2.3,30,514367.588795,True
0.0,30,514416.487337,False
2.7,30,514465.513384,True
2.4,30,514509.784481,True
0.0,30,514554.684408,False
3.0,30,514598.364161,True
1.5,30,514645.459549,True
0.0,30,514697.25503,False
0.0,30,514748.085765,False
2.9,30,514793.957797,True
2.5,30,514856.639603,True
2.4,30,514903.906574,True
2.5,30,515269.863282,True
2.8,30,515317.017968,True
2.7,30,515362.545273,True
0.0,30,515408.429136,False
0.0,30,515457.348918,False
2.6,30,515503.858707,True
0.0,30,515549.176277,False
0.0,30,515597.60271,False
0.0,30,515649.479219,False
0.0,30,515693.458662,False
2.4,30,515744.628562,True
0.0,30,515790.9538,False
2.8,30,515838.173077,True
0.0,30,515888.384778,False
3.0,30,515935.986542,True
0.0,30,515981.452696,False
2.8,30,516029.208188,True
0.0,30,516080.689603,False
2.5,30,516126.136479,True
0.0,30,516168.594963,False
0.0,30,516211.280861,False
2.7,30,516257.977328,True
0.0,30,516330.30705,False
0.0,30,516380.801403,False
2.6,30,516423.468252,True
0.0,30,516468.786366,False
0.0,30,516520.652773,False
2.8,30,516572.724035,True
0.0,30,516632.612011,False
0.0,30,516675.819254,False
0.0,30,516721.429377,False
1.1,30,516772.733596,False
0.0,30,516821.372667,False
0.0,30,516876.078374,False
0.0,30,516924.949849,False
3.0,30,517283.624022,True
0.7,30,517330.716693,True
0.0,30,517377.041898,False
0.0,30,517419.460849,False
0.0,30,517464.230068,False
2.8,30,517510.202729,True
2.7,30,517551.635077,True
2.1,30,517597.007666,True
0.0,30,517644.57131,False
0.0,30,517704.791687,False
2.6,30,517750.590518,True
2.6,30,517798.522155,True
0.0,30,517843.755622,False
0.0,30,517891.504076,False
0.0,30,517938.32472,False
2.5,30,517987.207772,True
2.4,30,518037.118987,True
0.0,30,518083.672269,False
0.0,30,518134.842149,False
0.0,30,518187.479112,False
0.0,30,518235.259765,False
1.8,30,518280.302255,True
0.0,30,518325.401004,False
2.6,30,518370.691861,True
3.0,30,518420.771729,True
0.0,30,518468.068694,False
1.7,30,518519.739905,True
0.0,30,518568.693488,False
2.8,30,518613.063323,True
2.7,30,518661.66932,True
2.6,30,518707.823537,True
0.0,30,518756.684454,False
2.9,30,518805.888454,True
2.6,30,518854.462119,True
2.2,30,519211.897674,True
2.1,30,519264.192337,True
2.5,30,519305.410553,True
0.0,30,519349.893275,False
2.3,30,519398.893811,True
0.0,30,519440.177293,False
2.8,30,519483.671146,True
0.0,30,519531.991627,False
0.0,30,519578.135357,False
2.5,30,519627.074305,True
2.2,30,519673.642355,True
2.2,30,519721.56645,True
0.0,30,519764.93812,False
2.6,30,519816.040646,True
0.0,30,519866.741673,False
2.5,30,519919.2578,True
1.7,30,519967.900823,True
0.0,30,520016.951552,False
0.0,30,520057.455299,False
2.8,30,520104.51129,True
0.0,30,520153.387795,False
0.0,30,520197.553086,False
0.0,30,520244.577961,False
2.8,30,520300.261486,True
2.3,30,520349.540747,True
1.1,30,520398.127769,True
0.0,30,520458.70596,False
2.4,30,520508.189189,True
0.0,30,520552.462657,False
0.0,30,520605.421356,False
0.0,30,520652.936302,False
0.0,30,520700.069971,False
2.7,30,520742.271046,True
0.0,30,520787.671062,False
0.0,30,521148.895882,False
0.0,30,521192.575646,False
2.0,30,521236.734078,True
3.0,30,521280.576531,True
0.0,30,521323.060269,False
0.0,30,521380.264107,False
2.5,30,521430.91053,True
2.8,30,521474.041133,True
0.0,30,521518.761506,False
3.0,30,521571.924615,True
2.9,30,521618.179933,True
0.0,30,521657.437894,False
2.8,30,521706.252911,True
0.0,30,521750.236059,False
0.0,30,521805.269595,False
0.0,30,521846.782038,False
0.0,30,521891.981409,False
0.0,30,521942.255163,False
0.8,30,521988.283681,True
0.0,30,522034.1978,False
0.0,30,522083.983394,False
0.0,30,522127.940278,False
0.0,30,522174.929643,False
0.0,30,522222.091433,False
0.0,30,522271.67049,False
2.6,30,522314.096099,True
3.0,30,522364.467162,True
3.0,30,522413.507525,True
0.0,30,522458.228731,False
0.0,30,522501.685863,False
2.4,30,522549.196117,True
2.8,30,522594.485626,True
0.0,30,522640.181526,False
0.0,30,522689.173808,False
2.3,30,523038.759838,True
2.3,30,523084.418852,True
0.0,30,523130.207139,False
1.9,30,523178.065642,True
2.7,30,523227.175851,True
2.8,30,523273.479412,True
2.0,30,523323.077921,True
2.3,30,523389.688369,True
2.9,30,523439.136855,True
0.0,30,523489.369327,False
2.8,30,523532.294003,True
2.8,30,523580.402443,True
2.2,30,523625.004839,True
1.7,30,523671.678728,True
3.0,30,523722.612899,True
0.0,30,523765.909959,False
2.5,30,523810.79602,True
2.7,30,523859.598342,True
2.6,30,523910.239486,True
0.0,30,523957.103359,False
2.9,30,524006.681964,True
2.8,30,524049.788297,True
2.8,30,524092.178422,True
0.0,30,524139.821206,False
2.5,30,524183.256622,True
3.0,30,524226.498631,True
2.4,30,524274.228072,True
2.6,30,524319.104883,True
0.0,30,524363.36822,False
0.0,30,524406.43494,False
2.4,30,524457.186661,True
2.9,30,524499.09942,True
2.3,30,524551.985081,True
0.0,30,524598.393767,False
0.0,30,524950.945316,False
0.0,30,524991.714357,False
0.0,30,525040.362021,False
3.0,30,525089.291564,True
0.0,30,525133.676689,False
2.8,30,525181.322348,True
0.0,30,525235.120711,False
0.0,30,525281.288481,False
3.0,30,525328.410545,True
0.0,30,525373.879303,False
0.0,30,525418.900808,False
2.8,30,525462.979353,True
2.9,30,525503.88598,True
2.5,30,525550.859873,True
2.7,30,525602.081298,True
0.0,30,525643.746271,False
2.3,30,525684.283691,True
0.0,30,525733.178165,False
2.4,30,525777.389586,True
2.4,30,525828.742185,True
0.0,30,525871.647856,False
0.0,30,525916.403919,False
3.0,30,525960.671322,True
2.7,30,526008.056999,True
0.0,30,526056.046078,False
0.0,30,526100.793698,False
2.1,30,526145.806001,True
2.0,30,526202.742327,True
2.9,30,526245.247846,True
0.0,30,526288.118979,False
0.0,30,526334.142749,False
1.1,30,526381.185033,True
0.0,30,526424.988168,False
2.5,30,526473.722017,True
0.0,30,526825.476611,False
2.7,30,526873.029534,True
2.5,30,526926.397575,True
0.0,30,526972.493274,False
2.4,30,527017.302122,True
0.0,30,527063.215437,False
2.6,30,527113.32234,True
0.7,30,527157.609526,True
2.4,30,527201.670661,True
2.7,30,527256.260671,True
2.5,30,527300.83531,True
1.5,30,527347.448802,True
0.0,30,527391.742921,False
2.5,30,527441.0909,True
2.1,30,527487.786083,True
0.0,30,527529.037657,False
0.0,30,527571.542936,False
2.4,30,527616.109437,True
3.0,30,527659.135799,True
2.0,30,527704.36701,True
2.6,30,527752.560884,True
2.3,30,527800.057853,True
0.0,30,527845.828105,False
0.0,30,527891.784411,False
2.7,30,527938.736367,True
2.5,30,527989.209059,True
2.5,30,528037.080949,True
0.0,30,528087.056092,False
0.0,30,528135.405299,False
0.0,30,528182.963216,False
2.2,30,528227.642939,True
0.0,30,528272.763145,False
0.0,30,528320.545002,False
2.7,30,528367.112128,True
0.0,30,528728.400123,False
2.8,30,528779.067153,True
0.0,30,528823.760588,False
2.6,30,528868.91028,True
0.0,30,528916.759188,False
2.4,30,528977.510968,True
0.0,30,529023.124342,False
0.0,30,529072.958801,False
0.0,30,529117.066962,False
2.5,30,529165.506843,True
2.0,30,529210.139603,True
2.6,30,529257.103041,True
0.0,30,529314.808108,False
0.0,30,529358.642061,False
2.9,30,529406.22701,True
2.0,30,529449.733367,True
2.8,30,529495.828511,True
0.0,30,529542.295408,False
0.6,30,529591.55486,True
0.0,30,529635.706697,False
0.0,30,529681.666299,False
2.6,30,529731.296579,True
2.8,30,529775.831493,True
2.6,30,529820.522824,True
0.0,30,529872.908817,False
0.0,30,529919.640595,False
2.8,30,529965.891505,True
0.0,30,530016.618938,False
0.0,30,530062.598614,False
1.3,30,530114.468633,False
0.0,30,530159.057371,False
2.3,30,530211.507496,True
2.1,30,530263.411232,True
2.5,30,530303.474602,True
0.0,30,530676.385779,False
2.4,30,530723.955931,True
0.0,30,530773.26107,False
0.0,30,530822.281129,False
0.0,30,530869.294831,False
0.0,30,530912.769964,False
0.0,30,530957.699383,False
2.5,30,530999.769262,True
0.0,30,531041.728792,False
0.3,30,531090.46602,True
2.7,30,531136.665665,True
0.0,30,531184.640168,False
0.0,30,531229.882984,False
2.6,30,531274.989091,True
2.8,30,531319.632403,True
0.0,30,531366.993061,False
0.0,30,531415.819504,False
2.7,30,531464.622469,True
2.1,30,531505.277518,True
2.7,30,531558.130252,True
0.0,30,531607.698247,False
0.0,30,531655.44038,False
0.0,30,531701.102441,False
2.9,30,531745.685567,True
2.6,30,531796.062693,True
3.0,30,531841.441239,True
0.0,30,531890.53893,False
2.5,30,531933.955172,True
0.1,30,531979.045553,False
2.5,30,532027.467679,True
2.4,30,532077.952596,True
0.0,30,532133.177953,False
2.5,30,532177.527766,True
0.0,30,532227.652685,False
0.0,30,532273.969464,False
2.8,30,532624.422334,True
0.0,30,532673.306453,False
2.9,30,532719.400795,True
1.9,30,532765.875163,True
0.0,30,532812.001924,False
2.5,30,532853.363765,True
2.3,30,532896.830431,True
1.7,30,532944.638472,True
2.7,30,532989.631825,True
0.0,30,533037.149651,False
2.7,30,533082.503009,True
2.1,30,533124.838909,True
0.0,30,533167.652982,False
2.3,30,533221.823025,True
0.0,30,533273.54004,False
0.0,30,533329.211201,False
0.0,30,533378.790158,False
0.0,30,533420.279725,False
0.0,30,533473.563199,False
0.0,30,533520.561807,False
0.0,30,533565.038177,False
0.0,30,533616.206661,False
2.2,30,533661.790047,True
0.0,30,533709.767554,False
2.0,30,533758.568975,True
2.1,30,533805.696863,True
2.4,30,533846.264552,True
2.8,30,533892.28555,True
0.0,30,533936.157982,False
2.7,30,533980.74677,True
2.6,30,534030.470644,True
0.0,30,534072.844872,False
2.7,30,534125.912305,True
0.0,30,534180.686303,False
1.9,30,534498.348195,True
2.9,30,534543.701779,True
0.0,30,534589.619524,False
0.0,30,534638.531925,False
0.0,30,534678.997035,False
2.5,30,534733.277651,True
1.3,30,534777.619411,True
0.0,30,534829.296304,False
2.7,30,534878.327149,True
0.0,30,534922.776615,False
0.0,30,534964.030141,False
1.0,30,535013.682865,True
0.0,30,535057.291348,False
0.0,30,535104.800836,False
0.0,30,535155.339449,False
0.0,30,535198.115608,False
2.0,30,535244.224637,True
0.0,30,535291.196779,False
0.0,30,535335.998512,False
2.5,30,535379.542387,True
0.0,30,535426.069625,False
0.0,30,535476.37163,False
1.9,30,535523.462737,True
2.4,30,535568.969,True
2.7,30,535608.796453,True
2.7,30,535665.187442,True
1.8,30,535710.55524,True
0.2,30,535752.42474,False
0.0,30,535794.822502,False
2.4,30,535838.099674,True
0.8,30,535881.253596,True
2.1,30,535954.185969,True
0.0,30,536006.59038,False
0.0,30,536053.44458,False
0.0,30,536370.871167,False
2.3,30,536422.412161,True
1.6,30,536467.42978,True
0.0,30,536512.716678,False
2.6,30,536558.71424,True
0.0,30,536601.976737,False
2.5,30,536646.395398,True
2.8,30,536690.987582,True
0.0,30,536737.727414,False
0.6,30,536777.34872,True
0.0,30,536822.537185,False
2.5,30,536874.965895,True
0.6,30,536916.303078,True
2.8,30,536960.941997,True
0.0,30,537013.18002,False
2.8,30,537055.42389,True
2.8,30,537099.436221,True
0.0,30,537141.97206,False
2.5,30,537191.716666,True
0.0,30,537235.28872,False
0.0,30,537285.855013,False
0.0,30,537332.431403,False
0.0,30,537374.886021,False
0.0,30,537418.551509,False
0.0,30,537463.729694,False
1.2,30,537513.409211,True
0.0,30,537556.929966,False
0.0,30,537604.531535,False
0.0,30,537651.650071,False
2.8,30,537702.48884,True
2.8,30,537759.247972,True
0.0,30,537803.443416,False
1.7,30,537851.110588,True
0.0,30,537897.460327,False
2.6,30,538194.028748,True
1.6,30,538242.065233,True
2.7,30,538284.232046,True
0.0,30,538330.895145,False
0.0,30,538374.010857,False
2.9,30,538418.937985,True
2.2,30,538462.203625,True
0.0,30,538510.40869,False
1.8,30,538559.946083,True
0.0,30,538618.375531,False
0.0,30,538663.723727,False
0.0,30,538704.797919,False
1.7,30,538753.020609,True
2.5,30,538794.494798,True
1.5,30,538837.437723,True
1.4,30,538879.821625,True
2.0,30,538929.91708,True
0.0,30,538971.893394,False
2.1,30,539021.235216,True
0.0,30,539068.359228,False
0.0,30,539116.608516,False
2.7,30,539159.762231,True
0.0,30,539204.373536,False
0.0,30,539247.636112,False
0.0,30,539297.548522,False
0.0,30,539349.683672,False
0.0,30,539393.504485,False
0.0,30,539439.152951,False
2.0,30,539481.464246,True
0.0,30,539529.352315,False
2.0,30,539576.681514,True
0.0,30,539618.823768,False
0.0,30,539668.25017,False
0.0,30,539709.690718,False
2.7,30,540079.689515,True
0.0,30,540127.271054,False
0.0,30,540171.405783,False
2.7,30,540220.054595,True
3.0,30,540266.704262,True
1.4,30,540310.960681,False
2.2,30,540357.719633,True
0.0,30,540398.274535,False
0.0,30,540450.143862,False
2.6,30,540493.49677,True
2.6,30,540538.465421,True
2.9,30,540584.280299,True
2.9,30,540630.910219,True
0.0,30,540678.658526,False
0.0,30,540726.750169,False
0.0,30,540780.74105,False
3.0,30,540836.381502,True
0.4,30,540881.194282,True
0.0,30,540926.583034,False
0.0,30,540978.864936,False
2.4,30,541023.91682,True
0.0,30,541073.112875,False
0.0,30,541118.255875,False
2.3,30,541165.550465,True
2.0,30,541211.537991,True
0.0,30,541255.19698,False
2.9,30,541298.579516,True
2.8,30,541341.181151,True
0.0,30,541386.727354,False
2.8,30,541431.184976,True
0.0,30,541477.312498,False
2.7,30,541525.707766,True
0.0,30,541575.133769,False
0.0,30,541620.4726,False
2.3,30,541983.748365,True
0.0,30,542029.997713,False
2.5,30,542074.462026,True
0.0,30,542117.600023,False
2.6,30,542162.602537,True
0.0,30,542202.974204,False
0.0,30,542247.744472,False
2.5,30,542294.600867,True
0.0,30,542339.741943,False
0.0,30,542382.383998,False
0.0,30,542428.290071,False
0.0,30,542475.344597,False
0.0,30,542526.864037,False
2.8,30,542573.978661,True
0.0,30,542631.666172,False
2.0,30,542676.858349,True
0.0,30,542722.977617,False
2.3,30,542770.290104,True
2.3,30,542826.750893,True
2.6,30,542869.353069,True
2.8,30,542914.924122,True
2.7,30,542965.180641,True
2.7,30,543008.358274,True
0.8,30,543060.468682,True
0.0,30,543110.455558,False
0.0,30,543160.570455,False
2.8,30,543203.747802,True
2.6,30,543250.202134,True
0.0,30,543294.179925,False
0.0,30,543342.832646,False
0.0,30,543395.128591,False
2.5,30,543441.886401,True
0.0,30,543488.47875,False
2.6,30,543537.446143,True
0.0,30,543875.637975,False
2.5,30,543921.983361,True
2.6,30,543969.338043,True
0.0,30,544010.428046,False
3.0,30,544058.683799,True
0.0,30,544100.219006,False
0.0,30,544144.89584,False
2.3,30,544194.124026,True
2.7,30,544241.000049,True
2.5,30,544290.32939,True
2.8,30,544332.955185,True
2.8,30,544380.275887,True
2.3,30,544425.105833,True
0.0,30,544480.321051,False
0.0,30,544546.708059,False
2.6,30,544592.210221,True
3.0,30,544635.771526,True
0.0,30,544679.544415,False
0.0,30,544727.59327,False
2.5,30,544773.088282,True
0.0,30,544817.009888,False
2.3,30,544866.868673,True
0.0,30,544910.141354,False
0.0,30,544952.388946,False
2.6,30,544996.924636,True
0.0,30,545044.602409,False
0.0,30,545089.242105,False
0.0,30,545139.23718,False
0.0,30,545183.442283,False
3.0,30,545234.752595,True
0.0,30,545279.959413,False
0.0,30,545327.164695,False
2.6,30,545371.251056,True
2.9,30,545415.377248,True
0.0,30,545463.168959,False
0.0,30,545810.389842,False
0.0,30,545858.252685,False
0.0,30,545905.619005,False
0.0,30,545956.640178,False
0.0,30,546003.32259,False
0.0,30,546045.055849,False
2.2,30,546096.979714,True
2.9,30,546139.493491,True
0.0,30,546187.882691,False
0.0,30,546235.632982,False
3.0,30,546278.28247,True
0.0,30,546319.382761,False
2.9,30,546366.732252,True
0.0,30,546407.862558,False
2.6,30,546453.452414,True
0.0,30,546499.470089,False
0.0,30,546545.599203,False
2.2,30,546592.201058,True
2.6,30,546636.796241,True
0.0,30,546691.735154,False
0.0,30,546736.406136,False
0.0,30,546781.705029,False
2.5,30,546826.396422,True
2.8,30,546873.309842,True
2.9,30,546918.991293,True
0.0,30,546967.075584,False
0.0,30,547017.655616,False
0.0,30,547063.771039,False
0.0,30,547115.335204,False
0.0,30,547163.074474,False
0.0,30,547205.732906,False
2.6,30,547249.329333,True
0.4,30,547295.501769,True
0.0,30,547339.582312,False
2.2,30,547719.576134,True
2.3,30,547767.222169,True
0.0,30,547808.492456,False
0.0,30,547857.591578,False
2.7,30,547900.876483,True
1.8,30,547951.444315,True
0.0,30,547995.542716,False
0.0,30,548081.662519,False
2.6,30,548131.468777,True
0.0,30,548181.429909,False
2.2,30,548234.103688,True
0.0,30,548272.334917,False
1.9,30,548322.395186,True
2.8,30,548369.115875,True
0.0,30,548412.646126,False
0.0,30,548455.255059,False
2.8,30,548507.272259,True
0.0,30,548553.24397,False
3.0,30,548598.695069,True
0.5,30,548645.194728,True
2.7,30,548688.417689,True
0.0,30,548731.608222,False
0.0,30,548787.188228,False
0.0,30,548830.389988,False
2.9,30,548881.368669,True
0.0,30,548932.086232,False
2.9,30,548979.180708,True
0.0,30,549028.881727,False
2.4,30,549076.708619,True
0.0,30,549121.447873,False
0.0,30,549176.836513,False
0.0,30,549222.670663,False
0.0,30,549265.326657,False
2.8,30,549304.499408,True
0.0,30,549651.020163,False
2.5,30,549691.315045,True
2.5,30,549734.132267,True
0.8,30,549780.815017,True
2.0,30,549824.261574,True
2.7,30,549866.670632,True
2.8,30,549912.53816,True
0.0,30,549957.468639,False
0.0,30,549999.138463,False
2.5,30,550044.480563,True
2.9,30,550091.249788,True
2.5,30,550135.144523,True
2.7,30,550177.147422,True
3.0,30,550225.999771,True
0.0,30,550272.28342,False
2.6,30,550314.048498,True
0.0,30,550354.366137,False
0.0,30,550399.362478,False
0.0,30,550448.272756,False
2.4,30,550493.590509,True
0.0,30,550543.747543,False
0.0,30,550591.401669,False
2.4,30,550636.744047,True
2.8,30,550683.890628,True
1.8,30,550728.88184,True
0.0,30,550779.697288,False
0.0,30,550827.389657,False
0.2,30,550873.318534,True
0.0,30,550923.196402,False
2.7,30,550969.815212,True
0.0,30,551018.747239,False
2.8,30,551061.397388,True
1.6,30,551105.758879,True
1.4,30,551150.239568,True
0.0,30,551526.137424,False
2.9,30,551571.734231,True
0.0,30,551621.949969,False
2.6,30,551671.608598,True
2.4,30,551721.878164,True
0.0,30,551766.167671,False
0.0,30,551811.391339,False
2.5,30,551863.775462,True
0.0,30,551906.312283,False
0.0,30,551952.746525,False
2.5,30,551999.968527,True
0.0,30,552048.158495,False
1.9,30,552095.376582,True
2.8,30,552138.050476,True
2.6,30,552182.704671,True
2.4,30,552227.713638,True
2.9,30,552269.383913,True
2.4,30,552312.817592,True
3.0,30,552365.142392,True
2.8,30,552413.942484,True
2.3,30,552458.900937,True
2.7,30,552505.045271,True
2.2,30,552548.983568,True
1.4,30,552594.17394,True
2.6,30,552639.214552,True
2.2,30,552682.752554,True
0.0,30,552728.262755,False
2.7,30,552777.71742,True
2.7,30,552824.286152,True
0.0,30,552871.623497,False
2.6,30,552921.667123,True
0.0,30,552971.977622,False
0.0,30,553016.993118,False
2.2,30,553060.827927,True
2.6,30,553391.747953,True
2.9,30,553449.090453,True
1.9,30,553493.224881,True
0.0,30,553535.925076,False
0.0,30,553582.398369,False
0.0,30,553628.850834,False
1.8,30,553672.663579,True
0.0,30,553719.463924,False
1.9,30,553765.515545,True
1.7,30,553807.773685,True
0.0,30,553854.599232,False
2.3,30,553897.964854,True
2.7,30,553948.57113,True
0.0,30,553991.194873,False
0.0,30,554037.905061,False
2.5,30,554081.396962,True
0.9,30,554130.184413,True
1.0,30,554173.387681,True
2.0,30,554218.492786,True
2.5,30,554286.288145,True
0.0,30,554328.328766,False
0.0,30,554372.599429,False
2.8,30,554418.086646,True
2.7,30,554463.584074,True
1.9,30,554509.04161,True
2.2,30,554555.157349,True
1.6,30,554605.091825,True
3.0,30,554655.69587,True
2.7,30,554703.051933,True
1.8,30,554749.510545,True
0.0,30,554794.026407,False
2.8,30,554837.552296,True
0.0,30,554880.694819,False
2.5,30,554929.288089,True
0.0,30,555300.884799,False
2.4,30,555343.777219,True
2.9,30,555395.856091,True
0.0,30,555442.991267,False
0.0,30,555498.561843,False
0.0,30,555543.177952,False
2.7,30,555587.810863,True
0.0,30,555637.786072,False
1.8,30,555682.03024,True
0.0,30,555728.794708,False
0.0,30,555777.661853,False
2.8,30,555827.773721,True
0.0,30,555873.716061,False
0.0,30,555918.592872,False
0.0,30,555966.062129,False
0.0,30,556014.095369,False
0.0,30,556060.645383,False
0.0,30,556109.375353,False
2.4,30,556150.334366,True
0.0,30,556194.632974,False
0.0,30,556245.69018,False
2.8,30,556294.032547,True
2.7,30,556337.21174,True
2.5,30,556384.512186,True
2.6,30,556439.631494,True
0.8,30,556483.346765,True
2.1,30,556528.09895,True
2.0,30,556577.129124,True
2.6,30,556621.757689,True
0.0,30,556671.105979,False
0.0,30,556715.178589,False
2.6,30,556758.098873,True
2.4,30,556808.075711,True
2.9,30,556858.341163,True
0.0,30,557206.842986,False
0.0,30,557255.65513,False
0.0,30,557306.593015,False
2.5,30,557361.640258,True
2.6,30,557406.702546,True
2.5,30,557455.714059,True
2.8,30,557505.218225,True
2.7,30,557549.215006,True
0.0,30,557599.825275,False
2.9,30,557646.837606,True
0.0,30,557690.080115,False
0.0,30,557737.398338,False
3.0,30,557782.255417,True
2.7,30,557828.124035,True
0.0,30,557875.118193,False
0.0,30,557921.950125,False
2.4,30,557971.614197,True
0.0,30,558015.740717,False
0.0,30,558065.704579,False
2.0,30,558113.38512,True
2.0,30,558163.002045,True
0.0,30,558214.331455,False
0.0,30,558261.24259,False
2.1,30,558309.082183,True
0.0,30,558353.803179,False
0.0,30,558400.661838,False
2.7,30,558443.095355,True
0.0,30,558492.86189,False
2.5,30,558538.552185,True
1.1,30,558587.221714,True
2.2,30,558630.166126,True
2.6,30,558676.299049,True
2.5,30,558720.302315,True
0.0,30,558767.048827,False
2.6,30,559101.900541,True
0.0,30,559151.257372,False
2.7,30,559196.514611,True
0.0,30,559241.585758,False
2.8,30,559296.066772,True
0.0,30,559339.352149,False
2.5,30,559382.160856,True
0.0,30,559427.83502,False
1.9,30,559471.9846,False
2.8,30,559520.616062,True
0.0,30,559566.820913,False
0.0,30,559613.644089,False
3.0,30,559657.82997,True
0.0,30,559707.915398,False
0.0,30,559753.403968,False
0.0,30,559799.019241,False
2.0,30,559845.741291,True
0.0,30,559895.100696,False
0.0,30,559939.112173,False
2.5,30,559983.356282,True
0.0,30,560028.814369,False
1.1,30,560097.520156,True
0.0,30,560141.062088,False
0.0,30,560186.572283,False
0.0,30,560230.766005,False
0.0,30,560277.584557,False
0.0,30,560325.78068,False
0.0,30,560374.151851,False
2.9,30,560422.621893,True
0.0,30,560471.170059,False
0.0,30,560533.632363,False
2.1,30,560578.79587,True
0.0,30,560631.762401,False
1.4,30,560673.921742,True
2.8,30,560723.106016,True
0.0,30,561073.965283,False
2.8,30,561117.790781,True
0.0,30,561164.72968,False
0.0,30,561210.362638,False
2.1,30,561257.02228,True
2.6,30,561304.325167,True
0.0,30,561352.793903,False
2.8,30,561399.453327,True
0.0,30,561444.63536,False
0.0,30,561490.105514,False
2.5,30,561532.788362,True
0.0,30,561586.169449,False
0.4,30,561633.891781,False
0.0,30,561674.56563,False
0.0,30,561722.614694,False
2.8,30,561769.894656,True
2.4,30,561823.382253,True
0.0,30,561870.291713,False
1.9,30,561917.154905,True
3.0,30,561958.605269,True
0.0,30,562006.173229,False
0.0,30,562052.844716,False
0.0,30,562101.962402,False
2.6,30,562148.757098,True
0.0,30,562192.506586,False
2.5,30,562237.5706,True
0.0,30,562282.229209,False
0.0,30,562347.082906,False
0.0,30,562393.592366,False
1.9,30,562436.608052,True
1.7,30,562486.163613,True
2.8,30,562532.748342,True
0.0,30,562579.286614,False
0.0,30,562625.172375,False
1.9,30,562965.032611,True
0.0,30,563011.874406,False
1.8,30,563058.363327,True
2.5,30,563106.683691,True
2.8,30,563158.192299,True
2.0,30,563205.672294,True
2.8,30,563247.265889,True
2.5,30,563297.142514,True
0.0,30,563343.787144,False
0.0,30,563390.769404,False
1.8,30,563434.965145,False
2.5,30,563480.013879,True
0.0,30,563524.511248,False
2.8,30,563570.320884,True
2.1,30,563620.028758,True
0.0,30,563662.336978,False
0.0,30,563707.352949,False
0.0,30,563751.39728,False
2.3,30,563795.121661,True
2.6,30,563838.112321,True
2.4,30,563883.620801,True
0.0,30,563929.146618,False
2.6,30,563976.965988,True
0.0,30,564025.427668,False
1.5,30,564072.393538,True
1.9,30,564120.993554,True
0.0,30,564164.983443,False
0.0,30,564219.208915,False
2.4,30,564262.624069,True
0.0,30,564310.900711,False
2.7,30,564356.382903,True
0.0,30,564405.050495,False
2.6,30,564456.707322,True
2.1,30,564507.105242,True
0.0,30,564848.208993,False
2.8,30,564890.333805,True
0.0,30,564931.35195,False
2.4,30,564975.131686,True
0.0,30,565023.071578,False
0.0,30,565076.707278,False
2.8,30,565123.239241,True
0.0,30,565168.723526,False
0.0,30,565216.062126,False
0.0,30,565260.250636,False
2.7,30,565307.247571,True
2.8,30,565350.823094,True
2.5,30,565393.744823,True
0.0,30,565437.569379,False
2.4,30,565485.348418,True
0.0,30,565535.653816,False
2.5,30,565581.665906,True
1.9,30,565628.061783,True
2.2,30,565681.129294,True
2.6,30,565728.408602,True
2.8,30,565774.2604,True
0.0,30,565823.167814,False
2.5,30,565864.560119,True
2.8,30,565914.445437,True
0.0,30,565965.816449,False
0.0,30,566008.649086,False
0.0,30,566070.230061,False
0.0,30,566118.157397,False
2.6,30,566163.485378,True
2.5,30,566216.254277,True
0.0,30,566262.347635,False
0.0,30,566303.807006,False
0.0,30,566350.430709,False
0.0,30,566399.056962,False
2.6,30,566768.182786,True
2.7,30,566813.195838,True
0.0,30,566858.904944,False
0.7,30,566901.93475,True
0.0,30,566942.953273,False
2.9,30,566990.531454,True
0.2,30,567036.978474,False
0.0,30,567084.279316,False
0.0,30,567132.068645,False
2.7,30,567178.648692,True
0.0,30,567228.084791,False
2.5,30,567270.15505,True
1.7,30,567320.555292,True
2.6,30,567367.365486,True
0.0,30,567415.083664,False
0.0,30,567464.176642,False
2.5,30,567502.966842,True
0.0,30,567551.044724,False
1.9,30,567602.972926,True
0.0,30,567643.508923,False
2.5,30,567692.541842,True
0.0,30,567743.201765,False
0.0,30,567789.182472,False
2.5,30,567834.524521,True
2.6,30,567876.387858,True
0.0,30,567916.769099,False
2.1,30,567975.011567,True
0.0,30,568019.191943,False
2.6,30,568065.224837,True
0.0,30,568104.30685,False
0.0,30,568152.78134,False
0.0,30,568199.261538,False
1.3,30,568243.398719,True
0.0,30,568288.109211,False
2.3,30,568641.81414,False
2.6,30,568691.07004,True
0.0,30,568737.489805,False
2.8,30,568784.735528,True
2.5,30,568832.712674,True
1.1,30,568881.921452,True
3.0,30,568926.920001,True
2.7,30,568977.197733,True
2.6,30,569022.636475,True
2.7,30,569065.669432,True
2.8,30,569111.164274,True
0.0,30,569157.143515,False
1.8,30,569207.440255,True
2.4,30,569256.10147,True
0.0,30,569304.443506,False
2.6,30,569349.317167,True
0.0,30,569392.892974,False
0.0,30,569438.067243,False
2.2,30,569491.113502,True
3.0,30,569539.331729,True
2.7,30,569587.359228,True
2.9,30,569631.552882,True
2.4,30,569679.55162,True
2.9,30,569726.302118,True
0.0,30,569794.845572,False
2.5,30,569839.927019,True
2.7,30,569882.540177,True
0.0,30,569927.866473,False
2.4,30,569971.429215,True
2.0,30,570023.565474,True
2.6,30,570099.503946,True
1.4,30,570144.526069,True
2.4,30,570200.257297,True
0.0,30,570246.72996,False
0.0,30,570594.118235,False
2.0,30,570636.061414,True
0.0,30,570686.446659,False
2.8,30,570739.161039,True
2.8,30,570785.976539,True
2.3,30,570833.668101,True
2.8,30,570881.882543,True
0.0,30,570922.733648,False
2.3,30,570971.910139,True
2.2,30,571014.321221,True
0.0,30,571059.80236,False
2.1,30,571105.73296,True
2.4,30,571156.304251,True
1.5,30,571199.714079,True
2.6,30,571245.505489,True
0.0,30,571290.249422,False
2.4,30,571340.841817,True
2.7,30,571395.673722,True
0.0,30,571439.281167,False
0.0,30,571490.254528,False
0.0,30,571543.622376,False
2.8,30,571589.376005,True
2.1,30,571637.397371,True
0.0,30,571690.641313,False
0.0,30,571737.434026,False
2.6,30,571782.087029,True
0.0,30,571828.238481,False
2.5,30,571871.729886,True
2.5,30,571919.219053,True
0.0,30,571969.512963,False
1.2,30,572012.547204,False
0.0,30,572056.9531,False
0.1,30,572104.082804,False
2.1,30,572153.986469,True
0.0,30,572526.050735,False
0.0,30,572573.693926,False
1.8,30,572622.444703,True
0.0,30,572667.679522,False
0.0,30,572719.554101,False
0.0,30,572769.393439,False
2.8,30,572810.987736,True
2.8,30,572855.053927,True
2.0,30,572902.503674,True
0.0,30,572952.822596,False
0.0,30,573001.316179,False
1.4,30,573049.367359,False
1.8,30,573096.483302,True
2.7,30,573148.263958,True
0.0,30,573194.318773,False
2.4,30,573242.995005,True
0.0,30,573296.338356,False
0.0,30,573339.708397,False
0.0,30,573391.105861,False
2.4,30,573442.701996,True
0.0,30,573487.77473,False
0.0,30,573537.798832,False
0.0,30,573588.216424,False
0.0,30,573637.024228,False
0.0,30,573683.392186,False
0.0,30,573728.504863,False
2.0,30,573777.376298,True
0.0,30,573823.487352,False
1.3,30,573876.812835,True
2.4,30,573924.396376,True
0.0,30,573968.621207,False
2.8,30,574015.13394,True
0.1,30,574058.910327,True
0.0,30,574110.866335,False
2.6,30,574153.654246,True
0.0,30,574513.607352,False
2.3,30,574556.972153,True
2.4,30,574601.764518,True
0.0,30,574650.597098,False
2.8,30,574698.57158,True
2.8,30,574745.659049,True
2.4,30,574793.840808,True
0.0,30,574841.39418,False
3.0,30,574886.5193,True
2.7,30,574932.691458,True
2.9,30,574983.030152,True
1.2,30,575031.167362,True
2.4,30,575080.540879,True
0.0,30,575127.789478,False
1.2,30,575175.18165,True
2.2,30,575224.706895,True
0.0,30,575268.508066,False
0.0,30,575316.782435,False
2.4,30,575360.838604,True
2.8,30,575406.486661,True
2.5,30,575459.867877,True
1.5,30,575504.870433,True
2.8,30,575574.245368,True
0.0,30,575619.076412,False
1.7,30,575670.371297,True
0.0,30,575712.435915,False
2.3,30,575757.62967,True
0.0,30,575803.451521,False
2.4,30,575848.553632,True
2.5,30,575894.757524,True
1.9,30,575942.589945,True
0.0,30,575987.163143,False
2.2,30,576032.725429,True
0.0,30,576077.737149,False
0.0,30,576411.823413,False
2.8,30,576455.346233,True
2.7,30,576502.112653,True
2.5,30,576561.323971,True
0.0,30,576605.164045,False
2.7,30,576655.913183,True
2.6,30,576701.494974,True
0.0,30,576754.0565,False
0.0,30,576798.336844,False
2.7,30,576849.632002,True
2.3,30,576900.176366,True
2.7,30,576948.625819,True
0.0,30,577004.946734,False
2.1,30,577053.427621,True
0.0,30,577097.763242,False
0.0,30,577146.920392,False
0.0,30,577193.67037,False
2.4,30,577244.153004,True
2.3,30,577288.909773,True
1.9,30,577335.582807,True
2.8,30,577376.58373,True
3.0,30,577420.416403,True
0.0,30,577470.164327,False
2.7,30,577520.962257,True
0.0,30,577570.340203,False
0.0,30,577618.453744,False
0.0,30,577662.96909,False
0.0,30,577707.090782,False
0.8,30,577756.264,True
2.1,30,577807.327905,True
0.0,30,577853.668091,False
2.4,30,577900.443656,True
2.8,30,577945.646588,True
2.8,30,577993.893707,True
2.4,30,578372.530177,True
2.6,30,578420.183548,True
0.0,30,578467.114229,False
0.0,30,578520.91758,False
0.0,30,578568.462533,False
2.4,30,578615.993397,True
0.1,30,578663.458646,False
0.0,30,578713.085645,False
0.5,30,578762.110007,True
0.0,30,578805.256522,False
0.0,30,578850.188475,False
2.2,30,578899.577395,True
2.9,30,578942.597015,True
1.2,30,578994.882717,True
2.6,30,579047.498095,True
2.8,30,579093.532096,True
2.5,30,579143.33237,True
0.0,30,579189.604308,False
0.5,30,579237.735271,True
0.0,30,579289.390883,False
0.0,30,579333.187084,False
2.8,30,579388.948659,True
2.6,30,579431.04645,True
2.2,30,579473.548276,True
2.9,30,579520.533328,True
0.0,30,579569.067507,False
2.8,30,579613.704168,True
1.6,30,579662.087842,True
2.1,30,579709.19887,True
0.0,30,579764.534164,False
0.0,30,579813.019049,False
0.0,30,579857.879035,False
2.6,30,579905.579567,True
0.0,30,579955.09731,False
1.8,30,580292.360046,True
2.5,30,580348.958401,True
2.8,30,580392.834775,True
2.8,30,580438.55714,True
0.0,30,580483.916654,False
2.6,30,580541.587675,True
1.7,30,580593.134195,True
2.5,30,580664.605602,True
2.9,30,580715.390913,True
0.0,30,580761.382005,False
0.0,30,580806.527714,False
2.0,30,580858.162988,True
2.4,30,580920.634051,True
0.0,30,580969.014759,False
0.0,30,581019.547948,False
2.7,30,581071.020117,True
0.0,30,581122.167108,False
0.0,30,581173.970336,False
0.0,30,581222.072663,False
1.5,30,581272.277321,False
0.0,30,581320.145899,False
3.0,30,581365.963298,True
2.3,30,581417.618748,True
0.0,30,581466.740689,False
2.8,30,581517.825723,True
0.0,30,581563.556586,False
0.0,30,581611.724653,False
0.0,30,581654.510771,False
0.0,30,581705.833328,False
2.7,30,581751.817859,True
0.0,30,581801.748578,False
0.0,30,581855.813583,False
2.6,30,581901.672923,True
3.0,30,581978.342171,True
0.0,30,582340.700882,False
0.0,30,582385.719543,False
1.6,30,582428.894401,True
0.0,30,582482.22254,False
2.1,30,582525.379744,True
2.4,30,582574.961734,True
0.0,30,582622.976539,False
0.0,30,582678.301457,False
0.0,30,582727.937875,False
0.6,30,582781.236109,True
3.0,30,582823.479251,True
0.0,30,582870.479298,False
0.0,30,582923.922904,False
0.0,30,582969.536629,False
0.0,30,583015.985051,False
2.0,30,583065.360606,True
2.7,30,583116.99787,True
0.0,30,583161.604158,False
2.7,30,583209.820048,True
0.0,30,583250.352599,False
2.5,30,583295.27205,True
2.4,30,583346.59048,True
3.0,30,583396.925154,True
0.0,30,583440.944202,False
0.0,30,583482.942482,False
0.0,30,583528.315619,False
2.4,30,583582.684513,True
2.7,30,583632.679813,True
2.7,30,583678.330342,True
1.6,30,583732.637316,True
2.4,30,583780.022518,True
0.0,30,583825.374703,False
2.6,30,583881.382166,True
2.0,30,583927.752227,True
