#{"t_start": 1770256119.0508113, "env_id": "FetchBridgeBullet7Blocks-v1"}
r,l,t,is_success
3.0,30,96.60234,True
0.0,30,157.258267,False
0.0,30,212.366568,False
0.0,30,273.851318,False
0.0,30,325.622236,False
3.0,30,387.1609,True
0.0,30,455.125309,False
0.0,30,500.141785,False
0.0,30,564.115898,False
0.0,30,630.812274,False
2.7,30,690.274346,True
0.0,30,752.922117,False
0.0,30,808.346627,False
2.8,30,863.731413,True
2.7,30,923.240795,True
0.0,30,985.624291,False
2.7,30,1048.095651,True
1.5,30,1108.780443,True
0.0,30,1178.659727,False
0.0,30,1255.061301,False
0.2,30,1326.849169,False
2.4,30,1380.245928,True
0.0,30,1439.448901,False
2.1,30,1500.606397,True
0.0,30,1567.773958,False
3.0,30,1631.359745,True
0.8,30,1695.086641,True
0.0,30,1759.699472,False
2.9,30,1822.103438,True
0.0,30,1890.859141,False
0.0,30,1962.632133,False
0.0,30,2031.121253,False
0.0,30,2096.950554,False
0.0,30,2150.17767,False
0.0,30,2560.817111,False
0.0,30,2617.654609,False
0.0,30,2682.312425,False
3.0,30,2744.694456,True
0.0,30,2803.014333,False
0.0,30,2866.01793,False
0.0,30,2926.748496,False
1.2,30,2989.508159,True
0.0,30,3056.391313,False
0.0,30,3125.742282,False
0.0,30,3188.976931,False
2.6,30,3250.134431,True
0.0,30,3317.871861,False
3.0,30,3378.432989,True
0.0,30,3442.313847,False
0.0,30,3501.655454,False
0.0,30,3567.055342,False
0.0,30,3629.381956,False
0.0,30,3687.286713,False
0.8,30,3743.063756,True
0.0,30,3805.385184,False
0.0,30,3864.974191,False
0.6,30,3927.357527,True
3.0,30,3988.697593,True
1.5,30,4039.425648,True
0.0,30,4091.660993,False
0.0,30,4155.966109,False
0.0,30,4213.333967,False
0.0,30,4278.197604,False
0.0,30,4339.891304,False
0.0,30,4409.355963,False
1.1,30,4464.908258,True
3.0,30,4523.243668,True
0.0,30,4581.608225,False
0.0,30,5061.578685,False
0.0,30,5122.646082,False
0.0,30,5170.722106,False
0.0,30,5223.506212,False
0.0,30,5291.461365,False
1.7,30,5354.585968,True
1.5,30,5415.450074,True
3.0,30,5475.295222,True
0.0,30,5530.636917,False
2.5,30,5580.898671,True
0.0,30,5639.703461,False
0.0,30,5706.949791,False
2.7,30,5761.051617,True
0.0,30,5822.086255,False
1.1,30,5877.785782,True
2.9,30,5934.723626,True
0.0,30,5989.40204,False
2.9,30,6051.252674,True
1.5,30,6102.392565,True
0.0,30,6161.76405,False
3.0,30,6225.712534,True
0.0,30,6286.822778,False
0.0,30,6351.839904,False
0.0,30,6406.900461,False
0.0,30,6462.417587,False
0.0,30,6525.222613,False
0.0,30,6588.59853,False
2.5,30,6644.198797,True
0.3,30,6698.308877,True
0.0,30,6759.579466,False
0.0,30,6834.182111,False
0.0,30,6887.571345,False
0.0,30,6942.918807,False
0.0,30,7008.863877,False
0.0,30,7428.013372,False
0.0,30,7484.423908,False
0.0,30,7546.057237,False
0.0,30,7604.852526,False
1.8,30,7652.363623,True
1.2,30,7697.493314,True
0.0,30,7754.269146,False
3.0,30,7815.038011,True
0.0,30,7864.150887,False
3.0,30,7931.572519,True
2.1,30,7989.272712,True
0.0,30,8050.469221,False
0.0,30,8110.201604,False
0.0,30,8163.235605,False
0.0,30,8224.88318,False
0.8,30,8273.491154,True
2.2,30,8337.446831,True
2.7,30,8392.577827,True
2.5,30,8453.206917,True
2.9,30,8516.854027,True
0.0,30,8573.951216,False
1.8,30,8633.210297,True
3.0,30,8692.056201,True
0.0,30,8745.938915,False
2.0,30,8806.063569,True
3.0,30,8863.598433,True
0.0,30,8924.218451,False
0.0,30,8979.453698,False
0.0,30,9049.633304,False
3.0,30,9103.247874,True
3.0,30,9173.672251,True
3.0,30,9240.709798,True
0.0,30,9285.9413,False
2.8,30,9342.65889,True
2.9,30,9722.454448,True
0.0,30,9783.750693,False
0.0,30,9847.090725,False
0.0,30,9906.849147,False
2.4,30,9968.932976,True
3.0,30,10028.374963,True
0.0,30,10099.071542,False
0.0,30,10155.285147,False
0.0,30,10205.961243,False
2.8,30,10264.590037,True
0.0,30,10326.350894,False
0.0,30,10395.300701,False
0.0,30,10452.998766,False
0.0,30,10523.393764,False
2.8,30,10592.268576,True
0.0,30,10655.620418,False
0.0,30,10722.366381,False
0.0,30,10774.008755,False
2.8,30,10837.088255,True
0.0,30,10897.380086,False
0.0,30,10955.21744,False
0.0,30,11016.584674,False
2.0,30,11078.152289,True
2.6,30,11140.202767,True
0.0,30,11200.333547,False
0.0,30,11260.669891,False
0.0,30,11313.46931,False
0.0,30,11367.411584,False
2.8,30,11423.480435,True
0.0,30,11481.4041,False
0.0,30,11543.679263,False
0.0,30,11606.274665,False
0.0,30,11660.878216,False
0.0,30,11713.425314,False
2.9,30,12128.134052,True
2.3,30,12191.085665,True
0.0,30,12256.62159,False
0.0,30,12306.763278,False
0.0,30,12364.709414,False
0.0,30,12419.365576,False
0.3,30,12490.633112,True
0.0,30,12552.255875,False
1.9,30,12608.391893,True
0.0,30,12670.286521,False
0.0,30,12726.415143,False
2.8,30,12776.735392,True
0.0,30,12836.808427,False
2.7,30,12889.384327,True
1.5,30,12950.553826,True
0.0,30,13011.25569,False
0.0,30,13074.555174,False
0.0,30,13129.897453,False
0.0,30,13180.646268,False
0.0,30,13235.880271,False
0.0,30,13287.734474,False
1.3,30,13351.97641,True
0.0,30,13413.152642,False
0.0,30,13465.086337,False
0.0,30,13529.20516,False
0.9,30,13586.151779,True
0.0,30,13645.568171,False
2.9,30,13701.018528,True
2.9,30,13763.916377,True
0.0,30,13829.853776,False
0.0,30,13888.542302,False
0.0,30,13948.938883,False
0.4,30,14009.897111,True
2.8,30,14063.443272,True
0.0,30,14476.100832,False
0.0,30,14532.947186,False
0.0,30,14596.630239,False
0.0,30,14662.659331,False
0.0,30,14710.95041,False
0.0,30,14762.047211,False
0.0,30,14811.980065,False
0.0,30,14865.485788,False
0.0,30,14923.62874,False
0.0,30,14980.346669,False
2.1,30,15038.822182,True
0.0,30,15075.68798,False
0.0,30,15131.714472,False
1.7,30,15182.622531,True
0.0,30,15238.205425,False
0.0,30,15296.435212,False
0.0,30,15348.114551,False
0.0,30,15401.786036,False
0.1,30,15458.324643,False
2.1,30,15504.262223,True
0.0,30,15557.091913,False
0.0,30,15612.36096,False
0.0,30,15675.850671,False
0.0,30,15734.933969,False
1.2,30,15797.509525,True
2.8,30,15853.943316,True
0.0,30,15910.926268,False
0.0,30,15969.675476,False
2.7,30,16028.658338,True
1.5,30,16077.211021,True
2.2,30,16140.80901,True
0.0,30,16192.560948,False
3.0,30,16256.570002,True
0.0,30,16316.436749,False
3.0,30,16740.631398,True
0.0,30,16795.003863,False
0.0,30,16855.210322,False
0.0,30,16916.711053,False
0.0,30,16970.397437,False
2.9,30,17023.905652,True
0.0,30,17080.137249,False
0.0,30,17138.632353,False
0.0,30,17199.546466,False
0.0,30,17262.442399,False
0.0,30,17324.741333,False
0.0,30,17370.736292,False
3.0,30,17423.769879,True
0.2,30,17474.732034,False
0.0,30,17533.093764,False
0.0,30,17586.309445,False
0.0,30,17657.917994,False
0.0,30,17720.753273,False
0.0,30,17781.155932,False
1.6,30,17838.748749,True
0.0,30,17889.690777,False
0.0,30,17942.550426,False
0.0,30,18002.306214,False
0.0,30,18062.417679,False
0.0,30,18124.826081,False
0.0,30,18189.984022,False
2.9,30,18240.486411,True
1.2,30,18298.331789,True
0.0,30,18357.954014,False
0.0,30,18416.451358,False
2.7,30,18476.370203,True
0.0,30,18538.517422,False
0.0,30,18591.469758,False
2.7,30,18642.756522,True
0.0,30,18710.162923,False
0.0,30,19084.561533,False
0.0,30,19138.857538,False
0.0,30,19198.43196,False
0.0,30,19250.09949,False
0.0,30,19309.334648,False
3.0,30,19364.649527,True
0.0,30,19416.906751,False
0.0,30,19471.827211,False
2.7,30,19527.627772,True
0.0,30,19578.138615,False
2.9,30,19637.827902,True
2.5,30,19703.636561,True
0.0,30,19759.592173,False
2.7,30,19808.302914,True
0.0,30,19877.278329,False
0.0,30,19935.929529,False
2.7,30,19993.689058,True
2.4,30,20045.479951,True
2.2,30,20097.294572,True
2.4,30,20159.032306,True
2.3,30,20213.817094,True
0.0,30,20275.796229,False
0.0,30,20327.858207,False
0.0,30,20386.81297,False
0.0,30,20439.100269,False
2.7,30,20502.353544,True
2.9,30,20556.12464,True
0.0,30,20613.5992,False
0.0,30,20667.678752,False
2.4,30,20722.049008,True
0.0,30,20775.73432,False
0.0,30,20823.355981,False
0.0,30,20881.268949,False
0.0,30,20938.202772,False
0.0,30,21298.643683,False
0.0,30,21354.905768,False
0.0,30,21415.483917,False
0.0,30,21472.258271,False
2.7,30,21532.359247,True
2.8,30,21590.400747,True
0.0,30,21648.29274,False
0.0,30,21708.085391,False
0.9,30,21770.49337,True
0.0,30,21824.192119,False
0.0,30,21881.104457,False
3.0,30,21938.57803,True
2.7,30,21990.472031,True
2.3,30,22048.892693,True
0.0,30,22102.994051,False
2.9,30,22163.281046,True
2.6,30,22217.236586,True
0.0,30,22276.0844,False
2.9,30,22327.495025,True
0.0,30,22393.167414,False
2.1,30,22448.196236,True
0.0,30,22508.873531,False
1.9,30,22563.295711,True
0.0,30,22608.627412,False
0.0,30,22666.974494,False
3.0,30,22729.448149,True
0.0,30,22790.803467,False
2.3,30,22852.97535,True
0.5,30,22909.719887,False
0.0,30,22965.34561,False
1.1,30,23020.912372,True
2.0,30,23081.066758,True
0.0,30,23135.964843,False
0.0,30,23186.041988,False
3.0,30,23601.723506,True
0.0,30,23661.42961,False
1.0,30,23716.764632,True
0.0,30,23777.344435,False
0.0,30,23828.783405,False
1.4,30,23881.368626,True
0.0,30,23940.981755,False
0.0,30,23996.679634,False
0.0,30,24056.149582,False
0.0,30,24107.916381,False
0.0,30,24166.494798,False
0.0,30,24218.962151,False
2.0,30,24270.953823,True
0.0,30,24326.511833,False
0.0,30,24384.68698,False
0.0,30,24433.998822,False
0.0,30,24490.783789,False
0.0,30,24547.634622,False
0.0,30,24603.740488,False
0.0,30,24658.845372,False
2.7,30,24716.561767,True
0.0,30,24785.369623,False
0.0,30,24838.370563,False
0.0,30,24891.410579,False
0.0,30,24956.874064,False
2.6,30,25009.306309,True
2.6,30,25070.878458,True
3.0,30,25126.342492,True
0.0,30,25182.594199,False
3.0,30,25242.458625,True
0.0,30,25297.38642,False
0.0,30,25348.765049,False
0.0,30,25408.514452,False
0.0,30,25463.75099,False
2.6,30,25832.528043,True
3.0,30,25892.950178,True
2.4,30,25948.743987,True
2.2,30,26012.896507,False
0.0,30,26065.992573,False
0.0,30,26119.883759,False
2.8,30,26193.953701,True
2.8,30,26258.031496,True
0.0,30,26307.699829,False
0.0,30,26355.620602,False
0.0,30,26411.440841,False
0.0,30,26494.367934,False
0.0,30,26555.403803,False
2.5,30,26609.836819,True
0.0,30,26660.175796,False
2.8,30,26724.734612,True
0.0,30,26785.244163,False
2.7,30,26845.768499,True
0.0,30,26900.055946,False
0.0,30,26963.777428,False
0.0,30,27026.642553,False
0.0,30,27081.697814,False
2.7,30,27137.42282,True
0.0,30,27194.598583,False
0.0,30,27255.993553,False
0.0,30,27311.858519,False
2.8,30,27369.404819,True
0.0,30,27423.718089,False
1.9,30,27472.283588,True
2.1,30,27550.936035,True
0.0,30,27609.306039,False
2.7,30,27667.01617,True
0.0,30,27717.778707,False
0.0,30,27781.147037,False
2.7,30,28134.266787,True
0.0,30,28184.610345,False
0.0,30,28241.072092,False
2.9,30,28300.873178,True
0.0,30,28390.015135,False
2.5,30,28453.609522,True
2.7,30,28510.14154,True
0.0,30,28577.186884,False
0.0,30,28642.052119,False
0.0,30,28697.630084,False
0.0,30,28753.319116,False
0.0,30,28825.91605,False
0.0,30,28879.346412,False
0.0,30,28935.170314,False
0.0,30,28990.889674,False
0.0,30,29052.32654,False
0.0,30,29110.478482,False
0.0,30,29159.811755,False
2.4,30,29219.143577,True
2.7,30,29285.851642,True
0.0,30,29341.354798,False
0.0,30,29399.739088,False
2.6,30,29465.941628,True
2.6,30,29516.07731,True
1.4,30,29566.376516,True
0.0,30,29623.010251,False
0.0,30,29676.742472,False
0.0,30,29729.371478,False
2.1,30,29788.109967,True
1.5,30,29843.88392,True
2.6,30,29906.121251,True
2.4,30,29964.138931,True
0.0,30,30016.755727,False
2.8,30,30070.435087,True
0.0,30,30425.421412,False
0.0,30,30479.350637,False
0.0,30,30536.932288,False
0.0,30,30596.42711,False
0.0,30,30658.408199,False
2.8,30,30720.321717,True
0.0,30,30775.566438,False
1.2,30,30833.797391,True
0.2,30,30896.618885,True
2.7,30,30959.029347,True
2.8,30,31027.116145,True
0.0,30,31082.30101,False
2.9,30,31140.025301,True
0.0,30,31199.053509,False
2.8,30,31253.823333,True
2.7,30,31321.839535,True
3.0,30,31385.072006,True
3.0,30,31442.864196,True
0.0,30,31500.986316,False
0.0,30,31563.199197,False
0.0,30,31623.427574,False
2.7,30,31686.113441,True
0.0,30,31746.96163,False
0.0,30,31800.505455,False
2.7,30,31868.97506,True
0.0,30,31920.614468,False
3.0,30,31971.279583,True
0.0,30,32029.373413,False
2.0,30,32080.41008,True
0.0,30,32133.003321,False
2.7,30,32193.213892,True
3.0,30,32249.615351,True
0.0,30,32307.41529,False
0.0,30,32366.166569,False
0.0,30,32707.52963,False
0.0,30,32772.311466,False
3.0,30,32831.345633,True
0.0,30,32884.119752,False
0.0,30,32951.656863,False
0.0,30,33014.56133,False
2.6,30,33074.761811,True
0.0,30,33127.510221,False
1.9,30,33186.402526,True
0.0,30,33248.164865,False
2.5,30,33302.893707,True
0.0,30,33355.804813,False
0.0,30,33420.172298,False
2.2,30,33476.182306,True
2.8,30,33537.57043,True
0.0,30,33600.531544,False
0.2,30,33666.819771,False
2.9,30,33726.432079,True
0.0,30,33785.922698,False
0.0,30,33836.812038,False
2.6,30,33893.610613,True
2.1,30,33955.783501,True
2.6,30,34008.934829,True
0.0,30,34064.663264,False
1.3,30,34120.095839,True
0.0,30,34174.790363,False
2.7,30,34240.848732,True
0.0,30,34301.035159,False
0.0,30,34358.679045,False
0.0,30,34416.520231,False
2.6,30,34478.400004,True
2.5,30,34543.188755,True
0.0,30,34596.704123,False
0.5,30,34652.832315,False
0.0,30,34714.116701,False
2.7,30,35085.312623,True
2.9,30,35159.518995,True
0.9,30,35212.887801,True
0.0,30,35269.187811,False
2.9,30,35330.391564,True
0.0,30,35383.700506,False
2.1,30,35449.302104,True
0.0,30,35507.902069,False
0.0,30,35563.700309,False
2.3,30,35630.997512,True
2.1,30,35696.164493,True
2.5,30,35746.558055,True
0.0,30,35806.718982,False
0.0,30,35861.191741,False
2.6,30,35919.373585,True
0.0,30,35974.422284,False
2.8,30,36030.594357,True
2.3,30,36093.099834,True
0.0,30,36155.869024,False
2.2,30,36209.911029,True
2.2,30,36271.868196,True
0.0,30,36328.447239,False
2.2,30,36396.539547,True
1.3,30,36456.299049,True
2.3,30,36512.835774,True
0.0,30,36575.741645,False
2.0,30,36638.7114,True
3.0,30,36704.226793,True
2.6,30,36759.600266,True
3.0,30,36817.409006,True
0.0,30,36872.659035,False
2.8,30,36932.164577,True
0.0,30,37001.67395,False
3.0,30,37058.447734,True
0.0,30,37436.081414,False
0.0,30,37496.00431,False
0.0,30,37561.92859,False
0.0,30,37622.677959,False
2.8,30,37675.165878,True
0.0,30,37733.702662,False
0.0,30,37796.254083,False
2.4,30,37845.23684,True
2.6,30,37898.718282,True
0.0,30,37962.772155,False
2.8,30,38020.908755,True
0.0,30,38082.771943,False
0.0,30,38141.29318,False
2.7,30,38208.867545,True
2.7,30,38264.068303,True
2.4,30,38321.115104,True
0.0,30,38390.98666,False
0.0,30,38449.017947,False
0.0,30,38510.18627,False
0.0,30,38571.626589,False
0.0,30,38630.947607,False
0.0,30,38686.868075,False
0.0,30,38745.731424,False
0.0,30,38806.232511,False
1.5,30,38882.076145,True
0.0,30,38943.382697,False
0.0,30,39007.601136,False
2.2,30,39082.126087,True
2.6,30,39153.284585,True
2.6,30,39215.628276,True
0.0,30,39277.213643,False
2.9,30,39340.291295,True
2.6,30,39405.13914,True
0.0,30,39463.011111,False
2.5,30,39867.363977,True
0.0,30,39930.866182,False
3.0,30,39994.496191,True
2.9,30,40048.728415,True
0.0,30,40106.99363,False
2.5,30,40175.766809,True
0.0,30,40237.536792,False
2.8,30,40297.532131,True
0.0,30,40358.523606,False
0.0,30,40418.63637,False
2.4,30,40487.823239,True
2.6,30,40546.704025,True
0.0,30,40609.243398,False
2.1,30,40673.462809,True
0.0,30,40730.891975,False
1.5,30,40790.915601,True
0.0,30,40846.343342,False
2.8,30,40926.375319,True
2.4,30,40982.680651,True
0.0,30,41045.364304,False
0.0,30,41107.990479,False
0.0,30,41165.745611,False
1.2,30,41223.824787,True
0.0,30,41285.571269,False
0.0,30,41345.512772,False
2.4,30,41401.998266,True
0.2,30,41465.26638,True
2.6,30,41512.830379,True
0.0,30,41566.15678,False
0.0,30,41625.850825,False
2.7,30,41687.258474,True
2.7,30,41744.355738,True
0.0,30,41808.45369,False
1.1,30,41872.861642,True
0.0,30,42287.3599,False
0.0,30,42352.086324,False
2.7,30,42414.727596,True
0.0,30,42477.190182,False
0.0,30,42538.778039,False
0.0,30,42609.281001,False
0.2,30,42677.500379,True
2.9,30,42743.764945,True
2.5,30,42802.739125,True
0.0,30,42861.770115,False
0.0,30,42942.417385,False
2.4,30,43008.047836,True
2.9,30,43071.325056,True
0.0,30,43136.241826,False
2.8,30,43195.803298,True
2.0,30,43250.383028,True
0.0,30,43311.987158,False
0.0,30,43381.578767,False
2.7,30,43429.259675,True
2.7,30,43485.775345,True
3.0,30,43549.945822,True
2.9,30,43608.265932,True
0.0,30,43668.602147,False
2.8,30,43724.125615,True
0.0,30,43780.914295,False
0.0,30,43843.699983,False
0.0,30,43899.620389,False
0.0,30,43963.884097,False
2.4,30,44032.5582,True
2.5,30,44096.525636,True
2.7,30,44161.751878,True
0.0,30,44215.575517,False
0.0,30,44264.035642,False
0.0,30,44312.860293,False
0.0,30,44640.063594,False
0.9,30,44681.441406,False
0.0,30,44727.198035,False
2.8,30,44793.889501,True
0.0,30,44844.28492,False
2.7,30,44896.699023,True
0.0,30,44942.795668,False
0.0,30,44989.311884,False
2.5,30,45029.345611,True
1.4,30,45069.923797,True
2.8,30,45116.904624,True
2.7,30,45162.971792,True
2.2,30,45208.451123,True
0.2,30,45251.702608,True
2.8,30,45300.422243,True
0.0,30,45336.999677,False
0.0,30,45379.561393,False
2.8,30,45424.631552,True
0.5,30,45469.697748,True
2.9,30,45511.077449,True
0.0,30,45558.596118,False
0.0,30,45601.885201,False
0.0,30,45642.909009,False
0.0,30,45683.869814,False
2.2,30,45728.487934,True
0.0,30,45776.70692,False
0.0,30,45826.190288,False
0.0,30,45872.217146,False
0.0,30,45925.26078,False
2.5,30,45971.372272,True
0.0,30,46016.872071,False
2.3,30,46065.069196,True
2.8,30,46106.567492,True
1.7,30,46149.87986,True
0.0,30,46490.556803,False
0.0,30,46532.594453,False
0.0,30,46575.103024,False
0.0,30,46624.558565,False
0.0,30,46673.653826,False
2.8,30,46723.636243,True
0.0,30,46762.954568,False
3.0,30,46808.521726,True
2.9,30,46858.64828,True
0.0,30,46906.465646,False
0.0,30,46953.253719,False
0.0,30,47002.862375,False
2.6,30,47065.679571,True
2.1,30,47117.205534,True
2.5,30,47161.999673,True
0.0,30,47205.533805,False
0.2,30,47252.605771,True
2.2,30,47298.890663,True
0.0,30,47345.238133,False
2.2,30,47395.145094,True
2.6,30,47447.072028,True
0.0,30,47489.536261,False
1.8,30,47540.875941,True
0.0,30,47592.445369,False
2.3,30,47640.223195,True
3.0,30,47691.74378,True
3.0,30,47751.03239,True
0.0,30,47800.463488,False
0.0,30,47842.066185,False
0.0,30,47891.550381,False
0.0,30,47942.016945,False
0.0,30,47989.801306,False
0.0,30,48036.39026,False
0.0,30,48084.156038,False
2.4,30,48375.425881,True
0.0,30,48428.503684,False
2.6,30,48471.692036,True
0.0,30,48520.128242,False
0.0,30,48567.094735,False
2.9,30,48608.930736,True
2.9,30,48664.383153,False
0.0,30,48703.736559,False
0.0,30,48752.391007,False
2.7,30,48800.686775,True
3.0,30,48857.421995,True
0.0,30,48903.127367,False
3.0,30,48953.737434,True
0.0,30,49011.926953,False
0.0,30,49055.099553,False
0.0,30,49104.425005,False
2.8,30,49143.600558,True
0.0,30,49186.648242,False
2.2,30,49228.349098,True
0.0,30,49284.04232,False
0.4,30,49329.304504,True
3.0,30,49371.42731,True
0.0,30,49451.592509,False
2.3,30,49501.288053,True
2.5,30,49544.945677,True
0.0,30,49590.27435,False
3.0,30,49637.432678,True
2.5,30,49685.226295,True
0.0,30,49737.564757,False
2.6,30,49792.596779,True
0.0,30,49840.54392,False
0.0,30,49890.767259,False
2.7,30,49941.764597,True
0.0,30,49989.362459,False
0.0,30,50313.61121,False
2.6,30,50362.284273,True
0.0,30,50405.611411,False
2.9,30,50453.108176,True
0.0,30,50498.950774,False
0.0,30,50549.394684,False
2.6,30,50604.552227,True
2.0,30,50657.282529,True
0.0,30,50702.348422,False
0.0,30,50742.843764,False
1.9,30,50792.855317,True
2.3,30,50840.833825,True
0.0,30,50887.069364,False
0.0,30,50930.707425,False
0.0,30,50978.075468,False
2.8,30,51030.096932,True
0.0,30,51076.124233,False
2.2,30,51123.345821,True
0.0,30,51172.917364,False
0.0,30,51216.767745,False
0.0,30,51261.284313,False
2.6,30,51310.252957,True
2.5,30,51357.617701,True
0.0,30,51401.064223,False
0.1,30,51442.343246,True
0.0,30,51490.671665,False
0.0,30,51533.467277,False
0.0,30,51576.010001,False
0.0,30,51618.748325,False
0.0,30,51660.097048,False
0.0,30,51706.716214,False
0.0,30,51752.775739,False
0.0,30,51804.409979,False
0.0,30,51851.420171,False
2.7,30,51900.408757,True
3.0,30,52198.181451,True
2.7,30,52240.504719,True
0.0,30,52285.972089,False
0.0,30,52333.809233,False
0.0,30,52382.806266,False
2.2,30,52420.443148,True
0.0,30,52470.524868,False
0.0,30,52530.902812,False
0.0,30,52576.241073,False
0.0,30,52622.958508,False
2.9,30,52666.798848,True
0.0,30,52712.360209,False
0.0,30,52759.110494,False
0.0,30,52806.449275,False
0.0,30,52850.090878,False
1.3,30,52893.747546,True
0.0,30,52941.139096,False
0.0,30,52989.758194,False
0.0,30,53039.769616,False
0.0,30,53082.21019,False
2.8,30,53121.126367,True
2.7,30,53167.056324,True
0.0,30,53211.396256,False
1.7,30,53262.36303,True
2.7,30,53309.574294,True
0.0,30,53357.569347,False
0.0,30,53404.266048,False
2.7,30,53449.585362,True
0.0,30,53491.891086,False
2.7,30,53532.499732,True
0.0,30,53580.775618,False
0.0,30,53625.565041,False
0.0,30,53667.202458,False
0.0,30,53711.369391,False
0.0,30,54041.173698,False
0.0,30,54095.077588,False
2.7,30,54139.292062,True
2.7,30,54182.110676,True
0.2,30,54230.160362,False
0.0,30,54278.263089,False
3.0,30,54323.938315,True
2.8,30,54366.111396,True
0.0,30,54411.219621,False
0.0,30,54458.928629,False
2.8,30,54503.553719,True
0.0,30,54548.285825,False
0.0,30,54594.189176,False
0.0,30,54642.208603,False
0.0,30,54689.774278,False
0.0,30,54738.475523,False
2.4,30,54779.932198,True
0.0,30,54829.596354,False
0.0,30,54879.822549,False
0.0,30,54924.804335,False
0.0,30,54975.23452,False
2.7,30,55024.933319,True
0.0,30,55076.331966,False
0.0,30,55118.978877,False
0.0,30,55176.291404,False
0.0,30,55222.029656,False
0.0,30,55273.194218,False
2.9,30,55322.092638,True
0.0,30,55363.810524,False
2.3,30,55410.402833,True
0.0,30,55457.227342,False
0.0,30,55511.99611,False
0.0,30,55556.902728,False
0.0,30,55604.493149,False
2.2,30,55918.343763,True
0.0,30,55967.328565,False
1.5,30,56018.154338,True
3.0,30,56061.626751,True
0.0,30,56110.039106,False
2.2,30,56156.064804,True
1.9,30,56198.16104,True
2.8,30,56245.218953,True
0.0,30,56293.968154,False
0.0,30,56337.303403,False
3.0,30,56388.278695,True
0.0,30,56431.442288,False
2.8,30,56477.591739,True
0.0,30,56520.079837,False
2.9,30,56573.127621,True
2.7,30,56611.612826,True
0.0,30,56658.953721,False
2.7,30,56707.004504,True
2.3,30,56756.023838,True
2.8,30,56800.71424,True
0.0,30,56845.565324,False
2.8,30,56897.716022,True
2.6,30,56937.84357,True
0.0,30,56986.515071,False
0.0,30,57035.582468,False
2.8,30,57080.847906,True
2.9,30,57123.527307,True
0.0,30,57164.572606,False
0.0,30,57207.911363,False
0.0,30,57254.335548,False
0.0,30,57303.151057,False
2.7,30,57351.309077,True
0.0,30,57395.314169,False
2.7,30,57453.008372,True
0.0,30,57742.533123,False
0.0,30,57786.297158,False
0.0,30,57837.011467,False
0.8,30,57880.419819,True
2.2,30,57928.520015,True
2.5,30,57975.073667,True
0.0,30,58027.108947,False
2.4,30,58080.584057,True
2.6,30,58130.989915,True
2.2,30,58188.30962,True
0.0,30,58252.876415,False
2.5,30,58300.611608,True
2.7,30,58343.098847,True
0.0,30,58384.630777,False
2.4,30,58449.745308,True
0.0,30,58495.420948,False
2.8,30,58545.723279,True
2.8,30,58590.836023,True
0.0,30,58634.555747,False
2.8,30,58675.173152,True
0.0,30,58732.383944,False
2.8,30,58779.638112,True
2.7,30,58821.063948,True
2.5,30,58867.055139,True
0.0,30,58913.65261,False
2.7,30,58963.653997,True
0.0,30,59007.915136,False
2.9,30,59058.887158,True
2.5,30,59099.832167,True
1.6,30,59139.827535,True
1.4,30,59182.776328,True
0.0,30,59224.434592,False
0.0,30,59268.942719,False
3.0,30,59319.452989,True
0.0,30,59599.854231,False
2.5,30,59644.293176,True
2.8,30,59691.215443,True
0.0,30,59743.351582,False
2.7,30,59784.76233,True
2.6,30,59821.124718,True
0.3,30,59863.671349,True
2.9,30,59907.654462,True
2.7,30,59951.931721,True
0.0,30,60000.157905,False
0.0,30,60058.036995,False
0.0,30,60104.539716,False
1.4,30,60149.686999,True
2.9,30,60196.400286,True
0.0,30,60238.865121,False
1.5,30,60293.685308,True
0.0,30,60337.358626,False
2.6,30,60394.700429,False
0.0,30,60444.623945,False
2.6,30,60495.425038,True
0.0,30,60542.022164,False
2.8,30,60591.759605,True
3.0,30,60642.736139,True
0.0,30,60692.128215,False
0.9,30,60739.189682,True
2.6,30,60791.032474,True
2.2,30,60836.88976,True
0.0,30,60883.530414,False
1.6,30,60928.347546,True
0.0,30,60975.14182,False
2.5,30,61016.908351,True
2.7,30,61064.897076,True
0.0,30,61111.836371,False
0.0,30,61170.273716,False
0.0,30,61473.115537,False
0.0,30,61515.071623,False
2.8,30,61565.262072,True
2.9,30,61607.348381,True
0.0,30,61649.302498,False
2.7,30,61688.555331,True
2.6,30,61729.694414,True
1.5,30,61769.570991,True
2.7,30,61816.301831,True
0.0,30,61859.409607,False
0.0,30,61905.015419,False
2.4,30,61948.508621,True
2.4,30,61997.772586,True
0.2,30,62051.545676,False
2.8,30,62098.88727,True
2.2,30,62145.541734,True
2.8,30,62195.954218,True
3.0,30,62246.314266,True
0.0,30,62297.093292,False
0.0,30,62361.728165,False
2.0,30,62408.040047,True
0.0,30,62455.617664,False
2.5,30,62503.959513,True
0.0,30,62550.588466,False
2.4,30,62614.148017,True
0.0,30,62665.582326,False
0.0,30,62710.120495,False
0.0,30,62756.18352,False
2.3,30,62800.241139,True
0.0,30,62848.701942,False
2.7,30,62897.43344,True
2.9,30,62944.164918,True
0.0,30,62991.61747,False
0.0,30,63044.234465,False
2.5,30,63368.662726,True
2.3,30,63417.901181,True
2.4,30,63472.690669,True
0.0,30,63516.983216,False
0.0,30,63562.003339,False
2.7,30,63604.995213,True
0.0,30,63658.209504,False
2.3,30,63705.171695,True
2.6,30,63750.666439,True
3.0,30,63799.910065,True
2.5,30,63842.784267,True
0.0,30,63889.077504,False
2.4,30,63935.911741,True
0.0,30,63983.189181,False
0.0,30,64028.270861,False
0.0,30,64086.431625,False
2.9,30,64135.78064,True
0.0,30,64182.187521,False
0.0,30,64226.078181,False
2.7,30,64269.327435,True
0.0,30,64311.264518,False
0.0,30,64361.795204,False
2.8,30,64407.082221,True
2.8,30,64459.872995,True
0.0,30,64510.440956,False
2.6,30,64555.513383,True
2.3,30,64604.961159,True
0.0,30,64653.524748,False
0.0,30,64696.519555,False
0.0,30,64758.779428,False
0.0,30,64811.348,False
0.0,30,64850.4655,False
2.8,30,64898.24822,True
2.6,30,64949.20214,True
0.0,30,65004.527028,False
2.7,30,65302.279887,True
1.8,30,65346.644008,True
2.7,30,65392.180813,True
3.0,30,65441.77001,True
0.0,30,65489.690828,False
0.0,30,65533.661407,False
0.0,30,65583.254599,False
0.0,30,65632.326737,False
2.8,30,65676.262888,True
0.0,30,65723.343227,False
0.0,30,65768.231289,False
2.5,30,65814.660012,True
2.8,30,65868.026702,True
2.6,30,65918.449627,True
0.0,30,65968.867344,False
0.0,30,66021.280049,False
0.0,30,66067.038583,False
0.0,30,66109.714517,False
0.0,30,66158.091476,False
2.2,30,66197.520332,True
2.1,30,66245.980464,True
0.0,30,66322.891667,False
0.0,30,66407.394368,False
0.0,30,66461.242491,False
0.0,30,66523.420528,False
0.0,30,66572.156345,False
0.0,30,66613.872228,False
0.0,30,66659.799095,False
0.0,30,66708.499603,False
1.0,30,66764.86047,True
0.0,30,66810.835057,False
0.0,30,66862.152874,False
0.0,30,66913.477641,False
2.5,30,66958.330048,True
2.5,30,67253.257822,True
2.3,30,67301.689116,True
0.0,30,67349.935917,False
0.0,30,67397.877681,False
0.0,30,67440.802706,False
1.6,30,67498.329884,True
2.7,30,67540.582168,True
1.3,30,67585.523301,True
0.5,30,67631.044369,False
0.0,30,67676.457217,False
0.0,30,67721.924803,False
2.7,30,67769.045413,True
3.0,30,67818.973183,True
0.0,30,67864.368281,False
0.0,30,67923.522099,False
0.0,30,67969.224122,False
0.0,30,68017.941555,False
0.0,30,68065.514434,False
2.0,30,68110.862803,True
2.0,30,68154.2429,True
2.9,30,68205.474846,True
2.9,30,68251.309521,True
0.0,30,68295.431659,False
2.0,30,68347.149873,True
0.0,30,68395.356376,False
2.8,30,68439.734665,True
0.0,30,68483.409375,False
2.7,30,68524.810513,True
0.0,30,68565.205284,False
0.0,30,68612.706556,False
0.0,30,68661.242893,False
0.0,30,68707.826284,False
0.0,30,68755.2639,False
2.9,30,68800.853446,True
0.0,30,69129.517704,False
2.2,30,69177.30098,True
1.9,30,69223.026867,True
0.0,30,69270.816724,False
2.8,30,69318.112642,True
0.0,30,69364.824667,False
0.0,30,69411.932634,False
2.7,30,69463.109482,True
0.0,30,69509.188457,False
2.7,30,69551.926574,True
0.0,30,69602.787716,False
1.0,30,69650.214872,False
0.0,30,69696.633038,False
0.0,30,69747.881183,False
2.6,30,69797.549532,True
2.8,30,69841.691037,True
1.9,30,69887.966793,True
2.5,30,69936.354124,True
0.0,30,69981.91439,False
0.0,30,70030.683899,False
2.0,30,70084.443447,True
0.0,30,70129.775444,False
2.5,30,70172.685424,True
0.0,30,70221.827636,False
2.7,30,70269.735007,True
0.0,30,70315.319971,False
0.0,30,70365.328971,False
0.0,30,70420.69943,False
2.8,30,70473.465044,True
2.6,30,70523.524595,True
2.2,30,70568.753388,True
2.0,30,70615.146131,True
0.0,30,70659.659885,False
2.1,30,70712.715636,True
0.0,30,71026.935977,False
0.0,30,71071.243886,False
2.9,30,71126.016021,True
2.8,30,71168.302874,True
2.6,30,71214.952296,True
2.9,30,71268.423965,True
0.0,30,71316.485529,False
0.0,30,71363.322581,False
2.6,30,71408.787465,True
2.0,30,71457.739739,True
0.0,30,71509.793179,False
2.8,30,71553.443021,True
0.0,30,71599.467331,False
2.6,30,71645.662067,True
2.5,30,71697.982752,True
3.0,30,71744.424626,True
2.8,30,71785.291613,True
2.8,30,71832.193725,True
0.0,30,71875.661139,False
2.9,30,71925.856568,True
1.5,30,71973.085675,True
0.0,30,72021.091354,False
2.4,30,72077.041443,True
3.0,30,72128.045237,True
2.8,30,72175.264017,True
0.0,30,72224.318243,False
0.0,30,72292.745488,False
2.6,30,72342.21716,True
2.4,30,72386.147793,True
0.0,30,72437.082116,False
2.9,30,72485.328186,True
2.8,30,72533.713765,True
0.0,30,72584.473059,False
2.0,30,72630.316635,True
2.9,30,72969.06695,True
2.4,30,73017.61033,True
2.8,30,73077.42787,True
2.7,30,73123.841506,True
0.0,30,73171.282255,False
2.5,30,73220.499659,True
2.5,30,73268.747619,True
0.0,30,73318.350188,False
2.4,30,73369.105246,True
0.0,30,73413.784439,False
0.0,30,73461.330835,False
0.0,30,73523.186237,False
1.9,30,73570.022616,True
1.5,30,73626.657407,False
2.9,30,73678.60359,True
0.0,30,73728.621488,False
0.0,30,73777.110821,False
2.6,30,73820.34302,True
0.3,30,73870.032652,False
0.0,30,73918.237207,False
0.9,30,73966.039752,False
0.0,30,74009.431718,False
3.0,30,74069.044679,True
0.4,30,74108.207561,False
0.0,30,74152.813894,False
0.0,30,74200.154273,False
0.0,30,74246.325876,False
0.3,30,74291.396912,False
2.3,30,74338.037312,True
1.0,30,74386.723374,True
0.0,30,74430.983509,False
0.0,30,74480.376767,False
0.0,30,74527.56809,False
2.1,30,74595.176413,True
2.9,30,74923.33794,True
2.2,30,74974.457727,True
2.5,30,75024.251215,True
2.5,30,75073.642455,True
0.1,30,75122.502417,False
0.0,30,75170.354638,False
0.0,30,75213.143059,False
2.8,30,75289.420581,True
0.0,30,75337.426075,False
0.0,30,75383.538362,False
0.0,30,75429.508332,False
0.0,30,75481.160369,False
0.0,30,75530.438384,False
0.0,30,75572.684623,False
0.0,30,75619.513367,False
0.2,30,75664.087145,False
0.0,30,75716.620266,False
0.0,30,75762.774017,False
0.0,30,75816.873451,False
0.0,30,75863.329928,False
0.0,30,75912.890296,False
0.5,30,75960.640726,True
0.0,30,76007.505525,False
0.0,30,76059.132747,False
0.4,30,76105.943393,True
0.0,30,76156.313446,False
2.3,30,76200.947455,True
0.0,30,76244.806585,False
0.0,30,76290.216566,False
2.0,30,76336.648309,True
0.0,30,76387.785502,False
2.7,30,76431.630958,True
3.0,30,76478.111582,True
1.6,30,76526.407955,True
2.7,30,76882.066705,True
0.0,30,76933.325883,False
2.5,30,76985.481826,True
0.0,30,77032.13502,False
2.3,30,77081.585571,True
0.0,30,77129.011366,False
0.9,30,77179.018663,False
0.0,30,77223.471181,False
2.7,30,77270.558342,True
0.0,30,77320.235045,False
2.1,30,77376.130543,True
0.0,30,77430.229812,False
2.7,30,77478.827546,True
0.0,30,77528.18657,False
2.3,30,77578.4242,True
3.0,30,77631.695079,True
2.8,30,77677.330071,True
2.8,30,77721.572437,True
0.0,30,77768.253214,False
2.4,30,77812.513548,True
0.0,30,77861.203103,False
2.8,30,77903.659763,True
3.0,30,77965.134394,True
0.0,30,78016.612576,False
3.0,30,78068.308363,True
2.6,30,78114.756496,True
0.0,30,78160.891538,False
1.1,30,78213.86897,True
1.1,30,78263.749178,False
1.2,30,78311.908145,True
2.7,30,78361.312465,True
0.0,30,78420.267276,False
0.0,30,78470.813829,False
1.1,30,78510.662718,False
2.7,30,78842.203006,True
0.0,30,78887.788343,False
0.0,30,78933.480484,False
0.0,30,78975.499933,False
0.0,30,79020.457444,False
3.0,30,79065.983658,True
0.0,30,79111.459687,False
1.0,30,79164.605762,True
2.7,30,79210.604841,True
0.0,30,79273.657386,False
0.0,30,79323.855191,False
0.0,30,79368.830653,False
0.0,30,79410.260922,False
2.4,30,79457.379409,True
0.0,30,79512.974867,False
1.0,30,79567.008673,True
2.5,30,79615.890845,True
0.0,30,79661.157406,False
2.4,30,79703.928145,True
1.9,30,79750.690764,True
2.8,30,79800.693297,True
0.0,30,79846.31369,False
0.0,30,79891.674867,False
2.4,30,79938.446359,True
0.0,30,79985.203489,False
0.0,30,80027.319898,False
2.7,30,80079.713953,True
0.0,30,80121.146792,False
0.0,30,80180.766376,False
0.7,30,80230.009093,True
2.2,30,80275.424359,True
2.4,30,80324.122761,True
0.0,30,80367.926954,False
2.4,30,80410.761132,True
0.0,30,80457.317938,False
0.0,30,80803.15391,False
2.0,30,80845.154249,True
0.0,30,80894.3486,False
0.0,30,80949.233282,False
0.0,30,80999.798517,False
1.4,30,81043.283196,True
1.9,30,81089.979553,True
2.9,30,81136.43382,True
2.5,30,81186.463785,True
0.0,30,81231.176085,False
2.8,30,81278.820658,True
2.4,30,81322.939846,True
3.0,30,81372.346678,True
2.9,30,81415.092658,True
2.6,30,81466.228287,True
2.8,30,81516.917297,True
2.5,30,81565.393119,True
2.7,30,81613.670896,True
2.6,30,81653.868626,True
0.0,30,81700.425953,False
2.7,30,81750.297195,True
0.0,30,81800.834548,False
0.0,30,81847.255558,False
0.0,30,81894.418905,False
0.0,30,81935.955173,False
0.0,30,81980.728276,False
0.0,30,82027.416471,False
0.0,30,82076.347726,False
0.0,30,82123.347131,False
0.0,30,82171.845667,False
0.0,30,82212.467915,False
0.0,30,82268.007184,False
0.0,30,82314.74303,False
0.0,30,82359.746339,False
2.3,30,82685.678248,True
2.5,30,82733.915935,True
1.7,30,82781.626848,True
1.6,30,82827.491638,True
0.0,30,82878.787782,False
2.4,30,82929.213403,True
0.0,30,82970.939564,False
0.0,30,83011.824423,False
0.9,30,83053.775078,True
2.4,30,83106.134457,True
0.0,30,83155.414214,False
0.0,30,83200.2631,False
1.7,30,83243.935457,True
0.0,30,83290.292901,False
0.0,30,83338.909075,False
0.0,30,83381.247134,False
2.5,30,83423.689236,True
0.0,30,83472.522705,False
0.0,30,83525.484418,False
1.9,30,83576.067359,True
0.0,30,83627.562032,False
2.4,30,83674.870061,True
0.0,30,83723.509214,False
0.0,30,83770.075461,False
2.9,30,83815.841404,True
3.0,30,83864.204044,True
0.0,30,83913.196992,False
0.0,30,83961.451122,False
0.0,30,84007.377483,False
2.4,30,84052.771734,True
0.0,30,84100.282808,False
2.3,30,84144.615952,True
1.1,30,84194.023705,True
0.0,30,84243.17555,False
2.3,30,84559.000049,True
0.0,30,84601.402152,False
0.2,30,84646.281669,True
0.0,30,84707.390942,False
0.0,30,84752.349318,False
0.0,30,84800.320302,False
0.0,30,84844.48633,False
0.0,30,84900.924871,False
3.0,30,84952.130963,True
0.0,30,85000.863808,False
0.0,30,85058.633602,False
1.4,30,85106.038699,True
0.0,30,85152.472854,False
2.8,30,85201.046264,True
1.9,30,85242.168515,True
2.2,30,85288.379486,True
2.9,30,85333.916683,True
0.0,30,85380.458426,False
0.0,30,85441.247845,False
2.7,30,85487.153971,True
3.0,30,85532.082176,True
0.0,30,85577.534182,False
2.2,30,85625.192028,True
0.0,30,85680.088133,False
0.0,30,85725.824536,False
0.0,30,85768.069309,False
0.0,30,85813.016891,False
1.1,30,85859.097334,True
2.8,30,85902.121474,True
0.0,30,85947.466761,False
2.7,30,85993.131751,True
0.6,30,86041.12446,False
0.0,30,86085.201218,False
2.0,30,86131.991423,True
0.0,30,86489.188246,False
0.0,30,86533.440143,False
1.1,30,86580.795839,True
3.0,30,86636.055895,True
0.0,30,86690.695733,False
3.0,30,86738.942055,True
2.8,30,86789.568731,True
2.8,30,86839.464336,True
2.3,30,86891.17809,True
0.0,30,86940.276977,False
0.0,30,86986.420888,False
0.0,30,87035.628134,False
2.7,30,87081.120189,True
0.0,30,87125.469841,False
2.6,30,87174.839174,True
2.9,30,87226.82249,True
0.0,30,87282.185767,False
0.0,30,87325.246326,False
0.0,30,87370.722791,False
0.0,30,87414.721582,False
0.0,30,87459.260967,False
0.0,30,87502.987373,False
2.1,30,87555.575498,True
2.2,30,87599.897383,True
3.0,30,87644.220087,True
2.3,30,87698.50511,True
2.3,30,87753.592411,True
0.0,30,87802.808927,False
2.0,30,87850.083004,True
2.9,30,87894.888549,True
1.4,30,87941.417303,True
0.0,30,87990.549406,False
2.6,30,88037.819394,True
2.2,30,88083.578937,True
3.0,30,88373.885201,True
2.6,30,88416.879503,True
2.8,30,88461.286236,True
0.0,30,88505.485976,False
2.8,30,88548.016409,True
0.0,30,88591.174753,False
0.0,30,88640.558106,False
0.0,30,88696.77859,False
0.0,30,88744.728792,False
0.0,30,88792.138004,False
0.0,30,88839.231119,False
2.8,30,88895.283355,True
0.0,30,88938.568538,False
2.7,30,88989.661541,True
2.8,30,89039.471261,True
1.7,30,89102.134039,True
0.0,30,89153.212248,False
0.0,30,89192.659108,False
2.5,30,89241.375482,True
2.7,30,89298.60417,True
0.0,30,89349.349046,False
0.0,30,89405.127524,False
2.5,30,89458.286457,True
0.0,30,89505.619588,False
2.8,30,89552.435345,True
0.0,30,89601.158465,False
0.0,30,89646.252924,False
2.7,30,89690.136019,True
0.9,30,89737.126464,True
0.0,30,89789.368731,False
2.6,30,89838.47693,True
2.8,30,89883.063177,True
2.8,30,89934.62776,True
2.0,30,89978.281334,True
0.0,30,90295.17602,False
0.0,30,90340.593693,False
1.9,30,90381.498151,True
2.8,30,90424.392176,True
0.1,30,90474.86742,False
0.0,30,90523.516388,False
1.9,30,90568.418337,True
2.8,30,90613.642378,True
0.0,30,90662.862221,False
0.0,30,90710.28133,False
2.7,30,90759.035416,True
2.1,30,90812.129109,True
0.0,30,90863.188713,False
0.0,30,90907.420625,False
0.0,30,90952.265093,False
2.5,30,91000.028893,True
2.5,30,91046.650434,True
0.0,30,91099.411293,False
0.0,30,91141.993465,False
0.0,30,91186.017385,False
2.4,30,91235.837546,True
2.3,30,91283.74492,False
0.0,30,91330.044108,False
0.0,30,91368.891426,False
0.0,30,91415.835975,False
0.0,30,91464.503879,False
1.1,30,91511.1876,False
0.0,30,91554.969955,False
2.8,30,91599.20386,True
0.0,30,91641.261528,False
0.0,30,91684.858571,False
0.4,30,91731.377506,True
0.0,30,91778.181511,False
2.9,30,91825.914861,True
0.3,30,92169.888363,False
0.0,30,92211.400721,False
0.0,30,92252.368676,False
3.0,30,92300.074494,True
2.9,30,92352.042742,True
1.5,30,92408.672565,True
2.8,30,92455.430798,True
0.0,30,92500.691434,False
2.6,30,92545.346662,True
1.0,30,92594.256871,False
3.0,30,92638.746572,True
0.5,30,92682.319554,False
0.0,30,92726.079594,False
0.3,30,92772.292005,True
0.0,30,92817.930981,False
0.0,30,92864.301278,False
0.0,30,92914.248601,False
2.7,30,92960.695781,True
2.6,30,93008.87481,True
0.5,30,93050.242964,True
0.0,30,93113.14839,False
0.0,30,93165.164755,False
2.3,30,93213.915449,True
0.0,30,93255.534948,False
0.0,30,93302.143708,False
2.8,30,93346.373785,True
2.7,30,93394.649897,True
0.0,30,93434.005406,False
0.0,30,93481.564569,False
0.0,30,93529.872595,False
0.0,30,93582.879625,False
0.0,30,93627.562376,False
2.6,30,93667.588542,True
0.0,30,93712.912963,False
0.0,30,93764.635752,False
2.7,30,94107.235854,True
0.0,30,94160.90016,False
0.0,30,94212.990071,False
0.0,30,94259.841721,False
0.1,30,94316.785655,True
0.0,30,94355.460767,False
1.0,30,94410.566222,True
0.0,30,94458.111614,False
1.4,30,94506.04572,True
0.0,30,94552.619678,False
0.0,30,94602.316638,False
2.7,30,94656.079831,True
0.0,30,94702.498884,False
0.0,30,94750.118598,False
0.0,30,94801.828423,False
0.0,30,94857.125147,False
0.0,30,94903.284406,False
2.7,30,94952.728223,True
0.0,30,95003.338102,False
0.0,30,95054.99855,False
2.8,30,95098.622083,True
1.9,30,95154.85589,True
2.7,30,95200.958241,True
0.0,30,95246.163747,False
2.3,30,95290.380713,True
0.0,30,95342.927077,False
0.0,30,95385.818754,False
0.0,30,95434.026011,False
2.7,30,95480.583953,True
0.0,30,95530.285511,False
2.6,30,95571.723454,True
0.0,30,95617.846812,False
1.1,30,95672.310245,True
2.9,30,95720.385652,True
0.0,30,96048.044963,False
2.8,30,96099.836391,True
2.5,30,96144.618882,True
0.0,30,96194.626302,False
2.9,30,96242.570389,True
0.0,30,96285.698987,False
0.1,30,96333.605671,False
0.0,30,96379.506142,False
3.0,30,96427.561317,True
2.9,30,96473.676254,True
0.0,30,96518.556159,False
0.0,30,96562.144971,False
0.0,30,96605.061158,False
0.0,30,96650.28748,False
0.0,30,96699.778962,False
2.5,30,96746.60054,True
0.0,30,96804.747657,False
0.3,30,96854.831809,True
0.0,30,96902.332957,False
0.0,30,96943.757101,False
0.0,30,96988.451544,False
0.0,30,97035.02667,False
2.9,30,97081.363072,True
2.5,30,97130.000165,True
0.0,30,97176.539115,False
0.0,30,97225.675619,False
2.0,30,97273.646806,True
2.3,30,97319.806547,True
2.1,30,97365.908992,True
2.6,30,97435.667279,True
0.0,30,97482.489253,False
2.8,30,97533.43327,True
0.0,30,97581.800733,False
0.0,30,97628.894577,False
2.7,30,97959.847316,True
0.0,30,98002.353159,False
0.0,30,98047.067959,False
0.0,30,98092.840271,False
0.0,30,98139.535882,False
1.9,30,98188.613461,True
2.4,30,98236.253329,True
0.0,30,98281.996203,False
2.3,30,98324.885055,True
0.0,30,98371.160324,False
0.0,30,98419.892389,False
0.1,30,98467.678541,False
2.7,30,98521.289439,True
3.0,30,98571.540297,True
0.0,30,98615.321716,False
2.7,30,98659.652237,True
2.6,30,98709.756353,True
2.6,30,98755.336128,True
0.0,30,98800.077817,False
0.0,30,98844.130633,False
0.0,30,98888.932039,False
2.7,30,98946.143277,True
0.0,30,99018.535109,False
2.9,30,99066.86671,True
2.8,30,99120.771797,True
3.0,30,99168.177085,True
0.0,30,99221.178095,False
2.6,30,99270.683492,True
2.8,30,99323.483313,True
0.0,30,99369.903993,False
2.1,30,99419.313095,True
0.0,30,99469.846632,False
0.0,30,99530.199637,False
0.0,30,99574.65337,False
0.0,30,99923.550709,False
2.5,30,99972.041099,True
0.0,30,100019.515399,False
0.0,30,100070.41994,False
0.0,30,100110.070906,False
2.9,30,100161.085198,True
2.1,30,100208.314387,True
0.0,30,100253.965564,False
2.7,30,100299.490399,True
0.0,30,100350.060081,False
0.0,30,100396.872112,False
2.3,30,100442.317132,True
2.2,30,100491.888535,True
0.0,30,100544.307614,False
2.3,30,100586.432521,True
0.0,30,100630.983749,False
2.1,30,100681.556515,True
2.8,30,100727.213881,True
0.0,30,100783.522519,False
0.0,30,100842.552999,False
2.6,30,100894.275874,False
2.2,30,100945.374327,True
0.0,30,100992.261609,False
1.2,30,101037.955324,True
2.7,30,101084.11706,True
0.0,30,101130.093819,False
2.6,30,101178.783726,True
0.0,30,101230.249254,False
0.0,30,101276.671909,False
0.0,30,101326.854575,False
1.8,30,101379.095501,True
0.0,30,101424.551347,False
2.8,30,101473.832346,True
3.0,30,101529.753434,True
0.0,30,101865.317315,False
3.0,30,101916.37675,True
2.3,30,101960.221721,True
0.0,30,102012.668185,False
0.0,30,102058.509376,False
2.6,30,102115.6339,True
2.6,30,102157.201538,True
0.0,30,102210.11939,False
0.0,30,102253.876927,False
0.0,30,102299.687776,False
2.6,30,102349.089818,True
0.0,30,102392.075637,False
0.0,30,102440.142096,False
0.0,30,102486.907593,False
0.0,30,102536.407232,False
2.6,30,102581.068133,True
2.1,30,102630.978351,True
3.0,30,102675.40434,True
0.0,30,102729.350965,False
2.3,30,102777.311529,True
0.0,30,102822.701173,False
0.0,30,102870.526488,False
0.0,30,102917.940551,False
2.7,30,102972.256441,True
0.0,30,103023.397095,False
2.9,30,103070.876101,True
2.2,30,103122.460284,True
3.0,30,103170.44182,True
0.0,30,103211.616287,False
0.0,30,103266.166402,False
1.7,30,103305.172943,True
0.0,30,103349.05551,False
0.0,30,103401.078662,False
0.0,30,103442.757606,False
2.8,30,103796.55905,True
0.0,30,103839.328297,False
0.8,30,103888.796809,False
0.0,30,103934.321176,False
0.0,30,103981.372143,False
2.9,30,104030.923343,True
2.6,30,104073.914137,True
2.6,30,104122.799857,True
0.0,30,104172.826531,False
2.9,30,104220.633244,True
2.9,30,104266.403332,True
0.0,30,104331.652439,False
0.0,30,104378.62443,False
0.0,30,104424.061335,False
2.4,30,104470.801196,True
2.6,30,104517.929823,True
3.0,30,104567.1513,True
0.0,30,104613.626704,False
0.0,30,104659.483245,False
0.0,30,104708.90994,False
0.0,30,104758.473415,False
2.2,30,104808.730619,True
2.1,30,104855.201142,True
0.0,30,104901.379494,False
2.7,30,104953.438836,True
1.2,30,105000.389567,False
2.4,30,105053.752606,True
0.0,30,105099.881183,False
2.9,30,105147.804562,True
0.0,30,105199.98473,False
2.4,30,105250.306423,True
2.5,30,105296.678691,True
2.1,30,105338.891406,True
2.6,30,105387.959089,True
0.0,30,105715.079734,False
0.0,30,105770.120897,False
0.0,30,105817.155424,False
0.0,30,105863.725209,False
0.0,30,105911.718894,False
0.0,30,105961.456982,False
0.0,30,106007.586545,False
0.0,30,106053.601208,False
2.6,30,106101.302699,True
2.5,30,106150.813643,True
0.0,30,106192.337707,False
1.8,30,106237.457483,True
0.0,30,106286.97316,False
2.6,30,106328.305228,True
3.0,30,106374.389452,True
2.2,30,106420.329386,True
0.0,30,106464.996416,False
2.2,30,106513.676985,True
2.2,30,106559.043175,True
2.7,30,106609.03572,True
0.0,30,106652.800446,False
0.0,30,106715.429914,False
3.0,30,106758.183378,True
0.0,30,106805.702149,False
0.0,30,106852.26934,False
2.3,30,106900.821184,True
0.0,30,106946.734843,False
0.0,30,106995.426417,False
0.0,30,107046.024466,False
0.0,30,107090.783491,False
0.0,30,107136.237901,False
2.9,30,107187.662705,True
2.9,30,107233.581398,True
2.6,30,107274.620423,True
0.0,30,107578.662457,False
2.1,30,107625.112358,True
2.5,30,107675.425373,True
0.0,30,107726.097295,False
2.5,30,107769.315399,True
0.0,30,107814.669696,False
3.0,30,107867.165118,True
0.0,30,107915.128695,False
2.9,30,107958.279077,True
0.0,30,108004.900088,False
2.5,30,108051.981797,True
0.0,30,108098.746678,False
2.8,30,108145.364034,True
2.7,30,108188.135952,True
2.0,30,108232.201211,True
2.6,30,108279.684988,True
2.7,30,108326.105149,True
0.0,30,108373.836047,False
2.5,30,108422.354933,True
0.0,30,108465.547209,False
0.0,30,108517.401484,False
2.1,30,108562.053131,True
2.6,30,108608.794345,True
0.0,30,108653.323599,False
0.0,30,108701.113828,False
2.9,30,108745.732682,True
2.8,30,108795.433188,True
2.4,30,108842.35259,True
2.8,30,108897.910141,True
0.0,30,108948.572916,False
2.7,30,108996.757174,True
1.3,30,109038.082283,False
2.9,30,109080.220147,True
2.3,30,109128.239583,True
0.0,30,109176.195431,False
0.0,30,109494.930768,False
2.0,30,109542.590868,True
0.0,30,109583.65272,False
0.0,30,109636.25377,False
0.0,30,109683.060324,False
3.0,30,109734.521786,True
0.0,30,109785.866027,False
0.0,30,109843.725484,False
0.0,30,109890.978381,False
0.0,30,109941.90148,False
2.5,30,109990.417864,True
0.0,30,110042.304724,False
0.0,30,110087.441289,False
2.3,30,110131.547117,True
3.0,30,110188.840058,True
0.0,30,110236.980124,False
2.5,30,110282.286295,True
2.6,30,110329.221648,True
3.0,30,110374.657986,True
0.0,30,110420.325397,False
3.0,30,110467.749655,True
0.0,30,110508.074976,False
0.0,30,110551.682605,False
2.9,30,110600.806134,True
0.0,30,110644.230892,False
1.9,30,110690.918254,True
2.6,30,110745.003557,True
2.5,30,110794.304505,True
0.0,30,110842.469565,False
0.0,30,110891.970884,False
0.0,30,110936.687999,False
2.7,30,110994.476908,True
1.9,30,111042.309657,True
2.6,30,111092.216741,True
2.1,30,111438.670163,True
0.0,30,111489.325709,False
0.0,30,111534.474217,False
0.0,30,111578.416808,False
0.0,30,111623.204114,False
0.0,30,111665.837962,False
0.0,30,111709.094477,False
0.0,30,111756.701842,False
0.0,30,111802.170957,False
0.0,30,111842.386786,False
0.0,30,111892.561865,False
0.0,30,111937.561071,False
0.0,30,111983.732278,False
0.0,30,112029.102391,False
0.0,30,112073.709429,False
0.0,30,112127.110317,False
2.7,30,112170.766857,True
0.0,30,112220.239687,False
0.0,30,112266.504524,False
2.8,30,112308.287515,True
0.0,30,112355.394519,False
0.0,30,112400.117126,False
2.9,30,112447.870824,True
0.0,30,112491.653607,False
0.0,30,112537.257113,False
2.8,30,112587.676848,True
0.0,30,112634.189306,False
2.8,30,112683.221209,True
1.0,30,112732.985903,True
0.0,30,112781.227379,False
0.0,30,112823.114355,False
2.4,30,112863.835008,True
0.0,30,112909.653365,False
2.8,30,112956.750058,True
2.3,30,113294.657847,True
0.0,30,113341.485777,False
2.8,30,113390.869396,True
2.6,30,113438.248431,True
0.0,30,113486.606038,False
2.4,30,113530.420605,True
0.0,30,113580.945196,False
2.8,30,113626.428181,True
0.0,30,113674.761691,False
0.0,30,113720.675749,False
0.0,30,113771.179727,False
2.4,30,113822.476248,True
0.0,30,113866.938655,False
2.9,30,113916.186728,True
0.0,30,113967.092138,False
2.5,30,114019.472013,True
3.0,30,114069.475008,True
2.7,30,114117.058836,True
2.9,30,114160.892145,True
1.2,30,114206.794678,False
0.0,30,114262.096346,False
2.5,30,114309.359973,True
0.0,30,114360.276146,False
0.0,30,114407.460966,False
0.0,30,114455.9215,False
0.0,30,114502.507849,False
2.4,30,114550.405962,True
0.0,30,114599.671179,False
0.0,30,114649.324481,False
0.0,30,114704.734798,False
2.4,30,114753.012129,True
0.0,30,114808.102791,False
2.8,30,114858.032453,True
2.7,30,114907.712592,True
0.0,30,115218.651016,False
2.8,30,115269.82855,True
2.5,30,115315.189193,True
0.0,30,115358.684232,False
0.0,30,115408.221309,False
0.0,30,115454.905954,False
0.0,30,115503.562298,False
0.0,30,115548.447222,False
0.0,30,115596.836177,False
0.0,30,115645.072128,False
2.6,30,115691.895555,True
0.0,30,115741.834803,False
0.0,30,115787.972388,False
0.0,30,115837.071178,False
2.5,30,115885.409912,True
3.0,30,115929.656208,True
2.7,30,115988.325993,True
0.0,30,116037.343202,False
2.4,30,116088.513885,True
2.6,30,116134.287421,True
2.8,30,116181.13055,True
0.0,30,116233.289181,False
2.6,30,116276.560344,True
0.0,30,116324.909227,False
0.0,30,116370.628107,False
2.3,30,116418.356641,True
2.1,30,116466.35388,True
0.0,30,116509.533344,False
0.0,30,116554.776647,False
3.0,30,116602.59574,True
2.7,30,116652.672148,True
2.7,30,116698.947865,True
2.4,30,116749.451583,True
2.6,30,116793.168891,True
2.1,30,117125.565828,True
2.5,30,117174.430318,True
2.7,30,117221.491535,True
2.6,30,117276.435323,True
0.0,30,117324.388665,False
1.2,30,117377.332072,False
1.1,30,117423.014597,True
0.0,30,117470.28672,False
0.0,30,117521.782781,False
0.0,30,117575.426521,False
0.0,30,117650.646448,False
2.9,30,117695.791581,True
0.0,30,117763.745764,False
0.0,30,117810.571311,False
0.0,30,117858.363937,False
0.0,30,117904.331381,False
0.0,30,117950.778175,False
2.0,30,117998.040931,True
0.0,30,118047.797415,False
0.0,30,118099.599691,False
2.8,30,118154.769685,True
1.8,30,118206.940052,True
0.0,30,118254.529719,False
2.7,30,118301.326828,True
2.1,30,118354.755507,True
0.0,30,118406.928962,False
0.0,30,118451.194935,False
0.0,30,118497.225752,False
0.0,30,118553.192629,False
0.0,30,118601.115519,False
1.7,30,118646.386953,True
2.4,30,118690.872466,True
0.0,30,118736.439293,False
2.9,30,118786.592208,True
0.0,30,119144.994691,False
2.8,30,119191.342247,True
2.7,30,119238.759233,True
0.0,30,119289.348895,False
2.6,30,119336.64641,True
0.0,30,119384.623421,False
2.8,30,119429.363433,True
1.7,30,119474.241915,True
2.7,30,119522.549735,True
0.0,30,119568.395513,False
0.0,30,119608.931627,False
2.3,30,119653.665073,True
2.7,30,119701.794593,True
2.9,30,119749.885893,True
0.0,30,119798.160154,False
2.5,30,119856.853158,True
0.0,30,119908.166646,False
0.0,30,119956.234383,False
2.2,30,120003.932989,True
2.0,30,120054.163662,True
2.9,30,120101.548699,True
2.9,30,120149.998703,True
1.3,30,120195.731103,True
2.8,30,120250.261935,True
2.7,30,120296.752092,True
0.0,30,120346.72109,False
0.0,30,120393.769478,False
0.0,30,120441.789878,False
2.9,30,120483.869451,True
3.0,30,120530.021365,True
0.0,30,120578.678472,False
0.0,30,120620.303993,False
2.1,30,120667.365975,True
0.0,30,120713.29451,False
0.0,30,121051.956906,False
2.0,30,121099.409441,True
0.9,30,121147.518101,False
0.0,30,121195.106845,False
0.0,30,121241.932832,False
1.9,30,121304.474476,True
2.3,30,121351.573617,True
0.0,30,121408.689002,False
2.6,30,121455.491932,True
2.6,30,121509.221407,True
0.0,30,121559.032201,False
0.0,30,121605.633204,False
0.0,30,121653.295712,False
0.0,30,121696.100366,False
3.0,30,121741.630671,True
2.9,30,121789.408688,True
0.0,30,121839.688023,False
0.5,30,121897.548777,True
2.8,30,121948.532557,True
1.8,30,121995.700902,True
0.0,30,122048.452461,False
0.0,30,122091.380241,False
0.0,30,122139.778734,False
2.8,30,122187.314102,True
0.6,30,122239.533729,True
2.5,30,122284.478497,True
2.8,30,122330.920558,True
2.0,30,122380.961078,True
0.0,30,122428.354859,False
2.9,30,122478.903028,True
0.0,30,122538.943171,False
2.1,30,122586.403488,True
2.8,30,122629.604369,True
0.0,30,122679.831247,False
2.8,30,122723.412665,True
0.0,30,123055.672494,False
2.3,30,123104.473651,True
2.7,30,123152.301891,True
3.0,30,123200.36979,True
2.7,30,123245.342207,True
0.0,30,123289.66126,False
0.1,30,123339.585294,False
2.4,30,123388.747847,True
2.7,30,123440.373269,True
0.0,30,123491.500928,False
2.4,30,123541.825624,True
0.0,30,123588.570201,False
2.8,30,123634.133128,True
2.6,30,123681.336925,True
2.3,30,123725.62769,True
0.0,30,123769.238088,False
2.8,30,123819.148692,True
0.0,30,123865.613523,False
2.7,30,123910.432589,True
0.0,30,123955.914079,False
2.9,30,124008.989641,True
2.8,30,124057.733715,True
2.3,30,124104.047749,True
2.7,30,124153.553208,True
0.0,30,124201.734665,False
2.2,30,124250.4451,True
0.0,30,124301.321782,False
0.0,30,124349.403771,False
2.7,30,124394.714071,True
2.6,30,124444.221422,True
0.0,30,124489.464563,False
0.0,30,124540.792417,False
2.8,30,124596.5678,True
2.9,30,124644.748477,True
0.0,30,124980.273201,False
3.0,30,125022.048119,True
2.7,30,125073.797262,True
0.0,30,125127.070945,False
0.0,30,125176.754372,False
1.0,30,125223.98777,True
0.0,30,125283.761848,False
2.7,30,125328.598442,True
2.7,30,125374.432821,True
2.5,30,125421.22121,True
0.0,30,125474.848017,False
0.0,30,125523.610002,False
2.0,30,125579.153717,True
0.5,30,125628.634955,True
0.7,30,125676.024309,True
0.0,30,125731.356413,False
0.0,30,125782.650287,False
3.0,30,125831.958491,True
2.0,30,125881.882005,True
0.0,30,125931.668845,False
0.0,30,125980.296389,False
0.0,30,126023.443377,False
0.0,30,126070.538543,False
0.0,30,126116.998347,False
0.0,30,126164.511882,False
0.0,30,126214.561736,False
0.0,30,126266.002853,False
0.0,30,126313.658045,False
3.0,30,126363.499495,True
0.0,30,126417.764203,False
0.0,30,126479.978786,False
2.0,30,126543.711382,True
0.0,30,126593.019972,False
2.6,30,126636.872349,True
2.7,30,126975.833614,True
2.5,30,127023.659025,True
0.0,30,127075.196746,False
0.0,30,127120.733688,False
0.0,30,127164.342562,False
0.0,30,127210.988429,False
2.3,30,127259.196115,True
2.7,30,127307.182184,True
2.9,30,127353.328338,True
2.7,30,127404.684342,True
0.0,30,127450.576179,False
0.0,30,127496.260611,False
0.0,30,127546.709836,False
2.8,30,127597.083492,True
0.0,30,127640.601334,False
1.6,30,127684.456149,True
0.1,30,127728.233964,False
2.6,30,127769.19163,True
0.0,30,127811.137282,False
0.0,30,127873.971425,False
0.0,30,127925.676777,False
0.0,30,127970.974295,False
0.0,30,128015.786949,False
0.0,30,128066.059278,False
2.7,30,128113.939427,True
2.5,30,128155.809237,True
2.7,30,128198.08309,True
2.7,30,128244.903209,True
2.3,30,128295.307059,True
2.8,30,128343.432374,True
2.5,30,128400.654435,True
0.0,30,128450.639547,False
0.0,30,128497.78047,False
1.9,30,128553.608497,True
2.8,30,128911.431382,True
2.1,30,128957.59028,True
2.7,30,129000.945696,True
1.8,30,129042.107261,True
2.6,30,129085.620277,True
0.0,30,129129.466322,False
0.0,30,129172.583712,False
1.7,30,129223.61929,True
2.4,30,129269.471627,True
0.0,30,129317.296986,False
2.4,30,129360.277674,True
2.5,30,129412.619823,True
0.0,30,129460.315958,False
2.9,30,129507.651505,True
2.4,30,129556.571224,False
0.0,30,129603.794553,False
2.7,30,129648.978381,True
2.9,30,129701.43309,True
2.3,30,129750.091269,True
0.0,30,129801.673253,False
0.0,30,129846.863306,False
0.0,30,129898.55262,False
0.0,30,129948.343346,False
0.0,30,129993.951714,False
1.5,30,130040.797831,True
0.0,30,130091.320766,False
0.0,30,130138.276438,False
2.6,30,130178.863796,True
1.9,30,130227.22049,True
0.0,30,130277.647097,False
0.0,30,130323.079823,False
1.8,30,130372.264116,True
0.0,30,130421.238091,False
2.8,30,130471.024058,True
0.0,30,130805.144957,False
2.7,30,130852.526394,True
0.0,30,130908.860559,False
2.6,30,130961.518755,True
2.9,30,131003.523758,True
2.9,30,131049.787727,True
0.0,30,131097.501301,False
2.6,30,131146.901386,True
2.7,30,131196.479062,True
0.0,30,131249.249199,False
1.9,30,131300.902982,True
2.4,30,131345.153323,True
0.0,30,131394.205981,False
0.0,30,131439.386839,False
2.5,30,131485.830823,True
2.5,30,131533.897377,True
0.0,30,131580.192696,False
2.8,30,131624.978494,True
0.0,30,131671.236788,False
3.0,30,131718.016536,True
0.0,30,131762.264626,False
1.3,30,131820.350839,True
1.2,30,131867.791157,True
0.0,30,131910.98783,False
0.0,30,131955.496665,False
0.0,30,132005.155922,False
2.9,30,132055.455794,True
2.7,30,132109.40873,True
0.0,30,132160.113769,False
0.0,30,132204.635596,False
0.0,30,132256.488028,False
2.8,30,132298.231717,True
0.4,30,132345.791079,False
2.6,30,132393.785796,True
3.0,30,132752.180589,True
2.2,30,132794.759794,True
0.0,30,132843.066929,False
2.7,30,132892.544147,True
0.7,30,132939.536086,False
1.7,30,132994.881506,True
0.0,30,133043.907065,False
2.5,30,133091.312964,True
2.6,30,133135.899408,True
0.0,30,133178.618908,False
0.0,30,133231.736154,False
0.0,30,133277.973637,False
0.0,30,133325.329882,False
0.0,30,133366.699951,False
0.0,30,133413.098196,False
0.0,30,133457.802635,False
1.6,30,133501.418894,True
2.5,30,133558.957819,True
2.6,30,133606.493864,True
0.0,30,133657.389262,False
2.6,30,133702.435203,True
0.0,30,133751.205855,False
0.0,30,133800.912582,False
1.1,30,133847.357641,True
0.0,30,133895.260438,False
2.7,30,133946.932777,True
0.0,30,133993.047292,False
2.7,30,134040.036838,True
0.0,30,134093.672351,False
2.3,30,134143.643085,True
0.0,30,134190.054623,False
2.6,30,134237.97489,False
2.6,30,134285.11621,True
0.0,30,134344.123645,False
2.8,30,134679.377023,True
3.0,30,134726.867429,True
0.0,30,134775.181195,False
0.0,30,134819.694212,False
0.0,30,134871.112145,False
2.8,30,134923.01637,True
0.0,30,134972.561526,False
2.8,30,135018.095924,True
0.0,30,135061.922489,False
0.0,30,135108.998918,False
2.7,30,135156.153766,True
0.0,30,135205.942626,False
0.0,30,135254.402534,False
2.7,30,135303.075892,True
0.0,30,135345.687478,False
2.6,30,135395.259362,True
0.0,30,135443.246573,False
0.0,30,135488.137905,False
0.0,30,135536.73068,False
0.5,30,135584.584607,True
2.8,30,135630.638608,True
2.2,30,135680.068686,False
2.5,30,135730.077297,True
1.5,30,135780.368017,True
2.8,30,135832.66052,True
3.0,30,135888.822901,True
1.8,30,135937.91053,True
2.7,30,135984.540146,True
2.7,30,136028.605729,True
0.0,30,136073.008443,False
1.4,30,136119.386559,True
0.0,30,136165.109579,False
1.3,30,136216.60714,True
2.8,30,136265.630634,True
2.7,30,136580.005217,True
0.0,30,136629.78225,False
0.0,30,136678.006726,False
2.6,30,136724.415316,True
1.9,30,136769.81849,True
0.4,30,136818.438661,False
0.0,30,136873.989218,False
2.6,30,136915.456356,True
0.0,30,136964.299625,False
1.9,30,137006.201571,True
2.6,30,137052.420532,True
0.0,30,137106.126734,False
0.0,30,137157.758499,False
0.1,30,137205.291568,False
0.0,30,137247.949542,False
0.0,30,137297.809842,False
2.6,30,137346.079979,True
0.0,30,137393.746082,False
0.0,30,137440.533738,False
0.0,30,137487.610368,False
2.0,30,137538.4303,True
0.0,30,137590.637206,False
0.0,30,137640.183217,False
2.7,30,137692.348794,True
2.8,30,137737.897389,True
2.6,30,137783.57715,True
0.0,30,137829.946648,False
0.0,30,137878.860615,False
1.0,30,137929.051407,True
0.0,30,137985.472459,False
2.7,30,138032.521606,True
0.0,30,138076.833153,False
0.0,30,138128.36192,False
0.0,30,138181.315813,False
2.6,30,138229.169631,True
0.0,30,138579.818321,False
2.5,30,138627.391657,True
2.3,30,138677.780631,True
0.0,30,138720.678773,False
0.0,30,138773.723717,False
2.7,30,138818.845334,True
0.0,30,138867.276825,False
0.0,30,138920.466386,False
2.8,30,138967.684915,True
1.6,30,139006.218314,True
0.0,30,139052.319247,False
2.4,30,139105.622676,True
2.7,30,139156.299746,True
2.7,30,139201.432403,True
2.5,30,139250.876217,True
0.0,30,139295.513619,False
0.0,30,139341.733343,False
0.0,30,139389.87405,False
2.4,30,139433.699437,True
0.0,30,139480.444743,False
2.9,30,139528.926556,True
0.0,30,139579.220396,False
2.9,30,139640.116326,True
0.0,30,139685.18366,False
0.0,30,139730.546375,False
0.0,30,139778.527082,False
2.5,30,139826.243782,True
0.0,30,139872.61565,False
2.4,30,139919.985404,True
2.5,30,139962.499152,True
3.0,30,140004.827417,True
0.0,30,140052.52653,False
0.0,30,140096.321446,False
2.6,30,140145.530935,True
2.6,30,140484.137099,True
0.0,30,140532.133723,False
0.0,30,140583.149642,False
0.0,30,140635.700302,False
2.7,30,140687.406234,True
1.8,30,140738.044366,True
0.0,30,140792.941559,False
0.0,30,140842.730078,False
0.0,30,140891.79665,False
0.0,30,140943.482977,False
0.0,30,140988.29207,False
2.8,30,141036.902087,True
2.8,30,141082.364615,True
2.9,30,141131.141279,True
0.0,30,141183.473028,False
0.0,30,141232.293767,False
0.0,30,141278.76369,False
0.0,30,141328.961908,False
2.5,30,141377.571207,True
2.8,30,141423.227295,True
0.0,30,141468.402562,False
0.0,30,141512.918235,False
2.6,30,141557.066861,True
2.3,30,141600.315953,True
0.0,30,141644.961423,False
2.8,30,141690.916861,True
2.6,30,141738.883063,True
0.0,30,141783.497462,False
2.7,30,141832.234058,True
0.0,30,141878.037892,False
0.0,30,141924.580111,False
3.0,30,141972.473438,True
3.0,30,142016.616404,True
2.5,30,142065.0704,True
0.0,30,142465.143683,False
3.0,30,142508.225077,True
2.6,30,142553.026168,True
1.7,30,142597.895066,True
2.7,30,142646.461515,True
0.0,30,142705.434341,False
0.0,30,142750.672834,False
2.6,30,142798.572631,True
2.7,30,142852.004631,True
1.6,30,142898.295445,True
0.0,30,142949.313295,False
2.6,30,142994.963038,True
0.0,30,143036.229724,False
2.6,30,143082.659403,False
2.1,30,143129.84764,True
0.0,30,143178.309938,False
2.7,30,143227.440221,True
0.0,30,143277.41861,False
2.6,30,143324.514404,True
2.8,30,143373.458089,True
0.0,30,143425.674401,False
2.6,30,143469.439246,True
0.0,30,143529.286903,False
2.7,30,143581.880746,True
0.0,30,143628.36464,False
3.0,30,143683.061561,True
0.0,30,143734.021061,False
0.0,30,143783.920571,False
3.0,30,143834.825049,True
1.8,30,143894.674899,False
0.0,30,143938.794535,False
2.3,30,143987.214095,True
0.0,30,144031.544945,False
1.6,30,144082.385561,True
0.0,30,144424.946177,False
0.0,30,144468.418462,False
2.9,30,144519.692111,True
3.0,30,144562.720069,True
0.0,30,144610.984106,False
1.8,30,144654.957147,True
2.5,30,144701.097919,True
2.0,30,144748.446078,True
2.6,30,144798.877692,True
2.4,30,144851.913589,True
2.6,30,144897.66031,True
3.0,30,144944.433624,True
2.6,30,145003.600727,True
0.0,30,145055.280245,False
0.0,30,145100.898151,False
2.6,30,145151.027506,True
0.0,30,145202.276936,False
2.8,30,145255.91967,True
0.0,30,145307.578281,False
0.0,30,145358.739639,False
2.8,30,145408.764627,True
2.8,30,145459.233967,True
2.7,30,145511.102768,True
0.0,30,145561.544952,False
2.6,30,145607.862365,True
1.7,30,145657.408211,True
0.1,30,145707.589113,False
2.8,30,145755.34415,True
0.0,30,145800.018704,False
2.5,30,145844.328463,True
2.6,30,145890.623764,True
2.8,30,145937.767902,True
0.0,30,145988.805029,False
0.0,30,146035.227891,False
0.0,30,146364.532868,False
2.7,30,146419.47155,True
2.8,30,146468.966915,True
2.9,30,146512.76874,True
0.0,30,146560.162922,False
0.0,30,146601.877555,False
3.0,30,146643.58369,True
0.0,30,146696.620687,False
2.0,30,146744.924436,True
3.0,30,146794.895323,True
1.6,30,146842.946867,True
0.0,30,146887.300699,False
0.0,30,146929.569536,False
0.0,30,146976.413506,False
0.7,30,147026.37019,True
2.5,30,147073.45859,True
0.0,30,147124.71867,False
0.0,30,147172.803031,False
0.0,30,147221.688076,False
0.0,30,147267.157069,False
0.0,30,147314.485775,False
0.0,30,147359.698856,False
1.1,30,147402.7466,True
0.0,30,147443.167156,False
0.0,30,147482.501831,False
0.0,30,147526.160324,False
0.0,30,147570.777408,False
0.0,30,147615.250126,False
0.0,30,147676.21624,False
0.0,30,147731.722498,False
2.8,30,147778.338655,True
0.0,30,147825.028901,False
2.7,30,147871.058957,True
2.6,30,147920.783119,True
2.1,30,148247.627199,True
1.6,30,148290.376773,True
1.9,30,148334.982607,True
0.0,30,148378.99344,False
2.8,30,148427.203046,True
0.0,30,148476.153749,False
0.0,30,148523.047587,False
2.1,30,148571.310561,True
2.8,30,148619.229591,True
0.0,30,148665.368297,False
2.8,30,148714.921129,True
0.0,30,148765.863548,False
2.6,30,148812.468553,True
2.8,30,148856.706386,True
0.0,30,148903.237482,False
2.8,30,148953.394308,True
0.0,30,149006.631925,False
0.0,30,149052.811115,False
3.0,30,149098.121409,True
0.0,30,149146.566308,False
2.5,30,149194.522683,True
0.0,30,149238.261877,False
2.4,30,149285.314243,True
0.0,30,149332.31673,False
0.0,30,149376.755818,False
0.0,30,149424.994147,False
0.0,30,149472.637987,False
1.9,30,149517.823085,True
2.7,30,149572.638881,True
2.6,30,149617.111769,True
2.8,30,149667.259491,True
2.9,30,149714.192805,True
0.0,30,149757.769429,False
0.0,30,149804.426126,False
2.9,30,150135.050866,True
2.8,30,150183.513092,True
2.2,30,150226.175632,True
0.0,30,150272.693151,False
0.0,30,150319.000549,False
3.0,30,150374.126377,True
0.0,30,150419.596626,False
0.0,30,150463.794486,False
2.4,30,150511.379515,True
0.0,30,150562.417985,False
2.5,30,150608.610696,True
0.0,30,150652.613735,False
2.8,30,150694.679008,True
2.2,30,150738.185725,True
0.0,30,150786.03556,False
2.3,30,150851.650442,True
0.0,30,150895.007686,False
1.1,30,150943.419454,True
0.0,30,150990.236243,False
0.0,30,151034.546154,False
0.0,30,151079.520708,False
0.0,30,151128.674039,False
2.6,30,151172.185932,True
2.6,30,151214.143053,True
0.0,30,151261.879442,False
0.0,30,151315.163229,False
1.9,30,151364.961314,True
2.7,30,151406.239028,True
0.0,30,151453.263663,False
2.6,30,151501.454468,True
2.6,30,151544.642962,True
2.4,30,151590.059646,True
0.0,30,151637.90071,False
0.0,30,151684.36582,False
0.0,30,151730.759756,False
1.2,30,152046.750318,True
2.5,30,152109.211272,True
2.2,30,152158.138818,True
2.9,30,152208.214294,True
2.8,30,152256.153222,True
2.2,30,152304.476943,True
0.0,30,152350.593449,False
2.0,30,152397.5066,True
2.2,30,152454.273003,True
1.2,30,152501.474301,True
0.0,30,152552.811496,False
0.0,30,152599.362548,False
0.0,30,152646.672452,False
0.0,30,152695.432745,False
2.8,30,152739.124746,True
0.0,30,152786.365464,False
0.0,30,152831.486978,False
3.0,30,152883.746233,True
0.0,30,152929.614378,False
0.0,30,152975.552619,False
2.8,30,153020.173634,True
0.0,30,153059.273058,False
0.0,30,153154.551043,False
0.0,30,153203.38862,False
0.0,30,153247.030612,False
0.0,30,153293.646541,False
2.5,30,153342.485845,True
0.1,30,153389.867107,True
0.0,30,153438.068354,False
0.0,30,153494.371066,False
0.0,30,153542.752769,False
1.5,30,153595.211505,True
0.0,30,153640.134928,False
3.0,30,153683.867578,True
2.4,30,154019.039134,True
2.4,30,154066.712806,True
0.0,30,154112.018366,False
0.0,30,154153.484145,False
2.5,30,154202.304795,True
0.0,30,154258.531549,False
2.8,30,154308.75001,True
0.0,30,154355.235711,False
2.8,30,154401.740765,True
0.0,30,154454.056027,False
2.1,30,154504.923217,True
0.0,30,154549.159253,False
1.0,30,154601.216936,True
0.0,30,154650.225301,False
0.0,30,154698.819223,False
2.7,30,154741.316204,True
0.0,30,154784.929804,False
2.3,30,154830.872967,True
2.5,30,154874.003585,True
2.0,30,154916.198281,True
0.0,30,154983.665813,False
0.0,30,155030.149532,False
2.6,30,155075.839516,True
0.0,30,155123.871532,False
0.0,30,155169.888196,False
0.0,30,155215.766003,False
0.0,30,155274.016099,False
2.6,30,155322.749275,True
2.4,30,155365.827642,True
0.0,30,155407.321321,False
0.0,30,155450.848251,False
2.4,30,155494.133874,True
0.0,30,155541.258482,False
2.6,30,155589.300298,True
1.8,30,155933.857495,True
2.8,30,155977.426417,True
2.6,30,156022.898634,True
0.0,30,156066.271808,False
0.0,30,156112.767596,False
0.0,30,156165.498187,False
2.9,30,156222.17631,True
2.8,30,156282.530643,True
3.0,30,156329.800924,True
3.0,30,156379.601278,True
2.5,30,156434.906878,True
2.5,30,156478.883838,True
0.8,30,156530.972583,True
2.2,30,156579.73813,True
0.0,30,156629.98117,False
1.5,30,156680.950607,True
2.2,30,156722.279417,True
2.7,30,156769.667597,True
2.7,30,156821.916546,True
0.0,30,156865.504827,False
0.0,30,156909.890951,False
1.8,30,156958.586699,True
0.0,30,157006.469731,False
0.0,30,157054.500842,False
2.5,30,157118.160175,True
0.0,30,157164.087731,False
2.8,30,157207.952585,True
0.0,30,157254.259439,False
1.3,30,157301.0005,True
0.0,30,157350.943132,False
2.7,30,157399.175446,True
0.0,30,157447.07801,False
2.7,30,157494.288377,True
0.0,30,157538.747262,False
0.0,30,157903.994305,False
0.0,30,157952.715398,False
2.6,30,157999.600731,True
0.0,30,158060.738677,False
0.0,30,158104.990125,False
2.7,30,158148.75168,True
2.6,30,158197.829506,True
2.7,30,158247.760796,True
0.0,30,158295.034294,False
1.0,30,158342.639413,True
3.0,30,158396.449167,True
2.5,30,158440.903217,True
0.0,30,158483.75672,False
2.0,30,158529.097213,True
2.8,30,158574.644987,True
2.6,30,158615.157403,True
2.0,30,158663.149351,True
0.0,30,158711.240022,False
2.0,30,158764.673783,True
0.0,30,158817.918795,False
2.1,30,158863.325125,True
1.5,30,158909.368095,True
1.9,30,158956.516061,True
2.8,30,159005.600776,True
0.0,30,159051.588849,False
2.6,30,159101.979001,True
2.5,30,159149.429386,True
2.7,30,159190.002172,True
0.0,30,159239.095994,False
0.0,30,159288.87792,False
2.6,30,159332.386014,True
0.0,30,159380.153995,False
2.9,30,159428.537698,True
2.9,30,159473.737084,False
0.0,30,159825.927933,False
1.7,30,159869.663703,True
0.0,30,159918.453194,False
2.8,30,159980.288488,True
2.8,30,160041.35366,True
2.4,30,160090.825484,True
0.0,30,160136.029467,False
0.0,30,160182.407001,False
1.8,30,160230.493915,True
0.0,30,160282.118608,False
2.6,30,160325.615171,True
1.2,30,160369.520693,True
2.9,30,160419.137024,True
0.0,30,160467.690844,False
0.0,30,160515.591573,False
2.4,30,160557.088977,True
0.0,30,160605.141689,False
2.7,30,160652.362761,True
1.8,30,160699.488236,True
3.0,30,160754.612345,True
0.0,30,160803.998227,False
2.8,30,160853.610105,True
0.0,30,160900.547695,False
0.0,30,160948.810018,False
2.7,30,160993.280791,True
0.0,30,161040.022858,False
0.0,30,161099.962718,False
2.8,30,161143.134017,True
0.0,30,161191.819114,False
2.9,30,161238.425577,True
2.2,30,161296.525783,True
2.8,30,161338.432885,True
0.0,30,161378.817562,False
2.8,30,161451.382242,True
2.3,30,161755.602094,True
2.5,30,161803.057582,True
0.0,30,161851.860875,False
0.0,30,161896.643648,False
2.7,30,161945.766733,True
0.0,30,161994.542029,False
0.0,30,162039.218045,False
0.0,30,162087.843122,False
2.1,30,162135.963729,True
2.5,30,162182.886415,True
1.0,30,162240.675732,False
2.5,30,162291.422727,True
0.0,30,162334.742337,False
3.0,30,162386.456296,True
2.5,30,162433.395366,True
0.0,30,162479.14551,False
0.0,30,162524.180364,False
0.0,30,162573.558811,False
0.0,30,162622.496248,False
0.0,30,162667.666817,False
0.0,30,162718.914412,False
3.0,30,162767.356117,True
2.8,30,162814.727436,True
2.6,30,162860.483793,True
0.0,30,162910.708111,False
3.0,30,162961.080489,True
0.0,30,163003.874233,False
2.8,30,163060.725054,True
0.0,30,163105.259412,False
3.0,30,163152.038301,True
2.6,30,163199.537649,True
2.7,30,163243.776087,True
0.0,30,163289.363112,False
0.0,30,163337.280843,False
2.6,30,163654.132054,True
2.5,30,163699.07238,True
2.5,30,163740.282008,True
2.8,30,163788.724589,True
0.3,30,163835.944925,True
0.0,30,163883.343703,False
2.8,30,163932.194775,True
0.0,30,163982.335276,False
2.6,30,164024.313074,True
0.0,30,164068.135802,False
2.5,30,164118.911831,True
0.0,30,164167.668944,False
2.9,30,164219.413496,True
2.9,30,164266.974222,True
2.8,30,164311.424523,True
2.5,30,164355.536053,True
2.5,30,164405.901689,True
2.8,30,164454.056998,True
0.0,30,164499.37872,False
0.0,30,164549.124279,False
2.2,30,164600.023608,True
0.0,30,164646.692486,False
2.9,30,164699.235964,True
3.0,30,164748.480767,True
0.0,30,164794.378137,False
2.6,30,164846.259211,True
2.5,30,164896.801464,True
2.6,30,164951.548797,True
2.6,30,164998.397674,True
2.4,30,165051.607766,True
2.8,30,165094.337071,True
2.2,30,165138.760175,True
0.0,30,165184.600055,False
3.0,30,165236.161175,True
0.0,30,165542.961585,False
0.0,30,165587.095214,False
2.7,30,165631.588872,True
0.0,30,165675.432533,False
0.0,30,165723.103604,False
0.0,30,165777.637454,False
2.5,30,165823.994597,True
2.8,30,165879.915617,True
0.0,30,165924.554286,False
0.0,30,165970.105683,False
2.6,30,166017.623258,True
2.8,30,166074.520946,True
2.8,30,166119.751961,True
0.0,30,166165.90433,False
2.5,30,166219.944009,True
0.0,30,166273.170088,False
3.0,30,166322.101173,True
0.0,30,166368.837738,False
2.4,30,166420.432283,True
2.9,30,166472.552977,True
0.0,30,166520.655725,False
0.0,30,166565.620076,False
0.0,30,166612.366135,False
2.6,30,166660.804229,True
0.0,30,166708.08265,False
0.0,30,166752.630052,False
0.0,30,166797.862189,False
2.1,30,166838.798719,True
0.0,30,166883.890145,False
2.1,30,166929.109362,True
3.0,30,166980.16948,True
0.0,30,167024.959357,False
0.0,30,167069.017522,False
2.6,30,167117.671252,True
2.9,30,167161.397084,True
2.9,30,167472.642965,True
0.0,30,167514.549926,False
0.0,30,167559.672552,False
2.7,30,167607.955675,True
2.4,30,167653.907252,True
0.7,30,167701.513439,True
0.0,30,167748.444678,False
0.0,30,167793.591531,False
2.5,30,167834.989669,True
0.0,30,167885.194046,False
1.4,30,167928.956709,False
1.6,30,167968.372495,True
2.4,30,168012.203657,True
0.0,30,168060.883255,False
2.5,30,168108.687647,True
2.2,30,168157.315932,True
1.9,30,168205.935412,True
0.0,30,168252.87462,False
0.0,30,168297.62639,False
2.7,30,168346.554002,True
2.8,30,168390.430832,True
0.0,30,168438.146011,False
0.0,30,168490.598066,False
2.9,30,168535.253883,True
2.7,30,168577.981142,True
0.0,30,168628.55975,False
0.0,30,168671.695001,False
0.0,30,168714.277533,False
0.0,30,168760.46654,False
0.0,30,168809.674411,False
0.0,30,168854.806744,False
2.7,30,168910.104776,True
0.0,30,168952.854863,False
0.0,30,168997.127774,False
0.0,30,169298.762963,False
0.0,30,169346.570207,False
1.8,30,169392.295713,False
2.8,30,169440.078849,True
0.0,30,169482.620028,False
2.6,30,169531.895749,True
1.0,30,169578.231282,True
0.0,30,169626.995415,False
2.4,30,169670.851081,True
2.7,30,169720.884885,True
0.0,30,169767.693624,False
0.0,30,169816.92008,False
0.0,30,169861.577958,False
0.0,30,169906.736099,False
0.0,30,169959.2057,False
2.7,30,170006.703061,True
2.5,30,170050.118731,True
0.0,30,170098.552429,False
0.0,30,170143.75362,False
1.5,30,170188.863167,True
0.0,30,170236.339486,False
0.0,30,170291.896312,False
2.7,30,170339.262839,True
1.7,30,170380.89731,True
0.0,30,170424.246728,False
2.2,30,170474.218618,True
0.0,30,170518.062159,False
2.9,30,170559.488741,True
0.4,30,170606.223251,True
1.1,30,170649.552774,False
2.4,30,170715.44737,True
0.0,30,170767.310351,False
2.7,30,170812.243984,True
0.0,30,170875.842169,False
0.0,30,171163.717905,False
2.6,30,171210.091363,True
2.6,30,171253.895443,True
1.5,30,171298.085256,True
0.0,30,171346.427303,False
0.0,30,171394.992475,False
3.0,30,171439.11294,True
0.0,30,171480.428383,False
2.2,30,171525.893491,True
0.0,30,171568.639854,False
2.3,30,171611.234987,True
0.0,30,171660.765134,False
2.4,30,171707.407536,True
2.5,30,171754.827531,True
2.4,30,171806.016181,True
0.0,30,171852.662379,False
0.0,30,171898.524498,False
2.6,30,171945.502568,True
2.7,30,171998.535482,True
0.0,30,172040.991891,False
0.0,30,172095.277514,False
0.0,30,172144.560058,False
1.7,30,172191.924803,True
1.8,30,172237.813278,True
2.6,30,172293.867038,True
2.8,30,172334.627065,True
0.0,30,172381.378966,False
2.8,30,172427.844364,True
2.8,30,172474.276649,True
0.0,30,172524.227893,False
0.0,30,172580.553136,False
0.0,30,172629.042736,False
0.0,30,172676.036776,False
0.0,30,172720.676459,False
0.0,30,172994.354626,False
0.0,30,173040.648884,False
0.0,30,173088.313389,False
0.0,30,173130.453539,False
0.0,30,173174.003816,False
0.0,30,173224.575474,False
0.0,30,173269.711407,False
1.8,30,173317.961475,True
0.0,30,173363.146775,False
2.8,30,173413.941601,True
0.0,30,173456.630959,False
0.0,30,173509.19863,False
2.7,30,173557.172211,True
2.9,30,173603.552874,True
2.7,30,173649.745339,True
0.0,30,173689.773489,False
2.8,30,173734.745037,True
0.0,30,173777.668481,False
2.1,30,173822.863577,True
0.0,30,173871.01579,False
2.8,30,173905.576285,True
2.4,30,173950.712107,True
0.0,30,173995.186352,False
0.0,30,174048.853154,False
2.8,30,174089.106295,True
0.0,30,174135.056119,False
0.0,30,174180.864556,False
0.0,30,174231.594342,False
2.5,30,174286.67073,True
0.0,30,174329.325533,False
0.0,30,174383.722933,False
0.0,30,174438.591192,False
2.6,30,174490.069541,True
2.4,30,174536.863947,True
0.0,30,174823.148826,False
2.7,30,174868.195813,True
0.0,30,174912.38922,False
0.0,30,174956.528451,False
1.7,30,175001.244676,True
0.0,30,175044.761612,False
2.7,30,175090.880551,True
0.7,30,175136.896674,True
0.0,30,175193.254376,False
0.0,30,175236.535615,False
0.0,30,175281.294125,False
2.8,30,175323.231384,True
2.4,30,175368.136499,False
0.0,30,175412.894727,False
0.0,30,175457.205867,False
0.0,30,175502.846403,False
0.0,30,175545.456992,False
0.0,30,175592.301918,False
0.0,30,175637.830129,False
0.0,30,175683.476504,False
2.4,30,175729.247906,True
2.3,30,175776.02863,True
0.0,30,175819.963839,False
1.2,30,175866.879432,True
2.8,30,175908.387755,True
0.0,30,175953.127785,False
2.8,30,175998.302349,True
2.5,30,176043.365957,True
2.4,30,176092.172088,True
1.3,30,176141.714179,True
2.5,30,176183.470085,True
2.4,30,176221.439735,True
0.0,30,176266.940406,False
2.1,30,176313.31106,True
0.0,30,176586.282135,False
2.7,30,176633.479083,True
2.7,30,176679.494076,True
0.0,30,176727.819257,False
2.6,30,176770.521877,True
2.2,30,176811.703229,True
2.8,30,176861.903785,True
0.0,30,176912.102543,False
2.9,30,176955.800608,True
0.0,30,177013.550806,False
0.0,30,177061.970164,False
0.0,30,177106.353146,False
2.4,30,177148.83201,True
0.0,30,177194.167122,False
1.8,30,177240.021045,True
2.8,30,177288.823679,True
0.0,30,177338.028739,False
0.0,30,177390.280129,False
2.5,30,177437.342683,True
0.0,30,177481.146116,False
2.4,30,177529.38033,True
2.4,30,177579.720483,True
2.7,30,177620.356952,True
2.3,30,177664.972127,True
2.7,30,177705.233622,True
0.0,30,177751.21174,False
2.7,30,177790.700793,True
2.6,30,177833.120583,True
0.0,30,177876.777974,False
0.0,30,177924.577971,False
0.0,30,177970.379562,False
2.7,30,178012.238586,True
0.0,30,178054.515666,False
0.0,30,178095.758418,False
2.6,30,178393.84792,True
0.0,30,178445.875049,False
0.8,30,178494.525436,True
0.3,30,178539.481263,True
2.8,30,178590.260607,True
2.7,30,178630.314002,True
0.0,30,178675.653231,False
2.3,30,178726.097994,True
0.0,30,178787.026012,False
0.0,30,178832.828846,False
0.0,30,178884.695653,False
2.6,30,178928.043073,True
0.1,30,178972.172387,True
0.0,30,179022.052871,False
2.5,30,179063.733131,True
2.3,30,179113.724063,True
0.0,30,179164.691555,False
2.8,30,179206.945813,True
2.8,30,179258.891134,True
0.0,30,179301.051864,False
0.0,30,179342.399814,False
2.6,30,179387.586053,True
3.0,30,179438.695206,True
0.0,30,179486.395692,False
0.0,30,179530.464161,False
2.7,30,179581.015219,True
0.0,30,179629.718727,False
0.0,30,179676.408828,False
2.8,30,179719.567632,True
0.0,30,179766.809315,False
2.7,30,179812.909317,True
2.8,30,179860.785756,True
2.2,30,179909.954226,True
2.3,30,179956.053312,True
0.0,30,180004.61058,False
2.3,30,180362.515756,True
0.0,30,180410.997649,False
2.5,30,180461.387962,True
1.9,30,180506.392195,True
0.0,30,180550.634717,False
2.7,30,180598.296343,True
0.0,30,180644.620047,False
1.8,30,180691.213605,True
0.0,30,180747.174244,False
1.5,30,180792.902794,True
3.0,30,180840.811659,True
2.5,30,180888.670112,True
0.0,30,180934.120459,False
0.0,30,180982.800903,False
0.0,30,181029.725202,False
0.0,30,181078.501437,False
2.6,30,181125.224072,True
2.5,30,181171.871787,True
2.7,30,181212.548849,True
2.1,30,181261.294373,True
3.0,30,181314.831038,True
2.7,30,181359.580281,True
0.0,30,181408.095695,False
3.0,30,181454.27281,True
2.0,30,181502.035245,True
0.0,30,181546.729805,False
2.2,30,181595.466725,True
2.8,30,181638.52413,True
2.7,30,181686.544366,True
2.3,30,181731.551034,True
0.0,30,181775.585709,False
0.7,30,181821.307968,False
0.0,30,181866.079525,False
0.0,30,181911.081227,False
0.0,30,182277.76011,False
0.0,30,182328.148562,False
0.0,30,182376.359318,False
0.0,30,182427.569665,False
2.6,30,182470.953001,True
0.0,30,182511.439704,False
0.0,30,182569.252146,False
0.0,30,182613.295033,False
0.0,30,182663.364476,False
2.4,30,182710.185246,True
2.8,30,182755.292212,True
1.1,30,182799.907603,True
0.0,30,182848.904061,False
2.7,30,182898.802703,True
2.8,30,182945.184923,True
0.0,30,182986.927672,False
0.0,30,183036.484266,False
0.0,30,183082.79706,False
0.0,30,183127.754184,False
2.0,30,183175.009343,True
2.9,30,183219.08431,True
2.9,30,183264.231859,True
2.7,30,183312.462973,True
0.1,30,183359.201124,True
0.0,30,183414.335372,False
2.7,30,183487.440304,True
0.9,30,183534.814272,True
2.6,30,183580.341938,True
0.0,30,183637.62027,False
2.2,30,183688.375561,True
2.5,30,183731.754328,True
0.0,30,183780.768638,False
0.0,30,183825.89407,False
2.7,30,183877.189298,True
1.0,30,184218.632808,True
0.0,30,184259.10831,False
2.2,30,184304.944685,True
0.0,30,184349.257008,False
0.0,30,184392.85278,False
2.2,30,184439.454452,True
2.8,30,184485.897313,True
2.6,30,184530.532387,True
0.0,30,184577.814408,False
2.7,30,184625.980231,True
2.6,30,184674.814249,True
0.0,30,184718.735861,False
2.8,30,184764.105811,True
0.0,30,184805.440573,False
0.0,30,184856.033098,False
0.0,30,184912.215866,False
1.7,30,184963.020644,True
0.0,30,185011.099851,False
2.9,30,185057.250257,True
0.0,30,185102.932354,False
2.4,30,185148.619616,True
0.0,30,185195.223898,False
2.6,30,185255.537256,True
2.4,30,185314.43848,True
2.6,30,185364.971418,True
2.6,30,185408.829188,True
0.0,30,185453.070715,False
0.0,30,185495.988117,False
0.1,30,185537.497181,False
0.0,30,185581.471668,False
0.0,30,185629.227519,False
1.7,30,185674.365475,True
2.5,30,185716.979933,True
0.0,30,185763.298382,False
3.0,30,186141.465056,True
0.0,30,186187.642098,False
0.0,30,186248.912518,False
2.6,30,186294.879339,True
0.0,30,186344.158296,False
0.0,30,186390.62036,False
2.6,30,186439.048637,True
0.0,30,186481.797034,False
0.0,30,186534.145142,False
0.0,30,186587.166026,False
2.4,30,186632.989467,True
0.0,30,186689.489929,False
2.5,30,186740.508324,True
0.0,30,186793.261072,False
0.0,30,186839.048996,False
0.0,30,186883.000266,False
2.5,30,186936.659015,True
0.0,30,186981.481722,False
2.5,30,187029.812145,True
2.3,30,187071.497967,True
0.0,30,187122.51416,False
0.0,30,187166.411021,False
2.8,30,187213.228155,True
0.0,30,187275.323522,False
2.4,30,187322.691493,True
2.8,30,187367.092361,True
2.2,30,187411.848608,True
2.4,30,187461.543898,True
0.8,30,187502.869929,False
2.7,30,187547.310893,True
2.6,30,187590.928166,True
2.2,30,187637.064156,True
2.9,30,187689.375941,True
2.9,30,187734.709415,True
2.6,30,188105.124216,True
0.0,30,188157.085641,False
3.0,30,188203.213673,True
0.0,30,188251.461565,False
2.4,30,188297.050925,True
0.0,30,188339.301461,False
0.0,30,188386.983886,False
0.0,30,188436.526985,False
2.6,30,188484.512291,True
0.0,30,188531.288869,False
0.0,30,188573.133065,False
2.3,30,188623.039104,True
0.0,30,188666.814692,False
0.0,30,188717.450918,False
0.0,30,188765.196641,False
0.3,30,188815.828319,True
0.0,30,188872.532395,False
0.0,30,188917.162989,False
0.0,30,188964.382124,False
2.3,30,189013.943196,True
0.0,30,189068.344532,False
0.0,30,189116.763713,False
2.1,30,189160.031812,True
0.0,30,189212.674397,False
0.0,30,189266.249054,False
2.4,30,189312.097377,True
0.0,30,189356.355414,False
0.0,30,189406.787024,False
0.0,30,189452.576278,False
2.8,30,189498.183217,True
0.0,30,189542.113814,False
2.3,30,189594.185498,True
0.0,30,189640.422939,False
2.9,30,189691.178248,True
0.0,30,190021.845686,False
2.6,30,190066.695235,True
2.7,30,190113.645374,True
0.0,30,190161.300631,False
2.3,30,190207.935327,True
0.0,30,190252.528133,False
0.0,30,190296.25027,False
0.0,30,190342.372625,False
1.5,30,190389.483975,True
2.8,30,190446.942449,True
0.0,30,190494.929161,False
0.9,30,190540.037479,True
0.0,30,190586.392724,False
0.0,30,190633.569294,False
0.0,30,190680.157687,False
0.0,30,190732.224266,False
2.5,30,190782.950687,True
2.5,30,190831.360962,True
1.4,30,190876.027057,True
0.0,30,190924.371499,False
0.0,30,190976.752525,False
2.6,30,191016.476659,True
2.4,30,191065.191046,True
2.7,30,191112.367212,True
1.0,30,191156.221016,True
2.9,30,191203.179281,True
0.0,30,191251.047161,False
2.8,30,191295.611971,True
0.0,30,191357.025323,False
0.0,30,191413.289669,False
0.0,30,191463.597587,False
0.0,30,191511.197105,False
0.0,30,191559.918494,False
0.0,30,191605.705279,False
0.0,30,191950.19097,False
2.8,30,192001.475827,True
2.6,30,192048.575861,True
0.0,30,192096.373311,False
3.0,30,192142.033677,True
2.6,30,192184.079582,True
0.0,30,192230.51279,False
0.0,30,192273.291537,False
0.8,30,192317.690244,True
0.2,30,192361.378047,True
2.5,30,192407.037342,True
3.0,30,192449.367514,True
2.3,30,192494.149256,True
0.0,30,192535.831856,False
0.0,30,192583.197452,False
0.0,30,192631.718188,False
2.7,30,192676.527614,True
2.1,30,192721.488529,True
0.0,30,192773.604341,False
2.5,30,192819.483573,True
0.0,30,192863.360312,False
1.9,30,192905.250145,False
1.8,30,192953.641294,True
2.8,30,193004.341236,True
1.4,30,193052.514924,True
0.0,30,193098.920022,False
2.9,30,193144.796535,True
0.0,30,193190.58159,False
2.8,30,193235.379532,True
0.0,30,193280.611769,False
2.7,30,193324.722197,True
0.0,30,193369.253544,False
0.0,30,193414.031624,False
2.0,30,193477.528765,True
2.6,30,193841.649297,True
2.5,30,193885.209618,True
0.4,30,193933.776978,True
0.0,30,193979.142337,False
2.8,30,194032.027902,True
0.0,30,194084.552247,False
2.8,30,194129.770759,True
0.0,30,194180.65713,False
2.8,30,194228.255198,True
0.0,30,194277.104362,False
0.0,30,194322.979594,False
0.0,30,194367.858568,False
0.0,30,194415.729658,False
2.7,30,194465.959738,True
0.3,30,194514.758649,True
2.6,30,194561.569801,True
0.0,30,194607.343668,False
0.0,30,194657.442478,False
1.7,30,194706.45379,True
2.5,30,194751.462733,True
2.8,30,194797.277131,True
2.6,30,194848.675506,True
0.0,30,194891.690241,False
2.7,30,194938.208786,True
0.0,30,194988.329116,False
0.0,30,195031.590107,False
2.5,30,195073.654338,True
2.4,30,195127.453019,True
2.5,30,195177.551444,True
2.8,30,195224.969572,True
0.0,30,195275.700749,False
2.5,30,195327.357157,True
2.0,30,195382.278463,True
2.8,30,195428.549909,True
0.0,30,195471.799379,False
0.0,30,195819.776168,False
0.0,30,195866.306685,False
0.0,30,195915.121361,False
2.8,30,195967.760164,True
2.6,30,196023.147395,True
2.5,30,196069.642687,True
2.6,30,196116.062713,True
2.4,30,196157.369724,True
2.8,30,196204.970991,True
0.0,30,196251.583974,False
0.0,30,196314.45996,False
0.0,30,196363.047993,False
2.7,30,196420.5546,True
0.0,30,196469.219167,False
0.0,30,196516.786647,False
1.7,30,196569.566463,True
2.8,30,196613.443552,True
0.0,30,196663.568511,False
2.9,30,196712.895028,True
1.9,30,196762.069195,True
0.0,30,196812.259665,False
0.0,30,196864.01558,False
0.0,30,196909.104143,False
0.0,30,196950.313699,False
2.7,30,196996.422642,True
0.0,30,197043.928164,False
0.0,30,197091.705184,False
0.8,30,197140.802023,False
0.0,30,197191.281728,False
2.4,30,197237.899035,True
0.0,30,197290.911387,False
2.3,30,197342.210764,True
0.0,30,197397.39457,False
2.8,30,197446.726454,True
2.6,30,197762.056542,True
2.8,30,197806.606696,True
0.0,30,197851.082766,False
2.5,30,197893.981229,True
2.7,30,197941.041134,True
0.0,30,197987.472594,False
0.0,30,198029.119691,False
2.4,30,198075.428672,True
0.0,30,198118.085683,False
0.0,30,198164.800833,False
3.0,30,198215.431169,True
2.7,30,198264.527774,True
2.2,30,198318.398481,True
2.8,30,198373.937686,True
0.0,30,198425.006194,False
0.0,30,198475.160154,False
0.0,30,198524.196195,False
0.0,30,198569.694218,False
0.0,30,198616.582081,False
1.9,30,198664.070375,True
0.0,30,198723.504666,False
2.1,30,198769.528461,True
2.5,30,198826.104515,True
0.0,30,198869.758028,False
0.0,30,198918.22207,False
2.5,30,198959.075034,True
0.0,30,199007.519977,False
2.9,30,199055.156404,True
2.5,30,199104.723741,True
0.0,30,199156.639349,False
0.0,30,199209.117043,False
2.8,30,199260.882021,True
0.0,30,199312.420765,False
2.8,30,199352.653058,True
0.0,30,199688.280679,False
0.0,30,199731.619261,False
2.8,30,199786.383816,True
0.0,30,199832.030031,False
0.0,30,199882.547361,False
0.0,30,199929.457466,False
2.3,30,199972.78121,True
2.3,30,200067.242073,True
0.0,30,200113.359939,False
0.0,30,200159.311272,False
2.5,30,200204.707372,True
2.5,30,200247.406983,True
0.0,30,200293.323726,False
2.4,30,200338.58448,True
2.4,30,200387.175734,True
0.0,30,200434.874568,False
0.0,30,200482.593635,False
0.0,30,200531.970979,False
0.1,30,200578.780047,True
2.7,30,200627.55665,True
0.0,30,200674.255544,False
2.9,30,200719.936266,True
0.0,30,200772.967227,False
1.7,30,200816.939129,True
0.0,30,200861.144417,False
3.0,30,200916.823811,True
0.0,30,200972.552062,False
0.0,30,201028.042686,False
0.0,30,201078.47903,False
0.0,30,201122.985164,False
0.0,30,201169.32843,False
0.0,30,201212.767765,False
0.0,30,201258.385187,False
2.7,30,201303.836721,True
2.6,30,201653.312172,True
0.0,30,201703.803018,False
0.0,30,201757.07326,False
0.0,30,201812.32009,False
0.0,30,201861.728582,False
0.0,30,201907.406027,False
2.3,30,201946.527626,True
0.0,30,201991.74568,False
0.0,30,202037.36979,False
0.0,30,202078.183945,False
0.0,30,202129.497951,False
2.8,30,202179.302196,True
2.4,30,202224.159022,True
0.0,30,202276.432976,False
0.0,30,202322.825525,False
2.1,30,202366.664239,True
0.0,30,202409.838892,False
0.0,30,202452.734686,False
0.0,30,202506.335412,False
1.7,30,202552.947903,True
1.9,30,202596.767319,True
0.0,30,202642.78179,False
2.6,30,202688.098011,True
2.1,30,202736.576416,True
2.7,30,202790.473655,True
3.0,30,202835.71388,True
2.2,30,202876.410272,True
2.3,30,202923.493164,True
0.0,30,202965.046653,False
0.0,30,203011.355348,False
1.9,30,203057.180456,True
0.0,30,203105.670352,False
2.6,30,203151.787059,True
0.0,30,203202.286894,False
0.0,30,203549.400607,False
0.0,30,203597.241253,False
1.9,30,203653.635185,True
0.0,30,203703.505049,False
2.3,30,203769.976993,True
2.3,30,203815.468311,True
2.8,30,203870.086706,True
0.0,30,203915.87593,False
0.0,30,203964.330973,False
1.3,30,204011.288297,True
0.0,30,204058.011266,False
0.0,30,204107.841816,False
0.0,30,204149.219,False
2.9,30,204201.739168,True
2.7,30,204245.418493,True
2.0,30,204293.822077,True
2.6,30,204341.444397,True
0.0,30,204386.931266,False
2.3,30,204432.203269,True
3.0,30,204478.290351,True
0.0,30,204525.912659,False
2.8,30,204579.73393,True
0.0,30,204625.745673,False
2.4,30,204678.154821,True
0.0,30,204723.580496,False
0.0,30,204765.040441,False
0.0,30,204810.917621,False
0.0,30,204863.715355,False
2.5,30,204909.96695,True
1.7,30,204948.814415,True
2.7,30,204990.727298,True
0.0,30,205038.187011,False
2.5,30,205084.84844,True
0.0,30,205132.94222,False
0.0,30,205466.50323,False
0.0,30,205510.54714,False
2.2,30,205559.543968,True
0.0,30,205606.074923,False
2.6,30,205653.265908,True
0.0,30,205703.203576,False
2.6,30,205751.668971,True
0.0,30,205801.92471,False
2.6,30,205848.557157,True
0.0,30,205891.530574,False
2.6,30,205936.718215,True
2.6,30,205987.765651,True
2.7,30,206036.884302,True
0.0,30,206081.68788,False
0.0,30,206128.881287,False
0.0,30,206181.56196,False
0.0,30,206225.983619,False
0.1,30,206273.436511,True
2.3,30,206320.168417,True
2.5,30,206369.340559,True
0.0,30,206418.91037,False
0.0,30,206467.283249,False
0.0,30,206510.100405,False
0.0,30,206557.903637,False
2.9,30,206614.161309,True
2.3,30,206662.196535,True
1.8,30,206705.415907,True
2.4,30,206757.253596,True
1.3,30,206802.37559,True
0.0,30,206857.050074,False
2.5,30,206902.458367,True
1.6,30,206954.127748,True
2.9,30,207001.157092,True
2.8,30,207049.217888,True
0.0,30,207382.839897,False
0.0,30,207428.73036,False
0.0,30,207475.178807,False
2.7,30,207528.091281,True
0.0,30,207572.745678,False
0.0,30,207624.32634,False
2.5,30,207670.084462,True
2.8,30,207713.691517,True
0.0,30,207759.934858,False
2.6,30,207805.028238,True
2.2,30,207853.115241,True
0.0,30,207894.938994,False
0.0,30,207950.021548,False
0.0,30,207998.449892,False
0.0,30,208041.147505,False
0.0,30,208087.236521,False
0.0,30,208132.385688,False
0.0,30,208175.204463,False
2.4,30,208215.706944,True
2.6,30,208267.082594,True
2.8,30,208314.580184,True
1.3,30,208364.744188,True
2.6,30,208410.184071,True
0.0,30,208461.903268,False
2.9,30,208508.385723,True
1.6,30,208551.795882,True
2.7,30,208593.99716,True
2.5,30,208638.829576,False
0.0,30,208689.323928,False
0.0,30,208736.483553,False
3.0,30,208780.31243,True
0.0,30,208825.99511,False
2.7,30,208868.118546,True
2.9,30,208933.259601,True
0.0,30,208981.757133,False
0.0,30,209342.233402,False
0.0,30,209390.390381,False
0.0,30,209430.001652,False
2.4,30,209476.323355,True
1.6,30,209524.610118,True
2.7,30,209567.477778,True
0.0,30,209614.669394,False
0.0,30,209661.528066,False
2.4,30,209709.826045,True
2.1,30,209756.719395,True
0.0,30,209801.45399,False
0.0,30,209847.570586,False
2.8,30,209896.314257,True
0.0,30,209945.058087,False
2.1,30,209992.752534,True
2.5,30,210043.840009,True
2.6,30,210088.004932,True
0.0,30,210133.72726,False
0.0,30,210174.58728,False
0.0,30,210231.486682,False
2.6,30,210276.858624,True
0.0,30,210324.99387,False
0.0,30,210366.593699,False
0.0,30,210415.712413,False
3.0,30,210470.442613,True
0.0,30,210523.53622,False
0.0,30,210570.912745,False
2.7,30,210622.55419,True
2.8,30,210671.905159,True
2.6,30,210718.035034,True
2.4,30,210763.280394,True
0.0,30,210809.558115,False
0.0,30,210857.94233,False
2.5,30,210903.599593,True
2.6,30,211221.271754,True
2.7,30,211265.546462,True
0.0,30,211317.922761,False
2.4,30,211362.237783,True
2.5,30,211406.799703,True
2.9,30,211452.750602,True
0.0,30,211496.474259,False
2.2,30,211539.415701,True
2.8,30,211586.327748,True
2.5,30,211635.359736,True
0.0,30,211681.815057,False
0.0,30,211726.024064,False
0.0,30,211771.682337,False
0.0,30,211818.56223,False
2.9,30,211878.790853,True
2.1,30,211924.733612,True
2.1,30,211969.48087,True
2.6,30,212016.116263,True
2.6,30,212058.869602,True
0.0,30,212121.228399,False
2.6,30,212164.738868,True
2.9,30,212212.573818,True
0.0,30,212261.41253,False
0.0,30,212306.227349,False
0.0,30,212348.974082,False
2.8,30,212397.50666,True
0.0,30,212440.966996,False
0.0,30,212489.304403,False
3.0,30,212537.379397,True
0.0,30,212590.871422,False
0.0,30,212639.337001,False
0.0,30,212682.369336,False
2.7,30,212730.246518,True
0.0,30,212773.594148,False
2.6,30,213103.831543,True
0.0,30,213151.97561,False
0.0,30,213204.45083,False
2.8,30,213254.901822,True
0.0,30,213306.774734,False
0.9,30,213351.260215,True
1.1,30,213398.755225,True
2.6,30,213447.439875,True
2.3,30,213492.625045,True
0.0,30,213535.34559,False
0.0,30,213576.207556,False
0.0,30,213656.813322,False
0.0,30,213704.098181,False
0.0,30,213748.444347,False
3.0,30,213821.683901,True
0.0,30,213866.984449,False
0.0,30,213906.41525,False
2.8,30,213963.857585,True
0.6,30,214011.490376,True
0.0,30,214059.778026,False
0.0,30,214107.056622,False
0.0,30,214152.767964,False
2.8,30,214194.334098,True
0.0,30,214234.377851,False
1.9,30,214278.359465,True
0.0,30,214333.384097,False
2.4,30,214380.723385,True
0.0,30,214422.299571,False
0.0,30,214464.39654,False
2.3,30,214518.850924,True
0.0,30,214559.167006,False
0.0,30,214607.314863,False
2.8,30,214653.096722,True
2.9,30,214695.005105,True
2.8,30,215027.268466,True
0.0,30,215074.016118,False
2.2,30,215118.415274,True
0.0,30,215163.635682,False
0.0,30,215207.072922,False
0.0,30,215247.596026,False
3.0,30,215292.776274,True
0.0,30,215379.143103,False
2.6,30,215437.565495,True
0.0,30,215483.859528,False
0.0,30,215530.0844,False
0.0,30,215579.175742,False
3.0,30,215625.047706,True
0.0,30,215670.787066,False
0.0,30,215724.920112,False
0.0,30,215776.480041,False
2.8,30,215824.524457,True
2.6,30,215869.245811,True
1.9,30,215916.946494,True
0.2,30,215963.51949,True
0.0,30,216013.080641,False
0.0,30,216056.681923,False
2.8,30,216107.485323,True
2.6,30,216157.532772,True
2.4,30,216204.468802,True
0.0,30,216249.932761,False
0.0,30,216291.939151,False
1.6,30,216341.09924,True
2.9,30,216386.303503,True
0.0,30,216426.66906,False
2.6,30,216470.873922,True
0.0,30,216523.22463,False
2.7,30,216567.766431,True
1.6,30,216618.846698,True
0.0,30,216938.732381,False
0.0,30,216980.997783,False
2.7,30,217027.270646,True
0.0,30,217074.175284,False
2.8,30,217123.29902,True
2.4,30,217172.665647,True
0.0,30,217221.915081,False
0.0,30,217271.41813,False
2.7,30,217325.893888,True
2.3,30,217373.565516,True
1.7,30,217427.603335,True
0.0,30,217473.267418,False
0.0,30,217517.937165,False
2.4,30,217566.13349,True
2.5,30,217609.877869,True
0.0,30,217653.373591,False
2.3,30,217699.953209,True
2.8,30,217744.622647,True
2.0,30,217789.356721,True
0.0,30,217842.045369,False
0.0,30,217886.89429,False
0.0,30,217927.586041,False
2.3,30,217972.217184,True
1.6,30,218023.963857,True
0.0,30,218066.417703,False
2.7,30,218115.52157,True
3.0,30,218163.947811,True
0.0,30,218213.871676,False
0.0,30,218258.575373,False
2.7,30,218303.672871,True
0.0,30,218351.461206,False
2.8,30,218395.391853,True
0.0,30,218439.65981,False
2.0,30,218483.3825,True
1.9,30,218782.172827,True
0.0,30,218830.775367,False
2.7,30,218898.111471,True
0.0,30,218935.660476,False
2.0,30,218979.368293,True
0.0,30,219026.401794,False
2.5,30,219068.91259,True
0.0,30,219123.049479,False
0.0,30,219166.945401,False
2.9,30,219216.523601,True
1.9,30,219260.81725,True
0.0,30,219308.805134,False
0.0,30,219354.422114,False
2.8,30,219404.378527,True
2.5,30,219450.952859,True
0.0,30,219501.143089,False
0.0,30,219547.873804,False
0.0,30,219595.607008,False
1.6,30,219650.227217,True
2.6,30,219699.471949,True
0.0,30,219745.58021,False
2.8,30,219789.738252,True
0.0,30,219832.971561,False
0.0,30,219880.203396,False
2.6,30,219923.669178,True
2.4,30,219975.853437,True
1.9,30,220023.059858,True
0.0,30,220070.821769,False
0.0,30,220117.148998,False
0.0,30,220159.054016,False
2.8,30,220211.116637,True
3.0,30,220256.02491,True
2.7,30,220304.939288,True
2.5,30,220359.695909,True
0.0,30,220673.515186,False
2.4,30,220727.625409,True
0.0,30,220778.692654,False
0.0,30,220833.384415,False
0.0,30,220876.828208,False
2.2,30,220919.888178,True
0.0,30,220965.407928,False
0.0,30,221009.111805,False
2.9,30,221049.954507,True
2.9,30,221091.760976,True
0.5,30,221134.126794,True
0.0,30,221171.90505,False
2.3,30,221216.926809,True
0.0,30,221262.420216,False
2.8,30,221310.210765,True
2.5,30,221356.638184,True
0.0,30,221400.536488,False
0.0,30,221446.920206,False
0.0,30,221488.155466,False
0.0,30,221531.662858,False
0.0,30,221578.566005,False
2.7,30,221626.013864,True
2.8,30,221672.048169,True
2.5,30,221715.565742,True
0.0,30,221762.095715,False
2.6,30,221814.452722,True
0.0,30,221858.628807,False
0.0,30,221902.309385,False
0.0,30,221951.536367,False
0.0,30,222000.576825,False
0.0,30,222047.741975,False
0.6,30,222090.855166,True
2.7,30,222131.964662,True
2.9,30,222177.872152,True
2.0,30,222493.272476,True
2.7,30,222541.21411,True
0.0,30,222589.853028,False
0.0,30,222631.023249,False
0.0,30,222675.188952,False
0.0,30,222719.179757,False
2.8,30,222760.785018,True
2.7,30,222804.593669,True
2.9,30,222848.242321,True
2.3,30,222893.103839,True
2.8,30,222934.098685,True
0.0,30,222982.990689,False
1.5,30,223031.66921,True
0.0,30,223075.911819,False
0.0,30,223124.193934,False
2.7,30,223170.792854,True
2.3,30,223222.463556,True
0.0,30,223271.480319,False
3.0,30,223315.908235,True
0.0,30,223367.613462,False
0.0,30,223418.092727,False
0.0,30,223467.634232,False
2.4,30,223507.13797,True
0.0,30,223548.965348,False
2.2,30,223595.665264,True
0.5,30,223643.782762,True
0.0,30,223688.068331,False
2.9,30,223732.81871,True
0.0,30,223778.468889,False
0.0,30,223825.41471,False
2.2,30,223875.20952,True
0.4,30,223924.549478,False
0.0,30,223972.35568,False
0.0,30,224021.180149,False
3.0,30,224067.919017,True
0.0,30,224403.704178,False
0.0,30,224443.768105,False
0.0,30,224488.539774,False
0.0,30,224531.467941,False
2.6,30,224577.913505,True
0.0,30,224630.611387,False
2.5,30,224677.750868,True
0.0,30,224727.002397,False
0.0,30,224769.274212,False
0.0,30,224812.363389,False
2.7,30,224857.199316,True
0.0,30,224903.512321,False
0.0,30,224952.782433,False
0.0,30,225000.466452,False
2.6,30,225046.703532,True
2.4,30,225094.743754,True
2.5,30,225142.335859,True
0.0,30,225185.556498,False
0.0,30,225233.950815,False
0.0,30,225278.840232,False
0.0,30,225321.703226,False
2.5,30,225365.389031,True
0.2,30,225412.243705,True
0.0,30,225457.256031,False
0.0,30,225503.893112,False
0.0,30,225552.750653,False
0.0,30,225599.803898,False
0.0,30,225650.743644,False
2.8,30,225700.521055,True
0.0,30,225751.749222,False
2.6,30,225801.869259,True
0.0,30,225845.904984,False
3.0,30,225889.620691,True
2.1,30,225935.103216,True
2.7,30,226221.602369,True
0.0,30,226267.89659,False
0.0,30,226309.597199,False
0.0,30,226347.89153,False
0.0,30,226394.875479,False
2.5,30,226439.778676,True
0.0,30,226491.132379,False
0.0,30,226536.375972,False
2.4,30,226583.413278,True
1.2,30,226631.040853,True
0.0,30,226678.597723,False
2.8,30,226721.903588,True
1.2,30,226766.070746,True
0.0,30,226815.666007,False
0.0,30,226861.406028,False
0.0,30,226906.003256,False
2.7,30,226949.795408,True
2.7,30,226994.047376,True
0.0,30,227053.473489,False
0.0,30,227100.238546,False
2.2,30,227149.765305,True
0.0,30,227203.777165,False
0.0,30,227254.486915,False
0.0,30,227304.556336,False
0.0,30,227348.113892,False
2.6,30,227391.279257,True
0.0,30,227439.957938,False
2.7,30,227486.524623,True
2.7,30,227531.243763,True
0.0,30,227573.53187,False
2.6,30,227614.901927,True
2.8,30,227662.521883,True
2.9,30,227706.642178,True
2.8,30,227750.7004,True
2.7,30,228047.423389,True
1.9,30,228091.518034,False
0.0,30,228141.32571,False
0.0,30,228191.722203,False
0.0,30,228236.01768,False
0.0,30,228280.85357,False
0.0,30,228327.672587,False
2.2,30,228378.368547,True
1.6,30,228419.286596,True
2.5,30,228464.295799,True
0.0,30,228512.239353,False
2.7,30,228561.304357,True
0.0,30,228609.385666,False
2.8,30,228656.100975,True
2.6,30,228701.596006,True
2.5,30,228748.999605,True
0.2,30,228806.44819,True
2.7,30,228848.556322,True
2.8,30,228894.196445,True
0.9,30,228945.404985,True
1.8,30,228996.546528,True
0.0,30,229041.979342,False
1.8,30,229086.195189,True
0.0,30,229131.767048,False
0.0,30,229177.2286,False
1.6,30,229225.539248,True
0.0,30,229263.462301,False
0.0,30,229338.937167,False
1.9,30,229390.683602,True
2.5,30,229433.637175,True
2.3,30,229475.260262,True
0.0,30,229522.518092,False
0.0,30,229572.0558,False
2.0,30,229621.429457,True
2.5,30,229926.123552,True
0.0,30,229975.635561,False
2.6,30,230020.290976,True
2.6,30,230070.623651,True
2.6,30,230117.745265,True
1.8,30,230161.290211,True
0.0,30,230205.857811,False
2.7,30,230247.935848,True
0.0,30,230298.452265,False
0.0,30,230342.126896,False
2.7,30,230395.270222,True
1.8,30,230439.568668,True
2.4,30,230481.149769,True
2.5,30,230526.335892,True
0.0,30,230574.858148,False
1.1,30,230622.303269,True
0.0,30,230668.745043,False
2.8,30,230711.497751,True
2.3,30,230756.329885,True
0.0,30,230794.660754,False
0.0,30,230844.712735,False
2.5,30,230891.053855,True
2.6,30,230939.472075,True
2.7,30,230990.518646,True
0.0,30,231050.740867,False
2.6,30,231102.461658,True
0.0,30,231157.758942,False
0.0,30,231205.733692,False
0.0,30,231245.015094,False
2.4,30,231285.834953,True
0.0,30,231340.317287,False
0.0,30,231392.564824,False
2.7,30,231439.51753,True
2.9,30,231483.386599,True
0.0,30,231759.546542,False
0.4,30,231804.293422,False
0.0,30,231849.221933,False
0.0,30,231889.318728,False
2.1,30,231930.986273,True
0.0,30,231979.340033,False
0.0,30,232023.440672,False
2.5,30,232067.523206,True
2.9,30,232113.007978,True
2.3,30,232155.869752,True
0.0,30,232208.552895,False
2.3,30,232253.01432,True
0.0,30,232298.335693,False
0.0,30,232342.019818,False
0.0,30,232393.472316,False
1.4,30,232439.876396,True
2.5,30,232488.62362,True
2.7,30,232536.464241,True
2.4,30,232585.383614,True
0.8,30,232636.867311,False
2.7,30,232676.058807,True
2.7,30,232724.771463,True
0.0,30,232769.408668,False
0.0,30,232815.219715,False
2.8,30,232857.959124,True
0.0,30,232906.881364,False
2.7,30,232950.202726,True
2.9,30,232998.570098,True
2.8,30,233046.835606,True
0.0,30,233098.184533,False
0.0,30,233141.515575,False
0.0,30,233191.271962,False
2.2,30,233243.962249,True
0.0,30,233293.518573,False
2.9,30,233599.536375,True
2.2,30,233643.627755,True
0.0,30,233687.274794,False
0.0,30,233730.201289,False
2.2,30,233772.498345,True
0.0,30,233820.971013,False
2.7,30,233871.096578,True
1.6,30,233914.337915,True
2.9,30,233959.037417,True
2.7,30,234001.107619,True
2.3,30,234050.774757,True
3.0,30,234109.393621,True
2.7,30,234163.378635,True
0.0,30,234203.718118,False
0.0,30,234248.377138,False
0.0,30,234289.520536,False
2.7,30,234336.672324,True
0.0,30,234387.552658,False
0.0,30,234437.73232,False
1.6,30,234486.06374,True
0.0,30,234528.265157,False
2.5,30,234570.74973,True
0.0,30,234619.692654,False
2.5,30,234659.605953,True
0.0,30,234709.609322,False
2.7,30,234757.06521,True
0.0,30,234799.719382,False
0.0,30,234848.517701,False
2.5,30,234892.59466,True
0.0,30,234937.86469,False
3.0,30,234990.68169,True
0.0,30,235039.401754,False
2.9,30,235086.022197,True
2.9,30,235139.743102,True
0.0,30,235427.982391,False
0.0,30,235476.410901,False
0.0,30,235522.641792,False
2.8,30,235570.11779,True
0.0,30,235614.626107,False
0.0,30,235655.527172,False
0.0,30,235703.234979,False
0.0,30,235749.191579,False
0.0,30,235796.019279,False
3.0,30,235839.795376,True
2.0,30,235884.400604,True
2.3,30,235928.452779,True
0.0,30,235969.921863,False
0.0,30,236010.995838,False
2.8,30,236054.527136,True
2.5,30,236097.955423,True
3.0,30,236145.402664,True
0.0,30,236190.389905,False
2.0,30,236233.840012,True
3.0,30,236274.705067,True
2.6,30,236324.737527,True
0.0,30,236367.860232,False
0.0,30,236412.51058,False
0.0,30,236454.957148,False
2.6,30,236499.300411,True
0.0,30,236544.848288,False
0.0,30,236599.175684,False
2.9,30,236642.86583,True
0.0,30,236684.785512,False
2.7,30,236727.959181,True
2.9,30,236776.865048,True
2.8,30,236824.745637,True
2.7,30,236867.956313,True
1.9,30,236913.099727,True
0.0,30,236956.917018,False
2.4,30,237272.711045,True
0.0,30,237316.651818,False
3.0,30,237372.792935,True
2.3,30,237420.060645,True
2.4,30,237470.883511,True
2.5,30,237518.452799,True
0.0,30,237564.130758,False
2.2,30,237612.287693,True
0.0,30,237655.160489,False
2.8,30,237700.505833,True
2.9,30,237746.508474,True
0.0,30,237799.166605,False
2.6,30,237842.932334,True
3.0,30,237892.508734,True
0.0,30,237939.148054,False
0.0,30,237984.408742,False
1.5,30,238029.357905,True
2.1,30,238072.422638,True
0.0,30,238116.672833,False
0.0,30,238160.777949,False
2.4,30,238208.466158,True
2.4,30,238253.151605,True
0.0,30,238305.588809,False
0.0,30,238351.04584,False
2.8,30,238392.007488,True
2.6,30,238434.683342,True
1.8,30,238480.70431,True
0.0,30,238530.569714,False
3.0,30,238576.164789,True
2.3,30,238626.967174,True
0.0,30,238671.510001,False
0.0,30,238719.268573,False
3.0,30,238761.022763,True
0.0,30,238806.131955,False
0.0,30,239137.221442,False
2.9,30,239176.073146,True
0.0,30,239222.291469,False
0.0,30,239269.768611,False
2.5,30,239318.879933,True
2.5,30,239367.773041,True
2.7,30,239412.49148,True
0.0,30,239459.319848,False
0.0,30,239502.097182,False
2.9,30,239550.017436,True
3.0,30,239606.437741,True
2.3,30,239648.43553,True
0.0,30,239698.701249,False
1.9,30,239745.554368,True
1.9,30,239792.982468,True
2.7,30,239845.262679,True
0.0,30,239896.987074,False
2.9,30,240006.319042,True
0.0,30,240058.222333,False
2.9,30,240114.311125,True
0.0,30,240157.573631,False
1.8,30,240201.834194,True
2.5,30,240244.674918,False
0.0,30,240292.668252,False
2.2,30,240333.741314,True
0.0,30,240378.805757,False
2.8,30,240435.450478,True
2.9,30,240486.095417,True
2.4,30,240532.094582,True
2.6,30,240580.500118,True
0.0,30,240631.661709,False
3.0,30,240675.414706,True
0.0,30,240718.580056,False
3.0,30,240768.649975,True
2.5,30,241078.669877,True
0.0,30,241123.640277,False
2.5,30,241170.205766,True
1.8,30,241219.327937,False
2.2,30,241269.751427,True
0.0,30,241322.991684,False
0.0,30,241364.96891,False
1.7,30,241408.577091,True
2.7,30,241450.430284,True
0.0,30,241495.163259,False
2.6,30,241546.519129,True
0.0,30,241588.430621,False
2.6,30,241629.951515,True
0.0,30,241671.755939,False
1.8,30,241722.173335,True
0.0,30,241773.145091,False
2.0,30,241814.776627,True
0.0,30,241860.204653,False
3.0,30,241903.069103,True
2.5,30,241951.673896,True
0.0,30,242001.607584,False
2.8,30,242044.83447,True
0.0,30,242091.096281,False
0.0,30,242139.815434,False
0.0,30,242181.541764,False
2.6,30,242229.186468,True
2.6,30,242272.534936,True
0.0,30,242329.509466,False
0.0,30,242373.752504,False
2.9,30,242446.766719,True
0.0,30,242492.436366,False
2.3,30,242538.811602,True
0.0,30,242589.493149,False
0.0,30,242632.894766,False
0.0,30,242945.592489,False
0.0,30,242990.692647,False
2.3,30,243038.214394,True
0.0,30,243084.931937,False
2.7,30,243132.748437,True
0.0,30,243170.99426,False
2.5,30,243218.671042,True
0.0,30,243261.214139,False
1.9,30,243305.102812,True
0.0,30,243353.417413,False
2.7,30,243402.732559,True
1.4,30,243446.823071,True
2.7,30,243492.938429,True
0.0,30,243533.515285,False
0.0,30,243583.346184,False
2.8,30,243651.015957,True
0.0,30,243696.189579,False
1.5,30,243744.513375,True
2.5,30,243802.019351,False
0.4,30,243846.060729,True
0.0,30,243890.326614,False
0.0,30,243933.257535,False
0.0,30,243978.121607,False
0.0,30,244031.584665,False
0.0,30,244079.070655,False
0.0,30,244121.457475,False
0.0,30,244167.851653,False
0.0,30,244214.426426,False
2.4,30,244258.667444,True
2.4,30,244305.75596,True
2.7,30,244351.314099,True
0.0,30,244393.391193,False
2.9,30,244446.219309,True
0.0,30,244491.237299,False
0.0,30,244802.796263,False
2.8,30,244846.87698,True
2.7,30,244896.421247,True
0.0,30,244949.619793,False
0.0,30,244996.439745,False
0.0,30,245041.429782,False
2.6,30,245089.71449,True
0.0,30,245135.271079,False
3.0,30,245180.077499,True
2.8,30,245223.610023,True
1.7,30,245270.60656,True
0.0,30,245315.068396,False
2.8,30,245360.517605,True
2.8,30,245402.234315,True
1.6,30,245457.467958,True
0.0,30,245507.22859,False
2.9,30,245554.977503,True
0.0,30,245598.322156,False
0.0,30,245645.151901,False
0.0,30,245692.283664,False
0.0,30,245742.484513,False
0.0,30,245793.292035,False
2.4,30,245842.847196,True
2.6,30,245891.173724,True
2.6,30,245935.335074,True
1.6,30,245994.433592,True
2.5,30,246041.022945,True
2.5,30,246085.798345,True
0.0,30,246134.331068,False
1.9,30,246182.28238,True
0.0,30,246225.631455,False
2.7,30,246267.697174,True
0.0,30,246313.164408,False
2.8,30,246364.05779,True
0.0,30,246706.466951,False
2.0,30,246754.526304,True
0.0,30,246799.859524,False
0.0,30,246842.317143,False
2.1,30,246892.024855,True
2.5,30,246942.31054,True
2.7,30,246985.774413,True
2.8,30,247034.854365,True
1.9,30,247085.546008,True
0.0,30,247130.172477,False
0.0,30,247179.615591,False
0.0,30,247224.852728,False
2.6,30,247269.425601,True
2.5,30,247311.160601,True
2.4,30,247350.549203,True
1.0,30,247397.054756,False
2.0,30,247439.229923,True
0.0,30,247486.044792,False
2.7,30,247535.209859,True
0.0,30,247585.856479,False
0.0,30,247629.976465,False
1.1,30,247677.655086,True
2.3,30,247727.849671,True
0.0,30,247774.26596,False
2.1,30,247817.711795,True
2.0,30,247863.778313,True
0.0,30,247931.420091,False
0.0,30,247972.871218,False
2.7,30,248017.380099,True
2.7,30,248063.279043,True
0.0,30,248115.122786,False
0.0,30,248166.846395,False
0.0,30,248220.233597,False
0.0,30,248272.381316,False
2.8,30,248609.307683,True
0.0,30,248654.113873,False
2.8,30,248698.911228,True
0.0,30,248745.708121,False
2.6,30,248794.389248,True
2.4,30,248839.084967,True
0.0,30,248884.617365,False
0.0,30,248933.10743,False
0.0,30,248986.858865,False
2.9,30,249038.099404,True
0.0,30,249090.999182,False
0.0,30,249132.617492,False
0.0,30,249175.63783,False
2.8,30,249227.781467,True
0.0,30,249272.212803,False
0.0,30,249320.095734,False
0.0,30,249360.345719,False
0.0,30,249414.666362,False
2.7,30,249466.95688,True
2.4,30,249512.986829,True
2.0,30,249558.183019,True
2.5,30,249631.27854,True
0.0,30,249677.964443,False
2.7,30,249722.395504,True
2.7,30,249767.965421,True
0.0,30,249813.09672,False
0.0,30,249868.598018,False
2.8,30,249914.695909,True
2.1,30,249959.637119,True
2.6,30,250007.780591,True
2.8,30,250050.840448,True
0.0,30,250094.6018,False
2.6,30,250143.29677,True
0.0,30,250189.847221,False
1.1,30,250512.942582,True
2.7,30,250555.640371,True
2.6,30,250603.012829,True
0.0,30,250654.547426,False
0.0,30,250702.278342,False
2.6,30,250747.971209,True
0.0,30,250791.240978,False
0.0,30,250841.836396,False
2.6,30,250885.301723,True
0.0,30,250929.098449,False
0.0,30,250971.169884,False
0.0,30,251015.889985,False
2.7,30,251058.138555,True
0.5,30,251101.981268,True
0.0,30,251152.076679,False
0.0,30,251202.418987,False
0.0,30,251252.041265,False
2.6,30,251305.162427,True
0.0,30,251352.858488,False
0.0,30,251404.442192,False
0.0,30,251451.288077,False
2.9,30,251494.781046,True
0.0,30,251537.574639,False
0.0,30,251583.673288,False
2.6,30,251626.260579,True
2.1,30,251674.855972,True
0.0,30,251724.159959,False
1.8,30,251771.030768,False
0.0,30,251816.854964,False
1.3,30,251858.671967,True
2.9,30,251899.179141,True
2.3,30,251941.956143,True
2.5,30,251984.574796,True
2.4,30,252034.715004,True
0.0,30,252086.43213,False
0.0,30,252409.610121,False
1.9,30,252455.535494,True
0.0,30,252501.266154,False
2.7,30,252549.40267,True
2.5,30,252596.813273,True
0.0,30,252650.084905,False
2.4,30,252695.999937,True
2.5,30,252755.533796,True
2.1,30,252799.37178,True
0.0,30,252844.378596,False
1.4,30,252892.36745,True
2.1,30,252940.188333,True
0.0,30,252988.102592,False
0.0,30,253032.160218,False
1.9,30,253076.321248,True
2.5,30,253118.85198,True
0.0,30,253164.829542,False
0.0,30,253223.074957,False
1.9,30,253269.497861,True
0.0,30,253314.744824,False
1.7,30,253359.802913,True
0.0,30,253405.02647,False
0.0,30,253459.430554,False
0.0,30,253506.908734,False
2.1,30,253552.781718,True
0.0,30,253592.287067,False
0.0,30,253638.559744,False
0.0,30,253687.553399,False
2.7,30,253728.755495,True
0.7,30,253776.731385,True
3.0,30,253824.6304,True
0.0,30,253869.382605,False
0.0,30,253924.848982,False
0.0,30,253972.13039,False
2.4,30,254299.64146,True
0.0,30,254347.488358,False
0.0,30,254392.014225,False
2.9,30,254434.31272,True
0.0,30,254480.790399,False
0.0,30,254531.162389,False
2.8,30,254578.753707,True
2.8,30,254628.759413,True
2.3,30,254673.918424,True
0.0,30,254724.697464,False
0.0,30,254769.38207,False
0.0,30,254818.943053,False
2.2,30,254860.492197,True
0.0,30,254901.204825,False
0.0,30,254947.980775,False
0.0,30,255000.528294,False
2.5,30,255046.220559,True
0.0,30,255091.925519,False
0.0,30,255137.024938,False
0.0,30,255192.483411,False
2.3,30,255237.96597,True
2.8,30,255285.692246,True
0.0,30,255330.782668,False
2.0,30,255373.631179,False
0.0,30,255416.102394,False
0.0,30,255467.837706,False
2.4,30,255515.460509,True
2.8,30,255561.763788,True
1.0,30,255606.932326,True
2.0,30,255657.321106,True
2.5,30,255710.173245,True
0.0,30,255754.059653,False
2.5,30,255800.913505,True
0.0,30,255844.688813,False
2.2,30,256184.56872,True
0.0,30,256231.782319,False
0.0,30,256283.803681,False
0.0,30,256330.754125,False
0.0,30,256377.503992,False
2.8,30,256429.295434,True
2.4,30,256477.161495,True
0.0,30,256530.149059,False
0.1,30,256581.852393,True
0.0,30,256632.54268,False
2.6,30,256682.36914,True
1.0,30,256729.856672,True
2.1,30,256777.794587,True
2.4,30,256820.297583,True
0.0,30,256862.585291,False
0.0,30,256908.562171,False
2.8,30,256952.32202,True
0.0,30,257001.4502,False
0.0,30,257050.420546,False
2.2,30,257100.031273,True
0.0,30,257166.529959,False
2.7,30,257215.856507,True
2.7,30,257263.720363,True
0.0,30,257314.072076,False
0.0,30,257361.729559,False
2.1,30,257409.575019,True
0.0,30,257457.085728,False
0.0,30,257509.963343,False
2.0,30,257557.321728,True
2.7,30,257600.270308,True
2.8,30,257639.491195,True
2.3,30,257684.240652,True
0.0,30,257728.017365,False
0.0,30,257783.531446,False
0.0,30,258117.943586,False
2.1,30,258163.897704,True
1.6,30,258220.872802,True
2.4,30,258268.453682,True
0.0,30,258315.175349,False
3.0,30,258363.415234,True
0.0,30,258411.290506,False
2.7,30,258461.267339,True
2.6,30,258508.572569,True
0.0,30,258552.659879,False
0.0,30,258599.468615,False
2.4,30,258644.887611,True
0.0,30,258687.046059,False
2.6,30,258734.025713,True
0.0,30,258793.182791,False
2.5,30,258837.661432,True
0.0,30,258888.041117,False
2.3,30,258930.98096,True
0.0,30,258981.72841,False
2.4,30,259025.196444,True
2.2,30,259076.399748,True
0.0,30,259118.952628,False
2.6,30,259163.708441,True
0.0,30,259209.12802,False
0.0,30,259258.91906,False
0.0,30,259307.804178,False
2.1,30,259357.897141,True
0.0,30,259407.686482,False
2.6,30,259459.748376,True
2.4,30,259504.579686,True
0.0,30,259549.003146,False
0.0,30,259600.294374,False
2.3,30,259646.253814,True
2.1,30,259693.192048,True
2.8,30,260053.095776,True
0.0,30,260103.461391,False
0.0,30,260152.1552,False
2.6,30,260204.268367,True
2.6,30,260250.079603,True
1.2,30,260305.157174,True
2.7,30,260353.858162,True
0.0,30,260411.584723,False
0.0,30,260462.927672,False
2.6,30,260510.285127,True
2.9,30,260570.479936,True
0.0,30,260610.878236,False
0.0,30,260657.586681,False
2.5,30,260702.512805,True
0.0,30,260747.799134,False
2.5,30,260795.759104,True
2.8,30,260844.373848,True
0.0,30,260889.596123,False
2.6,30,260939.198216,True
2.3,30,260988.920119,True
0.0,30,261039.064386,False
0.0,30,261085.861402,False
0.0,30,261138.076541,False
0.0,30,261187.680905,False
1.5,30,261235.378319,True
2.8,30,261286.299902,True
1.9,30,261327.190196,True
1.0,30,261369.932846,True
1.6,30,261413.75823,True
0.0,30,261469.448483,False
0.0,30,261517.405236,False
0.0,30,261565.422325,False
3.0,30,261611.699049,True
0.0,30,261657.505668,False
2.5,30,261989.16162,True
2.7,30,262033.252493,True
1.2,30,262083.251215,True
2.9,30,262129.721599,True
0.0,30,262177.731232,False
0.0,30,262222.719424,False
2.2,30,262269.337647,True
2.5,30,262313.796725,True
3.0,30,262359.937353,True
0.0,30,262410.221668,False
0.0,30,262458.413434,False
0.0,30,262500.682075,False
3.0,30,262553.503794,True
0.0,30,262598.174813,False
0.0,30,262645.363605,False
0.1,30,262692.276241,False
0.0,30,262737.642267,False
2.8,30,262782.554109,True
2.7,30,262833.486568,True
0.0,30,262875.107109,False
2.6,30,262918.186537,True
2.9,30,262965.296518,True
2.4,30,263013.023544,True
0.0,30,263059.589438,False
0.0,30,263099.24176,False
2.4,30,263143.27971,True
2.7,30,263197.164004,True
2.9,30,263240.254285,True
0.0,30,263282.937943,False
0.0,30,263330.554159,False
2.6,30,263379.682658,True
0.0,30,263424.068393,False
2.5,30,263477.858646,True
0.0,30,263520.450941,False
2.5,30,263871.966867,True
0.0,30,263924.106568,False
0.0,30,263977.778047,False
0.0,30,264022.597072,False
0.0,30,264069.194846,False
0.0,30,264124.800257,False
0.0,30,264175.371759,False
0.0,30,264221.386975,False
0.0,30,264271.97046,False
0.0,30,264317.488164,False
1.8,30,264362.474921,True
0.0,30,264408.185743,False
0.0,30,264448.382062,False
0.0,30,264495.913748,False
0.0,30,264548.061613,False
2.9,30,264604.593957,True
0.0,30,264650.691174,False
0.0,30,264698.343291,False
2.7,30,264742.828392,True
0.0,30,264792.039042,False
0.0,30,264838.244523,False
0.0,30,264887.5549,False
2.8,30,264941.569564,True
1.1,30,264987.7525,True
0.0,30,265034.31967,False
1.7,30,265079.874823,True
2.5,30,265123.285555,True
2.6,30,265167.237999,True
2.8,30,265222.401338,True
2.1,30,265277.171588,True
0.0,30,265320.240321,False
2.4,30,265365.55748,True
0.0,30,265414.433398,False
2.7,30,265462.589245,True
0.0,30,265508.935711,False
0.0,30,265849.461852,False
2.5,30,265898.36865,True
0.0,30,265944.541306,False
2.3,30,265988.569961,True
0.0,30,266035.497873,False
2.1,30,266085.524731,True
0.0,30,266131.944633,False
0.1,30,266176.535609,False
2.4,30,266219.649433,True
0.9,30,266266.403376,False
1.3,30,266308.785469,True
0.0,30,266361.946277,False
0.0,30,266403.505306,False
0.0,30,266452.335364,False
0.0,30,266497.047702,False
2.5,30,266544.209931,True
1.6,30,266584.718051,True
2.6,30,266632.265477,True
1.9,30,266682.810037,True
0.0,30,266731.924898,False
2.6,30,266776.424344,True
2.8,30,266825.030357,True
2.2,30,266870.986374,True
2.8,30,266919.149137,True
2.9,30,266963.150789,True
2.2,30,267007.028592,True
2.3,30,267047.752722,True
0.0,30,267091.951506,False
0.0,30,267137.292676,False
2.8,30,267181.375442,True
2.9,30,267228.83255,True
0.0,30,267277.878003,False
2.8,30,267326.811822,True
0.0,30,267373.500918,False
0.0,30,267735.574439,False
0.0,30,267787.607562,False
2.5,30,267829.694834,True
0.0,30,267877.402347,False
2.4,30,267922.931295,True
2.3,30,267972.337492,True
0.6,30,268023.155023,True
2.8,30,268064.69327,True
0.0,30,268111.546286,False
2.4,30,268160.110926,True
2.6,30,268206.075591,True
2.6,30,268249.569728,True
0.0,30,268295.188785,False
2.8,30,268339.415707,True
1.4,30,268391.946673,True
2.5,30,268439.840362,True
0.0,30,268481.771331,False
0.0,30,268528.339825,False
2.3,30,268575.711581,True
0.0,30,268625.881262,False
0.0,30,268669.123857,False
2.7,30,268711.128958,True
1.3,30,268758.70781,True
2.5,30,268803.597853,True
0.0,30,268852.134094,False
2.6,30,268897.349621,True
0.0,30,268941.849063,False
0.0,30,268982.063588,False
0.0,30,269034.810732,False
1.8,30,269079.652795,True
2.3,30,269130.780771,True
2.5,30,269178.190008,True
0.0,30,269225.20163,False
0.0,30,269273.725362,False
0.0,30,269614.679801,False
0.0,30,269665.117818,False
0.0,30,269711.719203,False
2.8,30,269756.971406,True
2.0,30,269805.523149,True
0.0,30,269852.406184,False
2.8,30,269906.904286,True
0.0,30,269953.030288,False
2.2,30,269997.069379,True
0.0,30,270040.303387,False
0.0,30,270090.191725,False
0.0,30,270135.37352,False
2.4,30,270181.562955,True
2.4,30,270236.232616,True
0.0,30,270280.536761,False
0.0,30,270326.906343,False
0.0,30,270370.714104,False
0.0,30,270420.684489,False
0.0,30,270467.208856,False
2.4,30,270516.812004,True
0.0,30,270571.849026,False
2.8,30,270615.950272,True
0.0,30,270670.642529,False
2.1,30,270719.274739,True
2.7,30,270769.425561,True
0.0,30,270827.445716,False
2.9,30,270875.924274,True
3.0,30,270921.98278,True
0.0,30,270971.942496,False
2.5,30,271019.024455,True
2.7,30,271065.965647,True
0.0,30,271114.413051,False
0.0,30,271166.754797,False
1.2,30,271221.512867,True
0.0,30,271552.131929,False
0.0,30,271605.153848,False
2.4,30,271658.79269,True
2.6,30,271699.162743,True
1.3,30,271746.253542,True
0.5,30,271797.496728,True
2.5,30,271841.404991,True
2.7,30,271885.19234,True
0.0,30,271931.40691,False
0.0,30,271980.947716,False
0.0,30,272027.050637,False
0.0,30,272071.828583,False
2.8,30,272116.422755,True
0.0,30,272167.024347,False
2.0,30,272222.202633,True
0.0,30,272266.713142,False
0.0,30,272309.736919,False
0.0,30,272356.550454,False
0.0,30,272400.179645,False
2.8,30,272449.120416,True
0.0,30,272494.197463,False
0.0,30,272537.389631,False
0.0,30,272588.141882,False
3.0,30,272630.224511,True
0.0,30,272676.156469,False
2.9,30,272722.264445,True
2.7,30,272776.03339,True
2.3,30,272821.350422,True
0.0,30,272872.295134,False
2.5,30,272914.211856,True
0.0,30,272957.572199,False
0.0,30,273000.982759,False
0.0,30,273046.979102,False
2.6,30,273092.710329,True
0.0,30,273387.625582,False
0.0,30,273441.627775,False
2.6,30,273493.141324,True
2.4,30,273543.418072,True
2.7,30,273589.097498,True
0.0,30,273635.485043,False
2.8,30,273678.231629,True
0.0,30,273730.496322,False
2.5,30,273777.370023,True
2.4,30,273822.265553,True
0.0,30,273866.569678,False
2.1,30,273910.946753,True
2.5,30,273954.401215,True
2.5,30,274006.867859,True
0.0,30,274053.41673,False
0.0,30,274097.46889,False
0.0,30,274144.014997,False
0.0,30,274204.787771,False
2.3,30,274249.459759,True
2.3,30,274294.379972,True
0.0,30,274338.035058,False
0.0,30,274386.471568,False
1.9,30,274433.989073,True
0.0,30,274480.14064,False
0.0,30,274529.124433,False
0.0,30,274574.063491,False
0.0,30,274616.01276,False
0.0,30,274657.741372,False
0.0,30,274707.463499,False
0.0,30,274752.388093,False
0.0,30,274800.656717,False
2.9,30,274844.716112,True
1.3,30,274888.182221,True
0.0,30,274932.234587,False
0.0,30,275243.998469,False
0.0,30,275291.148787,False
2.7,30,275332.422803,True
2.6,30,275377.402481,True
0.0,30,275425.483855,False
2.9,30,275475.785302,True
2.0,30,275517.503675,True
0.0,30,275562.726179,False
3.0,30,275604.321836,True
2.7,30,275649.22445,True
1.9,30,275693.567928,True
0.0,30,275743.311253,False
0.0,30,275792.335761,False
2.5,30,275836.438557,True
2.4,30,275876.1844,True
0.0,30,275915.626174,False
2.2,30,275960.018438,True
0.0,30,276004.136152,False
2.5,30,276054.455305,True
2.4,30,276101.117316,True
2.4,30,276150.845138,True
2.7,30,276199.727094,True
2.0,30,276251.521325,True
0.0,30,276300.455182,False
0.0,30,276352.767336,False
2.7,30,276398.565433,True
0.0,30,276442.922769,False
2.5,30,276488.728387,True
0.0,30,276537.243734,False
2.6,30,276583.086663,True
2.4,30,276634.172719,True
1.6,30,276677.707928,True
2.5,30,276727.512755,True
0.0,30,276775.188954,False
0.0,30,277065.005394,False
2.5,30,277113.681986,True
2.4,30,277156.749099,True
2.1,30,277198.976482,True
0.0,30,277250.604459,False
0.0,30,277296.454935,False
2.8,30,277339.992971,True
2.5,30,277386.804791,True
0.0,30,277429.924716,False
1.6,30,277479.869392,True
2.8,30,277529.530239,True
2.7,30,277574.898456,True
1.9,30,277630.083935,True
0.0,30,277677.917668,False
0.0,30,277719.692623,False
0.0,30,277768.388168,False
2.1,30,277815.173045,True
1.9,30,277866.266175,True
0.0,30,277911.592103,False
2.9,30,277955.146446,True
0.0,30,278010.24141,False
2.8,30,278069.393258,True
0.0,30,278113.528891,False
0.8,30,278161.256972,True
0.0,30,278202.976146,False
2.6,30,278254.668666,True
0.0,30,278305.646418,False
2.5,30,278353.588809,True
2.4,30,278395.271992,True
0.0,30,278444.916028,False
2.8,30,278493.601193,True
0.0,30,278540.419318,False
0.0,30,278582.975827,False
2.5,30,278626.525202,True
0.0,30,278945.778065,False
2.5,30,278993.771518,True
0.0,30,279047.839935,False
0.0,30,279093.071967,False
0.0,30,279136.168801,False
2.5,30,279186.224136,True
2.7,30,279233.318288,True
0.0,30,279280.286348,False
0.0,30,279333.599084,False
0.0,30,279374.089398,False
2.4,30,279415.904115,True
2.5,30,279466.064207,True
0.0,30,279507.727691,False
0.8,30,279552.012142,True
2.5,30,279599.015648,True
2.0,30,279649.314786,True
0.0,30,279694.917748,False
0.0,30,279745.143058,False
0.0,30,279795.87851,False
0.0,30,279845.317338,False
0.9,30,279891.824126,True
0.0,30,279936.828132,False
2.5,30,279979.604421,True
0.0,30,280027.504453,False
0.0,30,280075.134205,False
0.0,30,280124.833731,False
0.6,30,280169.100519,False
0.6,30,280219.660279,False
2.4,30,280264.135328,True
0.0,30,280317.483602,False
2.9,30,280362.209899,True
0.0,30,280405.501585,False
0.0,30,280460.028514,False
0.3,30,280505.289277,False
2.2,30,280551.835543,True
0.0,30,280845.092251,False
1.2,30,280890.361817,True
0.1,30,280935.687327,True
2.8,30,280984.388064,True
2.5,30,281032.670193,True
0.0,30,281077.933388,False
0.0,30,281123.998337,False
2.7,30,281167.825143,True
2.5,30,281218.293999,True
1.7,30,281262.130616,True
2.7,30,281310.426271,True
0.0,30,281355.703066,False
0.0,30,281400.45255,False
2.3,30,281442.299918,True
2.8,30,281486.364132,True
2.5,30,281541.028896,True
2.4,30,281587.582954,True
0.0,30,281633.93303,False
2.7,30,281681.532593,True
2.7,30,281731.608177,True
0.0,30,281776.098653,False
0.0,30,281821.426517,False
0.0,30,281868.108512,False
2.9,30,281918.91794,True
0.0,30,281966.158576,False
2.6,30,282016.035146,True
0.0,30,282061.174993,False
0.0,30,282106.208615,False
3.0,30,282155.45341,True
0.0,30,282200.261319,False
0.0,30,282249.186211,False
2.7,30,282300.78469,True
0.0,30,282348.754605,False
0.0,30,282403.102567,False
1.6,30,282741.489498,True
0.0,30,282787.078421,False
0.0,30,282838.953228,False
2.0,30,282897.591389,True
2.7,30,282942.719841,True
2.3,30,282991.448246,False
0.0,30,283039.037481,False
2.4,30,283086.796669,True
2.4,30,283135.849003,True
0.0,30,283190.555914,False
2.7,30,283244.052317,True
2.2,30,283291.00574,True
0.0,30,283342.402506,False
2.8,30,283385.720901,True
2.5,30,283440.657786,True
2.5,30,283490.941347,True
1.8,30,283538.988876,True
1.1,30,283587.913133,True
0.0,30,283631.363092,False
2.2,30,283682.825006,True
2.5,30,283726.806716,True
0.0,30,283777.986875,False
2.3,30,283826.86607,True
2.7,30,283871.496114,True
0.0,30,283919.847898,False
2.6,30,283966.489793,True
0.0,30,284014.194508,False
2.5,30,284061.123484,True
2.9,30,284110.675072,True
0.0,30,284157.269849,False
0.0,30,284205.444276,False
0.0,30,284256.900797,False
0.0,30,284306.34166,False
0.0,30,284352.618408,False
0.0,30,284690.67191,False
2.5,30,284742.549945,False
0.0,30,284794.785908,False
2.6,30,284845.601149,True
0.0,30,284896.000139,False
0.0,30,284944.460626,False
0.0,30,284991.285025,False
0.0,30,285036.117915,False
0.0,30,285083.113781,False
0.0,30,285134.803604,False
0.0,30,285182.058622,False
1.7,30,285223.917513,True
2.6,30,285272.357417,True
0.0,30,285319.008017,False
0.0,30,285362.986771,False
0.0,30,285415.664718,False
0.0,30,285466.77254,False
0.0,30,285514.321559,False
2.1,30,285559.195416,True
2.4,30,285603.618533,True
0.0,30,285653.058196,False
2.8,30,285706.203199,True
2.7,30,285752.22981,True
0.0,30,285798.476429,False
0.0,30,285848.860119,False
2.5,30,285899.26197,True
1.8,30,285942.200514,True
2.1,30,285991.412902,True
1.6,30,286035.339575,True
0.0,30,286086.34036,False
2.1,30,286132.209327,True
0.0,30,286183.65576,False
2.6,30,286229.195884,True
2.4,30,286281.928431,True
0.0,30,286643.211719,False
0.0,30,286697.317326,False
0.0,30,286741.847371,False
2.3,30,286790.36641,True
0.0,30,286841.125672,False
2.5,30,286884.701393,True
0.0,30,286935.277883,False
0.0,30,286982.298137,False
2.6,30,287027.096954,True
0.0,30,287070.399999,False
0.0,30,287117.120338,False
0.0,30,287162.775934,False
0.0,30,287210.262844,False
0.0,30,287263.689542,False
1.5,30,287313.554927,True
2.7,30,287363.931903,True
0.4,30,287406.670088,True
0.0,30,287456.544494,False
2.4,30,287505.753739,True
0.0,30,287555.447581,False
0.0,30,287606.002843,False
0.0,30,287652.664991,False
2.7,30,287703.141149,True
0.0,30,287746.391809,False
0.0,30,287793.183328,False
2.8,30,287843.811714,True
0.0,30,287885.383726,False
2.5,30,287927.668176,True
0.0,30,287967.924307,False
0.0,30,288016.963063,False
0.0,30,288062.584677,False
0.0,30,288111.9248,False
0.0,30,288157.442308,False
2.5,30,288201.02308,True
0.0,30,288511.017786,False
0.0,30,288558.067043,False
2.7,30,288600.229704,True
2.6,30,288638.924342,True
1.6,30,288688.826722,True
2.7,30,288736.211091,True
0.0,30,288810.512701,False
0.0,30,288859.479906,False
0.0,30,288907.622287,False
0.0,30,288950.409429,False
0.0,30,288996.892057,False
1.0,30,289044.146461,True
3.0,30,289096.587877,True
1.5,30,289140.02648,True
0.0,30,289191.800913,False
0.1,30,289245.066653,True
2.5,30,289292.298943,True
0.0,30,289339.352085,False
0.0,30,289387.840037,False
0.0,30,289427.662933,False
2.6,30,289471.931757,True
0.0,30,289521.640881,False
0.0,30,289576.354995,False
2.2,30,289615.382803,True
1.6,30,289663.012165,True
2.1,30,289707.158646,True
2.1,30,289751.101856,True
0.0,30,289800.364985,False
0.5,30,289850.048454,True
2.8,30,289908.787152,True
0.0,30,289955.709327,False
0.0,30,290002.381132,False
2.5,30,290048.61271,True
0.0,30,290106.511025,False
0.0,30,290456.18041,False
2.8,30,290501.339354,True
1.4,30,290550.5959,True
0.0,30,290599.96979,False
2.7,30,290649.00049,True
2.7,30,290692.741356,True
0.0,30,290740.99727,False
2.2,30,290784.35162,True
0.0,30,290829.770458,False
0.0,30,290877.517167,False
0.0,30,290930.804813,False
0.0,30,290993.005442,False
2.8,30,291041.365666,True
0.0,30,291087.592308,False
0.0,30,291130.757972,False
1.8,30,291174.802011,True
2.1,30,291223.573422,True
2.8,30,291266.450316,True
0.0,30,291309.360505,False
2.7,30,291359.352086,True
0.0,30,291405.752716,False
0.1,30,291447.832102,True
2.5,30,291490.76143,True
0.0,30,291538.760475,False
0.0,30,291586.996679,False
0.0,30,291630.040237,False
0.0,30,291678.387498,False
2.7,30,291728.730071,True
0.7,30,291777.33536,False
2.6,30,291829.382408,True
2.9,30,291876.801766,True
2.4,30,291920.667257,True
2.6,30,291962.607031,True
0.0,30,292008.935248,False
3.0,30,292382.390584,True
2.5,30,292439.973187,True
0.0,30,292488.581686,False
2.8,30,292534.031666,True
0.0,30,292577.924014,False
0.0,30,292635.961926,False
0.0,30,292686.91518,False
2.6,30,292737.196774,True
0.0,30,292785.149553,False
0.0,30,292824.953837,False
0.0,30,292870.752154,False
0.0,30,292912.186616,False
2.8,30,292957.128818,True
2.4,30,292998.065836,True
2.8,30,293045.993482,True
0.0,30,293095.257462,False
2.5,30,293145.14203,True
2.9,30,293196.473868,True
0.1,30,293239.957566,True
0.0,30,293285.117945,False
0.0,30,293331.823472,False
0.0,30,293379.117404,False
0.0,30,293425.964114,False
0.0,30,293469.351888,False
0.0,30,293510.837995,False
0.0,30,293554.72208,False
0.0,30,293600.035089,False
1.0,30,293647.2911,True
2.7,30,293689.436619,True
0.0,30,293739.261117,False
0.0,30,293787.61002,False
0.0,30,293837.707162,False
0.0,30,293879.55429,False
2.4,30,293927.094933,True
2.2,30,293976.735726,True
2.6,30,294289.825364,True
2.8,30,294328.366141,True
0.0,30,294371.969183,False
2.3,30,294420.090887,False
2.8,30,294462.071998,True
0.0,30,294509.042237,False
0.0,30,294559.057573,False
2.9,30,294606.400337,True
0.0,30,294651.918549,False
2.4,30,294703.297837,True
0.0,30,294745.340097,False
2.8,30,294788.961668,True
2.6,30,294838.194859,True
0.0,30,294880.450309,False
2.6,30,294928.905162,True
2.9,30,294976.818774,True
3.0,30,295024.827183,True
2.6,30,295068.99435,True
0.0,30,295114.453243,False
2.6,30,295162.308242,True
0.5,30,295208.422715,True
0.2,30,295256.391354,True
2.5,30,295298.885544,True
2.4,30,295344.63109,True
0.0,30,295391.641618,False
2.7,30,295438.773293,True
0.0,30,295483.317286,False
1.9,30,295541.56979,False
0.0,30,295585.886904,False
0.0,30,295626.403984,False
2.2,30,295668.110398,True
0.0,30,295714.747639,False
0.0,30,295758.285823,False
0.0,30,295810.032573,False
3.0,30,296117.79056,True
0.0,30,296162.376205,False
0.0,30,296207.085601,False
0.0,30,296252.430592,False
3.0,30,296295.63358,True
0.0,30,296336.534499,False
0.0,30,296382.324418,False
2.6,30,296429.337671,True
0.0,30,296473.184977,False
2.2,30,296520.414428,True
0.0,30,296562.024328,False
2.5,30,296609.375866,True
0.0,30,296656.205168,False
0.0,30,296702.523567,False
0.0,30,296745.482868,False
2.3,30,296788.86516,True
2.7,30,296839.418103,True
2.7,30,296883.719637,True
2.3,30,296926.404809,True
0.7,30,296976.549156,True
0.0,30,297023.730408,False
2.7,30,297067.962671,True
0.0,30,297113.770511,False
2.4,30,297160.997903,True
2.2,30,297204.658237,True
1.7,30,297250.451849,True
0.0,30,297306.415035,False
0.0,30,297355.370992,False
0.0,30,297398.229698,False
2.8,30,297440.859154,True
1.0,30,297479.656659,True
0.0,30,297524.203553,False
0.0,30,297575.166252,False
0.0,30,297623.408626,False
0.0,30,297900.921182,False
2.6,30,297945.038354,True
0.0,30,297993.222689,False
3.0,30,298042.222833,True
0.0,30,298084.590213,False
2.3,30,298131.217663,True
2.2,30,298175.692009,True
0.0,30,298218.933281,False
2.0,30,298264.030784,True
0.9,30,298309.230126,True
2.2,30,298352.979353,True
2.9,30,298408.079097,True
0.0,30,298454.280831,False
0.0,30,298508.474626,False
0.2,30,298548.491462,True
2.9,30,298593.69468,True
0.0,30,298649.22167,False
0.0,30,298695.690056,False
3.0,30,298740.209728,True
0.6,30,298778.502137,True
0.0,30,298823.545511,False
0.0,30,298871.738788,False
2.6,30,298914.296657,True
0.0,30,298961.538786,False
2.6,30,299007.038661,True
2.3,30,299047.798083,True
1.6,30,299096.222057,True
0.0,30,299140.501714,False
0.0,30,299186.912801,False
2.8,30,299232.094279,True
0.0,30,299276.943076,False
2.8,30,299328.13223,True
2.6,30,299374.047389,True
0.0,30,299414.986892,False
2.8,30,299700.84211,True
0.0,30,299751.95276,False
2.6,30,299796.699918,True
0.0,30,299844.97876,False
1.8,30,299893.906984,True
2.7,30,299941.272778,True
0.0,30,299980.880164,False
0.0,30,300028.537887,False
0.0,30,300075.630961,False
2.2,30,300123.814787,True
0.0,30,300173.530254,False
0.0,30,300217.58096,False
2.3,30,300260.707147,True
2.1,30,300309.334451,True
0.0,30,300352.930589,False
0.0,30,300403.742581,False
0.0,30,300452.771997,False
2.8,30,300490.503248,True
0.0,30,300535.336329,False
0.0,30,300583.190968,False
0.0,30,300628.201135,False
0.0,30,300666.732433,False
2.6,30,300719.354887,True
0.0,30,300760.404431,False
0.0,30,300805.66351,False
1.8,30,300848.887793,True
2.5,30,300900.221622,True
0.0,30,300945.976426,False
2.7,30,300987.579007,True
2.6,30,301037.787281,True
0.0,30,301082.046337,False
0.0,30,301126.872665,False
0.0,30,301173.865472,False
0.0,30,301221.121202,False
2.4,30,301514.703887,True
2.5,30,301563.81938,True
1.5,30,301611.383171,True
0.0,30,301663.143656,False
2.4,30,301709.386978,True
0.0,30,301758.883711,False
2.4,30,301806.467471,True
1.7,30,301852.348894,True
0.0,30,301926.334741,False
0.0,30,301985.805059,False
0.0,30,302028.767287,False
2.7,30,302074.240121,True
0.0,30,302121.110434,False
2.4,30,302173.266104,True
2.7,30,302216.226994,True
0.0,30,302262.759609,False
0.0,30,302314.462941,False
0.0,30,302360.972466,False
0.0,30,302408.012048,False
2.5,30,302449.147937,True
2.5,30,302494.516853,True
1.0,30,302541.619442,True
0.0,30,302581.750646,False
0.0,30,302628.792379,False
2.9,30,302679.535392,True
0.0,30,302720.673546,False
2.5,30,302765.662647,True
2.5,30,302814.365972,True
1.5,30,302861.556231,True
1.1,30,302903.183241,True
0.0,30,302942.71335,False
0.0,30,302989.55613,False
0.0,30,303037.58653,False
3.0,30,303080.403388,True
0.0,30,303376.984652,False
2.8,30,303421.127252,True
0.0,30,303463.609822,False
0.0,30,303510.642209,False
2.1,30,303552.833348,True
2.7,30,303590.193176,True
0.0,30,303633.302751,False
0.6,30,303681.186532,False
2.5,30,303721.992787,True
2.4,30,303766.792177,True
0.0,30,303810.429466,False
0.0,30,303855.078899,False
2.2,30,303899.453649,True
2.5,30,303945.987197,True
2.6,30,303983.351938,True
1.8,30,304038.570361,True
2.6,30,304083.965004,True
2.5,30,304128.353225,True
1.4,30,304174.687465,True
0.5,30,304219.704056,True
2.5,30,304263.910923,True
2.6,30,304303.711259,True
1.5,30,304347.92663,True
1.7,30,304391.158178,True
2.7,30,304433.473346,True
2.9,30,304480.213356,True
2.9,30,304522.437718,True
0.0,30,304570.489879,False
2.7,30,304607.893777,True
2.8,30,304659.64706,True
0.0,30,304701.299761,False
0.0,30,304740.682182,False
0.0,30,304782.68873,False
0.0,30,304830.639358,False
0.0,30,305120.193339,False
0.0,30,305163.643705,False
2.8,30,305212.919098,True
2.1,30,305257.369348,True
0.0,30,305296.982567,False
0.0,30,305339.80273,False
0.0,30,305382.926306,False
0.0,30,305434.759315,False
0.0,30,305482.972541,False
0.0,30,305528.750522,False
3.0,30,305577.772718,True
0.0,30,305621.910379,False
0.0,30,305666.530951,False
2.9,30,305712.976323,True
0.0,30,305762.980451,False
0.0,30,305813.493928,False
2.6,30,305857.31461,True
2.5,30,305902.2916,True
2.6,30,305942.692516,True
0.0,30,305986.383823,False
0.0,30,306027.525901,False
0.0,30,306079.613658,False
0.0,30,306124.311646,False
0.0,30,306171.683436,False
2.7,30,306217.530033,True
2.8,30,306261.298353,True
2.4,30,306305.800967,True
0.0,30,306352.762837,False
0.0,30,306398.407063,False
2.7,30,306453.646823,True
1.6,30,306505.804522,True
0.0,30,306554.983479,False
0.0,30,306599.678496,False
0.0,30,306643.359306,False
0.0,30,306953.308439,False
0.0,30,306996.68925,False
1.8,30,307039.47687,True
0.0,30,307085.848661,False
2.5,30,307133.589089,True
0.0,30,307177.356545,False
2.1,30,307227.213265,True
0.0,30,307274.563669,False
0.0,30,307323.005251,False
2.3,30,307368.334512,True
3.0,30,307419.250812,True
1.6,30,307459.548414,True
0.0,30,307503.52547,False
2.3,30,307549.362254,True
0.0,30,307592.349686,False
0.0,30,307643.079299,False
1.7,30,307685.460675,True
2.5,30,307733.800468,True
0.0,30,307777.340962,False
1.8,30,307820.344718,True
2.3,30,307868.006398,True
2.8,30,307915.490408,True
2.5,30,307967.762308,True
1.8,30,308015.538598,True
2.4,30,308060.235121,True
0.0,30,308104.111897,False
0.0,30,308147.940446,False
0.0,30,308195.235901,False
0.0,30,308237.266424,False
0.0,30,308283.729469,False
2.3,30,308328.659935,True
2.2,30,308372.651526,True
0.0,30,308415.004522,False
2.6,30,308460.572689,True
0.0,30,308500.899292,False
2.4,30,308827.298269,True
0.0,30,308870.45431,False
0.0,30,308919.154693,False
0.0,30,308967.607857,False
0.0,30,309009.397462,False
0.0,30,309054.840165,False
0.5,30,309105.70072,True
0.0,30,309150.190617,False
0.0,30,309191.939792,False
0.0,30,309242.772418,False
1.5,30,309297.166941,True
2.4,30,309340.643917,True
2.6,30,309386.761417,True
2.8,30,309429.57981,True
2.8,30,309476.353993,True
2.3,30,309523.872849,True
1.5,30,309568.361201,True
0.0,30,309615.544494,False
0.0,30,309671.585933,False
0.0,30,309714.538162,False
0.0,30,309761.82276,False
0.0,30,309807.278961,False
0.0,30,309851.056195,False
0.0,30,309897.065008,False
2.3,30,309943.559925,True
0.0,30,309988.77929,False
1.2,30,310034.219889,True
0.0,30,310078.914233,False
0.0,30,310129.481618,False
2.8,30,310174.354563,True
0.0,30,310220.452389,False
0.0,30,310269.881531,False
0.0,30,310317.223838,False
0.0,30,310361.165003,False
0.0,30,310693.370936,False
0.0,30,310738.591861,False
0.0,30,310789.818878,False
2.6,30,310832.250947,True
0.0,30,310883.12347,False
0.0,30,310929.281979,False
0.0,30,310978.612352,False
0.0,30,311029.935932,False
2.5,30,311076.13853,True
2.9,30,311125.513884,True
2.3,30,311172.35206,True
2.1,30,311215.012025,True
0.0,30,311259.548889,False
0.0,30,311305.759098,False
0.0,30,311349.556182,False
0.0,30,311394.398773,False
2.5,30,311440.475291,True
2.4,30,311485.900941,True
0.0,30,311531.330534,False
2.7,30,311580.477968,True
0.0,30,311623.447926,False
0.0,30,311676.195759,False
0.0,30,311723.645795,False
2.3,30,311803.285053,True
2.4,30,311853.001755,True
0.0,30,311896.154631,False
0.0,30,311943.521528,False
0.0,30,311985.744766,False
0.0,30,312032.933204,False
1.7,30,312080.218107,True
0.0,30,312142.576449,False
0.0,30,312195.02723,False
0.0,30,312251.068725,False
0.0,30,312313.420835,False
0.0,30,312609.107856,False
2.1,30,312655.687524,True
0.0,30,312701.118046,False
0.0,30,312745.439479,False
2.5,30,312793.42979,True
1.6,30,312834.638201,True
0.0,30,312880.399735,False
1.8,30,312924.842383,True
2.7,30,312975.280643,True
0.0,30,313021.727704,False
0.0,30,313066.485415,False
0.0,30,313112.751935,False
2.6,30,313159.59659,True
0.0,30,313201.779767,False
0.0,30,313250.828265,False
2.6,30,313295.682279,True
0.0,30,313340.807433,False
2.8,30,313383.424272,True
0.0,30,313429.022817,False
0.0,30,313480.427154,False
0.0,30,313528.520611,False
2.7,30,313571.182851,True
2.5,30,313617.259805,True
0.0,30,313668.742128,False
2.0,30,313713.439083,True
0.0,30,313760.68888,False
0.0,30,313806.925364,False
0.0,30,313852.367043,False
0.0,30,313899.874273,False
2.9,30,313949.652644,True
0.0,30,313999.452734,False
2.6,30,314041.520322,True
0.0,30,314090.462418,False
2.7,30,314137.309593,True
0.0,30,314443.930646,False
2.7,30,314488.65418,True
0.0,30,314536.924231,False
1.1,30,314578.564819,True
2.6,30,314626.602937,True
2.4,30,314672.672987,True
2.5,30,314719.805135,True
1.8,30,314776.933139,True
0.0,30,314821.791336,False
2.4,30,314869.032561,True
0.0,30,314913.954283,False
0.0,30,314960.658274,False
2.9,30,315007.670573,True
1.3,30,315051.043875,True
0.0,30,315087.681711,False
2.1,30,315134.185578,True
2.9,30,315180.966347,True
0.0,30,315228.855098,False
2.6,30,315277.383229,True
2.7,30,315320.747567,True
1.7,30,315363.50588,True
1.0,30,315406.287375,False
3.0,30,315451.24778,True
2.8,30,315492.203652,True
0.0,30,315538.586172,False
0.3,30,315587.528057,True
0.0,30,315627.350216,False
1.5,30,315677.185264,True
0.0,30,315719.871583,False
0.0,30,315775.982138,False
2.8,30,315818.417719,True
0.0,30,315862.756294,False
0.0,30,315907.534885,False
2.5,30,315951.602799,True
2.6,30,316268.63566,True
0.0,30,316317.341225,False
2.9,30,316360.50443,True
0.0,30,316406.143872,False
0.0,30,316448.12148,False
0.0,30,316496.13633,False
0.0,30,316539.311446,False
0.0,30,316585.646856,False
0.0,30,316628.028347,False
0.0,30,316673.006531,False
2.7,30,316721.454618,True
0.0,30,316769.219273,False
2.1,30,316814.399136,True
0.0,30,316859.606534,False
0.0,30,316903.353489,False
0.0,30,316946.473806,False
0.0,30,316993.775191,False
0.0,30,317040.008267,False
3.0,30,317091.231522,True
2.8,30,317137.682085,True
0.0,30,317183.323951,False
2.9,30,317229.962821,True
0.0,30,317276.338679,False
0.0,30,317323.862096,False
1.6,30,317367.70629,True
0.0,30,317411.449428,False
2.4,30,317452.817102,True
2.7,30,317495.135749,True
1.9,30,317542.014721,True
2.4,30,317589.099442,True
2.7,30,317641.463993,True
2.3,30,317684.549455,True
0.0,30,317723.568986,False
0.0,30,317774.653457,False
0.0,30,318089.513982,False
0.0,30,318138.253696,False
0.0,30,318179.627635,False
0.0,30,318223.835479,False
0.0,30,318263.885896,False
0.0,30,318308.303844,False
0.0,30,318347.763333,False
2.5,30,318391.924756,True
0.0,30,318436.338785,False
2.6,30,318482.268104,True
2.1,30,318526.536086,True
0.0,30,318569.073599,False
0.0,30,318611.83286,False
2.3,30,318653.50348,True
2.6,30,318698.87066,True
0.0,30,318748.735939,False
0.0,30,318793.581344,False
2.4,30,318841.651745,True
2.9,30,318890.980855,True
0.0,30,318942.229965,False
0.0,30,318988.179216,False
0.0,30,319026.725517,False
2.8,30,319072.812717,True
0.0,30,319120.582872,False
0.0,30,319164.21054,False
2.5,30,319207.439539,True
2.8,30,319249.068286,True
2.5,30,319288.885849,True
0.0,30,319333.369989,False
2.6,30,319377.934051,True
0.0,30,319423.29065,False
0.0,30,319468.773739,False
2.9,30,319517.992017,True
2.4,30,319563.5352,True
0.0,30,319865.212045,False
2.2,30,319908.878081,True
2.6,30,319955.347485,True
0.0,30,320003.362717,False
0.0,30,320052.9791,False
0.0,30,320100.196965,False
2.6,30,320147.138159,True
0.0,30,320193.311856,False
2.4,30,320240.664278,True
1.8,30,320287.23954,True
1.8,30,320331.597067,True
2.3,30,320374.003167,True
2.4,30,320417.976829,True
0.0,30,320464.367843,False
0.0,30,320509.284299,False
2.6,30,320552.594351,True
0.0,30,320598.783228,False
0.0,30,320643.870511,False
0.0,30,320693.858886,False
1.0,30,320738.05304,True
2.7,30,320781.471277,True
2.5,30,320828.653934,True
0.0,30,320873.994685,False
0.0,30,320914.929116,False
2.4,30,320962.804857,True
1.3,30,321008.459357,True
2.8,30,321053.127964,True
2.7,30,321098.368381,True
0.0,30,321147.28699,False
3.0,30,321189.267754,True
0.0,30,321246.130338,False
1.0,30,321294.20243,False
0.6,30,321338.45749,True
2.6,30,321406.382419,True
2.8,30,321453.848268,True
0.0,30,321747.827824,False
0.0,30,321793.99539,False
0.0,30,321839.692031,False
0.0,30,321885.084448,False
2.6,30,321939.845789,True
2.4,30,321986.765039,True
0.9,30,322028.354383,True
2.8,30,322075.601584,True
2.7,30,322126.301463,True
0.0,30,322173.602112,False
0.0,30,322213.905531,False
2.8,30,322259.935975,True
0.0,30,322302.980913,False
3.0,30,322348.459418,True
0.0,30,322397.728519,False
0.0,30,322447.060212,False
0.0,30,322490.319027,False
2.8,30,322535.513392,True
0.0,30,322583.920814,False
1.9,30,322631.539165,True
2.4,30,322690.496054,True
0.0,30,322734.179137,False
2.6,30,322778.965767,True
2.4,30,322823.701061,True
2.6,30,322866.290545,True
2.9,30,322918.937792,True
0.0,30,322966.582148,False
0.0,30,323025.466325,False
0.0,30,323075.298441,False
0.0,30,323122.759818,False
0.0,30,323171.58832,False
0.0,30,323228.40748,False
0.0,30,323268.755495,False
2.6,30,323319.556307,True
0.0,30,323650.78497,False
2.5,30,323700.45235,True
0.0,30,323744.748129,False
2.6,30,323788.345028,True
2.8,30,323832.479265,True
3.0,30,323877.597726,True
1.6,30,323923.654983,True
2.7,30,323967.724686,True
0.0,30,324010.416776,False
0.0,30,324053.715546,False
0.0,30,324097.482742,False
2.8,30,324156.7913,True
2.5,30,324203.932719,True
0.0,30,324257.148454,False
0.0,30,324307.870038,False
0.0,30,324346.934375,False
0.0,30,324391.903143,False
0.0,30,324435.651997,False
2.3,30,324479.606339,True
2.9,30,324525.255805,True
0.0,30,324569.72712,False
2.8,30,324618.591333,True
0.0,30,324667.93223,False
2.9,30,324713.23559,True
0.0,30,324758.678384,False
2.6,30,324809.42506,True
2.9,30,324851.428066,True
2.3,30,324894.536919,True
2.8,30,324953.54296,True
0.0,30,324994.990687,False
0.0,30,325037.060114,False
0.0,30,325089.123368,False
0.0,30,325132.557311,False
0.0,30,325179.779874,False
0.0,30,325513.356009,False
0.0,30,325556.336723,False
2.5,30,325601.255207,True
0.0,30,325666.265156,False
0.0,30,325717.320632,False
2.6,30,325762.493756,True
2.3,30,325810.582618,True
0.0,30,325857.268999,False
0.0,30,325900.404658,False
0.0,30,325948.220735,False
1.3,30,325995.027255,True
2.6,30,326046.249936,True
2.9,30,326097.638885,True
0.0,30,326148.476167,False
0.0,30,326192.56062,False
1.7,30,326233.2625,True
0.0,30,326278.323605,False
2.9,30,326326.083946,True
0.4,30,326369.808213,False
0.0,30,326419.567885,False
0.0,30,326470.077831,False
0.0,30,326515.790545,False
0.0,30,326560.41347,False
0.0,30,326608.403245,False
2.3,30,326656.519778,True
0.0,30,326701.061841,False
0.0,30,326743.276044,False
2.4,30,326801.082772,True
0.0,30,326840.436442,False
0.0,30,326888.455704,False
0.0,30,326933.671273,False
0.0,30,326992.075336,False
0.0,30,327039.244821,False
2.5,30,327083.077154,True
2.5,30,327396.308636,True
0.0,30,327440.794068,False
0.7,30,327486.924213,True
2.4,30,327533.439887,True
2.8,30,327575.369131,True
2.1,30,327628.336651,True
0.0,30,327673.092264,False
0.0,30,327719.191834,False
2.1,30,327768.141328,True
0.0,30,327809.389755,False
0.0,30,327854.916011,False
0.0,30,327899.747911,False
0.0,30,327948.139978,False
0.0,30,327994.163334,False
2.3,30,328043.449335,True
2.6,30,328091.153737,True
0.0,30,328138.559444,False
0.0,30,328184.479952,False
0.0,30,328232.408898,False
2.9,30,328282.163279,True
0.0,30,328324.372937,False
2.7,30,328370.944708,True
0.0,30,328414.56339,False
0.0,30,328455.034722,False
0.0,30,328499.83168,False
0.0,30,328539.567074,False
0.0,30,328582.275087,False
1.8,30,328629.802065,True
2.7,30,328675.181431,True
2.7,30,328721.398424,True
0.0,30,328769.124568,False
0.0,30,328812.542985,False
2.7,30,328855.030427,True
0.0,30,328902.946083,False
2.7,30,329190.827166,True
2.8,30,329236.594555,True
0.0,30,329276.691641,False
0.0,30,329320.083149,False
1.9,30,329364.169391,True
2.7,30,329410.151301,True
0.0,30,329454.718588,False
0.0,30,329500.882838,False
0.0,30,329549.299639,False
0.0,30,329594.141521,False
0.0,30,329636.434545,False
0.0,30,329684.513269,False
2.7,30,329734.633026,True
0.0,30,329775.74455,False
0.0,30,329820.115987,False
2.6,30,329872.282214,True
2.5,30,329916.53003,True
2.3,30,329962.859155,True
0.0,30,330016.028107,False
2.7,30,330062.899696,True
2.6,30,330102.206505,True
0.0,30,330146.824244,False
2.7,30,330187.776423,True
2.8,30,330234.764207,True
0.0,30,330280.692793,False
0.0,30,330326.420671,False
2.7,30,330367.848784,True
0.0,30,330416.249988,False
0.0,30,330466.480775,False
0.0,30,330505.508658,False
3.0,30,330549.940992,True
0.0,30,330598.076101,False
2.8,30,330646.524285,True
0.0,30,330691.442552,False
0.0,30,330993.008025,False
0.0,30,331034.804011,False
2.3,30,331082.907004,True
2.8,30,331124.092673,True
2.8,30,331178.96694,True
2.8,30,331230.141155,True
0.0,30,331275.114434,False
0.0,30,331320.306475,False
0.0,30,331367.788753,False
0.0,30,331410.845932,False
0.0,30,331455.006861,False
0.0,30,331506.458679,False
1.1,30,331548.61501,True
2.8,30,331605.314862,True
3.0,30,331655.988755,True
0.0,30,331696.569237,False
0.0,30,331735.431368,False
0.0,30,331779.465912,False
2.7,30,331827.714154,True
2.1,30,331872.952704,True
0.4,30,331922.825988,True
2.0,30,331967.197659,True
0.0,30,332012.829848,False
2.9,30,332062.564202,True
2.6,30,332108.47137,True
2.7,30,332157.402082,True
0.0,30,332201.943814,False
0.0,30,332243.45984,False
0.0,30,332287.960504,False
2.8,30,332327.323575,True
2.8,30,332368.965524,True
2.3,30,332409.398579,True
2.4,30,332454.035357,True
2.3,30,332501.300439,True
2.8,30,332813.587079,True
3.0,30,332856.313048,True
2.3,30,332903.12221,True
2.8,30,332946.318744,True
3.0,30,332992.469701,True
0.0,30,333039.261733,False
2.3,30,333081.236231,True
2.6,30,333129.594552,True
2.5,30,333177.612976,True
2.5,30,333222.030662,True
0.0,30,333266.115507,False
2.6,30,333313.084134,True
2.1,30,333364.044197,True
0.0,30,333407.355886,False
2.1,30,333463.926708,True
2.8,30,333509.550494,True
2.9,30,333555.86207,True
0.0,30,333605.464674,False
2.7,30,333651.539347,True
2.7,30,333693.811826,True
2.1,30,333744.577221,True
2.1,30,333797.956767,True
0.0,30,333854.680269,False
0.0,30,333900.540803,False
3.0,30,333941.44693,True
0.0,30,333993.887304,False
0.0,30,334034.570468,False
0.0,30,334078.101757,False
0.0,30,334120.290551,False
2.7,30,334167.438178,True
0.0,30,334210.720906,False
0.0,30,334255.956648,False
2.5,30,334301.023814,False
2.7,30,334346.186626,True
2.6,30,334645.008188,True
0.0,30,334689.254899,False
0.0,30,334737.205447,False
1.0,30,334791.729692,False
2.5,30,334836.038973,True
0.0,30,334881.826533,False
0.0,30,334926.066801,False
0.0,30,334970.493028,False
2.8,30,335020.82573,True
0.0,30,335065.804691,False
0.8,30,335111.200125,True
3.0,30,335153.99971,True
2.1,30,335200.188296,True
2.6,30,335250.817329,True
0.0,30,335302.152894,False
0.0,30,335348.994572,False
0.0,30,335390.451314,False
2.6,30,335431.60567,True
3.0,30,335475.868882,True
0.6,30,335522.887187,True
2.3,30,335568.878141,True
2.5,30,335628.128463,True
0.0,30,335672.774451,False
0.0,30,335719.378228,False
0.0,30,335777.272834,False
2.3,30,335823.268718,True
0.0,30,335869.517944,False
0.0,30,335911.278777,False
1.7,30,335958.875559,True
0.0,30,336007.019574,False
0.0,30,336054.097943,False
3.0,30,336103.538925,True
0.0,30,336148.449973,False
1.4,30,336195.282273,True
2.3,30,336238.052204,False
2.7,30,336500.708273,True
2.2,30,336547.420882,True
0.0,30,336592.803428,False
1.0,30,336658.297232,True
2.8,30,336700.671602,True
2.6,30,336747.633561,True
0.0,30,336794.093389,False
0.0,30,336837.624743,False
0.0,30,336880.443454,False
2.7,30,336926.168982,True
0.0,30,336965.556915,False
1.9,30,337012.257808,True
0.0,30,337059.027972,False
2.5,30,337101.451703,True
2.5,30,337146.919486,True
0.1,30,337187.851626,False
0.0,30,337235.342257,False
2.2,30,337277.372369,True
0.0,30,337323.850085,False
2.6,30,337363.194371,True
2.1,30,337406.758516,True
0.0,30,337450.147395,False
3.0,30,337492.912265,True
0.0,30,337543.535062,False
0.0,30,337583.540817,False
0.0,30,337628.376404,False
2.6,30,337665.866174,True
2.0,30,337708.684584,True
2.3,30,337752.941585,True
0.8,30,337803.226437,True
2.1,30,337846.564603,True
1.2,30,337891.437486,True
0.0,30,337932.057143,False
3.0,30,337974.252076,True
2.7,30,338269.11251,True
1.9,30,338318.414192,True
0.3,30,338367.400129,False
2.5,30,338417.530687,True
2.5,30,338481.439698,True
0.0,30,338524.992812,False
0.0,30,338572.906916,False
2.2,30,338612.099036,True
0.3,30,338653.76249,True
0.0,30,338698.36468,False
2.4,30,338740.226643,True
0.0,30,338786.603136,False
1.6,30,338833.866296,True
2.5,30,338879.542665,True
0.0,30,338921.2356,False
2.6,30,338964.080627,True
2.1,30,339007.52936,True
0.6,30,339053.731836,True
0.0,30,339097.133726,False
2.3,30,339145.791601,True
2.7,30,339191.154466,True
2.7,30,339237.214176,True
2.8,30,339278.780169,True
1.9,30,339319.520178,True
2.6,30,339361.671839,True
2.5,30,339405.052835,True
2.4,30,339454.492543,True
2.5,30,339498.372718,True
0.0,30,339542.834566,False
2.6,30,339588.561368,True
0.0,30,339631.568593,False
2.3,30,339676.538003,True
2.8,30,339723.008451,True
2.6,30,339764.122974,True
0.0,30,340055.746918,False
0.0,30,340103.631002,False
0.0,30,340146.119212,False
2.4,30,340191.335589,True
2.9,30,340234.664356,True
0.0,30,340282.108788,False
0.0,30,340329.535156,False
2.4,30,340377.664148,True
2.8,30,340423.992692,True
0.0,30,340471.075101,False
2.6,30,340521.220414,True
0.0,30,340568.123163,False
0.0,30,340613.851172,False
0.4,30,340657.289851,True
2.6,30,340699.383712,True
0.0,30,340744.199442,False
1.7,30,340791.043593,True
2.5,30,340835.069658,True
0.0,30,340880.567953,False
2.6,30,340931.612466,True
0.0,30,340978.359592,False
0.0,30,341022.845485,False
0.0,30,341069.629258,False
0.0,30,341107.390711,False
2.8,30,341148.579668,True
2.1,30,341195.23386,True
0.0,30,341241.591836,False
2.8,30,341285.547747,True
2.3,30,341331.765572,True
0.0,30,341383.621363,False
0.9,30,341428.584625,True
0.0,30,341473.264707,False
2.3,30,341518.942815,True
2.8,30,341560.709666,True
2.8,30,341865.099814,True
0.0,30,341913.11711,False
0.0,30,341961.716046,False
0.0,30,342010.498579,False
0.0,30,342061.601398,False
0.0,30,342108.87854,False
0.0,30,342154.857414,False
2.5,30,342197.209289,True
0.0,30,342243.550707,False
0.0,30,342282.263981,False
0.0,30,342326.615496,False
0.0,30,342369.133443,False
0.0,30,342412.610903,False
2.7,30,342457.79478,True
0.0,30,342500.041439,False
0.0,30,342547.858642,False
0.0,30,342592.8285,False
0.0,30,342638.875084,False
2.9,30,342685.742249,True
0.0,30,342732.319995,False
0.0,30,342776.843577,False
2.7,30,342815.948127,True
2.7,30,342862.600024,True
0.0,30,342911.999384,False
0.0,30,342957.389556,False
0.0,30,343000.907202,False
0.0,30,343046.803956,False
2.5,30,343095.518206,True
1.7,30,343139.49101,True
2.4,30,343184.714292,True
2.9,30,343230.318792,True
0.0,30,343274.725391,False
2.7,30,343319.809506,True
0.0,30,343368.699929,False
0.0,30,343672.004055,False
2.6,30,343723.116394,True
2.6,30,343768.801383,True
0.0,30,343822.882865,False
3.0,30,343867.883608,True
0.2,30,343914.484187,False
0.0,30,343958.414652,False
2.6,30,344004.778163,True
0.0,30,344049.210335,False
0.0,30,344099.53084,False
2.7,30,344144.587851,True
2.5,30,344188.585044,True
0.0,30,344239.101172,False
0.0,30,344288.6714,False
0.0,30,344336.201183,False
2.8,30,344382.102475,True
0.0,30,344427.041579,False
2.9,30,344471.529545,True
0.0,30,344514.712801,False
2.8,30,344561.944319,True
0.6,30,344609.418892,True
0.0,30,344657.021516,False
0.0,30,344699.879762,False
0.0,30,344752.035987,False
0.9,30,344793.605503,True
0.0,30,344840.435939,False
2.8,30,344879.804649,True
0.0,30,344923.652244,False
0.0,30,344975.6343,False
0.0,30,345017.264923,False
0.0,30,345064.976932,False
1.7,30,345107.508505,True
2.5,30,345147.339239,True
0.0,30,345189.502027,False
2.3,30,345466.949001,True
2.6,30,345510.736441,True
2.6,30,345556.638841,True
0.0,30,345608.489178,False
2.7,30,345653.50384,True
0.0,30,345697.343285,False
1.7,30,345743.187576,True
0.0,30,345794.638635,False
3.0,30,345835.953527,True
0.0,30,345880.194948,False
0.1,30,345920.571561,True
2.7,30,345966.323183,True
0.0,30,346007.781678,False
0.4,30,346047.253831,True
0.0,30,346094.971823,False
2.7,30,346140.045013,True
0.0,30,346202.405533,False
0.0,30,346247.125291,False
2.5,30,346290.254349,True
2.5,30,346332.624517,True
0.0,30,346377.663087,False
2.2,30,346426.7947,False
2.9,30,346468.534261,True
1.1,30,346518.433601,True
2.7,30,346562.705412,True
2.6,30,346615.104118,True
2.6,30,346664.553837,True
0.0,30,346711.909764,False
0.0,30,346759.490464,False
0.0,30,346804.718616,False
0.0,30,346853.191115,False
0.0,30,346893.385357,False
0.0,30,346933.504702,False
0.0,30,346977.489845,False
0.0,30,347294.819768,False
2.7,30,347339.369319,True
1.9,30,347385.369809,True
2.8,30,347429.967787,True
2.8,30,347484.864449,True
2.6,30,347531.14791,True
0.0,30,347575.734716,False
2.3,30,347617.645687,True
2.9,30,347659.430549,True
2.6,30,347708.34879,True
2.3,30,347754.145815,True
0.0,30,347800.170018,False
2.7,30,347840.939588,False
2.9,30,347888.766088,True
2.6,30,347935.266028,True
0.0,30,347981.052423,False
0.0,30,348028.92005,False
0.0,30,348073.351231,False
2.6,30,348120.172686,True
2.1,30,348165.691137,True
0.0,30,348211.073356,False
2.5,30,348259.056951,True
2.6,30,348302.612723,True
0.0,30,348348.673949,False
1.8,30,348395.577993,True
2.3,30,348443.706435,True
0.0,30,348492.266625,False
2.4,30,348538.918879,True
2.4,30,348577.502023,True
0.0,30,348627.805171,False
0.0,30,348668.014729,False
2.8,30,348711.91486,True
2.6,30,348756.495511,True
0.0,30,348801.313761,False
2.2,30,348843.707615,True
2.1,30,349173.399343,True
1.3,30,349218.567802,True
0.0,30,349267.350778,False
2.9,30,349337.954906,True
0.0,30,349385.97219,False
0.0,30,349433.253532,False
2.7,30,349477.905993,True
0.0,30,349523.993475,False
1.7,30,349573.804401,True
2.8,30,349614.027307,True
2.5,30,349664.530716,True
2.4,30,349712.94544,True
0.0,30,349758.278918,False
2.9,30,349822.948511,True
2.7,30,349865.070091,True
0.0,30,349913.495315,False
0.0,30,349959.124694,False
2.5,30,350009.143899,True
0.0,30,350057.205596,False
2.7,30,350097.726496,True
2.0,30,350139.900185,True
2.6,30,350188.465849,True
0.0,30,350229.407827,False
2.9,30,350275.804643,True
1.5,30,350331.377013,True
0.0,30,350382.647245,False
2.9,30,350431.615645,True
2.8,30,350473.24245,True
1.6,30,350517.960185,False
3.0,30,350559.778916,True
0.0,30,350603.291253,False
2.5,30,350649.228802,True
0.0,30,350696.600464,False
0.0,30,350740.228157,False
1.0,30,351039.729067,True
2.6,30,351082.244338,True
0.0,30,351131.352484,False
0.0,30,351177.191367,False
0.0,30,351227.073316,False
0.0,30,351274.679001,False
2.7,30,351321.062213,True
0.0,30,351369.543478,False
0.0,30,351419.067499,False
2.6,30,351463.941216,True
0.0,30,351511.762202,False
0.0,30,351559.971063,False
0.0,30,351608.342412,False
0.0,30,351657.112126,False
0.0,30,351702.622518,False
0.0,30,351754.16515,False
0.0,30,351797.823104,False
0.0,30,351839.86777,False
2.6,30,351881.715704,True
2.2,30,351931.577706,True
0.0,30,351988.4345,False
2.5,30,352030.89246,True
0.0,30,352076.548365,False
0.0,30,352121.987051,False
0.0,30,352168.101804,False
2.6,30,352214.701551,True
2.5,30,352262.610416,True
0.0,30,352304.957331,False
2.5,30,352352.163229,True
0.0,30,352393.951925,False
2.1,30,352443.588752,True
0.0,30,352489.754,False
0.0,30,352535.19989,False
0.0,30,352582.939119,False
0.0,30,352883.983002,False
0.0,30,352927.519817,False
0.3,30,352975.521489,False
2.0,30,353024.061639,True
0.0,30,353070.221008,False
2.4,30,353106.596828,True
0.0,30,353152.16455,False
2.6,30,353198.145345,True
2.6,30,353241.226004,True
2.6,30,353295.430893,True
2.5,30,353342.50006,True
0.0,30,353391.283242,False
0.1,30,353434.995198,False
2.6,30,353485.13234,True
2.8,30,353528.959511,True
3.0,30,353572.82515,True
2.7,30,353618.649222,True
2.0,30,353667.778769,True
2.3,30,353711.326491,True
0.0,30,353752.978652,False
0.0,30,353800.005675,False
2.7,30,353847.831411,True
2.6,30,353892.216548,True
2.5,30,353933.496464,True
0.0,30,353981.198965,False
0.0,30,354022.423777,False
0.0,30,354070.207124,False
0.0,30,354118.345414,False
0.0,30,354163.564678,False
2.4,30,354210.342113,True
0.0,30,354258.77941,False
1.8,30,354297.266728,True
0.0,30,354345.407085,False
0.0,30,354390.561476,False
0.0,30,354721.392622,False
0.0,30,354770.982687,False
2.7,30,354814.544487,True
2.5,30,354859.950403,True
2.8,30,354908.534326,True
0.0,30,354951.363853,False
0.0,30,354998.144698,False
0.0,30,355044.371353,False
0.0,30,355095.250542,False
0.0,30,355137.416834,False
0.0,30,355184.844061,False
2.4,30,355227.282243,True
2.4,30,355279.59139,True
1.9,30,355319.874588,True
2.8,30,355363.871883,True
1.8,30,355408.260417,True
2.7,30,355454.325701,True
2.3,30,355500.23424,True
0.2,30,355553.239996,False
2.9,30,355596.862098,True
0.9,30,355639.09699,False
2.2,30,355681.58316,True
0.0,30,355728.636198,False
0.0,30,355791.009441,False
2.4,30,355836.554213,True
0.0,30,355880.388254,False
0.0,30,355925.104474,False
0.1,30,355969.799804,True
2.5,30,356022.056768,True
0.0,30,356071.188914,False
0.0,30,356116.482006,False
0.0,30,356162.662334,False
0.0,30,356206.992865,False
2.3,30,356254.182305,True
1.7,30,356566.615874,True
1.4,30,356609.117784,True
0.0,30,356653.132377,False
0.0,30,356694.887752,False
0.0,30,356742.072375,False
2.1,30,356789.186335,True
2.8,30,356832.935719,True
0.0,30,356884.361588,False
2.3,30,356929.418241,True
2.6,30,356973.612117,True
2.7,30,357030.781518,True
2.8,30,357077.837415,True
0.0,30,357129.306657,False
2.8,30,357175.150591,True
2.9,30,357224.768251,True
2.7,30,357274.293188,True
2.9,30,357324.563595,True
1.7,30,357378.906394,False
0.0,30,357429.779103,False
0.0,30,357474.009288,False
2.9,30,357522.759887,True
0.0,30,357569.477757,False
0.0,30,357616.610858,False
0.0,30,357663.691072,False
0.0,30,357712.237605,False
2.9,30,357756.868865,True
0.0,30,357798.952901,False
2.4,30,357840.934022,True
2.6,30,357884.484103,True
2.8,30,357928.348324,True
0.0,30,357983.054167,False
2.3,30,358027.699693,True
0.0,30,358073.905328,False
2.5,30,358124.942144,True
0.0,30,358450.049611,False
2.3,30,358497.845366,True
2.4,30,358543.738894,True
0.0,30,358588.1924,False
0.9,30,358639.462661,True
1.1,30,358685.745158,False
0.0,30,358727.137298,False
2.8,30,358772.676893,True
0.0,30,358813.970258,False
2.7,30,358859.081645,True
0.0,30,358907.978373,False
1.6,30,358956.557786,True
0.0,30,359000.271784,False
2.6,30,359043.492836,True
0.0,30,359087.883771,False
3.0,30,359131.023687,True
0.0,30,359179.44791,False
1.8,30,359225.526901,True
0.0,30,359279.411801,False
3.0,30,359328.383565,True
0.0,30,359372.446749,False
0.0,30,359423.360652,False
2.8,30,359461.930947,True
2.6,30,359507.980613,True
2.7,30,359551.346162,True
2.3,30,359595.329962,True
2.7,30,359642.125113,True
0.0,30,359684.836569,False
0.0,30,359731.381275,False
1.6,30,359773.044438,True
2.7,30,359825.124608,True
0.0,30,359871.773562,False
3.0,30,359917.93284,True
0.0,30,359972.74515,False
0.0,30,360293.524517,False
2.6,30,360332.597952,True
2.7,30,360383.725468,True
0.0,30,360428.995723,False
0.0,30,360478.071089,False
0.0,30,360526.653771,False
0.0,30,360570.515383,False
2.5,30,360616.321185,True
2.7,30,360666.326006,True
2.4,30,360708.927817,True
2.1,30,360748.086227,True
0.0,30,360792.42201,False
0.0,30,360839.153394,False
2.8,30,360889.340341,True
0.0,30,360936.857203,False
2.9,30,360980.145854,True
0.0,30,361024.630213,False
0.0,30,361073.197151,False
2.7,30,361119.71707,True
2.5,30,361167.957256,True
2.6,30,361213.480227,True
0.0,30,361254.851436,False
2.9,30,361301.820731,True
2.3,30,361346.21131,True
0.0,30,361390.407833,False
0.0,30,361432.72043,False
2.6,30,361477.793851,True
2.9,30,361524.263943,True
2.2,30,361571.564071,True
2.3,30,361620.733111,True
0.0,30,361664.678506,False
2.5,30,361712.291314,True
0.0,30,361756.827401,False
2.6,30,361804.624463,True
0.0,30,362120.913717,False
0.0,30,362165.36558,False
0.0,30,362209.357675,False
0.0,30,362271.102643,False
2.8,30,362316.015965,True
0.0,30,362360.33485,False
2.6,30,362408.494256,True
2.9,30,362453.816423,True
0.0,30,362503.324055,False
0.0,30,362552.13165,False
0.0,30,362600.271091,False
2.1,30,362649.987216,True
0.0,30,362691.454622,False
2.3,30,362741.49242,True
2.3,30,362781.282662,True
0.0,30,362820.525865,False
0.0,30,362866.84955,False
0.0,30,362915.98833,False
2.5,30,362963.676298,True
0.0,30,363007.865599,False
3.0,30,363057.517033,True
0.0,30,363108.433351,False
2.3,30,363151.648682,True
1.4,30,363197.022789,True
0.0,30,363244.827197,False
0.0,30,363294.204252,False
0.0,30,363342.904599,False
0.0,30,363391.323435,False
2.8,30,363439.764054,True
2.0,30,363492.019237,True
0.0,30,363535.769909,False
0.0,30,363583.718919,False
0.0,30,363633.323117,False
0.0,30,363679.72886,False
0.0,30,363725.394389,False
2.7,30,364028.633832,True
2.9,30,364076.216518,True
0.0,30,364120.162862,False
0.0,30,364169.078513,False
0.0,30,364212.997927,False
2.4,30,364254.100892,True
0.0,30,364302.269446,False
0.0,30,364353.321397,False
0.0,30,364401.484085,False
2.6,30,364445.461608,True
0.0,30,364488.096138,False
3.0,30,364537.277256,True
0.0,30,364583.345587,False
0.1,30,364633.662903,False
2.0,30,364678.480151,True
0.0,30,364720.505889,False
0.0,30,364763.366388,False
0.0,30,364808.663504,False
2.0,30,364847.595178,True
0.0,30,364897.140413,False
0.0,30,364943.662987,False
2.0,30,364987.401966,True
0.0,30,365036.345832,False
2.6,30,365081.830818,True
0.0,30,365122.198568,False
0.0,30,365171.072176,False
3.0,30,365215.902785,True
2.8,30,365259.901432,True
2.8,30,365298.001015,True
0.0,30,365343.291644,False
2.7,30,365385.529329,True
2.5,30,365426.627076,True
2.5,30,365473.181723,True
2.5,30,365518.481102,True
2.9,30,365832.209239,True
2.6,30,365879.969055,True
2.8,30,365925.763304,True
0.0,30,365968.831916,False
0.0,30,366014.286481,False
1.5,30,366057.603677,True
2.8,30,366106.920136,True
0.0,30,366152.803456,False
0.7,30,366203.055508,True
2.6,30,366241.825327,True
0.0,30,366283.290016,False
0.0,30,366326.638805,False
0.0,30,366374.78115,False
0.0,30,366417.731282,False
2.7,30,366462.142708,True
0.0,30,366509.384621,False
3.0,30,366557.64345,True
0.0,30,366605.898068,False
0.0,30,366650.241592,False
2.3,30,366701.186272,True
2.8,30,366745.080065,True
0.0,30,366788.134061,False
2.5,30,366827.439612,True
3.0,30,366877.781091,True
0.0,30,366923.340146,False
2.5,30,366978.30327,True
3.0,30,367020.760121,True
0.0,30,367078.465042,False
2.5,30,367125.235653,True
0.0,30,367194.997955,False
0.0,30,367245.881191,False
0.0,30,367292.507406,False
2.8,30,367335.142162,True
0.0,30,367385.588136,False
0.0,30,367681.997298,False
0.0,30,367729.425781,False
2.3,30,367772.953603,True
2.7,30,367815.919456,True
0.0,30,367862.005918,False
2.8,30,367905.639719,True
0.0,30,367950.238549,False
2.7,30,367993.733208,True
2.8,30,368040.082309,True
2.7,30,368086.600186,True
2.3,30,368127.667427,True
2.5,30,368170.459105,True
2.1,30,368215.572854,True
0.0,30,368261.323335,False
1.9,30,368310.600008,True
2.8,30,368354.625308,True
2.5,30,368394.365478,True
2.9,30,368441.360504,True
2.0,30,368495.810837,True
0.0,30,368540.833797,False
2.8,30,368585.328215,True
2.9,30,368631.74913,True
2.2,30,368678.271837,True
0.0,30,368722.839896,False
0.0,30,368768.391123,False
1.9,30,368818.089878,True
0.0,30,368865.248066,False
2.8,30,368911.357202,True
0.0,30,368957.348695,False
2.7,30,369000.762141,True
0.0,30,369049.371792,False
2.8,30,369090.36171,True
2.6,30,369135.274812,True
0.0,30,369186.022261,False
2.1,30,369505.222298,True
0.0,30,369549.785782,False
0.0,30,369596.308971,False
0.0,30,369642.886747,False
2.8,30,369688.126062,True
0.0,30,369732.157838,False
0.0,30,369778.647734,False
0.0,30,369826.392999,False
2.7,30,369878.477666,True
2.4,30,369926.727826,True
0.0,30,369972.158706,False
2.7,30,370015.507203,True
2.6,30,370061.864016,True
2.8,30,370112.042525,True
3.0,30,370158.368535,True
0.0,30,370207.216122,False
2.9,30,370253.415498,True
2.9,30,370303.51998,True
0.0,30,370354.686231,False
2.6,30,370399.177521,True
0.0,30,370441.460013,False
2.7,30,370488.555109,True
0.0,30,370534.142078,False
0.9,30,370582.71571,False
2.6,30,370629.490586,True
2.8,30,370678.682893,True
2.3,30,370723.789501,True
0.0,30,370770.665437,False
0.0,30,370820.703286,False
1.9,30,370863.842221,True
0.6,30,370910.992242,True
2.6,30,370955.01229,True
0.0,30,370995.971792,False
2.6,30,371046.225109,True
0.0,30,371358.236607,False
2.7,30,371404.883688,True
0.0,30,371449.04741,False
2.0,30,371492.329322,True
2.5,30,371539.150506,True
0.0,30,371580.542672,False
2.6,30,371627.097138,True
0.0,30,371675.887941,False
0.0,30,371722.558623,False
0.0,30,371771.730545,False
1.5,30,371816.382933,True
2.8,30,371870.349065,False
0.0,30,371918.063779,False
3.0,30,371966.876565,True
0.0,30,372020.937485,False
0.0,30,372064.656779,False
2.4,30,372114.152625,True
2.8,30,372155.699645,True
0.0,30,372201.863252,False
0.0,30,372246.90234,False
1.8,30,372285.11846,True
2.4,30,372336.741505,True
0.0,30,372389.128603,False
0.0,30,372433.448328,False
3.0,30,372483.496135,True
0.0,30,372527.08836,False
2.5,30,372571.274397,True
3.0,30,372621.606785,True
0.0,30,372670.58537,False
0.0,30,372718.038743,False
0.0,30,372763.938643,False
2.7,30,372814.051602,True
2.3,30,372865.107829,True
2.4,30,372913.257236,True
2.3,30,373216.602329,True
2.6,30,373259.832221,True
0.0,30,373304.61525,False
0.0,30,373349.221818,False
0.0,30,373394.524379,False
0.0,30,373440.693544,False
0.0,30,373486.162489,False
2.0,30,373537.641092,True
2.8,30,373581.555043,True
0.0,30,373628.796528,False
0.0,30,373675.801391,False
0.0,30,373723.187966,False
2.9,30,373770.355044,True
0.0,30,373816.158427,False
0.0,30,373860.240477,False
0.5,30,373901.488825,False
0.1,30,373945.039422,False
0.0,30,373992.561277,False
2.3,30,374037.864994,True
0.0,30,374085.514328,False
2.2,30,374130.201175,True
0.0,30,374174.868155,False
0.0,30,374224.918191,False
2.7,30,374272.257131,True
2.7,30,374312.887975,True
2.5,30,374361.151244,True
2.2,30,374449.458243,True
0.0,30,374489.893816,False
0.0,30,374541.930245,False
2.4,30,374589.754029,True
0.0,30,374635.3536,False
0.0,30,374677.83385,False
0.0,30,374730.489512,False
0.0,30,374775.004558,False
0.0,30,375095.582686,False
0.0,30,375141.596042,False
3.0,30,375190.456726,True
2.5,30,375241.55067,True
0.0,30,375286.328798,False
2.8,30,375330.495363,True
1.1,30,375378.585002,True
0.0,30,375422.542347,False
0.0,30,375470.215884,False
1.1,30,375519.87118,True
0.0,30,375566.757619,False
2.8,30,375614.541672,True
1.8,30,375665.174596,True
0.0,30,375711.591821,False
0.0,30,375755.646096,False
0.0,30,375798.975717,False
2.9,30,375844.551867,True
2.6,30,375889.026018,True
1.8,30,375935.703459,True
0.0,30,375983.324762,False
2.3,30,376032.277557,True
0.0,30,376081.140052,False
1.7,30,376133.74889,True
2.5,30,376185.647755,True
2.0,30,376231.76579,True
0.0,30,376275.402177,False
0.0,30,376321.008909,False
0.0,30,376362.502219,False
3.0,30,376413.324898,True
0.0,30,376459.972155,False
0.0,30,376513.833586,False
0.4,30,376563.753392,True
0.9,30,376606.356303,True
0.0,30,376654.384447,False
0.0,30,376699.051108,False
0.0,30,377001.912954,False
0.0,30,377042.088629,False
0.0,30,377085.857638,False
0.3,30,377131.941472,True
2.3,30,377178.313733,True
3.0,30,377226.198787,True
0.0,30,377275.952381,False
2.8,30,377320.875381,True
0.0,30,377363.714523,False
0.0,30,377410.002906,False
0.0,30,377453.471476,False
2.3,30,377496.678415,True
2.4,30,377541.521112,True
0.0,30,377592.339209,False
0.0,30,377641.918992,False
2.3,30,377693.660085,True
1.5,30,377741.63319,True
2.2,30,377805.625775,True
2.9,30,377852.300257,True
1.1,30,377899.267236,True
0.0,30,377946.350618,False
2.7,30,377989.821609,True
0.0,30,378033.006375,False
2.2,30,378078.155955,True
0.0,30,378133.768732,False
0.0,30,378185.870709,False
0.0,30,378228.923287,False
0.0,30,378276.799148,False
2.2,30,378321.60037,True
0.9,30,378371.236872,True
2.5,30,378418.988911,True
0.0,30,378465.215767,False
2.7,30,378512.70804,True
2.9,30,378559.76691,True
2.2,30,378894.893933,True
0.0,30,378941.712116,False
0.5,30,378987.368312,True
0.0,30,379034.746809,False
1.4,30,379077.279713,True
1.9,30,379124.272457,True
0.0,30,379171.135295,False
0.0,30,379214.880057,False
2.9,30,379262.476213,True
2.8,30,379311.313593,True
0.0,30,379360.27146,False
2.5,30,379406.720551,True
2.9,30,379452.856535,True
2.6,30,379498.484611,True
3.0,30,379547.952409,True
0.0,30,379595.805645,False
2.6,30,379643.583184,True
0.0,30,379689.185019,False
2.6,30,379738.965282,True
2.0,30,379789.838503,True
2.0,30,379835.489693,True
2.8,30,379876.935794,True
3.0,30,379926.090809,True
0.0,30,379972.119856,False
1.3,30,380020.769035,True
0.0,30,380067.32444,False
0.0,30,380112.327397,False
0.0,30,380160.384718,False
2.1,30,380205.359909,False
0.0,30,380257.271151,False
0.0,30,380302.050817,False
2.4,30,380347.817133,True
0.0,30,380396.668788,False
1.3,30,380437.483699,True
0.0,30,380756.95207,False
0.0,30,380803.359928,False
1.4,30,380853.44305,True
3.0,30,380902.393804,True
0.6,30,380945.007103,True
0.0,30,380989.940677,False
2.3,30,381035.319395,True
2.6,30,381082.713565,True
3.0,30,381127.972602,True
2.8,30,381169.995188,True
0.0,30,381216.222464,False
2.9,30,381267.918534,True
2.6,30,381309.844779,True
1.9,30,381357.612032,True
2.5,30,381400.592301,True
0.0,30,381444.519288,False
0.0,30,381490.682186,False
2.6,30,381534.163008,True
0.0,30,381579.100459,False
1.6,30,381625.522018,False
2.2,30,381674.074526,True
0.0,30,381720.098161,False
0.9,30,381766.301983,False
2.8,30,381811.971749,True
2.5,30,381860.619275,True
0.0,30,381904.592059,False
0.0,30,381955.564342,False
2.6,30,382002.63695,True
0.0,30,382047.813537,False
0.0,30,382092.69362,False
0.0,30,382134.785733,False
0.0,30,382178.919063,False
0.0,30,382222.364062,False
2.0,30,382263.213605,True
0.0,30,382620.58533,False
0.0,30,382660.903516,False
2.6,30,382709.058155,True
2.7,30,382759.746039,True
0.0,30,382796.955892,False
2.7,30,382846.223405,True
2.9,30,382894.899563,True
2.5,30,382941.377549,True
2.7,30,382988.956235,True
0.0,30,383034.752445,False
0.1,30,383079.724258,True
2.7,30,383126.805441,True
3.0,30,383170.309381,True
2.5,30,383211.07062,True
0.0,30,383257.18443,False
2.2,30,383304.59916,True
2.8,30,383352.439776,True
0.0,30,383401.598027,False
2.3,30,383448.031182,True
1.5,30,383492.816496,True
2.6,30,383539.468955,True
2.5,30,383591.796726,True
0.0,30,383636.669872,False
2.2,30,383677.240273,True
1.4,30,383726.928292,True
2.6,30,383779.347716,True
3.0,30,383822.180735,True
0.0,30,383874.022589,False
2.4,30,383926.047487,True
2.6,30,383974.441255,True
2.8,30,384023.00622,True
0.0,30,384064.091478,False
0.0,30,384116.267483,False
0.0,30,384160.42657,False
2.4,30,384473.47749,True
0.0,30,384524.888921,False
0.0,30,384570.363719,False
2.6,30,384613.501638,True
0.0,30,384662.047423,False
0.0,30,384736.713708,False
0.0,30,384781.667338,False
2.1,30,384836.0722,True
2.4,30,384885.484792,True
0.0,30,384928.06506,False
0.0,30,384971.676624,False
1.4,30,385023.736641,True
0.0,30,385076.646718,False
3.0,30,385122.622705,True
0.0,30,385163.486959,False
2.7,30,385210.757969,True
2.8,30,385255.509212,True
1.2,30,385313.223442,True
2.2,30,385358.998975,True
0.0,30,385405.895302,False
2.2,30,385454.940476,True
0.8,30,385500.634664,True
0.0,30,385547.592752,False
0.0,30,385592.189953,False
0.0,30,385636.076277,False
0.0,30,385682.825312,False
2.6,30,385725.32042,True
0.0,30,385769.440393,False
0.0,30,385811.703343,False
0.0,30,385855.596874,False
0.0,30,385900.281412,False
0.0,30,385954.014155,False
2.4,30,385997.869118,True
2.2,30,386042.472212,True
2.7,30,386373.046275,True
0.0,30,386417.95576,False
2.4,30,386461.999619,True
2.6,30,386502.769355,True
0.0,30,386549.797839,False
3.0,30,386593.298064,True
2.4,30,386639.677293,True
0.0,30,386684.215905,False
0.0,30,386725.099188,False
1.2,30,386769.842471,True
0.0,30,386816.697874,False
2.9,30,386866.85779,True
0.0,30,386913.075649,False
2.7,30,386959.101595,True
2.7,30,387016.808635,True
2.8,30,387065.097509,True
2.4,30,387111.138915,True
0.0,30,387182.540057,False
0.9,30,387235.150741,True
0.0,30,387280.196403,False
2.6,30,387326.302744,True
0.0,30,387369.378057,False
2.2,30,387417.843211,True
0.0,30,387460.239425,False
0.0,30,387504.847024,False
2.8,30,387550.292044,True
0.0,30,387597.453913,False
2.5,30,387641.966848,True
0.0,30,387684.612246,False
0.0,30,387727.076997,False
3.0,30,387771.730744,True
2.4,30,387814.673209,True
0.0,30,387866.995507,False
0.0,30,387908.717512,False
2.8,30,388215.80649,True
2.2,30,388266.125813,True
0.0,30,388308.412871,False
2.7,30,388353.211354,True
2.7,30,388401.772249,True
0.0,30,388451.522013,False
0.0,30,388496.060071,False
2.9,30,388542.428763,True
0.0,30,388588.355151,False
0.0,30,388633.007399,False
0.0,30,388680.099681,False
0.0,30,388726.188605,False
2.6,30,388771.987897,True
2.8,30,388813.956664,True
2.7,30,388859.772431,True
3.0,30,388906.316087,True
2.3,30,388951.018296,True
2.3,30,388996.510185,True
0.0,30,389042.085771,False
2.8,30,389085.955595,True
0.0,30,389131.738328,False
2.8,30,389180.927371,True
2.0,30,389227.873364,True
0.0,30,389272.489217,False
0.0,30,389326.444351,False
2.3,30,389371.077635,True
2.3,30,389417.86748,True
2.3,30,389476.511745,True
0.0,30,389525.18881,False
0.0,30,389569.040027,False
0.0,30,389618.96012,False
0.0,30,389664.598426,False
0.0,30,389707.052142,False
0.0,30,389747.770609,False
0.0,30,390040.815202,False
0.0,30,390089.871658,False
2.1,30,390137.71246,True
2.3,30,390180.847765,True
2.2,30,390227.428427,True
2.8,30,390271.893697,True
2.5,30,390320.868155,True
2.5,30,390365.540461,True
2.7,30,390411.513804,True
2.4,30,390457.494762,True
0.0,30,390504.729749,False
2.6,30,390548.921757,True
2.8,30,390596.701952,True
0.0,30,390639.699187,False
0.0,30,390684.874527,False
0.0,30,390723.771242,False
1.9,30,390769.157944,True
2.3,30,390816.536969,True
1.8,30,390861.371333,True
0.0,30,390905.093984,False
2.9,30,390949.30249,True
0.0,30,391000.908024,False
2.1,30,391044.908524,True
0.0,30,391089.541964,False
2.3,30,391134.505291,True
0.0,30,391185.529835,False
0.0,30,391230.523123,False
2.5,30,391282.038498,True
0.0,30,391333.058248,False
0.0,30,391380.662296,False
1.3,30,391432.102797,True
2.5,30,391474.865865,True
2.9,30,391517.481282,True
2.6,30,391564.091346,True
0.0,30,391605.199846,False
2.4,30,391908.225532,True
2.8,30,391953.750424,True
0.0,30,391994.233994,False
0.0,30,392036.561337,False
0.0,30,392075.845114,False
2.7,30,392123.407519,True
0.0,30,392170.986223,False
0.0,30,392214.80031,False
0.0,30,392259.022392,False
2.4,30,392306.589505,True
2.8,30,392351.250206,True
1.0,30,392396.534951,True
2.1,30,392441.378096,True
2.3,30,392493.38125,True
0.0,30,392537.616306,False
0.0,30,392580.260631,False
3.0,30,392629.559216,True
0.0,30,392674.594686,False
0.0,30,392723.574344,False
1.6,30,392764.864222,True
0.0,30,392810.708193,False
0.0,30,392855.249749,False
2.6,30,392894.661458,True
2.0,30,392938.159944,True
0.8,30,392982.910071,True
0.0,30,393033.761734,False
2.3,30,393082.102569,True
2.2,30,393129.505537,True
2.6,30,393178.227984,True
2.7,30,393227.004338,True
0.8,30,393273.233222,True
0.0,30,393319.367225,False
2.5,30,393364.425092,True
2.7,30,393414.909172,True
1.8,30,393715.935542,True
0.0,30,393769.104291,False
2.8,30,393811.840975,True
0.0,30,393867.635428,False
0.0,30,393917.171122,False
0.4,30,393961.813242,False
0.0,30,394006.79589,False
2.2,30,394052.523418,True
0.0,30,394094.124835,False
0.0,30,394139.821363,False
0.0,30,394184.700657,False
0.0,30,394231.872923,False
2.5,30,394276.221405,True
0.0,30,394322.764705,False
0.0,30,394365.499551,False
2.8,30,394407.977878,True
0.0,30,394446.574773,False
0.0,30,394488.516471,False
3.0,30,394536.587369,True
2.6,30,394582.136237,True
0.0,30,394624.875389,False
0.0,30,394671.621128,False
2.5,30,394710.632904,True
2.7,30,394756.132915,True
0.0,30,394804.125228,False
2.3,30,394845.117878,True
0.0,30,394889.551079,False
3.0,30,394933.172635,True
0.0,30,394983.46948,False
0.0,30,395028.882123,False
0.0,30,395075.599486,False
0.0,30,395120.085876,False
2.6,30,395162.062536,True
0.0,30,395205.375483,False
2.0,30,395492.973903,True
0.0,30,395535.076423,False
1.6,30,395577.779474,True
0.0,30,395622.167048,False
3.0,30,395667.645627,True
2.9,30,395718.284561,True
0.0,30,395761.020681,False
0.0,30,395810.175848,False
0.0,30,395853.352642,False
2.7,30,395897.812095,True
0.0,30,395939.954436,False
0.0,30,395987.176412,False
2.9,30,396037.844664,True
1.7,30,396084.430949,True
2.5,30,396142.611062,True
2.8,30,396187.594258,True
2.1,30,396231.169971,True
2.7,30,396278.193672,True
2.9,30,396321.60924,True
2.8,30,396366.825114,True
1.8,30,396415.368405,True
2.5,30,396461.322199,True
2.6,30,396506.561461,True
2.4,30,396550.271315,True
0.0,30,396589.214506,False
0.0,30,396631.71573,False
2.9,30,396681.03814,True
2.9,30,396722.52985,True
3.0,30,396773.139733,True
2.1,30,396827.168335,True
2.3,30,396867.032237,True
2.9,30,396915.393596,True
0.0,30,396958.833508,False
2.8,30,397006.354805,True
2.6,30,397319.205565,True
0.0,30,397361.044959,False
0.0,30,397409.276582,False
2.6,30,397449.646259,True
2.7,30,397494.421034,True
2.3,30,397540.344365,True
2.4,30,397586.266325,True
0.0,30,397629.93753,False
0.0,30,397682.849337,False
0.0,30,397729.748402,False
0.0,30,397772.091785,False
0.0,30,397819.076604,False
1.2,30,397861.010674,True
0.0,30,397910.014999,False
2.6,30,397958.017213,True
2.3,30,398009.086406,True
0.0,30,398055.537777,False
0.0,30,398096.815934,False
2.7,30,398136.984342,True
0.0,30,398181.518604,False
2.0,30,398226.897725,True
0.0,30,398271.937577,False
1.5,30,398319.294774,True
0.0,30,398363.559352,False
1.0,30,398412.58651,True
0.0,30,398457.504344,False
0.0,30,398503.840764,False
0.0,30,398548.651694,False
0.0,30,398593.425758,False
1.8,30,398651.810839,True
2.5,30,398699.587263,True
0.0,30,398739.720263,False
0.0,30,398784.893857,False
2.9,30,398835.298746,True
0.0,30,399126.422857,False
0.0,30,399173.260276,False
0.0,30,399221.786143,False
2.5,30,399270.703766,True
2.5,30,399315.499098,True
0.0,30,399365.262442,False
0.0,30,399409.81713,False
0.0,30,399450.816071,False
0.5,30,399498.046237,True
2.8,30,399546.564161,True
2.8,30,399589.970039,True
2.2,30,399637.507025,True
2.8,30,399695.361448,True
0.0,30,399738.661718,False
0.0,30,399786.224711,False
0.0,30,399829.68191,False
0.0,30,399878.666473,False
2.7,30,399926.13722,True
2.9,30,399970.20665,True
0.0,30,400017.207298,False
2.0,30,400061.348439,True
0.0,30,400107.04414,False
1.5,30,400156.062676,True
0.0,30,400201.551721,False
2.6,30,400245.481149,True
2.8,30,400287.573293,True
0.0,30,400335.167745,False
2.9,30,400380.518839,True
2.5,30,400427.546705,True
0.0,30,400501.248785,False
2.8,30,400550.167814,True
2.3,30,400594.767427,True
0.0,30,400644.907248,False
1.6,30,400694.678442,False
2.7,30,400966.190519,True
2.6,30,401009.074266,True
2.2,30,401051.944627,True
0.0,30,401095.803712,False
0.0,30,401139.266725,False
0.0,30,401189.068795,False
2.3,30,401236.337731,True
0.0,30,401283.142466,False
0.0,30,401327.865998,False
2.6,30,401375.000286,True
2.1,30,401412.680288,True
1.9,30,401456.977534,True
0.0,30,401502.8922,False
0.0,30,401546.039331,False
0.0,30,401591.010484,False
2.7,30,401636.833558,True
2.8,30,401682.372298,True
1.1,30,401731.240064,True
0.0,30,401774.601117,False
0.0,30,401816.092462,False
0.0,30,401859.692977,False
0.0,30,401902.946234,False
0.0,30,401943.642829,False
0.0,30,401987.769494,False
0.0,30,402029.553102,False
2.4,30,402075.800453,True
0.0,30,402121.534233,False
1.9,30,402171.591433,True
2.8,30,402219.943169,True
0.0,30,402261.220201,False
0.0,30,402308.896633,False
0.0,30,402349.650748,False
0.7,30,402391.805616,True
0.0,30,402436.128286,False
2.0,30,402731.282976,True
0.0,30,402777.144078,False
0.0,30,402824.78828,False
2.7,30,402872.936965,True
1.5,30,402919.31205,True
0.0,30,402969.084097,False
2.6,30,403012.995978,True
0.0,30,403058.153747,False
2.2,30,403102.822525,True
0.0,30,403147.517158,False
2.7,30,403197.139479,True
0.0,30,403236.160431,False
2.8,30,403278.985469,True
2.5,30,403328.018811,True
0.0,30,403371.359434,False
2.3,30,403413.819757,True
0.0,30,403462.791469,False
0.0,30,403505.429627,False
0.0,30,403548.863526,False
2.9,30,403592.873071,True
2.7,30,403634.136599,True
2.7,30,403696.375339,True
2.8,30,403745.811739,True
0.0,30,403788.182797,False
0.0,30,403832.40242,False
2.7,30,403874.010327,True
0.0,30,403930.429889,False
0.0,30,403975.437369,False
0.8,30,404021.188208,True
2.7,30,404060.901114,True
2.6,30,404105.20427,True
0.0,30,404155.018224,False
0.0,30,404198.942344,False
1.8,30,404256.615047,True
2.4,30,404299.754398,True
2.5,30,404549.927832,True
0.0,30,404610.772934,False
2.6,30,404661.61879,True
0.0,30,404706.350464,False
2.8,30,404746.060973,True
0.0,30,404788.888554,False
2.4,30,404831.897487,True
2.6,30,404877.453121,True
1.1,30,404916.509557,True
0.0,30,404960.665708,False
0.0,30,405008.256799,False
0.0,30,405048.051082,False
2.6,30,405091.756715,True
0.0,30,405135.739588,False
0.0,30,405180.103242,False
0.0,30,405224.906442,False
0.0,30,405268.161479,False
0.0,30,405312.856893,False
0.0,30,405360.437398,False
3.0,30,405418.12752,True
0.0,30,405461.504639,False
3.0,30,405504.688415,True
2.3,30,405544.811438,True
0.0,30,405591.278768,False
0.0,30,405637.41301,False
2.4,30,405687.214147,True
2.2,30,405733.687646,True
2.8,30,405778.827551,True
3.0,30,405828.654651,True
0.0,30,405874.413997,False
0.0,30,405921.31636,False
2.4,30,405965.332959,True
0.0,30,406008.377903,False
0.0,30,406051.018164,False
3.0,30,406333.716224,True
0.0,30,406378.006484,False
2.5,30,406426.078948,True
2.6,30,406474.079501,True
3.0,30,406517.115674,True
3.0,30,406560.410943,True
2.6,30,406601.206475,True
0.0,30,406648.541732,False
0.0,30,406693.56259,False
2.8,30,406743.043899,True
0.0,30,406788.375657,False
0.0,30,406837.598877,False
0.0,30,406885.820492,False
2.6,30,406932.121187,True
0.0,30,406971.753735,False
3.0,30,407019.361751,True
2.6,30,407061.532699,True
0.0,30,407104.172818,False
2.2,30,407152.319271,True
0.0,30,407201.851181,False
0.0,30,407246.990195,False
2.8,30,407294.185404,True
2.6,30,407340.650952,True
2.5,30,407396.600859,True
0.0,30,407442.556434,False
0.0,30,407491.754749,False
0.0,30,407546.829761,False
0.0,30,407593.734452,False
2.0,30,407638.985644,True
2.3,30,407679.641969,True
2.4,30,407724.307595,True
0.0,30,407767.304354,False
1.8,30,407810.186126,True
0.0,30,407866.251692,False
3.0,30,408148.679874,True
2.6,30,408194.20017,True
0.0,30,408238.287266,False
0.0,30,408288.710469,False
0.0,30,408334.142108,False
0.0,30,408382.416028,False
2.7,30,408434.207489,True
3.0,30,408478.914979,True
0.0,30,408521.193757,False
0.0,30,408568.897373,False
0.0,30,408616.08627,False
2.6,30,408661.61667,True
0.0,30,408706.902655,False
2.8,30,408751.748594,True
0.0,30,408792.590135,False
2.7,30,408836.166239,True
0.0,30,408879.238596,False
2.6,30,408922.975751,True
0.0,30,408981.599837,False
0.0,30,409030.993534,False
0.0,30,409081.258654,False
2.7,30,409122.784829,False
2.8,30,409166.677913,True
0.0,30,409211.653183,False
0.0,30,409260.625751,False
2.7,30,409309.759807,True
0.0,30,409355.284261,False
2.3,30,409397.039029,True
2.6,30,409447.813294,True
2.9,30,409490.55032,True
0.0,30,409535.855937,False
0.0,30,409579.159123,False
0.0,30,409620.724641,False
0.0,30,409666.705107,False
1.8,30,409948.02285,True
3.0,30,409992.391331,True
0.0,30,410038.063715,False
0.0,30,410080.515299,False
2.7,30,410132.848651,True
2.8,30,410177.700792,True
0.0,30,410220.256718,False
0.0,30,410265.695047,False
2.1,30,410317.536413,True
0.0,30,410362.596536,False
2.7,30,410413.365031,True
0.0,30,410460.438403,False
0.0,30,410510.815436,False
2.2,30,410550.552384,True
0.0,30,410596.641706,False
2.9,30,410643.460741,True
1.5,30,410688.234093,True
2.4,30,410730.182366,True
2.4,30,410773.01802,False
2.1,30,410821.292229,True
0.0,30,410864.12861,False
2.8,30,410909.928221,True
0.0,30,410962.713533,False
2.7,30,411004.844325,True
0.0,30,411053.432986,False
0.0,30,411098.505618,False
2.7,30,411137.835399,True
2.1,30,411182.972524,True
2.8,30,411232.19123,True
2.3,30,411279.447983,True
0.0,30,411325.06699,False
2.8,30,411369.888704,True
2.5,30,411418.761139,True
0.0,30,411463.937418,False
2.5,30,411780.810133,True
2.8,30,411823.797151,True
1.8,30,411874.12511,True
1.5,30,411919.17652,True
0.0,30,411966.815745,False
2.8,30,412012.020643,True
0.0,30,412059.607409,False
2.8,30,412102.397677,True
2.5,30,412147.335242,True
0.0,30,412196.24818,False
0.0,30,412240.758465,False
2.5,30,412289.873699,True
2.7,30,412336.007076,True
2.6,30,412381.933316,True
1.9,30,412422.427649,True
0.0,30,412468.131643,False
0.0,30,412520.818732,False
0.0,30,412567.920063,False
0.0,30,412611.919403,False
0.0,30,412666.54547,False
1.5,30,412715.186045,True
0.0,30,412764.140656,False
0.0,30,412808.888296,False
0.0,30,412852.445459,False
0.0,30,412897.724917,False
0.0,30,412941.663933,False
0.0,30,412983.769653,False
0.0,30,413024.810174,False
0.0,30,413069.076221,False
0.0,30,413120.093436,False
2.5,30,413168.061406,True
2.3,30,413226.203494,True
3.0,30,413273.505062,True
2.6,30,413322.084499,True
2.3,30,413597.58285,True
1.8,30,413642.237599,True
2.6,30,413692.103825,True
0.0,30,413743.790771,False
0.0,30,413786.180525,False
2.1,30,413831.927604,True
0.0,30,413871.783765,False
0.0,30,413922.403076,False
0.0,30,413965.503531,False
2.6,30,414015.361163,True
2.7,30,414065.490646,True
2.7,30,414109.000815,True
0.0,30,414149.004531,False
2.5,30,414192.782454,True
0.0,30,414239.510896,False
0.0,30,414281.716881,False
2.8,30,414325.637001,True
2.8,30,414368.367123,True
2.6,30,414417.890355,True
0.0,30,414461.967182,False
2.4,30,414504.288139,True
0.3,30,414547.614356,True
2.7,30,414596.013289,True
2.8,30,414642.393517,True
2.4,30,414690.231946,True
2.7,30,414736.904514,True
0.0,30,414775.775098,False
2.6,30,414823.315987,True
0.0,30,414867.219271,False
2.4,30,414910.724546,True
0.0,30,414960.205306,False
0.0,30,415002.010857,False
2.1,30,415050.39027,True
0.0,30,415093.82001,False
2.0,30,415382.469653,True
3.0,30,415427.290961,True
0.0,30,415474.150131,False
2.3,30,415522.279737,True
2.5,30,415565.742569,True
0.0,30,415611.33082,False
0.0,30,415654.774326,False
0.0,30,415699.909858,False
2.5,30,415744.950754,True
0.0,30,415789.421803,False
0.0,30,415832.126288,False
0.0,30,415874.981841,False
0.0,30,415927.783412,False
0.0,30,415969.564694,False
0.0,30,416016.833048,False
0.0,30,416057.413569,False
2.8,30,416101.818513,True
1.0,30,416159.064866,True
0.0,30,416206.807381,False
0.0,30,416254.767853,False
0.0,30,416300.844715,False
2.4,30,416346.854564,True
0.0,30,416387.316828,False
2.8,30,416428.800096,True
2.4,30,416482.112172,True
0.0,30,416526.351236,False
1.9,30,416571.997821,True
2.7,30,416617.049584,True
0.0,30,416659.378042,False
0.0,30,416703.641047,False
2.5,30,416749.063894,True
0.0,30,416802.53751,False
0.0,30,416851.801586,False
3.0,30,416895.820623,True
0.0,30,417198.079144,False
2.5,30,417242.169759,True
1.7,30,417291.170212,True
0.2,30,417336.653565,False
0.0,30,417383.367923,False
2.5,30,417430.788512,True
0.0,30,417470.148368,False
1.9,30,417519.13355,True
0.0,30,417568.991597,False
1.7,30,417612.349093,True
2.7,30,417653.386918,True
0.0,30,417698.573962,False
2.3,30,417743.032427,True
2.7,30,417786.70213,True
0.0,30,417831.83374,False
0.0,30,417888.570934,False
0.0,30,417936.557708,False
2.8,30,417979.991279,True
0.0,30,418025.606056,False
2.8,30,418066.535607,True
0.0,30,418108.197789,False
0.0,30,418158.606695,False
2.4,30,418197.629235,True
2.4,30,418236.310597,True
2.9,30,418284.460147,True
1.9,30,418325.511264,True
3.0,30,418374.67861,True
2.0,30,418416.369478,True
1.5,30,418459.613159,True
0.0,30,418502.555833,False
0.0,30,418546.975852,False
0.0,30,418587.557708,False
2.8,30,418631.957624,True
0.0,30,418678.086825,False
2.1,30,418723.544778,True
0.0,30,419005.338297,False
2.3,30,419050.335038,True
0.0,30,419098.431054,False
3.0,30,419148.411996,True
1.6,30,419192.561651,True
0.0,30,419238.034112,False
0.0,30,419287.81366,False
0.0,30,419336.486248,False
2.7,30,419384.279366,True
2.3,30,419441.804951,True
1.9,30,419487.654259,True
0.0,30,419534.005329,False
0.0,30,419575.466376,False
0.0,30,419621.83733,False
2.1,30,419665.13815,True
2.0,30,419710.267241,True
3.0,30,419752.375071,True
0.0,30,419796.151342,False
0.0,30,419838.520344,False
2.4,30,419880.681773,True
2.9,30,419931.412709,True
1.7,30,419975.678469,True
2.1,30,420018.903427,True
2.6,30,420060.859451,True
0.0,30,420104.85955,False
2.9,30,420152.114623,True
0.7,30,420198.52202,False
2.7,30,420239.198037,True
2.7,30,420283.711808,True
2.1,30,420329.002218,True
0.0,30,420369.183955,False
2.5,30,420414.524891,True
2.9,30,420471.585841,True
0.0,30,420513.044465,False
2.9,30,420823.485122,True
1.1,30,420869.170439,True
0.0,30,420912.443561,False
0.0,30,420962.248869,False
0.0,30,421002.561155,False
0.8,30,421057.761881,True
1.3,30,421101.507328,True
3.0,30,421150.963328,True
0.1,30,421198.617039,True
2.6,30,421241.438018,True
3.0,30,421290.065347,True
2.2,30,421331.975648,True
0.0,30,421379.899433,False
2.4,30,421428.45386,True
2.5,30,421479.072045,True
1.6,30,421523.764141,True
2.7,30,421568.274836,True
1.4,30,421617.856875,True
2.6,30,421654.922413,True
1.7,30,421697.372406,True
2.2,30,421742.851762,True
0.0,30,421788.238068,False
2.1,30,421835.387389,True
2.4,30,421887.100691,True
3.0,30,421929.045713,True
2.7,30,421976.211236,True
0.0,30,422022.203819,False
0.0,30,422069.457971,False
2.7,30,422117.91173,True
2.8,30,422165.123408,True
2.7,30,422206.503334,True
0.0,30,422256.937926,False
1.4,30,422297.751851,True
0.0,30,422343.106771,False
2.5,30,422676.292406,True
0.0,30,422720.156756,False
3.0,30,422768.898716,True
2.8,30,422831.554371,True
2.6,30,422875.639843,True
0.0,30,422921.651803,False
0.0,30,422964.948061,False
0.5,30,423008.326946,True
0.0,30,423054.795227,False
0.0,30,423103.089485,False
3.0,30,423147.347648,True
2.6,30,423190.705118,True
0.0,30,423235.991324,False
0.0,30,423275.402961,False
1.1,30,423319.661537,True
0.2,30,423369.052398,True
0.0,30,423416.896267,False
0.0,30,423457.442231,False
0.0,30,423499.099582,False
2.7,30,423545.378035,True
0.0,30,423593.50126,False
1.9,30,423638.580706,True
0.0,30,423680.279183,False
0.0,30,423722.545708,False
0.0,30,423763.103716,False
0.0,30,423801.764846,False
2.0,30,423845.900386,True
3.0,30,423891.765396,True
2.4,30,423942.985408,True
0.0,30,423980.751054,False
1.5,30,424025.175402,True
0.0,30,424080.564124,False
0.0,30,424121.422594,False
2.2,30,424166.958531,True
2.1,30,424493.943275,True
0.0,30,424540.85878,False
0.0,30,424585.771986,False
2.7,30,424633.465812,True
3.0,30,424683.682686,True
2.6,30,424734.249758,True
2.0,30,424776.614667,False
2.3,30,424820.426025,True
0.0,30,424862.997985,False
2.7,30,424908.70066,True
2.3,30,424960.143141,True
3.0,30,425002.561312,True
0.0,30,425049.017103,False
0.0,30,425095.1739,False
0.0,30,425134.532609,False
0.0,30,425177.849255,False
0.0,30,425223.205791,False
2.6,30,425266.187586,True
0.0,30,425312.492044,False
2.2,30,425358.090101,True
0.0,30,425399.447931,False
2.8,30,425441.504083,True
0.0,30,425483.870163,False
0.0,30,425532.57322,False
1.4,30,425579.641814,True
2.5,30,425622.627957,True
2.7,30,425677.675639,True
0.0,30,425721.863388,False
0.0,30,425768.067325,False
0.0,30,425807.194487,False
2.7,30,425853.550737,True
2.5,30,425896.772527,True
2.5,30,425940.335396,True
0.0,30,425988.957158,False
1.0,30,426303.451788,True
0.0,30,426346.901946,False
0.0,30,426393.38763,False
3.0,30,426464.586351,True
2.4,30,426516.917597,True
0.0,30,426560.706273,False
0.0,30,426606.394346,False
2.5,30,426661.482558,True
0.0,30,426709.198538,False
2.9,30,426756.239098,True
0.0,30,426805.099621,False
2.6,30,426851.35041,False
0.0,30,426898.144371,False
0.0,30,426947.007684,False
0.0,30,426994.458127,False
2.5,30,427036.694323,True
2.4,30,427080.955251,True
2.4,30,427124.187858,True
0.0,30,427171.06666,False
2.7,30,427215.691675,True
2.9,30,427265.264075,True
2.9,30,427313.790743,True
2.6,30,427363.683312,True
2.3,30,427407.198889,True
0.0,30,427452.167383,False
1.9,30,427500.189019,True
2.6,30,427543.429659,True
0.0,30,427590.781325,False
0.0,30,427634.516346,False
0.0,30,427683.498608,False
0.0,30,427729.230358,False
0.0,30,427776.645857,False
2.6,30,427826.796708,True
2.3,30,427867.796884,True
2.8,30,428222.57541,True
2.0,30,428268.064667,True
0.0,30,428312.998439,False
0.0,30,428356.060289,False
0.0,30,428405.356485,False
0.0,30,428452.441865,False
0.0,30,428497.705879,False
0.0,30,428543.962759,False
2.1,30,428588.505221,True
2.1,30,428632.129506,True
0.0,30,428683.646899,False
0.9,30,428733.040407,True
0.0,30,428778.454253,False
3.0,30,428822.767239,True
0.0,30,428869.381576,False
0.0,30,428910.456366,False
2.8,30,428955.187025,True
0.0,30,429000.993519,False
2.8,30,429047.440869,True
0.0,30,429090.357317,False
0.7,30,429133.537548,True
2.2,30,429186.996369,True
2.6,30,429234.998867,True
0.0,30,429279.824072,False
0.0,30,429325.018769,False
2.6,30,429366.801452,True
2.6,30,429415.978077,True
2.9,30,429461.601293,True
2.7,30,429506.075101,True
2.8,30,429554.310895,True
2.7,30,429599.907269,True
0.0,30,429642.858882,False
1.7,30,429697.729201,True
2.4,30,429743.958463,True
0.0,30,430095.36241,False
0.0,30,430137.514113,False
2.5,30,430182.023605,True
0.0,30,430231.638355,False
2.1,30,430280.438032,True
0.6,30,430324.589101,False
0.0,30,430372.668902,False
0.0,30,430420.529322,False
0.0,30,430465.243269,False
2.6,30,430516.993474,True
0.0,30,430563.590117,False
0.0,30,430614.911298,False
2.3,30,430668.342797,True
2.5,30,430717.2523,True
0.0,30,430765.484758,False
0.0,30,430813.561183,False
2.3,30,430866.839089,True
2.5,30,430907.314202,True
1.8,30,430955.017915,True
0.0,30,430998.933397,False
0.0,30,431042.934222,False
0.0,30,431089.130071,False
0.0,30,431141.377706,False
0.0,30,431193.80628,False
0.0,30,431239.132027,False
2.6,30,431282.722321,True
0.0,30,431332.621564,False
2.6,30,431376.070378,True
0.0,30,431423.411181,False
2.7,30,431472.807605,True
0.0,30,431522.94177,False
0.0,30,431572.782195,False
0.0,30,431620.799929,False
0.0,30,431667.975538,False
0.0,30,431710.849257,False
1.3,30,432047.836571,True
1.9,30,432089.645925,True
0.0,30,432137.270972,False
2.9,30,432191.757215,True
2.0,30,432235.973564,True
0.3,30,432283.879156,False
2.8,30,432332.965943,True
0.0,30,432380.600049,False
2.8,30,432429.23281,True
2.5,30,432472.375882,True
0.0,30,432519.351427,False
0.0,30,432569.181258,False
2.8,30,432612.147866,True
0.0,30,432667.655889,False
0.0,30,432713.801931,False
0.0,30,432760.847325,False
2.6,30,432807.60193,True
0.0,30,432855.206052,False
0.0,30,432897.118326,False
1.9,30,432941.022406,True
0.0,30,432984.749817,False
1.4,30,433031.807333,True
2.9,30,433080.981672,True
0.0,30,433128.216572,False
1.1,30,433174.074044,True
0.0,30,433217.59537,False
2.6,30,433257.274179,True
0.0,30,433305.475599,False
1.7,30,433350.382903,True
0.0,30,433395.347166,False
2.8,30,433443.987559,True
2.4,30,433491.769734,True
0.0,30,433539.279048,False
3.0,30,433582.63355,True
2.6,30,433938.30193,True
0.0,30,433986.377271,False
0.0,30,434033.664579,False
0.0,30,434078.989028,False
2.7,30,434120.530965,True
2.5,30,434168.250149,True
0.0,30,434215.230563,False
1.9,30,434259.396791,True
1.6,30,434303.415391,True
2.7,30,434352.126913,True
0.0,30,434401.460374,False
0.0,30,434449.385285,False
2.2,30,434501.196088,True
2.2,30,434548.018915,True
0.0,30,434593.595596,False
2.7,30,434636.605045,True
2.5,30,434686.272943,True
2.2,30,434738.538039,True
2.0,30,434782.318301,True
0.0,30,434829.202615,False
0.0,30,434873.247869,False
3.0,30,434916.991482,True
0.0,30,434968.086403,False
1.4,30,435015.44206,False
0.0,30,435061.879435,False
0.0,30,435109.009886,False
0.0,30,435154.168791,False
0.0,30,435198.686177,False
2.7,30,435243.364473,True
2.6,30,435291.743144,True
2.4,30,435339.79225,True
0.0,30,435388.791078,False
0.0,30,435435.233523,False
1.6,30,435481.793825,True
0.0,30,435832.483062,False
0.0,30,435876.809863,False
2.7,30,435924.566763,True
2.9,30,435968.651238,True
1.1,30,436020.818562,False
2.8,30,436066.570286,True
2.4,30,436115.148215,True
0.0,30,436156.4018,False
1.7,30,436202.995724,True
0.0,30,436249.858379,False
0.0,30,436292.545544,False
2.7,30,436337.398653,True
0.0,30,436389.856359,False
2.5,30,436439.258724,True
2.7,30,436487.545868,True
1.2,30,436535.908532,False
1.9,30,436589.216675,True
2.6,30,436634.935334,True
0.0,30,436678.432067,False
2.0,30,436730.119813,True
3.0,30,436774.405666,True
0.0,30,436824.014025,False
0.0,30,436868.537232,False
1.8,30,436921.554666,True
0.0,30,436966.353289,False
1.8,30,437017.039463,True
0.0,30,437065.114642,False
1.8,30,437110.760349,True
0.0,30,437153.825135,False
2.5,30,437205.656709,True
2.3,30,437252.584214,True
0.0,30,437302.249451,False
2.8,30,437345.007241,True
0.0,30,437392.767388,False
2.7,30,437730.844302,True
3.0,30,437784.834921,True
0.0,30,437835.015654,False
0.0,30,437893.685191,False
2.6,30,437941.845024,True
2.6,30,437987.257057,True
0.0,30,438036.10347,False
0.0,30,438082.51312,False
2.3,30,438130.535391,True
0.0,30,438176.201334,False
2.7,30,438222.005181,True
0.0,30,438270.361417,False
0.0,30,438313.859649,False
0.0,30,438360.148878,False
2.0,30,438411.355001,True
2.5,30,438456.745256,True
0.0,30,438503.369735,False
3.0,30,438551.426547,True
3.0,30,438594.724318,True
2.0,30,438644.872793,True
2.6,30,438690.125222,True
0.0,30,438735.897906,False
2.6,30,438787.176441,True
2.9,30,438832.483409,True
2.6,30,438876.892113,True
0.0,30,438925.813898,False
2.5,30,438974.402664,True
2.9,30,439026.819844,True
0.0,30,439073.018577,False
0.1,30,439125.13598,True
2.8,30,439173.541572,True
2.7,30,439223.219356,True
0.0,30,439276.114864,False
0.0,30,439323.588403,False
0.0,30,439648.186224,False
0.0,30,439692.546717,False
0.0,30,439745.518373,False
0.0,30,439797.36665,False
2.8,30,439849.125263,True
0.0,30,439895.486455,False
2.5,30,439942.366381,True
2.7,30,439988.402638,True
3.0,30,440044.848597,True
0.0,30,440093.854299,False
0.0,30,440142.038963,False
0.0,30,440194.498124,False
1.3,30,440241.266887,True
2.3,30,440285.869525,True
2.3,30,440334.609678,True
2.5,30,440379.092811,True
0.0,30,440423.343637,False
0.0,30,440469.125725,False
2.6,30,440515.069273,True
0.0,30,440560.219326,False
0.0,30,440603.513966,False
0.0,30,440655.534904,False
2.0,30,440701.916861,True
0.0,30,440752.255943,False
2.7,30,440802.661771,True
2.6,30,440843.241559,True
0.0,30,440892.506635,False
2.0,30,440943.19646,True
2.4,30,440986.175282,True
2.3,30,441035.550079,True
0.0,30,441093.553965,False
0.0,30,441138.3316,False
2.5,30,441190.785211,True
0.0,30,441238.750331,False
2.9,30,441577.492121,True
2.4,30,441626.329993,True
0.0,30,441676.469415,False
2.6,30,441726.300419,True
0.0,30,441772.248764,False
2.5,30,441815.868381,True
0.0,30,441865.99734,False
2.5,30,441913.582577,True
0.0,30,441960.516339,False
2.8,30,442006.546029,True
2.6,30,442058.181889,False
2.6,30,442100.241337,True
2.1,30,442148.018976,True
0.0,30,442195.55516,False
1.7,30,442237.584576,True
0.0,30,442281.908611,False
0.0,30,442335.383496,False
2.5,30,442382.376246,True
0.0,30,442428.120215,False
0.0,30,442483.188994,False
1.3,30,442525.199954,True
2.5,30,442570.911308,False
2.4,30,442618.76892,True
2.1,30,442661.289423,True
2.2,30,442702.582924,True
2.8,30,442747.813502,True
0.4,30,442793.39577,False
0.0,30,442833.57912,False
2.9,30,442876.325542,True
2.6,30,442914.854674,True
2.5,30,442958.24127,True
0.0,30,443005.487097,False
2.6,30,443048.407536,True
0.0,30,443096.632936,False
2.7,30,443445.048699,True
2.4,30,443494.551648,True
2.5,30,443538.234334,True
0.0,30,443587.931924,False
2.7,30,443635.120323,True
0.0,30,443681.303632,False
0.0,30,443730.948117,False
2.2,30,443774.025959,True
2.6,30,443820.505402,True
2.7,30,443866.595644,True
3.0,30,443911.686153,True
0.0,30,443959.791153,False
0.0,30,444003.011737,False
1.0,30,444051.028298,True
0.0,30,444100.592275,False
2.4,30,444156.226983,True
2.5,30,444203.899198,True
0.0,30,444247.812095,False
2.8,30,444293.489116,True
2.6,30,444339.53411,True
2.8,30,444384.971401,True
2.5,30,444426.996209,True
0.0,30,444471.06885,False
1.6,30,444520.190352,True
2.5,30,444569.662417,True
2.8,30,444613.788878,True
2.6,30,444659.434544,True
0.0,30,444705.369903,False
2.7,30,444754.845368,True
0.0,30,444802.583698,False
2.0,30,444855.223655,True
2.3,30,444901.407123,True
3.0,30,444952.591473,True
0.0,30,444996.77913,False
2.4,30,445340.176845,True
2.0,30,445387.133932,True
0.0,30,445434.011532,False
0.0,30,445484.344803,False
2.2,30,445532.150862,True
0.0,30,445577.192762,False
3.0,30,445617.041887,True
2.6,30,445660.039879,True
2.6,30,445704.243342,True
0.0,30,445751.644562,False
2.5,30,445797.075953,True
2.3,30,445850.43828,True
0.0,30,445896.546971,False
3.0,30,445944.663326,True
0.0,30,445993.293519,False
0.0,30,446036.877769,False
0.0,30,446080.958981,False
0.0,30,446137.52981,False
0.0,30,446182.436602,False
2.8,30,446228.227327,True
2.6,30,446271.949723,True
0.0,30,446314.493505,False
3.0,30,446363.741379,True
0.0,30,446407.148193,False
0.0,30,446451.418511,False
0.0,30,446495.403177,False
3.0,30,446534.734124,True
2.6,30,446582.305886,True
2.5,30,446626.440257,True
1.2,30,446669.844488,True
1.7,30,446714.18892,True
0.0,30,446757.939323,False
2.5,30,446805.178283,True
2.5,30,446852.599813,True
2.8,30,446898.617337,True
2.9,30,447247.653224,True
0.0,30,447290.532177,False
0.0,30,447337.390475,False
2.8,30,447388.014359,True
2.1,30,447430.399399,True
0.0,30,447477.277508,False
0.0,30,447521.220934,False
2.2,30,447565.901158,True
2.9,30,447620.871908,True
0.0,30,447664.839521,False
0.0,30,447709.047872,False
0.0,30,447757.817346,False
2.6,30,447806.349573,True
0.0,30,447851.875087,False
0.0,30,447898.790305,False
0.0,30,447942.987794,False
0.0,30,447992.387767,False
0.0,30,448035.750619,False
0.0,30,448079.600335,False
1.1,30,448124.165939,True
0.0,30,448177.32198,False
0.0,30,448227.628705,False
2.8,30,448269.013102,True
0.0,30,448314.159135,False
0.0,30,448363.695751,False
0.8,30,448410.601373,True
3.0,30,448466.029551,True
1.2,30,448514.547018,True
2.5,30,448559.690381,True
2.3,30,448610.919706,True
2.7,30,448658.205578,True
1.2,30,448708.638971,True
2.6,30,448755.718331,True
0.0,30,448798.730823,False
0.0,30,449152.174717,False
0.0,30,449201.008138,False
0.9,30,449247.066498,True
0.9,30,449292.363399,True
3.0,30,449342.334531,True
0.0,30,449381.262841,False
0.0,30,449427.973575,False
2.0,30,449467.921284,True
2.8,30,449514.439898,True
0.0,30,449562.340029,False
2.9,30,449605.019141,True
0.0,30,449646.327733,False
0.0,30,449700.208333,False
0.0,30,449747.43097,False
2.8,30,449790.452906,True
0.0,30,449830.260531,False
2.6,30,449878.353759,True
0.0,30,449921.288902,False
2.4,30,449968.14232,True
0.0,30,450011.751607,False
2.7,30,450059.514762,True
0.0,30,450104.994925,False
1.8,30,450147.381766,True
0.0,30,450192.38684,False
2.0,30,450240.384666,True
2.2,30,450285.030875,True
2.8,30,450330.771526,True
1.3,30,450374.777625,True
0.0,30,450426.028319,False
2.4,30,450469.301809,True
0.0,30,450511.76452,False
2.6,30,450554.758707,True
2.7,30,450597.574568,True
0.0,30,450649.168002,False
0.0,30,450989.721342,False
2.9,30,451035.981277,True
0.0,30,451079.479729,False
2.8,30,451126.463828,True
0.0,30,451173.880027,False
0.0,30,451220.610939,False
2.6,30,451266.95717,True
1.8,30,451312.900296,True
0.0,30,451355.382525,False
0.0,30,451396.586531,False
2.9,30,451442.066566,True
0.0,30,451482.277726,False
2.6,30,451529.153243,True
0.0,30,451577.17057,False
2.4,30,451631.506463,True
0.9,30,451673.00994,False
1.9,30,451714.149303,True
0.0,30,451758.604597,False
2.9,30,451799.125707,True
2.7,30,451845.705356,True
2.7,30,451893.7609,False
2.6,30,451942.981439,True
2.7,30,451988.97449,True
2.9,30,452028.645372,True
2.7,30,452071.733302,True
2.2,30,452123.514722,True
0.0,30,452170.30336,False
1.5,30,452219.094014,True
0.0,30,452259.819733,False
2.5,30,452305.250351,True
2.7,30,452351.618125,True
0.0,30,452398.692444,False
2.8,30,452448.561956,True
0.0,30,452494.541018,False
0.4,30,452828.100547,False
2.5,30,452880.101177,True
0.0,30,452925.036758,False
2.3,30,452969.479487,True
2.8,30,453016.01721,True
2.5,30,453057.9984,True
0.0,30,453099.316898,False
2.7,30,453151.181775,True
0.0,30,453197.182112,False
2.7,30,453242.330828,True
0.0,30,453289.138458,False
2.7,30,453334.828498,True
0.0,30,453385.190857,False
2.3,30,453432.696442,True
2.8,30,453480.413195,True
0.0,30,453526.939671,False
2.3,30,453576.880469,True
0.0,30,453627.125489,False
2.3,30,453670.841226,True
2.8,30,453715.627789,True
0.0,30,453760.012572,False
2.9,30,453801.21715,True
3.0,30,453844.626354,True
0.0,30,453888.270935,False
0.2,30,453935.116043,False
2.5,30,453983.847965,True
2.6,30,454039.713993,True
0.0,30,454087.213986,False
0.0,30,454134.392908,False
2.0,30,454178.90757,True
0.0,30,454225.023602,False
2.3,30,454273.218716,True
2.7,30,454323.090645,True
2.1,30,454367.522474,False
0.0,30,454709.277059,False
0.0,30,454758.490893,False
3.0,30,454805.025328,True
0.0,30,454846.416228,False
0.0,30,454887.97849,False
2.7,30,454933.763712,True
2.6,30,454985.229893,True
2.5,30,455028.174204,True
0.0,30,455074.07827,False
0.0,30,455117.836491,False
2.6,30,455168.404821,True
0.0,30,455213.563444,False
0.0,30,455255.432563,False
2.8,30,455305.867776,True
2.6,30,455348.445661,True
0.0,30,455396.873586,False
2.6,30,455439.40073,True
2.5,30,455483.93706,True
2.5,30,455527.178008,True
2.3,30,455571.598925,True
0.0,30,455618.870671,False
0.0,30,455668.343676,False
2.5,30,455717.212407,True
0.0,30,455761.172545,False
3.0,30,455809.647842,True
0.0,30,455859.749031,False
0.0,30,455905.578534,False
1.2,30,455951.474145,True
0.0,30,455996.573218,False
2.7,30,456044.559888,True
2.6,30,456090.443498,True
2.6,30,456134.000189,True
2.0,30,456179.009956,True
2.7,30,456228.816933,True
2.7,30,456565.232774,True
0.0,30,456610.008006,False
1.2,30,456652.428097,True
0.0,30,456698.850327,False
0.0,30,456742.540974,False
0.0,30,456784.813536,False
0.0,30,456831.943556,False
2.6,30,456874.034511,True
2.3,30,456920.069131,True
0.0,30,456965.293404,False
2.5,30,457014.125008,True
0.0,30,457062.291816,False
2.6,30,457109.70808,True
0.0,30,457157.074666,False
0.0,30,457200.635349,False
2.7,30,457245.156226,True
0.0,30,457296.294416,False
2.6,30,457340.828774,True
0.0,30,457391.126091,False
3.0,30,457440.037881,True
2.6,30,457486.457809,True
1.3,30,457530.631972,True
0.0,30,457576.23013,False
2.7,30,457621.420058,True
2.9,30,457665.565609,True
0.0,30,457712.340853,False
2.5,30,457761.557236,True
0.0,30,457804.786788,False
2.7,30,457852.754058,True
0.0,30,457903.44714,False
0.0,30,457945.448305,False
2.5,30,457987.292437,True
0.0,30,458030.644813,False
2.5,30,458079.258305,True
2.0,30,458400.078192,True
0.0,30,458442.163438,False
2.7,30,458491.533506,True
0.0,30,458536.326401,False
0.0,30,458582.135875,False
2.7,30,458630.028156,True
2.5,30,458677.565926,True
0.0,30,458730.009153,False
2.5,30,458780.237443,True
1.1,30,458823.379354,False
2.4,30,458867.948442,True
0.0,30,458912.929181,False
0.0,30,458957.02809,False
0.0,30,458997.272132,False
0.0,30,459040.277521,False
0.0,30,459089.813579,False
0.0,30,459140.180163,False
0.0,30,459189.045433,False
0.0,30,459235.056004,False
0.0,30,459283.043766,False
2.6,30,459330.614877,True
0.0,30,459372.987109,False
0.0,30,459422.63576,False
0.0,30,459472.932789,False
2.6,30,459520.258818,True
2.9,30,459558.692145,True
0.0,30,459603.589422,False
2.6,30,459649.657697,True
0.0,30,459692.69692,False
0.0,30,459741.423347,False
0.0,30,459786.52627,False
0.0,30,459831.896123,False
0.0,30,459875.151049,False
0.0,30,459927.110492,False
0.0,30,459969.504934,False
0.0,30,460312.052299,False
1.4,30,460354.995584,True
2.6,30,460401.015858,True
0.0,30,460453.255777,False
0.0,30,460495.240578,False
2.9,30,460537.267672,True
0.0,30,460580.440338,False
2.4,30,460628.404407,True
2.8,30,460673.0233,True
0.0,30,460727.207584,False
1.7,30,460774.279694,True
2.3,30,460824.106086,True
0.0,30,460870.084363,False
1.7,30,460914.561411,True
1.9,30,460960.290243,True
2.6,30,461009.742499,True
1.9,30,461056.161734,True
2.9,30,461099.752959,True
2.6,30,461147.204618,True
0.0,30,461203.00041,False
0.0,30,461249.001856,False
2.6,30,461298.647274,True
0.0,30,461344.486589,False
2.4,30,461386.160421,False
2.8,30,461428.209413,True
0.0,30,461473.41833,False
0.0,30,461515.785177,False
2.7,30,461558.117664,True
2.7,30,461605.70963,True
2.3,30,461654.393535,True
2.9,30,461699.534371,True
2.5,30,461748.901367,True
0.0,30,461798.35908,False
2.4,30,461843.043634,True
2.6,30,462175.189634,True
2.8,30,462222.995795,True
2.8,30,462268.722025,True
3.0,30,462312.3575,True
1.9,30,462365.149497,True
1.9,30,462413.726991,True
0.0,30,462470.883382,False
0.0,30,462519.358401,False
0.0,30,462564.124638,False
2.7,30,462609.731273,True
1.6,30,462655.382808,True
2.3,30,462698.27721,True
0.0,30,462745.004668,False
0.0,30,462788.87344,False
0.0,30,462837.695266,False
0.0,30,462889.155803,False
0.0,30,462935.040615,False
0.0,30,462974.517736,False
2.5,30,463014.713822,True
0.6,30,463057.958839,True
2.5,30,463106.530167,True
0.0,30,463151.354322,False
0.0,30,463196.835494,False
3.0,30,463242.594411,True
2.8,30,463292.482119,True
0.0,30,463335.30485,False
0.0,30,463378.973614,False
2.4,30,463423.377185,True
0.0,30,463466.086556,False
0.0,30,463510.922522,False
0.0,30,463560.079537,False
2.7,30,463618.584693,True
2.6,30,463663.025446,True
0.0,30,463710.687916,False
0.0,30,464057.615779,False
0.0,30,464106.372529,False
0.0,30,464150.19898,False
0.0,30,464196.39097,False
2.6,30,464239.335129,True
0.0,30,464285.71775,False
0.0,30,464325.137771,False
0.0,30,464372.405946,False
2.0,30,464419.521339,True
2.7,30,464465.571355,True
1.5,30,464508.662507,True
2.2,30,464552.241822,True
0.0,30,464597.986346,False
1.9,30,464643.624058,True
0.0,30,464689.916715,False
0.0,30,464734.9127,False
0.0,30,464782.738595,False
0.0,30,464831.333502,False
0.0,30,464875.899652,False
0.0,30,464926.672806,False
0.0,30,464973.556066,False
2.6,30,465022.854938,True
0.0,30,465069.657324,False
0.0,30,465123.642375,False
2.1,30,465171.915497,True
0.0,30,465212.36525,False
2.8,30,465252.364562,True
2.1,30,465298.429792,True
2.9,30,465343.045822,True
2.4,30,465387.984853,True
0.0,30,465430.394576,False
0.0,30,465475.146846,False
2.3,30,465521.410047,True
0.0,30,465568.756555,False
2.3,30,465922.201476,True
0.0,30,465968.797113,False
1.1,30,466013.267414,False
0.0,30,466059.464462,False
0.0,30,466109.909673,False
0.0,30,466156.716125,False
2.5,30,466207.102114,True
2.8,30,466253.74314,True
2.3,30,466301.187048,True
0.0,30,466345.656779,False
0.0,30,466390.957174,False
0.0,30,466434.962247,False
2.8,30,466485.335727,True
0.0,30,466533.884655,False
2.4,30,466578.768982,True
0.0,30,466630.387603,False
2.9,30,466670.498724,True
0.0,30,466721.442636,False
0.0,30,466769.236175,False
0.0,30,466813.837522,False
0.0,30,466861.641639,False
3.0,30,466909.717605,True
0.0,30,466956.387485,False
0.0,30,467003.658144,False
1.2,30,467044.663774,True
0.0,30,467089.771953,False
0.0,30,467140.388738,False
0.0,30,467184.478977,False
2.3,30,467231.558686,True
0.0,30,467278.383666,False
2.8,30,467325.47841,True
2.7,30,467369.869041,True
2.8,30,467411.120008,True
0.0,30,467455.896057,False
2.7,30,467819.479391,True
2.5,30,467864.379903,True
2.9,30,467912.58358,True
2.7,30,467958.297604,True
0.0,30,468006.208783,False
0.0,30,468056.474498,False
2.4,30,468106.54442,True
2.6,30,468149.270947,True
0.0,30,468195.637359,False
2.7,30,468241.783533,True
2.2,30,468285.842911,True
0.0,30,468328.973496,False
0.0,30,468379.355398,False
2.3,30,468424.142846,True
0.0,30,468473.009892,False
2.6,30,468518.301663,True
0.0,30,468565.940788,False
0.0,30,468610.046044,False
0.0,30,468659.732469,False
2.2,30,468706.743327,True
2.6,30,468751.34389,True
0.0,30,468793.934603,False
2.4,30,468839.123066,True
0.4,30,468885.105503,True
0.0,30,468939.034178,False
0.0,30,468987.98722,False
2.8,30,469034.067877,True
2.1,30,469080.848853,True
0.0,30,469123.6216,False
2.8,30,469171.375486,True
0.0,30,469228.594942,False
2.6,30,469277.931798,True
0.0,30,469322.255329,False
0.0,30,469365.763379,False
2.9,30,469707.693528,True
0.0,30,469756.958656,False
3.0,30,469807.80922,True
0.0,30,469853.669699,False
0.0,30,469894.064983,False
0.0,30,469941.675484,False
0.0,30,469991.3132,False
2.7,30,470040.774633,True
1.1,30,470099.803543,True
0.0,30,470144.76935,False
0.0,30,470208.601333,False
0.0,30,470256.204046,False
2.6,30,470300.35501,True
0.0,30,470343.969928,False
3.0,30,470393.477344,True
0.0,30,470442.174481,False
0.0,30,470494.840317,False
0.0,30,470540.54362,False
2.6,30,470589.366573,True
2.8,30,470637.485169,True
0.0,30,470686.87772,False
0.0,30,470738.914732,False
0.0,30,470789.486046,False
0.0,30,470835.781679,False
2.5,30,470879.060537,True
0.0,30,470935.96206,False
0.0,30,470979.354711,False
0.0,30,471024.396661,False
2.6,30,471070.06803,True
0.0,30,471136.379886,False
2.9,30,471186.146451,True
0.0,30,471234.823327,False
0.0,30,471280.050215,False
2.3,30,471325.121302,True
0.0,30,471651.273412,False
0.0,30,471698.622569,False
0.0,30,471749.126644,False
2.6,30,471797.678414,True
0.0,30,471845.05289,False
0.0,30,471894.063953,False
0.0,30,471938.735068,False
1.6,30,471983.147391,True
0.0,30,472029.013214,False
0.0,30,472075.485528,False
2.6,30,472119.437211,True
2.4,30,472172.229671,True
2.7,30,472215.022745,True
0.0,30,472284.485244,False
2.7,30,472334.967238,True
2.6,30,472388.717337,True
0.0,30,472433.961455,False
0.0,30,472479.650345,False
0.0,30,472523.428453,False
1.0,30,472571.567217,True
2.3,30,472614.92373,True
2.8,30,472661.185383,True
2.4,30,472706.212991,True
2.3,30,472757.958652,True
2.6,30,472810.839379,True
0.0,30,472865.108928,False
1.0,30,472911.751905,True
2.2,30,472960.893163,True
0.4,30,473010.554995,True
0.0,30,473059.062254,False
2.7,30,473109.413769,True
0.0,30,473156.7528,False
0.0,30,473205.958343,False
2.6,30,473250.277189,True
2.7,30,473577.437738,True
2.3,30,473626.254355,True
1.6,30,473673.176207,True
2.6,30,473721.106341,True
0.0,30,473768.959186,False
1.3,30,473808.972348,True
0.9,30,473855.21058,True
2.8,30,473898.015363,True
0.0,30,473941.851167,False
2.8,30,473990.876359,True
0.7,30,474039.076114,False
2.8,30,474086.111024,True
0.0,30,474135.656558,False
0.0,30,474181.654171,False
2.9,30,474226.89583,True
0.4,30,474271.134124,True
0.0,30,474317.019005,False
2.5,30,474359.562043,True
0.0,30,474404.383373,False
0.0,30,474453.416549,False
2.7,30,474501.473645,True
0.0,30,474549.493767,False
0.0,30,474595.563809,False
0.0,30,474638.795802,False
2.7,30,474697.229026,True
0.0,30,474743.538311,False
0.0,30,474791.650171,False
2.9,30,474836.689331,True
0.9,30,474888.943185,True
0.0,30,474937.145432,False
2.2,30,474986.746305,True
2.8,30,475037.882282,True
0.0,30,475082.057398,False
2.6,30,475139.983047,True
0.0,30,475189.537168,False
0.0,30,475528.042639,False
0.0,30,475574.820565,False
2.4,30,475621.07116,True
0.0,30,475670.857747,False
2.4,30,475721.064669,True
2.6,30,475767.742636,True
2.7,30,475813.720714,True
2.9,30,475859.37268,True
0.0,30,475909.803382,False
3.0,30,475954.08079,True
1.2,30,475998.314814,True
1.4,30,476038.442511,True
2.3,30,476086.679888,True
2.0,30,476138.991941,False
0.4,30,476183.725959,False
2.6,30,476228.077359,True
2.5,30,476275.291006,True
2.6,30,476321.689187,True
0.0,30,476367.854187,False
2.5,30,476419.111192,True
0.0,30,476468.504325,False
0.0,30,476512.805148,False
2.7,30,476560.629347,True
2.6,30,476607.113034,True
0.0,30,476651.894204,False
0.0,30,476698.351795,False
0.0,30,476743.276577,False
0.7,30,476786.915924,True
0.0,30,476832.826521,False
0.0,30,476880.043046,False
0.0,30,476923.819241,False
2.4,30,476972.668561,True
0.0,30,477018.263245,False
2.7,30,477072.658303,True
0.0,30,477383.04909,False
2.6,30,477431.345802,True
2.3,30,477479.903838,True
0.0,30,477524.268143,False
2.6,30,477565.52011,True
3.0,30,477608.921324,True
0.0,30,477653.717139,False
2.6,30,477699.694661,True
2.4,30,477746.280669,True
0.0,30,477798.937272,False
0.0,30,477848.424475,False
0.0,30,477887.576571,False
0.0,30,477928.631471,False
1.3,30,477972.844557,True
1.3,30,478016.135198,False
2.7,30,478076.605745,True
0.0,30,478119.66627,False
0.0,30,478177.895024,False
0.0,30,478230.887836,False
0.0,30,478276.224011,False
3.0,30,478321.319354,True
2.9,30,478366.348308,True
0.0,30,478415.370359,False
0.0,30,478472.849295,False
2.8,30,478520.004462,True
1.6,30,478561.767368,True
2.8,30,478606.361403,True
2.5,30,478646.854338,True
0.0,30,478691.495527,False
2.8,30,478735.573451,True
0.0,30,478779.748965,False
0.0,30,478827.297908,False
2.5,30,478871.017631,True
0.0,30,478923.736579,False
2.9,30,479243.088933,True
0.0,30,479286.268327,False
2.8,30,479329.592519,True
0.0,30,479373.717474,False
0.0,30,479416.305004,False
0.0,30,479463.060646,False
1.5,30,479507.690731,True
0.0,30,479550.568662,False
0.0,30,479597.164814,False
2.8,30,479645.116644,True
2.5,30,479697.293316,True
2.4,30,479747.400475,True
0.0,30,479794.095659,False
2.7,30,479838.924294,True
0.0,30,479883.492321,False
0.0,30,479930.664512,False
2.2,30,479976.067039,True
2.5,30,480020.365188,True
0.0,30,480068.679461,False
2.1,30,480117.332787,True
2.7,30,480161.780477,True
2.7,30,480210.097793,True
2.9,30,480258.728198,True
3.0,30,480302.548549,True
0.0,30,480346.743932,False
0.0,30,480390.615085,False
0.0,30,480434.628271,False
1.7,30,480475.828675,True
0.0,30,480521.244456,False
2.3,30,480588.278898,True
3.0,30,480631.064954,True
2.6,30,480675.378132,True
0.0,30,480728.889,False
0.0,30,480774.723891,False
2.8,30,481116.533299,True
0.0,30,481159.63095,False
1.7,30,481207.459141,True
0.7,30,481254.319839,True
0.0,30,481303.936364,False
0.0,30,481349.595425,False
0.0,30,481397.960292,False
2.8,30,481446.345528,True
0.0,30,481485.556926,False
2.8,30,481531.728568,True
2.8,30,481584.44823,True
2.7,30,481629.100447,True
0.0,30,481677.354251,False
2.1,30,481721.413774,True
2.3,30,481769.984544,True
2.5,30,481824.609498,True
2.7,30,481870.834276,True
2.5,30,481916.514046,True
2.5,30,481962.749313,True
2.8,30,482009.793732,True
0.0,30,482052.703083,False
2.8,30,482106.391026,True
0.0,30,482156.767493,False
0.0,30,482201.394412,False
2.8,30,482245.828789,True
0.0,30,482287.461886,False
0.0,30,482330.191448,False
2.6,30,482374.0367,True
2.1,30,482419.043386,False
0.0,30,482464.091438,False
2.6,30,482512.044108,True
0.0,30,482560.163245,False
2.9,30,482607.484456,True
2.6,30,482654.826246,True
0.0,30,482986.370039,False
0.0,30,483032.31582,False
2.6,30,483078.185693,True
0.0,30,483127.956487,False
0.0,30,483171.78879,False
2.8,30,483220.348871,True
0.0,30,483261.569846,False
0.0,30,483302.087599,False
2.5,30,483359.472296,True
1.7,30,483402.339006,True
0.0,30,483446.136575,False
1.7,30,483492.033967,True
0.0,30,483538.369903,False
2.8,30,483582.416669,True
0.0,30,483627.174711,False
0.8,30,483673.082102,True
0.0,30,483719.249448,False
0.0,30,483768.496749,False
2.2,30,483813.594,True
0.0,30,483861.357332,False
0.0,30,483907.701012,False
2.0,30,483959.623818,True
2.2,30,484002.346983,True
3.0,30,484051.407985,True
2.6,30,484102.739755,True
2.7,30,484151.398196,True
2.6,30,484200.309995,True
0.0,30,484248.603144,False
2.6,30,484298.292758,True
2.9,30,484339.675358,True
2.1,30,484383.868428,True
2.4,30,484433.544405,True
0.0,30,484478.637098,False
2.4,30,484523.004886,True
2.9,30,484866.727777,True
0.0,30,484914.936778,False
0.0,30,484960.575586,False
0.0,30,485009.987934,False
2.6,30,485052.980323,True
2.1,30,485099.678315,True
2.3,30,485145.661228,True
2.9,30,485192.395789,True
2.4,30,485240.818527,True
2.6,30,485289.258297,True
2.3,30,485333.667813,True
0.0,30,485377.024772,False
3.0,30,485418.248373,True
0.0,30,485468.248997,False
0.0,30,485514.386727,False
2.6,30,485563.626839,True
0.0,30,485607.696687,False
0.0,30,485652.56367,False
2.8,30,485701.595154,True
2.5,30,485745.615477,True
0.0,30,485796.00491,False
0.0,30,485843.132461,False
2.7,30,485887.3246,True
0.0,30,485930.099113,False
2.4,30,485973.63163,True
0.0,30,486022.70645,False
2.7,30,486071.600955,True
2.7,30,486124.106912,True
0.0,30,486170.443052,False
2.7,30,486218.895452,True
1.6,30,486270.126833,True
0.0,30,486312.291191,False
2.8,30,486359.916409,True
0.2,30,486401.49187,True
2.6,30,486735.251791,True
2.7,30,486777.241529,True
0.0,30,486822.974161,False
0.0,30,486866.480029,False
2.7,30,486912.653992,True
0.0,30,486958.915159,False
0.0,30,487006.791797,False
2.8,30,487046.435856,True
0.0,30,487089.294918,False
2.4,30,487141.387557,True
0.0,30,487189.579549,False
0.0,30,487234.413212,False
2.9,30,487281.971684,True
0.0,30,487329.39002,False
2.1,30,487378.538198,True
2.6,30,487424.153397,True
0.0,30,487469.54636,False
2.6,30,487512.283264,True
1.8,30,487558.873118,True
0.0,30,487604.669248,False
0.0,30,487665.690152,False
1.9,30,487713.802512,True
2.1,30,487753.076266,True
0.0,30,487799.284744,False
0.0,30,487846.377003,False
0.0,30,487889.813432,False
2.9,30,487942.131878,True
0.0,30,487996.593211,False
0.0,30,488044.82972,False
2.5,30,488088.817282,True
0.0,30,488137.941895,False
2.8,30,488186.410013,True
2.6,30,488235.023172,True
2.7,30,488285.880616,True
1.1,30,488327.235547,True
0.0,30,488628.899668,False
0.0,30,488674.962017,False
2.6,30,488720.425659,True
2.0,30,488764.148659,True
2.8,30,488806.372974,True
0.0,30,488853.63933,False
2.8,30,488905.423503,True
0.0,30,488949.311361,False
2.7,30,488999.821462,True
0.0,30,489041.368258,False
0.0,30,489086.149192,False
1.2,30,489136.052752,True
0.0,30,489183.468132,False
0.0,30,489231.602321,False
2.2,30,489283.478126,True
2.6,30,489330.164556,True
2.2,30,489372.22013,True
0.0,30,489415.563777,False
2.3,30,489459.185475,True
2.6,30,489511.070788,True
0.0,30,489554.121156,False
0.0,30,489607.116976,False
0.0,30,489650.080351,False
2.5,30,489691.858777,True
2.8,30,489743.705521,True
2.8,30,489787.415067,True
0.0,30,489834.71809,False
0.0,30,489875.654948,False
0.0,30,489921.137463,False
2.5,30,489969.635691,True
2.8,30,490015.806221,True
0.0,30,490063.602175,False
2.8,30,490108.902813,True
0.0,30,490148.600942,False
0.0,30,490457.980322,False
0.0,30,490503.615646,False
0.0,30,490556.087578,False
2.4,30,490602.614665,True
0.0,30,490649.404159,False
2.6,30,490706.100696,True
2.8,30,490754.395915,True
2.7,30,490804.1306,True
0.0,30,490846.207072,False
0.0,30,490893.698717,False
2.8,30,490942.805611,True
0.0,30,490989.006297,False
0.0,30,491032.485816,False
0.0,30,491077.712821,False
2.7,30,491132.566255,True
2.6,30,491180.706287,True
1.6,30,491230.428211,True
2.0,30,491277.237171,True
1.0,30,491330.669619,True
2.3,30,491372.07096,True
2.9,30,491422.698946,True
0.0,30,491469.381161,False
0.0,30,491515.918883,False
2.6,30,491563.358552,True
0.0,30,491613.800227,False
2.6,30,491660.027753,True
2.4,30,491711.5297,True
2.4,30,491752.55081,True
0.0,30,491797.666513,False
0.0,30,491842.073502,False
2.3,30,491890.851719,True
2.6,30,491936.912279,True
0.0,30,491978.431369,False
0.0,30,492022.692873,False
0.0,30,492350.421885,False
0.0,30,492400.352865,False
2.7,30,492451.499316,True
2.5,30,492514.19096,True
2.5,30,492555.142941,True
1.6,30,492599.607775,True
2.8,30,492645.570037,True
0.0,30,492691.068155,False
2.5,30,492746.819396,True
2.5,30,492789.793585,True
0.7,30,492837.486286,True
2.7,30,492879.252238,True
2.5,30,492923.923965,True
0.0,30,492980.241923,False
0.0,30,493023.148008,False
2.6,30,493067.080411,True
0.0,30,493111.916497,False
0.0,30,493157.079133,False
0.7,30,493201.692411,True
0.0,30,493251.06647,False
0.0,30,493295.386015,False
2.2,30,493342.02755,True
2.7,30,493391.649601,True
2.9,30,493435.077446,True
0.0,30,493480.37043,False
2.7,30,493534.357031,True
2.7,30,493583.600996,True
0.0,30,493626.138101,False
0.0,30,493671.624492,False
0.0,30,493719.082269,False
0.0,30,493761.598866,False
1.8,30,493806.526381,True
2.5,30,493849.252687,True
2.6,30,493892.615396,True
2.6,30,494236.718679,True
0.9,30,494290.706356,True
2.7,30,494333.862214,True
0.0,30,494376.533329,False
0.0,30,494432.452851,False
0.0,30,494481.623829,False
1.5,30,494527.048249,True
0.1,30,494572.004406,True
2.8,30,494619.191873,True
0.0,30,494663.95022,False
0.0,30,494706.025108,False
0.0,30,494750.640132,False
2.7,30,494817.34072,True
2.0,30,494870.991763,True
2.7,30,494918.678538,True
0.0,30,494965.448745,False
2.7,30,495010.991404,True
0.0,30,495054.479599,False
2.8,30,495102.924239,False
2.0,30,495154.733487,True
2.5,30,495201.133875,True
0.0,30,495248.176011,False
2.6,30,495291.405206,True
0.0,30,495344.298905,False
0.0,30,495386.440785,False
0.0,30,495437.9498,False
0.0,30,495479.805244,False
2.2,30,495523.948896,True
2.8,30,495569.292119,True
2.6,30,495613.69884,True
2.6,30,495664.388728,True
0.0,30,495709.167191,False
0.0,30,495760.984076,False
0.0,30,495806.034536,False
0.0,30,496137.012658,False
2.2,30,496180.412465,True
2.4,30,496227.122222,True
0.0,30,496271.552864,False
3.0,30,496315.346583,True
0.0,30,496357.753564,False
0.0,30,496405.275962,False
3.0,30,496446.864521,True
0.0,30,496495.546465,False
0.0,30,496541.722681,False
0.0,30,496588.518347,False
1.6,30,496632.530282,True
0.0,30,496684.610199,False
2.5,30,496736.72242,True
1.3,30,496784.650195,True
0.0,30,496825.63772,False
1.6,30,496871.018679,True
0.0,30,496915.5534,False
0.0,30,496970.039817,False
2.8,30,497014.920676,True
0.0,30,497061.819505,False
2.7,30,497106.833672,True
1.5,30,497151.400337,True
0.0,30,497204.281428,False
0.0,30,497248.039193,False
2.8,30,497298.486359,True
0.0,30,497345.725915,False
3.0,30,497393.714105,True
2.6,30,497441.033906,True
0.0,30,497490.461857,False
2.3,30,497535.098714,True
2.5,30,497577.473896,True
2.3,30,497628.419106,True
0.0,30,497671.474603,False
0.0,30,497989.699367,False
2.3,30,498035.362067,True
0.0,30,498080.981346,False
0.0,30,498125.514801,False
0.0,30,498167.889567,False
2.0,30,498209.401645,True
0.0,30,498268.186029,False
3.0,30,498313.315127,True
0.0,30,498360.719462,False
0.0,30,498406.077723,False
2.8,30,498447.472479,True
2.4,30,498493.02316,True
0.0,30,498536.038716,False
1.8,30,498587.340026,True
2.7,30,498636.08114,True
0.0,30,498680.072259,False
0.0,30,498723.554609,False
0.0,30,498763.460732,False
2.6,30,498802.98827,True
2.5,30,498847.469431,True
0.0,30,498894.165196,False
0.0,30,498935.3098,False
0.0,30,498981.778259,False
2.6,30,499025.24705,True
2.8,30,499068.976847,True
0.0,30,499112.893623,False
0.0,30,499161.639399,False
2.9,30,499208.092798,True
0.0,30,499247.84977,False
0.0,30,499292.318649,False
0.4,30,499331.512737,False
2.2,30,499377.962744,True
0.0,30,499428.121741,False
0.8,30,499476.844631,True
1.6,30,499814.697815,True
1.8,30,499860.374648,True
3.0,30,499903.957767,True
0.0,30,499950.112893,False
2.4,30,500006.624428,True
2.7,30,500046.154679,True
2.2,30,500087.519659,True
0.0,30,500134.995175,False
2.5,30,500181.342413,True
0.0,30,500226.64481,False
2.8,30,500274.411731,True
0.0,30,500318.460488,False
2.6,30,500361.942247,True
0.0,30,500408.312943,False
2.9,30,500459.385468,True
0.0,30,500504.606555,False
2.4,30,500553.26167,True
0.0,30,500597.955007,False
0.0,30,500646.318106,False
2.9,30,500695.488899,True
2.5,30,500742.451168,True
2.8,30,500789.017349,True
0.0,30,500829.296448,False
0.0,30,500884.151789,False
2.5,30,500927.767967,True
0.0,30,500981.82995,False
2.5,30,501027.245418,True
1.4,30,501070.366766,True
0.0,30,501110.565857,False
2.6,30,501159.864815,True
0.0,30,501205.985465,False
0.0,30,501251.133518,False
2.8,30,501291.213814,True
0.0,30,501333.595525,False
0.0,30,501703.171357,False
2.8,30,501751.714317,True
2.4,30,501800.830516,True
0.0,30,501854.192502,False
2.3,30,501900.441266,True
2.5,30,501950.531576,True
2.5,30,502001.86632,True
2.7,30,502052.468924,True
2.4,30,502098.241473,True
2.6,30,502147.887708,True
0.0,30,502194.549999,False
2.0,30,502240.498192,True
0.0,30,502287.366181,False
0.0,30,502336.026937,False
0.0,30,502380.596765,False
0.0,30,502433.131648,False
2.1,30,502478.163903,True
2.6,30,502528.211373,True
2.8,30,502570.939728,True
1.3,30,502615.393505,False
0.0,30,502658.431179,False
2.6,30,502704.988802,True
2.9,30,502754.279035,True
2.2,30,502802.940331,True
0.0,30,502850.704771,False
2.7,30,502893.992563,True
0.0,30,502939.248281,False
0.0,30,502982.864814,False
2.5,30,503027.927353,True
2.6,30,503074.393164,True
0.0,30,503128.166192,False
0.0,30,503171.660644,False
0.6,30,503219.076736,True
2.8,30,503265.304427,True
0.0,30,503304.064802,False
1.7,30,503655.4679,True
0.0,30,503705.002884,False
0.0,30,503758.082896,False
0.0,30,503809.808608,False
2.2,30,503861.791434,True
2.4,30,503907.705381,True
3.0,30,503958.412261,True
1.3,30,504002.77775,True
0.0,30,504048.498717,False
2.4,30,504093.446687,True
0.0,30,504142.355357,False
0.0,30,504190.125377,False
0.0,30,504238.159166,False
0.4,30,504280.701975,True
2.5,30,504327.715211,True
0.0,30,504374.406592,False
0.0,30,504425.553019,False
0.0,30,504470.950876,False
0.0,30,504522.806966,False
2.3,30,504570.938308,True
0.0,30,504623.052547,False
1.7,30,504666.226934,True
0.0,30,504710.006125,False
0.0,30,504756.124675,False
0.1,30,504802.927164,False
1.4,30,504860.940466,True
0.0,30,504907.832976,False
2.8,30,504954.589858,True
2.1,30,504996.876382,True
2.6,30,505041.18779,True
0.0,30,505091.323388,False
2.5,30,505135.765278,True
0.0,30,505184.399659,False
0.0,30,505227.840412,False
0.0,30,505573.304766,False
0.0,30,505619.338101,False
0.0,30,505667.357113,False
2.3,30,505714.978321,True
0.0,30,505759.74894,False
0.0,30,505807.090868,False
0.0,30,505849.674216,False
0.0,30,505899.958598,False
0.0,30,505951.078731,False
1.7,30,505995.410559,True
2.7,30,506040.882411,True
0.0,30,506087.98114,False
0.0,30,506132.594357,False
2.5,30,506171.845714,False
2.0,30,506219.859381,True
2.6,30,506271.679765,True
0.0,30,506317.74422,False
2.4,30,506374.975371,True
0.0,30,506422.329333,False
2.6,30,506465.732135,True
0.0,30,506508.198586,False
0.0,30,506562.981063,False
0.0,30,506610.295215,False
0.0,30,506659.989601,False
2.5,30,506706.613099,True
0.0,30,506750.88806,False
2.8,30,506795.690459,True
0.0,30,506862.900805,False
0.0,30,506913.733305,False
2.1,30,506963.14356,True
2.8,30,507007.573365,True
0.0,30,507055.785829,False
0.0,30,507103.967953,False
1.7,30,507151.059249,True
2.7,30,507511.830154,True
0.0,30,507557.799295,False
0.0,30,507606.587268,False
0.0,30,507657.087613,False
0.0,30,507714.633467,False
3.0,30,507764.091019,True
2.6,30,507808.019333,True
2.8,30,507853.474653,True
0.0,30,507905.227233,False
2.5,30,507948.773848,True
0.0,30,507991.459394,False
2.1,30,508035.901334,True
0.0,30,508077.95138,False
2.6,30,508124.469932,True
2.2,30,508170.533104,True
0.0,30,508222.411299,False
0.0,30,508265.294334,False
0.0,30,508305.852894,False
2.4,30,508354.135763,True
0.7,30,508404.48371,True
0.0,30,508448.73553,False
1.5,30,508496.250593,True
2.7,30,508542.285543,True
3.0,30,508591.831252,True
0.0,30,508641.19284,False
2.6,30,508691.082809,True
0.0,30,508734.373593,False
2.8,30,508773.579081,True
0.0,30,508824.365895,False
1.9,30,508876.65517,True
0.0,30,508921.827618,False
0.0,30,508962.163682,False
0.0,30,509006.837561,False
3.0,30,509048.222432,True
3.0,30,509438.236324,True
0.0,30,509485.767569,False
0.0,30,509542.079542,False
0.0,30,509601.481342,False
0.0,30,509650.273604,False
0.0,30,509699.292376,False
2.7,30,509751.174089,True
2.9,30,509803.509906,True
0.0,30,509869.728535,False
2.7,30,509915.023657,True
2.3,30,509961.667957,True
0.0,30,510015.168802,False
0.0,30,510057.258092,False
1.5,30,510100.780149,True
0.0,30,510145.860788,False
0.0,30,510190.194686,False
2.9,30,510234.261528,True
2.1,30,510279.035489,True
0.0,30,510320.78532,False
0.0,30,510367.599148,False
2.5,30,510416.022478,True
0.0,30,510471.565282,False
0.0,30,510518.06626,False
0.0,30,510565.43054,False
2.1,30,510609.524442,False
2.5,30,510658.460316,True
0.0,30,510706.426184,False
2.8,30,510745.938378,True
0.0,30,510790.434671,False
0.0,30,510834.449972,False
0.0,30,510879.801782,False
0.0,30,510921.280071,False
0.0,30,510971.085653,False
2.8,30,511019.497388,True
0.0,30,511395.632313,False
0.0,30,511442.26121,False
2.8,30,511487.884343,True
2.8,30,511536.441187,True
2.7,30,511579.951349,True
0.0,30,511630.705266,False
0.0,30,511677.965942,False
0.0,30,511724.400079,False
0.0,30,511781.217958,False
2.5,30,511822.759002,True
1.7,30,511867.73495,True
0.0,30,511913.399845,False
0.0,30,511958.59411,False
2.4,30,512008.670196,True
2.1,30,512051.484393,True
2.7,30,512097.796304,True
2.6,30,512142.762032,True
1.6,30,512193.205069,True
2.5,30,512247.829261,True
0.0,30,512302.758407,False
0.0,30,512344.794001,False
0.0,30,512395.580101,False
1.6,30,512442.902333,True
0.0,30,512495.741572,False
2.4,30,512541.877562,True
0.0,30,512592.731605,False
2.6,30,512641.157259,True
2.8,30,512687.510107,True
0.0,30,512731.367636,False
0.0,30,512775.327959,False
0.0,30,512828.187108,False
1.8,30,512878.45628,True
2.6,30,512926.78866,True
1.2,30,512972.998155,True
0.0,30,513328.344015,False
0.0,30,513367.857702,False
0.0,30,513415.030957,False
2.5,30,513463.094598,True
2.5,30,513518.571818,True
2.7,30,513565.646474,True
0.0,30,513611.446841,False
0.0,30,513657.059086,False
0.0,30,513706.401197,False
0.0,30,513756.360288,False
0.0,30,513803.512261,False
2.5,30,513847.796083,True
0.0,30,513891.868751,False
2.5,30,513936.360792,True
0.0,30,513981.628015,False
0.0,30,514032.538793,False
0.0,30,514080.872166,False
3.0,30,514133.207167,True
0.0,30,514183.181057,False
0.0,30,514231.867854,False
0.0,30,514280.68015,False
0.0,30,514324.555111,False
0.0,30,514371.901802,False
0.0,30,514420.417327,False
2.7,30,514469.915245,True
0.0,30,514514.184761,False
0.0,30,514559.207355,False
2.9,30,514602.27108,True
2.7,30,514649.291998,True
2.6,30,514701.640184,True
0.0,30,514752.21549,False
2.8,30,514798.328702,True
0.0,30,514861.506902,False
0.0,30,514908.368616,False
1.9,30,515274.296304,True
0.0,30,515321.484215,False
3.0,30,515367.801486,True
1.4,30,515411.938864,True
2.7,30,515460.945848,True
0.0,30,515506.788506,False
0.0,30,515553.550701,False
0.0,30,515602.003635,False
0.0,30,515653.383918,False
0.0,30,515697.441127,False
0.0,30,515748.84909,False
2.6,30,515795.509705,True
0.0,30,515842.86055,False
0.0,30,515892.037132,False
2.2,30,515940.701786,True
0.0,30,515984.868173,False
0.0,30,516033.863899,False
2.3,30,516084.167421,True
0.0,30,516129.896622,False
1.7,30,516172.714612,True
0.0,30,516215.166832,False
2.5,30,516262.233623,True
0.0,30,516333.199235,False
0.0,30,516385.451341,False
0.0,30,516428.449626,False
0.0,30,516473.160936,False
2.8,30,516525.541238,True
3.0,30,516576.991055,True
0.0,30,516637.846334,False
2.6,30,516679.873299,True
2.5,30,516726.097917,True
0.0,30,516778.048685,False
2.0,30,516825.665194,True
2.4,30,516880.874706,True
2.8,30,516929.117498,True
0.0,30,517287.746093,False
2.4,30,517334.660869,True
0.0,30,517380.941328,False
0.0,30,517423.992388,False
0.0,30,517468.412896,False
2.9,30,517514.437739,True
0.0,30,517555.855804,False
3.0,30,517601.853199,True
2.7,30,517648.680739,True
1.7,30,517708.799595,True
0.0,30,517755.045283,False
0.0,30,517803.215163,False
0.0,30,517848.303274,False
2.9,30,517895.816953,True
0.0,30,517942.172136,False
0.1,30,517991.542531,False
0.0,30,518041.358413,False
0.0,30,518087.811674,False
2.9,30,518138.862155,True
0.0,30,518192.629505,False
2.6,30,518239.396904,True
2.2,30,518283.670966,True
0.0,30,518330.373456,False
2.9,30,518375.537934,True
0.0,30,518425.219728,False
0.0,30,518472.06034,False
0.0,30,518523.706246,False
0.5,30,518572.532004,True
2.5,30,518617.296811,True
0.0,30,518666.022811,False
0.0,30,518712.010897,False
2.6,30,518760.862355,True
0.0,30,518810.101975,False
0.0,30,518858.13029,False
2.3,30,519216.816789,True
3.0,30,519268.097421,True
0.0,30,519310.276033,False
2.5,30,519354.062083,True
1.7,30,519402.925358,True
0.0,30,519444.334432,False
2.7,30,519488.338396,True
0.0,30,519535.002143,False
2.6,30,519582.3525,True
2.8,30,519630.756231,True
0.0,30,519677.440147,False
2.8,30,519725.266262,True
2.1,30,519769.156923,True
2.7,30,519820.76029,True
0.0,30,519870.218841,False
2.1,30,519923.648911,True
0.0,30,519971.903113,False
2.5,30,520020.868718,True
0.0,30,520061.644472,False
0.0,30,520108.435694,False
2.1,30,520158.040265,True
0.0,30,520201.869859,False
0.0,30,520248.506375,False
2.7,30,520304.453616,True
0.0,30,520354.108606,False
2.7,30,520401.131341,True
2.7,30,520462.944664,True
2.2,30,520513.175258,True
0.0,30,520555.754145,False
0.0,30,520610.149693,False
2.8,30,520656.819568,True
2.8,30,520704.621399,True
0.0,30,520746.133688,False
2.4,30,520792.933531,True
0.0,30,521152.824219,False
2.7,30,521197.691125,True
0.0,30,521241.328284,False
0.0,30,521284.684464,False
2.5,30,521327.366339,True
0.0,30,521384.401517,False
0.0,30,521434.723255,False
2.8,30,521479.268944,True
2.6,30,521522.355862,True
1.6,30,521576.724488,True
1.6,30,521622.640446,True
2.7,30,521662.061335,True
0.0,30,521711.041118,False
0.0,30,521754.555712,False
2.4,30,521809.755253,True
1.9,30,521850.993828,True
0.0,30,521896.763756,False
0.0,30,521946.863001,False
2.8,30,521992.308997,True
0.0,30,522038.835651,False
0.0,30,522087.891218,False
1.8,30,522132.694864,True
2.7,30,522180.126269,True
2.0,30,522226.344607,True
2.5,30,522275.638634,True
0.0,30,522318.417342,False
0.0,30,522368.863389,False
0.0,30,522417.442882,False
0.0,30,522462.265515,False
0.0,30,522505.539965,False
1.8,30,522553.19332,True
0.0,30,522598.81282,False
0.0,30,522643.879536,False
0.0,30,522693.743701,False
2.9,30,523043.549193,True
2.1,30,523089.083088,True
2.9,30,523134.224898,True
0.0,30,523182.132487,False
2.7,30,523231.163366,True
0.0,30,523278.017103,False
2.5,30,523327.659385,True
0.0,30,523394.632206,False
0.0,30,523443.455272,False
2.5,30,523494.104607,True
2.6,30,523536.716558,True
0.0,30,523584.653169,False
0.0,30,523629.851123,False
0.0,30,523675.300554,False
3.0,30,523726.726634,True
2.1,30,523770.765771,True
2.8,30,523815.438619,True
0.0,30,523863.554898,False
2.7,30,523914.355581,True
0.0,30,523961.813221,False
2.9,30,524010.387858,True
0.7,30,524054.626218,True
0.0,30,524095.838298,False
0.7,30,524144.513189,False
2.5,30,524187.330422,True
0.0,30,524230.085815,False
2.4,30,524277.96432,True
0.0,30,524322.276069,False
3.0,30,524368.047628,True
2.2,30,524410.749889,True
2.8,30,524461.467475,True
2.3,30,524503.17404,True
0.0,30,524556.894035,False
2.5,30,524603.273606,True
2.8,30,524955.421476,True
3.0,30,524996.123902,True
0.0,30,525044.953887,False
2.0,30,525093.256903,True
0.0,30,525137.847984,False
2.4,30,525185.542217,True
1.5,30,525238.98179,True
0.0,30,525285.556698,False
2.6,30,525331.840037,True
0.0,30,525378.859859,False
2.0,30,525423.218979,True
2.9,30,525466.491412,True
0.0,30,525508.150349,False
2.1,30,525555.055296,True
0.0,30,525605.604986,False
0.0,30,525647.52411,False
0.0,30,525688.586263,False
0.0,30,525737.341578,False
1.1,30,525781.446866,True
1.8,30,525833.032458,True
0.0,30,525875.58308,False
0.0,30,525920.310519,False
3.0,30,525964.996435,True
0.0,30,526012.691716,False
2.7,30,526060.226151,True
0.0,30,526105.971799,False
0.0,30,526150.184233,False
0.0,30,526207.442689,False
2.5,30,526248.883557,True
2.8,30,526291.563361,True
2.2,30,526338.605424,True
0.0,30,526385.148715,False
0.0,30,526429.370513,False
0.0,30,526478.242883,False
2.7,30,526830.315428,True
2.8,30,526877.606989,True
2.4,30,526929.9461,True
0.0,30,526977.365676,False
0.0,30,527021.195699,False
2.2,30,527067.453147,True
0.0,30,527118.363841,False
1.7,30,527162.463139,True
2.5,30,527205.653994,True
2.4,30,527260.795099,True
2.9,30,527305.759842,True
2.7,30,527351.536306,True
2.7,30,527396.546006,True
0.0,30,527445.120068,False
0.0,30,527492.180134,False
3.0,30,527533.392359,True
0.0,30,527575.765703,False
2.8,30,527620.443697,True
0.0,30,527663.220285,False
0.0,30,527708.680509,False
0.0,30,527756.813014,False
1.5,30,527804.454009,True
0.0,30,527850.869261,False
2.9,30,527895.860984,True
2.5,30,527943.202261,True
0.0,30,527993.9876,False
2.6,30,528041.335277,True
3.0,30,528092.035956,True
0.0,30,528139.225307,False
1.7,30,528186.695017,True
0.0,30,528231.777659,False
2.4,30,528277.578425,True
2.3,30,528324.547135,True
0.0,30,528372.037833,False
0.0,30,528732.538544,False
0.0,30,528783.479946,False
0.0,30,528828.346173,False
0.0,30,528872.691955,False
2.5,30,528920.862105,True
0.0,30,528982.322111,False
2.6,30,529026.965157,True
0.0,30,529076.851845,False
0.0,30,529121.514053,False
0.0,30,529169.513911,False
2.9,30,529214.579672,True
2.8,30,529261.200528,True
3.0,30,529318.810122,True
0.0,30,529363.092832,False
2.7,30,529410.627994,True
2.5,30,529454.272438,True
0.0,30,529500.55348,False
0.0,30,529547.1082,False
0.0,30,529596.61975,False
2.8,30,529640.47732,True
2.5,30,529685.915766,True
2.8,30,529735.201135,True
2.9,30,529779.786403,True
2.4,30,529825.292844,True
2.8,30,529876.526483,True
0.0,30,529924.480898,False
1.5,30,529970.386219,True
3.0,30,530021.489284,True
0.0,30,530067.302359,False
0.0,30,530118.822445,False
0.0,30,530163.423201,False
2.7,30,530215.249212,True
2.6,30,530266.429296,True
0.0,30,530307.769702,False
2.2,30,530680.720395,True
2.8,30,530728.70546,True
2.5,30,530777.665941,True
2.7,30,530826.640864,True
2.5,30,530873.565978,True
0.0,30,530917.003905,False
2.7,30,530962.489173,True
0.0,30,531003.821411,False
0.0,30,531045.87561,False
2.6,30,531094.632933,True
0.0,30,531140.832987,False
2.0,30,531189.381231,True
0.0,30,531233.88231,False
0.0,30,531279.396654,False
2.0,30,531323.943831,True
0.0,30,531371.592633,False
2.4,30,531419.562899,True
0.0,30,531468.965419,False
3.0,30,531510.170367,True
2.0,30,531563.260951,True
2.5,30,531611.415936,True
0.0,30,531660.056005,False
0.0,30,531705.893419,False
2.9,30,531749.985046,True
2.4,30,531801.159957,True
0.0,30,531845.654131,False
2.4,30,531895.443017,True
0.0,30,531938.636484,False
2.6,30,531982.112031,True
0.0,30,532031.841214,False
2.9,30,532082.599795,True
2.3,30,532137.909315,True
3.0,30,532181.993671,True
0.0,30,532231.323176,False
0.0,30,532278.908147,False
0.0,30,532628.705805,False
2.8,30,532677.409756,True
2.6,30,532723.835684,True
2.8,30,532770.554152,True
0.0,30,532816.394774,False
0.0,30,532858.31878,False
0.0,30,532901.245567,False
0.0,30,532949.455316,False
0.0,30,532994.082788,False
2.2,30,533041.120344,True
2.7,30,533086.395566,True
2.0,30,533128.212287,True
2.8,30,533171.329348,True
2.6,30,533226.667662,True
2.7,30,533277.852605,True
2.8,30,533333.626969,True
0.0,30,533383.140316,False
0.0,30,533424.291727,False
0.0,30,533478.161435,False
0.0,30,533524.618246,False
0.5,30,533569.073668,True
2.9,30,533620.582284,True
3.0,30,533666.278771,True
0.9,30,533714.202009,True
1.3,30,533763.240462,True
1.5,30,533809.930971,False
2.2,30,533851.212518,True
0.0,30,533896.654889,False
0.0,30,533940.32732,False
2.6,30,533985.485643,True
0.0,30,534034.103558,False
0.0,30,534077.754103,False
0.0,30,534130.547116,False
1.8,30,534185.093617,True
0.0,30,534502.545657,False
2.7,30,534547.547049,True
2.7,30,534594.40384,True
2.5,30,534642.730644,True
0.0,30,534683.561821,False
2.9,30,534738.375913,True
2.6,30,534782.174783,True
0.0,30,534833.364465,False
2.5,30,534882.799004,True
2.1,30,534926.59687,True
1.7,30,534969.149163,True
0.0,30,535017.670322,False
0.0,30,535061.704107,False
2.5,30,535108.653566,True
0.0,30,535159.916923,False
2.4,30,535202.041842,True
0.8,30,535248.809876,True
2.7,30,535295.525223,True
0.0,30,535339.856634,False
2.8,30,535384.272611,True
0.0,30,535430.915504,False
0.0,30,535480.744623,False
0.0,30,535528.975685,False
1.8,30,535572.883959,True
0.0,30,535612.308765,False
2.8,30,535669.002519,True
0.0,30,535714.202909,False
2.2,30,535756.734029,True
2.6,30,535799.352009,True
0.0,30,535842.568004,False
0.0,30,535885.242378,False
0.0,30,535958.285156,False
0.0,30,536011.365242,False
0.0,30,536058.153705,False
0.0,30,536374.358651,False
2.2,30,536426.268918,True
0.0,30,536471.815872,False
0.0,30,536517.871309,False
2.3,30,536563.699455,True
2.7,30,536606.194084,True
2.9,30,536650.934709,True
0.0,30,536695.206253,False
0.0,30,536742.048284,False
0.1,30,536781.260279,True
2.9,30,536826.962944,True
0.0,30,536879.312959,False
0.0,30,536920.846682,False
2.9,30,536965.519599,True
0.0,30,537017.660811,False
2.1,30,537059.479364,True
2.4,30,537104.332413,True
2.6,30,537146.724096,True
0.0,30,537196.369121,False
0.0,30,537239.700261,False
2.6,30,537290.529499,True
0.0,30,537336.297237,False
0.0,30,537379.212778,False
2.7,30,537422.321806,True
0.0,30,537468.363996,False
2.8,30,537517.70595,True
0.0,30,537561.437042,False
0.0,30,537609.239826,False
0.0,30,537656.267735,False
0.0,30,537706.982432,False
2.3,30,537763.433293,True
2.5,30,537807.864394,True
0.0,30,537855.12864,False
0.0,30,537902.214039,False
2.7,30,538198.37677,True
0.0,30,538246.367674,False
2.7,30,538288.576494,True
2.6,30,538335.219241,True
2.3,30,538378.241221,True
2.7,30,538423.346405,True
1.5,30,538467.552097,True
1.1,30,538515.114783,True
2.7,30,538563.946193,True
0.0,30,538622.632144,False
2.4,30,538667.454505,True
0.0,30,538708.720379,False
0.0,30,538757.223619,False
2.5,30,538798.301827,True
0.0,30,538841.815096,False
0.0,30,538884.323336,False
0.0,30,538933.866202,False
2.2,30,538975.808641,True
2.6,30,539025.503026,True
2.5,30,539072.836881,True
0.0,30,539121.546074,False
2.8,30,539163.884876,True
2.5,30,539208.704189,True
2.7,30,539252.086593,True
2.6,30,539302.45117,True
2.6,30,539353.140164,True
2.8,30,539398.22256,True
2.1,30,539443.937738,True
2.7,30,539485.549299,True
0.0,30,539533.565731,False
0.0,30,539580.764226,False
2.9,30,539622.735186,True
2.6,30,539672.933728,True
0.0,30,539714.067306,False
0.0,30,540084.45349,False
2.6,30,540131.477954,True
2.4,30,540176.168712,False
0.0,30,540223.683762,False
0.0,30,540271.205945,False
0.0,30,540315.136456,False
3.0,30,540361.617384,True
0.0,30,540403.306838,False
2.5,30,540454.416775,True
0.0,30,540497.433412,False
0.0,30,540542.390025,False
2.4,30,540588.409735,True
2.2,30,540635.745388,True
0.0,30,540682.941717,False
0.0,30,540730.609996,False
2.7,30,540784.588945,True
1.6,30,540839.652902,True
2.8,30,540885.376285,True
0.0,30,540931.262538,False
0.0,30,540983.130245,False
2.8,30,541028.557716,True
0.3,30,541076.99662,False
2.6,30,541121.932185,False
2.1,30,541165.998405,True
0.0,30,541216.428901,False
0.0,30,541259.302494,False
0.0,30,541302.755287,False
0.0,30,541345.716073,False
0.0,30,541391.318897,False
2.8,30,541435.602054,True
0.0,30,541481.695826,False
2.6,30,541530.246459,False
2.7,30,541578.760128,True
0.0,30,541625.332518,False
1.7,30,541987.21893,True
2.7,30,542033.85873,True
0.0,30,542079.200753,False
0.0,30,542121.874936,False
0.0,30,542165.973219,False
2.8,30,542207.188245,True
3.0,30,542252.160661,True
0.0,30,542298.934611,False
0.0,30,542344.320638,False
0.0,30,542387.014033,False
2.4,30,542432.608557,True
1.4,30,542479.432187,True
0.0,30,542530.847041,False
0.0,30,542578.774462,False
0.0,30,542636.236255,False
0.0,30,542681.241365,False
0.0,30,542727.023971,False
0.0,30,542774.327576,False
2.5,30,542830.869919,True
2.7,30,542873.379997,True
2.5,30,542919.16437,True
0.0,30,542970.217893,False
3.0,30,543013.577192,True
2.9,30,543066.107832,True
0.0,30,543116.047146,False
1.2,30,543165.109221,True
0.0,30,543208.014523,False
0.0,30,543254.823984,False
2.9,30,543298.164273,True
0.0,30,543346.961407,False
2.4,30,543399.276632,True
2.2,30,543446.03511,True
0.0,30,543492.855719,False
2.7,30,543541.813646,True
2.2,30,543879.907353,True
2.3,30,543925.824321,True
0.0,30,543973.670168,False
2.7,30,544016.346453,True
1.9,30,544063.076044,True
2.5,30,544104.656659,True
0.0,30,544149.371917,False
0.0,30,544198.539901,False
0.0,30,544244.832978,False
0.0,30,544294.670605,False
0.0,30,544337.678063,False
1.8,30,544384.337221,True
2.6,30,544429.42615,True
0.0,30,544484.063527,False
2.8,30,544550.987662,True
0.0,30,544596.04571,False
0.0,30,544640.498811,False
0.0,30,544684.431439,False
1.2,30,544731.601625,True
0.0,30,544777.297648,False
2.6,30,544821.441825,True
0.0,30,544870.538191,False
2.0,30,544914.295772,True
0.0,30,544956.669686,False
2.0,30,545001.246477,True
2.9,30,545049.437292,True
2.7,30,545093.145963,True
0.0,30,545143.464297,False
2.8,30,545187.295956,True
2.6,30,545239.154537,True
2.6,30,545284.382544,True
0.0,30,545331.782003,False
2.4,30,545376.068633,True
2.8,30,545419.70119,True
2.3,30,545468.17298,True
2.3,30,545814.939829,True
0.0,30,545863.250404,False
0.0,30,545910.490362,False
0.0,30,545960.615735,False
0.0,30,546007.887633,False
2.3,30,546049.395311,True
3.0,30,546101.289894,True
2.2,30,546144.039224,True
2.8,30,546190.97513,True
2.9,30,546240.007835,True
2.7,30,546282.916113,True
0.0,30,546323.671081,False
2.4,30,546371.153906,True
0.0,30,546411.839832,False
2.8,30,546458.470182,True
0.0,30,546505.17152,False
2.8,30,546549.768439,True
2.1,30,546597.041896,True
2.8,30,546640.869358,True
2.6,30,546695.608395,True
2.5,30,546741.104579,True
0.0,30,546786.093986,False
0.0,30,546830.797001,False
2.5,30,546877.276646,True
0.0,30,546923.502435,False
2.3,30,546971.500032,True
2.6,30,547020.911869,True
2.8,30,547068.24951,True
2.9,30,547119.06953,True
0.0,30,547167.815205,False
0.0,30,547211.717684,False
2.1,30,547254.52332,False
3.0,30,547299.757972,True
0.0,30,547344.452406,False
2.7,30,547724.126197,True
0.0,30,547771.631987,False
2.7,30,547813.362333,True
2.6,30,547861.387228,True
2.5,30,547906.10894,True
2.7,30,547956.107871,True
1.6,30,547999.984141,True
0.0,30,548086.106259,False
2.4,30,548136.079281,True
0.0,30,548185.779423,False
1.8,30,548237.029896,True
2.8,30,548276.332564,True
3.0,30,548326.586718,True
2.4,30,548373.213411,True
2.8,30,548416.835451,True
0.0,30,548459.080785,False
0.0,30,548511.498573,False
2.7,30,548557.701217,True
0.0,30,548602.668842,False
0.0,30,548649.320132,False
0.0,30,548692.24974,False
2.8,30,548736.332032,True
0.0,30,548791.861194,False
0.0,30,548834.8595,False
2.5,30,548885.097643,True
2.9,30,548936.437302,True
2.3,30,548982.812562,True
2.6,30,549032.795227,True
0.0,30,549080.439152,False
0.0,30,549125.599771,False
2.5,30,549181.402929,True
0.7,30,549226.62209,True
2.7,30,549270.222075,True
0.0,30,549308.605487,False
0.0,30,549655.383958,False
0.9,30,549696.012693,False
0.0,30,549739.003625,False
3.0,30,549784.821793,True
0.0,30,549828.716428,False
2.8,30,549871.112168,True
0.0,30,549916.539293,False
2.2,30,549961.199194,True
0.0,30,550003.517382,False
0.0,30,550048.710094,False
0.0,30,550095.028723,False
0.0,30,550139.100497,False
0.0,30,550181.490775,False
2.8,30,550230.048986,True
0.0,30,550277.823587,False
1.8,30,550317.768215,True
0.0,30,550358.789991,False
2.3,30,550403.041941,True
0.0,30,550453.145342,False
0.0,30,550498.012392,False
2.1,30,550548.558848,True
0.0,30,550595.982348,False
0.0,30,550640.85004,False
0.0,30,550687.417671,False
0.1,30,550734.059811,True
2.4,30,550783.879686,True
0.0,30,550831.182061,False
0.0,30,550877.838054,False
2.3,30,550927.533039,True
0.0,30,550974.317991,False
2.1,30,551023.207448,True
0.0,30,551064.885542,False
0.0,30,551110.212961,False
1.9,30,551154.659741,True
0.0,30,551529.904572,False
0.0,30,551575.410233,False
0.0,30,551626.590542,False
2.3,30,551675.380377,True
0.0,30,551725.969979,False
0.0,30,551770.074765,False
2.3,30,551815.606185,True
0.0,30,551868.522905,False
1.6,30,551910.525542,True
0.0,30,551957.174693,False
2.4,30,552003.832257,True
1.8,30,552053.374403,True
2.4,30,552099.459648,True
0.0,30,552142.450276,False
2.7,30,552187.023146,True
0.0,30,552232.709196,False
2.3,30,552274.146496,True
0.0,30,552317.276003,False
0.0,30,552369.009913,False
0.0,30,552417.620055,False
0.0,30,552462.966125,False
2.7,30,552509.440196,True
2.6,30,552553.469354,True
2.5,30,552598.577195,True
3.0,30,552643.173612,True
0.0,30,552686.59623,False
2.8,30,552732.577438,True
2.4,30,552781.893196,True
3.0,30,552828.204487,True
0.0,30,552876.01373,False
2.8,30,552928.82101,True
0.0,30,552975.99793,False
0.0,30,553020.767618,False
0.0,30,553064.711872,False
0.0,30,553395.904938,False
0.0,30,553453.582714,False
3.0,30,553497.60458,True
0.0,30,553540.050594,False
0.0,30,553586.832364,False
2.3,30,553632.646139,True
2.4,30,553676.554562,True
2.2,30,553722.818407,True
2.7,30,553770.413625,True
2.4,30,553811.725214,True
2.7,30,553859.091124,True
0.0,30,553901.812493,False
0.0,30,553953.714838,False
0.0,30,553995.420575,False
2.7,30,554042.392093,True
1.9,30,554085.779356,False
0.0,30,554134.082324,False
0.0,30,554177.498051,False
2.5,30,554223.172631,True
0.0,30,554290.753101,False
2.7,30,554333.06665,True
2.2,30,554376.874047,True
0.0,30,554422.093025,False
1.3,30,554467.068716,True
0.0,30,554513.061043,False
0.6,30,554559.416331,False
0.0,30,554609.358985,False
2.2,30,554660.058136,True
0.0,30,554705.865052,False
2.4,30,554753.806377,True
2.7,30,554798.692317,True
2.5,30,554842.525986,True
2.8,30,554885.812674,True
2.6,30,554933.895399,True
0.0,30,555306.285351,False
0.0,30,555347.958752,False
2.7,30,555400.305435,True
1.3,30,555447.220829,True
2.5,30,555503.427045,True
2.2,30,555548.357152,True
0.0,30,555591.409938,False
0.0,30,555641.824654,False
0.0,30,555686.358808,False
2.1,30,555733.026879,True
2.7,30,555781.522359,True
1.9,30,555832.280912,True
0.0,30,555878.1434,False
2.9,30,555923.123244,True
2.8,30,555970.406662,True
2.8,30,556018.334988,True
0.0,30,556064.936242,False
2.8,30,556112.478373,True
2.5,30,556154.227939,True
0.7,30,556198.931702,True
1.9,30,556250.191978,True
2.8,30,556299.043611,True
0.0,30,556341.634954,False
1.9,30,556389.117126,True
0.0,30,556444.291766,False
0.0,30,556487.196052,False
0.0,30,556532.984906,False
0.0,30,556582.396841,False
0.0,30,556625.639912,False
0.0,30,556675.820442,False
0.0,30,556719.81377,False
2.7,30,556762.060274,True
2.8,30,556812.457381,True
2.7,30,556862.87058,True
2.6,30,557211.160065,True
0.0,30,557259.589638,False
2.5,30,557310.798463,True
1.9,30,557365.441026,True
0.0,30,557411.162833,False
0.0,30,557459.582597,False
2.1,30,557509.891774,True
2.7,30,557553.598604,True
0.0,30,557604.123115,False
2.7,30,557650.251694,True
2.8,30,557695.62965,True
0.0,30,557741.722349,False
0.0,30,557787.359852,False
0.0,30,557832.279243,False
2.2,30,557879.166412,True
2.2,30,557926.002415,True
0.0,30,557975.515377,False
0.0,30,558021.348521,False
0.0,30,558070.092359,False
0.0,30,558118.221526,False
2.0,30,558167.338107,True
2.8,30,558218.517498,True
0.0,30,558266.063171,False
1.6,30,558313.81365,True
0.0,30,558357.850391,False
0.0,30,558405.129463,False
0.0,30,558447.813617,False
0.0,30,558497.17855,False
0.0,30,558542.519012,False
2.4,30,558592.182442,True
0.0,30,558634.548791,False
2.7,30,558680.067419,True
0.0,30,558724.690953,False
2.5,30,558770.938403,True
0.0,30,559106.292707,False
0.0,30,559155.903152,False
0.0,30,559201.155065,False
2.0,30,559245.83696,True
0.0,30,559300.204628,False
0.0,30,559343.411056,False
0.0,30,559386.68887,False
2.8,30,559431.534576,True
2.6,30,559476.085329,True
2.6,30,559525.477219,True
0.7,30,559571.556482,True
0.0,30,559618.025188,False
2.8,30,559661.612509,True
0.0,30,559712.459726,False
0.0,30,559757.807249,False
0.0,30,559803.335621,False
0.0,30,559849.469753,False
0.0,30,559898.77209,False
0.0,30,559943.141487,False
0.0,30,559987.698365,False
2.8,30,560033.031627,True
2.3,30,560101.804032,True
2.7,30,560145.119398,True
0.0,30,560190.705397,False
0.0,30,560234.756651,False
2.0,30,560281.453774,True
0.0,30,560330.023226,False
1.5,30,560378.472981,True
0.0,30,560426.988003,False
2.7,30,560475.811896,True
0.0,30,560538.281122,False
0.0,30,560583.253225,False
0.0,30,560636.490196,False
2.7,30,560678.796357,True
0.0,30,560727.423833,False
0.0,30,561078.086216,False
0.0,30,561122.243896,False
1.7,30,561168.967494,True
0.0,30,561214.802298,False
0.0,30,561261.546353,False
2.4,30,561309.176511,True
0.0,30,561357.126397,False
2.5,30,561403.712401,True
2.8,30,561448.472713,True
2.5,30,561494.194904,True
2.6,30,561537.486132,True
0.0,30,561590.192352,False
2.2,30,561637.14712,True
2.5,30,561678.925333,True
0.0,30,561727.679187,False
2.6,30,561774.547546,True
2.9,30,561827.945592,True
2.6,30,561874.089385,True
0.0,30,561920.799509,False
0.0,30,561963.624768,False
0.0,30,562011.454897,False
0.0,30,562057.569422,False
2.2,30,562106.43068,True
0.0,30,562153.353312,False
0.0,30,562196.405664,False
2.3,30,562241.569556,True
0.0,30,562287.133482,False
2.9,30,562351.26559,True
0.0,30,562398.535787,False
0.0,30,562440.602457,False
0.0,30,562490.362115,False
2.6,30,562536.872078,True
2.4,30,562583.284774,True
2.2,30,562629.372936,True
0.0,30,562968.460624,False
2.5,30,563015.661887,True
0.0,30,563062.103575,False
2.7,30,563110.363434,True
2.6,30,563162.637258,True
0.0,30,563209.698413,False
2.5,30,563251.967424,True
0.0,30,563302.295488,False
0.0,30,563348.408825,False
2.9,30,563394.67013,True
2.4,30,563438.746596,True
0.0,30,563484.176589,False
2.6,30,563528.121624,True
1.7,30,563574.550197,False
0.0,30,563623.745007,False
0.0,30,563665.988987,False
0.0,30,563711.30745,False
2.1,30,563755.647528,True
2.2,30,563799.842483,True
0.0,30,563842.1109,False
2.6,30,563888.567995,True
2.8,30,563933.625624,True
2.5,30,563981.431276,True
2.5,30,564029.937011,True
2.6,30,564076.229431,True
2.8,30,564124.809357,True
0.0,30,564169.109354,False
0.0,30,564223.194719,False
0.0,30,564266.984482,False
2.7,30,564314.662894,True
2.2,30,564360.544789,True
0.0,30,564409.425665,False
2.6,30,564460.245991,True
0.0,30,564511.252913,False
0.0,30,564852.83251,False
2.9,30,564894.924083,True
0.0,30,564936.350666,False
0.0,30,564978.944654,False
1.4,30,565027.052426,True
2.2,30,565080.896889,True
2.9,30,565127.653353,True
0.0,30,565172.961836,False
0.0,30,565220.334202,False
0.0,30,565264.319912,False
0.0,30,565311.808173,False
0.0,30,565355.278512,False
0.0,30,565397.815737,False
0.0,30,565442.08972,False
2.2,30,565489.932424,True
2.3,30,565539.811868,True
0.0,30,565586.184999,False
2.7,30,565632.320341,True
2.2,30,565686.285006,True
2.4,30,565732.758815,True
0.0,30,565778.743681,False
2.7,30,565826.752692,True
2.9,30,565868.998902,True
0.0,30,565918.91234,False
0.0,30,565970.718169,False
1.7,30,566012.588501,True
0.0,30,566074.671973,False
0.0,30,566121.811946,False
0.0,30,566167.80688,False
2.2,30,566219.401647,True
2.7,30,566267.121064,True
0.0,30,566308.981807,False
2.5,30,566354.572993,True
3.0,30,566403.237901,True
0.0,30,566772.962054,False
0.0,30,566818.57068,False
0.0,30,566863.124497,False
0.0,30,566906.103092,False
0.0,30,566946.860502,False
2.3,30,566994.735959,True
2.4,30,567041.485711,True
0.0,30,567088.864669,False
0.0,30,567135.933303,False
2.5,30,567182.4407,True
2.7,30,567232.263676,True
2.7,30,567274.322312,True
2.3,30,567324.430224,True
0.0,30,567371.871615,False
0.0,30,567418.705432,False
0.0,30,567469.20165,False
2.3,30,567506.900525,True
1.7,30,567555.236108,True
2.5,30,567607.502939,True
0.0,30,567648.116476,False
2.5,30,567696.764262,True
2.7,30,567747.173923,True
2.5,30,567793.503768,True
3.0,30,567838.821132,True
0.0,30,567880.098563,False
2.3,30,567922.21396,True
0.0,30,567978.565906,False
2.5,30,568024.119209,True
0.0,30,568069.422145,False
2.2,30,568108.708817,True
0.0,30,568157.93798,False
2.5,30,568203.833488,True
2.7,30,568247.425152,True
3.0,30,568291.891916,True
2.1,30,568646.304659,True
2.2,30,568695.386314,True
0.0,30,568742.101888,False
1.2,30,568788.626292,True
1.3,30,568837.609613,True
2.5,30,568887.380604,True
0.0,30,568931.020152,False
2.5,30,568981.529986,True
2.3,30,569026.413324,True
2.6,30,569070.280264,True
0.0,30,569115.280718,False
0.0,30,569161.212674,False
0.0,30,569211.883865,False
0.0,30,569261.410713,False
0.0,30,569308.823853,False
0.9,30,569352.722763,True
0.0,30,569396.647825,False
0.0,30,569443.178119,False
0.0,30,569494.202779,False
0.0,30,569543.740739,False
2.8,30,569590.28259,True
2.8,30,569635.596453,True
1.6,30,569684.215517,True
0.0,30,569730.306002,False
0.7,30,569799.025887,True
2.8,30,569844.406329,True
0.8,30,569886.529645,False
0.0,30,569931.781534,False
2.2,30,569975.670925,True
0.0,30,570027.969294,False
0.0,30,570103.816732,False
0.0,30,570148.887838,False
2.3,30,570204.547045,True
2.8,30,570251.069042,True
2.6,30,570598.932072,True
3.0,30,570640.663931,True
0.0,30,570690.559295,False
2.5,30,570743.780567,True
0.0,30,570790.245071,False
0.0,30,570838.178646,False
0.0,30,570886.375188,False
0.0,30,570926.984519,False
2.8,30,570975.903087,True
0.7,30,571018.543991,True
2.8,30,571063.988315,True
2.7,30,571110.168277,True
0.0,30,571160.221221,False
0.8,30,571204.693716,True
0.0,30,571249.685453,False
0.0,30,571293.676975,False
0.0,30,571345.513837,False
2.8,30,571399.8176,True
2.4,30,571443.698661,True
0.0,30,571494.585693,False
1.8,30,571547.37884,True
0.0,30,571593.837429,False
2.8,30,571641.594136,True
1.5,30,571694.632821,True
0.0,30,571742.096835,False
1.9,30,571786.535861,True
1.3,30,571833.145903,True
0.0,30,571875.62763,False
2.4,30,571923.033923,True
1.6,30,571973.973316,True
2.6,30,572016.76135,True
0.0,30,572061.731486,False
0.4,30,572109.201229,True
1.4,30,572158.314091,True
2.4,30,572530.160914,True
2.1,30,572577.291588,True
0.0,30,572626.238892,False
0.0,30,572672.524579,False
1.4,30,572723.501532,True
2.1,30,572773.819279,True
2.4,30,572815.32593,True
2.9,30,572858.970944,True
2.4,30,572906.759774,True
2.3,30,572957.006015,True
0.0,30,573004.636052,False
2.5,30,573053.741864,True
2.9,30,573100.205017,True
0.0,30,573152.731309,False
2.8,30,573199.254169,True
0.0,30,573246.838201,False
3.0,30,573301.403639,True
2.5,30,573344.693254,True
2.8,30,573395.635877,True
2.1,30,573447.267894,True
0.5,30,573492.090114,True
0.0,30,573541.218553,False
0.6,30,573592.415305,True
1.0,30,573641.261141,True
2.7,30,573688.369795,True
1.9,30,573733.222487,True
0.0,30,573781.550704,False
1.7,30,573828.164496,True
2.7,30,573880.400007,True
0.0,30,573928.652097,False
0.0,30,573973.295438,False
2.3,30,574019.024461,True
2.5,30,574062.423844,True
0.0,30,574115.20167,False
2.1,30,574157.257356,True
0.0,30,574517.662181,False
2.2,30,574561.88296,True
2.1,30,574606.156571,True
0.0,30,574654.447863,False
0.0,30,574703.30372,False
0.0,30,574749.566334,False
2.8,30,574798.151336,True
2.5,30,574846.386346,True
2.9,30,574890.965238,True
0.0,30,574936.703595,False
2.7,30,574987.09484,True
1.2,30,575035.622975,True
2.7,30,575084.858572,True
2.8,30,575131.132525,True
2.8,30,575179.098175,True
2.7,30,575228.822234,True
0.0,30,575273.019893,False
0.0,30,575320.413714,False
0.0,30,575364.459852,False
0.0,30,575411.195141,False
2.6,30,575463.97139,True
2.8,30,575509.021395,True
0.0,30,575579.131294,False
2.6,30,575623.142921,True
2.2,30,575674.667378,True
2.6,30,575716.983207,True
0.0,30,575761.734385,False
0.0,30,575808.201109,False
0.0,30,575853.491706,False
2.4,30,575898.986633,True
0.0,30,575947.238192,False
2.1,30,575990.481927,True
2.7,30,576035.928493,True
2.6,30,576081.474594,True
1.1,30,576415.473983,True
1.7,30,576459.052213,True
2.8,30,576507.213307,True
0.0,30,576566.161488,False
2.4,30,576609.070586,True
2.6,30,576660.685492,True
0.1,30,576705.675791,False
0.5,30,576758.630041,True
2.3,30,576802.82414,True
0.0,30,576853.601916,False
2.4,30,576904.149581,True
0.2,30,576952.405277,True
0.0,30,577009.259312,False
2.2,30,577057.675806,True
0.0,30,577102.253459,False
2.3,30,577151.493848,True
2.0,30,577198.233663,True
2.9,30,577248.207226,True
2.6,30,577293.88116,True
2.9,30,577339.905764,True
0.9,30,577380.66698,True
0.0,30,577424.709327,False
2.6,30,577474.889544,True
1.2,30,577525.365829,True
2.5,30,577574.452796,True
0.0,30,577623.098194,False
0.0,30,577666.967882,False
0.0,30,577711.468549,False
0.0,30,577759.897182,False
1.8,30,577810.33178,True
2.3,30,577858.210119,True
0.0,30,577904.087209,False
0.0,30,577949.99084,False
0.0,30,577998.575533,False
2.5,30,578376.873518,True
0.0,30,578423.718333,False
0.0,30,578471.510711,False
0.0,30,578526.350388,False
0.0,30,578572.565548,False
0.0,30,578619.959419,False
0.0,30,578667.438815,False
2.5,30,578717.861495,True
2.5,30,578766.541188,True
0.0,30,578809.428239,False
2.9,30,578855.183755,True
0.0,30,578903.996168,False
0.0,30,578946.991329,False
3.0,30,578999.625802,True
3.0,30,579051.816362,True
0.0,30,579097.873845,False
0.0,30,579146.823867,False
1.3,30,579194.370162,False
2.6,30,579242.012986,True
0.0,30,579293.568591,False
2.6,30,579337.400513,True
0.8,30,579392.91264,True
2.6,30,579434.888778,True
0.0,30,579478.005679,False
2.0,30,579524.343982,True
2.8,30,579573.289836,True
2.6,30,579618.044193,True
2.7,30,579666.277927,True
0.2,30,579713.850332,True
0.0,30,579769.255706,False
2.9,30,579817.721774,True
2.5,30,579862.517187,True
0.0,30,579909.807803,False
2.7,30,579959.235435,True
0.0,30,580296.640722,False
0.0,30,580353.333218,False
0.0,30,580397.450087,False
2.7,30,580443.17631,True
0.0,30,580488.426974,False
2.5,30,580545.84567,True
0.0,30,580597.372391,False
2.5,30,580668.41619,True
2.6,30,580718.991069,True
0.0,30,580766.193341,False
2.5,30,580810.826301,True
0.0,30,580862.420398,False
0.0,30,580924.412829,False
2.5,30,580973.611933,True
0.0,30,581023.628845,False
2.8,30,581075.758174,True
2.1,30,581126.879756,True
0.0,30,581178.183995,False
0.0,30,581227.296585,False
0.0,30,581276.729869,False
2.2,30,581325.57751,True
1.9,30,581370.3448,True
2.6,30,581421.267562,True
0.0,30,581470.495134,False
2.8,30,581522.053143,True
3.0,30,581567.574812,True
2.9,30,581615.964916,True
0.0,30,581660.198961,False
0.0,30,581710.688373,False
1.5,30,581756.408094,True
2.4,30,581806.287399,True
1.8,30,581860.127189,True
2.6,30,581905.934996,True
0.0,30,581982.814236,False
2.8,30,582345.497535,True
0.0,30,582390.13433,False
2.4,30,582433.97355,True
0.0,30,582485.936379,False
2.6,30,582529.805053,True
0.0,30,582579.112251,False
1.9,30,582627.290417,True
0.0,30,582683.034611,False
2.1,30,582732.76699,True
0.0,30,582785.399861,False
2.5,30,582828.060337,True
2.1,30,582874.337614,True
2.8,30,582928.128717,True
2.7,30,582974.046876,True
0.0,30,583020.716309,False
2.6,30,583069.628873,True
0.0,30,583121.748425,False
2.6,30,583165.917053,True
0.0,30,583214.065601,False
0.0,30,583255.310225,False
2.5,30,583300.010834,True
0.0,30,583350.582153,False
0.0,30,583401.474184,False
2.8,30,583445.044273,True
2.8,30,583487.556268,True
2.4,30,583532.350718,True
0.0,30,583587.320647,False
2.6,30,583637.007519,True
2.1,30,583682.494407,True
2.5,30,583736.394449,True
0.0,30,583784.258133,False
2.8,30,583829.056274,True
2.7,30,583885.467891,True
0.0,30,583931.928612,False
