#{"t_start": 1770256122.2744381, "env_id": "FetchBridgeBullet7Blocks-v1"}
r,l,t,is_success
0.0,30,92.199798,False
0.0,30,153.973816,False
0.0,30,209.245267,False
1.1,30,270.384797,True
0.0,30,322.297113,False
0.0,30,383.688508,False
0.0,30,451.908789,False
0.0,30,497.242259,False
0.0,30,561.520808,False
0.0,30,626.713443,False
0.0,30,686.367908,False
0.0,30,749.6198,False
0.0,30,804.883593,False
0.0,30,860.647168,False
0.0,30,919.97667,False
2.9,30,982.313507,True
0.0,30,1045.493159,False
0.0,30,1105.869971,False
0.0,30,1175.407789,False
0.0,30,1251.974654,False
2.2,30,1324.44662,True
0.0,30,1376.581075,False
0.0,30,1436.44755,False
0.0,30,1497.52401,False
0.0,30,1564.949388,False
0.0,30,1629.007148,False
0.0,30,1691.999712,False
0.0,30,1756.816366,False
0.0,30,1819.392164,False
0.0,30,1887.86226,False
0.0,30,1959.441046,False
0.0,30,2028.031672,False
0.0,30,2093.523495,False
0.0,30,2146.748002,False
0.0,30,2557.35446,False
0.0,30,2614.370758,False
3.0,30,2679.120895,True
0.6,30,2741.471213,True
0.0,30,2799.901582,False
3.0,30,2863.646057,True
3.0,30,2924.258102,True
0.0,30,2986.54676,False
0.0,30,3053.786865,False
0.0,30,3122.488067,False
0.0,30,3185.704364,False
0.0,30,3247.23016,False
0.0,30,3314.233522,False
0.0,30,3371.032348,False
0.0,30,3439.477828,False
0.0,30,3498.523521,False
0.0,30,3563.539842,False
2.4,30,3625.930551,True
0.0,30,3684.062551,False
0.0,30,3740.094168,False
2.6,30,3802.0478,True
0.4,30,3862.338968,True
0.0,30,3924.891086,False
0.0,30,3984.493862,False
0.0,30,4036.711013,False
2.7,30,4088.379105,True
0.0,30,4152.275635,False
0.0,30,4210.393513,False
2.3,30,4274.528339,True
0.0,30,4337.223576,False
2.6,30,4405.333113,True
2.9,30,4461.684192,True
0.0,30,4519.066349,False
2.9,30,4578.153527,True
0.0,30,5057.82956,False
0.0,30,5119.351053,False
0.0,30,5167.819911,False
0.0,30,5220.957461,False
2.4,30,5288.084505,True
0.0,30,5351.622889,False
0.0,30,5412.455363,False
2.5,30,5473.01383,True
2.4,30,5527.389614,True
2.9,30,5577.683067,True
0.0,30,5636.499595,False
0.0,30,5704.814111,False
3.0,30,5757.833667,True
0.0,30,5818.846158,False
0.0,30,5873.482763,False
0.0,30,5931.335723,False
0.0,30,5986.133822,False
0.0,30,6049.106831,False
0.0,30,6099.274425,False
0.0,30,6156.640094,False
0.0,30,6222.689507,False
0.0,30,6284.088198,False
0.0,30,6348.920509,False
0.0,30,6404.134371,False
0.0,30,6459.237648,False
0.0,30,6521.926541,False
0.0,30,6585.297492,False
2.8,30,6640.775444,True
0.0,30,6695.260197,False
0.0,30,6756.326714,False
0.0,30,6830.840106,False
0.0,30,6884.077783,False
0.0,30,6939.644468,False
0.0,30,7004.876407,False
0.0,30,7424.505797,False
0.0,30,7481.157825,False
0.0,30,7542.89992,False
0.0,30,7601.626174,False
0.0,30,7649.776188,False
0.0,30,7695.273776,False
0.0,30,7751.233171,False
0.0,30,7812.010232,False
2.8,30,7859.927698,True
0.0,30,7928.514739,False
2.8,30,7986.287,True
0.0,30,8047.570066,False
2.8,30,8106.707921,True
3.0,30,8161.29935,True
0.0,30,8221.722285,False
0.0,30,8271.219512,False
0.0,30,8334.829701,False
0.0,30,8389.509122,False
2.8,30,8449.996868,True
3.0,30,8513.64588,True
3.0,30,8570.175656,True
0.0,30,8630.13502,False
0.0,30,8689.083796,False
0.0,30,8742.61835,False
2.8,30,8802.840538,True
0.0,30,8859.671916,False
2.6,30,8920.823062,True
0.0,30,8976.087296,False
0.0,30,9046.597312,False
0.0,30,9099.558294,False
2.9,30,9170.43766,True
0.0,30,9236.893534,False
0.0,30,9283.712652,False
0.0,30,9340.230114,False
2.7,30,9719.238564,True
0.0,30,9781.270298,False
3.0,30,9843.753215,True
0.0,30,9903.448603,False
0.0,30,9965.890687,False
3.0,30,10023.828403,True
3.0,30,10095.684386,True
2.6,30,10151.428143,True
2.9,30,10202.663316,True
0.0,30,10261.578049,False
0.0,30,10323.459476,False
2.7,30,10391.587906,True
2.4,30,10449.620186,True
0.0,30,10519.807714,False
3.0,30,10589.044138,True
0.0,30,10652.540954,False
3.0,30,10719.103252,True
0.0,30,10771.106223,False
0.0,30,10833.871708,False
0.0,30,10893.525429,False
0.0,30,10952.002479,False
0.0,30,11013.093499,False
0.0,30,11074.903044,False
0.0,30,11137.10915,False
2.7,30,11196.486263,True
0.0,30,11257.608236,False
0.0,30,11309.862769,False
0.0,30,11363.67571,False
0.0,30,11420.502334,False
0.0,30,11478.14013,False
0.0,30,11540.504342,False
0.0,30,11603.015177,False
3.0,30,11657.490769,True
0.0,30,11709.928892,False
0.0,30,12124.905223,False
0.0,30,12188.006829,False
0.0,30,12253.369266,False
2.7,30,12301.700141,True
0.0,30,12361.813161,False
0.0,30,12416.271282,False
0.0,30,12487.627406,False
0.0,30,12549.316017,False
3.0,30,12605.970804,True
0.0,30,12666.766285,False
0.0,30,12722.887892,False
0.0,30,12773.737945,False
0.0,30,12832.760467,False
0.0,30,12886.407414,False
3.0,30,12947.986679,True
0.0,30,13007.673555,False
1.8,30,13071.052875,True
0.0,30,13126.607921,False
0.0,30,13177.346134,False
2.6,30,13232.520339,True
0.0,30,13284.562706,False
2.7,30,13348.762719,True
0.0,30,13410.385823,False
0.0,30,13462.016324,False
0.0,30,13526.037099,False
0.0,30,13583.01856,False
0.0,30,13642.309599,False
0.0,30,13696.929288,False
0.0,30,13760.870117,False
2.8,30,13828.233873,True
2.7,30,13885.138385,True
0.0,30,13945.558086,False
0.0,30,14007.980124,False
0.0,30,14060.361442,False
0.0,30,14472.897806,False
0.0,30,14530.009554,False
0.0,30,14593.522118,False
0.0,30,14659.469363,False
0.0,30,14707.727166,False
0.0,30,14759.329479,False
0.0,30,14808.839483,False
0.0,30,14861.94308,False
0.0,30,14920.493992,False
1.5,30,14976.772352,True
1.6,30,15035.601793,True
0.0,30,15072.429596,False
0.0,30,15128.515047,False
0.0,30,15180.431496,False
0.0,30,15234.864517,False
0.0,30,15293.095356,False
2.7,30,15344.781904,True
0.0,30,15398.415876,False
0.0,30,15455.111821,False
0.0,30,15501.24253,False
0.0,30,15553.703192,False
0.0,30,15609.043333,False
2.8,30,15672.502112,True
0.0,30,15731.706507,False
0.0,30,15794.438955,False
0.0,30,15851.541057,False
1.5,30,15907.231807,True
0.0,30,15966.958242,False
0.0,30,16025.784853,False
1.7,30,16074.00457,True
0.0,30,16136.831123,False
0.0,30,16189.3555,False
2.4,30,16252.535681,True
2.9,30,16314.186446,True
2.2,30,16736.620334,True
2.6,30,16790.800494,True
0.0,30,16852.253623,False
0.0,30,16914.083126,False
0.0,30,16967.347561,False
0.0,30,17019.773563,False
0.0,30,17077.026069,False
0.0,30,17135.999166,False
0.0,30,17196.368048,False
0.0,30,17258.471173,False
2.6,30,17319.809572,True
0.0,30,17367.161497,False
0.0,30,17420.556813,False
0.0,30,17471.815591,False
3.0,30,17531.207524,True
0.0,30,17583.191272,False
0.0,30,17656.530671,False
3.0,30,17717.158754,True
0.0,30,17778.120419,False
0.0,30,17835.653026,False
0.0,30,17886.535388,False
0.0,30,17939.035576,False
0.0,30,17999.183287,False
0.0,30,18059.376363,False
0.0,30,18121.626286,False
0.0,30,18186.693069,False
0.0,30,18237.452384,False
3.0,30,18296.524869,True
0.0,30,18353.952806,False
0.0,30,18413.360196,False
0.3,30,18472.783888,True
0.0,30,18535.76526,False
0.0,30,18588.679332,False
0.0,30,18640.200329,False
0.0,30,18706.928802,False
0.0,30,19081.427624,False
0.0,30,19136.749381,False
0.0,30,19195.578243,False
0.0,30,19246.988544,False
0.0,30,19306.623729,False
0.0,30,19362.011425,False
0.0,30,19414.158709,False
1.3,30,19467.748914,True
0.0,30,19524.516045,False
1.9,30,19574.401189,True
0.0,30,19635.736755,False
0.0,30,19700.532604,False
2.6,30,19756.189461,True
0.0,30,19805.243254,False
3.0,30,19874.782461,True
2.6,30,19932.362412,True
0.0,30,19990.695079,False
3.0,30,20042.252609,True
2.0,30,20094.831713,True
0.0,30,20155.945548,False
3.0,30,20210.327058,True
0.0,30,20272.799031,False
2.8,30,20324.490836,True
2.4,30,20382.316754,True
0.0,30,20435.886644,False
2.7,30,20499.138342,True
0.0,30,20553.040881,False
2.6,30,20610.003076,True
0.0,30,20664.473238,False
0.0,30,20718.886105,False
3.0,30,20773.972437,True
2.6,30,20820.159275,True
0.0,30,20876.415381,False
0.0,30,20934.965312,False
2.8,30,21295.295815,True
0.0,30,21351.785092,False
0.0,30,21412.217741,False
0.0,30,21469.192707,False
0.0,30,21530.25736,False
2.1,30,21585.392813,True
0.8,30,21643.428049,True
1.4,30,21704.674736,False
0.0,30,21766.990317,False
0.0,30,21820.892159,False
0.0,30,21878.33185,False
2.4,30,21935.021981,True
2.7,30,21987.910534,False
0.0,30,22045.500045,False
0.0,30,22099.041845,False
2.8,30,22160.0579,True
0.0,30,22214.178082,False
0.0,30,22272.850254,False
1.8,30,22323.677032,True
1.7,30,22389.110147,True
0.0,30,22446.63045,False
0.0,30,22504.920714,False
0.0,30,22560.301478,False
0.0,30,22605.411876,False
2.6,30,22663.354487,True
2.6,30,22726.22762,True
0.0,30,22787.315175,False
0.0,30,22850.292541,False
2.6,30,22906.359099,True
2.5,30,22961.923274,True
0.0,30,23017.840409,False
0.0,30,23077.499864,False
0.0,30,23132.69608,False
0.0,30,23184.296205,False
0.0,30,23597.11025,False
0.0,30,23657.910941,False
0.0,30,23713.790664,False
0.0,30,23773.637673,False
0.0,30,23825.644462,False
0.0,30,23879.133136,False
2.4,30,23937.292459,True
0.0,30,23993.686865,False
0.0,30,24052.926898,False
0.0,30,24105.149558,False
0.0,30,24163.554967,False
1.4,30,24215.566303,True
0.0,30,24268.554907,False
0.0,30,24323.500942,False
2.8,30,24380.966957,True
0.0,30,24430.920616,False
2.8,30,24487.303145,True
0.0,30,24545.498603,False
0.0,30,24600.456034,False
1.6,30,24655.415516,True
0.0,30,24713.816171,False
3.0,30,24781.65901,True
0.0,30,24835.133444,False
0.0,30,24888.276309,False
3.0,30,24952.576092,True
1.7,30,25006.113577,True
0.0,30,25067.828084,False
3.0,30,25121.546849,True
2.8,30,25179.252251,True
0.0,30,25237.329827,False
3.0,30,25294.658303,True
0.1,30,25346.680445,True
0.0,30,25405.306795,False
0.9,30,25460.264933,True
2.5,30,25829.303621,True
1.9,30,25889.047039,True
0.0,30,25945.884651,False
0.0,30,26009.597708,False
1.8,30,26062.60793,True
2.6,30,26116.924913,True
0.0,30,26191.426531,False
0.0,30,26256.28039,False
2.8,30,26304.520302,True
2.6,30,26352.308521,True
0.0,30,26407.839394,False
0.0,30,26491.726307,False
0.0,30,26551.910291,False
1.1,30,26606.614763,True
0.0,30,26657.503309,False
0.0,30,26721.590168,False
0.0,30,26781.421197,False
0.0,30,26842.671999,False
0.0,30,26896.778019,False
0.0,30,26960.495248,False
0.0,30,27023.021305,False
0.0,30,27078.01327,False
0.0,30,27134.381104,False
2.0,30,27191.229415,True
2.7,30,27252.52906,True
2.7,30,27309.622776,True
2.6,30,27366.186278,True
0.0,30,27420.715887,False
0.0,30,27469.332612,False
0.0,30,27547.967987,False
0.0,30,27605.083423,False
0.0,30,27664.037665,False
3.0,30,27714.973316,True
0.0,30,27778.009456,False
0.0,30,28131.220721,False
0.0,30,28181.862803,False
0.0,30,28237.774102,False
0.0,30,28297.789575,False
0.0,30,28385.89812,False
0.0,30,28450.739336,False
0.0,30,28507.488918,False
2.9,30,28573.048311,True
2.7,30,28637.94066,True
2.6,30,28694.059652,True
0.0,30,28750.010821,False
2.6,30,28822.550302,True
2.3,30,28875.837032,True
3.0,30,28932.890858,True
2.2,30,28987.580341,True
0.0,30,29048.211167,False
2.4,30,29107.053588,True
0.0,30,29156.612491,False
0.0,30,29216.760016,False
3.0,30,29283.946778,True
2.2,30,29337.853474,True
0.0,30,29396.939118,False
0.0,30,29462.794313,False
2.0,30,29512.885054,True
1.4,30,29563.170006,True
0.0,30,29619.965507,False
0.0,30,29674.271316,False
0.0,30,29725.77391,False
0.0,30,29785.113405,False
2.9,30,29841.553387,True
0.0,30,29903.160216,False
2.4,30,29960.94089,True
0.0,30,30013.883626,False
0.0,30,30067.345899,False
2.7,30,30421.944402,True
0.0,30,30476.071704,False
0.0,30,30533.786792,False
2.5,30,30592.984188,True
1.8,30,30655.117686,True
0.0,30,30717.098993,False
0.0,30,30772.361604,False
0.0,30,30830.79009,False
2.2,30,30893.227751,True
2.6,30,30955.809131,True
2.5,30,31023.887195,True
0.0,30,31079.187086,False
0.0,30,31136.981244,False
0.0,30,31195.739392,False
0.0,30,31250.714589,False
1.3,30,31318.609234,True
0.0,30,31381.849661,False
0.0,30,31440.156446,False
0.0,30,31497.659417,False
2.9,30,31560.358622,True
0.0,30,31620.205112,False
0.0,30,31682.976325,False
0.0,30,31744.13563,False
1.8,30,31797.126702,True
0.0,30,31866.715276,False
0.0,30,31917.391051,False
0.0,30,31969.565945,False
2.8,30,32025.696671,True
2.5,30,32076.95177,True
0.0,30,32130.057865,False
0.0,30,32190.130654,False
0.0,30,32246.394676,False
0.9,30,32304.206043,True
1.9,30,32362.855218,True
2.7,30,32704.103759,True
2.8,30,32768.907204,True
0.0,30,32826.619885,False
1.0,30,32882.032975,True
2.8,30,32948.197164,True
0.0,30,33010.596097,False
2.3,30,33072.002631,True
0.0,30,33124.236955,False
2.5,30,33182.244332,True
0.0,30,33244.843797,False
0.0,30,33300.340903,False
2.4,30,33352.160506,True
2.8,30,33416.635365,True
2.9,30,33472.412861,True
2.9,30,33535.081051,True
0.0,30,33597.173223,False
0.0,30,33665.350095,False
0.0,30,33723.825824,False
0.0,30,33782.033247,False
0.0,30,33833.547425,False
2.7,30,33891.402993,True
0.0,30,33953.081753,False
0.0,30,34006.241501,False
0.0,30,34061.56827,False
0.0,30,34117.482368,False
0.0,30,34171.785614,False
2.8,30,34237.663251,True
2.8,30,34296.931473,True
0.0,30,34355.985976,False
1.1,30,34412.403394,True
0.0,30,34475.393276,False
1.7,30,34539.04044,True
0.0,30,34592.141507,False
0.0,30,34649.729817,False
0.0,30,34710.644082,False
0.0,30,35082.247223,False
2.6,30,35154.708643,True
0.0,30,35209.69329,False
2.6,30,35265.643231,True
2.5,30,35327.164031,True
0.0,30,35380.406184,False
2.3,30,35445.939186,True
2.7,30,35504.463565,True
0.0,30,35561.098078,False
0.0,30,35627.849854,False
2.6,30,35693.869001,True
2.8,30,35743.363348,True
0.0,30,35803.065746,False
2.7,30,35858.23989,True
0.0,30,35916.310133,False
2.6,30,35971.040363,True
3.0,30,36027.395015,True
0.0,30,36089.101717,False
0.0,30,36153.868093,False
0.0,30,36207.120092,False
0.0,30,36268.781753,False
0.0,30,36325.249195,False
1.7,30,36393.324554,True
0.0,30,36453.088636,False
0.0,30,36510.566348,False
3.0,30,36572.472548,True
0.0,30,36635.773886,False
2.9,30,36701.794889,True
2.8,30,36757.208146,True
3.0,30,36814.74469,True
0.0,30,36869.422313,False
1.2,30,36928.596276,True
2.7,30,36998.17613,True
0.0,30,37055.931932,False
0.0,30,37432.999601,False
0.0,30,37492.794558,False
0.0,30,37558.620347,False
3.0,30,37619.93817,True
0.0,30,37671.915019,False
0.0,30,37730.003269,False
2.7,30,37793.353514,True
1.6,30,37842.014356,True
0.0,30,37895.553586,False
0.0,30,37958.50854,False
0.0,30,38017.784974,False
0.0,30,38078.972425,False
2.5,30,38137.59756,True
1.7,30,38204.590046,True
0.0,30,38260.20125,False
0.0,30,38318.212105,False
2.8,30,38387.687757,True
2.6,30,38445.016931,True
0.0,30,38506.963325,False
2.0,30,38568.403851,False
0.0,30,38628.759886,False
0.0,30,38683.663745,False
0.0,30,38742.927021,False
0.0,30,38802.954524,False
2.6,30,38878.846824,True
1.2,30,38940.424642,False
0.0,30,39004.356403,False
0.0,30,39079.069177,False
0.0,30,39149.283978,False
1.8,30,39212.865163,True
2.5,30,39274.163455,True
0.6,30,39338.062294,True
0.0,30,39402.071828,False
0.0,30,39459.749848,False
0.0,30,39864.215236,False
2.7,30,39927.37183,True
2.7,30,39989.41507,True
2.3,30,40045.522224,True
0.0,30,40104.163918,False
2.7,30,40173.08302,True
0.0,30,40233.09883,False
0.0,30,40294.067373,False
0.8,30,40355.184555,True
0.0,30,40415.51313,False
0.0,30,40485.211138,False
2.3,30,40543.913491,True
0.0,30,40605.308461,False
1.1,30,40670.272127,True
0.0,30,40727.493272,False
0.0,30,40787.877444,False
2.9,30,40842.971473,True
0.0,30,40923.520611,False
1.5,30,40979.445042,True
0.0,30,41042.249493,False
2.5,30,41103.755036,True
2.8,30,41162.004548,True
2.8,30,41222.15824,True
0.9,30,41280.968142,False
0.0,30,41342.296919,False
0.0,30,41397.769114,False
0.0,30,41462.181752,False
1.9,30,41510.209413,True
0.0,30,41563.047971,False
0.0,30,41622.553475,False
0.0,30,41683.70538,False
1.2,30,41741.217666,False
0.0,30,41805.276418,False
2.8,30,41870.086574,True
2.7,30,42283.919299,True
0.0,30,42348.991189,False
2.6,30,42411.500858,True
0.0,30,42473.953508,False
1.8,30,42534.668492,True
0.0,30,42606.578623,False
0.0,30,42674.592132,False
0.0,30,42740.653728,False
1.0,30,42799.14201,True
0.0,30,42857.803075,False
3.0,30,42938.781007,True
0.0,30,43005.046437,False
1.5,30,43067.477549,True
2.1,30,43133.246668,True
2.5,30,43191.211684,True
0.0,30,43247.492136,False
0.0,30,43309.393645,False
0.0,30,43378.17911,False
0.0,30,43426.18076,False
0.0,30,43482.660875,False
2.6,30,43545.722949,True
1.5,30,43604.454198,True
0.0,30,43665.4117,False
0.0,30,43721.067965,False
0.0,30,43777.143539,False
0.0,30,43840.42422,False
0.0,30,43896.429747,False
0.0,30,43960.458136,False
0.0,30,44028.568563,False
0.0,30,44093.138773,False
3.0,30,44158.182545,True
2.9,30,44212.052037,True
2.8,30,44260.342127,True
0.0,30,44309.366676,False
2.8,30,44636.767581,True
0.0,30,44678.340038,False
2.8,30,44723.941564,True
0.0,30,44791.28975,False
0.0,30,44841.510457,False
2.6,30,44893.463519,True
2.8,30,44939.443244,True
0.0,30,44986.822433,False
0.0,30,45026.626323,False
2.7,30,45066.699625,True
2.6,30,45113.68629,True
0.0,30,45160.045066,False
0.1,30,45206.261109,True
2.8,30,45248.470524,True
0.0,30,45297.292427,False
0.0,30,45333.643744,False
0.0,30,45376.406118,False
0.0,30,45421.093131,False
0.0,30,45467.020077,False
2.4,30,45507.403951,True
2.2,30,45555.357849,True
2.0,30,45598.343186,True
1.6,30,45639.669103,True
2.5,30,45680.553323,True
0.0,30,45725.636047,False
0.0,30,45773.038447,False
1.6,30,45822.889329,True
0.0,30,45869.023794,False
2.6,30,45922.99174,True
0.0,30,45968.321446,False
0.0,30,46013.649767,False
0.0,30,46061.941901,False
0.0,30,46103.882348,False
1.6,30,46146.773879,True
0.0,30,46487.174088,False
2.4,30,46529.048578,True
0.0,30,46571.243332,False
0.0,30,46622.270084,False
0.0,30,46670.947598,False
0.8,30,46720.411144,True
0.0,30,46759.693499,False
1.9,30,46805.730764,True
2.4,30,46855.430068,True
2.2,30,46903.583719,True
0.0,30,46950.770047,False
2.9,30,46999.4126,True
0.0,30,47062.627812,False
0.0,30,47113.968035,False
2.8,30,47158.193501,True
0.0,30,47202.326772,False
2.4,30,47249.382565,True
1.4,30,47295.656651,True
1.4,30,47341.749778,True
0.0,30,47392.243243,False
3.0,30,47443.119704,True
2.6,30,47486.037401,True
0.0,30,47537.993735,False
0.0,30,47589.591505,False
0.0,30,47637.088899,False
0.0,30,47687.667853,False
0.0,30,47746.686208,False
1.8,30,47798.145312,True
0.0,30,47839.135348,False
0.9,30,47888.4733,False
0.0,30,47939.53899,False
2.8,30,47986.51903,True
0.0,30,48032.829484,False
0.0,30,48080.21868,False
0.0,30,48372.156744,False
0.0,30,48425.717375,False
2.5,30,48468.439142,True
0.0,30,48516.354808,False
0.0,30,48563.801507,False
1.4,30,48606.030518,True
0.0,30,48661.093622,False
0.0,30,48699.853367,False
0.0,30,48749.227426,False
0.0,30,48797.078117,False
0.0,30,48853.150072,False
2.1,30,48899.91765,True
0.0,30,48950.598552,False
0.0,30,49008.713214,False
0.0,30,49051.873202,False
2.5,30,49099.949711,True
2.6,30,49140.366681,True
0.0,30,49183.359907,False
0.0,30,49225.258012,False
0.0,30,49280.328246,False
3.0,30,49326.37669,True
2.6,30,49368.295937,True
2.7,30,49448.286489,True
2.9,30,49499.00353,True
2.2,30,49542.172045,True
3.0,30,49586.493993,True
0.0,30,49633.417493,False
2.1,30,49681.169104,True
2.7,30,49734.263066,True
2.7,30,49790.656846,True
1.9,30,49837.034319,True
0.0,30,49887.792061,False
0.0,30,49938.754187,False
0.0,30,49986.700416,False
2.7,30,50310.390077,True
0.0,30,50358.58513,False
3.0,30,50401.911632,True
2.4,30,50449.893133,True
2.4,30,50495.666893,True
2.4,30,50546.153751,True
0.2,30,50601.138581,False
0.0,30,50654.173234,False
2.1,30,50698.864047,True
2.2,30,50739.580113,True
0.0,30,50789.755527,False
0.0,30,50837.676333,False
0.9,30,50883.70841,False
2.5,30,50927.167958,True
2.5,30,50974.77023,True
0.0,30,51026.466879,False
0.0,30,51072.776926,False
0.0,30,51120.017237,False
0.0,30,51170.149812,False
2.6,30,51213.839943,True
0.0,30,51258.232227,False
2.8,30,51306.688421,True
2.4,30,51354.443765,True
0.0,30,51397.847118,False
0.0,30,51438.924448,False
0.0,30,51486.238782,False
0.0,30,51530.244049,False
0.0,30,51572.284594,False
0.0,30,51615.394802,False
0.0,30,51656.499666,False
0.0,30,51703.519016,False
0.0,30,51749.536956,False
0.0,30,51800.470835,False
2.8,30,51848.06758,True
1.3,30,51895.609353,True
0.0,30,52195.335859,False
2.0,30,52237.27653,True
0.0,30,52282.559338,False
0.0,30,52330.725698,False
2.8,30,52379.025141,True
0.0,30,52417.499703,False
1.5,30,52467.200323,True
0.0,30,52527.818124,False
2.9,30,52573.927243,True
0.0,30,52619.522025,False
0.0,30,52663.751483,False
0.0,30,52708.806172,False
2.6,30,52755.446916,True
0.0,30,52803.471063,False
0.0,30,52847.284179,False
0.0,30,52890.678953,False
1.7,30,52937.848554,True
0.0,30,52986.534943,False
2.8,30,53036.456371,True
2.7,30,53079.114009,True
0.0,30,53117.80834,False
2.8,30,53163.558841,True
0.9,30,53208.493067,False
2.6,30,53259.150366,True
0.7,30,53306.780522,True
2.1,30,53354.05843,True
2.8,30,53400.933403,True
0.0,30,53446.412627,False
0.0,30,53488.693378,False
2.5,30,53528.870206,True
0.0,30,53577.899631,False
2.4,30,53621.984715,True
1.8,30,53664.382958,True
0.0,30,53708.513412,False
0.0,30,54038.209705,False
0.0,30,54091.874141,False
0.0,30,54136.445716,False
2.5,30,54179.181562,True
1.8,30,54226.743782,True
2.3,30,54274.658642,True
0.0,30,54320.976581,False
1.7,30,54363.254143,True
0.0,30,54408.022453,False
1.3,30,54455.587707,True
0.0,30,54500.720332,False
2.4,30,54544.965751,True
2.7,30,54590.575517,True
0.5,30,54639.219721,True
0.0,30,54686.884397,False
0.0,30,54735.083576,False
0.4,30,54776.907773,True
0.0,30,54826.63155,False
2.7,30,54876.484664,True
0.0,30,54921.38458,False
0.0,30,54972.131929,False
0.0,30,55021.518995,False
1.2,30,55072.795645,True
0.0,30,55115.737585,False
0.0,30,55172.991982,False
0.0,30,55218.834121,False
2.7,30,55270.980009,True
2.8,30,55318.384446,True
2.8,30,55360.816715,True
2.4,30,55407.03969,True
2.7,30,55453.863817,True
2.9,30,55508.419562,True
2.9,30,55553.010583,True
0.0,30,55601.10028,False
2.8,30,55915.135338,True
2.7,30,55964.596837,True
2.3,30,56014.321019,True
0.0,30,56058.240088,False
0.0,30,56106.533232,False
0.0,30,56152.41768,False
0.0,30,56195.058746,False
2.8,30,56241.48401,True
2.7,30,56290.446746,True
0.0,30,56334.075435,False
2.7,30,56384.155369,True
0.0,30,56427.911109,False
2.3,30,56474.392125,True
0.0,30,56516.892591,False
0.0,30,56569.447404,False
1.7,30,56608.407119,True
2.7,30,56656.406314,True
0.0,30,56704.325004,False
0.0,30,56752.759282,False
2.8,30,56797.485101,True
2.5,30,56842.279441,True
2.7,30,56894.705418,True
2.3,30,56935.291198,True
2.9,30,56983.605551,True
2.2,30,57032.88094,True
0.0,30,57077.736552,False
0.0,30,57119.553051,False
0.0,30,57161.60901,False
0.0,30,57205.787805,False
2.8,30,57250.863406,True
0.0,30,57300.171414,False
2.7,30,57346.339751,True
0.0,30,57392.636377,False
0.0,30,57449.601707,False
2.8,30,57739.188004,True
0.0,30,57783.184698,False
2.2,30,57833.195497,True
2.8,30,57876.951616,True
2.9,30,57925.668992,True
0.0,30,57971.903464,False
2.1,30,58023.961783,True
0.0,30,58077.130678,False
0.0,30,58128.262739,False
2.6,30,58184.910084,True
0.0,30,58249.388961,False
2.4,30,58297.750769,True
0.0,30,58340.412484,False
2.5,30,58381.078271,True
0.0,30,58446.596544,False
3.0,30,58492.14638,True
1.5,30,58542.506983,True
0.0,30,58587.946363,False
1.6,30,58631.570455,True
0.0,30,58672.03756,False
2.2,30,58729.454605,True
0.0,30,58775.034961,False
0.0,30,58817.554459,False
2.4,30,58863.856462,True
0.0,30,58910.274424,False
2.6,30,58960.52508,True
1.8,30,59004.468592,True
0.0,30,59054.114707,False
1.4,30,59096.077502,True
2.2,30,59137.022112,True
0.0,30,59179.859296,False
2.6,30,59221.088776,True
0.0,30,59265.672433,False
0.0,30,59315.969111,False
0.0,30,59595.863972,False
0.0,30,59641.164984,False
2.7,30,59688.001218,True
2.4,30,59739.245039,True
2.4,30,59781.477479,True
2.8,30,59817.851067,True
0.0,30,59860.565003,False
2.2,30,59904.603101,True
2.8,30,59948.407904,True
0.0,30,59996.818364,False
0.3,30,60054.151126,False
0.0,30,60101.252488,False
2.8,30,60147.07512,True
2.7,30,60192.148341,True
2.8,30,60235.37514,True
0.0,30,60290.446846,False
0.0,30,60334.11204,False
2.3,30,60391.301672,True
0.0,30,60441.331713,False
0.0,30,60492.35744,False
0.0,30,60539.50444,False
2.7,30,60587.297203,True
0.0,30,60639.378044,False
0.0,30,60689.500182,False
0.0,30,60736.050103,False
0.0,30,60787.654927,False
0.0,30,60833.939391,False
0.0,30,60881.063795,False
0.0,30,60925.528914,False
2.8,30,60971.970415,True
0.0,30,61014.113847,False
0.0,30,61061.834042,False
2.7,30,61108.181517,True
0.0,30,61167.072322,False
1.7,30,61469.813188,True
0.8,30,61511.759952,False
0.0,30,61562.533156,False
0.0,30,61603.390321,False
2.7,30,61645.858707,True
0.0,30,61684.342495,False
2.9,30,61727.274289,True
2.7,30,61766.645862,True
2.8,30,61813.228352,True
0.0,30,61855.864399,False
0.0,30,61901.46395,False
1.8,30,61944.283765,True
1.7,30,61993.950184,True
0.0,30,62048.238766,False
2.6,30,62095.567187,True
0.0,30,62142.453707,False
2.7,30,62192.751646,True
0.0,30,62243.364726,False
0.0,30,62293.553578,False
1.4,30,62357.690651,True
0.0,30,62404.829701,False
0.3,30,62452.394448,False
0.0,30,62500.808134,False
1.2,30,62547.582568,True
2.9,30,62610.779343,True
0.0,30,62662.474825,False
0.0,30,62706.830158,False
1.6,30,62752.620184,True
2.5,30,62797.400707,True
2.8,30,62845.059331,True
3.0,30,62894.918348,True
0.0,30,62941.046155,False
0.0,30,62988.423297,False
2.8,30,63041.567304,True
0.0,30,63365.886693,False
2.5,30,63414.618559,True
2.8,30,63469.914514,True
2.5,30,63513.400974,True
1.0,30,63558.823032,True
0.0,30,63601.899483,False
2.6,30,63655.549361,True
2.5,30,63702.048165,True
2.5,30,63747.016712,True
2.8,30,63796.199031,True
1.9,30,63839.15301,True
2.5,30,63886.308214,True
2.6,30,63932.367146,True
0.0,30,63979.737454,False
1.7,30,64025.192945,True
0.0,30,64083.100584,False
2.5,30,64131.723653,True
2.8,30,64179.413208,True
0.0,30,64222.896965,False
0.0,30,64266.216677,False
0.0,30,64307.58398,False
2.9,30,64358.45472,True
2.9,30,64404.197856,True
0.0,30,64457.032454,False
0.0,30,64506.50717,False
0.9,30,64552.157007,False
1.9,30,64601.733252,True
0.0,30,64650.061946,False
2.7,30,64693.18089,True
0.0,30,64755.449776,False
0.0,30,64807.97743,False
0.6,30,64847.196219,True
2.7,30,64894.91073,True
2.8,30,64945.83765,True
0.0,30,65000.137395,False
0.0,30,65299.183309,False
0.0,30,65343.519728,False
2.5,30,65389.054329,True
2.8,30,65437.705969,True
1.6,30,65486.341428,True
0.0,30,65530.608723,False
0.0,30,65579.819083,False
0.0,30,65627.605974,False
0.0,30,65673.225545,False
0.0,30,65720.247744,False
2.0,30,65765.345481,True
0.3,30,65811.122223,True
2.2,30,65865.004387,True
2.9,30,65915.135634,True
2.7,30,65965.634145,True
2.6,30,66018.035695,True
2.7,30,66063.563739,True
2.4,30,66106.840418,True
0.0,30,66155.047896,False
0.0,30,66193.905824,False
0.0,30,66243.522182,False
0.0,30,66321.07468,False
0.5,30,66403.824283,True
2.2,30,66457.699929,True
2.8,30,66519.721775,True
0.0,30,66568.95077,False
0.0,30,66610.730232,False
0.0,30,66656.678115,False
2.8,30,66704.707579,True
0.0,30,66762.49578,False
0.0,30,66807.431765,False
2.8,30,66858.580343,True
0.0,30,66910.232589,False
0.0,30,66955.100119,False
0.0,30,67249.855911,False
2.6,30,67299.003917,True
2.3,30,67346.809136,True
2.7,30,67393.414471,True
2.2,30,67437.721841,True
2.7,30,67495.107411,True
0.0,30,67537.019677,False
2.5,30,67582.38415,True
2.6,30,67627.76271,True
2.5,30,67673.114634,True
2.7,30,67718.603269,True
2.0,30,67766.376755,True
2.1,30,67815.75763,True
2.6,30,67860.814745,True
2.6,30,67919.833788,True
0.0,30,67966.881765,False
0.0,30,68014.798647,False
2.3,30,68062.390174,True
2.6,30,68108.137215,True
0.0,30,68151.789917,False
2.4,30,68201.876014,True
2.8,30,68248.05266,True
2.6,30,68292.10069,True
0.0,30,68344.394368,False
3.0,30,68392.864119,True
2.5,30,68436.504448,True
0.0,30,68481.083728,False
1.2,30,68522.735066,False
0.0,30,68562.417548,False
0.0,30,68609.599588,False
2.6,30,68658.347006,True
2.4,30,68705.180572,True
0.0,30,68751.884122,False
0.0,30,68797.635,False
2.5,30,69126.6568,True
1.4,30,69174.534048,True
2.7,30,69219.724766,True
0.0,30,69267.258165,False
0.0,30,69315.510539,False
2.4,30,69360.763637,True
0.0,30,69409.014965,False
2.8,30,69459.338675,True
0.0,30,69506.079841,False
0.0,30,69549.134665,False
0.0,30,69599.383954,False
0.0,30,69647.511232,False
0.0,30,69693.335911,False
2.4,30,69743.387647,True
2.3,30,69795.837733,True
2.5,30,69838.681397,True
0.0,30,69884.850175,False
0.0,30,69933.199651,False
0.0,30,69979.210223,False
2.8,30,70027.412699,True
2.8,30,70080.988488,True
2.6,30,70126.882687,True
1.3,30,70169.464332,True
0.0,30,70218.384809,False
2.6,30,70266.514001,True
0.0,30,70312.757823,False
0.0,30,70362.602982,False
2.8,30,70417.9857,True
0.0,30,70470.538469,False
1.0,30,70520.305441,True
2.9,30,70565.737617,True
0.0,30,70612.382358,False
2.8,30,70656.293108,True
0.0,30,70710.379089,False
0.5,30,71023.350049,True
3.0,30,71067.748746,True
2.5,30,71122.355174,True
0.0,30,71164.718681,False
2.8,30,71212.081543,True
0.0,30,71265.925329,False
0.0,30,71314.069474,False
0.0,30,71360.07678,False
0.0,30,71405.321624,False
2.6,30,71454.6537,True
0.0,30,71506.49198,False
0.0,30,71550.296321,False
0.0,30,71595.990826,False
0.0,30,71642.379713,False
2.8,30,71694.840617,True
2.7,30,71740.618487,True
0.0,30,71781.524443,False
2.7,30,71829.34723,True
0.0,30,71872.500729,False
2.3,30,71923.630744,True
2.5,30,71969.885893,True
1.2,30,72017.160205,True
0.0,30,72074.055836,False
0.0,30,72123.765337,False
0.0,30,72171.884221,False
2.6,30,72220.377561,True
0.0,30,72288.93075,False
0.0,30,72339.283325,False
1.1,30,72382.621725,True
0.0,30,72433.770445,False
2.8,30,72482.162032,True
2.5,30,72530.415179,True
2.1,30,72581.19929,True
0.0,30,72627.641909,False
1.9,30,72965.553267,True
2.1,30,73014.551539,True
0.0,30,73073.482954,False
2.5,30,73121.169381,True
2.2,30,73167.569195,True
0.0,30,73218.204486,False
1.7,30,73266.97521,True
2.7,30,73315.001797,True
0.0,30,73365.909007,False
2.3,30,73410.722399,True
0.0,30,73457.765178,False
2.9,30,73520.306564,True
0.0,30,73566.96086,False
0.0,30,73623.579887,False
0.3,30,73674.87794,True
0.0,30,73725.456532,False
0.0,30,73773.882199,False
0.0,30,73817.196045,False
0.0,30,73866.007605,False
0.0,30,73915.308429,False
0.0,30,73962.804947,False
0.0,30,74006.336618,False
1.0,30,74065.275009,False
1.9,30,74104.774269,True
2.5,30,74149.261681,True
0.0,30,74197.327667,False
0.0,30,74243.189202,False
1.9,30,74287.844276,True
2.2,30,74334.806815,True
2.9,30,74383.462445,True
0.0,30,74427.682201,False
1.2,30,74478.080382,True
2.8,30,74524.673774,True
0.0,30,74592.022189,False
0.0,30,74920.264531,False
0.0,30,74970.844378,False
2.9,30,75022.077633,True
0.0,30,75070.541569,False
2.1,30,75120.928426,True
2.8,30,75166.954696,True
0.0,30,75210.461086,False
0.0,30,75286.360519,False
0.0,30,75334.118477,False
0.0,30,75379.75676,False
2.7,30,75426.431869,True
0.0,30,75478.126286,False
2.2,30,75527.789577,True
0.0,30,75570.57502,False
0.0,30,75616.298233,False
0.0,30,75659.718999,False
2.4,30,75712.481941,True
0.0,30,75760.983707,False
2.9,30,75814.826242,True
2.6,30,75859.963074,True
0.0,30,75909.714971,False
0.7,30,75957.38907,True
2.3,30,76004.153192,True
2.6,30,76055.551082,True
1.9,30,76103.376966,True
0.0,30,76151.643713,False
2.4,30,76197.670819,True
2.7,30,76241.876078,True
3.0,30,76287.978755,True
2.7,30,76333.885019,True
0.0,30,76384.284402,False
2.3,30,76428.63112,True
2.8,30,76473.878481,True
2.6,30,76523.624437,True
2.6,30,76878.458648,True
2.8,30,76929.503533,True
0.0,30,76982.300636,False
0.0,30,77028.476532,False
2.2,30,77078.032682,True
0.0,30,77125.743708,False
2.9,30,77175.804319,True
2.4,30,77219.768786,True
2.7,30,77267.011531,True
0.0,30,77317.274748,False
0.0,30,77372.953971,False
0.0,30,77427.48823,False
2.0,30,77476.0972,True
2.7,30,77525.742971,True
0.0,30,77575.316807,False
0.0,30,77627.846779,False
0.0,30,77674.236885,False
2.1,30,77718.531219,True
2.6,30,77764.781188,True
0.2,30,77809.468743,False
0.0,30,77857.993622,False
0.0,30,77900.617419,False
0.0,30,77962.780461,False
0.0,30,78013.151706,False
2.6,30,78064.855113,True
0.0,30,78111.185234,False
2.1,30,78157.464195,True
1.9,30,78210.489262,True
0.0,30,78259.823252,False
0.6,30,78309.188304,True
0.0,30,78358.968828,False
0.0,30,78416.695459,False
2.9,30,78467.927948,True
0.0,30,78508.047324,False
0.0,30,78838.713173,False
2.7,30,78885.027474,True
0.0,30,78930.138178,False
0.0,30,78972.079735,False
0.0,30,79017.428313,False
2.7,30,79062.767273,True
0.0,30,79108.285001,False
0.0,30,79161.496347,False
0.0,30,79207.529139,False
1.7,30,79270.77274,True
2.7,30,79320.944768,True
0.0,30,79365.937993,False
0.0,30,79406.95974,False
2.3,30,79453.814397,True
0.0,30,79509.349257,False
0.0,30,79564.160719,False
2.2,30,79612.663792,True
2.7,30,79657.886622,True
0.0,30,79701.278516,False
0.0,30,79747.690602,False
2.7,30,79796.275699,True
2.6,30,79843.128623,True
3.0,30,79888.418017,True
2.5,30,79935.15039,True
2.4,30,79982.526755,True
0.0,30,80024.861234,False
2.5,30,80076.633997,True
0.0,30,80118.433901,False
0.0,30,80178.062961,False
0.0,30,80226.409297,False
0.0,30,80272.278558,False
2.8,30,80321.944185,True
0.0,30,80365.030876,False
0.0,30,80407.714329,False
2.6,30,80453.921393,True
0.0,30,80799.664267,False
2.6,30,80842.3115,True
0.0,30,80891.446342,False
0.0,30,80945.693578,False
0.0,30,80996.498355,False
2.2,30,81039.678671,True
1.7,30,81086.514112,True
2.7,30,81132.850134,True
2.3,30,81183.244292,True
2.4,30,81227.839763,True
1.0,30,81275.731432,False
2.3,30,81320.386261,True
2.6,30,81368.572938,True
0.0,30,81412.005008,False
2.8,30,81462.550543,True
2.7,30,81512.803503,True
0.0,30,81562.152478,False
3.0,30,81611.434287,True
2.7,30,81650.281068,True
3.0,30,81697.10865,True
2.5,30,81747.123219,True
0.0,30,81798.060604,False
0.0,30,81843.444806,False
2.8,30,81891.868975,True
2.7,30,81932.603165,True
0.0,30,81977.60846,False
0.0,30,82024.155897,False
3.0,30,82073.799533,True
2.7,30,82120.40065,True
2.5,30,82168.302192,True
2.7,30,82209.50245,True
1.2,30,82264.503312,True
2.2,30,82311.161552,True
0.0,30,82356.32829,False
0.0,30,82682.467333,False
2.7,30,82730.451659,True
2.8,30,82778.418501,True
2.4,30,82824.52782,True
2.6,30,82875.992862,True
0.0,30,82925.962156,False
1.9,30,82967.566602,True
0.0,30,83008.456158,False
2.7,30,83050.466914,True
2.5,30,83103.379964,True
2.8,30,83152.193926,True
0.0,30,83197.571458,False
2.8,30,83240.46035,True
2.7,30,83286.898127,True
2.8,30,83336.096103,True
2.6,30,83377.073528,True
2.5,30,83420.88776,True
0.4,30,83469.216724,True
0.0,30,83522.258776,False
0.0,30,83573.271207,False
0.0,30,83623.930256,False
0.0,30,83671.929572,False
0.0,30,83720.300684,False
2.0,30,83767.189109,False
0.0,30,83813.432836,False
2.7,30,83861.001289,True
0.0,30,83910.143009,False
2.9,30,83958.164274,True
0.0,30,84003.774365,False
2.7,30,84049.714169,True
0.0,30,84097.26529,False
2.7,30,84142.498039,True
2.8,30,84190.785848,True
2.8,30,84240.627563,True
0.3,30,84555.719194,True
0.0,30,84599.487557,False
3.0,30,84643.443458,True
0.4,30,84703.229276,False
0.0,30,84749.338189,False
0.0,30,84797.104827,False
2.5,30,84840.4369,True
2.8,30,84897.671981,True
2.2,30,84949.011298,True
0.0,30,84997.558417,False
0.0,30,85055.530608,False
2.8,30,85103.003453,True
2.2,30,85149.08283,True
0.0,30,85196.578175,False
0.0,30,85238.893443,False
0.0,30,85284.758894,False
0.0,30,85331.157218,False
0.0,30,85377.898961,False
0.0,30,85437.985022,False
0.0,30,85484.272144,False
2.4,30,85528.849773,True
0.0,30,85574.008797,False
2.5,30,85621.798306,True
2.7,30,85676.771115,True
2.5,30,85722.050039,True
0.0,30,85765.2164,False
0.0,30,85809.622108,False
0.0,30,85856.147196,False
2.8,30,85898.896565,True
2.7,30,85944.555101,True
2.5,30,85990.420345,True
2.8,30,86037.767004,True
0.0,30,86081.883848,False
0.0,30,86129.133522,False
0.0,30,86486.094218,False
0.0,30,86530.132725,False
0.0,30,86577.702776,False
0.0,30,86632.41654,False
0.0,30,86687.920611,False
0.0,30,86735.907271,False
0.0,30,86786.939775,False
2.2,30,86834.988429,True
0.0,30,86887.331108,False
1.6,30,86937.301767,True
0.0,30,86983.321039,False
2.9,30,87032.296967,True
2.7,30,87077.998249,True
2.4,30,87122.07608,True
2.8,30,87171.61856,True
2.5,30,87223.517992,True
2.6,30,87279.253618,True
2.6,30,87321.902227,True
0.0,30,87367.494058,False
0.0,30,87411.46895,False
0.0,30,87456.023801,False
2.3,30,87498.497465,True
0.0,30,87552.028037,False
2.2,30,87597.068569,True
2.8,30,87640.065964,True
2.3,30,87695.667878,True
2.8,30,87749.945383,True
2.7,30,87799.526218,True
0.0,30,87846.403225,False
3.0,30,87892.884029,True
0.0,30,87938.951535,False
2.6,30,87987.252376,True
3.0,30,88034.585963,True
2.5,30,88080.261687,True
2.5,30,88369.752812,True
2.6,30,88413.757436,True
2.6,30,88457.946818,True
2.4,30,88501.875705,True
0.0,30,88544.735587,False
2.7,30,88588.395094,True
0.0,30,88637.041865,False
0.0,30,88693.284549,False
0.0,30,88741.888327,False
0.0,30,88788.849511,False
2.7,30,88835.359248,True
2.4,30,88892.071804,True
2.0,30,88935.881593,True
2.7,30,88987.063324,True
2.5,30,89037.311214,True
0.0,30,89098.872292,False
0.0,30,89150.239538,False
0.0,30,89189.324867,False
2.6,30,89238.247865,True
0.0,30,89295.175964,False
1.5,30,89345.979803,True
0.0,30,89402.711329,False
2.7,30,89455.205608,True
2.3,30,89501.996868,True
0.0,30,89549.624143,False
3.0,30,89597.626937,True
0.0,30,89643.225951,False
0.0,30,89687.048569,False
0.0,30,89733.676574,False
0.0,30,89786.282784,False
0.0,30,89835.174073,False
3.0,30,89879.852368,True
1.8,30,89931.677391,True
1.7,30,89974.699279,True
0.0,30,90290.810561,False
0.0,30,90336.983056,False
0.0,30,90378.871895,False
2.3,30,90421.184288,True
2.3,30,90471.526237,True
1.7,30,90519.830852,True
2.8,30,90565.178154,True
0.0,30,90611.408717,False
0.0,30,90659.962375,False
3.0,30,90707.732901,True
0.0,30,90755.831828,False
0.0,30,90809.038697,False
0.0,30,90859.482098,False
0.0,30,90903.743833,False
3.0,30,90948.538196,True
2.5,30,90996.455511,True
0.0,30,91043.497043,False
0.2,30,91096.173574,True
2.5,30,91138.088943,True
2.3,30,91181.969773,True
0.0,30,91232.66155,False
1.5,30,91279.532016,True
2.7,30,91326.562297,True
2.6,30,91365.643403,True
0.0,30,91412.32138,False
0.0,30,91460.965904,False
0.0,30,91509.223859,False
2.7,30,91551.613254,True
2.8,30,91596.065138,True
0.0,30,91638.620083,False
2.8,30,91681.012417,True
3.0,30,91727.793776,True
0.0,30,91774.731832,False
2.3,30,91822.696821,True
0.0,30,92166.333395,False
0.0,30,92208.538499,False
0.0,30,92249.623337,False
0.0,30,92296.98537,False
0.0,30,92348.599152,False
0.0,30,92404.692645,False
1.2,30,92452.180635,True
3.0,30,92497.968845,True
0.0,30,92542.229828,False
0.0,30,92590.745042,False
3.0,30,92634.797678,True
0.0,30,92679.42714,False
0.0,30,92722.889983,False
0.0,30,92768.900214,False
0.0,30,92814.274622,False
0.0,30,92860.769454,False
2.3,30,92911.213406,True
3.0,30,92957.476068,True
0.0,30,93005.847171,False
2.9,30,93047.020541,True
0.0,30,93109.937485,False
2.7,30,93161.809235,True
2.2,30,93210.361606,True
0.0,30,93252.484308,False
1.7,30,93299.037777,True
0.0,30,93342.992235,False
0.0,30,93391.572891,False
0.0,30,93431.108825,False
2.6,30,93478.268825,True
0.0,30,93528.000292,False
2.7,30,93579.796732,True
2.4,30,93624.029504,True
0.0,30,93664.96297,False
2.2,30,93709.670388,True
3.0,30,93762.353001,True
2.5,30,94103.479196,True
0.0,30,94157.849886,False
3.0,30,94210.142262,True
0.0,30,94257.065646,False
2.9,30,94312.718523,True
0.0,30,94352.226045,False
2.7,30,94406.662596,True
2.7,30,94454.760528,True
2.6,30,94502.434174,True
0.0,30,94549.072774,False
2.2,30,94598.897579,True
2.3,30,94652.997681,True
2.5,30,94699.420309,True
2.9,30,94747.031299,True
2.6,30,94798.64326,True
3.0,30,94854.49212,True
0.0,30,94900.737802,False
0.0,30,94949.659399,False
0.0,30,95000.308519,False
2.7,30,95052.548705,True
0.0,30,95095.76516,False
3.0,30,95151.859041,True
0.0,30,95197.949203,False
0.0,30,95242.901489,False
3.0,30,95286.622918,True
0.0,30,95338.690447,False
0.0,30,95382.134428,False
0.0,30,95430.799662,False
2.6,30,95477.31142,True
0.0,30,95526.465068,False
2.7,30,95568.564373,True
1.7,30,95614.53536,True
2.6,30,95669.007923,True
0.0,30,95716.600934,False
0.0,30,96045.341315,False
0.0,30,96096.380769,False
3.0,30,96141.041853,True
0.0,30,96190.533835,False
2.6,30,96239.526932,True
2.8,30,96282.289007,True
2.6,30,96330.532225,True
0.0,30,96376.586789,False
2.9,30,96422.884507,True
0.0,30,96470.03927,False
1.8,30,96515.293804,True
2.3,30,96559.624258,True
0.8,30,96600.710501,True
0.0,30,96647.282559,False
0.0,30,96696.50178,False
0.7,30,96743.102397,False
0.0,30,96801.573046,False
2.5,30,96850.983661,True
2.5,30,96900.418842,True
0.0,30,96940.167011,False
0.0,30,96985.323725,False
2.4,30,97031.634246,True
0.0,30,97077.460085,False
0.0,30,97126.817122,False
0.0,30,97173.09966,False
2.6,30,97222.878,True
2.8,30,97270.257045,True
2.3,30,97316.543232,True
0.0,30,97362.512098,False
2.6,30,97432.414469,True
0.0,30,97479.228756,False
0.0,30,97530.258233,False
0.0,30,97578.183638,False
0.0,30,97625.96042,False
2.9,30,97957.108071,True
2.3,30,97999.253051,True
0.0,30,98043.730591,False
2.7,30,98089.055154,True
2.9,30,98136.104051,True
2.6,30,98184.894117,True
0.0,30,98233.17135,False
2.6,30,98278.843634,True
2.7,30,98321.706022,True
2.6,30,98367.758124,True
2.4,30,98416.338296,True
0.4,30,98464.506078,False
2.7,30,98518.463476,True
0.0,30,98569.255028,False
2.8,30,98611.636158,True
0.0,30,98656.514997,False
0.0,30,98706.554393,False
2.7,30,98751.865199,True
2.1,30,98796.618844,True
2.6,30,98840.762717,True
0.0,30,98886.476468,False
0.0,30,98943.571951,False
1.7,30,99014.890987,True
0.0,30,99063.868131,False
0.0,30,99117.067259,False
1.1,30,99166.429948,False
2.4,30,99218.5692,True
0.0,30,99267.643443,False
3.0,30,99321.448602,True
0.0,30,99366.948012,False
0.0,30,99415.97659,False
2.3,30,99466.275223,True
0.0,30,99527.314984,False
1.5,30,99571.228825,True
0.0,30,99920.343621,False
0.0,30,99969.064107,False
0.0,30,100015.939633,False
2.7,30,100067.270917,True
0.0,30,100106.742498,False
0.0,30,100158.022077,False
0.0,30,100205.283302,False
2.7,30,100251.038872,False
2.6,30,100296.283384,True
2.3,30,100346.487588,True
0.0,30,100393.457049,False
0.0,30,100439.640005,False
0.0,30,100489.355492,False
0.0,30,100541.079063,False
0.0,30,100583.153404,False
2.1,30,100627.904462,True
0.0,30,100678.464327,False
0.0,30,100724.429382,False
2.7,30,100780.798201,True
2.6,30,100839.241907,True
0.0,30,100890.255324,False
2.4,30,100941.209489,True
0.0,30,100989.385133,False
1.8,30,101035.320453,False
0.0,30,101081.434444,False
0.0,30,101126.494249,False
2.1,30,101175.864947,True
1.2,30,101226.330051,True
2.3,30,101273.125599,True
0.0,30,101323.501004,False
0.0,30,101375.716262,False
0.0,30,101421.750018,False
0.0,30,101470.312632,False
2.5,30,101526.510878,True
2.4,30,101861.3762,True
0.0,30,101912.495284,False
2.5,30,101957.005651,True
0.0,30,102009.514887,False
2.6,30,102054.58168,True
2.6,30,102111.65312,True
0.0,30,102154.221259,False
2.5,30,102206.747427,True
2.3,30,102250.525564,True
0.0,30,102296.390248,False
2.8,30,102346.202013,True
1.9,30,102388.491411,True
0.0,30,102437.090609,False
2.9,30,102483.475633,True
0.0,30,102532.701122,False
2.3,30,102577.93868,True
2.7,30,102628.308778,True
2.7,30,102672.622545,True
2.0,30,102726.099356,True
2.5,30,102773.770787,True
2.5,30,102819.889342,True
0.0,30,102867.772307,False
2.7,30,102914.687883,True
0.0,30,102969.269832,False
0.0,30,103020.48178,False
0.0,30,103066.469751,False
0.0,30,103119.306666,False
0.0,30,103167.481291,False
2.6,30,103209.043485,True
2.4,30,103262.51224,True
2.7,30,103302.409789,True
1.5,30,103346.527322,True
2.7,30,103397.204169,True
0.0,30,103439.415043,False
2.8,30,103793.171245,True
0.0,30,103836.498348,False
0.0,30,103885.895532,False
2.8,30,103931.050333,True
2.2,30,103977.841643,True
2.0,30,104027.364256,True
0.0,30,104070.939233,False
3.0,30,104119.525117,True
3.0,30,104168.435934,True
0.0,30,104217.89193,False
0.0,30,104263.305054,False
0.0,30,104328.423281,False
0.0,30,104375.499781,False
0.0,30,104421.101477,False
0.0,30,104467.942167,False
2.6,30,104514.754439,True
0.0,30,104563.323894,False
0.2,30,104611.182095,True
2.8,30,104655.895075,True
2.2,30,104706.194777,True
2.7,30,104755.150698,True
0.0,30,104805.79303,False
1.0,30,104851.971513,True
0.0,30,104898.204117,False
2.7,30,104950.087435,True
2.5,30,104997.417969,True
3.0,30,105050.405296,True
2.9,30,105096.407627,True
2.7,30,105144.170589,True
2.2,30,105196.229409,True
0.0,30,105247.029727,False
2.6,30,105292.676374,True
0.0,30,105335.442427,False
0.0,30,105384.959605,False
2.7,30,105711.721255,True
3.0,30,105766.558902,True
2.4,30,105815.268057,True
0.0,30,105860.33865,False
0.0,30,105908.489017,False
0.0,30,105958.107514,False
2.5,30,106004.673926,True
0.0,30,106050.591666,False
0.0,30,106097.668052,False
0.0,30,106147.83625,False
1.2,30,106189.172125,True
2.5,30,106233.464589,True
0.0,30,106283.980136,False
0.0,30,106324.935383,False
2.8,30,106370.581403,True
2.3,30,106416.667508,True
2.5,30,106462.260896,True
2.8,30,106510.382367,True
0.0,30,106556.041391,False
0.0,30,106606.142164,False
0.0,30,106649.558535,False
3.0,30,106712.513825,True
0.0,30,106755.507294,False
3.0,30,106802.243736,True
0.0,30,106849.10414,False
2.7,30,106897.672911,True
3.0,30,106943.907924,True
0.0,30,106992.167447,False
2.8,30,107043.916425,True
2.4,30,107086.84963,True
1.5,30,107132.181743,True
2.3,30,107184.050491,True
0.0,30,107230.438025,False
0.0,30,107271.768004,False
2.6,30,107575.59047,True
2.6,30,107621.802752,True
0.0,30,107672.331074,False
0.0,30,107723.016453,False
2.0,30,107765.956906,False
0.6,30,107811.420251,True
2.6,30,107864.442149,True
0.0,30,107912.242925,False
0.0,30,107955.5074,False
2.9,30,108001.728848,True
2.4,30,108049.738722,True
0.0,30,108095.436423,False
2.2,30,108141.748766,True
2.6,30,108184.906674,True
0.0,30,108228.769619,False
0.0,30,108276.128482,False
1.9,30,108323.021908,True
2.6,30,108370.88972,True
2.9,30,108419.093574,True
0.0,30,108462.319518,False
0.0,30,108513.326401,False
0.0,30,108558.772822,False
0.0,30,108606.687273,False
1.9,30,108650.299312,True
1.9,30,108697.586896,True
2.2,30,108742.496505,True
0.0,30,108792.787439,False
2.7,30,108839.663932,True
2.6,30,108894.7949,True
0.0,30,108945.08457,False
2.8,30,108993.376383,True
0.0,30,109034.915379,False
0.0,30,109076.850535,False
2.9,30,109124.749724,True
2.7,30,109172.685896,True
0.0,30,109492.099911,False
2.7,30,109539.585675,True
2.8,30,109580.421795,True
0.0,30,109633.087197,False
1.9,30,109679.501572,True
0.0,30,109730.433668,False
0.0,30,109783.139371,False
2.5,30,109840.846302,True
0.0,30,109887.391136,False
0.0,30,109938.649113,False
2.8,30,109986.843922,True
2.5,30,110038.591747,True
0.0,30,110083.66625,False
2.7,30,110128.775927,True
0.0,30,110184.948548,False
0.0,30,110233.901696,False
2.6,30,110278.542698,True
0.0,30,110326.693276,False
1.0,30,110370.783046,True
0.0,30,110416.431512,False
3.0,30,110464.21303,True
2.6,30,110504.703861,True
0.0,30,110548.264606,False
0.0,30,110597.88063,False
2.8,30,110640.977809,True
2.6,30,110687.483738,True
2.7,30,110741.528536,True
2.8,30,110791.207346,True
2.8,30,110839.660953,True
0.0,30,110888.433476,False
0.0,30,110933.071002,False
0.0,30,110991.125472,False
0.0,30,111038.959593,False
0.0,30,111089.758417,False
0.0,30,111435.144906,False
0.0,30,111486.587746,False
0.0,30,111531.015832,False
0.0,30,111575.121792,False
0.0,30,111619.521691,False
0.0,30,111662.75942,False
0.0,30,111706.36482,False
0.0,30,111753.008977,False
0.0,30,111799.084981,False
0.0,30,111838.629231,False
2.3,30,111888.309329,True
2.2,30,111933.811958,True
2.6,30,111980.282087,True
0.0,30,112025.469487,False
0.0,30,112070.452382,False
0.0,30,112124.456871,False
0.0,30,112167.739188,False
2.4,30,112217.092133,True
2.3,30,112263.68189,True
0.0,30,112305.193057,False
2.8,30,112352.130459,True
2.7,30,112396.408452,True
0.0,30,112445.233481,False
0.0,30,112488.35215,False
2.4,30,112534.300739,True
0.0,30,112584.28057,False
0.0,30,112630.459106,False
0.0,30,112679.941739,False
2.9,30,112728.47193,True
0.0,30,112778.180296,False
0.0,30,112819.922894,False
0.0,30,112860.535096,False
2.8,30,112906.320659,True
0.0,30,112955.162067,False
0.0,30,113291.291969,False
0.0,30,113338.231798,False
0.0,30,113387.858443,False
0.7,30,113435.139441,False
0.0,30,113483.089335,False
2.6,30,113527.236838,True
0.0,30,113577.935974,False
2.8,30,113623.22325,True
0.0,30,113670.614033,False
0.0,30,113717.449281,False
0.0,30,113768.33788,False
0.0,30,113819.376112,False
2.1,30,113863.638918,True
0.0,30,113913.852338,False
0.0,30,113963.849176,False
2.8,30,114017.303706,True
0.0,30,114066.336269,False
0.0,30,114114.055216,False
0.0,30,114157.855353,False
0.0,30,114202.833909,False
3.0,30,114258.824051,True
0.0,30,114306.26827,False
0.0,30,114356.125219,False
0.0,30,114404.209838,False
2.7,30,114452.994198,True
2.8,30,114498.902965,True
0.0,30,114547.083063,False
2.5,30,114596.084172,True
0.0,30,114646.240843,False
0.0,30,114701.328472,False
0.0,30,114750.402272,False
0.0,30,114805.531397,False
0.0,30,114855.114017,False
2.3,30,114904.500743,True
2.8,30,115215.603627,True
0.0,30,115266.737411,False
1.0,30,115311.990781,True
2.6,30,115355.365946,True
0.0,30,115404.919792,False
0.9,30,115451.268712,True
0.0,30,115500.488525,False
0.0,30,115544.567483,False
0.0,30,115593.223156,False
0.0,30,115641.636029,False
0.0,30,115688.350859,False
0.0,30,115738.353693,False
0.0,30,115785.324824,False
1.9,30,115834.021646,True
0.0,30,115882.462495,False
2.4,30,115926.450999,True
0.0,30,115986.096256,False
2.8,30,116033.943235,True
1.6,30,116085.25325,True
2.4,30,116130.946338,True
0.0,30,116178.171573,False
0.0,30,116230.11031,False
0.0,30,116273.90658,False
2.5,30,116320.974548,True
0.0,30,116367.598076,False
2.7,30,116415.154384,True
2.8,30,116463.355471,True
0.0,30,116506.37886,False
2.9,30,116551.135253,True
0.0,30,116599.048208,False
2.8,30,116649.398096,True
0.0,30,116695.792158,False
2.7,30,116746.743036,True
2.6,30,116790.763771,True
0.0,30,117121.403604,False
2.2,30,117172.072976,True
2.5,30,117218.966077,True
2.0,30,117273.176402,True
2.7,30,117320.732659,True
0.0,30,117374.152632,False
2.6,30,117419.658952,True
2.6,30,117467.685986,True
0.0,30,117518.382057,False
2.5,30,117570.821012,True
0.0,30,117647.574147,False
2.5,30,117691.788399,True
2.8,30,117760.100462,True
0.0,30,117807.345102,False
0.2,30,117855.183879,True
2.7,30,117900.928443,True
2.7,30,117947.174489,True
2.7,30,117994.983023,True
0.0,30,118043.991315,False
0.0,30,118096.547873,False
0.0,30,118152.432548,False
1.4,30,118204.355209,True
1.4,30,118251.325072,True
2.7,30,118298.497647,True
0.0,30,118350.834745,False
0.0,30,118403.879636,False
3.0,30,118448.116851,True
0.0,30,118494.191975,False
2.4,30,118550.162587,True
0.0,30,118598.231254,False
0.0,30,118643.726339,False
3.0,30,118687.804871,True
2.8,30,118733.191878,True
0.0,30,118783.330508,False
2.9,30,119141.834591,True
0.0,30,119187.976879,False
0.0,30,119235.669596,False
1.5,30,119285.889697,True
3.0,30,119333.983674,True
1.3,30,119381.302753,True
0.0,30,119425.656454,False
2.6,30,119470.948191,True
0.4,30,119519.462086,False
0.0,30,119566.108526,False
2.9,30,119606.689568,True
0.0,30,119650.398452,False
0.0,30,119698.394197,False
3.0,30,119747.75561,True
2.3,30,119795.199703,True
0.0,30,119853.965334,False
0.0,30,119904.968929,False
0.0,30,119953.722397,False
2.4,30,120000.352833,True
2.9,30,120051.320865,True
0.0,30,120098.693832,False
2.5,30,120146.560436,True
0.0,30,120193.525343,False
0.0,30,120246.789875,False
0.0,30,120293.607143,False
2.9,30,120343.317935,True
0.0,30,120390.366664,False
0.0,30,120438.265335,False
0.0,30,120480.724658,False
2.4,30,120526.69707,True
0.0,30,120575.549845,False
0.0,30,120617.134659,False
0.0,30,120663.367543,False
1.3,30,120710.652907,True
1.9,30,121049.390056,True
2.4,30,121095.827047,True
2.4,30,121143.812982,True
0.0,30,121191.434317,False
2.1,30,121238.24386,True
0.0,30,121300.96417,False
3.0,30,121348.76108,True
0.3,30,121405.889506,True
2.3,30,121452.148427,True
2.2,30,121507.193686,True
2.7,30,121555.676835,True
0.0,30,121601.892028,False
0.0,30,121649.946657,False
0.3,30,121693.054484,False
2.6,30,121738.962673,True
0.0,30,121785.973318,False
0.0,30,121836.71407,False
2.7,30,121894.232193,True
0.0,30,121944.282562,False
1.9,30,121992.542797,True
2.4,30,122044.915555,True
2.9,30,122088.511305,True
0.0,30,122136.414509,False
2.6,30,122184.684681,True
0.0,30,122237.240233,False
0.0,30,122281.377003,False
0.0,30,122326.687149,False
0.0,30,122377.035264,False
1.0,30,122426.000317,True
2.9,30,122475.599528,True
2.6,30,122536.218714,True
2.0,30,122582.741889,True
2.7,30,122627.029457,True
0.0,30,122676.341675,False
0.0,30,122719.929492,False
2.7,30,123052.785948,True
0.0,30,123101.023703,False
0.0,30,123149.048959,False
2.6,30,123196.575828,True
0.0,30,123243.200304,False
2.7,30,123286.322456,True
0.0,30,123336.457794,False
1.6,30,123386.273311,True
0.0,30,123437.785228,False
2.7,30,123488.775443,True
0.0,30,123538.878946,False
0.0,30,123585.000691,False
2.4,30,123630.922133,True
0.0,30,123678.58481,False
3.0,30,123722.293973,True
0.0,30,123765.974037,False
0.0,30,123815.909665,False
0.0,30,123861.844131,False
0.0,30,123907.073499,False
0.0,30,123952.712041,False
0.0,30,124005.935103,False
0.0,30,124054.612441,False
0.0,30,124101.185182,False
0.0,30,124150.341884,False
2.5,30,124198.371551,True
2.8,30,124247.23753,True
2.9,30,124299.073124,True
2.6,30,124346.442172,True
2.2,30,124391.443368,True
0.0,30,124440.997463,False
0.0,30,124486.251661,False
0.0,30,124538.829533,False
2.9,30,124592.945654,True
0.0,30,124641.786931,False
2.9,30,124977.360731,True
0.0,30,125018.609337,False
0.0,30,125070.796739,False
2.4,30,125123.541745,True
0.0,30,125173.723749,False
0.0,30,125220.674293,False
0.0,30,125280.213545,False
2.6,30,125325.772834,True
2.2,30,125370.863215,True
0.0,30,125418.106779,False
2.1,30,125471.648504,True
2.6,30,125519.864723,True
2.8,30,125575.701105,True
0.0,30,125625.466358,False
0.0,30,125672.47977,False
0.0,30,125727.629745,False
0.0,30,125779.061198,False
1.6,30,125828.742594,False
0.0,30,125879.032734,False
2.1,30,125928.691269,True
0.0,30,125976.875619,False
2.8,30,126021.413805,True
0.0,30,126067.150724,False
0.0,30,126113.807095,False
0.0,30,126161.302288,False
0.0,30,126210.752863,False
0.1,30,126263.378524,True
2.5,30,126310.282147,True
0.0,30,126360.283415,False
0.0,30,126414.332582,False
0.0,30,126476.806672,False
0.0,30,126540.827543,False
0.0,30,126590.089928,False
3.0,30,126633.418546,True
2.7,30,126972.650483,True
0.0,30,127020.141832,False
2.7,30,127072.235579,True
0.0,30,127116.899926,False
0.0,30,127161.033654,False
0.0,30,127206.973065,False
0.0,30,127255.818616,False
0.0,30,127304.248554,False
2.6,30,127350.227346,True
0.0,30,127401.47824,False
0.0,30,127447.233957,False
0.0,30,127492.653839,False
0.0,30,127543.237167,False
2.9,30,127594.33129,True
2.6,30,127636.875259,True
0.0,30,127681.961454,False
0.0,30,127725.225571,False
0.0,30,127765.921815,False
1.7,30,127807.728915,True
0.0,30,127871.115793,False
0.0,30,127922.374157,False
2.7,30,127967.678844,True
0.0,30,128012.64014,False
0.0,30,128062.806618,False
0.0,30,128112.385378,False
0.0,30,128153.018717,False
2.8,30,128194.647375,True
0.9,30,128241.813475,True
2.7,30,128293.006776,True
2.1,30,128340.529049,True
2.6,30,128398.001026,True
2.6,30,128448.572537,True
0.0,30,128494.093189,False
0.0,30,128550.386881,False
2.7,30,128909.540051,True
0.0,30,128954.692193,False
0.0,30,128998.153889,False
0.0,30,129039.037133,False
2.1,30,129082.354886,True
0.0,30,129126.280527,False
2.8,30,129169.353605,True
2.5,30,129220.523357,True
2.6,30,129265.718083,True
3.0,30,129312.974924,True
0.0,30,129357.01166,False
0.0,30,129409.460195,False
0.0,30,129456.819761,False
0.0,30,129504.200723,False
2.7,30,129553.048351,True
0.0,30,129601.066086,False
0.7,30,129645.492716,True
0.0,30,129698.167497,False
0.0,30,129747.12667,False
0.0,30,129797.545242,False
2.3,30,129843.695019,True
1.5,30,129893.934722,True
0.0,30,129945.091676,False
2.7,30,129990.954494,True
0.0,30,130037.920423,False
0.0,30,130088.337644,False
0.0,30,130135.0388,False
0.0,30,130175.629377,False
0.0,30,130223.838434,False
0.0,30,130275.472241,False
1.6,30,130320.104978,True
2.2,30,130369.606192,True
0.0,30,130417.732867,False
0.0,30,130467.903697,False
0.0,30,130801.999722,False
2.6,30,130849.11601,True
2.2,30,130905.295889,True
2.5,30,130958.541195,True
2.7,30,130999.811264,True
2.4,30,131048.226901,True
2.5,30,131093.959219,True
2.7,30,131143.284482,True
2.9,30,131194.031584,True
0.0,30,131245.097769,False
2.7,30,131297.691086,True
0.0,30,131342.182441,False
2.9,30,131390.762507,True
2.3,30,131436.148357,True
2.4,30,131482.496028,True
0.0,30,131530.77293,False
2.7,30,131576.467582,True
0.0,30,131622.834629,False
0.0,30,131668.001545,False
0.0,30,131714.734643,False
2.7,30,131758.62696,True
0.0,30,131817.035844,False
0.5,30,131864.373582,False
0.0,30,131907.692753,False
1.2,30,131951.911672,True
1.6,30,132001.810013,True
2.9,30,132052.329185,True
1.8,30,132106.659994,True
0.0,30,132156.445497,False
2.1,30,132201.036768,True
0.0,30,132253.035282,False
0.0,30,132295.143075,False
2.1,30,132341.841495,True
2.7,30,132389.951815,True
0.1,30,132747.984877,True
0.0,30,132792.105883,False
2.6,30,132839.089231,True
0.0,30,132889.287102,False
2.6,30,132936.025204,True
3.0,30,132991.606219,True
0.0,30,133040.816296,False
0.0,30,133088.654474,False
0.0,30,133133.185956,False
1.9,30,133174.775678,True
0.0,30,133227.314309,False
0.0,30,133275.20955,False
2.6,30,133321.948158,True
2.9,30,133363.586459,True
0.0,30,133409.595557,False
0.0,30,133453.976389,False
2.5,30,133498.048122,True
0.0,30,133556.024986,False
1.7,30,133603.366654,True
0.0,30,133654.282019,False
0.0,30,133699.811467,False
2.0,30,133747.618897,True
0.0,30,133797.703184,False
0.0,30,133843.931358,False
2.7,30,133891.633264,True
0.0,30,133943.416831,False
0.0,30,133990.214418,False
1.8,30,134038.068901,True
2.6,30,134090.439434,True
0.0,30,134140.553007,False
2.8,30,134186.514209,True
0.0,30,134233.813921,False
0.0,30,134281.93815,False
1.1,30,134340.774511,True
0.0,30,134675.886394,False
0.0,30,134722.570597,False
0.3,30,134771.843175,True
0.0,30,134816.666976,False
1.1,30,134867.496505,False
3.0,30,134919.148106,True
1.3,30,134970.128536,True
2.8,30,135014.834306,True
2.8,30,135059.822149,True
1.2,30,135105.830188,False
0.0,30,135153.016126,False
2.7,30,135202.570964,True
3.0,30,135251.357092,True
2.7,30,135299.710029,True
0.0,30,135342.067431,False
2.9,30,135391.68372,True
0.0,30,135440.073011,False
0.0,30,135484.816126,False
0.0,30,135533.556984,False
0.0,30,135581.236866,False
0.0,30,135626.166525,False
0.0,30,135677.005707,False
2.7,30,135727.064521,True
2.6,30,135776.848315,True
1.8,30,135828.482034,True
0.0,30,135886.285852,False
0.0,30,135934.851496,False
2.3,30,135981.628086,True
0.0,30,136025.102548,False
2.8,30,136070.043779,True
3.0,30,136116.925278,True
0.0,30,136162.417569,False
2.7,30,136213.547498,True
1.9,30,136262.438385,True
0.0,30,136576.687932,False
2.6,30,136625.97219,True
0.0,30,136674.945219,False
0.0,30,136721.375089,False
2.7,30,136766.266605,True
2.0,30,136815.00335,True
2.7,30,136870.220568,True
2.6,30,136912.372792,True
3.0,30,136960.871466,True
2.8,30,137002.383369,True
2.5,30,137049.326028,True
0.0,30,137103.069332,False
2.4,30,137154.405569,True
0.0,30,137202.919765,False
2.3,30,137244.694466,True
0.0,30,137295.625578,False
0.0,30,137342.994053,False
2.8,30,137390.457397,True
0.0,30,137436.990256,False
1.6,30,137483.729652,True
3.0,30,137535.30119,True
2.7,30,137587.430302,True
0.0,30,137636.345973,False
2.4,30,137689.326048,True
2.7,30,137734.524271,True
2.6,30,137780.193394,True
0.0,30,137827.091031,False
2.8,30,137875.684538,True
0.0,30,137926.328542,False
0.0,30,137981.895977,False
2.3,30,138029.409717,True
0.0,30,138073.051286,False
2.8,30,138124.978152,True
0.0,30,138178.313673,False
2.8,30,138225.9387,True
0.0,30,138576.351123,False
2.1,30,138625.596697,True
2.6,30,138673.437576,True
2.6,30,138717.954733,True
2.7,30,138769.870079,True
2.9,30,138816.446839,False
0.0,30,138863.976609,False
0.0,30,138916.98456,False
2.5,30,138964.070618,True
1.4,30,139002.771247,True
2.8,30,139048.937994,True
0.0,30,139102.394836,False
0.0,30,139152.795706,False
0.0,30,139198.417053,False
0.0,30,139247.629746,False
2.1,30,139292.15152,True
0.0,30,139338.763555,False
2.9,30,139385.893364,True
2.4,30,139430.375304,True
2.3,30,139477.09359,True
1.9,30,139525.541911,True
2.8,30,139575.31743,True
0.1,30,139636.335931,False
2.8,30,139682.517687,True
2.6,30,139727.806404,True
0.0,30,139775.769668,False
2.7,30,139822.995867,True
2.9,30,139869.337732,True
2.1,30,139916.780978,False
0.0,30,139959.124439,False
1.9,30,140001.991253,True
2.6,30,140048.552211,True
2.6,30,140093.05294,True
0.0,30,140141.775687,False
0.0,30,140480.769019,False
2.2,30,140529.821696,True
0.0,30,140580.079084,False
2.9,30,140632.351348,True
0.0,30,140684.37771,False
2.5,30,140734.668341,True
0.0,30,140789.637458,False
0.0,30,140838.969238,False
0.0,30,140888.609315,False
2.5,30,140940.02174,True
2.7,30,140985.046039,True
0.0,30,141034.156348,False
0.0,30,141079.408115,False
0.1,30,141128.662236,True
2.6,30,141179.278906,True
0.0,30,141229.264153,False
0.0,30,141275.574856,False
3.0,30,141326.71624,True
2.5,30,141374.194551,True
0.0,30,141420.173243,False
2.6,30,141465.464454,True
0.0,30,141509.848887,False
2.6,30,141553.393179,True
0.0,30,141597.150813,False
0.0,30,141641.594021,False
0.0,30,141688.268094,False
0.0,30,141735.79135,False
0.0,30,141780.362245,False
0.0,30,141829.51264,False
0.0,30,141874.796056,False
2.3,30,141921.300847,True
0.0,30,141969.670037,False
0.0,30,142014.136372,False
0.0,30,142061.871143,False
0.0,30,142461.109589,False
0.0,30,142504.863549,False
2.8,30,142549.824333,True
0.0,30,142594.652869,False
0.0,30,142643.156571,False
2.7,30,142702.045996,True
2.4,30,142747.644425,True
2.9,30,142795.630793,True
0.0,30,142848.38348,False
0.0,30,142895.028085,False
0.0,30,142945.018155,False
2.1,30,142991.780229,True
3.0,30,143033.300427,True
0.0,30,143079.009273,False
2.4,30,143126.083682,True
0.0,30,143176.261837,False
0.0,30,143224.346005,False
0.0,30,143275.514802,False
2.1,30,143321.307146,True
1.4,30,143371.236915,True
2.6,30,143421.973957,True
0.6,30,143466.060119,True
2.1,30,143526.719497,True
0.0,30,143578.793777,False
0.0,30,143625.370562,False
2.5,30,143679.638178,True
1.9,30,143730.115867,True
2.7,30,143780.664969,True
2.2,30,143831.501428,True
0.0,30,143891.07915,False
2.8,30,143936.057786,True
2.7,30,143983.932194,True
3.0,30,144028.101328,True
0.0,30,144079.193459,False
0.0,30,144421.267015,False
0.0,30,144465.77645,False
0.0,30,144516.100434,False
2.6,30,144559.52566,True
2.8,30,144607.495481,True
0.0,30,144652.130226,False
0.0,30,144697.41493,False
0.0,30,144745.296494,False
2.7,30,144795.814226,True
2.5,30,144848.331278,True
2.9,30,144894.108469,True
0.0,30,144941.60897,False
0.0,30,145001.225369,False
0.0,30,145051.620977,False
0.0,30,145097.388581,False
0.0,30,145147.818922,False
0.0,30,145199.055848,False
3.0,30,145251.990065,True
2.8,30,145303.982051,True
2.2,30,145355.975738,True
2.7,30,145405.429893,True
2.6,30,145455.719872,True
0.0,30,145507.740074,False
0.0,30,145558.22541,False
2.2,30,145605.595516,True
0.0,30,145653.774092,False
3.0,30,145704.859711,True
2.6,30,145752.786457,True
0.0,30,145796.785166,False
0.0,30,145840.846,False
0.0,30,145887.499248,False
0.0,30,145934.25242,False
2.4,30,145985.415839,True
0.0,30,146031.471283,False
0.0,30,146361.603344,False
0.0,30,146415.69075,False
0.0,30,146465.526631,False
0.0,30,146509.097728,False
2.7,30,146557.165637,True
3.0,30,146598.795311,True
2.6,30,146640.236668,True
0.0,30,146693.410623,False
0.0,30,146743.02563,False
2.5,30,146792.103654,True
0.0,30,146840.05774,False
0.0,30,146884.141252,False
0.6,30,146926.63569,False
2.5,30,146973.093503,True
2.9,30,147022.393753,True
2.2,30,147070.090336,True
1.8,30,147121.441782,True
2.6,30,147169.943353,True
0.0,30,147218.399076,False
2.6,30,147263.821278,True
0.0,30,147311.622913,False
2.9,30,147356.058197,True
0.0,30,147399.528713,False
0.0,30,147439.238138,False
2.5,30,147479.395791,True
0.0,30,147522.456514,False
1.2,30,147568.051133,False
0.8,30,147612.163276,True
2.8,30,147673.006385,True
2.5,30,147728.155602,True
2.9,30,147775.871734,True
0.0,30,147822.057407,False
0.0,30,147867.537914,False
2.8,30,147917.249157,True
0.0,30,148245.043516,False
0.0,30,148287.181123,False
1.3,30,148332.008241,True
2.8,30,148375.020947,True
2.8,30,148423.979389,True
2.2,30,148472.881869,True
0.0,30,148519.297278,False
2.8,30,148567.96638,True
0.0,30,148616.349494,False
0.0,30,148662.573134,False
0.0,30,148712.282946,False
2.7,30,148762.146391,True
2.7,30,148808.519017,True
1.8,30,148853.607476,True
0.0,30,148900.132357,False
2.9,30,148950.01216,True
2.3,30,149002.825377,True
2.3,30,149049.538289,True
3.0,30,149094.601652,True
0.0,30,149143.103744,False
2.7,30,149191.028617,True
2.6,30,149234.784197,True
0.0,30,149282.887583,False
0.0,30,149328.862051,False
2.8,30,149373.32967,True
2.7,30,149421.63301,True
0.0,30,149469.401132,False
1.9,30,149514.592521,True
2.3,30,149569.085555,True
1.5,30,149613.995634,True
2.8,30,149664.543079,True
2.0,30,149710.700857,True
0.0,30,149755.110801,False
1.6,30,149801.122786,True
1.8,30,150131.294733,True
1.8,30,150181.031484,True
0.0,30,150222.553727,False
2.9,30,150269.735792,True
0.0,30,150317.060378,False
0.0,30,150371.704525,False
2.3,30,150416.342972,True
0.0,30,150460.557365,False
0.0,30,150508.513915,False
2.8,30,150560.083216,True
0.0,30,150605.412791,False
3.0,30,150649.029723,True
0.0,30,150690.579844,False
0.0,30,150734.919227,False
2.6,30,150782.854327,True
0.0,30,150847.789681,False
0.0,30,150890.985873,False
0.0,30,150940.383415,False
2.8,30,150986.929762,True
0.0,30,151031.183889,False
2.6,30,151076.323266,True
2.2,30,151125.353857,True
0.0,30,151169.343349,False
0.0,30,151211.608343,False
2.7,30,151259.040646,True
0.0,30,151312.010245,False
2.9,30,151360.609549,True
2.5,30,151403.066094,True
0.0,30,151449.928482,False
2.7,30,151498.606421,True
2.5,30,151541.433409,True
2.4,30,151586.936125,True
0.0,30,151634.323991,False
0.0,30,151680.759513,False
0.0,30,151727.429487,False
0.0,30,152043.896079,False
2.2,30,152107.273639,True
0.0,30,152154.807256,False
2.6,30,152204.271513,True
2.4,30,152252.826528,True
0.0,30,152302.003513,False
0.0,30,152347.398305,False
2.9,30,152394.688414,True
0.0,30,152450.900151,False
0.0,30,152498.865846,False
2.6,30,152549.876355,True
0.0,30,152595.956143,False
0.0,30,152643.482542,False
0.0,30,152691.615288,False
2.1,30,152735.909379,True
0.0,30,152782.992202,False
1.1,30,152828.132191,True
2.5,30,152880.655669,True
3.0,30,152927.051042,True
2.6,30,152972.228532,True
2.3,30,153015.942455,True
0.0,30,153055.691332,False
0.0,30,153151.485282,False
2.4,30,153200.567228,True
0.0,30,153243.918858,False
1.8,30,153290.602296,True
2.7,30,153339.10446,True
1.4,30,153385.443005,True
0.0,30,153434.502902,False
0.0,30,153491.156537,False
0.0,30,153539.566602,False
2.7,30,153593.161875,True
2.9,30,153636.820598,True
0.0,30,153680.922941,False
2.6,30,154015.863705,True
2.6,30,154062.313665,True
2.5,30,154108.629394,True
2.5,30,154150.21981,True
2.9,30,154200.149907,True
0.0,30,154255.286379,False
0.0,30,154305.485114,False
0.0,30,154352.673281,False
0.0,30,154398.987617,False
0.0,30,154451.225934,False
0.0,30,154502.55437,False
2.5,30,154545.702483,True
3.0,30,154599.633732,True
0.2,30,154647.697045,True
2.7,30,154695.584442,True
0.0,30,154738.031649,False
0.0,30,154781.05817,False
0.0,30,154827.637376,False
0.0,30,154871.204721,False
2.7,30,154913.042589,True
1.6,30,154980.182153,True
0.0,30,155026.874018,False
0.0,30,155072.701683,False
0.0,30,155121.15298,False
2.2,30,155167.049121,False
0.0,30,155212.559578,False
2.8,30,155270.642887,True
1.5,30,155319.213625,True
2.3,30,155362.814452,True
0.0,30,155403.700034,False
1.7,30,155447.691072,True
2.6,30,155491.433993,True
0.0,30,155537.751664,False
2.8,30,155587.271897,True
2.6,30,155930.632191,True
0.0,30,155974.071562,False
0.0,30,156019.347198,False
1.6,30,156062.913458,True
0.0,30,156109.130776,False
0.0,30,156160.981782,False
1.3,30,156218.825244,True
0.0,30,156279.937043,False
1.9,30,156326.551401,True
0.0,30,156376.381137,False
0.0,30,156432.178121,False
0.0,30,156474.896981,False
1.3,30,156528.185544,True
0.0,30,156576.486376,False
0.0,30,156626.184717,False
0.0,30,156677.468503,False
2.3,30,156718.938507,True
0.0,30,156766.719559,False
2.6,30,156818.80958,True
2.5,30,156862.353786,True
0.0,30,156906.894461,False
2.7,30,156955.242651,True
2.5,30,157003.239564,True
0.0,30,157051.528617,False
2.7,30,157115.377824,True
0.0,30,157160.691089,False
2.5,30,157204.846593,True
1.5,30,157250.953864,True
2.7,30,157297.509268,True
2.5,30,157347.833128,True
2.6,30,157395.13444,True
2.7,30,157443.567855,True
2.3,30,157490.916698,True
2.3,30,157535.548949,True
0.0,30,157900.752889,False
2.6,30,157949.515285,True
0.0,30,157996.617758,False
2.7,30,158057.799957,True
0.0,30,158101.538978,False
2.4,30,158145.484938,True
0.0,30,158194.707925,False
0.0,30,158244.635775,False
0.3,30,158291.7967,True
2.6,30,158339.509976,True
0.0,30,158392.346564,False
2.6,30,158437.435969,True
2.8,30,158481.881188,True
0.0,30,158526.094666,False
0.0,30,158571.498885,False
1.6,30,158612.176635,True
2.7,30,158660.162458,True
0.0,30,158707.783622,False
0.0,30,158761.392304,False
2.8,30,158815.683137,True
2.3,30,158859.901667,True
2.8,30,158906.28721,True
2.8,30,158952.991009,True
0.0,30,159002.059288,False
0.0,30,159048.504869,False
2.6,30,159098.561715,True
0.0,30,159146.766616,False
2.5,30,159186.781167,True
0.0,30,159235.863512,False
0.0,30,159285.713338,False
2.6,30,159329.073756,True
0.0,30,159376.691072,False
0.0,30,159424.047435,False
2.8,30,159470.247914,True
0.0,30,159822.761839,False
0.0,30,159866.536696,False
2.3,30,159914.534046,True
0.0,30,159977.446351,False
2.8,30,160038.128817,True
0.7,30,160087.425277,True
0.0,30,160133.029085,False
2.9,30,160179.053524,True
0.4,30,160226.908607,True
2.8,30,160279.67702,True
2.2,30,160322.138678,True
0.0,30,160366.078324,False
0.0,30,160416.68683,False
2.5,30,160464.40999,True
1.6,30,160512.379131,True
0.0,30,160553.813359,False
0.0,30,160602.39326,False
0.0,30,160648.181972,False
0.0,30,160696.271135,False
1.2,30,160752.644855,False
0.0,30,160800.951776,False
2.7,30,160850.926257,True
0.0,30,160897.481438,False
0.0,30,160945.577029,False
0.0,30,160990.202644,False
0.0,30,161037.10044,False
0.0,30,161096.875151,False
3.0,30,161139.784926,True
2.3,30,161188.724412,True
0.0,30,161235.503848,False
2.1,30,161292.982279,True
1.6,30,161334.822942,True
0.0,30,161376.084316,False
0.0,30,161448.799089,False
0.0,30,161752.338202,False
2.6,30,161799.872639,True
1.6,30,161848.521822,True
0.0,30,161893.430638,False
2.2,30,161942.322053,True
0.0,30,161991.015534,False
0.7,30,162036.318733,True
1.9,30,162084.50136,True
0.0,30,162132.518409,False
2.7,30,162179.541453,True
0.0,30,162237.871649,False
2.4,30,162288.395214,True
0.0,30,162331.320518,False
0.0,30,162382.941539,False
2.1,30,162430.042712,True
2.4,30,162475.615574,True
0.0,30,162521.368289,False
2.6,30,162569.408701,True
0.0,30,162619.013292,False
0.0,30,162664.747771,False
2.8,30,162715.48523,True
0.0,30,162764.19893,False
0.0,30,162811.808466,False
0.0,30,162857.405594,False
0.0,30,162907.614873,False
2.4,30,162957.584329,True
2.7,30,163000.556074,True
0.0,30,163057.16107,False
0.0,30,163102.135618,False
2.6,30,163148.641197,True
0.0,30,163196.433627,False
0.6,30,163240.977775,True
2.6,30,163286.568941,True
0.0,30,163334.587965,False
2.3,30,163650.918178,True
2.5,30,163695.352962,True
0.0,30,163737.781685,False
2.8,30,163785.891603,True
2.3,30,163831.973031,True
0.0,30,163880.195064,False
2.6,30,163928.980009,True
2.6,30,163979.051944,True
2.6,30,164021.210791,True
0.0,30,164065.433415,False
0.0,30,164116.286653,False
2.2,30,164165.014479,True
0.0,30,164216.178944,False
0.0,30,164263.421042,False
0.0,30,164308.327568,False
0.0,30,164352.739164,False
2.6,30,164402.666353,True
2.6,30,164452.098832,True
0.0,30,164496.193674,False
1.7,30,164546.280829,True
0.0,30,164597.414398,False
2.7,30,164643.578523,True
1.8,30,164696.279472,True
2.6,30,164744.690406,True
0.0,30,164791.181394,False
0.0,30,164842.59838,False
0.0,30,164893.312754,False
1.8,30,164948.4131,True
2.3,30,164995.826367,True
0.0,30,165047.96154,False
0.0,30,165090.880287,False
2.1,30,165135.212732,True
2.5,30,165181.323721,True
0.1,30,165234.227819,True
2.7,30,165539.012942,True
0.0,30,165584.64819,False
0.0,30,165628.680108,False
0.0,30,165672.325758,False
2.8,30,165719.788281,True
0.0,30,165774.521318,False
0.0,30,165821.1269,False
0.0,30,165875.905025,False
2.5,30,165921.043913,True
0.0,30,165966.627526,False
2.6,30,166014.42537,True
2.7,30,166070.984292,True
0.0,30,166116.532949,False
0.7,30,166163.13886,True
2.4,30,166216.720685,True
2.6,30,166269.855548,True
2.9,30,166318.837535,True
2.6,30,166365.681611,True
0.0,30,166417.769106,False
2.0,30,166469.248963,True
2.4,30,166517.748405,True
2.7,30,166562.198943,True
0.0,30,166609.161772,False
1.8,30,166657.713803,True
0.0,30,166704.593818,False
2.5,30,166749.325531,True
0.0,30,166793.769567,False
1.9,30,166835.591871,True
0.0,30,166880.382548,False
2.3,30,166925.805789,True
0.0,30,166977.203432,False
0.0,30,167021.692241,False
0.0,30,167065.811273,False
0.0,30,167114.627873,False
0.0,30,167158.253374,False
0.0,30,167468.649979,False
2.8,30,167511.504068,True
0.0,30,167556.278707,False
2.8,30,167604.735097,True
2.9,30,167651.214668,True
2.2,30,167698.513465,True
0.0,30,167745.334785,False
2.2,30,167790.156335,True
0.0,30,167831.939689,False
0.0,30,167881.606895,False
2.8,30,167924.845393,True
0.0,30,167964.445746,False
0.0,30,168009.117238,False
2.4,30,168057.851527,True
0.0,30,168105.644433,False
2.8,30,168153.68195,True
2.6,30,168203.01037,True
0.0,30,168249.356481,False
0.0,30,168295.272161,False
0.0,30,168343.306326,False
0.0,30,168387.845295,False
0.0,30,168436.042601,False
0.0,30,168488.033262,False
2.0,30,168531.554675,True
2.8,30,168575.584421,True
0.0,30,168625.348881,False
0.0,30,168668.692372,False
0.0,30,168710.82176,False
0.0,30,168757.037254,False
0.0,30,168806.398479,False
2.8,30,168851.036351,True
2.7,30,168907.095205,True
2.4,30,168948.765426,True
2.4,30,168994.08524,True
2.8,30,169295.026941,True
0.0,30,169343.519611,False
0.0,30,169389.213244,False
0.0,30,169437.355891,False
0.0,30,169479.39879,False
0.0,30,169529.093301,False
0.0,30,169574.804699,False
2.6,30,169623.680091,True
0.0,30,169667.901834,False
0.0,30,169717.731019,False
1.4,30,169765.41468,True
0.0,30,169814.72576,False
0.0,30,169857.779894,False
2.5,30,169903.660141,True
0.0,30,169956.147301,False
2.5,30,170002.973113,True
2.9,30,170046.812035,True
0.0,30,170095.009527,False
2.8,30,170140.428134,True
2.7,30,170185.644976,True
2.8,30,170232.44479,True
2.6,30,170289.467121,True
2.3,30,170337.261957,True
0.0,30,170377.286933,False
2.0,30,170421.662995,True
0.0,30,170470.91493,False
2.7,30,170514.857727,True
2.0,30,170556.097337,True
2.6,30,170603.329932,True
2.4,30,170646.824245,True
0.0,30,170712.721839,False
0.0,30,170763.131421,False
0.0,30,170809.157942,False
0.0,30,170872.421088,False
2.7,30,171160.502065,True
0.0,30,171207.357907,False
0.1,30,171251.471294,True
2.5,30,171295.422324,True
0.0,30,171343.676081,False
0.0,30,171391.975661,False
0.0,30,171436.594182,False
0.0,30,171477.429602,False
0.0,30,171522.801416,False
2.8,30,171564.989711,True
0.0,30,171607.961186,False
2.8,30,171656.953655,True
2.7,30,171704.788776,True
2.8,30,171752.123132,True
2.3,30,171802.617158,False
0.0,30,171849.374898,False
0.0,30,171895.649714,False
2.4,30,171942.856228,True
0.0,30,171995.727166,False
0.0,30,172038.397441,False
1.1,30,172091.898726,True
0.0,30,172140.838946,False
2.7,30,172187.494514,True
2.6,30,172234.594028,True
1.4,30,172289.992864,True
0.0,30,172331.311737,False
0.0,30,172377.918316,False
2.5,30,172424.739751,True
0.0,30,172471.102912,False
2.8,30,172520.880417,True
0.0,30,172577.647402,False
0.0,30,172625.508902,False
0.0,30,172672.788401,False
3.0,30,172717.003524,True
2.4,30,172991.229154,True
0.0,30,173037.196035,False
2.3,30,173084.819826,True
0.2,30,173127.205175,False
2.6,30,173170.663888,True
0.0,30,173221.645274,False
2.6,30,173266.248786,True
2.7,30,173315.222978,True
3.0,30,173359.936204,True
2.7,30,173410.605039,True
2.2,30,173453.497352,True
0.0,30,173506.267524,False
2.8,30,173554.398337,True
2.8,30,173600.631685,True
2.7,30,173646.51597,True
0.0,30,173687.261745,False
2.5,30,173731.599149,True
0.0,30,173774.772116,False
0.0,30,173819.810458,False
0.0,30,173867.145609,False
0.1,30,173903.089172,True
0.0,30,173948.063763,False
1.9,30,173991.502719,True
0.0,30,174045.754183,False
0.0,30,174085.882233,False
0.0,30,174131.714849,False
2.7,30,174177.647889,True
0.0,30,174228.344939,False
2.8,30,174282.729267,True
0.2,30,174325.969973,True
2.5,30,174380.289013,True
2.7,30,174435.332143,True
0.0,30,174486.598537,False
0.0,30,174533.055121,False
2.7,30,174819.820715,True
2.6,30,174865.032821,True
2.6,30,174910.776527,True
1.6,30,174953.115725,False
0.0,30,174997.933579,False
0.0,30,175041.356187,False
0.0,30,175087.428721,False
2.7,30,175133.175702,True
0.0,30,175190.117123,False
2.5,30,175232.219445,True
3.0,30,175278.012925,True
2.6,30,175320.329337,True
2.5,30,175364.283459,True
0.0,30,175409.956803,False
2.6,30,175454.143412,True
2.7,30,175499.601651,True
0.0,30,175542.301548,False
0.0,30,175589.073848,False
0.0,30,175634.689305,False
0.0,30,175680.706988,False
2.1,30,175725.443803,True
0.9,30,175773.226712,True
0.0,30,175816.815428,False
3.0,30,175863.384826,True
0.0,30,175905.303972,False
0.0,30,175949.285147,False
1.4,30,175995.096098,True
0.0,30,176040.264722,False
2.7,30,176090.340209,True
0.0,30,176137.070656,False
0.0,30,176180.507249,False
0.0,30,176217.662989,False
0.0,30,176263.854771,False
1.8,30,176309.778116,True
0.0,30,176582.967279,False
0.0,30,176630.265867,False
0.0,30,176676.478335,False
0.8,30,176724.220971,True
0.0,30,176767.095901,False
0.0,30,176809.109401,False
2.8,30,176858.144774,True
2.1,30,176908.240406,True
0.0,30,176952.693621,False
0.0,30,177010.099944,False
2.7,30,177058.500982,True
0.0,30,177102.721953,False
0.0,30,177145.576882,False
0.0,30,177190.874688,False
1.2,30,177236.735028,True
0.0,30,177285.709769,False
0.0,30,177334.872375,False
2.8,30,177387.680718,True
1.9,30,177434.172653,True
0.0,30,177478.327623,False
0.0,30,177526.733546,False
0.2,30,177576.784911,False
0.0,30,177617.288429,False
0.0,30,177661.089318,False
0.0,30,177701.992111,False
2.5,30,177747.877728,True
0.0,30,177787.321898,False
0.0,30,177829.995497,False
0.0,30,177873.506716,False
1.8,30,177921.302415,True
2.6,30,177966.993658,True
2.8,30,178008.593666,True
0.0,30,178050.720115,False
0.0,30,178092.362649,False
0.0,30,178391.075774,False
0.0,30,178442.622363,False
0.0,30,178492.210021,False
2.4,30,178536.290841,True
0.0,30,178587.636635,False
2.8,30,178626.942788,True
0.0,30,178672.155908,False
0.0,30,178722.965211,False
2.7,30,178783.638886,True
0.0,30,178829.191556,False
2.7,30,178880.983958,True
0.0,30,178924.711552,False
2.9,30,178968.899957,True
2.8,30,179017.585983,True
0.0,30,179061.412954,False
0.0,30,179111.217165,False
0.0,30,179161.892514,False
2.8,30,179203.737423,True
0.0,30,179254.552267,False
2.7,30,179297.502132,True
2.7,30,179338.901824,True
2.5,30,179384.367656,False
2.7,30,179435.403341,True
0.0,30,179482.9845,False
1.7,30,179527.199463,True
0.0,30,179578.252623,False
0.0,30,179626.441667,False
0.0,30,179672.968267,False
0.0,30,179715.742922,False
0.0,30,179763.614124,False
1.9,30,179809.597837,True
3.0,30,179857.371385,True
2.5,30,179906.368101,True
2.3,30,179952.854239,True
0.0,30,180001.41965,False
0.0,30,180359.557759,False
0.0,30,180407.771158,False
2.6,30,180458.598521,True
2.4,30,180503.316445,True
2.7,30,180546.959715,True
0.0,30,180595.185933,False
2.8,30,180642.040686,True
0.0,30,180688.442174,False
2.9,30,180743.891346,True
0.0,30,180790.256925,False
2.2,30,180836.888154,True
0.5,30,180885.179635,False
0.0,30,180930.784098,False
0.0,30,180979.626035,False
1.7,30,181026.904028,True
0.0,30,181075.650984,False
2.6,30,181121.846518,True
0.0,30,181168.784389,False
2.6,30,181209.329572,True
0.0,30,181258.268126,False
0.0,30,181312.130209,False
0.0,30,181356.334179,False
2.6,30,181405.723393,True
2.7,30,181450.935302,True
0.0,30,181498.753003,False
2.4,30,181543.092047,True
0.8,30,181592.579388,True
2.9,30,181634.298237,True
0.0,30,181682.813879,False
2.5,30,181728.521609,True
0.0,30,181772.196095,False
2.0,30,181818.089687,True
1.6,30,181862.518218,True
1.5,30,181908.142902,True
0.0,30,182274.51009,False
2.7,30,182324.460326,True
0.0,30,182373.161809,False
0.0,30,182424.224239,False
0.0,30,182467.917696,False
2.9,30,182508.183439,True
0.0,30,182565.43945,False
0.0,30,182610.202672,False
1.4,30,182660.417497,True
2.8,30,182706.963578,True
2.7,30,182752.12087,True
2.8,30,182796.804527,True
0.0,30,182845.607154,False
3.0,30,182895.492864,True
2.8,30,182941.836139,True
2.3,30,182983.593792,True
0.0,30,183033.348496,False
2.2,30,183078.845121,True
0.0,30,183124.606123,False
1.8,30,183171.922144,True
1.8,30,183215.677529,True
0.0,30,183261.083405,False
3.0,30,183309.538065,True
1.7,30,183355.532501,True
2.9,30,183410.677853,True
0.0,30,183484.986297,False
2.6,30,183530.960063,True
0.0,30,183577.045869,False
0.0,30,183633.93821,False
2.7,30,183686.169538,True
2.8,30,183728.29701,True
0.0,30,183777.557607,False
2.8,30,183822.731664,True
0.0,30,183873.913412,False
0.0,30,184215.09166,False
2.5,30,184255.983752,True
1.6,30,184301.723791,True
2.6,30,184346.609978,True
2.5,30,184390.321177,True
2.7,30,184435.460631,True
2.7,30,184482.901283,True
2.6,30,184527.263725,True
0.0,30,184574.029189,False
0.0,30,184622.435266,False
2.6,30,184671.744235,True
0.3,30,184715.329524,True
2.7,30,184761.034172,True
2.2,30,184802.274542,True
0.0,30,184852.269431,False
0.9,30,184908.75893,True
2.8,30,184959.675599,True
0.0,30,185007.43594,False
0.0,30,185054.06201,False
0.0,30,185099.436105,False
1.4,30,185145.725806,True
2.9,30,185191.502113,True
2.7,30,185251.790108,True
0.0,30,185311.333641,False
0.0,30,185361.761595,False
2.5,30,185405.664364,True
0.0,30,185449.693266,False
2.6,30,185492.723166,True
2.7,30,185533.689267,True
2.7,30,185577.866006,True
0.0,30,185625.840539,False
2.8,30,185671.118353,True
0.0,30,185713.827037,False
0.0,30,185760.174525,False
2.9,30,186138.464924,True
0.0,30,186184.637829,False
0.5,30,186246.146545,True
0.0,30,186292.250957,False
0.0,30,186341.113811,False
2.6,30,186387.073828,True
0.0,30,186435.953434,False
2.1,30,186478.787757,True
0.0,30,186530.627307,False
3.0,30,186584.316895,True
2.8,30,186629.650008,True
0.0,30,186686.223112,False
2.6,30,186737.323712,True
0.0,30,186789.591216,False
2.9,30,186836.116928,True
2.4,30,186880.387653,True
2.9,30,186934.926263,True
1.9,30,186978.238524,True
0.0,30,187024.600642,False
0.0,30,187069.083639,False
0.0,30,187119.246557,False
2.7,30,187163.464761,True
0.0,30,187209.856734,False
0.0,30,187271.866597,False
2.3,30,187319.256549,True
2.7,30,187363.736778,True
0.0,30,187408.886873,False
0.0,30,187458.335693,False
0.0,30,187500.122853,False
2.7,30,187544.205044,True
2.7,30,187588.062138,True
0.0,30,187633.768084,False
1.7,30,187686.247945,True
1.9,30,187732.043443,True
0.9,30,188103.698335,True
0.0,30,188153.469219,False
2.1,30,188200.106983,True
0.0,30,188248.430584,False
2.8,30,188293.793116,True
2.7,30,188336.526757,True
0.0,30,188383.560861,False
0.0,30,188433.438949,False
0.0,30,188481.584792,False
0.0,30,188528.065992,False
0.0,30,188569.915617,False
0.0,30,188620.152562,False
0.0,30,188663.487815,False
0.0,30,188713.860314,False
0.0,30,188762.437693,False
0.0,30,188812.482316,False
0.0,30,188868.799856,False
0.0,30,188914.093107,False
3.0,30,188961.748927,True
0.0,30,189010.815531,False
2.7,30,189065.114404,True
2.5,30,189113.127292,True
2.5,30,189157.319604,True
2.5,30,189208.478445,True
2.6,30,189262.721393,True
0.0,30,189308.652938,False
0.0,30,189353.078482,False
2.3,30,189403.080374,True
2.9,30,189448.945248,True
0.0,30,189495.135548,False
1.4,30,189538.906512,True
0.0,30,189591.333831,False
2.5,30,189637.554788,True
0.0,30,189688.065618,False
0.0,30,190018.701382,False
2.8,30,190063.165656,True
0.0,30,190110.664383,False
0.0,30,190157.78506,False
0.0,30,190205.166231,False
0.0,30,190248.714123,False
0.0,30,190293.165141,False
0.0,30,190339.588839,False
2.7,30,190386.256182,True
0.0,30,190443.529316,False
0.0,30,190490.675671,False
2.5,30,190536.23402,True
1.3,30,190583.091797,True
0.0,30,190629.927437,False
0.0,30,190676.497092,False
2.8,30,190729.186801,True
0.0,30,190780.651005,False
2.5,30,190828.992271,True
1.4,30,190872.83618,True
0.0,30,190921.044746,False
2.0,30,190973.152096,True
0.8,30,191013.758519,True
0.0,30,191062.251966,False
3.0,30,191108.424068,True
0.0,30,191152.711318,False
2.9,30,191200.257948,True
0.0,30,191248.377934,False
2.7,30,191292.220632,True
0.9,30,191353.899086,True
2.8,30,191411.211051,True
1.9,30,191460.807987,True
0.0,30,191507.832688,False
0.0,30,191556.481778,False
2.7,30,191602.355373,True
0.0,30,191946.989528,False
0.0,30,191997.832192,False
0.0,30,192045.52035,False
2.8,30,192092.95849,True
2.3,30,192139.155576,True
0.0,30,192181.056084,False
0.0,30,192227.618051,False
0.0,30,192270.539111,False
0.0,30,192314.551539,False
0.0,30,192358.335226,False
2.8,30,192403.713654,True
0.0,30,192446.0154,False
0.0,30,192490.763839,False
2.7,30,192532.512316,True
0.0,30,192580.284378,False
0.0,30,192628.208805,False
0.0,30,192673.40963,False
0.0,30,192718.289227,False
2.2,30,192769.812571,True
1.7,30,192816.446126,True
0.0,30,192860.225658,False
3.0,30,192901.857554,True
0.0,30,192950.590275,False
2.8,30,193000.954113,True
1.0,30,193049.582002,True
0.0,30,193095.334191,False
2.9,30,193140.824123,True
2.4,30,193187.489835,True
0.0,30,193232.324379,False
0.0,30,193277.136825,False
0.0,30,193321.659425,False
0.0,30,193366.58608,False
2.9,30,193410.520361,True
2.3,30,193474.225938,True
0.0,30,193838.455633,False
0.0,30,193882.216365,False
2.7,30,193930.45639,True
2.9,30,193976.236069,True
2.4,30,194028.959999,True
2.6,30,194081.465137,True
0.0,30,194126.40458,False
0.0,30,194177.211327,False
0.0,30,194224.927184,False
0.0,30,194273.154918,False
0.0,30,194319.72042,False
2.2,30,194364.530407,True
3.0,30,194412.454133,True
0.7,30,194462.850756,True
0.0,30,194512.236258,False
1.6,30,194558.904528,True
0.0,30,194603.96771,False
0.0,30,194654.606262,False
2.5,30,194703.231102,True
2.3,30,194748.362345,True
2.6,30,194794.038557,True
0.0,30,194845.497732,False
0.0,30,194888.547315,False
0.0,30,194934.601932,False
0.0,30,194985.438349,False
2.8,30,195028.4881,True
2.2,30,195070.430183,True
0.0,30,195124.10566,False
0.0,30,195174.176056,False
0.0,30,195221.697052,False
2.7,30,195271.79792,True
0.0,30,195324.182577,False
2.8,30,195379.785198,True
2.7,30,195425.844963,True
0.0,30,195468.55073,False
2.7,30,195815.894453,True
2.3,30,195862.036707,True
0.0,30,195912.297312,False
2.8,30,195965.182596,True
0.0,30,196020.318643,False
0.0,30,196065.93502,False
0.0,30,196112.1037,False
0.0,30,196153.603549,False
2.6,30,196201.95561,True
2.7,30,196248.170105,True
2.8,30,196311.403909,True
0.0,30,196359.952238,False
2.7,30,196417.333783,True
0.0,30,196465.903956,False
0.0,30,196513.437967,False
2.9,30,196565.802063,True
0.0,30,196610.516687,False
2.6,30,196660.245694,True
2.5,30,196709.581714,True
0.0,30,196758.762617,False
0.0,30,196809.386194,False
0.0,30,196860.047646,False
3.0,30,196905.729422,True
2.1,30,196946.862305,True
0.0,30,196992.857906,False
2.4,30,197040.723851,True
0.0,30,197088.609579,False
2.8,30,197137.340283,True
0.0,30,197188.192739,False
2.5,30,197234.734223,True
0.0,30,197287.500372,False
0.0,30,197339.412861,False
2.2,30,197395.497,True
0.0,30,197443.313519,False
2.2,30,197758.658661,True
0.0,30,197802.323674,False
2.8,30,197847.129079,True
0.0,30,197890.861562,False
1.9,30,197937.566581,True
0.0,30,197983.72683,False
0.0,30,198025.763807,False
2.7,30,198072.204184,True
0.0,30,198114.878049,False
0.0,30,198161.617716,False
0.0,30,198212.524563,False
0.0,30,198261.705995,False
2.7,30,198315.248581,True
2.6,30,198370.787169,True
0.0,30,198421.675645,False
2.6,30,198471.542235,True
2.4,30,198520.372855,True
2.4,30,198566.202803,True
2.6,30,198612.852902,True
0.0,30,198660.980124,False
2.7,30,198719.631112,True
0.0,30,198766.350567,False
0.0,30,198822.692434,False
2.4,30,198866.57621,True
2.8,30,198915.554075,True
2.4,30,198955.614721,True
2.0,30,199004.235961,True
2.6,30,199051.984859,True
2.5,30,199101.718738,True
1.7,30,199153.606407,True
0.0,30,199205.5118,False
3.0,30,199257.556911,True
2.8,30,199309.278574,True
2.6,30,199349.389194,True
1.2,30,199684.324983,True
1.3,30,199728.256815,True
0.0,30,199783.642973,False
2.7,30,199829.273786,True
1.6,30,199877.637261,True
2.1,30,199926.085188,True
2.0,30,199969.847951,True
0.0,30,200064.105217,False
1.6,30,200110.128717,True
2.7,30,200156.332999,True
2.2,30,200201.882746,True
0.0,30,200244.32233,False
0.0,30,200289.958716,False
0.0,30,200335.468992,False
2.5,30,200383.30809,True
0.0,30,200432.054617,False
0.0,30,200479.139219,False
0.0,30,200528.020029,False
0.0,30,200574.820822,False
1.9,30,200624.337251,True
1.1,30,200671.112274,True
0.0,30,200716.867893,False
2.2,30,200769.381512,True
0.0,30,200813.849308,False
2.8,30,200858.571845,True
2.8,30,200914.005375,True
0.0,30,200969.41654,False
0.0,30,201025.365511,False
0.0,30,201075.422591,False
2.9,30,201119.539622,True
2.7,30,201166.302843,True
2.8,30,201209.27637,True
0.0,30,201255.489385,False
3.0,30,201300.566826,True
0.0,30,201650.088896,False
0.0,30,201700.311908,False
0.0,30,201754.44398,False
0.0,30,201808.4626,False
0.0,30,201858.408474,False
0.0,30,201904.114049,False
0.0,30,201943.434917,False
0.0,30,201988.772341,False
0.0,30,202034.557685,False
0.0,30,202075.445932,False
0.0,30,202125.884294,False
0.0,30,202175.984018,False
0.0,30,202221.080506,False
2.1,30,202273.232983,True
2.5,30,202319.444988,True
2.1,30,202363.548804,True
0.0,30,202406.314333,False
2.2,30,202449.689167,True
2.5,30,202502.483306,True
0.0,30,202549.735885,False
1.7,30,202592.950944,True
0.0,30,202639.409719,False
2.2,30,202685.242364,True
0.0,30,202733.490292,False
2.5,30,202786.974458,True
0.0,30,202831.472666,False
0.0,30,202873.445775,False
2.8,30,202920.910545,True
0.0,30,202961.899286,False
0.0,30,203008.081356,False
0.0,30,203054.410125,False
2.8,30,203102.131279,True
2.9,30,203147.984909,True
0.0,30,203199.115911,False
0.0,30,203545.645478,False
0.0,30,203594.065004,False
2.3,30,203651.620715,True
1.2,30,203700.218351,True
0.0,30,203767.05117,False
0.0,30,203812.606525,False
2.8,30,203866.862229,True
2.7,30,203912.55729,True
1.5,30,203961.109406,True
0.0,30,204008.094042,False
0.0,30,204054.899663,False
0.0,30,204104.292173,False
0.0,30,204146.313812,False
0.0,30,204198.50213,False
2.2,30,204242.306242,True
0.0,30,204290.657121,False
2.5,30,204337.512627,True
2.5,30,204383.472691,True
2.7,30,204429.426702,True
0.0,30,204474.177255,False
0.0,30,204521.650069,False
0.6,30,204576.466249,False
0.0,30,204622.815217,False
2.7,30,204675.315177,True
0.0,30,204720.385733,False
0.0,30,204761.849117,False
2.8,30,204807.311788,True
1.7,30,204859.953912,True
2.0,30,204906.329839,True
0.0,30,204945.642975,False
0.0,30,204987.920636,False
2.2,30,205034.742416,True
2.0,30,205081.593051,True
2.4,30,205129.76441,True
2.8,30,205463.715892,True
0.0,30,205506.902054,False
2.6,30,205556.316495,True
2.5,30,205602.025464,True
0.0,30,205650.193121,False
2.7,30,205700.244055,True
0.0,30,205748.938981,False
0.0,30,205798.686162,False
3.0,30,205845.470234,True
2.8,30,205888.125263,True
0.0,30,205933.872939,False
0.0,30,205984.379898,False
0.0,30,206033.798047,False
0.0,30,206078.743018,False
3.0,30,206125.61865,True
0.0,30,206178.002548,False
2.4,30,206223.141481,True
2.8,30,206270.233829,True
1.5,30,206317.219208,True
0.0,30,206366.505488,False
2.1,30,206415.52846,True
0.0,30,206464.628345,False
0.0,30,206507.000576,False
2.4,30,206555.091303,True
0.0,30,206610.986415,False
0.0,30,206658.770707,False
2.5,30,206701.980871,True
2.5,30,206754.465181,True
0.0,30,206799.63405,False
0.0,30,206853.796755,False
0.0,30,206899.251755,False
3.0,30,206950.814356,True
2.5,30,206997.941379,True
2.8,30,207046.152405,True
0.0,30,207379.234409,False
0.0,30,207425.743633,False
2.3,30,207471.510045,True
2.4,30,207524.868695,True
2.8,30,207569.469554,True
2.7,30,207620.802018,True
0.0,30,207666.927745,False
0.0,30,207710.175953,False
2.5,30,207756.536456,True
0.0,30,207802.026593,False
2.7,30,207848.993112,True
0.0,30,207891.55956,False
2.8,30,207946.614212,True
0.0,30,207995.070446,False
0.0,30,208037.869557,False
1.8,30,208084.447159,True
0.0,30,208129.749613,False
0.0,30,208171.498,False
0.0,30,208212.389411,False
0.0,30,208264.184517,False
2.6,30,208311.023431,True
2.9,30,208361.531086,True
2.7,30,208407.049205,True
2.4,30,208458.602894,True
0.0,30,208505.16176,False
0.0,30,208546.724837,False
1.7,30,208591.00726,True
2.3,30,208635.615802,True
1.2,30,208686.501781,True
2.8,30,208732.877021,True
0.0,30,208776.761002,False
2.7,30,208822.31219,True
0.0,30,208865.02425,False
0.0,30,208930.032789,False
0.0,30,208979.08443,False
2.4,30,209338.82614,False
0.0,30,209386.177769,False
2.1,30,209426.78865,True
2.2,30,209472.566257,True
0.0,30,209522.167554,False
2.5,30,209565.417238,True
2.6,30,209611.40251,True
0.0,30,209658.491111,False
0.0,30,209707.063004,False
2.3,30,209753.834818,True
2.2,30,209797.590762,True
0.0,30,209844.345894,False
0.0,30,209893.316975,False
0.0,30,209941.703686,False
0.0,30,209989.487654,False
0.0,30,210040.612936,False
2.4,30,210084.703525,True
0.0,30,210130.985709,False
2.9,30,210171.931821,True
0.3,30,210227.41835,True
2.5,30,210273.445007,True
0.0,30,210321.645893,False
2.1,30,210363.340585,True
2.8,30,210412.325179,True
1.9,30,210467.200079,True
0.0,30,210520.462893,False
0.0,30,210567.714273,False
0.0,30,210619.656594,False
2.7,30,210668.005474,True
0.0,30,210714.788458,False
0.0,30,210759.859006,False
0.0,30,210805.890294,False
0.0,30,210854.520042,False
0.0,30,210900.468958,False
0.0,30,211218.18464,False
0.0,30,211262.291648,False
0.0,30,211314.68568,False
0.0,30,211358.283983,False
2.9,30,211404.295284,True
2.3,30,211448.269481,True
2.4,30,211492.672058,True
2.8,30,211535.847345,True
0.0,30,211583.147027,False
0.0,30,211632.103064,False
1.0,30,211679.804083,True
0.0,30,211723.473819,False
2.8,30,211768.168359,True
2.3,30,211814.808045,True
0.0,30,211875.277764,False
2.6,30,211921.17486,True
2.3,30,211966.901206,True
2.7,30,212013.015128,True
1.9,30,212055.880327,False
0.0,30,212117.779336,False
1.7,30,212161.631135,True
0.0,30,212210.529098,False
0.0,30,212257.877566,False
2.8,30,212302.637591,True
2.6,30,212345.130381,True
0.0,30,212394.081588,False
2.8,30,212437.349841,True
2.4,30,212485.985493,True
0.0,30,212534.240774,False
0.0,30,212587.97842,False
2.6,30,212635.599541,True
0.0,30,212678.847902,False
0.0,30,212727.35243,False
2.7,30,212770.662669,True
0.0,30,213100.116229,False
2.7,30,213148.571989,True
0.0,30,213201.235041,False
0.0,30,213251.838376,False
0.0,30,213303.640743,False
2.8,30,213348.280981,True
2.3,30,213396.169462,True
0.0,30,213444.0806,False
2.7,30,213489.718362,True
0.0,30,213532.718225,False
2.7,30,213572.994391,True
0.0,30,213653.729437,False
0.0,30,213700.474427,False
0.0,30,213745.363742,False
2.9,30,213818.471769,True
2.2,30,213863.345392,True
0.0,30,213902.767663,False
1.9,30,213961.293944,True
0.0,30,214008.161761,False
2.5,30,214056.856422,True
2.8,30,214103.671757,True
0.0,30,214149.554758,False
2.5,30,214190.925093,True
0.0,30,214231.526597,False
2.7,30,214275.590722,True
2.8,30,214330.25875,True
2.3,30,214377.21694,True
1.6,30,214418.731628,True
0.0,30,214461.295669,False
0.0,30,214515.497207,False
0.0,30,214556.167226,False
0.0,30,214604.514878,False
0.0,30,214649.812927,False
3.0,30,214691.917792,True
0.0,30,215024.144692,False
2.7,30,215070.377661,True
2.3,30,215115.936326,True
0.0,30,215160.365365,False
1.6,30,215203.756282,True
2.4,30,215244.65064,True
2.7,30,215289.26141,True
2.4,30,215375.641535,True
2.9,30,215434.983781,True
0.0,30,215481.124273,False
2.8,30,215526.801874,True
0.0,30,215576.206825,False
3.0,30,215621.266627,True
0.0,30,215667.68535,False
2.8,30,215721.706467,True
2.4,30,215773.320398,True
0.8,30,215821.132707,True
1.9,30,215866.264654,True
0.0,30,215913.714353,False
2.6,30,215960.553048,True
0.0,30,216010.046276,False
0.0,30,216053.51191,False
0.0,30,216104.082331,False
0.4,30,216154.413755,True
0.0,30,216201.573827,False
0.0,30,216246.588193,False
1.0,30,216288.65653,True
0.0,30,216338.094662,False
2.5,30,216383.358839,True
2.6,30,216423.353862,True
2.7,30,216468.429893,True
0.0,30,216519.37876,False
0.0,30,216564.928072,False
2.9,30,216615.052742,True
2.6,30,216935.209505,True
2.2,30,216977.568954,True
1.3,30,217023.70884,True
2.5,30,217071.386795,True
2.8,30,217120.092178,True
2.6,30,217167.134829,True
2.9,30,217218.875763,True
2.4,30,217268.0925,True
0.0,30,217322.678972,False
0.0,30,217370.827158,False
2.4,30,217424.307257,True
0.0,30,217470.375719,False
0.0,30,217514.681135,False
0.0,30,217563.224163,False
2.4,30,217607.118899,True
0.0,30,217650.134711,False
0.0,30,217696.805073,False
0.0,30,217741.107346,False
0.2,30,217785.969113,True
2.6,30,217838.523153,True
2.7,30,217882.47486,True
0.0,30,217924.518054,False
2.4,30,217968.897975,True
0.0,30,218021.184936,False
0.0,30,218063.279309,False
2.3,30,218112.899387,True
0.2,30,218160.824836,False
2.6,30,218210.655178,True
2.9,30,218255.870406,True
2.3,30,218300.633693,True
0.0,30,218348.589058,False
0.7,30,218392.464616,True
3.0,30,218436.499973,True
0.9,30,218479.887566,True
0.0,30,218779.085179,False
2.7,30,218827.974741,True
1.9,30,218894.666497,True
0.0,30,218932.040355,False
0.0,30,218976.322305,False
1.8,30,219022.448362,True
2.1,30,219065.740327,True
0.0,30,219119.876765,False
0.0,30,219163.980658,False
2.2,30,219213.16663,True
1.5,30,219257.682842,True
0.0,30,219304.541137,False
2.5,30,219351.091799,True
0.0,30,219401.612006,False
2.7,30,219448.239642,True
0.0,30,219497.807046,False
2.8,30,219545.348974,True
0.0,30,219591.488216,False
2.8,30,219647.910437,True
2.1,30,219695.69101,True
2.4,30,219742.553741,True
2.5,30,219787.437199,True
0.0,30,219829.805537,False
0.0,30,219877.012084,False
0.0,30,219920.625532,False
1.7,30,219972.290494,True
2.5,30,220020.416467,True
0.0,30,220068.002714,False
2.6,30,220113.80272,True
0.0,30,220155.968492,False
2.5,30,220207.815368,True
2.7,30,220252.972249,True
2.5,30,220301.796221,True
2.5,30,220356.476959,True
2.8,30,220669.863201,True
1.7,30,220724.855541,True
2.3,30,220775.511286,True
0.0,30,220829.789775,False
2.6,30,220873.582982,True
0.0,30,220916.817776,False
0.0,30,220962.476245,False
0.0,30,221005.019602,False
2.8,30,221046.73682,True
0.0,30,221088.727146,False
0.0,30,221130.939463,False
0.0,30,221168.554063,False
0.0,30,221214.152714,False
0.0,30,221259.282993,False
2.8,30,221305.775947,True
2.8,30,221353.520753,True
0.0,30,221397.395733,False
0.0,30,221444.170025,False
0.0,30,221484.627746,False
0.0,30,221528.425155,False
0.0,30,221575.108744,False
2.8,30,221622.778841,True
0.0,30,221668.914929,False
0.0,30,221712.406807,False
0.0,30,221758.408132,False
0.0,30,221811.243978,False
2.1,30,221854.703356,True
1.3,30,221898.49662,True
2.9,30,221949.64719,True
3.0,30,221997.259187,True
0.0,30,222044.941945,False
2.5,30,222087.088052,True
0.0,30,222128.749157,False
2.1,30,222173.897358,True
2.7,30,222490.12215,True
0.0,30,222537.711977,False
0.8,30,222586.131343,True
0.0,30,222627.960791,False
2.8,30,222671.759618,True
2.8,30,222715.396561,True
2.2,30,222758.372025,True
0.0,30,222801.328396,False
2.2,30,222844.099934,True
2.2,30,222889.601249,True
2.4,30,222930.433243,True
0.0,30,222978.606638,False
0.0,30,223028.535045,False
0.0,30,223072.43505,False
0.0,30,223120.74513,False
2.4,30,223168.053991,True
0.0,30,223219.227786,False
2.6,30,223268.198227,True
2.7,30,223313.481099,True
2.0,30,223364.201238,True
2.4,30,223415.137434,True
3.0,30,223464.71488,True
2.1,30,223503.915471,True
2.5,30,223545.416182,True
2.8,30,223592.761286,True
0.0,30,223639.918563,False
0.0,30,223684.595528,False
2.9,30,223729.057781,True
2.9,30,223775.654095,True
2.7,30,223822.582905,True
2.8,30,223871.736981,True
2.6,30,223920.67663,True
0.0,30,223969.459587,False
2.3,30,224017.823352,True
0.0,30,224064.721303,False
0.7,30,224400.482859,True
0.0,30,224440.396102,False
2.5,30,224485.603466,True
0.0,30,224527.510311,False
0.0,30,224574.804555,False
0.0,30,224627.126497,False
2.4,30,224673.402609,True
2.0,30,224723.41728,True
0.0,30,224766.412777,False
0.0,30,224809.26322,False
2.8,30,224854.071031,True
0.0,30,224900.103694,False
0.0,30,224949.505837,False
2.9,30,224997.21784,True
0.0,30,225043.996776,False
2.7,30,225092.149714,True
2.8,30,225139.129115,True
2.3,30,225182.521285,True
2.6,30,225230.748297,True
0.0,30,225275.376442,False
0.0,30,225318.330633,False
0.0,30,225362.300023,False
1.9,30,225410.170476,True
2.6,30,225453.800677,True
3.0,30,225500.554248,True
0.0,30,225549.160582,False
1.9,30,225596.816329,True
0.0,30,225647.694362,False
2.3,30,225696.13433,True
2.8,30,225748.248518,True
2.7,30,225798.527805,True
0.0,30,225842.634219,False
0.0,30,225886.545329,False
0.0,30,225931.626201,False
0.0,30,226218.396903,False
0.0,30,226264.509882,False
0.2,30,226306.245643,True
0.0,30,226344.978922,False
0.0,30,226391.624718,False
0.0,30,226436.782538,False
0.0,30,226488.024979,False
0.0,30,226533.187556,False
2.8,30,226580.15291,True
0.0,30,226627.621251,False
0.0,30,226675.155347,False
0.0,30,226718.794426,False
0.0,30,226762.496792,False
0.0,30,226812.174603,False
0.0,30,226858.200795,False
2.2,30,226902.71763,True
0.0,30,226946.297164,False
0.0,30,226991.253943,False
2.8,30,227050.27241,True
1.8,30,227096.208227,True
1.9,30,227146.545105,True
2.8,30,227200.368803,True
2.6,30,227251.49783,True
2.2,30,227301.246654,True
0.0,30,227345.26776,False
0.0,30,227387.791718,False
2.8,30,227436.580301,True
2.6,30,227483.631753,True
2.3,30,227527.783204,True
3.0,30,227570.159168,True
0.0,30,227611.83002,False
0.0,30,227658.939789,False
2.8,30,227703.14344,True
0.0,30,227747.585672,False
0.0,30,228044.232296,False
0.0,30,228088.512489,False
1.7,30,228138.331246,True
0.0,30,228188.755256,False
0.0,30,228232.936432,False
0.0,30,228277.787167,False
2.8,30,228324.448734,True
0.0,30,228374.898861,False
0.0,30,228416.31462,False
0.0,30,228461.075496,False
0.0,30,228508.884223,False
0.0,30,228557.894001,False
0.0,30,228606.549941,False
3.0,30,228652.791036,True
0.0,30,228698.443281,False
2.5,30,228745.739246,True
0.0,30,228804.133783,False
2.2,30,228845.958641,True
2.4,30,228891.006978,True
1.7,30,228942.201598,True
0.0,30,228993.143674,False
2.8,30,229038.75188,True
2.8,30,229082.980696,True
2.5,30,229128.630906,True
2.8,30,229174.099689,True
0.0,30,229222.424285,False
0.0,30,229260.676139,False
0.0,30,229335.468414,False
0.0,30,229386.851133,False
2.4,30,229430.584831,True
1.4,30,229472.025336,True
2.2,30,229519.112246,True
0.0,30,229568.609885,False
0.0,30,229618.216857,False
2.6,30,229922.646237,True
0.0,30,229972.568441,False
1.8,30,230016.900998,True
0.0,30,230067.40023,False
2.9,30,230114.361526,True
0.0,30,230157.709607,False
2.8,30,230203.116321,True
0.8,30,230245.459609,True
0.0,30,230294.983336,False
0.0,30,230339.053874,False
0.0,30,230392.171713,False
0.0,30,230436.348887,False
0.0,30,230477.995643,False
0.0,30,230522.906555,False
2.9,30,230571.047478,True
2.7,30,230619.081069,True
2.0,30,230665.785443,True
0.0,30,230707.939711,False
0.0,30,230752.673763,False
0.0,30,230791.594071,False
0.0,30,230841.447319,False
2.4,30,230888.1969,True
0.0,30,230935.951597,False
2.5,30,230987.696386,True
2.8,30,231048.83068,True
2.0,30,231099.255882,True
1.6,30,231154.442645,True
2.0,30,231202.572189,True
0.0,30,231242.238376,False
2.3,30,231282.532616,True
2.8,30,231337.006863,True
0.0,30,231388.656924,False
2.7,30,231436.293219,True
0.0,30,231480.700232,False
2.8,30,231756.455605,True
2.3,30,231800.579834,True
0.0,30,231846.190861,False
0.0,30,231886.125253,False
1.8,30,231927.863391,True
0.0,30,231976.003265,False
2.5,30,232020.338331,True
0.0,30,232063.973845,False
2.7,30,232109.529646,True
0.0,30,232152.576323,False
2.8,30,232205.203176,True
2.7,30,232249.487598,True
2.6,30,232294.56143,True
2.2,30,232338.793355,True
2.3,30,232390.508414,True
0.0,30,232436.358769,False
2.5,30,232485.404598,True
0.5,30,232533.236866,True
2.5,30,232582.429865,True
0.0,30,232633.625302,False
0.0,30,232673.201508,False
2.6,30,232721.554135,True
2.8,30,232766.244343,True
2.4,30,232812.541996,True
0.0,30,232854.030716,False
0.8,30,232903.10768,False
0.0,30,232946.410494,False
0.0,30,232994.511169,False
0.0,30,233042.755132,False
2.4,30,233094.808792,True
2.3,30,233137.936176,True
2.5,30,233187.684326,True
0.0,30,233240.795423,False
0.4,30,233290.437165,True
2.3,30,233596.506274,True
2.7,30,233640.40093,True
2.9,30,233683.941051,True
0.0,30,233726.991542,False
2.6,30,233769.147767,True
2.6,30,233817.696735,True
1.2,30,233868.934967,False
0.0,30,233911.112437,False
0.8,30,233956.214017,True
0.0,30,233997.851008,False
0.0,30,234047.082334,False
0.0,30,234106.520601,False
0.0,30,234160.351305,False
2.9,30,234200.488749,True
0.0,30,234244.911604,False
0.0,30,234285.662753,False
2.1,30,234333.923123,True
2.5,30,234384.214749,True
0.0,30,234434.021975,False
2.6,30,234481.639001,True
0.0,30,234524.709333,False
2.5,30,234567.69023,True
2.8,30,234615.923868,True
2.4,30,234656.255888,True
0.0,30,234706.651859,False
2.5,30,234754.187937,True
2.8,30,234796.357848,True
0.0,30,234846.471235,False
0.0,30,234889.642907,False
0.0,30,234935.082415,False
2.5,30,234986.818036,True
2.5,30,235036.197017,True
2.7,30,235082.963277,True
0.0,30,235136.894164,False
2.6,30,235424.085245,True
2.8,30,235473.201527,True
2.6,30,235518.9648,True
2.3,30,235567.496948,True
0.0,30,235612.12039,False
0.0,30,235652.012185,False
2.4,30,235700.011389,True
0.0,30,235745.042192,False
2.7,30,235792.121444,True
2.0,30,235836.394281,True
2.7,30,235881.272363,True
0.0,30,235925.050781,False
1.4,30,235966.227745,True
0.0,30,236007.982885,False
2.0,30,236051.202032,True
2.4,30,236094.662813,True
2.6,30,236141.538872,True
0.3,30,236187.191421,True
2.5,30,236231.028712,True
0.0,30,236271.743054,False
0.0,30,236321.166755,False
0.0,30,236364.421769,False
0.0,30,236409.302196,False
0.0,30,236451.41998,False
0.0,30,236496.550309,False
2.2,30,236541.267668,True
2.6,30,236595.797385,True
0.0,30,236639.949054,False
2.9,30,236682.362261,True
0.0,30,236724.867038,False
2.9,30,236775.139295,True
0.0,30,236821.079066,False
0.0,30,236865.171248,False
1.5,30,236910.137799,True
2.6,30,236953.70139,True
2.8,30,237269.909981,True
2.3,30,237313.276725,True
2.6,30,237369.936568,True
2.5,30,237416.826997,True
2.4,30,237467.461544,True
2.8,30,237515.524869,True
0.0,30,237560.560111,False
0.0,30,237608.84108,False
2.5,30,237651.874586,True
2.5,30,237697.478627,True
2.7,30,237743.267467,True
2.3,30,237795.625173,True
0.0,30,237839.761013,False
0.0,30,237888.737196,False
0.0,30,237935.770941,False
0.0,30,237981.120661,False
2.1,30,238025.426345,True
2.3,30,238069.392656,True
0.0,30,238113.391891,False
0.0,30,238157.072564,False
0.0,30,238205.07651,False
2.8,30,238249.977395,True
0.0,30,238302.458665,False
2.7,30,238347.744412,True
2.3,30,238388.920619,True
2.9,30,238431.368083,True
2.7,30,238477.555805,True
0.0,30,238527.527625,False
2.2,30,238572.133985,True
0.0,30,238623.874053,False
0.0,30,238668.206691,False
0.0,30,238716.370371,False
0.0,30,238757.945168,False
0.0,30,238802.868331,False
2.6,30,239133.669842,True
0.0,30,239173.179527,False
0.0,30,239219.07844,False
0.0,30,239266.880531,False
0.0,30,239315.853788,False
0.0,30,239364.242433,False
0.0,30,239409.0005,False
2.5,30,239456.111973,True
0.0,30,239498.878162,False
0.0,30,239546.526706,False
2.4,30,239601.880624,True
0.0,30,239645.233716,False
2.6,30,239694.145698,True
2.2,30,239742.224769,True
0.0,30,239789.220579,False
2.6,30,239842.868531,True
1.7,30,239893.641272,True
2.6,30,240002.783373,True
2.5,30,240055.016954,True
0.0,30,240111.154455,False
2.1,30,240153.65851,True
0.0,30,240198.593956,False
0.0,30,240240.986547,False
3.0,30,240289.450092,True
2.8,30,240330.398263,True
1.6,30,240375.441017,True
3.0,30,240432.801395,True
2.2,30,240482.71645,True
2.6,30,240529.175492,True
1.1,30,240578.483545,True
0.0,30,240628.429346,False
0.0,30,240672.370437,False
2.6,30,240715.059999,True
0.0,30,240765.312729,False
2.9,30,241075.452915,True
0.0,30,241120.689815,False
2.7,30,241166.990308,True
0.0,30,241215.158811,False
2.3,30,241266.375545,True
0.0,30,241319.384001,False
0.0,30,241362.218438,False
0.0,30,241405.098905,False
2.1,30,241447.084159,True
0.0,30,241491.929156,False
2.7,30,241543.942307,True
2.7,30,241585.571511,True
2.8,30,241626.957695,True
0.0,30,241669.066852,False
3.0,30,241718.997015,True
3.0,30,241769.694279,True
0.0,30,241811.656314,False
1.8,30,241856.887697,True
0.0,30,241899.852788,False
2.5,30,241948.355128,True
2.8,30,241998.81058,True
0.0,30,242041.848997,False
2.4,30,242087.850824,True
2.7,30,242136.487781,True
0.0,30,242178.754199,False
0.0,30,242225.733352,False
2.5,30,242268.559051,True
0.0,30,242326.724725,False
2.6,30,242370.976314,True
0.0,30,242443.99504,False
0.0,30,242489.570684,False
0.0,30,242535.814997,False
0.0,30,242586.317598,False
2.3,30,242629.619692,True
2.7,30,242942.317907,True
0.0,30,242987.220312,False
2.7,30,243034.99538,True
1.9,30,243081.365144,True
2.4,30,243128.926013,True
0.0,30,243167.685745,False
0.0,30,243215.398912,False
0.0,30,243258.125487,False
0.0,30,243301.990573,False
0.0,30,243350.583417,False
2.1,30,243399.992031,True
2.4,30,243443.860152,True
0.0,30,243489.839352,False
0.0,30,243529.971979,False
0.0,30,243580.284777,False
2.9,30,243648.044691,True
0.0,30,243692.781893,False
0.0,30,243740.568415,False
0.0,30,243798.489003,False
0.0,30,243843.835075,False
2.8,30,243887.363595,True
0.0,30,243930.314178,False
0.0,30,243975.270709,False
0.0,30,244028.788786,False
0.0,30,244075.81916,False
0.0,30,244118.325959,False
2.8,30,244164.926094,True
0.0,30,244211.5962,False
2.1,30,244255.315543,True
0.0,30,244302.862545,False
0.0,30,244348.133826,False
0.0,30,244391.044962,False
2.2,30,244442.474937,True
2.5,30,244486.789761,True
2.0,30,244799.773754,True
0.0,30,244844.256895,False
2.4,30,244892.903817,True
2.3,30,244947.143199,True
0.0,30,244994.193853,False
2.7,30,245038.112861,True
2.2,30,245086.421749,True
0.0,30,245131.715815,False
2.0,30,245176.922769,True
2.4,30,245219.929722,True
0.0,30,245267.885154,False
2.6,30,245311.203537,True
2.4,30,245357.47228,True
0.0,30,245399.332904,False
0.0,30,245454.424466,False
2.2,30,245503.978297,True
0.0,30,245551.428643,False
2.3,30,245595.535396,True
2.3,30,245641.680703,True
0.0,30,245689.350663,False
1.5,30,245739.278938,True
0.0,30,245789.92459,False
2.6,30,245839.64382,True
0.0,30,245887.501789,False
0.0,30,245932.419068,False
2.4,30,245990.605639,True
0.0,30,246038.850848,False
2.8,30,246081.255719,True
0.0,30,246130.550297,False
0.0,30,246179.223988,False
2.5,30,246222.946554,True
0.0,30,246265.008639,False
2.8,30,246309.795091,True
0.0,30,246361.4847,False
0.0,30,246703.400638,False
2.5,30,246751.380281,True
2.7,30,246795.909239,True
0.0,30,246839.259609,False
2.9,30,246888.804783,True
2.3,30,246938.293734,True
2.5,30,246982.312606,True
0.0,30,247031.956348,False
1.8,30,247081.978932,True
1.8,30,247126.985887,True
2.2,30,247176.796066,True
0.0,30,247221.479023,False
0.0,30,247266.009813,False
0.0,30,247307.951074,False
2.1,30,247347.325073,True
0.0,30,247394.332807,False
2.2,30,247436.318544,True
0.0,30,247482.689303,False
0.0,30,247531.959421,False
2.8,30,247582.131644,True
2.5,30,247627.780293,True
0.0,30,247675.621631,False
0.0,30,247724.966452,False
0.0,30,247770.624615,False
0.0,30,247814.444374,False
0.0,30,247860.677709,False
2.4,30,247928.278506,True
0.0,30,247969.982027,False
0.0,30,248015.420269,False
1.5,30,248060.056208,True
0.9,30,248111.892738,True
0.0,30,248163.284959,False
2.1,30,248216.826954,True
0.0,30,248268.859334,False
0.0,30,248606.216737,False
3.0,30,248650.507652,True
0.0,30,248695.812511,False
0.0,30,248742.79569,False
0.0,30,248791.789125,False
2.5,30,248834.977698,True
2.8,30,248881.093185,True
0.0,30,248930.370482,False
0.0,30,248983.650509,False
0.0,30,249035.384105,False
0.0,30,249087.063766,False
0.0,30,249129.602172,False
2.7,30,249172.689406,True
2.5,30,249225.619132,True
1.0,30,249269.323437,True
0.0,30,249316.891236,False
0.0,30,249357.040767,False
2.9,30,249413.222789,True
2.9,30,249463.884652,True
2.6,30,249509.710054,True
0.0,30,249554.859709,False
0.0,30,249628.82713,False
2.8,30,249674.26646,True
0.0,30,249718.98751,False
0.0,30,249764.519534,False
2.1,30,249809.781502,True
0.0,30,249864.734226,False
0.0,30,249911.139382,False
0.0,30,249955.865699,False
1.8,30,250004.104016,True
0.0,30,250047.728809,False
1.5,30,250091.687721,True
2.5,30,250140.082223,True
0.0,30,250186.486234,False
2.7,30,250509.245314,True
2.6,30,250552.664277,True
1.3,30,250600.902282,True
0.0,30,250649.933233,False
2.1,30,250700.061798,True
0.0,30,250744.827552,False
2.7,30,250787.645082,True
2.7,30,250837.938349,True
0.0,30,250882.67231,False
2.8,30,250925.9831,True
2.8,30,250968.869223,True
0.0,30,251012.543408,False
2.5,30,251055.039854,True
0.0,30,251099.142322,False
2.6,30,251148.873214,True
0.0,30,251198.616401,False
2.5,30,251248.775592,True
1.8,30,251302.099269,True
0.0,30,251349.932019,False
2.7,30,251402.02741,True
2.8,30,251448.547439,True
2.1,30,251491.0993,True
1.6,30,251534.334871,True
2.5,30,251579.976894,True
0.0,30,251623.348159,False
2.6,30,251671.648889,True
0.0,30,251720.494349,False
0.9,30,251767.705493,True
0.0,30,251813.782698,False
1.9,30,251855.191219,True
2.8,30,251896.550945,True
2.5,30,251939.614301,True
0.0,30,251981.4372,False
0.0,30,252031.26756,False
2.4,30,252083.211899,True
0.0,30,252406.511517,False
0.0,30,252451.975272,False
2.8,30,252497.867137,True
0.4,30,252546.701359,True
0.0,30,252592.916401,False
0.0,30,252646.704112,False
2.7,30,252692.529829,True
2.9,30,252752.336283,True
2.4,30,252796.648354,True
0.0,30,252840.841746,False
0.0,30,252888.961746,False
0.0,30,252936.681061,False
2.5,30,252984.882185,True
0.0,30,253028.709368,False
0.0,30,253072.501071,False
2.4,30,253115.330588,True
2.3,30,253161.472018,True
0.0,30,253219.702269,False
2.9,30,253265.58638,True
0.0,30,253311.542603,False
0.0,30,253356.520488,False
0.0,30,253402.046326,False
0.0,30,253456.326411,False
0.0,30,253503.627744,False
2.7,30,253549.732776,True
2.6,30,253589.193767,True
0.0,30,253635.402203,False
0.0,30,253683.426853,False
0.0,30,253725.700688,False
2.9,30,253773.515525,True
2.7,30,253820.567565,True
2.5,30,253866.747961,True
1.9,30,253921.810362,True
0.0,30,253969.214988,False
2.9,30,254296.7961,True
0.0,30,254343.34575,False
0.0,30,254389.192066,False
1.9,30,254431.088842,True
2.7,30,254477.092973,True
2.4,30,254527.53275,True
2.4,30,254575.647696,True
0.0,30,254625.463468,False
0.0,30,254670.691206,False
2.6,30,254721.61411,True
2.7,30,254765.982129,True
2.6,30,254815.609076,True
0.0,30,254857.332254,False
2.2,30,254898.330039,True
0.0,30,254944.996683,False
0.0,30,254997.231093,False
2.9,30,255042.458459,True
2.4,30,255088.708845,True
0.0,30,255133.377109,False
2.6,30,255189.260054,True
0.0,30,255234.730799,False
0.0,30,255282.374185,False
2.4,30,255327.563378,True
3.0,30,255370.038385,True
2.5,30,255412.675816,True
0.0,30,255464.901042,False
0.0,30,255512.329536,False
1.9,30,255559.36471,True
0.0,30,255603.257348,False
0.5,30,255654.585164,False
0.0,30,255707.220912,False
2.3,30,255750.902915,True
0.0,30,255797.601516,False
0.0,30,255841.768237,False
0.0,30,256181.607155,False
2.0,30,256228.772002,True
2.1,30,256280.44938,True
0.0,30,256327.950171,False
2.9,30,256374.471085,True
2.6,30,256425.951177,True
0.8,30,256473.967828,False
0.0,30,256527.154892,False
0.0,30,256578.457081,False
2.8,30,256630.091988,True
0.0,30,256679.476137,False
0.0,30,256726.757937,False
0.0,30,256774.460633,False
0.0,30,256816.921737,False
0.0,30,256859.934183,False
2.7,30,256905.754149,True
2.9,30,256949.523874,True
2.8,30,256999.080316,True
0.0,30,257046.938028,False
0.0,30,257096.46417,False
1.6,30,257163.454191,False
0.7,30,257213.265231,True
2.0,30,257260.428951,True
1.7,30,257310.470629,True
0.0,30,257360.084101,False
0.0,30,257405.937661,False
2.0,30,257453.45586,True
2.1,30,257508.057323,True
0.0,30,257554.185982,False
2.5,30,257597.118124,True
0.0,30,257636.660676,False
0.0,30,257680.891892,False
0.0,30,257726.160372,False
0.0,30,257780.232307,False
2.4,30,258113.88371,True
0.0,30,258160.327595,False
3.0,30,258218.448351,True
2.3,30,258265.388371,True
0.0,30,258312.417385,False
0.0,30,258360.18074,False
2.2,30,258407.434656,True
2.1,30,258457.826484,True
2.5,30,258505.351752,True
2.6,30,258549.632652,True
1.6,30,258595.683856,True
0.0,30,258641.899138,False
0.0,30,258683.90644,False
2.0,30,258730.918907,True
0.0,30,258789.713286,False
0.0,30,258834.174684,False
2.9,30,258884.822056,True
0.0,30,258927.87288,False
2.7,30,258978.503114,True
2.5,30,259022.354843,True
0.0,30,259074.295045,False
2.6,30,259115.113671,True
0.0,30,259159.963245,False
2.4,30,259205.463681,True
0.7,30,259255.980496,True
0.0,30,259305.25336,False
0.2,30,259354.273013,True
0.0,30,259404.733724,False
2.8,30,259456.140723,True
0.0,30,259501.672078,False
1.2,30,259546.335093,True
2.9,30,259597.663852,True
2.6,30,259642.950496,True
0.0,30,259690.543267,False
3.0,30,260050.187087,True
2.4,30,260100.290806,True
2.1,30,260149.084008,True
0.0,30,260200.957563,False
2.9,30,260246.755439,True
2.8,30,260301.243582,True
2.2,30,260350.500621,True
0.0,30,260408.600581,False
0.0,30,260460.103843,False
0.0,30,260507.266916,False
0.0,30,260566.036408,False
0.0,30,260608.137991,False
3.0,30,260654.534052,True
0.0,30,260699.295674,False
0.0,30,260744.918844,False
0.0,30,260792.675853,False
1.0,30,260842.139953,False
0.5,30,260886.56665,True
2.9,30,260935.868052,True
2.4,30,260985.993705,True
0.0,30,261036.411176,False
0.0,30,261082.267458,False
0.0,30,261134.790272,False
0.0,30,261184.278122,False
0.0,30,261232.034004,False
3.0,30,261282.937315,True
2.9,30,261323.937557,True
0.0,30,261367.110977,False
2.6,30,261410.489392,True
0.0,30,261465.30136,False
1.4,30,261513.813057,True
0.0,30,261561.961815,False
0.0,30,261607.673071,False
0.0,30,261653.753353,False
0.0,30,261985.600122,False
0.0,30,262030.196156,False
2.5,30,262080.610287,True
0.0,30,262125.911798,False
2.6,30,262174.150397,True
0.0,30,262219.348786,False
2.3,30,262265.765749,True
1.1,30,262310.00611,True
0.0,30,262356.868351,False
0.0,30,262406.735777,False
0.8,30,262455.460892,True
0.0,30,262496.780672,False
3.0,30,262550.822301,True
2.6,30,262595.005496,True
2.8,30,262642.253341,True
0.0,30,262688.153167,False
0.0,30,262734.806842,False
2.4,30,262779.341614,True
0.0,30,262830.24199,False
3.0,30,262871.415787,True
2.7,30,262914.905772,True
0.0,30,262961.251992,False
0.0,30,263009.932736,False
2.7,30,263056.134559,True
0.0,30,263096.173071,False
1.4,30,263139.941317,True
0.0,30,263194.535889,False
2.8,30,263237.043449,True
2.7,30,263279.831368,True
2.6,30,263326.756632,True
0.0,30,263376.556976,False
0.0,30,263420.869508,False
0.0,30,263474.265052,False
0.0,30,263517.236943,False
2.3,30,263868.238241,True
0.0,30,263921.110775,False
2.9,30,263974.890107,True
2.2,30,264019.959443,False
2.7,30,264065.85652,True
2.5,30,264122.0976,True
0.0,30,264171.386878,False
0.0,30,264217.981232,False
2.8,30,264268.911241,True
0.0,30,264313.903154,False
3.0,30,264359.721348,True
0.0,30,264403.605102,False
0.0,30,264445.395319,False
2.2,30,264492.320982,True
0.5,30,264544.896264,False
0.0,30,264601.624655,False
0.8,30,264647.605977,True
2.6,30,264694.801007,True
0.0,30,264739.702435,False
0.0,30,264789.038694,False
2.7,30,264834.699283,True
0.0,30,264884.359346,False
0.0,30,264937.830468,False
0.0,30,264984.630037,False
0.0,30,265031.419611,False
0.0,30,265077.060854,False
0.0,30,265119.961783,False
0.0,30,265164.020639,False
2.6,30,265218.614007,True
0.0,30,265273.73876,False
0.0,30,265317.143368,False
2.5,30,265362.212062,True
2.7,30,265411.52035,True
0.0,30,265459.538642,False
0.0,30,265506.32363,False
0.0,30,265846.119123,False
0.0,30,265895.482381,False
2.8,30,265940.441394,True
1.7,30,265986.119958,True
2.9,30,266031.768881,True
2.2,30,266082.547976,True
0.0,30,266128.80948,False
2.5,30,266173.231549,True
0.0,30,266216.033644,False
0.0,30,266263.298399,False
0.0,30,266305.658667,False
0.0,30,266359.174158,False
0.0,30,266400.456869,False
2.6,30,266448.479445,True
0.0,30,266494.333959,False
1.0,30,266541.349486,True
0.0,30,266581.55921,False
0.0,30,266628.997692,False
2.1,30,266679.825412,True
0.0,30,266728.189188,False
0.0,30,266773.351958,False
1.3,30,266821.285431,True
2.6,30,266867.201079,True
0.0,30,266916.544017,False
2.4,30,266959.889761,True
0.0,30,267003.831231,False
2.6,30,267045.155361,True
0.0,30,267089.131139,False
0.0,30,267134.30143,False
2.3,30,267178.107278,True
0.0,30,267225.736068,False
0.0,30,267274.45809,False
2.3,30,267321.984648,True
0.0,30,267370.111,False
1.6,30,267732.069142,True
2.9,30,267783.643636,True
2.6,30,267826.622637,True
0.0,30,267874.44684,False
2.6,30,267919.470991,True
0.0,30,267969.322017,False
2.7,30,268018.059289,True
2.9,30,268061.364234,True
2.9,30,268109.267324,True
0.0,30,268157.278573,False
2.8,30,268202.433473,True
2.5,30,268246.348897,True
0.0,30,268292.002356,False
2.6,30,268335.922306,True
3.0,30,268388.869645,True
0.0,30,268436.669997,False
0.0,30,268478.570384,False
3.0,30,268525.430068,True
0.0,30,268572.862005,False
2.5,30,268623.245591,True
0.0,30,268666.132664,False
2.9,30,268709.322256,True
3.0,30,268754.482445,True
0.0,30,268800.443097,False
2.6,30,268848.877418,True
0.0,30,268894.017783,False
2.6,30,268938.401164,True
0.0,30,268978.984509,False
2.7,30,269031.385531,True
0.0,30,269076.581877,False
0.0,30,269127.126671,False
2.4,30,269174.969034,True
0.0,30,269221.892697,False
0.0,30,269270.652446,False
2.8,30,269611.300984,True
0.0,30,269661.438595,False
0.0,30,269707.486049,False
2.6,30,269753.268859,True
2.6,30,269802.749802,True
0.0,30,269850.47595,False
0.0,30,269904.849802,False
2.5,30,269949.288066,True
0.0,30,269993.219658,False
0.0,30,270036.93081,False
0.0,30,270086.986972,False
0.0,30,270132.559257,False
2.7,30,270178.286724,True
2.0,30,270233.638119,True
2.9,30,270277.787402,True
2.7,30,270324.021217,True
2.7,30,270367.344896,True
2.1,30,270417.712648,True
0.0,30,270464.013534,False
2.6,30,270513.584716,True
3.0,30,270568.533052,True
1.4,30,270613.100122,True
0.0,30,270667.197486,False
0.0,30,270715.713313,False
3.0,30,270766.353769,True
2.7,30,270824.103674,True
2.8,30,270872.700281,True
2.4,30,270918.631453,True
0.0,30,270968.949727,False
0.0,30,271015.623273,False
2.3,30,271063.655114,True
0.0,30,271111.16493,False
0.0,30,271163.060496,False
2.4,30,271218.436193,True
2.8,30,271548.625775,True
2.5,30,271601.302864,True
0.0,30,271656.153578,False
2.6,30,271695.643751,True
0.0,30,271743.422658,False
0.0,30,271794.273479,False
2.6,30,271838.177604,True
2.7,30,271880.902262,True
0.0,30,271928.692387,False
0.0,30,271977.68254,False
0.0,30,272024.134825,False
0.0,30,272068.120644,False
1.0,30,272113.05551,True
0.0,30,272163.295597,False
1.9,30,272218.61105,True
0.0,30,272263.716527,False
2.4,30,272306.297371,True
2.6,30,272353.382289,True
1.3,30,272396.968609,True
0.0,30,272446.154256,False
1.8,30,272490.556925,True
2.6,30,272534.769711,True
0.0,30,272584.631158,False
2.4,30,272628.078107,True
2.4,30,272674.02033,True
2.5,30,272718.997819,True
0.0,30,272772.873315,False
0.0,30,272817.720863,False
0.0,30,272870.244374,False
1.8,30,272911.658046,True
0.0,30,272954.376356,False
0.0,30,272997.818138,False
0.0,30,273043.795399,False
2.7,30,273089.574904,True
0.0,30,273384.656412,False
0.0,30,273438.492699,False
0.0,30,273491.089032,False
0.0,30,273540.083716,False
0.0,30,273586.47539,False
0.0,30,273632.254203,False
2.4,30,273675.106918,True
0.0,30,273726.486454,False
0.0,30,273774.175024,False
0.0,30,273819.493972,False
2.2,30,273864.054739,True
2.4,30,273907.563926,True
0.0,30,273951.381904,False
0.0,30,274002.893042,False
0.0,30,274050.179129,False
0.0,30,274093.578024,False
0.0,30,274141.281731,False
0.0,30,274201.457687,False
2.7,30,274246.325014,True
2.4,30,274291.591385,True
0.0,30,274334.979219,False
2.7,30,274383.885026,True
0.8,30,274430.718698,True
0.0,30,274476.813625,False
0.0,30,274526.372475,False
2.1,30,274570.41296,True
0.0,30,274611.786295,False
2.6,30,274654.438669,True
0.0,30,274704.466731,False
0.0,30,274748.89035,False
2.8,30,274797.428735,True
2.7,30,274841.381029,True
0.0,30,274885.367883,False
0.0,30,274928.903969,False
0.0,30,275240.699029,False
0.0,30,275288.037481,False
2.7,30,275329.227701,True
0.0,30,275374.443638,False
2.8,30,275421.752098,True
2.8,30,275471.871722,True
0.0,30,275514.297835,False
0.0,30,275560.136245,False
0.0,30,275601.116486,False
2.5,30,275646.877344,True
2.7,30,275690.357763,True
1.2,30,275739.628075,True
1.7,30,275789.450264,True
2.3,30,275833.463766,True
0.0,30,275873.071689,False
0.0,30,275912.439338,False
2.3,30,275957.338732,True
0.0,30,276000.585684,False
0.0,30,276051.692947,False
0.0,30,276097.874105,False
0.0,30,276147.582568,False
2.2,30,276196.255235,True
2.2,30,276248.422961,True
0.0,30,276297.552268,False
0.0,30,276349.747073,False
2.5,30,276395.341824,True
0.0,30,276439.832344,False
0.0,30,276484.725414,False
2.6,30,276533.899588,True
2.3,30,276579.951315,True
0.0,30,276631.254835,False
0.0,30,276674.487901,False
1.5,30,276724.657485,True
2.7,30,276771.62886,True
2.5,30,277061.847991,True
0.4,30,277110.462543,True
1.7,30,277153.812566,True
0.0,30,277196.362844,False
0.0,30,277247.609713,False
0.0,30,277292.954416,False
2.5,30,277336.355875,True
0.0,30,277383.572702,False
2.7,30,277426.635748,True
1.5,30,277476.42841,True
0.0,30,277526.329481,False
0.1,30,277571.159457,False
0.0,30,277626.921088,False
0.9,30,277674.554649,True
2.6,30,277716.265845,True
0.0,30,277765.005072,False
2.5,30,277811.893736,True
3.0,30,277863.649561,True
0.6,30,277908.994008,False
1.0,30,277952.256093,True
2.8,30,278007.251367,True
2.6,30,278066.696615,True
0.0,30,278111.478537,False
2.7,30,278158.172521,True
2.6,30,278199.811379,True
2.2,30,278251.872005,True
2.8,30,278302.401006,True
2.6,30,278349.894558,True
0.0,30,278392.297044,False
2.9,30,278441.57464,True
0.0,30,278490.368258,False
0.0,30,278536.960937,False
1.2,30,278579.619703,True
1.8,30,278623.336515,True
1.3,30,278942.475426,True
2.9,30,278990.746897,True
2.9,30,279044.536912,True
2.8,30,279089.513866,True
0.3,30,279132.829761,True
2.5,30,279183.515028,True
0.0,30,279230.744716,False
0.0,30,279277.492789,False
0.0,30,279330.240289,False
2.6,30,279371.109329,True
0.0,30,279412.545477,False
0.0,30,279462.906685,False
0.0,30,279504.681798,False
2.7,30,279548.54646,True
0.0,30,279595.026701,False
1.8,30,279646.496328,True
0.0,30,279691.836682,False
2.9,30,279742.618061,True
0.1,30,279793.17715,True
2.1,30,279842.331655,True
0.5,30,279888.543903,True
0.0,30,279933.030896,False
2.2,30,279977.041091,True
3.0,30,280024.17055,True
0.0,30,280072.139276,False
0.0,30,280121.5024,False
0.0,30,280165.518938,False
2.7,30,280215.799822,True
2.7,30,280260.266141,True
2.8,30,280314.650105,True
0.0,30,280359.853014,False
2.5,30,280402.092584,True
0.0,30,280457.126323,False
2.5,30,280501.310143,True
0.0,30,280548.196785,False
2.6,30,280841.957766,True
2.4,30,280887.073923,True
0.6,30,280932.272161,False
0.0,30,280981.039221,False
0.0,30,281030.006974,False
0.0,30,281075.610768,False
0.0,30,281120.288478,False
3.0,30,281164.623887,True
0.0,30,281215.165349,False
0.0,30,281259.605094,False
0.6,30,281307.189829,False
0.0,30,281353.045111,False
0.0,30,281397.104449,False
0.0,30,281439.271331,False
2.6,30,281483.44994,True
0.0,30,281538.807969,False
0.0,30,281584.266486,False
2.3,30,281630.83859,True
2.5,30,281677.671299,True
2.8,30,281727.665973,True
0.0,30,281773.174048,False
0.0,30,281818.867857,False
2.3,30,281865.02183,True
1.7,30,281914.795397,True
0.0,30,281963.204146,False
0.8,30,282012.653505,True
2.5,30,282057.78299,True
0.0,30,282103.124289,False
2.9,30,282150.410969,True
1.4,30,282196.526155,True
0.0,30,282245.891147,False
0.0,30,282297.625334,False
0.0,30,282345.563679,False
2.8,30,282400.036796,True
0.0,30,282738.185237,False
0.0,30,282783.991133,False
0.0,30,282835.371204,False
0.0,30,282894.511172,False
2.4,30,282939.400249,True
0.0,30,282988.103945,False
0.0,30,283035.992247,False
0.0,30,283083.69858,False
2.5,30,283132.782613,True
2.6,30,283188.638762,True
0.0,30,283241.085579,False
0.0,30,283287.816509,False
2.6,30,283339.198338,True
0.0,30,283382.61413,False
2.5,30,283438.021147,True
1.7,30,283487.846974,True
1.6,30,283535.870982,True
2.8,30,283585.556265,True
0.0,30,283628.910566,False
0.0,30,283679.192668,False
0.0,30,283723.702086,False
0.0,30,283774.884293,False
2.4,30,283823.859212,True
0.0,30,283868.305549,False
0.0,30,283916.399692,False
2.9,30,283964.203904,True
1.7,30,284011.408429,True
1.2,30,284058.068452,False
2.3,30,284107.462876,True
0.0,30,284153.74922,False
0.0,30,284202.190954,False
0.0,30,284253.738209,False
1.4,30,284303.214528,False
2.4,30,284349.268477,True
0.0,30,284687.448612,False
2.6,30,284738.314984,True
0.0,30,284792.127237,False
0.0,30,284842.982164,False
0.0,30,284892.194877,False
0.0,30,284941.753401,False
2.7,30,284988.097117,True
0.0,30,285032.697617,False
0.0,30,285079.304824,False
0.0,30,285131.866505,False
0.0,30,285179.017623,False
0.0,30,285220.942032,False
0.0,30,285269.045349,False
0.0,30,285315.91251,False
0.0,30,285359.411614,False
0.0,30,285412.541384,False
2.3,30,285463.530456,True
2.3,30,285510.674613,True
0.0,30,285555.819118,False
0.0,30,285600.052764,False
0.0,30,285649.801799,False
0.0,30,285702.118088,False
0.0,30,285748.860716,False
2.6,30,285795.051918,True
0.0,30,285845.920421,False
0.0,30,285895.982806,False
0.0,30,285939.146415,False
0.0,30,285988.092861,False
2.7,30,286031.718897,True
2.9,30,286083.473057,True
1.8,30,286128.871093,True
0.0,30,286181.002197,False
0.0,30,286224.561321,False
0.0,30,286278.339878,False
0.0,30,286640.202191,False
2.9,30,286694.179015,True
2.9,30,286738.137793,True
0.0,30,286787.882082,False
0.0,30,286838.980995,False
0.0,30,286881.574152,False
0.0,30,286932.003947,False
0.0,30,286979.417134,False
0.0,30,287024.204126,False
0.0,30,287067.469557,False
2.9,30,287114.453839,True
0.0,30,287159.383099,False
2.3,30,287207.120399,True
1.0,30,287260.357758,True
2.5,30,287310.116968,True
0.0,30,287360.713489,False
0.0,30,287403.465161,False
2.1,30,287453.519875,True
2.6,30,287502.451271,True
0.0,30,287552.597278,False
2.2,30,287603.264026,True
2.5,30,287649.45166,True
1.1,30,287699.069037,True
0.0,30,287742.852017,False
0.0,30,287789.958861,False
2.3,30,287840.177661,True
3.0,30,287881.691458,True
2.7,30,287924.473997,True
2.8,30,287965.068413,True
2.8,30,288013.882229,True
2.7,30,288058.454537,True
0.0,30,288109.009331,False
3.0,30,288154.298665,True
0.0,30,288198.105865,False
2.5,30,288507.340183,True
0.0,30,288555.073722,False
0.0,30,288597.689574,False
2.9,30,288636.74597,True
0.0,30,288685.55846,False
0.0,30,288732.927814,False
0.0,30,288807.702713,False
2.5,30,288855.995241,True
0.0,30,288904.674246,False
0.0,30,288947.279263,False
0.0,30,288993.855423,False
2.3,30,289040.919539,True
2.5,30,289093.272885,True
0.0,30,289136.616622,False
3.0,30,289188.119942,True
2.5,30,289241.470984,True
0.0,30,289289.064763,False
2.4,30,289335.911737,True
0.0,30,289384.078218,False
0.0,30,289424.187052,False
0.0,30,289468.318354,False
0.0,30,289518.194373,False
0.0,30,289572.669316,False
2.0,30,289611.900248,True
0.0,30,289659.424944,False
0.0,30,289703.900669,False
0.0,30,289747.971017,False
2.3,30,289797.1488,True
0.0,30,289846.498034,False
0.6,30,289905.629656,True
2.6,30,289952.816758,True
0.0,30,289999.393403,False
0.0,30,290045.787569,False
0.0,30,290102.907878,False
3.0,30,290453.115193,True
0.0,30,290498.190367,False
0.0,30,290547.488542,False
0.0,30,290596.708035,False
2.7,30,290645.364799,True
0.0,30,290689.592082,False
0.6,30,290738.144158,False
2.6,30,290780.811588,True
0.0,30,290826.354665,False
2.4,30,290873.749028,True
0.0,30,290926.640731,False
1.9,30,290989.676394,True
2.1,30,291038.159919,True
0.0,30,291085.382017,False
0.0,30,291127.904467,False
2.6,30,291171.334676,True
2.6,30,291220.268231,True
2.2,30,291263.097761,True
0.0,30,291305.939963,False
0.0,30,291356.249353,False
1.0,30,291402.384903,True
1.5,30,291444.238769,True
2.8,30,291487.178509,True
1.6,30,291535.588763,True
2.6,30,291583.442916,True
0.0,30,291626.520936,False
0.0,30,291675.805379,False
2.8,30,291725.615092,True
1.9,30,291774.106568,True
2.7,30,291825.979098,True
0.0,30,291873.451243,False
2.3,30,291917.895054,True
0.0,30,291959.263245,False
2.6,30,292006.134335,True
1.0,30,292379.387515,True
2.0,30,292436.982798,True
2.4,30,292485.37291,True
0.0,30,292530.808351,False
0.0,30,292574.515161,False
2.8,30,292632.472108,True
0.0,30,292683.676762,False
0.0,30,292734.643541,False
2.6,30,292781.56052,True
0.0,30,292821.74959,False
2.7,30,292867.407947,True
2.7,30,292908.670663,True
0.0,30,292954.255637,False
2.7,30,292995.001819,True
0.1,30,293042.604064,False
0.0,30,293092.350366,False
3.0,30,293141.484651,True
2.1,30,293193.297538,True
0.0,30,293236.093111,False
2.8,30,293282.520807,True
0.0,30,293328.40301,False
2.6,30,293376.123349,True
0.0,30,293422.667245,False
2.7,30,293466.77563,True
0.0,30,293507.809023,False
2.6,30,293550.67834,True
2.4,30,293596.607428,True
2.4,30,293644.237589,True
2.3,30,293686.059109,True
0.0,30,293736.145701,False
2.4,30,293784.377736,True
2.2,30,293834.061175,True
1.0,30,293876.763197,True
0.4,30,293924.522118,False
2.5,30,293973.499721,True
0.0,30,294286.282658,False
0.0,30,294325.585037,False
2.8,30,294368.963856,True
0.0,30,294416.848,False
0.0,30,294459.04908,False
2.9,30,294505.827386,True
2.7,30,294556.033289,True
0.0,30,294602.966453,False
0.3,30,294649.217754,False
2.3,30,294699.802216,True
2.2,30,294742.339979,True
0.0,30,294785.777059,False
1.3,30,294835.687528,True
2.1,30,294877.003135,True
1.6,30,294925.694731,True
2.1,30,294973.618993,True
0.0,30,295021.721807,False
2.4,30,295065.866853,True
2.7,30,295110.781589,True
2.8,30,295159.044247,True
2.7,30,295205.217396,True
0.0,30,295252.793343,False
2.7,30,295295.483064,True
2.7,30,295341.864958,True
2.6,30,295388.306503,True
0.0,30,295434.893384,False
0.0,30,295480.64746,False
1.8,30,295538.757868,True
0.0,30,295582.939474,False
0.0,30,295623.348722,False
2.1,30,295665.23154,True
0.0,30,295712.02193,False
0.0,30,295755.976441,False
3.0,30,295806.81784,True
2.7,30,296114.885445,True
0.0,30,296159.778934,False
0.0,30,296204.033386,False
0.0,30,296248.783726,False
0.0,30,296292.933206,False
0.0,30,296333.360985,False
0.0,30,296379.236099,False
0.0,30,296426.256955,False
0.0,30,296469.398487,False
2.7,30,296517.055659,True
0.0,30,296558.655162,False
0.0,30,296606.245867,False
2.8,30,296652.966757,True
0.0,30,296698.888099,False
0.0,30,296742.34125,False
0.0,30,296785.572809,False
1.9,30,296835.907954,True
2.4,30,296880.517639,True
0.0,30,296923.784863,False
2.5,30,296973.004012,True
2.8,30,297020.195665,True
2.2,30,297064.629356,True
2.6,30,297110.603798,True
2.3,30,297157.809022,True
0.0,30,297200.571878,False
0.0,30,297247.238144,False
2.8,30,297303.667912,True
1.3,30,297351.125837,True
0.0,30,297394.985113,False
0.0,30,297437.437723,False
0.0,30,297475.680685,False
2.1,30,297521.520783,True
0.0,30,297571.858352,False
0.0,30,297620.371709,False
0.0,30,297898.071596,False
0.0,30,297942.365543,False
2.6,30,297989.716397,True
2.5,30,298038.679217,True
1.4,30,298081.005098,False
0.0,30,298128.376656,False
1.6,30,298171.161315,True
0.0,30,298215.980747,False
2.5,30,298260.819174,True
0.0,30,298306.128544,False
2.7,30,298350.215865,True
1.3,30,298405.421592,True
2.8,30,298452.393308,True
0.0,30,298505.364871,False
2.4,30,298545.371646,True
2.7,30,298591.206504,True
2.1,30,298646.076545,True
2.6,30,298691.822644,True
3.0,30,298737.118671,True
0.0,30,298775.662442,False
0.0,30,298820.532127,False
0.0,30,298868.849741,False
0.0,30,298911.077712,False
0.0,30,298958.458414,False
0.0,30,299003.496234,False
0.0,30,299044.337431,False
2.8,30,299092.996179,True
0.0,30,299137.789483,False
2.0,30,299183.823117,True
2.3,30,299228.998358,True
2.6,30,299273.686148,True
2.5,30,299324.742275,True
2.7,30,299371.501828,True
0.0,30,299411.999903,False
2.2,30,299697.473229,True
2.9,30,299748.939782,True
0.5,30,299793.360779,True
0.0,30,299842.061649,False
2.4,30,299890.840623,True
2.8,30,299938.109518,True
0.0,30,299977.933365,False
0.0,30,300025.150673,False
0.0,30,300072.264466,False
2.2,30,300120.519669,True
2.3,30,300169.887362,True
0.0,30,300214.695342,False
2.7,30,300257.426319,True
2.6,30,300306.930038,True
0.0,30,300349.189566,False
0.0,30,300400.619515,False
2.8,30,300449.036578,True
2.5,30,300487.867796,True
0.0,30,300532.085334,False
3.0,30,300579.835785,True
0.0,30,300624.426802,False
0.0,30,300663.362221,False
1.2,30,300716.051868,True
2.7,30,300756.730619,True
1.1,30,300802.712375,False
2.4,30,300845.415171,True
0.0,30,300897.215015,False
0.0,30,300943.292524,False
0.0,30,300984.454425,False
0.0,30,301035.105603,False
2.5,30,301078.321648,True
0.0,30,301123.449817,False
0.0,30,301169.741598,False
0.0,30,301217.854074,False
0.0,30,301511.514021,False
0.0,30,301559.61937,False
0.0,30,301608.157875,False
0.0,30,301660.28824,False
2.6,30,301706.264998,True
0.0,30,301755.4759,False
2.8,30,301803.297666,True
2.9,30,301850.392926,True
0.0,30,301922.811462,False
2.7,30,301982.154196,True
2.7,30,302025.544013,True
0.0,30,302070.721819,False
2.5,30,302118.036993,True
0.0,30,302169.197222,False
0.0,30,302213.606294,False
2.6,30,302259.917473,True
0.0,30,302311.214566,False
0.0,30,302358.108257,False
0.0,30,302404.992405,False
2.8,30,302445.874501,True
0.0,30,302491.460976,False
1.9,30,302538.834795,True
2.7,30,302578.426294,True
0.0,30,302625.58269,False
2.7,30,302676.621804,True
2.5,30,302718.063347,True
0.2,30,302763.139884,False
0.0,30,302811.728682,False
0.0,30,302858.175524,False
0.1,30,302900.811737,True
0.0,30,302939.93245,False
1.8,30,302986.92677,True
2.7,30,303034.720732,True
2.7,30,303077.124446,True
0.0,30,303373.195927,False
0.0,30,303417.896894,False
2.6,30,303460.21156,True
1.9,30,303507.675598,True
0.0,30,303549.796245,False
0.0,30,303587.510243,False
0.0,30,303630.369514,False
2.4,30,303677.428726,True
0.0,30,303719.224398,False
2.6,30,303762.270161,True
0.0,30,303807.314362,False
0.0,30,303851.56447,False
2.4,30,303896.52694,True
2.5,30,303943.062778,True
0.0,30,303981.285758,False
2.8,30,304034.525553,True
0.6,30,304080.801485,True
2.0,30,304125.204777,True
0.0,30,304171.376036,False
0.0,30,304216.524916,False
0.0,30,304260.605795,False
0.0,30,304300.650878,False
0.2,30,304344.8483,True
2.3,30,304387.776417,True
0.0,30,304430.440828,False
2.7,30,304477.233482,True
0.0,30,304519.008855,False
2.8,30,304567.087691,True
2.7,30,304604.913887,True
0.0,30,304656.343641,False
0.0,30,304698.253238,False
3.0,30,304737.305104,True
2.8,30,304779.326183,True
0.0,30,304827.430946,False
0.0,30,305117.157696,False
2.4,30,305160.437657,True
0.0,30,305209.856344,False
0.0,30,305254.737319,False
2.7,30,305293.590008,True
2.4,30,305336.096182,True
2.7,30,305379.568642,True
0.0,30,305431.845463,False
0.0,30,305479.13313,False
0.5,30,305525.181649,True
1.0,30,305573.268032,True
2.5,30,305618.683874,True
2.9,30,305663.09142,True
0.0,30,305710.335751,False
1.9,30,305760.023077,True
2.6,30,305809.702194,True
1.2,30,305854.396384,True
0.0,30,305898.620133,False
0.0,30,305939.602214,False
0.0,30,305983.196121,False
0.0,30,306024.77519,False
0.0,30,306076.225752,False
2.4,30,306121.468897,True
2.9,30,306168.388921,True
0.0,30,306213.6586,False
2.5,30,306258.183366,True
0.0,30,306302.344555,False
3.0,30,306349.618694,True
2.4,30,306395.817161,True
0.1,30,306450.872513,False
2.3,30,306502.167697,True
2.7,30,306551.234043,True
0.0,30,306596.74016,False
0.0,30,306640.176668,False
2.6,30,306948.780884,True
0.0,30,306993.268568,False
0.0,30,307036.29423,False
0.0,30,307082.858901,False
2.4,30,307130.836686,True
2.0,30,307174.526701,True
2.5,30,307223.899437,True
0.0,30,307270.948707,False
0.0,30,307319.146883,False
0.0,30,307364.825901,False
3.0,30,307416.427565,True
2.2,30,307456.674653,True
2.8,30,307500.797357,True
0.0,30,307546.16476,False
0.0,30,307588.828747,False
0.0,30,307639.914335,False
0.0,30,307682.118696,False
0.0,30,307730.747867,False
2.6,30,307774.02485,True
2.6,30,307817.12127,True
0.0,30,307864.228964,False
0.0,30,307912.344217,False
0.0,30,307964.012042,False
0.0,30,308012.357206,False
0.0,30,308057.477526,False
2.3,30,308100.902382,True
2.7,30,308145.163821,True
1.3,30,308192.180465,True
0.0,30,308234.041919,False
0.0,30,308280.742145,False
1.7,30,308325.419338,True
2.2,30,308369.827719,True
0.0,30,308411.783905,False
0.0,30,308457.367781,False
0.3,30,308497.779466,False
0.0,30,308823.77197,False
2.7,30,308867.118905,True
0.0,30,308915.803114,False
3.0,30,308965.188581,True
2.5,30,309006.131371,True
1.5,30,309051.256726,True
0.0,30,309102.894621,False
0.8,30,309146.933041,True
1.8,30,309188.355308,True
0.0,30,309240.105395,False
2.9,30,309293.984815,True
1.4,30,309337.323852,True
0.0,30,309383.850772,False
0.0,30,309426.334639,False
2.9,30,309473.795504,True
2.6,30,309520.973073,True
2.4,30,309565.617716,True
0.0,30,309612.353278,False
0.1,30,309668.958013,True
2.2,30,309711.323649,True
2.9,30,309757.666779,True
2.7,30,309803.184288,True
2.2,30,309847.346677,True
2.2,30,309893.173738,True
0.0,30,309940.810667,False
0.0,30,309985.50846,False
2.8,30,310031.095656,True
0.0,30,310075.510448,False
0.0,30,310125.636263,False
2.7,30,310170.89131,True
0.0,30,310217.935734,False
0.0,30,310266.875489,False
2.7,30,310314.271746,True
0.0,30,310358.303056,False
0.0,30,310690.478119,False
2.8,30,310735.371297,True
0.0,30,310786.528557,False
0.0,30,310829.319845,False
1.6,30,310879.941895,True
2.4,30,310926.425736,True
2.3,30,310975.338225,True
0.0,30,311026.773944,False
2.5,30,311072.668758,True
0.0,30,311122.67967,False
0.0,30,311168.326139,False
0.0,30,311211.345203,False
0.0,30,311256.45495,False
0.0,30,311302.249717,False
0.0,30,311346.676131,False
0.0,30,311391.181726,False
2.2,30,311438.008238,True
0.0,30,311482.631854,False
0.0,30,311528.111204,False
1.8,30,311577.566252,True
2.6,30,311620.17151,True
0.0,30,311672.657428,False
1.8,30,311720.148313,True
2.4,30,311799.815474,True
2.6,30,311848.874591,True
0.0,30,311892.94561,False
0.0,30,311940.407886,False
2.8,30,311982.707969,True
0.0,30,312030.454763,False
2.8,30,312076.554118,True
2.8,30,312139.211383,True
2.3,30,312191.850538,True
0.0,30,312247.943381,False
0.0,30,312310.267906,False
0.0,30,312605.854668,False
2.5,30,312652.905337,True
0.0,30,312697.728748,False
2.5,30,312742.598999,True
0.0,30,312790.058783,False
2.8,30,312831.310687,True
2.8,30,312877.07382,True
0.0,30,312922.213877,False
1.3,30,312972.302147,True
0.0,30,313018.142122,False
0.7,30,313063.118248,True
0.0,30,313109.633139,False
0.0,30,313156.188602,False
2.2,30,313199.055898,True
0.0,30,313246.620647,False
1.6,30,313293.083983,True
3.0,30,313337.850952,True
2.2,30,313380.561024,True
0.0,30,313426.018039,False
1.1,30,313477.596627,False
0.0,30,313525.43714,False
0.0,30,313567.446914,False
2.3,30,313613.595788,True
0.0,30,313665.541582,False
0.0,30,313710.301355,False
2.6,30,313757.792809,True
2.7,30,313803.569081,True
2.5,30,313848.699464,True
1.9,30,313896.917095,True
2.6,30,313946.061468,False
2.4,30,313996.043901,True
0.0,30,314037.901286,False
0.0,30,314087.19523,False
0.0,30,314133.755523,False
0.0,30,314440.320041,False
2.4,30,314484.781303,True
0.0,30,314533.878419,False
0.0,30,314575.277224,False
2.5,30,314623.037596,True
0.0,30,314669.184499,False
0.0,30,314716.273884,False
0.0,30,314774.135047,False
2.5,30,314818.640521,True
2.8,30,314866.876035,True
0.0,30,314910.992204,False
2.8,30,314957.303528,True
2.7,30,315004.312639,True
0.0,30,315047.450031,False
0.0,30,315084.41692,False
2.3,30,315131.272774,True
0.0,30,315177.701175,False
2.4,30,315225.365394,True
2.4,30,315273.907061,True
0.0,30,315317.167499,False
0.0,30,315360.672694,False
2.5,30,315403.063965,True
0.0,30,315448.210034,False
2.6,30,315489.084715,True
3.0,30,315535.133995,True
0.0,30,315583.979076,False
0.0,30,315624.293308,False
0.0,30,315674.214031,False
0.3,30,315716.958552,True
0.0,30,315772.76054,False
2.5,30,315814.695662,True
2.6,30,315859.799315,True
0.0,30,315903.983139,False
0.0,30,315948.456859,False
2.2,30,316265.119779,True
2.6,30,316313.760871,True
0.0,30,316356.000626,False
1.6,30,316402.720617,True
1.7,30,316444.456019,True
0.0,30,316492.242128,False
0.0,30,316535.976252,False
2.4,30,316582.831772,True
2.1,30,316624.922592,True
2.7,30,316669.63186,True
2.3,30,316719.272347,True
0.0,30,316765.753368,False
2.5,30,316810.491797,True
1.9,30,316856.521485,True
3.0,30,316900.093875,True
2.5,30,316943.252197,True
0.0,30,316990.370119,False
0.0,30,317036.666211,False
2.4,30,317087.961187,True
2.1,30,317134.82658,True
0.0,30,317179.767847,False
2.0,30,317225.580131,True
0.0,30,317273.114683,False
0.0,30,317320.839317,False
2.3,30,317365.324942,True
2.5,30,317408.686694,True
2.3,30,317449.894572,True
2.6,30,317492.165612,True
2.2,30,317538.819125,True
0.0,30,317586.475275,False
2.7,30,317638.126499,True
2.6,30,317680.854592,True
1.8,30,317720.535773,True
2.5,30,317771.318803,True
1.9,30,318086.562025,True
2.4,30,318135.005297,True
0.0,30,318176.161024,False
0.0,30,318220.143174,False
0.0,30,318260.529155,False
3.0,30,318304.585569,True
0.0,30,318344.999851,False
0.0,30,318388.648496,False
0.0,30,318433.536654,False
2.5,30,318478.912942,True
2.5,30,318523.429111,True
2.8,30,318565.801255,True
1.1,30,318607.980542,True
1.5,30,318650.291715,True
0.0,30,318695.807949,False
2.9,30,318744.381979,True
0.0,30,318789.871489,False
1.9,30,318837.904846,True
0.0,30,318887.528015,False
0.0,30,318939.175183,False
0.0,30,318984.866457,False
2.6,30,319023.607744,True
0.0,30,319069.590096,False
1.8,30,319117.679445,True
1.5,30,319160.812703,True
0.0,30,319204.146224,False
0.0,30,319245.827073,False
0.0,30,319285.723951,False
0.0,30,319330.213877,False
0.0,30,319374.647785,False
2.7,30,319419.727387,True
2.6,30,319466.001775,True
0.0,30,319514.915385,False
0.0,30,319559.631812,False
3.0,30,319862.166642,True
2.3,30,319905.912476,True
0.0,30,319951.691614,False
0.0,30,320000.332477,False
1.9,30,320050.009549,True
2.6,30,320096.994489,True
1.6,30,320144.056969,True
0.0,30,320189.742161,False
1.5,30,320237.405411,True
2.6,30,320284.172397,True
0.0,30,320328.319789,False
0.0,30,320370.865901,False
3.0,30,320414.732122,True
0.0,30,320461.682724,False
0.0,30,320506.129496,False
0.0,30,320549.733975,False
2.3,30,320595.26843,True
2.4,30,320640.807538,True
2.8,30,320690.545083,True
2.9,30,320734.835128,True
2.2,30,320779.040379,True
0.0,30,320825.351875,False
0.0,30,320870.660509,False
0.0,30,320912.123924,False
0.0,30,320959.250419,False
2.3,30,321004.447722,True
0.0,30,321049.911524,False
2.2,30,321095.737806,True
0.0,30,321144.130326,False
0.0,30,321186.31406,False
0.0,30,321243.318213,False
0.0,30,321291.077019,False
2.6,30,321335.211189,True
2.8,30,321402.996559,True
2.5,30,321449.333171,True
2.7,30,321744.823242,True
0.0,30,321790.692647,False
2.7,30,321836.430106,True
2.7,30,321881.758717,True
0.0,30,321936.465482,False
2.7,30,321982.339434,True
1.7,30,322025.165782,True
0.2,30,322072.122015,False
0.0,30,322122.047686,False
2.4,30,322170.171172,False
0.0,30,322210.673879,False
0.0,30,322257.422689,False
2.5,30,322299.409734,True
2.5,30,322343.593431,True
0.0,30,322394.518199,False
2.2,30,322444.084595,True
0.0,30,322487.078305,False
0.0,30,322532.557275,False
2.9,30,322581.177897,True
2.6,30,322628.133277,True
0.0,30,322686.99788,False
0.0,30,322731.116101,False
0.0,30,322775.880967,False
2.7,30,322820.15351,True
0.0,30,322863.040282,False
2.8,30,322915.15309,True
2.8,30,322963.167745,True
0.0,30,323021.907495,False
0.0,30,323071.772917,False
0.0,30,323119.346629,False
2.7,30,323168.037899,True
2.8,30,323224.603726,True
0.0,30,323265.353694,False
0.0,30,323316.030446,False
2.7,30,323647.505072,True
0.0,30,323697.795909,False
2.2,30,323741.923517,True
0.0,30,323785.436188,False
0.0,30,323829.537147,False
0.0,30,323874.196618,False
2.7,30,323920.794179,True
2.5,30,323964.154601,True
0.0,30,324007.401085,False
0.0,30,324050.208313,False
0.0,30,324094.211686,False
0.9,30,324153.910105,False
0.0,30,324200.830574,False
0.0,30,324253.621918,False
0.0,30,324303.28098,False
2.7,30,324343.08496,True
0.0,30,324388.254704,False
2.6,30,324432.457533,True
0.0,30,324477.823186,False
2.4,30,324521.984533,True
2.9,30,324566.633381,True
0.0,30,324615.286563,False
2.8,30,324664.532416,True
0.0,30,324711.205171,False
0.0,30,324755.172534,False
0.0,30,324806.239064,False
0.0,30,324848.441346,False
2.7,30,324891.751216,True
2.5,30,324950.338736,True
0.0,30,324991.919619,False
2.7,30,325034.347359,True
0.0,30,325085.63749,False
2.1,30,325129.659269,True
2.6,30,325176.88203,True
0.0,30,325510.066969,False
0.0,30,325553.121187,False
0.0,30,325597.585462,False
1.8,30,325663.512898,True
0.0,30,325714.428838,False
1.5,30,325759.646179,True
0.0,30,325806.898432,False
0.0,30,325854.204769,False
2.2,30,325897.526352,True
0.0,30,325944.999857,False
0.0,30,325991.228782,False
0.0,30,326042.960016,False
2.7,30,326094.508857,True
2.6,30,326145.483967,True
2.3,30,326189.497671,True
0.0,30,326230.123839,False
2.7,30,326275.174859,True
2.5,30,326323.130693,True
2.5,30,326367.907962,True
0.0,30,326416.252221,False
0.0,30,326467.180921,False
2.1,30,326512.753757,True
0.0,30,326557.587217,False
2.6,30,326605.187684,True
2.2,30,326652.500065,True
2.7,30,326698.239358,True
0.0,30,326739.026268,False
3.0,30,326797.839928,True
3.0,30,326837.853758,True
0.0,30,326885.332616,False
0.0,30,326930.712322,False
0.0,30,326988.506681,False
0.0,30,327036.067436,False
0.0,30,327079.681948,False
0.0,30,327393.109664,False
0.0,30,327438.067219,False
0.0,30,327483.537959,False
2.6,30,327530.303593,True
2.7,30,327572.764259,True
0.0,30,327626.382485,False
0.0,30,327670.240716,False
0.0,30,327716.344891,False
0.0,30,327764.367031,False
2.3,30,327806.878277,False
2.5,30,327851.471818,True
0.0,30,327896.84884,False
2.7,30,327944.428172,True
0.0,30,327991.042629,False
0.0,30,328040.37377,False
0.0,30,328088.243643,False
0.0,30,328135.796416,False
0.0,30,328180.306027,False
0.0,30,328229.901026,False
2.7,30,328279.041603,True
0.0,30,328321.158175,False
2.8,30,328367.841578,True
2.5,30,328411.322176,True
2.0,30,328452.06272,True
0.0,30,328496.299134,False
0.0,30,328536.029311,False
0.0,30,328578.639907,False
1.6,30,328626.577805,True
2.8,30,328672.688314,True
0.0,30,328718.031898,False
0.0,30,328765.590755,False
0.0,30,328809.367092,False
0.0,30,328850.188606,False
3.0,30,328900.063201,True
1.9,30,329187.170388,True
0.0,30,329233.707847,False
0.8,30,329274.279007,True
0.0,30,329317.08762,False
2.6,30,329360.622272,True
2.8,30,329406.639892,True
0.0,30,329451.586461,False
2.4,30,329497.768952,True
0.0,30,329546.585748,False
2.7,30,329590.438233,True
0.0,30,329633.16374,False
2.3,30,329681.575182,True
1.8,30,329731.65092,True
0.0,30,329772.577197,False
0.0,30,329816.9575,False
0.0,30,329868.965384,False
2.4,30,329913.320616,True
0.0,30,329959.379615,False
2.6,30,330012.727523,True
2.7,30,330059.672796,True
0.0,30,330099.02755,False
2.2,30,330143.611007,True
2.6,30,330184.675798,True
2.8,30,330231.211769,True
0.0,30,330277.211224,False
0.8,30,330322.810017,False
0.0,30,330364.645955,False
0.0,30,330413.997407,False
0.0,30,330463.513041,False
0.0,30,330502.172023,False
3.0,30,330546.069905,True
0.9,30,330596.237704,True
0.0,30,330643.419504,False
2.7,30,330688.211174,True
0.0,30,330989.973502,False
0.0,30,331031.953181,False
0.0,30,331079.803633,False
0.0,30,331120.61399,False
0.0,30,331175.56577,False
2.7,30,331227.325183,True
2.7,30,331271.693867,True
0.0,30,331317.300616,False
0.0,30,331364.431277,False
0.0,30,331407.636926,False
2.9,30,331452.425426,True
0.0,30,331502.545335,False
0.0,30,331545.381312,False
0.0,30,331602.000767,False
0.0,30,331651.983008,False
2.8,30,331693.158956,True
0.0,30,331731.984045,False
2.5,30,331775.994298,True
0.0,30,331824.646065,False
1.4,30,331870.30208,True
2.8,30,331920.217651,True
0.0,30,331963.485121,False
2.9,30,332009.004792,True
0.0,30,332059.931493,False
2.4,30,332105.25059,True
0.0,30,332154.783295,False
2.9,30,332198.672305,True
2.6,30,332240.777496,True
0.0,30,332285.070463,False
0.0,30,332324.582467,False
2.4,30,332366.159429,True
2.4,30,332406.269494,True
2.0,30,332451.321966,True
0.0,30,332497.698146,False
2.5,30,332810.107458,True
2.6,30,332853.554802,True
0.0,30,332899.868152,False
1.5,30,332943.650038,False
0.0,30,332990.331788,False
2.4,30,333036.516263,True
0.0,30,333077.660003,False
3.0,30,333126.522561,True
0.0,30,333174.277975,False
2.6,30,333218.642039,True
0.0,30,333263.977894,False
1.7,30,333310.397494,True
2.7,30,333360.903325,True
1.5,30,333404.77987,True
0.0,30,333460.719153,False
2.9,30,333505.77614,True
2.9,30,333553.116904,True
0.0,30,333602.002104,False
0.0,30,333648.974751,False
1.4,30,333690.712074,False
1.8,30,333740.47513,True
1.1,30,333794.545494,False
2.4,30,333852.194071,True
2.6,30,333897.042395,True
1.9,30,333937.862928,True
2.9,30,333990.086106,True
2.9,30,334031.559862,True
2.4,30,334074.57764,True
2.5,30,334117.133085,True
0.0,30,334163.828744,False
2.8,30,334208.137911,True
2.4,30,334253.255763,False
0.0,30,334297.603183,False
2.7,30,334342.767568,True
2.7,30,334641.364303,True
2.8,30,334685.777152,True
0.0,30,334733.906334,False
0.0,30,334788.98062,False
0.0,30,334832.999002,False
0.0,30,334878.545981,False
0.0,30,334922.635531,False
0.0,30,334967.428924,False
2.4,30,335018.016335,True
0.0,30,335062.871023,False
0.0,30,335107.186023,False
0.0,30,335150.174846,False
0.0,30,335196.882858,False
2.7,30,335248.348969,True
0.0,30,335298.601002,False
1.8,30,335345.458117,True
2.6,30,335386.821345,True
0.0,30,335428.249779,False
0.0,30,335472.797134,False
3.0,30,335520.172769,True
0.0,30,335565.500382,False
0.0,30,335624.840875,False
3.0,30,335670.141574,True
0.0,30,335716.123178,False
2.6,30,335774.467274,True
2.7,30,335820.1824,True
0.0,30,335866.174856,False
2.8,30,335907.694438,True
0.0,30,335956.234559,False
2.8,30,336003.476864,True
0.0,30,336050.837228,False
0.0,30,336100.714,False
0.0,30,336145.333478,False
2.5,30,336191.82383,True
1.4,30,336235.261597,False
0.0,30,336497.49562,False
0.0,30,336544.285083,False
0.0,30,336589.246092,False
2.7,30,336655.712128,True
2.6,30,336697.638984,True
0.0,30,336744.000139,False
0.0,30,336790.715864,False
0.0,30,336834.395392,False
2.8,30,336877.115384,True
2.8,30,336923.062101,True
2.6,30,336962.324083,True
0.0,30,337009.220858,False
0.6,30,337055.591716,True
0.0,30,337098.103525,False
0.7,30,337143.703616,True
2.4,30,337184.506822,True
0.0,30,337232.091011,False
0.0,30,337273.566299,False
0.0,30,337319.930417,False
0.0,30,337360.670543,False
0.0,30,337403.773341,False
2.9,30,337447.19762,True
0.0,30,337490.056913,False
2.4,30,337539.936833,True
0.0,30,337580.671489,False
0.0,30,337625.762271,False
0.0,30,337662.481617,False
0.0,30,337705.544829,False
2.6,30,337749.903855,True
2.5,30,337799.831861,True
2.5,30,337843.866481,True
0.0,30,337888.590447,False
0.0,30,337929.261426,False
0.0,30,337971.412144,False
0.0,30,338266.238843,False
0.0,30,338315.364285,False
1.1,30,338364.828739,True
0.0,30,338414.255105,False
0.0,30,338478.363619,False
2.7,30,338522.787752,True
0.0,30,338569.581495,False
2.9,30,338608.822304,True
0.0,30,338650.749756,False
0.0,30,338695.123948,False
2.7,30,338737.118745,True
2.0,30,338783.35763,True
0.0,30,338830.944715,False
2.6,30,338876.362238,True
2.5,30,338917.847489,True
3.0,30,338960.554555,True
2.5,30,339004.68208,True
2.3,30,339050.877537,True
1.8,30,339095.030499,False
0.0,30,339142.587682,False
2.6,30,339188.619643,True
0.0,30,339234.047532,False
2.0,30,339275.68509,True
0.0,30,339316.168398,False
0.0,30,339357.999245,False
1.5,30,339402.665534,True
0.0,30,339450.946809,False
0.0,30,339495.142679,False
2.8,30,339538.231527,True
2.5,30,339584.730256,True
2.8,30,339628.484655,True
0.0,30,339673.775293,False
0.0,30,339719.792293,False
2.4,30,339760.501794,True
2.6,30,340052.140762,True
1.9,30,340100.664012,False
2.3,30,340142.786638,True
2.5,30,340188.544929,True
2.6,30,340231.75868,True
0.0,30,340278.740805,False
0.0,30,340326.129109,False
0.0,30,340374.236582,False
2.8,30,340420.774807,True
0.0,30,340469.077608,False
2.5,30,340517.920115,True
0.0,30,340564.954034,False
2.3,30,340610.378371,True
0.0,30,340653.772892,False
3.0,30,340695.975113,True
0.0,30,340740.90363,False
0.0,30,340787.336158,False
0.0,30,340832.191412,False
2.9,30,340877.826848,True
0.0,30,340930.094904,False
2.9,30,340974.344108,True
0.0,30,341019.51357,False
0.0,30,341065.992273,False
0.0,30,341104.795934,False
0.0,30,341145.454294,False
1.3,30,341192.742846,False
2.6,30,341237.991242,True
0.0,30,341282.409774,False
0.0,30,341328.515657,False
2.2,30,341379.939512,True
0.0,30,341425.59407,False
0.0,30,341469.326992,False
0.0,30,341516.159645,False
0.0,30,341556.874274,False
2.6,30,341861.260721,True
1.8,30,341909.460262,True
0.0,30,341958.162814,False
2.8,30,342007.415799,True
2.9,30,342058.71436,True
2.7,30,342105.878503,True
0.0,30,342152.195134,False
2.6,30,342194.149916,True
2.4,30,342240.337375,True
1.1,30,342279.114934,True
2.3,30,342323.165346,True
0.0,30,342365.54925,False
0.0,30,342410.24959,False
2.7,30,342454.964314,True
2.4,30,342496.855892,True
2.5,30,342544.452202,True
2.8,30,342588.801751,True
2.8,30,342636.515639,True
1.8,30,342682.816118,False
0.0,30,342728.673947,False
1.0,30,342773.179825,True
0.9,30,342813.680722,True
2.4,30,342859.269483,True
2.4,30,342908.726523,True
2.3,30,342953.577606,True
0.0,30,342997.908401,False
2.8,30,343043.481939,True
3.0,30,343092.378275,True
2.0,30,343136.270735,True
2.7,30,343182.312856,True
1.3,30,343226.45918,True
0.0,30,343271.345649,False
2.3,30,343316.996771,True
1.4,30,343365.503662,True
2.7,30,343668.786194,True
0.0,30,343719.437306,False
0.0,30,343765.277419,False
0.0,30,343820.540758,False
0.0,30,343864.483003,False
0.0,30,343911.356282,False
0.0,30,343955.570514,False
0.0,30,344001.464368,False
0.0,30,344046.127062,False
0.0,30,344095.972748,False
2.3,30,344141.666423,True
0.0,30,344185.1883,False
2.4,30,344235.723204,True
2.7,30,344285.451835,True
2.5,30,344332.225623,True
2.5,30,344378.071071,True
2.8,30,344424.287724,True
3.0,30,344467.784935,True
0.0,30,344511.469662,False
2.7,30,344560.368927,True
2.9,30,344605.864616,True
2.0,30,344653.979575,True
0.0,30,344696.646186,False
2.5,30,344749.335832,True
2.6,30,344790.481122,True
0.0,30,344837.786708,False
2.6,30,344876.720029,True
0.0,30,344920.868882,False
0.0,30,344972.990513,False
0.0,30,345013.963177,False
2.0,30,345061.604501,True
0.0,30,345103.829318,False
2.5,30,345143.3506,True
2.8,30,345186.270855,True
1.6,30,345462.911662,True
0.0,30,345507.714343,False
0.0,30,345553.523735,False
2.5,30,345605.238399,True
0.0,30,345650.029827,False
0.0,30,345694.148836,False
2.8,30,345739.663438,True
0.0,30,345791.50477,False
2.0,30,345832.830418,True
2.3,30,345876.841794,True
2.5,30,345917.125685,True
0.0,30,345963.097972,False
1.8,30,346004.323007,True
0.0,30,346044.224274,False
0.0,30,346092.518227,False
2.5,30,346137.383309,True
2.6,30,346197.982012,True
2.1,30,346243.779146,True
2.7,30,346286.910447,True
2.8,30,346329.049159,True
0.0,30,346374.380772,False
0.0,30,346422.858021,False
2.7,30,346465.006577,True
0.0,30,346513.004042,False
0.0,30,346559.478591,False
2.8,30,346611.647478,True
2.1,30,346660.90251,True
2.5,30,346709.019191,True
3.0,30,346756.359024,True
2.3,30,346801.397642,True
0.0,30,346849.716616,False
0.0,30,346890.132123,False
2.4,30,346930.752068,True
2.8,30,346974.38295,True
0.0,30,347291.870664,False
2.5,30,347335.943715,True
2.8,30,347382.148001,True
0.0,30,347426.542944,False
0.0,30,347481.898606,False
2.8,30,347527.335822,True
2.6,30,347572.835812,True
0.0,30,347614.5212,False
2.7,30,347656.246135,True
0.0,30,347704.765475,False
2.8,30,347751.198531,True
2.8,30,347797.24046,True
2.3,30,347837.250363,True
0.0,30,347885.523818,False
0.0,30,347931.678101,False
2.6,30,347977.640891,True
2.6,30,348025.706726,True
0.0,30,348070.384419,False
2.7,30,348116.875401,True
2.7,30,348162.477564,True
0.0,30,348208.076993,False
3.0,30,348255.553715,True
3.0,30,348299.304969,True
0.0,30,348345.456688,False
1.4,30,348391.660851,True
1.0,30,348440.416673,True
1.7,30,348489.189519,False
2.7,30,348535.395763,True
0.0,30,348574.745925,False
0.0,30,348623.945026,False
2.6,30,348664.707911,True
2.7,30,348707.893088,True
2.8,30,348753.434814,True
0.0,30,348797.925692,False
0.0,30,348840.407428,False
1.8,30,349169.740246,True
2.3,30,349215.418796,True
2.5,30,349263.52138,True
0.0,30,349333.876438,False
3.0,30,349383.281342,True
0.0,30,349429.819066,False
0.0,30,349474.849945,False
2.2,30,349521.476613,True
2.7,30,349570.466395,True
0.0,30,349611.11894,False
1.5,30,349661.390759,True
2.3,30,349710.090457,True
0.0,30,349754.383643,False
0.0,30,349819.829489,False
0.0,30,349861.997518,False
2.7,30,349910.148741,True
0.0,30,349956.278473,False
1.9,30,350006.243346,True
0.0,30,350053.022771,False
0.0,30,350093.790938,False
2.8,30,350137.926877,True
0.2,30,350184.875059,True
0.0,30,350226.169169,False
2.9,30,350272.58258,True
2.1,30,350328.086718,True
0.0,30,350379.444517,False
0.0,30,350428.4096,False
0.0,30,350469.859375,False
2.8,30,350514.741589,True
0.0,30,350556.573747,False
0.0,30,350600.017384,False
0.7,30,350646.037488,True
0.0,30,350693.480603,False
0.0,30,350736.589817,False
0.0,30,351036.542526,False
2.6,30,351079.022741,True
1.5,30,351127.485974,True
2.8,30,351173.483743,True
1.3,30,351223.850503,True
2.6,30,351271.408433,True
3.0,30,351317.525659,True
2.6,30,351366.456748,True
1.5,30,351415.627676,True
2.6,30,351457.683509,True
0.0,30,351507.980895,False
0.0,30,351555.978141,False
2.5,30,351605.10977,True
2.8,30,351653.893176,True
2.8,30,351699.427754,True
2.4,30,351750.863273,True
2.4,30,351794.225989,True
2.9,30,351836.623006,True
0.0,30,351878.953287,False
0.0,30,351929.015797,False
0.0,30,351985.204794,False
0.0,30,352027.133374,False
0.0,30,352073.913422,False
0.0,30,352118.819842,False
2.4,30,352165.512433,False
0.0,30,352211.36075,False
2.5,30,352259.129277,True
1.2,30,352301.509127,True
2.7,30,352349.114547,True
2.5,30,352390.992722,True
2.5,30,352440.483143,True
2.6,30,352486.020882,True
1.9,30,352532.639671,True
2.8,30,352579.841829,True
0.0,30,352880.691694,False
0.0,30,352923.420485,False
2.7,30,352972.952225,True
2.5,30,353020.906667,True
1.9,30,353066.708241,True
0.0,30,353103.803955,False
0.0,30,353148.511006,False
0.0,30,353194.872345,False
2.8,30,353238.510414,True
0.0,30,353292.40829,False
0.0,30,353339.505363,False
2.8,30,353388.636911,True
0.0,30,353431.772346,False
0.0,30,353482.512488,False
2.7,30,353527.05032,True
2.8,30,353569.551955,True
2.6,30,353615.084661,True
1.1,30,353663.004704,True
0.0,30,353708.161504,False
2.8,30,353749.671646,True
2.4,30,353796.711532,True
0.0,30,353844.600641,False
3.0,30,353888.558484,True
2.7,30,353930.487246,True
2.7,30,353978.164626,True
0.0,30,354019.195124,False
0.0,30,354066.545815,False
0.0,30,354115.314273,False
2.6,30,354159.977096,True
0.0,30,354206.89741,False
0.3,30,354256.408117,True
0.0,30,354294.124731,False
0.0,30,354342.26487,False
0.6,30,354387.407081,True
0.0,30,354718.404432,False
2.7,30,354767.959174,True
0.0,30,354811.970294,False
1.1,30,354857.14681,True
0.0,30,354905.746191,False
0.0,30,354948.035576,False
2.8,30,354994.685681,True
0.0,30,355040.226799,False
2.8,30,355092.214025,True
2.1,30,355134.643508,True
2.1,30,355180.921374,True
0.0,30,355224.067003,False
2.6,30,355276.89184,True
3.0,30,355316.535619,True
2.4,30,355360.504598,True
0.0,30,355405.143136,False
0.0,30,355450.81512,False
0.0,30,355496.687542,False
0.0,30,355549.41579,False
0.0,30,355593.864735,False
2.0,30,355635.771508,True
2.8,30,355678.554952,True
0.0,30,355726.347137,False
0.0,30,355787.856898,False
0.0,30,355833.487569,False
2.0,30,355877.526329,True
3.0,30,355921.758771,True
1.5,30,355966.187477,True
0.0,30,356018.542297,False
0.0,30,356067.866973,False
0.0,30,356113.328596,False
1.8,30,356159.242053,True
0.0,30,356203.825132,False
0.0,30,356250.508176,False
0.0,30,356563.098317,False
0.0,30,356605.651152,False
2.6,30,356649.980535,True
2.7,30,356691.591549,True
0.2,30,356739.535891,False
0.5,30,356785.732294,True
0.0,30,356829.326793,False
0.0,30,356881.066338,False
0.0,30,356926.64803,False
2.6,30,356970.823718,True
2.6,30,357027.594479,True
0.0,30,357074.564265,False
1.5,30,357126.34784,True
0.0,30,357172.542593,False
0.0,30,357221.278566,False
2.8,30,357271.072819,True
2.7,30,357321.398977,True
0.0,30,357375.689992,False
2.7,30,357426.568927,True
2.6,30,357470.986725,True
0.0,30,357519.698097,False
1.7,30,357566.726587,True
2.8,30,357613.006618,True
0.0,30,357660.372405,False
2.8,30,357708.901924,True
2.7,30,357753.390149,True
2.8,30,357795.284435,True
0.0,30,357837.898231,False
0.0,30,357881.475031,False
0.0,30,357925.535155,False
0.0,30,357979.759344,False
2.0,30,358024.887348,True
0.0,30,358070.600987,False
1.5,30,358120.876271,True
2.4,30,358446.350948,True
2.3,30,358495.140508,True
0.2,30,358540.62664,False
0.0,30,358584.840307,False
0.0,30,358636.270457,False
2.7,30,358682.122704,True
0.0,30,358723.41414,False
0.0,30,358769.142756,False
0.0,30,358811.180562,False
0.0,30,358855.465409,False
0.0,30,358904.649883,False
2.7,30,358953.800271,True
0.0,30,358996.915165,False
0.0,30,359040.314652,False
2.7,30,359085.001384,True
2.3,30,359128.051437,True
0.0,30,359176.018695,False
2.8,30,359222.479165,True
0.0,30,359276.709226,False
2.7,30,359324.947997,False
0.0,30,359368.947633,False
2.4,30,359419.287779,True
2.7,30,359458.941003,True
0.0,30,359504.820586,False
0.0,30,359547.747343,False
2.5,30,359592.099741,True
2.5,30,359638.786715,True
0.0,30,359681.089333,False
2.7,30,359727.572324,True
0.7,30,359769.688905,True
0.0,30,359822.013134,False
0.0,30,359868.490367,False
0.0,30,359913.556839,False
2.6,30,359969.466539,True
0.6,30,360290.434823,True
0.0,30,360329.332978,False
2.3,30,360380.46526,True
0.0,30,360425.835779,False
0.3,30,360474.551637,True
0.0,30,360523.308761,False
0.0,30,360567.770909,False
0.0,30,360613.181385,False
0.0,30,360662.861614,False
0.0,30,360706.475894,False
2.6,30,360745.246289,True
2.7,30,360789.575162,True
0.0,30,360835.93269,False
3.0,30,360886.581467,True
2.5,30,360933.193708,True
2.7,30,360977.110335,True
2.6,30,361021.969042,True
0.0,30,361069.704818,False
0.0,30,361116.476657,False
0.0,30,361164.510178,False
2.9,30,361210.930603,True
0.0,30,361251.353915,False
2.7,30,361298.690674,True
0.0,30,361342.998994,False
0.0,30,361386.918694,False
0.0,30,361429.596724,False
0.0,30,361475.022429,False
2.7,30,361521.053547,True
2.8,30,361568.044011,True
2.4,30,361617.841943,True
3.0,30,361661.54769,True
3.0,30,361708.299705,True
2.5,30,361753.733708,True
0.0,30,361800.908763,False
2.3,30,362117.721144,True
0.0,30,362161.982465,False
2.6,30,362206.062777,True
0.0,30,362267.706276,False
0.0,30,362312.806583,False
1.6,30,362357.541797,True
0.0,30,362405.489727,False
0.0,30,362450.274765,False
0.0,30,362499.981206,False
2.6,30,362548.402369,True
0.0,30,362596.685188,False
2.5,30,362646.783517,True
0.0,30,362689.160638,False
2.4,30,362739.417381,True
2.3,30,362777.992055,True
0.0,30,362817.20725,False
0.0,30,362863.82453,False
0.0,30,362912.166591,False
0.0,30,362960.870021,False
0.0,30,363004.833991,False
0.0,30,363054.166918,False
2.5,30,363104.998708,True
0.0,30,363148.543319,False
3.0,30,363192.988974,True
2.4,30,363241.297501,True
0.0,30,363290.428453,False
2.5,30,363339.950389,True
0.0,30,363387.899169,False
2.8,30,363436.551876,True
0.0,30,363488.549693,False
0.0,30,363532.1568,False
2.6,30,363580.875338,True
2.6,30,363629.750176,True
0.0,30,363675.931423,False
2.8,30,363721.635819,True
0.0,30,364025.383543,False
2.6,30,364072.304175,True
2.7,30,364117.172615,True
1.0,30,364165.59601,True
2.0,30,364210.072023,True
2.7,30,364250.352863,True
1.5,30,364298.456349,True
2.6,30,364350.245883,True
0.0,30,364397.76427,False
0.2,30,364442.278128,False
0.0,30,364484.706362,False
0.0,30,364534.363411,False
0.0,30,364580.385905,False
2.9,30,364630.840852,True
0.0,30,364674.817149,False
1.4,30,364718.058485,True
0.9,30,364760.502073,True
0.0,30,364806.252814,False
0.0,30,364844.757536,False
2.8,30,364893.786023,True
2.5,30,364940.057636,True
2.3,30,364984.406404,True
0.0,30,365033.052337,False
0.0,30,365078.602947,False
2.8,30,365118.012123,True
0.0,30,365166.518136,False
0.0,30,365212.879832,False
0.0,30,365256.997604,False
0.0,30,365294.23368,False
0.0,30,365339.885882,False
0.0,30,365382.332456,False
2.8,30,365423.490061,True
0.0,30,365469.574316,False
0.0,30,365515.313409,False
0.0,30,365828.397316,False
0.6,30,365876.770912,False
2.5,30,365922.230548,True
0.0,30,365965.499841,False
2.9,30,366011.435832,True
2.1,30,366053.955098,True
2.5,30,366103.719792,True
0.0,30,366149.358681,False
2.8,30,366200.083159,True
0.0,30,366239.06161,False
0.0,30,366280.022471,False
2.6,30,366323.177014,True
0.0,30,366371.306696,False
1.9,30,366414.391472,True
2.2,30,366460.490415,True
2.4,30,366506.174551,True
2.8,30,366553.173483,True
0.0,30,366602.931576,False
2.1,30,366647.021203,True
2.7,30,366697.771038,True
0.0,30,366741.670169,False
0.0,30,366784.783924,False
0.0,30,366824.571775,False
0.0,30,366874.715158,False
2.7,30,366920.252534,True
1.7,30,366974.836658,True
2.1,30,367017.153122,True
0.0,30,367075.337021,False
2.8,30,367122.121035,True
3.0,30,367191.346995,True
2.8,30,367242.556051,True
2.7,30,367289.220492,True
2.5,30,367331.734394,True
3.0,30,367382.114575,True
0.0,30,367679.04644,False
0.0,30,367726.446377,False
2.5,30,367769.792803,True
0.0,30,367813.242477,False
2.6,30,367858.866887,True
0.0,30,367902.89731,False
0.0,30,367946.922914,False
0.0,30,367990.710584,False
0.0,30,368037.475759,False
2.5,30,368083.157041,True
2.1,30,368124.466464,True
0.0,30,368168.103132,False
1.0,30,368212.408271,True
1.3,30,368257.897246,True
1.8,30,368307.206189,True
2.4,30,368351.40405,True
0.0,30,368391.342584,False
2.5,30,368438.264605,True
0.0,30,368492.248417,False
2.7,30,368537.077006,True
0.0,30,368582.697255,False
2.8,30,368628.854059,True
3.0,30,368674.948208,True
0.0,30,368719.747264,False
0.0,30,368765.237128,False
0.0,30,368815.376701,False
2.2,30,368862.257542,True
2.6,30,368907.737553,True
2.3,30,368954.256352,True
2.9,30,368998.877614,True
2.2,30,369045.925825,True
0.0,30,369087.677287,False
0.0,30,369131.985598,False
2.6,30,369182.422661,True
2.6,30,369501.35507,True
0.0,30,369546.468479,False
2.6,30,369594.190064,True
2.6,30,369640.464864,True
0.0,30,369684.553006,False
0.0,30,369729.107156,False
2.4,30,369775.354004,True
2.5,30,369823.629773,True
2.7,30,369875.198645,True
2.3,30,369923.469802,True
0.0,30,369968.984826,False
0.0,30,370011.623901,False
2.3,30,370058.661497,True
2.4,30,370108.932428,True
0.0,30,370154.88098,False
0.5,30,370203.759229,True
0.0,30,370250.739606,False
0.0,30,370301.30508,False
0.0,30,370351.457079,False
2.2,30,370396.23867,True
2.2,30,370438.509374,True
0.0,30,370484.980634,False
0.7,30,370531.237932,True
2.9,30,370580.730515,True
0.0,30,370626.890763,False
0.0,30,370675.77935,False
0.5,30,370720.81583,True
2.4,30,370767.269654,True
3.0,30,370817.923537,True
0.0,30,370860.315354,False
2.6,30,370907.264318,True
1.4,30,370951.66691,True
0.0,30,370992.750879,False
0.0,30,371042.900951,False
0.0,30,371354.645441,False
0.0,30,371401.510658,False
0.0,30,371445.832912,False
0.2,30,371488.777431,True
2.7,30,371535.85176,True
2.5,30,371577.710123,True
2.8,30,371623.796172,True
2.5,30,371673.451513,True
2.6,30,371719.255889,True
2.2,30,371769.191173,True
0.0,30,371812.806293,False
2.3,30,371866.866332,True
2.5,30,371914.982775,True
2.8,30,371964.482458,True
2.7,30,372018.699143,True
0.0,30,372061.306404,False
0.0,30,372110.921688,False
0.0,30,372152.537236,False
2.8,30,372198.741626,True
2.3,30,372243.469052,True
3.0,30,372282.934834,True
0.0,30,372333.747496,False
2.3,30,372385.540001,True
0.0,30,372430.230264,False
0.0,30,372481.229837,False
0.0,30,372523.880763,False
2.4,30,372567.74541,True
2.2,30,372618.867051,True
2.2,30,372667.49227,True
2.7,30,372714.821281,True
0.0,30,372760.669728,False
0.0,30,372811.169291,False
0.8,30,372862.221936,True
2.1,30,372909.972196,True
2.0,30,373213.244496,True
3.0,30,373256.320972,True
0.0,30,373301.773322,False
0.0,30,373346.238429,False
2.1,30,373391.215824,True
2.7,30,373437.487156,True
0.0,30,373482.472393,False
0.0,30,373533.765835,False
0.0,30,373578.609917,False
2.6,30,373625.974645,True
0.0,30,373672.779868,False
2.6,30,373720.442034,True
0.0,30,373766.984047,False
2.4,30,373812.769356,True
0.0,30,373857.177654,False
3.0,30,373898.529074,True
2.8,30,373941.689384,True
0.0,30,373989.066726,False
2.4,30,374035.056642,True
0.0,30,374082.051267,False
0.0,30,374126.283989,False
0.0,30,374172.07715,False
0.0,30,374220.840941,False
0.0,30,374268.612367,False
2.6,30,374311.03685,True
3.0,30,374358.559321,True
0.0,30,374445.765125,False
2.4,30,374486.277536,True
0.0,30,374538.309202,False
0.0,30,374586.761608,False
2.9,30,374632.383588,True
0.0,30,374674.145317,False
3.0,30,374727.975908,True
2.6,30,374771.400868,True
0.0,30,375092.286088,False
0.0,30,375138.513481,False
0.0,30,375187.703357,False
0.0,30,375238.667641,False
0.0,30,375283.027578,False
2.6,30,375327.27947,True
0.0,30,375375.533029,False
1.0,30,375420.416706,True
2.2,30,375467.249583,True
0.0,30,375516.732365,False
0.0,30,375563.417943,False
0.0,30,375610.484928,False
0.0,30,375661.209383,False
2.4,30,375708.668139,True
2.6,30,375752.631102,True
0.0,30,375796.006488,False
0.0,30,375841.463531,False
0.0,30,375887.072676,False
0.0,30,375932.070635,False
2.6,30,375979.846446,True
0.0,30,376029.017502,False
2.5,30,376077.620469,True
0.0,30,376130.26553,False
2.6,30,376182.101087,True
0.0,30,376228.015365,False
2.7,30,376272.256767,True
0.0,30,376318.135178,False
0.0,30,376358.449025,False
2.9,30,376410.452394,True
0.7,30,376456.768107,False
2.5,30,376510.523464,True
2.5,30,376560.279206,True
0.0,30,376602.716033,False
0.0,30,376651.852881,False
0.0,30,376695.692563,False
2.7,30,376998.485429,True
2.5,30,377038.734208,True
0.0,30,377082.666203,False
0.0,30,377128.928955,False
2.3,30,377175.133027,True
1.6,30,377223.497852,True
0.0,30,377271.433321,False
1.5,30,377317.728897,True
0.0,30,377360.357051,False
0.0,30,377406.988343,False
2.9,30,377450.50326,True
0.0,30,377492.747397,False
0.6,30,377538.226058,False
0.3,30,377589.0238,True
2.8,30,377639.03672,True
0.0,30,377690.105359,False
2.1,30,377738.418586,True
2.9,30,377802.398537,True
2.6,30,377848.581277,True
0.0,30,377895.502413,False
2.6,30,377943.158602,True
0.0,30,377986.43683,False
2.8,30,378029.561864,True
0.0,30,378075.770249,False
0.0,30,378131.241922,False
2.0,30,378182.661586,True
0.0,30,378225.671803,False
2.5,30,378273.756547,True
2.5,30,378318.110427,True
1.4,30,378367.353289,False
2.9,30,378416.145695,True
0.0,30,378461.772534,False
2.5,30,378508.928035,True
0.0,30,378556.56302,False
0.0,30,378891.975339,False
2.2,30,378938.604597,True
0.0,30,378983.878404,False
2.5,30,379031.661438,True
0.0,30,379074.546512,False
2.7,30,379121.049936,True
2.7,30,379167.716962,True
0.0,30,379211.159619,False
2.6,30,379259.346372,True
2.1,30,379308.002603,True
2.2,30,379357.006672,True
2.7,30,379403.405698,True
2.8,30,379449.344129,True
2.2,30,379495.273643,True
0.0,30,379544.696908,False
0.0,30,379592.673045,False
1.6,30,379640.247339,True
2.8,30,379685.835486,True
0.0,30,379735.848921,False
0.0,30,379786.651037,False
0.0,30,379832.22853,False
1.9,30,379873.556537,True
1.3,30,379923.94677,True
2.4,30,379969.247574,True
3.0,30,380017.533486,True
0.0,30,380064.890944,False
2.4,30,380109.406471,True
0.0,30,380157.325799,False
2.7,30,380202.032418,True
0.0,30,380253.574783,False
0.0,30,380298.552282,False
0.0,30,380344.477838,False
0.0,30,380393.545095,False
2.5,30,380434.181352,True
0.0,30,380753.535778,False
3.0,30,380800.002734,True
0.0,30,380850.024199,False
0.0,30,380899.318874,False
0.0,30,380941.546768,False
0.0,30,380986.787741,False
3.0,30,381031.921288,True
2.6,30,381077.792694,True
0.0,30,381124.309249,False
2.8,30,381166.938735,True
2.6,30,381212.532432,True
1.8,30,381264.693991,True
3.0,30,381306.626444,True
0.0,30,381354.429999,False
2.5,30,381397.280458,True
0.0,30,381441.372009,False
2.6,30,381487.995612,True
0.0,30,381530.990732,False
2.3,30,381575.890988,True
2.1,30,381622.03704,True
0.0,30,381671.062953,False
0.0,30,381716.855688,False
0.0,30,381763.001778,False
0.0,30,381808.780224,False
0.0,30,381856.922223,False
0.0,30,381901.009748,False
3.0,30,381952.936254,True
2.8,30,381999.71654,True
2.7,30,382044.172095,True
1.9,30,382088.923571,True
2.6,30,382131.411323,True
0.0,30,382176.041255,False
2.3,30,382218.861715,True
2.6,30,382260.412464,True
2.3,30,382618.133975,True
0.0,30,382657.683942,False
0.0,30,382706.369678,False
0.0,30,382757.432184,False
2.7,30,382794.198692,True
0.0,30,382843.407968,False
2.6,30,382890.672642,True
2.3,30,382938.216338,True
2.6,30,382985.751262,True
2.1,30,383032.368015,True
0.0,30,383076.388625,False
2.1,30,383123.494093,True
2.5,30,383167.099958,True
2.6,30,383207.78442,True
2.7,30,383253.558457,True
1.3,30,383301.270645,False
2.5,30,383348.788275,True
0.0,30,383398.71628,False
2.7,30,383445.112611,True
0.0,30,383489.369697,False
0.0,30,383536.046126,False
0.0,30,383587.90907,False
0.0,30,383633.27303,False
2.0,30,383674.144324,True
2.4,30,383723.384196,True
1.2,30,383776.719543,False
0.0,30,383818.603579,False
0.0,30,383870.108073,False
2.9,30,383923.336745,True
2.5,30,383971.577934,True
2.3,30,384019.770574,True
0.0,30,384061.24912,False
0.0,30,384113.029767,False
2.7,30,384157.502311,True
2.6,30,384469.773066,True
0.0,30,384521.529326,False
3.0,30,384566.941181,True
0.0,30,384609.987316,False
0.0,30,384657.629934,False
2.5,30,384733.498543,True
2.7,30,384778.158246,True
0.0,30,384832.957621,False
0.0,30,384882.135526,False
2.6,30,384925.188358,True
0.0,30,384969.325198,False
0.0,30,385020.418839,False
2.4,30,385073.567037,True
2.5,30,385118.774151,True
0.0,30,385160.624258,False
0.0,30,385208.012251,False
0.0,30,385252.249304,False
1.2,30,385308.719688,True
2.9,30,385354.909382,True
0.0,30,385402.588554,False
0.0,30,385452.177929,False
2.7,30,385498.702373,True
0.4,30,385544.621756,True
2.5,30,385588.50261,True
2.2,30,385632.799462,True
2.6,30,385679.597355,True
0.0,30,385722.33682,False
0.0,30,385766.056928,False
0.0,30,385808.617262,False
1.8,30,385852.332204,True
3.0,30,385896.900203,True
3.0,30,385952.073014,True
0.0,30,385994.351661,False
2.7,30,386039.152321,True
0.0,30,386369.286927,False
1.9,30,386414.271286,True
0.0,30,386458.817006,False
2.5,30,386499.219638,True
2.8,30,386546.715887,True
0.0,30,386589.779757,False
2.5,30,386636.001202,True
0.0,30,386680.962983,False
2.3,30,386722.061055,True
0.0,30,386766.033776,False
0.0,30,386813.766838,False
2.3,30,386863.116102,True
0.0,30,386909.747617,False
1.9,30,386956.080202,True
2.4,30,387013.645051,True
2.2,30,387061.896828,True
0.0,30,387107.770304,False
0.0,30,387178.866124,False
0.0,30,387232.056576,False
1.1,30,387277.671891,True
2.9,30,387323.574655,True
2.9,30,387366.231288,True
0.0,30,387414.34727,False
2.8,30,387457.082814,True
2.5,30,387501.498223,True
2.4,30,387547.554271,True
2.8,30,387593.794267,True
0.0,30,387638.765798,False
2.8,30,387681.273468,True
3.0,30,387723.912587,True
0.0,30,387768.302675,False
0.0,30,387811.732935,False
0.0,30,387863.825593,False
0.0,30,387905.449031,False
2.4,30,388212.454398,True
0.8,30,388261.793714,True
2.7,30,388305.27266,True
0.0,30,388350.483871,False
0.0,30,388398.647272,False
0.0,30,388449.288143,False
0.0,30,388492.735308,False
2.4,30,388538.753445,True
0.0,30,388585.133404,False
0.0,30,388630.828341,False
2.2,30,388676.370296,True
0.0,30,388723.723934,False
2.5,30,388767.779365,True
2.8,30,388810.640985,True
0.0,30,388855.95589,False
0.0,30,388903.24471,False
1.1,30,388947.174561,True
2.5,30,388993.616496,True
2.6,30,389038.550476,True
0.0,30,389082.167513,False
0.0,30,389128.293442,False
0.0,30,389177.767466,False
3.0,30,389224.652835,True
2.8,30,389269.142986,True
1.8,30,389323.683678,True
3.0,30,389367.436658,True
1.0,30,389414.791709,True
2.8,30,389472.258591,True
0.0,30,389521.618425,False
2.5,30,389565.867233,True
0.0,30,389616.400203,False
2.9,30,389661.253693,True
1.7,30,389703.968729,True
1.4,30,389745.627656,True
2.7,30,390037.590912,True
0.0,30,390086.734561,False
0.0,30,390133.97371,False
0.6,30,390176.703078,True
0.0,30,390223.841859,False
0.0,30,390268.357428,False
2.5,30,390317.615569,True
2.4,30,390362.502445,True
3.0,30,390408.085379,True
0.0,30,390453.980715,False
0.0,30,390502.061699,False
0.0,30,390546.235534,False
0.0,30,390593.286068,False
2.3,30,390636.09266,True
2.0,30,390681.537374,False
2.7,30,390720.17373,True
1.9,30,390766.212771,True
1.8,30,390812.869191,True
2.8,30,390857.702662,True
2.7,30,390901.159816,True
2.9,30,390945.752671,True
0.0,30,390997.948108,False
2.3,30,391042.562343,True
0.0,30,391086.111601,False
2.7,30,391131.75853,True
2.2,30,391181.855077,True
0.0,30,391226.485106,False
0.0,30,391279.188945,False
0.0,30,391330.018705,False
2.6,30,391378.037098,True
2.5,30,391428.820055,True
2.4,30,391472.289908,True
2.6,30,391514.289724,True
0.0,30,391561.345182,False
2.0,30,391604.681332,True
1.2,30,391904.620086,True
0.0,30,391949.895179,False
2.5,30,391991.012246,True
2.5,30,392033.107699,True
1.4,30,392072.6384,True
1.2,30,392120.178445,True
0.0,30,392168.434336,False
0.0,30,392212.543789,False
0.0,30,392255.610537,False
2.7,30,392303.820302,True
0.0,30,392348.221145,False
3.0,30,392393.291253,True
0.0,30,392438.471363,False
0.0,30,392489.859278,False
2.4,30,392534.480783,True
2.4,30,392577.09088,True
0.0,30,392626.413056,False
2.2,30,392671.331465,True
0.0,30,392719.52397,False
2.3,30,392761.876536,True
2.4,30,392807.567577,True
2.1,30,392852.894946,True
0.0,30,392891.204502,False
2.4,30,392936.344261,True
2.4,30,392979.613249,True
0.0,30,393030.645281,False
2.0,30,393078.826071,True
0.0,30,393126.922563,False
0.0,30,393174.472432,False
2.6,30,393223.518317,True
2.4,30,393270.244069,True
2.3,30,393316.027011,True
2.4,30,393361.146149,True
2.7,30,393410.940629,True
2.6,30,393712.168112,True
0.0,30,393765.912449,False
0.0,30,393808.523513,False
2.8,30,393865.163722,True
2.6,30,393914.383933,True
2.5,30,393958.698693,True
0.0,30,394004.223524,False
0.0,30,394049.089383,False
2.7,30,394091.273411,True
0.0,30,394136.591586,False
2.4,30,394180.729829,True
3.0,30,394228.587127,True
0.0,30,394273.069893,False
2.1,30,394319.831417,True
0.0,30,394362.531385,False
2.3,30,394405.287851,True
0.0,30,394442.903702,False
2.1,30,394485.219676,True
2.7,30,394532.934335,True
0.0,30,394579.080204,False
2.2,30,394621.667257,True
2.2,30,394667.300175,True
2.3,30,394707.09041,True
1.3,30,394753.00989,False
0.0,30,394800.989694,False
2.9,30,394841.877712,True
0.0,30,394885.854778,False
0.0,30,394930.10922,False
0.0,30,394980.127949,False
2.3,30,395025.817061,True
0.0,30,395072.054107,False
0.0,30,395116.757818,False
2.0,30,395158.335202,True
0.0,30,395202.041076,False
0.0,30,395490.413264,False
2.5,30,395531.625144,True
1.2,30,395574.096578,True
0.0,30,395619.723027,False
0.0,30,395664.833086,False
0.0,30,395715.327668,False
2.5,30,395757.801134,True
2.9,30,395806.774316,True
2.1,30,395850.595721,True
2.0,30,395894.774043,True
1.9,30,395936.962983,True
0.0,30,395984.041037,False
0.0,30,396034.764022,False
2.7,30,396081.240299,True
0.0,30,396139.29577,False
2.7,30,396184.487026,True
2.8,30,396228.053182,True
2.8,30,396274.741434,True
0.0,30,396318.335709,False
2.7,30,396363.607386,True
2.8,30,396411.853405,True
2.7,30,396458.140202,True
0.0,30,396503.140412,False
0.0,30,396546.885985,False
2.7,30,396585.972159,True
2.2,30,396628.889512,True
2.3,30,396677.608734,True
0.3,30,396719.253606,False
2.4,30,396769.9976,True
0.0,30,396823.91786,False
3.0,30,396863.826637,True
2.5,30,396912.08042,True
0.0,30,396955.450849,False
0.0,30,397003.169055,False
0.0,30,397316.121004,False
0.7,30,397356.93365,True
2.4,30,397406.310014,True
2.4,30,397446.528575,True
0.0,30,397491.320006,False
0.0,30,397538.275012,False
1.2,30,397583.385278,True
0.0,30,397627.263782,False
0.0,30,397679.731932,False
2.8,30,397726.863932,True
0.0,30,397769.192067,False
2.2,30,397816.051106,True
2.5,30,397857.813821,True
2.4,30,397907.635157,True
3.0,30,397955.45739,True
2.4,30,398006.272741,True
0.0,30,398052.888536,False
0.0,30,398093.414456,False
2.8,30,398134.198213,True
0.0,30,398178.85491,False
0.0,30,398224.11275,False
2.3,30,398268.597992,True
0.0,30,398316.105112,False
2.8,30,398358.86928,True
2.4,30,398408.97616,True
0.0,30,398453.856978,False
2.4,30,398500.629758,True
0.0,30,398545.619752,False
3.0,30,398590.207261,True
2.9,30,398648.22859,True
2.3,30,398695.990294,True
0.0,30,398736.120275,False
2.2,30,398781.211065,True
0.0,30,398832.374711,False
2.8,30,399123.13325,True
0.0,30,399169.585233,False
0.0,30,399218.41426,False
0.0,30,399267.493186,False
0.0,30,399311.729625,False
3.0,30,399362.32252,True
2.4,30,399406.187325,True
0.0,30,399447.755853,False
3.0,30,399495.644297,True
2.5,30,399543.331058,True
2.5,30,399587.378685,False
0.0,30,399634.899977,False
0.0,30,399691.78863,False
2.9,30,399735.662885,True
0.0,30,399783.144699,False
0.7,30,399826.398059,False
2.0,30,399875.582642,True
2.7,30,399922.495523,True
0.0,30,399966.327544,False
0.0,30,400013.6019,False
0.0,30,400058.510511,False
0.7,30,400104.119094,False
2.8,30,400152.471426,True
0.0,30,400198.733541,False
0.0,30,400242.864377,False
0.0,30,400284.356635,False
2.9,30,400332.160609,True
0.0,30,400376.990063,False
2.9,30,400424.448673,True
0.0,30,400498.634457,False
2.5,30,400547.317778,True
0.0,30,400591.40969,False
1.6,30,400641.554813,False
2.1,30,400691.395048,True
2.5,30,400963.069936,True
1.5,30,401005.741305,True
0.0,30,401048.964391,False
0.0,30,401092.929972,False
0.0,30,401136.126654,False
2.7,30,401185.532745,True
2.8,30,401232.704975,True
1.7,30,401280.31895,False
0.0,30,401325.16031,False
0.0,30,401371.347577,False
2.6,30,401409.414208,True
0.0,30,401453.773516,False
3.0,30,401499.786591,True
0.0,30,401543.088612,False
0.0,30,401587.967041,False
1.5,30,401634.145626,True
2.6,30,401679.847623,True
2.8,30,401727.344594,True
2.6,30,401771.379498,True
0.0,30,401812.510594,False
2.3,30,401856.231214,True
0.0,30,401899.724135,False
2.2,30,401940.825666,True
2.8,30,401985.66731,True
2.4,30,402026.233654,True
0.0,30,402072.507017,False
2.6,30,402118.185219,True
0.0,30,402168.406536,False
2.6,30,402216.730299,True
0.0,30,402258.551275,False
2.0,30,402306.093912,True
0.0,30,402346.352685,False
3.0,30,402387.756579,True
1.3,30,402432.545687,True
3.0,30,402728.113784,True
0.0,30,402773.893373,False
2.8,30,402821.430478,True
0.0,30,402869.982268,False
0.0,30,402916.380077,False
2.8,30,402965.463267,True
2.9,30,403009.772555,True
0.0,30,403054.991546,False
2.8,30,403099.867645,True
3.0,30,403144.993039,True
0.0,30,403194.365612,False
2.6,30,403233.168342,True
2.3,30,403275.770145,True
0.0,30,403324.472009,False
0.0,30,403368.521428,False
0.0,30,403410.647699,False
2.7,30,403459.451027,True
2.9,30,403502.130954,True
0.0,30,403545.496484,False
2.6,30,403589.771206,True
2.4,30,403631.587924,False
2.4,30,403693.75493,True
2.8,30,403742.942465,True
0.0,30,403784.806965,False
2.5,30,403829.646201,True
2.9,30,403871.372082,True
0.0,30,403927.415085,False
1.7,30,403972.024148,True
3.0,30,404019.271269,True
0.9,30,404057.658429,True
2.5,30,404101.77909,True
0.0,30,404152.605816,False
0.0,30,404195.494485,False
0.0,30,404253.105435,False
0.0,30,404296.631759,False
2.3,30,404546.949491,True
0.0,30,404608.147362,False
2.7,30,404658.368432,True
2.8,30,404703.026568,True
2.6,30,404742.955788,True
0.0,30,404786.685971,False
0.0,30,404828.858756,False
0.0,30,404874.584926,False
0.0,30,404913.265774,False
0.0,30,404957.053756,False
0.0,30,405004.936063,False
0.0,30,405044.309864,False
2.3,30,405087.872649,True
2.2,30,405133.090217,True
0.0,30,405176.725224,False
2.7,30,405221.298297,True
2.7,30,405264.567153,True
0.0,30,405309.854287,False
2.1,30,405356.759893,True
2.6,30,405415.164171,True
2.2,30,405458.005788,True
2.0,30,405501.475851,True
2.6,30,405541.245666,True
2.1,30,405587.831635,True
0.0,30,405633.839102,False
2.5,30,405683.50977,True
2.9,30,405729.923442,True
0.0,30,405775.671009,False
0.0,30,405824.992213,False
2.6,30,405870.874973,True
0.0,30,405917.658561,False
0.0,30,405962.301882,False
0.0,30,406005.397804,False
0.0,30,406047.681746,False
0.0,30,406330.498305,False
2.8,30,406374.601914,True
2.6,30,406423.529771,True
0.0,30,406470.902417,False
0.0,30,406514.340646,False
0.0,30,406556.448396,False
0.0,30,406597.99978,False
0.0,30,406645.375839,False
0.0,30,406689.994552,False
2.7,30,406739.828757,True
0.0,30,406785.151264,False
0.0,30,406834.52153,False
1.0,30,406882.372008,True
0.0,30,406928.226648,False
2.5,30,406968.504375,True
2.6,30,407016.222099,True
0.0,30,407057.897461,False
2.1,30,407101.094903,True
3.0,30,407148.769585,True
2.8,30,407198.622711,True
0.0,30,407243.425664,False
2.6,30,407291.107969,True
0.0,30,407337.592553,False
2.6,30,407392.984481,True
1.6,30,407439.520248,True
1.9,30,407488.053694,True
2.6,30,407543.174293,True
2.9,30,407590.482354,True
0.0,30,407635.231668,False
1.5,30,407675.840338,False
2.6,30,407721.74848,True
2.6,30,407763.938485,True
2.7,30,407806.816452,True
1.6,30,407863.124667,True
2.9,30,408145.567313,True
2.3,30,408190.247601,True
0.0,30,408235.623321,False
0.8,30,408285.559618,True
2.7,30,408331.486822,False
2.7,30,408379.065753,True
0.1,30,408431.564279,True
0.0,30,408475.842027,False
0.0,30,408518.149485,False
0.0,30,408565.962941,False
2.6,30,408613.267927,True
0.0,30,408658.168869,False
2.8,30,408703.015451,True
0.0,30,408748.486736,False
0.0,30,408788.883743,False
2.8,30,408832.376307,True
0.0,30,408875.887531,False
2.8,30,408919.368769,True
0.0,30,408978.619527,False
2.7,30,409027.594508,True
0.0,30,409078.027071,False
2.8,30,409119.332556,True
0.0,30,409162.837152,False
0.0,30,409208.433672,False
2.7,30,409257.303495,True
2.3,30,409306.304099,True
0.0,30,409352.105227,False
0.0,30,409394.098109,False
0.0,30,409443.926237,False
0.0,30,409486.932393,False
2.8,30,409532.453741,True
2.5,30,409575.522903,True
0.0,30,409616.959334,False
1.9,30,409663.402845,True
0.0,30,409945.377652,False
0.0,30,409988.68484,False
2.8,30,410034.038189,True
0.0,30,410077.243905,False
0.8,30,410129.71975,True
0.0,30,410174.626449,False
0.0,30,410217.057749,False
0.0,30,410262.742782,False
0.0,30,410314.290557,False
0.0,30,410359.382475,False
2.0,30,410410.449548,True
0.0,30,410457.310229,False
0.0,30,410507.69791,False
0.0,30,410546.883963,False
0.0,30,410593.767814,False
2.9,30,410640.283551,True
2.8,30,410684.544708,True
0.0,30,410726.703244,False
2.7,30,410769.432483,True
0.0,30,410817.97498,False
2.6,30,410860.925659,True
0.0,30,410907.475746,False
0.0,30,410959.29689,False
0.0,30,411002.455152,False
0.0,30,411050.262477,False
0.0,30,411095.511191,False
2.6,30,411134.711462,True
0.0,30,411179.19736,False
2.5,30,411228.845223,True
0.0,30,411275.915688,False
1.5,30,411322.777047,True
2.5,30,411366.546045,True
0.0,30,411415.667446,False
1.4,30,411461.019958,False
2.8,30,411777.186904,True
0.0,30,411820.696271,False
0.0,30,411870.7166,False
2.3,30,411916.273998,True
2.1,30,411963.972034,True
0.0,30,412009.166516,False
2.1,30,412056.282435,True
0.0,30,412098.747218,False
0.0,30,412144.395629,False
1.2,30,412193.100727,True
1.6,30,412237.672576,True
1.9,30,412286.616615,True
0.0,30,412333.285224,False
0.0,30,412378.461363,False
2.8,30,412418.817406,True
2.4,30,412465.976123,True
2.6,30,412517.454387,True
2.6,30,412565.261168,True
2.4,30,412608.624946,True
1.8,30,412663.156719,True
2.0,30,412712.034798,True
0.0,30,412761.060176,False
0.5,30,412805.905891,True
0.0,30,412848.966047,False
2.2,30,412895.522928,True
0.0,30,412938.435966,False
2.8,30,412980.517589,True
2.4,30,413021.769291,True
3.0,30,413066.357156,True
1.8,30,413116.277751,True
1.3,30,413164.803259,True
0.0,30,413223.484205,False
0.0,30,413269.088559,False
2.2,30,413318.749254,True
0.0,30,413594.189299,False
0.0,30,413638.955215,False
2.9,30,413689.250842,True
0.0,30,413740.506803,False
0.0,30,413782.857615,False
2.5,30,413828.497766,True
2.9,30,413868.435272,True
0.0,30,413920.407155,False
1.5,30,413962.117323,True
0.0,30,414012.040459,False
2.5,30,414062.686241,True
0.0,30,414105.757829,False
0.0,30,414146.450899,False
2.7,30,414189.437203,True
0.0,30,414236.335898,False
0.0,30,414278.489875,False
2.7,30,414322.343162,True
2.9,30,414366.512119,True
2.3,30,414414.242854,True
0.0,30,414458.54887,False
0.0,30,414500.938258,False
0.0,30,414544.602748,False
0.0,30,414592.816443,False
2.5,30,414639.396634,True
0.0,30,414687.306993,False
0.0,30,414733.516357,False
1.8,30,414773.136587,True
0.0,30,414820.049902,False
0.0,30,414863.375816,False
2.7,30,414907.394089,True
0.0,30,414956.456957,False
0.0,30,414998.882805,False
3.0,30,415046.610633,True
0.0,30,415090.969595,False
2.1,30,415380.38096,True
1.7,30,415423.404412,True
0.0,30,415471.165638,False
2.5,30,415519.185939,True
2.5,30,415562.095975,True
2.8,30,415608.685735,True
0.0,30,415651.894315,False
1.9,30,415696.676503,True
0.0,30,415741.96651,False
0.0,30,415786.067625,False
2.6,30,415828.719335,True
0.0,30,415871.847622,False
0.0,30,415924.802,False
0.0,30,415966.378523,False
0.0,30,416013.885758,False
0.0,30,416054.190697,False
0.9,30,416099.132162,True
0.0,30,416155.86361,False
0.0,30,416202.99552,False
0.0,30,416251.389852,False
2.6,30,416297.726475,True
2.0,30,416343.213218,True
0.0,30,416384.135617,False
2.6,30,416425.748652,True
0.0,30,416478.535553,False
0.1,30,416523.781106,True
2.6,30,416568.600415,False
2.2,30,416614.134382,True
0.0,30,416656.149498,False
2.7,30,416700.432073,True
2.8,30,416745.9799,True
0.0,30,416799.117482,False
0.0,30,416848.648272,False
2.4,30,416892.89121,True
0.0,30,417194.354937,False
0.0,30,417238.721874,False
0.0,30,417286.533988,False
0.0,30,417333.447781,False
0.0,30,417379.662669,False
0.0,30,417427.65677,False
0.0,30,417467.070293,False
0.0,30,417515.354027,False
0.0,30,417565.894431,False
0.0,30,417608.785985,False
0.0,30,417649.684515,False
2.8,30,417695.081914,True
3.0,30,417740.117461,True
2.5,30,417784.423216,True
0.0,30,417828.581246,False
0.0,30,417884.818174,False
2.4,30,417933.316344,True
0.0,30,417976.482105,False
2.4,30,418022.117958,True
0.0,30,418063.317322,False
0.0,30,418105.737905,False
2.3,30,418155.216053,True
0.0,30,418194.620747,False
0.0,30,418233.002332,False
0.0,30,418280.905203,False
0.0,30,418322.450367,False
3.0,30,418371.805135,True
1.7,30,418412.209606,True
1.7,30,418457.116805,True
1.4,30,418499.331125,True
3.0,30,418543.614832,True
2.7,30,418584.250248,True
0.4,30,418628.710326,True
0.7,30,418675.20541,True
0.0,30,418720.187147,False
0.0,30,419001.581748,False
2.9,30,419047.032097,True
2.7,30,419094.580745,True
0.0,30,419145.297027,False
2.7,30,419190.004873,True
0.0,30,419234.14191,False
2.8,30,419284.578278,True
2.7,30,419332.432707,True
0.9,30,419380.901347,True
0.0,30,419438.58228,False
0.0,30,419484.339643,False
2.4,30,419530.787651,True
2.0,30,419572.899852,True
2.8,30,419618.141482,True
2.1,30,419661.793673,True
2.2,30,419707.504478,True
0.0,30,419748.720964,False
2.3,30,419792.295611,True
2.1,30,419835.039251,True
2.7,30,419876.866836,True
2.7,30,419927.340755,True
2.7,30,419972.405116,True
0.0,30,420015.128032,False
0.0,30,420057.822966,False
2.4,30,420101.091423,True
2.5,30,420148.545814,True
2.3,30,420195.398665,True
2.8,30,420235.291029,True
2.0,30,420280.268735,True
2.1,30,420326.671424,True
0.0,30,420365.790252,False
3.0,30,420411.227049,True
0.0,30,420468.146569,False
0.0,30,420510.006412,False
2.0,30,420820.46406,True
2.3,30,420865.995377,True
0.0,30,420909.181629,False
2.5,30,420959.054159,True
0.0,30,420999.832389,False
0.0,30,421054.56159,False
0.0,30,421098.154825,False
2.4,30,421147.742199,True
0.0,30,421194.810383,False
2.7,30,421239.260017,True
2.1,30,421285.655745,True
1.8,30,421328.857485,True
0.0,30,421376.571545,False
2.8,30,421425.805989,True
1.3,30,421475.58815,True
0.0,30,421520.595544,False
0.0,30,421565.60732,False
0.0,30,421614.496042,False
0.0,30,421651.563325,False
0.0,30,421693.780478,False
0.0,30,421738.736685,False
0.0,30,421784.755033,False
0.0,30,421832.427421,False
0.0,30,421883.275886,False
0.0,30,421926.357883,False
2.2,30,421973.030099,False
0.0,30,422019.728664,False
2.5,30,422066.781251,True
0.0,30,422114.582913,False
0.0,30,422161.733886,False
1.3,30,422203.289393,True
2.5,30,422253.286756,True
0.0,30,422294.364086,False
0.0,30,422340.263656,False
0.0,30,422673.316632,False
2.5,30,422716.94747,True
0.0,30,422765.754125,False
2.8,30,422828.187977,True
2.2,30,422872.582954,True
0.0,30,422918.063022,False
2.4,30,422961.486753,True
2.4,30,423004.358634,True
0.0,30,423051.839978,False
0.0,30,423100.404617,False
0.0,30,423144.127157,False
0.0,30,423187.582759,False
2.4,30,423232.926571,True
2.6,30,423272.036386,True
0.0,30,423316.295801,False
2.7,30,423365.535301,True
2.7,30,423413.016167,True
2.4,30,423454.158005,True
2.6,30,423496.273517,True
0.0,30,423542.741587,False
2.3,30,423589.694309,True
2.1,30,423635.369338,True
0.0,30,423677.188819,False
0.0,30,423719.564824,False
0.0,30,423759.339665,False
0.0,30,423798.702273,False
0.0,30,423842.345104,False
2.5,30,423888.920125,True
0.0,30,423939.147542,False
2.3,30,423977.747561,True
2.6,30,424021.986397,True
0.0,30,424077.422822,False
2.5,30,424118.148205,True
2.2,30,424163.145525,True
0.0,30,424491.024791,False
2.8,30,424537.515261,True
2.6,30,424582.536741,True
0.0,30,424630.293048,False
2.6,30,424680.4519,True
1.1,30,424730.796673,True
2.5,30,424773.051787,True
0.0,30,424817.326165,False
1.8,30,424859.788806,True
1.4,30,424905.712417,True
2.8,30,424956.925296,True
0.0,30,424999.410667,False
0.0,30,425045.736174,False
0.0,30,425092.147914,False
1.4,30,425131.19264,True
0.0,30,425174.60926,False
2.7,30,425220.302042,True
2.3,30,425262.847593,True
0.0,30,425309.76916,False
0.0,30,425355.004318,False
2.4,30,425395.438745,True
0.0,30,425437.847559,False
0.0,30,425480.718665,False
2.4,30,425529.059675,True
2.6,30,425576.274763,True
0.0,30,425618.897428,False
0.0,30,425674.682619,False
2.3,30,425717.952489,True
0.0,30,425764.65052,False
2.5,30,425803.886754,True
0.0,30,425851.014032,False
0.0,30,425893.089681,False
2.8,30,425936.995009,True
0.0,30,425985.680234,False
0.0,30,426300.09849,False
0.0,30,426343.743945,False
0.0,30,426390.360311,False
2.8,30,426461.393651,True
2.3,30,426513.700509,True
2.6,30,426557.582664,True
2.4,30,426603.106191,True
0.0,30,426657.318622,False
0.0,30,426707.119689,False
0.0,30,426753.178237,False
0.0,30,426801.700234,False
2.7,30,426847.233652,True
0.0,30,426894.900653,False
1.9,30,426943.128304,True
0.0,30,426990.426992,False
0.0,30,427033.07436,False
2.7,30,427078.262323,True
2.6,30,427122.462938,True
2.4,30,427167.973588,True
2.6,30,427212.333367,True
0.0,30,427261.831297,False
2.7,30,427310.227318,True
0.0,30,427360.543395,False
1.6,30,427403.215206,True
2.6,30,427448.854526,True
2.5,30,427496.969359,True
0.0,30,427541.11094,False
2.8,30,427586.609488,True
2.4,30,427631.611811,True
0.0,30,427680.31997,False
0.0,30,427726.146784,False
0.0,30,427773.069719,False
0.0,30,427822.543996,False
2.6,30,427864.811528,True
0.0,30,428219.631276,False
1.4,30,428264.296128,True
2.9,30,428309.909281,True
0.0,30,428352.419285,False
0.0,30,428402.510043,False
0.0,30,428449.23215,False
0.0,30,428493.976387,False
2.6,30,428540.667607,True
1.5,30,428584.851856,True
0.0,30,428628.496953,False
2.2,30,428680.40136,True
0.0,30,428729.430959,False
3.0,30,428775.213018,True
2.7,30,428818.950785,True
0.0,30,428865.688254,False
2.5,30,428907.388422,True
2.6,30,428952.296484,True
2.5,30,428997.375567,True
2.6,30,429044.29906,True
2.7,30,429087.708975,True
2.4,30,429129.957446,True
0.0,30,429183.426838,False
1.4,30,429231.720564,True
0.0,30,429276.695944,False
0.0,30,429321.978384,False
2.3,30,429363.646514,True
2.9,30,429412.731804,True
0.1,30,429458.591979,False
2.7,30,429502.463698,True
0.0,30,429551.279494,False
2.7,30,429596.336773,True
2.6,30,429639.322978,True
2.6,30,429694.1285,True
0.0,30,429740.314962,False
0.0,30,430092.318971,False
2.6,30,430134.749216,True
0.0,30,430178.832871,False
2.4,30,430228.246308,True
2.8,30,430277.295903,True
0.0,30,430321.524275,False
1.2,30,430369.280846,True
0.0,30,430417.520094,False
2.4,30,430462.226004,True
0.0,30,430514.22414,False
2.6,30,430560.296125,True
2.8,30,430611.712942,True
2.8,30,430664.664961,True
2.7,30,430713.541554,True
0.0,30,430762.136704,False
2.5,30,430810.079754,True
2.6,30,430863.607622,True
2.7,30,430903.752312,True
2.6,30,430951.417616,True
0.0,30,430995.767999,False
2.4,30,431038.861814,True
2.1,30,431086.061812,True
2.7,30,431138.642116,True
2.7,30,431190.387198,True
2.9,30,431236.083018,True
2.3,30,431279.212243,True
2.7,30,431328.975827,True
0.0,30,431373.017466,False
0.0,30,431420.439481,False
0.0,30,431469.542578,False
2.5,30,431520.020521,True
2.5,30,431570.114928,True
0.0,30,431617.996284,False
0.0,30,431664.281854,False
3.0,30,431707.108845,True
2.6,30,432043.758548,True
0.0,30,432086.606202,False
0.0,30,432133.980528,False
0.0,30,432188.471385,False
0.0,30,432232.191737,False
1.7,30,432281.711147,True
0.0,30,432330.073653,False
2.8,30,432377.349574,True
2.9,30,432426.387472,True
2.8,30,432468.117317,True
0.0,30,432517.168613,False
0.0,30,432565.815937,False
0.0,30,432607.892773,False
0.0,30,432664.887059,False
0.0,30,432710.452096,False
0.0,30,432757.648401,False
0.0,30,432804.695939,False
0.0,30,432852.541804,False
0.0,30,432893.687803,False
0.0,30,432938.30131,False
2.1,30,432981.55823,True
2.8,30,433028.654986,True
2.2,30,433077.535237,True
2.8,30,433124.549871,True
0.0,30,433170.531101,False
2.8,30,433215.559857,True
1.5,30,433254.135674,True
2.5,30,433302.433143,True
2.4,30,433347.534351,True
2.7,30,433392.266177,True
2.6,30,433440.103223,True
0.0,30,433488.341013,False
2.7,30,433536.401331,True
0.0,30,433579.860807,False
2.4,30,433934.608753,True
0.0,30,433982.609858,False
2.7,30,434030.909033,True
2.5,30,434076.228276,True
2.2,30,434116.903692,True
0.0,30,434165.142179,False
0.0,30,434212.432166,False
2.4,30,434255.804982,True
2.6,30,434300.300546,True
2.6,30,434348.614324,True
0.0,30,434397.761068,False
2.8,30,434446.224999,True
0.0,30,434496.896234,False
0.0,30,434545.100307,False
0.0,30,434589.996857,False
0.0,30,434633.134791,False
2.7,30,434682.589369,True
0.0,30,434734.832865,False
0.0,30,434779.585285,False
2.6,30,434826.493461,True
0.0,30,434869.450707,False
0.0,30,434914.56887,False
2.5,30,434965.406818,True
0.0,30,435011.757225,False
0.0,30,435059.126975,False
0.0,30,435106.09319,False
1.7,30,435151.327138,True
2.5,30,435196.192832,True
3.0,30,435240.802856,True
0.0,30,435287.933228,False
0.0,30,435336.72947,False
1.7,30,435384.947816,True
2.4,30,435432.321308,True
0.0,30,435478.510458,False
0.0,30,435830.153042,False
2.6,30,435873.956724,True
2.5,30,435921.231424,True
3.0,30,435966.823249,True
0.0,30,436016.943805,False
0.0,30,436063.467054,False
0.0,30,436111.899283,False
2.8,30,436153.254164,True
0.0,30,436199.744675,False
2.5,30,436247.280963,True
3.0,30,436288.841865,True
0.0,30,436334.456735,False
0.0,30,436386.277168,False
2.3,30,436435.837929,True
0.0,30,436484.393519,False
0.0,30,436532.975015,False
1.7,30,436586.322391,True
0.0,30,436632.199029,False
0.0,30,436674.971053,False
0.0,30,436726.820248,False
3.0,30,436771.207696,True
0.0,30,436821.017571,False
2.2,30,436865.091542,True
1.7,30,436917.773705,True
0.0,30,436963.96026,False
0.0,30,437013.821622,False
0.0,30,437062.228939,False
2.5,30,437107.909974,True
2.6,30,437150.022155,True
0.0,30,437203.066508,False
0.0,30,437249.597898,False
0.0,30,437298.937286,False
1.3,30,437341.920501,True
0.0,30,437388.954457,False
2.5,30,437727.292399,True
1.8,30,437781.268219,True
0.0,30,437832.040978,False
2.3,30,437890.615629,True
0.0,30,437938.903038,False
2.5,30,437982.843846,True
0.0,30,438032.636009,False
1.9,30,438079.360116,True
0.0,30,438126.984864,False
0.0,30,438171.580845,False
0.0,30,438218.537413,False
0.0,30,438267.248638,False
2.4,30,438310.310738,True
2.2,30,438357.961859,True
0.0,30,438407.610674,False
2.5,30,438454.07416,True
2.6,30,438500.215799,True
2.7,30,438547.995814,True
0.3,30,438591.961113,True
0.0,30,438641.790623,False
0.0,30,438686.884513,False
0.0,30,438732.638591,False
0.0,30,438783.510522,False
0.0,30,438828.586388,False
0.0,30,438874.10779,False
2.0,30,438922.222491,True
0.0,30,438971.69912,False
0.0,30,439023.387296,False
0.0,30,439069.615292,False
2.6,30,439121.611662,True
0.0,30,439170.335891,False
2.6,30,439220.154231,True
0.0,30,439273.399825,False
0.0,30,439320.103403,False
2.4,30,439645.261837,True
0.0,30,439688.659145,False
1.9,30,439742.158105,True
0.0,30,439793.976303,False
0.0,30,439846.060399,False
0.0,30,439892.776836,False
0.0,30,439938.573758,False
2.5,30,439985.295306,True
0.0,30,440041.498558,False
2.7,30,440090.720551,True
1.3,30,440139.325306,True
0.0,30,440191.503776,False
2.9,30,440237.589644,True
0.0,30,440282.38967,False
2.9,30,440331.047575,True
2.8,30,440376.132702,True
0.0,30,440419.621113,False
2.7,30,440465.720439,True
2.4,30,440511.788042,True
0.0,30,440557.302249,False
1.8,30,440600.817235,True
0.0,30,440652.040367,False
2.5,30,440698.649722,True
2.7,30,440748.599558,True
2.8,30,440799.058471,True
0.0,30,440840.533509,False
2.6,30,440889.181864,True
0.0,30,440939.907795,False
2.6,30,440982.54256,True
2.3,30,441032.769346,True
0.0,30,441090.324521,False
1.6,30,441135.181358,True
2.6,30,441188.190418,True
2.8,30,441235.550268,True
0.0,30,441574.260971,False
0.0,30,441623.388427,False
1.1,30,441672.819299,True
2.4,30,441722.893198,True
2.7,30,441768.611131,True
0.0,30,441812.559538,False
0.0,30,441864.088302,False
0.0,30,441910.162623,False
3.0,30,441957.249525,True
2.4,30,442003.453249,True
2.9,30,442055.667714,True
2.8,30,442096.443514,True
2.6,30,442144.771174,True
0.0,30,442191.996869,False
2.8,30,442234.023468,True
2.7,30,442278.914557,True
0.0,30,442332.048662,False
0.0,30,442378.719092,False
0.0,30,442424.507281,False
1.9,30,442479.319362,True
0.0,30,442522.417432,False
0.0,30,442566.860616,False
2.5,30,442615.531216,True
0.0,30,442658.126214,False
0.0,30,442699.19012,False
2.7,30,442745.159556,True
2.2,30,442789.730741,True
2.3,30,442830.477099,True
0.6,30,442873.279998,True
0.0,30,442910.976809,False
0.0,30,442955.039555,False
2.3,30,443002.434716,True
2.8,30,443045.608022,True
0.0,30,443093.137116,False
2.6,30,443441.420438,True
2.7,30,443491.870995,True
2.6,30,443535.080805,True
2.4,30,443584.861226,False
0.0,30,443631.367944,False
0.0,30,443678.053053,False
2.5,30,443727.19775,True
2.3,30,443770.584217,True
2.1,30,443817.339284,True
0.0,30,443863.103448,False
0.0,30,443908.551821,False
0.0,30,443956.309745,False
0.4,30,443999.389268,False
0.0,30,444047.595351,False
0.0,30,444097.248922,False
2.0,30,444153.123183,False
0.0,30,444201.64406,False
1.6,30,444244.745924,True
2.4,30,444289.859599,True
2.3,30,444336.052735,True
2.5,30,444381.592412,True
0.0,30,444424.323379,False
0.0,30,444467.897092,False
2.6,30,444516.729641,True
0.0,30,444566.436754,False
0.0,30,444610.820437,False
0.0,30,444656.280973,False
2.0,30,444702.16947,True
0.0,30,444751.650722,False
0.0,30,444800.228382,False
0.0,30,444851.87368,False
2.1,30,444898.473622,True
1.4,30,444949.191979,True
1.5,30,444993.927486,True
2.9,30,445337.302261,True
0.0,30,445383.651496,False
2.9,30,445431.095087,True
2.4,30,445480.54972,True
0.0,30,445528.361276,False
0.0,30,445573.491834,False
2.8,30,445614.291774,True
3.0,30,445656.938267,True
0.0,30,445701.003635,False
2.8,30,445749.03568,True
2.8,30,445793.324383,True
2.7,30,445846.864274,True
0.0,30,445893.535744,False
2.0,30,445942.032194,True
0.0,30,445989.840482,False
2.6,30,446033.717141,True
2.6,30,446077.559622,True
0.0,30,446134.580686,False
0.0,30,446179.896892,False
2.9,30,446226.410593,True
0.0,30,446268.235752,False
0.0,30,446311.573737,False
0.0,30,446360.160171,False
0.0,30,446404.614539,False
0.8,30,446448.194192,True
0.0,30,446491.650598,False
2.7,30,446531.733613,True
0.0,30,446578.632472,False
0.0,30,446622.508793,False
2.4,30,446666.980382,True
1.3,30,446711.191929,True
0.0,30,446755.78326,False
2.1,30,446801.555312,True
0.0,30,446849.595556,False
0.0,30,446895.7863,False
2.9,30,447244.415035,True
1.6,30,447287.930748,True
0.0,30,447333.878006,False
0.0,30,447384.571459,False
0.0,30,447427.330878,False
0.0,30,447474.392436,False
0.0,30,447518.210957,False
2.6,30,447562.396039,True
0.0,30,447618.316289,False
2.8,30,447661.712682,True
0.0,30,447706.155747,False
2.8,30,447754.342181,True
1.0,30,447802.879015,False
0.0,30,447849.075775,False
2.4,30,447895.683416,True
2.4,30,447939.935313,True
2.6,30,447988.296803,True
0.0,30,448032.039541,False
0.0,30,448076.056892,False
2.3,30,448120.610485,True
2.6,30,448174.277853,True
1.0,30,448224.69412,True
0.0,30,448265.795828,False
0.0,30,448310.258182,False
1.4,30,448360.356342,True
2.5,30,448408.055226,True
2.8,30,448460.675505,True
0.0,30,448511.671429,False
2.2,30,448556.374459,True
0.0,30,448607.479268,False
0.0,30,448655.343261,False
0.0,30,448705.039031,False
0.0,30,448751.972203,False
0.0,30,448794.943116,False
2.9,30,449149.462808,True
2.4,30,449197.958846,True
0.0,30,449244.013897,False
0.0,30,449288.942859,False
1.1,30,449338.654089,True
1.6,30,449378.019576,True
0.0,30,449424.574213,False
2.7,30,449464.857051,True
0.0,30,449511.55421,False
1.1,30,449558.355268,True
0.0,30,449602.090801,False
2.8,30,449642.913345,True
2.7,30,449697.098553,True
0.0,30,449744.079603,False
2.5,30,449787.584581,True
0.0,30,449827.691655,False
2.7,30,449875.242574,True
0.0,30,449917.820993,False
0.0,30,449965.117992,False
0.0,30,450008.606816,False
2.8,30,450057.337056,True
2.2,30,450101.499336,True
0.0,30,450143.754095,False
0.0,30,450188.81557,False
2.7,30,450236.82397,True
0.0,30,450281.37492,False
2.2,30,450328.468089,False
3.0,30,450372.41771,True
2.6,30,450422.314289,True
2.8,30,450466.59561,True
0.0,30,450508.467296,False
0.7,30,450552.594,True
2.1,30,450594.785814,True
2.5,30,450645.833822,True
0.0,30,450986.759037,False
0.0,30,451033.136304,False
2.7,30,451076.439186,True
0.0,30,451121.673215,False
2.8,30,451170.952114,True
0.0,30,451217.13396,False
0.0,30,451263.74801,False
0.0,30,451309.382282,False
3.0,30,451352.483496,True
0.0,30,451393.214691,False
0.0,30,451439.173378,False
0.0,30,451479.331402,False
0.0,30,451526.1469,False
0.0,30,451574.158703,False
0.0,30,451628.059976,False
2.7,30,451669.735441,True
2.5,30,451712.213129,True
2.7,30,451755.380891,True
0.0,30,451796.243487,False
0.0,30,451842.231547,False
0.0,30,451890.748473,False
0.0,30,451939.482153,False
2.9,30,451986.033541,True
0.0,30,452025.080419,False
0.0,30,452068.334405,False
3.0,30,452120.58807,True
0.0,30,452167.430486,False
2.4,30,452215.402512,True
0.0,30,452256.971107,False
2.7,30,452302.176768,True
0.0,30,452347.905707,False
3.0,30,452395.305689,True
0.0,30,452445.967879,False
0.0,30,452491.838646,False
0.0,30,452824.417603,False
2.5,30,452877.980792,True
0.0,30,452921.897228,False
0.0,30,452965.986193,False
2.8,30,453012.779348,True
2.9,30,453054.742896,True
0.0,30,453096.214881,False
0.0,30,453147.633688,False
1.4,30,453194.082741,True
0.0,30,453238.51517,False
0.0,30,453286.132288,False
2.6,30,453331.130542,True
0.0,30,453381.229842,False
2.7,30,453429.303155,True
0.0,30,453477.259508,False
0.0,30,453523.503423,False
0.0,30,453573.942962,False
0.0,30,453624.561414,False
0.0,30,453668.920003,False
0.0,30,453712.823918,False
2.7,30,453755.778992,True
2.4,30,453798.009043,True
2.5,30,453841.557548,True
2.3,30,453884.668975,True
0.0,30,453931.98652,False
0.0,30,453980.624812,False
2.6,30,454036.739386,True
0.0,30,454083.343975,False
0.0,30,454131.368947,False
2.7,30,454175.977497,True
1.7,30,454220.876304,True
1.6,30,454270.151785,True
0.8,30,454319.387687,True
0.0,30,454364.426675,False
0.0,30,454706.412964,False
0.0,30,454755.0716,False
1.3,30,454801.947221,False
2.7,30,454843.441332,True
0.0,30,454884.458322,False
0.0,30,454930.776948,False
0.0,30,454981.215254,False
0.0,30,455025.111928,False
1.2,30,455070.850045,True
3.0,30,455115.135005,True
0.0,30,455164.738231,False
1.2,30,455211.449287,True
2.6,30,455252.603613,True
3.0,30,455303.156664,True
2.4,30,455346.178669,True
2.9,30,455393.69821,True
0.0,30,455436.550112,False
0.0,30,455480.927658,False
0.0,30,455523.906148,False
0.0,30,455568.396332,False
0.0,30,455615.768358,False
0.0,30,455665.303399,False
0.0,30,455713.684924,False
2.6,30,455758.057664,True
1.7,30,455806.776105,False
0.0,30,455856.516403,False
0.0,30,455902.473585,False
2.6,30,455948.376241,True
2.2,30,455993.335984,True
2.8,30,456041.34768,True
0.0,30,456087.286087,False
0.0,30,456130.643952,False
1.6,30,456175.850529,True
0.0,30,456225.678047,False
2.2,30,456562.043664,True
2.2,30,456607.045701,True
2.4,30,456649.098926,True
0.0,30,456695.516697,False
0.0,30,456738.961783,False
2.2,30,456781.248093,True
0.0,30,456829.180688,False
2.4,30,456871.373815,True
0.0,30,456916.861865,False
0.0,30,456961.849712,False
2.7,30,457012.968528,True
1.7,30,457058.393035,True
0.0,30,457106.606774,False
3.0,30,457154.801706,True
0.0,30,457197.333547,False
1.8,30,457241.922909,True
0.0,30,457292.930378,False
3.0,30,457338.806774,True
0.8,30,457387.806955,False
0.0,30,457436.597864,False
2.2,30,457482.362882,True
0.0,30,457527.77957,False
0.0,30,457573.211427,False
2.2,30,457618.612833,True
0.0,30,457661.309228,False
2.8,30,457709.704357,True
0.0,30,457758.071592,False
2.6,30,457801.562503,True
2.8,30,457849.567142,True
2.8,30,457900.268675,True
0.0,30,457942.363998,False
0.0,30,457984.109798,False
2.7,30,458027.501575,True
0.0,30,458075.69418,False
0.0,30,458396.255451,False
0.0,30,458438.787551,False
0.0,30,458488.294167,False
0.0,30,458533.410774,False
0.0,30,458578.931799,False
2.8,30,458626.328326,True
0.0,30,458674.174418,False
0.0,30,458727.190731,False
2.8,30,458777.735833,True
2.6,30,458819.83832,True
0.0,30,458865.000674,False
0.0,30,458910.090474,False
3.0,30,458953.809397,True
1.5,30,458994.191651,True
0.0,30,459036.905504,False
3.0,30,459087.802804,True
2.5,30,459137.367574,True
2.6,30,459185.546458,True
0.0,30,459231.83825,False
0.0,30,459280.339897,False
0.0,30,459327.272466,False
2.5,30,459369.693699,True
0.0,30,459419.526384,False
1.3,30,459470.940536,True
0.0,30,459517.044523,False
0.0,30,459555.497872,False
0.0,30,459600.439247,False
2.8,30,459646.239711,True
1.7,30,459689.507696,True
1.2,30,459737.307088,False
2.8,30,459783.184327,True
2.8,30,459828.745111,True
2.6,30,459872.600841,True
2.6,30,459923.557935,True
2.5,30,459966.66635,True
2.8,30,460308.306503,True
0.0,30,460351.77133,False
0.0,30,460398.339496,False
2.5,30,460449.987838,True
0.0,30,460492.535812,False
0.0,30,460535.021631,False
2.6,30,460576.925007,True
2.4,30,460624.46494,True
2.9,30,460669.795461,True
0.0,30,460724.189389,False
0.0,30,460771.28836,False
0.0,30,460820.618538,False
0.0,30,460867.060775,False
2.7,30,460911.148205,True
2.0,30,460956.857061,False
2.4,30,461006.728752,True
0.0,30,461052.738188,False
0.0,30,461096.136814,False
1.0,30,461143.915468,True
0.0,30,461200.702711,False
0.0,30,461245.879233,False
2.2,30,461295.802397,True
1.9,30,461341.11213,True
0.0,30,461383.146407,False
1.3,30,461425.048506,True
3.0,30,461469.533068,True
0.0,30,461512.675992,False
0.0,30,461554.509654,False
0.0,30,461602.454509,False
2.6,30,461650.856117,True
3.0,30,461696.633166,True
0.0,30,461745.832034,False
2.6,30,461795.364535,True
1.6,30,461840.2073,True
0.0,30,462171.567934,False
0.0,30,462219.427669,False
0.0,30,462264.968218,False
0.0,30,462309.28938,False
2.3,30,462361.351809,True
2.9,30,462410.746569,True
0.0,30,462467.730398,False
2.7,30,462516.357192,True
0.0,30,462561.060132,False
0.0,30,462605.901244,False
3.0,30,462653.376039,True
2.6,30,462695.481669,True
2.0,30,462741.647004,True
2.0,30,462785.439102,True
2.2,30,462834.293309,True
2.5,30,462885.926442,True
2.6,30,462931.665964,True
2.7,30,462971.212572,True
1.5,30,463011.046179,False
2.1,30,463055.711525,True
0.0,30,463103.592804,False
2.4,30,463148.647569,True
2.7,30,463193.406236,True
2.8,30,463239.624412,True
2.7,30,463288.721586,True
2.8,30,463331.132394,True
2.4,30,463375.306355,True
2.8,30,463419.494983,True
2.3,30,463463.203979,True
2.3,30,463507.947436,True
2.7,30,463556.532658,True
1.8,30,463616.031474,True
2.1,30,463660.201125,True
3.0,30,463708.224784,True
2.2,30,464054.232,True
0.0,30,464103.324847,False
0.0,30,464146.929671,False
2.1,30,464193.65576,True
0.0,30,464236.13516,False
2.0,30,464282.372111,True
0.0,30,464322.190159,False
0.0,30,464369.138981,False
0.0,30,464416.32902,False
1.5,30,464463.189275,True
2.7,30,464504.917976,True
1.6,30,464548.976566,True
2.3,30,464595.424515,True
0.0,30,464640.609247,False
2.0,30,464686.873221,True
2.5,30,464731.586266,True
2.9,30,464779.853528,True
0.0,30,464828.778776,False
0.0,30,464872.413594,False
2.7,30,464923.530684,True
0.0,30,464970.443193,False
1.9,30,465019.639566,True
1.8,30,465067.737872,True
2.7,30,465120.345421,True
2.7,30,465168.125865,True
0.0,30,465209.094449,False
2.6,30,465249.109243,True
2.5,30,465296.574294,True
0.0,30,465340.415848,False
2.8,30,465384.520683,True
2.3,30,465427.587219,True
3.0,30,465472.433693,True
0.0,30,465516.674413,False
2.6,30,465565.522545,True
2.9,30,465919.001645,True
2.9,30,465965.973749,True
0.0,30,466010.159734,False
2.2,30,466056.066464,True
0.0,30,466106.355847,False
2.2,30,466153.269745,True
0.1,30,466204.231388,True
1.7,30,466250.849024,True
0.0,30,466297.956709,False
2.3,30,466342.340183,True
0.0,30,466388.481497,False
0.0,30,466431.710076,False
1.0,30,466482.511506,False
0.0,30,466530.510113,False
2.7,30,466575.187202,True
2.7,30,466627.358149,True
2.4,30,466667.226822,True
0.0,30,466718.421014,False
0.0,30,466766.851704,False
0.0,30,466810.772533,False
0.0,30,466858.374985,False
0.0,30,466905.699891,False
2.9,30,466953.20314,True
0.0,30,466999.65744,False
2.8,30,467041.862721,True
0.0,30,467086.580581,False
0.0,30,467136.491579,False
2.7,30,467181.046878,True
0.0,30,467228.361643,False
0.0,30,467275.143168,False
0.0,30,467322.208955,False
0.0,30,467367.176859,False
2.7,30,467407.89883,True
2.7,30,467452.744352,True
0.0,30,467815.49274,False
2.7,30,467861.875798,True
0.0,30,467909.366304,False
0.0,30,467955.176082,False
2.7,30,468002.542362,True
0.0,30,468054.14785,False
0.0,30,468103.253267,False
0.0,30,468145.199847,False
2.4,30,468192.213774,True
1.9,30,468239.47848,True
0.0,30,468282.776271,False
0.6,30,468326.170753,True
2.7,30,468375.736294,True
2.4,30,468420.984226,True
0.0,30,468469.517328,False
0.0,30,468515.214547,False
2.7,30,468562.693889,True
0.0,30,468606.650969,False
0.0,30,468656.332916,False
0.0,30,468703.816722,False
0.0,30,468748.403808,False
2.6,30,468790.692966,True
0.0,30,468835.704952,False
0.0,30,468881.749324,False
0.0,30,468935.305012,False
0.0,30,468984.931311,False
2.9,30,469030.242422,True
0.0,30,469077.661682,False
2.8,30,469120.081216,True
0.0,30,469168.463643,False
3.0,30,469225.096528,True
0.0,30,469274.907917,False
0.0,30,469318.977577,False
2.6,30,469362.46464,True
0.0,30,469704.502448,False
2.5,30,469753.431906,True
0.0,30,469804.18669,False
2.8,30,469850.164006,True
2.6,30,469890.603803,True
2.5,30,469938.40087,True
2.7,30,469988.408945,True
2.5,30,470037.49564,True
0.0,30,470095.814697,False
2.5,30,470141.774467,True
2.4,30,470206.106197,True
0.0,30,470252.863189,False
2.7,30,470297.144049,True
2.7,30,470341.079002,True
0.0,30,470389.63349,False
0.0,30,470439.033248,False
0.0,30,470491.49889,False
2.8,30,470536.882193,True
0.0,30,470585.721513,False
0.0,30,470634.290072,False
0.0,30,470683.644379,False
2.5,30,470735.341294,True
0.0,30,470785.971579,False
0.0,30,470832.664156,False
0.0,30,470875.393365,False
0.0,30,470932.888032,False
0.0,30,470976.820618,False
2.8,30,471021.504902,True
0.0,30,471066.616556,False
2.4,30,471133.683757,True
0.0,30,471182.985831,False
0.0,30,471231.312354,False
0.0,30,471277.356526,False
2.7,30,471321.557433,True
0.0,30,471647.855479,False
0.0,30,471695.93344,False
2.9,30,471746.839791,True
2.8,30,471794.103677,True
2.8,30,471841.062585,True
0.0,30,471891.133966,False
1.5,30,471935.710084,True
0.0,30,471980.064585,False
0.0,30,472025.43658,False
0.0,30,472072.316779,False
2.3,30,472116.068388,True
0.0,30,472168.467385,False
0.0,30,472211.830516,False
1.3,30,472281.386087,True
1.3,30,472331.678293,True
0.0,30,472384.938306,False
3.0,30,472431.168965,True
2.6,30,472476.412831,True
0.0,30,472520.861564,False
3.0,30,472567.957556,True
1.0,30,472611.434056,True
0.0,30,472657.377017,False
2.4,30,472703.504477,True
0.0,30,472754.884788,False
2.5,30,472807.372935,True
1.8,30,472861.828719,True
0.0,30,472908.23773,False
0.0,30,472956.671921,False
0.0,30,473007.497284,False
0.0,30,473056.292772,False
1.9,30,473106.55355,True
0.0,30,473153.650407,False
2.8,30,473202.078967,True
0.0,30,473247.563734,False
2.4,30,473574.381845,True
2.6,30,473622.515897,True
2.5,30,473669.941545,True
0.0,30,473717.863022,False
0.0,30,473765.407188,False
2.7,30,473805.922476,True
0.0,30,473852.628083,False
2.6,30,473894.024625,True
2.2,30,473938.555971,True
0.8,30,473987.764846,True
0.0,30,474035.653391,False
2.3,30,474083.440965,True
0.0,30,474132.410219,False
2.8,30,474178.560204,True
0.0,30,474224.498856,False
0.0,30,474267.82985,False
2.4,30,474314.356301,True
3.0,30,474356.797705,True
1.4,30,474401.521549,True
2.9,30,474451.053184,True
0.0,30,474498.104105,False
2.5,30,474546.613632,True
0.9,30,474593.091596,False
2.5,30,474635.421863,True
2.8,30,474694.135474,True
2.5,30,474740.706753,True
0.0,30,474787.883121,False
0.0,30,474834.118376,False
1.4,30,474885.34098,True
0.0,30,474934.030947,False
0.0,30,474983.677768,False
0.0,30,475034.580989,False
2.7,30,475079.25578,True
0.0,30,475136.677728,False
2.4,30,475186.504018,True
0.0,30,475524.774007,False
2.3,30,475572.062229,True
0.0,30,475617.803132,False
2.4,30,475668.192763,True
2.1,30,475718.156205,True
2.4,30,475764.527638,True
0.0,30,475810.630639,False
0.0,30,475855.928853,False
0.5,30,475906.27983,True
2.6,30,475950.673027,True
0.0,30,475995.538891,False
3.0,30,476035.364412,True
1.0,30,476083.514891,False
0.0,30,476134.891845,False
2.4,30,476179.342935,True
0.0,30,476224.696318,False
0.0,30,476271.626934,False
0.0,30,476318.105817,False
2.3,30,476365.402401,True
2.2,30,476414.635813,True
0.0,30,476466.264466,False
1.9,30,476509.941078,True
2.3,30,476558.199781,True
2.4,30,476604.181499,True
0.0,30,476648.353135,False
2.6,30,476694.801264,True
0.0,30,476740.533305,False
2.8,30,476783.96036,True
2.4,30,476830.210096,True
3.0,30,476876.753682,True
0.0,30,476920.338406,False
2.0,30,476968.831788,True
0.0,30,477015.136485,False
0.9,30,477067.812325,True
2.4,30,477379.297498,True
1.8,30,477427.471823,True
0.0,30,477476.234593,False
0.0,30,477521.086695,False
0.0,30,477562.072505,False
2.8,30,477605.178946,True
0.0,30,477650.754782,False
2.7,30,477695.981115,True
2.7,30,477743.546174,True
0.0,30,477795.59669,False
2.8,30,477844.767052,True
0.0,30,477884.630942,False
2.4,30,477925.48067,True
2.2,30,477969.033873,True
0.0,30,478012.666332,False
2.7,30,478073.262372,True
2.6,30,478116.1947,True
0.0,30,478174.790939,False
2.7,30,478227.730699,True
0.0,30,478272.925225,False
2.8,30,478316.964292,True
0.0,30,478362.570479,False
2.4,30,478411.834111,True
0.0,30,478469.039563,False
1.7,30,478516.683791,True
0.0,30,478559.122061,False
1.1,30,478603.396298,True
0.0,30,478643.592729,False
2.3,30,478689.13234,True
0.0,30,478732.343761,False
2.4,30,478776.831887,True
2.3,30,478823.712526,True
2.6,30,478868.249947,True
1.5,30,478920.399181,True
0.0,30,479240.019281,False
2.5,30,479283.005703,True
0.0,30,479326.207469,False
2.5,30,479370.394081,True
3.0,30,479413.435641,True
0.0,30,479460.129233,False
0.0,30,479503.682237,False
2.8,30,479547.907422,True
0.0,30,479593.807127,False
2.1,30,479641.85478,True
2.5,30,479695.866399,True
2.4,30,479743.837786,True
1.7,30,479790.401602,True
0.0,30,479835.885622,False
0.0,30,479881.248029,False
0.0,30,479927.443013,False
1.6,30,479972.602419,True
2.4,30,480017.000011,True
2.6,30,480065.58764,True
1.6,30,480114.6629,True
0.0,30,480158.242475,False
2.2,30,480205.883915,True
0.0,30,480255.096999,False
2.4,30,480299.790413,True
2.2,30,480343.960548,True
0.0,30,480387.898867,False
0.0,30,480431.271273,False
1.7,30,480473.202024,True
2.5,30,480517.984054,True
2.1,30,480586.191176,True
2.2,30,480628.430276,True
3.0,30,480671.844974,True
0.0,30,480725.950141,False
0.0,30,480771.606979,False
2.8,30,481112.963436,True
0.0,30,481156.354422,False
2.5,30,481204.215588,True
2.8,30,481250.983728,True
1.3,30,481300.502104,True
0.0,30,481345.710179,False
0.0,30,481394.798327,False
2.2,30,481442.655861,True
1.1,30,481483.066941,True
2.8,30,481530.544758,True
0.0,30,481580.858647,False
2.8,30,481625.272113,True
0.0,30,481673.833701,False
2.8,30,481718.162397,True
2.6,30,481766.571447,True
2.5,30,481821.29525,True
2.8,30,481867.632715,True
0.0,30,481913.055444,False
0.0,30,481959.95312,False
2.7,30,482006.579388,True
0.0,30,482049.593993,False
2.1,30,482103.62994,True
0.0,30,482153.621368,False
2.6,30,482198.424259,True
0.5,30,482242.201756,False
0.0,30,482282.939795,False
0.0,30,482326.861949,False
0.0,30,482371.22593,False
2.7,30,482415.9553,True
0.0,30,482461.166804,False
2.2,30,482508.21402,True
2.6,30,482556.836381,True
0.0,30,482603.960449,False
2.9,30,482651.806234,True
0.0,30,482982.808502,False
0.0,30,483029.278788,False
2.6,30,483075.436611,True
0.0,30,483124.902898,False
0.0,30,483168.588642,False
0.0,30,483217.334745,False
2.7,30,483258.190601,True
2.2,30,483299.096844,True
0.0,30,483357.06374,False
0.0,30,483399.124723,False
1.6,30,483442.720543,True
0.0,30,483488.565783,False
2.8,30,483534.667854,True
0.7,30,483579.382949,True
3.0,30,483623.527205,True
0.0,30,483670.023423,False
0.0,30,483716.56631,False
0.0,30,483765.02407,False
0.0,30,483810.100733,False
2.7,30,483857.572025,True
2.7,30,483904.488669,True
0.0,30,483956.582404,False
0.0,30,483999.365393,False
1.6,30,484047.932885,True
2.8,30,484099.602339,True
2.4,30,484148.038563,True
0.0,30,484197.264086,False
0.2,30,484245.597117,True
2.4,30,484293.737596,True
0.0,30,484336.772174,False
0.0,30,484381.402065,False
0.0,30,484430.722484,False
0.0,30,484474.871035,False
2.6,30,484520.230529,True
2.8,30,484863.09292,True
2.4,30,484911.819193,True
0.0,30,484957.419122,False
2.2,30,485006.524092,True
0.0,30,485049.928767,False
2.7,30,485096.524009,True
2.6,30,485141.842493,True
0.0,30,485188.818985,False
2.4,30,485238.194753,True
1.9,30,485286.353666,True
0.0,30,485330.089345,False
0.0,30,485374.162259,False
0.0,30,485415.065265,False
2.8,30,485465.411755,True
0.0,30,485510.662755,False
0.0,30,485560.297534,False
0.2,30,485604.826822,True
2.7,30,485649.323503,True
0.0,30,485698.445946,False
3.0,30,485742.507614,True
0.0,30,485792.948624,False
0.0,30,485839.753777,False
0.0,30,485883.927007,False
2.5,30,485926.518569,True
2.5,30,485969.981629,True
0.0,30,486019.031133,False
0.0,30,486069.212902,False
2.3,30,486120.569857,True
0.0,30,486166.9894,False
0.0,30,486215.576519,False
0.0,30,486266.611018,False
0.0,30,486309.517832,False
2.8,30,486356.673394,True
0.0,30,486398.256312,False
0.0,30,486732.106483,False
2.5,30,486774.160807,True
0.0,30,486819.799546,False
0.0,30,486863.224936,False
2.4,30,486909.772442,True
2.9,30,486955.719374,True
0.0,30,487003.425833,False
0.0,30,487043.385403,False
2.1,30,487086.009901,True
2.8,30,487137.841755,True
2.0,30,487186.277679,True
2.6,30,487231.173829,True
1.6,30,487277.90099,False
2.6,30,487326.41782,True
2.5,30,487375.787966,True
0.0,30,487420.662421,False
0.0,30,487466.345097,False
0.0,30,487509.022316,False
2.7,30,487556.019845,True
2.5,30,487601.630242,True
0.0,30,487661.434121,False
2.7,30,487709.911781,True
1.6,30,487749.96428,True
2.4,30,487795.899655,True
0.0,30,487843.223552,False
2.6,30,487887.110792,True
0.0,30,487938.216166,False
3.0,30,487993.499733,True
0.9,30,488041.054782,False
0.0,30,488085.706551,False
2.3,30,488134.559936,True
0.0,30,488183.387539,False
0.0,30,488231.222597,False
2.3,30,488282.543376,True
3.0,30,488323.63088,True
1.9,30,488626.148694,True
2.6,30,488672.029571,True
2.4,30,488717.149972,True
0.0,30,488761.27389,False
0.5,30,488802.995039,True
2.5,30,488850.378232,True
2.6,30,488901.806717,True
0.0,30,488946.283192,False
2.8,30,488997.010128,True
2.6,30,489037.884031,True
0.0,30,489083.048094,False
2.6,30,489132.834157,True
0.0,30,489180.395559,False
1.6,30,489228.317784,True
0.0,30,489280.393286,False
0.0,30,489326.690634,False
2.6,30,489369.27897,True
1.3,30,489412.35454,True
2.1,30,489456.707111,True
1.2,30,489508.770181,True
2.8,30,489550.503526,True
2.6,30,489603.682244,True
0.0,30,489646.514164,False
2.3,30,489688.071886,True
2.8,30,489740.565533,True
2.3,30,489784.611888,True
0.0,30,489831.113812,False
2.1,30,489872.768408,True
2.8,30,489917.968929,True
2.7,30,489966.279194,True
0.2,30,490012.555321,True
2.6,30,490060.716599,True
0.0,30,490104.199175,False
2.8,30,490144.972087,True
0.0,30,490454.568473,False
2.9,30,490500.441574,True
0.0,30,490552.87151,False
2.6,30,490599.002946,True
2.1,30,490646.157505,True
2.6,30,490704.454205,True
0.0,30,490751.358,False
2.9,30,490800.555678,True
2.9,30,490843.665313,True
0.0,30,490890.608549,False
0.0,30,490939.760749,False
2.4,30,490985.613333,True
0.0,30,491029.510329,False
2.5,30,491075.026468,True
0.0,30,491128.591655,False
3.0,30,491177.325834,True
0.0,30,491228.061651,False
2.5,30,491274.135098,True
0.0,30,491327.009777,False
2.6,30,491368.460178,True
2.2,30,491419.493258,True
2.0,30,491465.820548,True
2.8,30,491513.452829,True
2.6,30,491559.867048,True
1.8,30,491610.847585,True
2.3,30,491656.799545,True
0.0,30,491708.815226,False
2.8,30,491748.815117,True
0.0,30,491793.980097,False
2.7,30,491838.313997,True
2.5,30,491887.346549,True
1.9,30,491933.587799,True
2.6,30,491975.26043,True
2.4,30,492019.11466,True
2.5,30,492347.046316,False
2.3,30,492396.950382,True
0.0,30,492448.470174,False
2.5,30,492511.561061,True
0.0,30,492552.200981,False
0.0,30,492596.821011,False
2.1,30,492642.18492,True
2.8,30,492688.827669,True
0.0,30,492742.587811,False
0.0,30,492787.108127,False
0.0,30,492834.520565,False
0.0,30,492876.942085,False
0.0,30,492920.828944,False
0.0,30,492976.988466,False
1.9,30,493020.313606,True
2.8,30,493064.87671,True
2.4,30,493108.812895,True
2.6,30,493154.042961,True
0.0,30,493198.676579,False
2.8,30,493247.73338,True
2.1,30,493291.970273,True
2.8,30,493339.882935,True
0.0,30,493387.03574,False
2.7,30,493432.424566,True
0.0,30,493477.391242,False
2.6,30,493532.216167,True
2.2,30,493580.266593,False
2.3,30,493622.734447,True
0.0,30,493668.550515,False
0.0,30,493715.586907,False
2.8,30,493758.695592,True
2.9,30,493803.2652,True
0.3,30,493846.176046,False
2.6,30,493889.156573,True
2.9,30,494233.767271,True
2.8,30,494288.047558,True
2.4,30,494330.487747,True
0.0,30,494372.883752,False
0.0,30,494429.410733,False
2.6,30,494478.16533,True
0.0,30,494523.565797,False
2.6,30,494568.172681,True
2.3,30,494615.003791,True
0.7,30,494661.087744,True
0.0,30,494702.931738,False
0.0,30,494747.507628,False
0.0,30,494813.459601,False
2.4,30,494868.61499,True
0.0,30,494915.362522,False
2.2,30,494962.927171,True
0.0,30,495007.715553,False
2.9,30,495051.951298,True
1.4,30,495098.78933,True
0.0,30,495152.770096,False
2.7,30,495198.567319,True
2.1,30,495245.364972,True
2.5,30,495289.035791,True
0.0,30,495340.969097,False
2.2,30,495383.448286,True
0.0,30,495435.33809,False
0.0,30,495476.538969,False
0.0,30,495520.681685,False
1.3,30,495566.179128,False
2.7,30,495610.379174,True
0.0,30,495661.380919,False
0.0,30,495706.862506,False
0.0,30,495757.877768,False
0.0,30,495802.714755,False
2.0,30,496133.634628,True
2.4,30,496177.348955,True
0.0,30,496223.926581,False
2.5,30,496268.341553,True
0.4,30,496311.758413,True
2.9,30,496355.155111,True
2.2,30,496401.554172,True
2.7,30,496445.59693,True
2.4,30,496492.04852,True
0.0,30,496538.273072,False
0.9,30,496585.388417,True
0.0,30,496629.262268,False
0.0,30,496681.386366,False
2.4,30,496733.530594,True
0.0,30,496781.725646,False
0.0,30,496822.114211,False
2.4,30,496868.487917,True
0.0,30,496912.938944,False
0.8,30,496966.755872,True
2.7,30,497011.459157,True
2.6,30,497058.29406,True
0.0,30,497104.116879,False
2.6,30,497147.727693,True
0.0,30,497200.665532,False
0.0,30,497244.769493,False
2.9,30,497295.232884,True
2.3,30,497342.612827,True
1.5,30,497391.669642,True
2.7,30,497438.284013,True
0.0,30,497486.428732,False
0.0,30,497531.487706,False
0.0,30,497574.105677,False
0.0,30,497625.332587,False
0.0,30,497668.794987,False
0.2,30,497986.36152,True
2.7,30,498031.906204,True
2.3,30,498077.644972,True
0.0,30,498122.01206,False
0.0,30,498164.276965,False
2.5,30,498206.456585,True
0.0,30,498265.200675,False
2.5,30,498309.871376,True
0.0,30,498357.596439,False
0.0,30,498403.159896,False
0.0,30,498444.69674,False
0.0,30,498489.872822,False
0.0,30,498532.270339,False
1.7,30,498583.42252,True
2.0,30,498632.864085,True
0.0,30,498677.015152,False
0.0,30,498720.27157,False
2.1,30,498759.615652,True
2.4,30,498799.729624,True
0.0,30,498843.832847,False
0.0,30,498891.364809,False
0.0,30,498932.848314,False
0.0,30,498978.516375,False
0.0,30,499021.898355,False
2.6,30,499066.621064,True
2.8,30,499109.885034,True
2.4,30,499158.138462,True
0.0,30,499205.047333,False
0.0,30,499244.408025,False
2.5,30,499289.971031,True
0.0,30,499328.440453,False
1.5,30,499374.701064,True
2.4,30,499424.476709,True
0.0,30,499473.628855,False
2.3,30,499811.615354,True
2.6,30,499856.520581,True
2.7,30,499900.403914,True
1.6,30,499947.72249,True
0.0,30,500003.195839,False
0.8,30,500043.205265,True
0.0,30,500084.756836,False
0.0,30,500131.537214,False
2.7,30,500177.670379,True
0.9,30,500223.887255,True
2.4,30,500271.952176,True
3.0,30,500315.498886,True
2.8,30,500358.895277,True
0.0,30,500405.722726,False
0.0,30,500456.077369,False
0.0,30,500501.433906,False
3.0,30,500549.914272,True
1.9,30,500594.554672,True
0.0,30,500643.200364,False
0.0,30,500691.953132,False
0.0,30,500738.981991,False
2.2,30,500786.077153,True
1.4,30,500826.500297,True
0.0,30,500880.677527,False
0.0,30,500924.487392,False
0.0,30,500978.292883,False
2.3,30,501023.930248,True
2.8,30,501067.047744,True
0.0,30,501106.827567,False
0.0,30,501157.119228,False
2.7,30,501202.731068,True
0.0,30,501248.079434,False
2.5,30,501288.774349,True
0.0,30,501331.345147,False
2.7,30,501699.480848,True
2.6,30,501748.330244,True
2.6,30,501797.765823,True
2.2,30,501851.009071,True
0.0,30,501897.582606,False
2.7,30,501947.529739,True
2.8,30,501998.687584,True
2.8,30,502049.591384,True
2.6,30,502095.800843,True
3.0,30,502144.535175,True
2.7,30,502191.474007,True
2.7,30,502237.036795,True
0.0,30,502284.595737,False
1.0,30,502333.045832,False
2.6,30,502377.391586,True
3.0,30,502429.955201,True
2.6,30,502475.312246,True
2.7,30,502524.877776,True
0.6,30,502568.0553,True
0.0,30,502611.911273,False
2.2,30,502655.048984,True
0.4,30,502701.914859,False
2.4,30,502751.442321,True
0.0,30,502799.401849,False
0.0,30,502847.71282,False
0.0,30,502891.663132,False
0.0,30,502936.40147,False
0.0,30,502979.759118,False
1.5,30,503025.192135,True
2.9,30,503071.741963,True
2.3,30,503124.535385,True
2.6,30,503168.439935,True
0.0,30,503215.984864,False
0.0,30,503262.013971,False
2.7,30,503300.122891,True
0.0,30,503652.779066,False
0.0,30,503701.231817,False
0.0,30,503754.531716,False
0.0,30,503806.486592,False
0.0,30,503857.663853,False
0.0,30,503905.125549,False
0.0,30,503954.269878,False
1.2,30,503998.927872,True
0.0,30,504045.447463,False
1.3,30,504090.106979,True
0.0,30,504138.770694,False
2.8,30,504186.414099,True
2.0,30,504235.277194,True
2.1,30,504277.796969,True
0.0,30,504324.407577,False
2.6,30,504371.929954,True
2.8,30,504422.002177,True
2.3,30,504468.287532,True
1.5,30,504519.762348,True
1.6,30,504567.415337,True
0.0,30,504619.695166,False
2.3,30,504663.176948,False
2.8,30,504706.610061,True
0.0,30,504752.88918,False
2.5,30,504799.897907,True
2.7,30,504857.090466,True
0.0,30,504905.382032,False
0.0,30,504950.760539,False
0.0,30,504993.072913,False
0.0,30,505037.520738,False
0.0,30,505088.294329,False
0.0,30,505132.537169,False
0.0,30,505181.310833,False
0.1,30,505224.747267,False
0.0,30,505570.382092,False
2.5,30,505616.041378,True
2.7,30,505663.930353,True
2.3,30,505711.527905,True
0.0,30,505756.770837,False
0.0,30,505803.496372,False
2.2,30,505846.213415,True
2.6,30,505897.188317,True
2.6,30,505948.299557,True
0.0,30,505992.406968,False
0.0,30,506037.637717,False
2.6,30,506084.765842,True
0.0,30,506129.849591,False
2.1,30,506168.450808,True
2.5,30,506216.750085,True
2.5,30,506268.85877,True
0.0,30,506314.862294,False
0.0,30,506371.730517,False
2.1,30,506418.944197,True
0.0,30,506462.269192,False
2.8,30,506505.098414,True
0.0,30,506560.261611,False
2.2,30,506607.604991,True
2.1,30,506657.392519,False
3.0,30,506703.464422,True
0.0,30,506747.514039,False
2.4,30,506792.669044,True
2.7,30,506859.532378,True
1.6,30,506910.511508,True
0.0,30,506959.329281,False
1.5,30,507004.833277,True
0.0,30,507052.302595,False
2.8,30,507100.283999,True
0.3,30,507147.834245,False
2.5,30,507508.156635,True
0.0,30,507554.253354,False
2.8,30,507602.905373,True
0.0,30,507652.938203,False
2.6,30,507711.07972,True
2.7,30,507761.580381,True
1.9,30,507805.049394,True
2.4,30,507850.254805,True
2.2,30,507901.530856,True
2.3,30,507945.512316,True
0.0,30,507988.091244,False
0.0,30,508032.738601,False
0.0,30,508075.029825,False
0.0,30,508121.615319,False
0.0,30,508167.364792,False
0.7,30,508218.219201,True
0.0,30,508262.05186,False
2.1,30,508302.930253,True
2.9,30,508350.85517,True
0.0,30,508400.856171,False
1.5,30,508445.402819,True
2.7,30,508493.376251,True
2.1,30,508539.077714,True
0.0,30,508588.737004,False
1.9,30,508637.939009,True
0.0,30,508687.443305,False
0.0,30,508730.963841,False
0.0,30,508770.794211,False
0.6,30,508821.289444,True
2.0,30,508873.252102,True
3.0,30,508919.006081,True
2.8,30,508959.094265,True
2.9,30,509003.155679,True
2.1,30,509045.300288,True
0.0,30,509434.921296,False
0.0,30,509482.445387,False
0.0,30,509538.179949,False
2.8,30,509598.169852,True
0.0,30,509647.003311,False
0.0,30,509695.331946,False
0.0,30,509748.251424,False
1.7,30,509800.12981,True
0.0,30,509866.844548,False
2.4,30,509911.941835,True
2.7,30,509958.030298,True
2.1,30,510010.948666,True
2.7,30,510054.31681,True
2.4,30,510097.900979,True
0.0,30,510142.286227,False
0.0,30,510186.300253,False
2.8,30,510230.670245,True
0.0,30,510275.687032,False
0.0,30,510317.111589,False
2.6,30,510362.773559,True
0.0,30,510412.844793,False
2.5,30,510468.171151,True
0.0,30,510514.542589,False
2.8,30,510562.073469,True
2.8,30,510606.12109,True
1.4,30,510654.997952,True
2.8,30,510702.41095,True
0.0,30,510742.820541,False
1.7,30,510788.122895,True
0.0,30,510831.076529,False
0.0,30,510876.006038,False
0.0,30,510918.990927,False
0.0,30,510967.774081,False
0.0,30,511017.309046,False
2.6,30,511391.257336,True
2.6,30,511438.713795,True
0.7,30,511484.612053,True
0.0,30,511533.573101,False
0.0,30,511577.067495,False
1.1,30,511627.23124,True
2.6,30,511675.084101,True
0.0,30,511720.477003,False
0.0,30,511777.747458,False
0.0,30,511819.920118,False
0.0,30,511863.954196,False
0.0,30,511910.64003,False
2.5,30,511955.236687,True
0.0,30,512004.869346,False
0.0,30,512047.986987,False
0.0,30,512094.920334,False
0.5,30,512139.38022,True
2.9,30,512190.388917,True
2.8,30,512244.216051,True
0.5,30,512299.907663,True
0.0,30,512341.19358,False
0.0,30,512392.172107,False
2.8,30,512438.925486,True
2.7,30,512492.599771,True
1.5,30,512539.125722,True
2.5,30,512589.082974,True
0.0,30,512637.781152,False
0.0,30,512683.88755,False
1.6,30,512728.305398,True
0.8,30,512772.259776,True
0.0,30,512824.33331,False
2.4,30,512874.60196,True
0.0,30,512923.672,False
2.7,30,512969.023461,True
2.8,30,513325.225636,True
2.2,30,513364.854815,True
1.6,30,513411.515476,True
2.6,30,513459.867124,True
2.5,30,513515.236443,True
0.9,30,513562.595368,True
0.0,30,513608.381994,False
2.8,30,513653.837981,True
0.0,30,513703.859405,False
2.5,30,513753.588588,True
2.8,30,513801.354138,True
2.1,30,513843.866867,True
0.0,30,513888.9523,False
2.3,30,513933.044694,True
2.6,30,513977.418834,True
0.6,30,514028.711985,True
0.8,30,514077.026963,True
0.0,30,514129.999583,False
0.0,30,514179.677703,False
2.0,30,514228.370698,True
0.0,30,514277.22646,False
0.0,30,514321.255796,False
0.0,30,514368.567208,False
2.6,30,514417.331532,True
0.0,30,514466.53356,False
0.0,30,514510.541113,False
0.0,30,514555.828317,False
2.6,30,514599.470628,True
2.9,30,514646.086562,True
2.8,30,514698.003468,True
0.0,30,514748.273681,False
2.7,30,514795.07706,True
0.0,30,514857.891002,False
1.6,30,514905.270339,True
0.0,30,515270.599064,False
1.4,30,515317.952899,True
2.4,30,515363.836501,True
0.0,30,515409.293116,False
0.4,30,515458.039189,True
2.4,30,515504.332109,True
1.9,30,515550.906644,True
2.3,30,515599.701901,True
2.7,30,515650.174756,True
0.0,30,515694.693913,False
2.9,30,515746.221319,True
0.0,30,515792.289147,False
0.0,30,515839.098884,False
2.6,30,515889.498463,True
2.8,30,515936.943424,True
0.0,30,515981.7255,False
0.0,30,516030.384253,False
0.0,30,516081.648708,False
2.6,30,516127.531677,True
0.0,30,516170.127993,False
0.0,30,516211.505163,False
2.8,30,516258.410017,True
2.7,30,516329.977008,True
2.1,30,516382.219599,True
0.0,30,516424.648522,False
0.0,30,516469.98568,False
2.8,30,516521.629717,True
1.4,30,516574.050411,False
0.0,30,516634.018323,False
1.9,30,516676.901057,True
2.9,30,516722.764743,True
0.0,30,516773.691842,False
1.9,30,516822.265652,True
2.8,30,516876.91571,True
0.0,30,516926.421123,False
0.0,30,517284.701394,False
0.0,30,517332.015197,False
2.6,30,517377.930774,True
0.0,30,517420.873755,False
2.4,30,517465.733189,True
0.0,30,517511.670863,False
0.0,30,517552.330711,False
0.0,30,517598.37829,False
2.8,30,517646.321659,True
0.0,30,517705.161226,False
0.0,30,517751.650804,False
0.0,30,517799.853904,False
0.0,30,517844.965985,False
2.9,30,517893.0257,True
0.0,30,517939.053569,False
2.6,30,517989.294173,True
0.0,30,518037.696497,False
2.2,30,518084.75831,True
0.0,30,518135.856209,False
0.0,30,518188.425405,False
2.8,30,518236.303349,True
1.2,30,518281.112929,True
0.0,30,518327.248153,False
2.8,30,518371.929272,True
2.5,30,518422.196581,True
2.5,30,518468.807634,True
0.0,30,518520.121604,False
0.0,30,518569.881719,False
2.8,30,518614.542212,True
0.0,30,518662.683614,False
2.7,30,518708.387632,True
0.0,30,518758.099132,False
0.0,30,518806.859094,False
1.2,30,518855.314261,True
0.0,30,519213.095795,False
2.2,30,519264.714005,True
2.0,30,519306.606844,True
0.0,30,519350.41548,False
1.5,30,519399.692784,True
2.3,30,519441.821302,True
2.5,30,519485.276734,True
2.4,30,519531.849768,True
0.2,30,519580.058983,True
0.0,30,519628.932034,False
2.0,30,519674.759049,True
0.0,30,519723.562108,False
0.0,30,519766.208338,False
0.0,30,519817.31311,False
2.9,30,519866.85493,True
0.0,30,519920.798307,False
2.4,30,519968.992521,True
1.1,30,520018.159403,False
2.2,30,520058.29214,True
1.3,30,520105.703648,True
0.8,30,520155.127144,True
2.1,30,520198.909832,True
0.0,30,520245.385278,False
0.0,30,520302.287274,False
0.0,30,520349.812251,False
2.5,30,520398.482305,True
2.2,30,520459.290669,True
0.0,30,520509.241775,False
0.0,30,520553.058829,False
0.0,30,520606.683779,False
2.6,30,520653.251796,True
2.8,30,520701.704221,True
0.0,30,520742.721324,False
2.4,30,520788.568039,True
2.2,30,521149.694131,True
2.0,30,521193.519149,True
2.6,30,521237.899864,True
0.0,30,521281.563329,False
0.0,30,521324.297395,False
0.0,30,521381.654991,False
0.0,30,521431.543004,False
2.8,30,521475.185039,True
2.8,30,521519.258278,True
1.4,30,521573.054398,True
0.9,30,521618.65067,True
2.6,30,521659.324491,True
0.0,30,521707.541909,False
2.7,30,521752.463384,True
2.8,30,521806.967525,True
0.0,30,521847.922327,False
2.6,30,521893.541661,True
2.8,30,521942.960951,True
1.7,30,521989.936014,True
0.0,30,522035.265271,False
2.8,30,522084.632831,True
0.0,30,522129.032217,False
0.0,30,522176.001552,False
0.0,30,522222.954383,False
0.0,30,522271.977867,False
0.0,30,522315.650881,False
2.6,30,522365.27614,True
0.0,30,522414.380431,False
2.4,30,522459.379178,True
0.0,30,522502.6252,False
2.2,30,522549.950253,True
0.0,30,522595.249964,False
2.7,30,522640.430984,True
0.0,30,522690.473822,False
2.7,30,523040.096536,True
2.9,30,523085.724679,True
2.6,30,523130.925379,True
0.0,30,523178.764781,False
2.7,30,523227.922837,True
0.0,30,523275.309322,False
0.0,30,523324.262075,False
2.8,30,523390.813793,True
0.0,30,523440.539971,False
2.7,30,523490.702951,True
0.0,30,523533.761506,False
0.0,30,523581.55798,False
0.0,30,523626.475628,False
0.0,30,523672.678095,False
2.2,30,523723.650012,True
2.6,30,523766.918117,True
1.3,30,523811.971272,True
2.5,30,523859.931972,True
0.0,30,523910.720031,False
2.6,30,523958.39427,True
0.8,30,524006.337593,True
0.0,30,524051.359213,False
2.5,30,524092.896989,True
2.0,30,524140.680574,True
0.0,30,524184.477148,False
2.0,30,524227.082652,True
0.0,30,524274.791457,False
0.0,30,524319.252328,False
0.0,30,524364.348449,False
0.0,30,524407.16326,False
2.8,30,524458.330173,True
2.3,30,524500.287581,True
0.0,30,524553.698823,False
0.0,30,524599.509522,False
2.6,30,524951.914303,True
0.0,30,524992.742065,False
0.0,30,525041.846001,False
0.0,30,525089.966327,False
2.8,30,525134.624449,True
2.8,30,525181.997667,True
2.7,30,525236.409618,True
2.3,30,525282.84931,True
2.9,30,525329.41007,True
0.0,30,525375.219171,False
1.2,30,525420.00259,True
0.0,30,525463.618497,False
2.6,30,525505.317833,True
2.2,30,525551.629506,True
0.0,30,525602.51739,False
0.0,30,525644.983527,False
0.0,30,525685.271534,False
2.6,30,525734.448526,True
2.4,30,525779.1165,True
0.0,30,525830.020955,False
1.1,30,525872.936932,True
0.5,30,525917.761989,True
0.0,30,525961.786674,False
2.8,30,526009.120423,True
0.0,30,526056.859139,False
0.5,30,526101.464116,True
2.8,30,526146.804742,True
1.9,30,526203.907809,True
2.7,30,526246.215028,True
0.0,30,526288.564678,False
0.0,30,526336.021312,False
0.0,30,526381.995438,False
0.0,30,526426.126317,False
2.4,30,526474.316755,True
0.0,30,526826.896529,False
2.7,30,526874.044096,True
0.0,30,526927.430038,False
0.0,30,526974.108741,False
0.0,30,527018.218477,False
2.4,30,527064.334219,True
1.9,30,527115.21987,True
2.6,30,527158.795584,True
2.2,30,527202.140288,True
0.0,30,527257.048656,False
1.9,30,527302.279024,False
0.0,30,527348.489871,False
1.7,30,527393.32933,True
0.0,30,527441.690133,False
0.0,30,527488.97313,False
0.0,30,527530.196918,False
2.6,30,527572.509957,True
0.0,30,527616.566393,False
2.3,30,527660.114413,True
0.0,30,527705.133604,False
2.5,30,527754.79779,True
2.4,30,527801.153573,True
0.0,30,527847.260759,False
0.0,30,527893.116954,False
0.0,30,527940.160191,False
0.0,30,527990.412625,False
2.6,30,528038.001183,True
2.5,30,528088.269054,True
0.0,30,528136.429264,False
2.1,30,528183.750287,True
1.1,30,528228.84542,True
2.3,30,528274.48774,True
1.1,30,528321.133175,True
0.0,30,528368.635417,False
2.6,30,528728.843548,True
1.8,30,528780.157657,True
0.0,30,528824.885811,False
2.6,30,528869.220203,True
2.5,30,528917.518471,True
2.3,30,528979.135849,True
2.7,30,529023.739234,True
0.0,30,529073.564325,False
0.0,30,529117.825026,False
0.0,30,529167.189362,False
0.0,30,529211.758362,False
1.9,30,529257.847615,True
2.4,30,529315.707204,True
2.5,30,529359.93076,True
2.0,30,529407.835093,True
3.0,30,529450.416002,True
1.7,30,529497.509997,True
2.7,30,529543.695895,True
2.7,30,529592.822594,True
0.0,30,529637.137664,False
0.0,30,529682.674914,False
2.7,30,529732.434332,True
0.0,30,529776.759294,False
2.9,30,529822.881432,True
1.2,30,529873.380489,True
0.0,30,529920.859821,False
2.8,30,529967.170456,True
2.8,30,530017.623814,True
0.0,30,530063.879938,False
0.9,30,530116.563033,False
0.0,30,530160.611455,False
0.0,30,530212.077226,False
2.9,30,530263.29792,True
2.8,30,530304.969255,True
0.0,30,530678.115139,False
0.0,30,530725.864236,False
2.3,30,530774.417665,True
2.3,30,530823.334877,True
2.7,30,530870.618972,True
2.3,30,530913.813267,True
0.0,30,530958.809429,False
0.0,30,531001.041757,False
0.0,30,531042.664687,False
1.9,30,531091.804702,True
0.0,30,531137.405154,False
0.0,30,531185.681665,False
1.4,30,531230.926423,True
2.8,30,531275.733438,True
2.7,30,531320.389737,True
2.8,30,531368.600098,True
0.0,30,531415.890743,False
0.0,30,531465.814281,False
2.2,30,531507.751662,True
0.0,30,531559.292632,False
0.0,30,531608.43029,False
1.9,30,531656.905054,True
0.0,30,531702.206856,False
0.0,30,531747.698259,False
1.7,30,531798.085711,True
0.0,30,531842.404124,False
0.0,30,531892.524989,False
0.0,30,531934.839984,False
2.8,30,531979.536696,True
0.0,30,532028.318686,False
0.0,30,532079.457868,False
0.0,30,532134.856468,False
0.0,30,532178.961345,False
0.0,30,532227.775862,False
2.6,30,532275.117084,True
2.4,30,532625.604738,True
0.0,30,532674.207615,False
0.0,30,532720.778623,False
0.0,30,532767.349566,False
2.4,30,532813.483492,True
0.0,30,532854.796149,False
2.3,30,532898.423855,True
0.0,30,532945.921917,False
0.0,30,532991.372648,False
2.4,30,533038.532629,True
2.4,30,533082.933374,True
0.0,30,533124.339749,False
0.0,30,533168.730376,False
0.0,30,533222.995156,False
2.7,30,533274.189493,True
2.3,30,533330.668268,True
0.0,30,533380.135532,False
2.5,30,533421.490812,True
0.0,30,533474.723875,False
0.0,30,533521.875186,False
2.6,30,533565.889419,True
2.1,30,533617.503983,True
0.0,30,533662.571313,False
2.2,30,533710.529419,True
0.0,30,533759.675298,False
0.0,30,533806.087468,False
2.5,30,533847.233433,True
0.6,30,533893.428255,False
2.1,30,533936.977146,True
2.4,30,533982.122367,True
0.0,30,534031.095961,False
0.0,30,534074.096611,False
0.0,30,534127.497917,False
2.7,30,534182.318038,True
0.0,30,534499.421839,False
0.0,30,534545.084039,False
0.0,30,534590.452148,False
2.7,30,534639.843774,True
1.3,30,534679.716371,True
2.8,30,534734.310746,True
1.9,30,534779.593069,True
0.0,30,534830.431722,False
2.5,30,534879.059923,True
0.0,30,534923.604189,False
2.5,30,534965.706184,True
0.0,30,535014.836412,False
2.5,30,535058.745573,True
0.0,30,535105.218867,False
2.5,30,535155.62297,True
2.7,30,535198.680831,True
0.0,30,535245.02201,False
2.6,30,535292.19668,True
2.5,30,535336.908125,True
2.2,30,535380.502089,True
2.7,30,535427.100776,True
2.4,30,535477.084259,True
2.3,30,535524.537404,True
1.8,30,535569.596352,True
0.0,30,535608.624365,False
0.0,30,535665.855757,False
0.0,30,535710.639062,False
0.0,30,535753.018442,False
2.5,30,535795.791469,True
3.0,30,535839.93006,True
2.5,30,535881.830023,True
2.0,30,535955.100309,True
0.0,30,536007.535692,False
0.0,30,536054.521947,False
3.0,30,536372.457686,True
0.0,30,536422.621435,False
2.7,30,536468.86824,True
1.6,30,536513.764236,True
1.8,30,536560.34558,True
0.0,30,536603.531459,False
2.8,30,536646.84127,True
0.0,30,536692.526341,False
0.0,30,536738.836138,False
2.8,30,536777.460703,True
0.0,30,536823.664927,False
0.0,30,536875.984292,False
0.0,30,536917.263361,False
0.0,30,536962.311594,False
2.6,30,537013.836777,True
0.0,30,537056.272693,False
2.8,30,537100.86021,True
2.5,30,537143.637317,True
0.0,30,537192.488691,False
0.0,30,537236.459368,False
0.0,30,537286.942535,False
0.0,30,537333.101139,False
0.0,30,537376.454724,False
0.0,30,537419.373329,False
0.0,30,537465.086168,False
2.6,30,537514.633231,True
2.3,30,537558.088318,True
0.0,30,537605.509506,False
0.2,30,537652.668678,False
0.0,30,537703.703665,False
2.9,30,537760.87274,True
2.8,30,537804.96422,True
1.8,30,537852.234783,True
2.5,30,537898.825273,True
0.0,30,538195.008733,False
0.0,30,538242.645957,False
2.7,30,538284.904647,True
0.0,30,538332.115918,False
2.6,30,538375.237484,True
0.0,30,538420.225911,False
2.8,30,538463.70263,True
2.8,30,538512.210606,True
1.2,30,538561.063103,True
2.8,30,538619.165047,True
2.8,30,538664.334353,True
0.0,30,538705.90503,False
0.0,30,538753.625736,False
0.0,30,538794.445205,False
0.0,30,538838.866268,False
0.0,30,538881.371537,False
2.5,30,538930.962638,True
0.0,30,538972.805373,False
2.6,30,539022.215874,True
0.0,30,539069.671991,False
0.0,30,539118.441126,False
2.3,30,539161.304331,True
2.5,30,539205.231344,True
0.0,30,539249.237694,False
0.0,30,539299.288556,False
2.6,30,539349.617355,True
0.0,30,539394.831897,False
0.0,30,539441.202337,False
2.5,30,539481.647656,True
0.0,30,539530.026412,False
0.0,30,539577.610966,False
0.0,30,539619.385437,False
2.8,30,539670.553962,True
0.0,30,539711.040225,False
0.0,30,540080.859877,False
0.0,30,540127.981282,False
0.0,30,540172.547279,False
1.8,30,540221.271312,False
0.0,30,540267.914862,False
2.7,30,540312.210712,True
0.0,30,540358.412501,False
0.0,30,540399.843817,False
2.8,30,540451.038934,True
2.4,30,540494.538995,True
2.0,30,540539.432549,True
2.7,30,540585.163344,True
0.0,30,540632.067299,False
1.7,30,540679.475071,True
0.0,30,540727.80825,False
2.5,30,540781.298316,True
0.0,30,540836.515352,False
0.0,30,540881.594926,False
0.0,30,540928.02719,False
0.0,30,540980.171157,False
2.7,30,541025.183126,True
0.0,30,541073.837374,False
0.0,30,541118.52062,False
0.0,30,541162.989843,False
0.0,30,541213.194768,False
2.1,30,541256.549031,True
0.0,30,541299.680494,False
2.8,30,541342.283381,True
0.0,30,541388.08076,False
2.5,30,541432.601388,True
0.0,30,541478.039532,False
0.6,30,541526.813654,False
0.0,30,541576.148228,False
0.0,30,541621.766651,False
0.0,30,541983.889,False
2.1,30,542031.256429,True
0.0,30,542075.560778,False
2.7,30,542118.272714,True
2.7,30,542162.141984,True
0.0,30,542204.103573,False
0.0,30,542249.416906,False
2.8,30,542295.257696,True
2.8,30,542341.392097,True
0.0,30,542383.477742,False
2.3,30,542429.467772,True
2.1,30,542476.604717,True
2.1,30,542528.036157,True
2.8,30,542575.194189,True
0.0,30,542632.523448,False
0.0,30,542677.643001,False
0.0,30,542724.579168,False
2.7,30,542771.099522,True
0.0,30,542827.354113,False
2.7,30,542870.527319,True
0.0,30,542916.476772,False
1.9,30,542966.756301,True
0.0,30,543009.737211,False
2.7,30,543062.432835,True
0.0,30,543111.898739,False
2.0,30,543162.150132,True
2.8,30,543204.821627,True
2.6,30,543251.309407,True
0.0,30,543294.963069,False
0.0,30,543343.9279,False
2.5,30,543396.443572,True
3.0,30,543442.624009,True
0.0,30,543489.408251,False
0.0,30,543538.45992,False
2.5,30,543876.257554,True
2.6,30,543922.418534,True
0.0,30,543970.536567,False
1.9,30,544011.082623,True
0.0,30,544059.409623,False
0.0,30,544101.236055,False
0.0,30,544146.428603,False
2.7,30,544195.123021,True
0.0,30,544241.735469,False
2.4,30,544291.590028,True
0.0,30,544334.486513,False
0.0,30,544381.417898,False
0.0,30,544427.896606,False
0.0,30,544480.780429,False
0.0,30,544548.668287,False
0.0,30,544593.028185,False
2.6,30,544636.841798,True
2.5,30,544681.08566,True
0.0,30,544728.521399,False
0.0,30,544773.875542,False
2.7,30,544818.652377,True
2.6,30,544867.722002,True
2.8,30,544911.052087,True
0.0,30,544953.194219,False
1.3,30,544997.916463,True
2.6,30,545045.828382,True
2.1,30,545090.465351,True
0.0,30,545140.65454,False
0.0,30,545184.000502,False
2.2,30,545235.236779,True
2.1,30,545280.986378,True
2.7,30,545328.484634,True
0.0,30,545372.676397,False
0.0,30,545416.593034,False
0.0,30,545464.501182,False
2.4,30,545811.792515,True
0.0,30,545859.527617,False
0.0,30,545907.164301,False
0.0,30,545957.417578,False
1.8,30,546004.528388,True
0.3,30,546046.252588,False
2.6,30,546097.887159,True
0.0,30,546141.412873,False
0.6,30,546187.673761,True
2.4,30,546236.605609,True
0.0,30,546279.938712,False
0.0,30,546319.89601,False
0.0,30,546368.144408,False
1.6,30,546408.615753,True
0.0,30,546454.69937,False
2.4,30,546500.985286,True
2.6,30,546547.036062,True
0.0,30,546593.57189,False
2.8,30,546637.674475,True
2.7,30,546693.270892,True
0.0,30,546737.887322,False
0.0,30,546783.173972,False
0.0,30,546827.861614,False
2.2,30,546874.597759,True
2.3,30,546920.042434,True
0.0,30,546968.504304,False
0.0,30,547017.68851,False
0.0,30,547065.002115,False
0.0,30,547115.560473,False
0.0,30,547164.633738,False
2.4,30,547207.088416,True
2.3,30,547250.543127,True
2.6,30,547296.715702,True
0.0,30,547340.865655,False
1.7,30,547720.761101,True
2.5,30,547768.661331,True
3.0,30,547810.211478,True
2.6,30,547858.222696,True
0.0,30,547902.321667,False
0.0,30,547953.380906,False
0.0,30,547996.629583,False
0.0,30,548083.003839,False
0.5,30,548132.789949,True
2.5,30,548183.12307,True
2.0,30,548233.956237,True
3.0,30,548273.623732,True
2.6,30,548323.356033,True
0.0,30,548370.537801,False
0.0,30,548413.408733,False
0.0,30,548455.697417,False
0.0,30,548507.907187,False
0.0,30,548554.651248,False
2.5,30,548599.803621,True
0.0,30,548646.040778,False
2.8,30,548688.998875,True
2.6,30,548732.855623,True
0.0,30,548788.2572,False
2.3,30,548831.962076,True
0.0,30,548881.970703,False
2.0,30,548933.708538,True
0.0,30,548979.243277,False
2.5,30,549029.581959,True
2.7,30,549077.331474,True
0.0,30,549122.285877,False
2.3,30,549178.150611,True
0.0,30,549223.199993,False
0.0,30,549267.112531,False
2.5,30,549305.908604,True
1.9,30,549651.981755,False
0.0,30,549692.512587,False
2.8,30,549735.754455,True
2.2,30,549781.394722,True
0.0,30,549826.07102,False
0.0,30,549867.613253,False
2.8,30,549913.111222,True
2.3,30,549958.183902,True
2.9,30,550000.105488,True
0.0,30,550045.120148,False
0.0,30,550091.761209,False
0.0,30,550136.083876,False
2.6,30,550177.793433,True
0.0,30,550226.965423,False
0.0,30,550273.865922,False
2.7,30,550314.655793,True
2.5,30,550355.6,True
0.0,30,550399.809355,False
2.7,30,550449.983206,True
0.0,30,550494.297326,False
2.4,30,550545.01875,True
0.0,30,550592.897728,False
3.0,30,550637.434595,True
2.9,30,550684.719764,False
2.3,30,550730.418511,True
3.0,30,550780.752182,True
0.0,30,550827.790394,False
0.0,30,550874.238251,False
2.7,30,550924.543737,True
1.3,30,550970.754542,True
1.9,30,551019.842128,True
0.0,30,551061.957964,False
0.0,30,551107.524635,False
0.5,30,551151.845376,False
0.0,30,551527.234029,False
2.7,30,551572.543207,True
0.6,30,551623.875773,False
1.9,30,551672.184789,True
2.8,30,551722.750284,True
0.0,30,551766.874811,False
1.9,30,551812.613984,True
2.8,30,551864.640258,True
0.0,30,551907.29941,False
0.0,30,551953.725787,False
1.9,30,552000.71297,True
2.9,30,552049.100255,True
0.0,30,552096.372589,False
2.5,30,552139.543459,True
2.3,30,552184.378303,True
0.0,30,552228.712348,False
0.0,30,552270.703248,False
2.8,30,552314.711471,True
2.5,30,552366.365628,True
2.7,30,552414.555376,True
0.0,30,552459.435869,False
2.8,30,552507.171511,True
2.8,30,552550.083903,True
0.0,30,552595.351689,False
2.0,30,552639.907307,True
1.4,30,552683.405878,True
0.0,30,552729.547967,False
0.0,30,552778.543257,False
3.0,30,552825.708727,True
3.0,30,552873.261212,True
2.9,30,552922.810978,True
0.0,30,552972.441994,False
2.4,30,553017.701363,True
2.6,30,553062.389135,True
0.0,30,553392.59018,False
0.0,30,553450.760895,False
0.0,30,553494.708749,False
2.1,30,553537.181615,True
2.9,30,553583.747319,True
0.0,30,553629.432428,False
2.7,30,553673.987026,True
1.8,30,553719.775923,True
0.0,30,553766.171703,False
0.0,30,553808.441286,False
0.0,30,553855.916034,False
2.8,30,553899.08815,True
2.6,30,553949.438406,True
2.1,30,553992.637281,True
2.7,30,554039.195411,True
0.0,30,554082.797419,False
0.0,30,554130.660247,False
0.0,30,554174.244427,False
2.1,30,554220.392218,True
0.9,30,554288.318856,True
0.0,30,554329.842242,False
0.0,30,554373.739281,False
2.5,30,554418.881699,True
0.0,30,554464.031872,False
1.5,30,554509.608395,True
2.8,30,554556.14125,True
2.8,30,554605.872526,True
0.0,30,554656.607214,False
0.0,30,554702.849205,False
0.0,30,554751.045085,False
0.0,30,554795.255093,False
2.5,30,554839.56572,True
2.7,30,554881.792685,True
0.0,30,554931.089811,False
2.0,30,555301.932202,True
0.0,30,555344.479267,False
2.5,30,555397.07933,True
1.0,30,555443.609259,True
2.4,30,555499.698179,True
0.0,30,555543.888318,False
1.9,30,555588.228895,True
2.3,30,555638.838032,True
2.6,30,555683.157559,True
1.8,30,555729.622892,True
0.0,30,555778.490589,False
0.0,30,555828.874146,False
2.8,30,555874.852325,True
0.0,30,555919.666911,False
2.4,30,555967.097985,True
1.4,30,556015.11184,True
2.8,30,556061.699881,True
3.0,30,556109.323254,True
0.0,30,556150.946139,False
2.4,30,556196.213261,True
2.9,30,556246.816391,True
0.0,30,556295.366387,False
0.0,30,556338.257033,False
2.4,30,556385.947526,True
0.0,30,556440.624461,False
0.0,30,556484.463354,False
2.5,30,556528.741782,True
0.0,30,556577.977603,False
1.1,30,556622.824815,True
1.9,30,556673.0503,True
0.0,30,556716.496472,False
2.6,30,556758.729112,True
2.3,30,556809.254685,True
0.0,30,556860.300593,False
1.1,30,557208.137766,True
2.2,30,557256.261533,True
2.2,30,557307.39611,True
0.0,30,557362.796453,False
2.8,30,557408.527185,True
0.9,30,557456.600412,True
0.0,30,557506.508987,False
0.0,30,557549.907006,False
0.0,30,557600.850817,False
0.0,30,557647.65355,False
0.0,30,557690.998437,False
2.6,30,557738.940464,True
2.0,30,557783.930043,True
2.4,30,557829.330799,True
0.0,30,557875.670184,False
2.5,30,557923.407797,True
2.3,30,557974.247399,True
2.7,30,558016.747485,True
0.0,30,558067.135698,False
0.0,30,558114.189966,False
2.2,30,558164.475544,True
0.0,30,558215.540849,False
0.0,30,558262.369102,False
2.8,30,558310.395026,True
0.0,30,558354.624724,False
2.4,30,558401.839151,True
2.9,30,558444.731366,True
3.0,30,558493.469901,True
0.1,30,558539.197541,False
0.0,30,558588.409368,False
0.0,30,558630.958476,False
2.6,30,558677.504407,True
1.9,30,558720.959701,True
0.0,30,558768.548903,False
0.0,30,559103.361201,False
0.0,30,559152.114183,False
0.0,30,559197.685868,False
1.7,30,559242.315494,True
0.0,30,559296.865988,False
0.0,30,559340.077504,False
2.6,30,559383.268919,True
2.8,30,559428.301231,True
2.7,30,559472.757518,True
0.0,30,559522.065694,False
2.2,30,559568.075309,True
2.7,30,559614.601877,True
0.0,30,559658.382919,False
0.0,30,559708.841117,False
0.8,30,559754.515172,True
2.5,30,559800.018176,True
0.0,30,559846.662697,False
2.2,30,559895.729304,True
0.0,30,559939.95339,False
2.6,30,559983.91995,True
0.0,30,560029.561978,False
2.3,30,560098.315206,False
2.8,30,560142.422656,True
0.0,30,560187.152578,False
1.0,30,560231.37538,True
2.7,30,560279.159611,True
2.5,30,560326.789747,True
2.3,30,560375.020215,True
0.0,30,560424.251085,False
2.8,30,560473.60874,True
0.0,30,560534.162407,False
2.8,30,560579.82264,True
2.6,30,560632.570896,True
0.0,30,560675.248819,False
2.4,30,560724.125434,True
2.3,30,561074.616071,True
2.4,30,561118.989626,True
0.0,30,561165.290835,False
2.5,30,561211.728508,True
2.7,30,561258.962575,True
0.0,30,561305.558096,False
2.3,30,561354.127044,True
2.5,30,561400.052992,True
2.9,30,561445.153215,True
2.4,30,561491.768964,True
2.7,30,561533.842292,True
1.4,30,561587.004627,True
0.0,30,561634.497005,False
0.0,30,561676.269507,False
2.6,30,561724.476357,True
2.9,30,561771.804341,True
0.0,30,561824.722253,False
0.0,30,561871.182753,False
2.9,30,561918.003301,True
1.9,30,561960.269479,True
0.0,30,562007.047926,False
2.1,30,562054.151605,True
2.3,30,562102.921844,True
2.4,30,562150.32777,True
1.3,30,562193.884591,True
2.7,30,562238.250647,True
2.6,30,562284.200204,True
0.0,30,562348.214848,False
2.5,30,562394.865854,True
0.0,30,562437.802094,False
0.0,30,562486.751672,False
2.7,30,562533.38832,True
0.0,30,562580.800907,False
2.5,30,562626.149335,True
0.0,30,562964.776766,False
0.0,30,563013.044115,False
0.0,30,563059.564682,False
0.0,30,563107.313029,False
1.9,30,563159.341945,True
0.0,30,563206.761083,False
0.0,30,563248.441728,False
2.9,30,563298.515178,True
0.0,30,563345.062462,False
2.4,30,563392.461916,False
0.0,30,563435.661861,False
2.2,30,563480.995568,True
2.8,30,563525.013289,True
2.5,30,563571.602313,True
0.0,30,563621.183984,False
2.8,30,563663.277468,True
0.0,30,563708.389565,False
2.8,30,563752.122729,True
0.0,30,563796.167478,False
2.4,30,563839.03737,True
0.0,30,563885.145402,False
2.3,30,563930.231888,True
0.0,30,563978.592463,False
3.0,30,564026.660571,True
2.2,30,564073.974679,True
0.0,30,564121.60054,False
2.6,30,564165.551927,True
2.2,30,564219.86615,True
0.0,30,564264.01207,False
0.0,30,564311.450411,False
2.8,30,564357.74655,True
2.6,30,564406.59945,True
1.9,30,564456.736372,True
0.0,30,564508.297461,False
2.8,30,564849.371846,True
0.0,30,564891.995689,False
0.0,30,564933.090299,False
0.0,30,564975.895535,False
0.0,30,565024.081155,False
0.0,30,565077.347465,False
0.0,30,565124.27156,False
0.0,30,565170.355999,False
2.6,30,565217.180172,True
0.0,30,565261.642673,False
2.1,30,565308.801247,True
1.9,30,565352.239507,False
0.0,30,565394.897438,False
0.0,30,565439.008839,False
0.0,30,565486.357156,False
0.0,30,565536.879159,False
0.0,30,565581.982812,False
2.6,30,565629.701859,True
2.8,30,565682.760356,True
0.8,30,565729.942278,True
2.4,30,565775.745813,True
2.6,30,565823.832904,True
0.0,30,565865.285604,False
0.0,30,565914.968562,False
3.0,30,565966.985064,True
2.3,30,566010.229291,True
0.0,30,566070.745899,False
0.0,30,566119.04298,False
1.9,30,566164.550074,False
0.0,30,566216.269031,False
0.0,30,566264.62543,False
0.0,30,566305.018269,False
0.0,30,566351.567249,False
0.0,30,566400.139336,False
0.0,30,566769.461593,False
2.5,30,566815.179597,True
2.6,30,566860.367942,True
2.3,30,566903.012533,True
2.7,30,566943.840765,True
0.0,30,566991.044648,False
0.3,30,567038.203727,True
2.8,30,567086.129119,True
2.7,30,567132.874077,True
0.0,30,567179.509353,False
2.4,30,567229.302979,True
0.0,30,567271.245136,False
2.4,30,567321.285321,True
2.3,30,567367.741262,True
0.0,30,567415.838124,False
0.0,30,567465.270405,False
2.4,30,567503.834548,True
1.6,30,567552.043772,True
2.8,30,567604.973267,True
0.0,30,567644.812431,False
0.0,30,567694.202571,False
0.0,30,567744.073952,False
2.6,30,567790.282975,True
2.0,30,567835.548855,True
2.6,30,567876.732453,True
2.5,30,567918.454172,True
3.0,30,567975.347976,True
0.0,30,568020.019957,False
2.8,30,568066.006296,True
0.0,30,568105.311766,False
0.0,30,568153.878966,False
0.0,30,568201.009727,False
0.0,30,568244.300454,False
1.9,30,568288.689711,True
2.5,30,568642.504703,True
0.0,30,568691.683929,False
0.0,30,568738.35395,False
2.6,30,568785.060251,True
2.8,30,568833.792389,True
0.0,30,568883.183125,False
2.8,30,568927.74874,True
2.8,30,568978.416635,True
2.7,30,569023.430229,True
0.0,30,569066.696312,False
0.0,30,569111.971815,False
0.0,30,569158.195204,False
2.1,30,569208.39554,True
2.5,30,569257.421131,True
2.0,30,569306.036946,True
0.0,30,569350.038097,False
2.7,30,569393.316082,True
3.0,30,569438.640744,True
0.0,30,569492.266082,False
0.3,30,569540.319095,True
0.0,30,569587.200911,False
2.1,30,569632.301102,True
0.0,30,569681.02264,False
0.0,30,569726.792825,False
0.0,30,569795.999732,False
2.4,30,569841.432762,True
2.8,30,569883.044717,True
2.4,30,569928.423994,True
2.4,30,569972.735058,True
0.5,30,570025.128567,False
2.7,30,570101.104032,True
2.7,30,570145.000396,True
2.0,30,570201.20688,True
0.6,30,570248.030683,False
2.5,30,570595.718927,True
0.0,30,570637.010788,False
0.0,30,570688.105188,False
0.0,30,570740.076512,False
2.5,30,570787.071424,True
0.0,30,570834.812657,False
2.4,30,570882.565814,True
2.2,30,570924.292653,True
0.0,30,570972.672006,False
0.0,30,571015.209235,False
2.1,30,571061.22978,True
2.7,30,571106.472834,True
0.0,30,571156.961255,False
2.9,30,571201.348256,True
0.0,30,571246.245218,False
2.2,30,571290.465771,True
2.8,30,571341.88989,True
0.0,30,571397.249503,False
0.0,30,571439.998302,False
2.5,30,571491.916626,True
2.6,30,571543.889553,True
3.0,30,571591.03259,True
2.1,30,571638.396064,True
2.6,30,571691.824589,True
0.0,30,571738.939393,False
3.0,30,571783.941482,True
2.8,30,571829.88809,True
2.2,30,571872.580878,True
0.0,30,571919.883611,False
3.0,30,571970.884295,True
2.6,30,572013.67659,True
2.8,30,572058.775751,True
1.2,30,572105.648829,True
0.0,30,572155.388523,False
0.0,30,572527.167261,False
2.8,30,572574.612776,True
0.9,30,572622.747406,True
1.9,30,572669.335358,True
0.0,30,572720.114883,False
2.8,30,572770.303439,True
2.3,30,572812.387039,False
0.0,30,572855.906685,False
2.7,30,572903.561708,True
2.6,30,572953.756542,True
0.0,30,573001.675802,False
0.0,30,573050.652831,False
2.8,30,573097.3387,True
0.0,30,573149.208943,False
0.0,30,573195.693379,False
0.0,30,573244.075102,False
0.0,30,573299.131924,False
1.5,30,573341.004575,True
2.6,30,573392.181368,True
0.0,30,573444.040221,False
2.8,30,573488.326188,True
2.2,30,573538.654208,True
0.0,30,573589.287296,False
0.3,30,573637.702579,False
2.3,30,573684.896073,True
0.0,30,573729.992869,False
2.6,30,573778.176027,True
0.0,30,573824.715692,False
3.0,30,573877.172767,True
2.7,30,573925.094373,True
0.0,30,573970.16371,False
0.0,30,574015.589729,False
0.0,30,574059.305089,False
0.0,30,574111.965135,False
2.1,30,574153.942874,True
0.0,30,574515.075582,False
2.8,30,574558.224305,True
0.0,30,574602.387242,False
2.4,30,574651.810518,True
2.1,30,574700.555132,True
0.0,30,574746.336307,False
1.3,30,574795.362388,True
0.0,30,574841.793982,False
0.0,30,574887.567813,False
0.0,30,574934.123246,False
1.5,30,574984.110418,True
0.0,30,575032.237157,False
2.5,30,575081.453711,True
0.0,30,575128.074776,False
2.6,30,575175.702156,True
2.6,30,575225.565393,True
0.0,30,575269.476549,False
2.1,30,575317.678592,True
2.8,30,575361.230284,True
1.9,30,575407.535987,True
2.6,30,575460.899676,True
0.0,30,575505.796063,False
1.8,30,575575.594695,True
3.0,30,575620.345459,True
2.4,30,575671.409508,True
1.9,30,575713.20492,True
0.0,30,575758.242687,False
0.0,30,575804.575181,False
2.0,30,575850.147264,True
0.0,30,575895.656283,False
1.3,30,575943.71412,True
1.9,30,575987.383948,True
2.9,30,576033.317261,True
0.0,30,576078.204124,False
2.0,30,576412.159656,True
2.2,30,576455.80335,True
0.0,30,576503.934262,False
2.7,30,576562.542116,True
1.2,30,576605.893791,True
0.0,30,576657.399409,False
0.0,30,576702.856791,False
0.0,30,576755.016071,False
0.0,30,576799.685812,False
2.7,30,576850.322458,True
0.0,30,576901.006544,False
2.6,30,576950.032708,True
2.6,30,577006.664773,True
2.5,30,577054.203397,True
1.1,30,577099.552809,True
0.0,30,577148.927267,False
0.0,30,577195.116416,False
2.3,30,577245.370656,True
1.6,30,577290.415972,True
0.0,30,577335.922942,False
0.0,30,577377.78634,False
1.2,30,577420.854006,True
0.0,30,577471.220989,False
0.0,30,577521.780038,False
2.7,30,577571.347885,True
2.9,30,577619.348501,True
1.6,30,577664.556003,True
2.3,30,577708.192008,True
0.0,30,577756.67746,False
0.0,30,577807.100592,False
2.6,30,577854.395373,True
0.0,30,577901.247076,False
1.7,30,577946.968713,True
2.5,30,577994.754591,True
2.8,30,578373.625857,True
2.8,30,578420.960598,True
0.0,30,578467.795017,False
1.8,30,578522.532348,True
2.3,30,578569.148249,True
2.7,30,578616.892442,True
2.3,30,578664.36051,True
2.8,30,578714.637247,True
1.5,30,578763.051146,True
0.0,30,578806.570153,False
2.6,30,578851.587998,True
0.0,30,578901.309877,False
0.0,30,578943.474085,False
0.0,30,578995.626979,False
2.8,30,579048.769923,True
0.0,30,579095.035589,False
2.1,30,579143.577147,True
2.7,30,579190.819432,True
0.0,30,579238.704608,False
2.8,30,579290.237357,True
0.0,30,579334.946364,False
2.8,30,579389.871683,True
2.4,30,579431.691373,True
2.1,30,579475.111256,True
0.0,30,579521.49111,False
1.9,30,579570.378137,True
2.6,30,579614.814912,True
2.5,30,579662.668468,True
2.0,30,579710.158488,True
2.5,30,579765.522309,True
2.4,30,579814.019381,True
0.9,30,579859.224793,True
0.0,30,579907.088464,False
2.3,30,579956.027618,True
0.0,30,580293.348768,False
0.0,30,580349.790821,False
0.0,30,580394.194914,False
0.0,30,580439.989853,False
0.0,30,580484.613552,False
2.3,30,580543.166481,True
2.7,30,580594.146353,True
2.1,30,580665.798147,True
2.6,30,580715.695025,True
2.6,30,580763.661977,True
0.0,30,580807.636181,False
0.0,30,580859.781783,False
2.1,30,580921.663389,True
0.0,30,580970.696457,False
0.0,30,581020.756806,False
0.0,30,581071.731925,False
2.8,30,581123.264549,True
0.3,30,581175.163572,False
2.8,30,581223.152932,True
1.4,30,581273.405083,True
2.8,30,581321.256247,True
0.0,30,581367.143892,False
2.2,30,581418.895404,True
2.7,30,581467.706867,True
2.7,30,581519.222705,True
0.0,30,581564.506784,False
0.0,30,581612.104392,False
2.6,30,581655.623549,True
2.6,30,581706.770008,True
0.0,30,581753.131569,False
2.4,30,581802.396657,True
2.6,30,581856.626241,True
2.4,30,581902.944848,True
0.0,30,581980.059739,False
0.0,30,582341.762743,False
0.0,30,582386.994232,False
0.0,30,582430.146843,False
2.6,30,582483.396908,True
2.3,30,582526.595596,True
0.0,30,582575.441428,False
0.0,30,582624.055765,False
0.0,30,582679.825079,False
0.0,30,582729.070158,False
0.0,30,582782.187212,False
2.8,30,582824.18235,True
1.7,30,582870.764461,True
0.2,30,582925.408334,True
0.0,30,582971.066533,False
0.0,30,583016.995506,False
2.6,30,583066.703441,True
0.0,30,583117.86483,False
2.0,30,583163.457859,True
0.0,30,583210.373595,False
0.1,30,583252.090607,True
2.8,30,583296.808107,True
2.8,30,583348.050305,True
1.9,30,583398.181955,True
2.5,30,583442.874218,True
0.0,30,583484.224136,False
2.5,30,583529.082075,True
2.7,30,583583.691759,True
0.0,30,583634.409756,False
0.0,30,583679.454086,False
2.7,30,583733.122686,True
0.0,30,583781.427381,False
0.0,30,583825.686253,False
0.0,30,583882.706079,False
2.6,30,583929.639579,True
