#{"t_start": 1770256125.6363838, "env_id": "FetchBridgeBullet7Blocks-v1"}
r,l,t,is_success
0.0,30,88.551114,False
0.0,30,150.662684,False
0.0,30,206.068446,False
0.0,30,267.631544,False
0.0,30,319.459528,False
0.0,30,380.433408,False
2.2,30,448.114733,True
0.0,30,493.557214,False
0.0,30,557.971939,False
0.0,30,623.800466,False
0.0,30,682.851826,False
0.0,30,746.23312,False
0.0,30,801.613053,False
0.3,30,857.802974,True
0.0,30,916.947676,False
0.0,30,979.459191,False
0.0,30,1042.078064,False
0.0,30,1102.403743,False
0.0,30,1171.877789,False
0.0,30,1248.344514,False
0.0,30,1320.362562,False
0.0,30,1373.266747,False
0.0,30,1432.942645,False
2.3,30,1494.021398,True
0.0,30,1561.19354,False
1.8,30,1626.467296,True
0.0,30,1689.030771,False
0.0,30,1753.193431,False
0.0,30,1815.723465,False
0.0,30,1884.884208,False
0.0,30,1956.117099,False
2.1,30,2024.235217,True
1.8,30,2090.14515,False
0.7,30,2143.261629,True
0.0,30,2554.252274,False
0.0,30,2611.288569,False
0.0,30,2675.224299,False
2.5,30,2739.339126,True
0.0,30,2796.889264,False
2.5,30,2859.117298,True
0.0,30,2920.17137,False
0.0,30,2983.182214,False
0.0,30,3050.646451,False
0.0,30,3119.485757,False
0.0,30,3183.072836,False
0.0,30,3243.740855,False
0.0,30,3310.70781,False
0.0,30,3367.987417,False
2.5,30,3435.242803,True
0.0,30,3495.02158,False
0.0,30,3560.51211,False
0.0,30,3623.111704,False
1.4,30,3681.395211,True
0.0,30,3736.726638,False
2.8,30,3798.677912,True
1.7,30,3858.471794,True
3.0,30,3920.789448,True
0.0,30,3981.239672,False
0.0,30,4034.666453,False
0.0,30,4085.763561,False
0.0,30,4148.991472,False
1.8,30,4208.209111,True
0.0,30,4271.315575,False
0.0,30,4333.439063,False
1.7,30,4401.969772,True
2.6,30,4458.322707,True
3.0,30,4516.748908,True
0.0,30,4574.940145,False
0.0,30,5054.535355,False
2.4,30,5115.805051,True
2.7,30,5164.02269,True
0.0,30,5217.228002,False
0.0,30,5284.831936,False
3.0,30,5347.993757,True
0.0,30,5409.00543,False
0.0,30,5469.152331,False
0.0,30,5524.337904,False
2.9,30,5574.46436,True
2.5,30,5632.667881,True
0.9,30,5700.260106,True
0.0,30,5754.569877,False
0.0,30,5815.738559,False
3.0,30,5870.014445,True
3.0,30,5927.78459,True
0.0,30,5982.942764,False
0.0,30,6043.925667,False
0.0,30,6095.937367,False
2.9,30,6154.173991,True
2.4,30,6219.136772,True
0.0,30,6280.258045,False
2.9,30,6345.142239,True
2.6,30,6400.115788,True
0.0,30,6455.972582,False
0.0,30,6518.478816,False
0.0,30,6581.938852,False
0.0,30,6637.620091,False
0.0,30,6692.077045,False
0.0,30,6752.888959,False
0.0,30,6829.279792,False
2.9,30,6880.973065,True
0.8,30,6936.980039,False
2.4,30,7001.255133,True
0.0,30,7420.936162,False
0.0,30,7477.807942,False
0.0,30,7541.357361,False
0.0,30,7598.271953,False
0.0,30,7646.070364,False
3.0,30,7691.21598,True
3.0,30,7747.358385,True
0.0,30,7809.932644,False
0.0,30,7857.37879,False
0.0,30,7925.123628,False
0.0,30,7982.874483,False
3.0,30,8043.658614,True
0.0,30,8103.84936,False
0.0,30,8156.71732,False
3.0,30,8218.200746,True
0.0,30,8267.011285,False
2.9,30,8330.885427,True
2.6,30,8385.999302,True
0.0,30,8448.220806,False
0.0,30,8510.615746,False
0.0,30,8566.930624,False
0.0,30,8626.815946,False
0.0,30,8686.61398,False
0.0,30,8739.223524,False
0.0,30,8800.998291,False
0.0,30,8856.406693,False
3.0,30,8917.860989,True
0.0,30,8972.929718,False
2.8,30,9042.930943,True
2.2,30,9096.036142,True
0.0,30,9167.761486,False
0.0,30,9233.483305,False
0.0,30,9279.438843,False
0.0,30,9336.106362,False
1.2,30,9715.882457,True
0.0,30,9777.122887,False
0.0,30,9841.134797,False
3.0,30,9900.086105,True
0.0,30,9962.493369,False
0.2,30,10020.881763,False
2.8,30,10092.331015,True
0.0,30,10148.288263,False
0.0,30,10199.419145,False
3.0,30,10258.005393,True
0.0,30,10320.197154,False
0.0,30,10388.43306,False
0.0,30,10447.054141,False
0.0,30,10516.892076,False
0.0,30,10585.756395,False
0.0,30,10648.838799,False
2.1,30,10715.742856,True
0.0,30,10767.504984,False
0.0,30,10831.291425,False
0.0,30,10889.993389,False
0.0,30,10948.736678,False
0.0,30,11010.016326,False
0.0,30,11071.539853,False
0.0,30,11133.978887,False
2.7,30,11193.124949,True
3.0,30,11254.441146,True
0.0,30,11306.555406,False
3.0,30,11359.961808,True
2.9,30,11416.908035,True
0.4,30,11474.786557,False
0.0,30,11537.198361,False
0.0,30,11599.624238,False
2.8,30,11654.123439,True
2.5,30,11706.434847,True
0.0,30,12121.442518,False
2.6,30,12184.489152,True
0.0,30,12250.201148,False
2.3,30,12298.362926,True
0.0,30,12358.364685,False
0.0,30,12412.967083,False
0.0,30,12484.396339,False
2.7,30,12545.563108,True
0.0,30,12602.689971,False
0.0,30,12663.667023,False
0.0,30,12719.517808,False
0.0,30,12770.338982,False
0.0,30,12829.424538,False
0.0,30,12882.904547,False
0.0,30,12943.607195,False
0.0,30,13004.940062,False
0.0,30,13068.631358,False
0.0,30,13123.29819,False
0.0,30,13175.163158,False
0.0,30,13229.245877,False
1.9,30,13281.049282,True
3.0,30,13345.609984,True
3.0,30,13407.543692,True
1.2,30,13459.86914,True
2.5,30,13522.539129,True
0.0,30,13579.705475,False
0.0,30,13639.046198,False
0.0,30,13693.823083,False
0.0,30,13758.09395,False
0.0,30,13823.885103,False
0.0,30,13882.774882,False
0.0,30,13943.421598,False
0.0,30,14003.749097,False
0.0,30,14057.451103,False
0.0,30,14469.265723,False
0.0,30,14526.336444,False
2.6,30,14589.983471,True
0.0,30,14656.479722,False
0.0,30,14704.502906,False
0.0,30,14755.99148,False
0.6,30,14806.617519,False
0.0,30,14858.595869,False
0.0,30,14916.959401,False
0.0,30,14973.802104,False
0.0,30,15032.503976,False
2.8,30,15068.966075,True
0.0,30,15125.601252,False
0.0,30,15176.479434,False
0.0,30,15231.498198,False
0.0,30,15289.945154,False
0.0,30,15341.51949,False
0.0,30,15395.148165,False
0.0,30,15451.942935,False
0.0,30,15497.394788,False
2.9,30,15549.966677,True
0.0,30,15605.922442,False
2.8,30,15669.138906,True
3.0,30,15728.197659,True
0.0,30,15791.467089,False
0.6,30,15847.783313,True
2.6,30,15903.856994,True
3.0,30,15963.465041,True
0.0,30,16022.194028,False
0.0,30,16070.815507,False
0.0,30,16133.688173,False
1.9,30,16185.919632,True
0.0,30,16249.972569,False
2.2,30,16309.739184,True
0.0,30,16733.648345,False
0.0,30,16787.49251,False
0.0,30,16848.742093,False
0.0,30,16910.191028,False
0.0,30,16963.767756,False
2.8,30,17016.343052,True
1.6,30,17073.429299,True
0.0,30,17132.084545,False
0.0,30,17193.02958,False
0.0,30,17255.06697,False
2.6,30,17316.44866,True
0.0,30,17363.759425,False
0.0,30,17417.265992,False
0.0,30,17468.605187,False
0.0,30,17526.598528,False
2.1,30,17579.62223,True
2.8,30,17651.173586,True
0.0,30,17713.617105,False
0.0,30,17774.572473,False
0.0,30,17832.220223,False
0.0,30,17883.044805,False
0.0,30,17935.702783,False
0.0,30,17995.823067,False
0.0,30,18056.570653,False
0.0,30,18118.257273,False
0.0,30,18183.447141,False
0.0,30,18234.205411,False
0.0,30,18291.822311,False
0.0,30,18352.328897,False
2.8,30,18409.271714,True
0.0,30,18469.552967,False
2.2,30,18531.946517,True
0.0,30,18585.025371,False
0.0,30,18636.352498,False
2.8,30,18703.314351,True
0.0,30,19079.538028,False
0.0,30,19131.873897,False
0.0,30,19192.362429,False
0.0,30,19243.504763,False
0.0,30,19302.750218,False
0.0,30,19358.075319,False
0.4,30,19410.146466,True
0.0,30,19464.527248,False
0.0,30,19521.498321,False
0.0,30,19571.39641,False
0.9,30,19631.650087,True
2.4,30,19697.041838,True
2.7,30,19752.825187,True
0.0,30,19801.722233,False
0.0,30,19870.627914,False
2.8,30,19930.211809,True
0.0,30,19988.104567,False
0.0,30,20039.032031,False
0.0,30,20090.73864,False
0.0,30,20153.303663,False
2.9,30,20206.967452,True
0.0,30,20269.207677,False
2.0,30,20321.137215,True
0.0,30,20379.774588,False
0.0,30,20432.453095,False
0.0,30,20495.898836,False
0.0,30,20550.337124,False
2.2,30,20606.636587,True
0.0,30,20661.086462,False
3.0,30,20715.462025,True
2.8,30,20768.598034,True
2.6,30,20816.805068,True
2.5,30,20872.737158,True
2.1,30,20931.451321,True
0.2,30,21291.931946,True
0.0,30,21348.30985,False
0.0,30,21408.778451,False
0.0,30,21466.589078,False
2.8,30,21525.773352,True
2.2,30,21582.03059,True
2.8,30,21640.068837,True
0.0,30,21701.272681,False
1.6,30,21763.499404,True
0.0,30,21818.075907,False
0.0,30,21874.571721,False
2.6,30,21931.908748,True
0.0,30,21984.044937,False
0.0,30,22041.867946,False
2.4,30,22095.34849,True
0.0,30,22156.825041,False
0.0,30,22211.177486,False
2.8,30,22269.292666,True
0.0,30,22320.47251,False
0.0,30,22385.880183,False
2.4,30,22441.61114,True
2.8,30,22501.848744,True
3.0,30,22556.745813,True
0.0,30,22602.032554,False
0.6,30,22660.009034,True
2.6,30,22722.870451,True
0.0,30,22784.151806,False
0.0,30,22846.384837,False
2.8,30,22903.921094,True
2.0,30,22958.56285,True
0.0,30,23014.589761,False
0.0,30,23075.124618,False
0.0,30,23129.325897,False
0.0,30,23179.348738,False
0.0,30,23593.524102,False
0.0,30,23654.611453,False
3.0,30,23711.736606,True
0.0,30,23770.279966,False
0.0,30,23822.388552,False
2.7,30,23874.783073,True
2.1,30,23933.93658,True
0.0,30,23989.380059,False
0.0,30,24050.119416,False
0.0,30,24102.30428,False
0.0,30,24159.556975,False
0.0,30,24212.313493,False
2.3,30,24264.395241,True
0.0,30,24320.29848,False
2.8,30,24377.612906,True
1.9,30,24427.814353,True
0.0,30,24484.321274,False
0.0,30,24541.074188,False
0.0,30,24597.030812,False
2.4,30,24652.069384,True
2.1,30,24709.99271,True
3.0,30,24778.053913,True
0.0,30,24831.821129,False
0.0,30,24884.715918,False
0.0,30,24949.317625,False
0.0,30,25002.865143,False
0.0,30,25064.440632,False
0.0,30,25118.328483,False
0.0,30,25176.035373,False
2.5,30,25233.853159,True
0.0,30,25290.271101,False
2.7,30,25341.899593,True
0.0,30,25401.885652,False
0.0,30,25457.144629,False
0.0,30,25826.091129,False
0.0,30,25886.256011,False
2.7,30,25942.865064,True
0.0,30,26005.483021,False
0.0,30,26060.189149,False
2.3,30,26113.211559,True
0.0,30,26187.567083,False
2.7,30,26251.489595,True
2.8,30,26301.158515,True
0.0,30,26349.042243,False
0.0,30,26403.78967,False
2.8,30,26487.685695,True
0.0,30,26549.225218,False
2.4,30,26603.251549,True
0.0,30,26653.781736,False
2.7,30,26718.505236,True
3.0,30,26777.956889,True
2.8,30,26839.201446,True
0.0,30,26893.379042,False
2.7,30,26957.228326,True
2.8,30,27019.222901,True
0.0,30,27075.144494,False
0.0,30,27131.220261,False
0.0,30,27188.314817,False
0.0,30,27249.248923,False
2.6,30,27305.007375,True
0.0,30,27363.091038,False
2.5,30,27416.966209,True
2.3,30,27465.715082,True
2.1,30,27544.350273,True
2.0,30,27601.609972,True
0.0,30,27660.527519,False
0.0,30,27711.166969,False
2.8,30,27774.431147,True
2.5,30,28128.069802,True
3.0,30,28178.694948,True
0.0,30,28234.71368,False
0.0,30,28294.774185,False
0.0,30,28382.49932,False
0.0,30,28447.166533,False
2.2,30,28503.560062,True
0.0,30,28570.266218,False
0.0,30,28634.770331,False
0.0,30,28690.917244,False
2.3,30,28746.42567,True
0.0,30,28819.308811,False
0.0,30,28872.669048,False
2.6,30,28928.415801,True
0.0,30,28984.34715,False
0.0,30,29044.870553,False
0.0,30,29104.125009,False
0.0,30,29153.361558,False
0.0,30,29212.675161,False
1.6,30,29279.285046,True
0.8,30,29334.4887,True
0.0,30,29393.862426,False
0.0,30,29459.436716,False
2.6,30,29509.533173,True
2.7,30,29559.80646,True
2.9,30,29617.299185,True
2.6,30,29670.135789,True
2.7,30,29723.093729,True
0.0,30,29782.392559,False
0.0,30,29837.420219,False
0.0,30,29899.744624,False
0.6,30,29957.588512,True
0.0,30,30010.477613,False
0.0,30,30064.637414,False
0.0,30,30419.380892,False
0.0,30,30473.014467,False
0.0,30,30530.627303,False
0.8,30,30589.62267,True
2.5,30,30651.767705,True
2.7,30,30713.74622,True
0.0,30,30769.143302,False
0.0,30,30827.357558,False
2.9,30,30890.754742,True
0.0,30,30952.923318,False
0.0,30,31020.617707,False
0.0,30,31075.942233,False
0.0,30,31133.588474,False
2.4,30,31192.273728,True
0.0,30,31247.485687,False
0.0,30,31315.41776,False
0.0,30,31378.789242,False
1.0,30,31436.267592,True
0.0,30,31494.294224,False
0.0,30,31556.538636,False
0.0,30,31617.198817,False
0.0,30,31680.998405,False
2.4,30,31740.214279,True
0.5,30,31794.321674,False
1.5,30,31862.406792,True
2.7,30,31915.046369,True
2.8,30,31964.706221,True
0.0,30,32022.54517,False
0.0,30,32073.887988,False
2.7,30,32126.429729,True
2.8,30,32186.678954,True
1.8,30,32243.030575,True
0.0,30,32301.001459,False
0.0,30,32359.596468,False
2.6,30,32700.729391,True
3.0,30,32766.775509,True
2.8,30,32822.83878,True
0.0,30,32878.129006,False
2.8,30,32944.845302,True
2.4,30,33007.037689,True
0.0,30,33068.321264,False
0.0,30,33121.400444,False
0.0,30,33179.152199,False
0.0,30,33241.359602,False
0.0,30,33296.448197,False
2.5,30,33348.793878,True
0.0,30,33413.496942,False
2.2,30,33469.725146,True
1.1,30,33530.97355,True
0.0,30,33594.070899,False
2.3,30,33660.044104,True
0.0,30,33720.019491,False
0.0,30,33778.786852,False
0.0,30,33830.112481,False
2.1,30,33886.351866,True
2.7,30,33949.200099,True
2.6,30,34002.349659,True
0.0,30,34058.09387,False
2.8,30,34113.509594,True
2.8,30,34168.225446,True
0.3,30,34234.293193,True
0.0,30,34294.689112,False
0.0,30,34352.001745,False
0.0,30,34409.364845,False
2.4,30,34472.259,True
0.0,30,34535.785572,False
0.0,30,34588.8514,False
0.0,30,34645.743271,False
0.0,30,34707.223498,False
0.0,30,35080.156262,False
0.0,30,35151.716063,False
0.0,30,35206.511215,False
2.4,30,35262.279976,True
2.7,30,35323.798346,True
0.0,30,35377.046807,False
0.0,30,35443.229174,False
0.0,30,35502.362443,False
2.4,30,35557.111726,True
3.0,30,35626.024301,True
2.6,30,35690.559251,True
0.0,30,35740.706205,False
0.3,30,35799.871497,True
2.8,30,35854.426219,True
0.0,30,35913.263945,False
2.9,30,35968.599147,True
3.0,30,36026.401018,True
0.0,30,36085.703951,False
3.0,30,36149.679501,True
0.0,30,36203.627399,False
0.7,30,36265.445807,False
0.0,30,36321.903146,False
0.0,30,36390.325121,False
0.0,30,36450.343611,False
0.0,30,36506.697154,False
0.0,30,36569.23022,False
0.0,30,36632.213765,False
0.0,30,36698.479053,False
2.8,30,36753.021502,True
0.0,30,36810.101421,False
1.7,30,36865.960649,True
0.0,30,36925.398087,False
0.0,30,36994.994009,False
1.1,30,37051.865552,True
2.1,30,37430.014474,True
0.0,30,37490.299026,False
2.1,30,37555.145385,True
0.0,30,37616.205101,False
0.0,30,37668.534595,False
0.0,30,37726.68415,False
0.0,30,37790.660811,False
2.1,30,37838.652053,True
0.0,30,37892.281801,False
0.0,30,37955.348433,False
0.0,30,38014.444317,False
2.0,30,38075.451492,True
0.0,30,38134.41006,False
0.0,30,38201.313495,False
2.8,30,38256.815047,True
0.0,30,38315.002833,False
2.9,30,38384.777381,True
2.5,30,38441.658432,True
0.0,30,38503.613222,False
0.0,30,38565.247123,False
2.0,30,38624.144866,True
1.4,30,38680.095575,True
2.7,30,38738.771024,True
2.0,30,38799.268434,True
2.1,30,38876.04087,False
0.0,30,38936.664476,False
1.4,30,39001.039066,False
2.9,30,39077.420169,True
2.8,30,39146.818255,True
2.6,30,39209.941858,True
1.9,30,39270.46705,True
3.0,30,39336.189665,True
2.9,30,39398.58957,True
1.6,30,39456.125958,True
0.0,30,39861.332568,False
0.0,30,39924.516325,False
0.0,30,39985.861269,False
2.1,30,40042.15717,True
2.8,30,40100.242608,True
2.8,30,40170.498632,True
2.8,30,40229.618448,True
1.9,30,40290.721859,True
2.8,30,40351.810719,True
2.8,30,40412.636058,True
0.0,30,40481.891864,False
0.0,30,40540.406545,False
0.0,30,40602.017321,False
0.0,30,40667.115807,False
2.9,30,40724.852907,True
0.0,30,40784.529435,False
0.0,30,40839.824121,False
0.0,30,40920.001335,False
0.0,30,40977.038848,False
2.6,30,41038.674248,True
0.0,30,41100.655464,False
2.8,30,41158.642159,True
2.8,30,41217.27163,True
0.0,30,41278.38308,False
0.0,30,41338.925827,False
0.0,30,41394.246758,False
0.0,30,41458.861601,False
0.0,30,41506.368271,False
2.4,30,41559.501336,True
0.0,30,41619.302932,False
0.0,30,41680.365774,False
1.7,30,41737.883089,True
0.0,30,41802.085065,False
0.0,30,41866.776556,False
0.0,30,42279.952165,False
0.0,30,42345.442853,False
2.8,30,42408.286055,True
1.1,30,42470.512935,True
0.0,30,42531.371311,False
2.3,30,42602.458278,True
0.0,30,42673.250485,False
0.0,30,42737.667893,False
0.0,30,42796.934562,False
1.2,30,42854.240971,True
2.1,30,42933.973376,True
2.2,30,43001.463959,True
2.8,30,43065.031392,True
0.0,30,43129.264111,False
2.6,30,43188.044892,True
2.8,30,43243.801093,True
0.0,30,43305.596535,False
1.9,30,43374.787996,True
1.8,30,43422.688368,True
0.0,30,43479.978441,False
0.0,30,43542.821486,False
0.0,30,43601.559286,False
2.7,30,43661.627403,True
0.3,30,43717.904295,True
0.0,30,43773.646601,False
0.0,30,43837.497242,False
0.0,30,43893.15276,False
0.0,30,43957.001277,False
0.0,30,44025.382971,False
0.0,30,44089.871217,False
0.0,30,44154.914606,False
0.0,30,44208.828932,False
0.0,30,44257.101439,False
0.0,30,44305.984955,False
0.0,30,44633.583575,False
2.0,30,44674.864932,True
0.0,30,44720.595762,False
0.0,30,44787.634448,False
0.0,30,44837.998056,False
0.0,30,44889.984927,False
0.0,30,44936.197826,False
0.0,30,44982.81754,False
2.4,30,45022.773206,True
0.0,30,45063.576623,False
0.0,30,45110.412337,False
2.6,30,45156.378993,True
2.4,30,45201.865916,True
0.0,30,45245.352641,False
0.0,30,45294.129097,False
0.0,30,45331.789841,False
2.5,30,45372.84469,True
0.0,30,45417.277995,False
2.8,30,45463.116567,True
2.0,30,45504.138539,True
0.0,30,45552.088928,False
0.0,30,45595.09444,False
0.0,30,45636.128292,False
0.0,30,45676.958815,False
1.4,30,45721.901085,True
0.0,30,45769.670763,False
1.9,30,45819.526264,True
0.0,30,45865.622123,False
0.6,30,45918.530697,True
0.0,30,45964.780606,False
0.0,30,46010.163919,False
2.6,30,46058.343877,True
1.0,30,46101.065306,False
0.0,30,46143.401832,False
2.4,30,46483.832633,True
2.3,30,46525.683197,True
2.8,30,46568.411483,True
2.5,30,46617.585128,True
2.4,30,46666.872154,True
0.0,30,46717.919949,False
0.0,30,46756.406306,False
0.0,30,46802.273546,False
0.0,30,46852.133138,False
0.0,30,46899.911486,False
0.0,30,46946.629328,False
0.0,30,46996.480534,False
0.0,30,47059.452465,False
0.0,30,47110.642168,False
2.0,30,47155.281079,True
2.6,30,47198.891491,True
2.9,30,47246.695261,True
0.0,30,47292.374557,False
2.1,30,47338.798028,True
2.7,30,47389.222985,True
0.0,30,47440.453834,False
0.0,30,47482.704693,False
0.0,30,47534.466601,False
1.9,30,47586.827765,True
0.6,30,47633.636437,True
0.0,30,47684.115284,False
0.0,30,47743.640042,False
0.0,30,47794.129201,False
0.0,30,47835.790656,False
2.7,30,47884.473828,True
3.0,30,47935.343782,True
0.0,30,47983.269456,False
0.0,30,48029.798093,False
2.6,30,48076.798891,True
2.7,30,48368.701282,True
0.0,30,48421.934848,False
0.0,30,48464.77279,False
0.0,30,48512.961716,False
0.0,30,48560.8342,False
2.8,30,48602.994994,True
3.0,30,48657.165663,True
2.8,30,48696.409464,True
0.0,30,48745.748854,False
0.0,30,48794.099685,False
0.0,30,48849.850008,False
0.0,30,48896.657895,False
0.0,30,48948.004032,False
2.5,30,49005.28156,True
0.0,30,49048.78169,False
0.0,30,49097.023229,False
2.7,30,49137.36894,True
0.0,30,49180.439432,False
0.0,30,49221.614541,False
2.1,30,49277.234822,True
2.8,30,49323.479405,True
2.7,30,49364.614569,True
2.2,30,49444.644301,True
2.1,30,49494.71454,True
0.0,30,49538.366015,False
2.7,30,49583.134454,True
0.0,30,49630.055853,False
0.0,30,49677.885535,False
1.6,30,49731.993787,True
0.0,30,49786.753346,False
0.0,30,49833.772868,False
2.3,30,49884.303718,True
0.0,30,49936.338076,False
2.9,30,49982.668645,True
0.0,30,50307.440168,False
1.8,30,50354.759646,True
0.0,30,50398.670928,False
0.0,30,50446.678213,False
0.0,30,50492.336828,False
2.5,30,50542.219355,True
3.0,30,50597.479026,True
2.8,30,50650.711127,True
2.6,30,50695.528985,True
0.0,30,50736.153832,False
0.0,30,50786.368372,False
0.0,30,50834.328323,False
0.0,30,50880.024838,False
2.5,30,50923.935446,True
0.8,30,50971.554992,True
0.0,30,51023.117672,False
2.6,30,51069.225628,True
2.9,30,51116.386421,True
2.2,30,51166.296796,True
2.4,30,51210.04812,True
0.0,30,51254.774496,False
3.0,30,51304.225005,True
2.2,30,51350.938662,True
0.0,30,51394.544383,False
0.0,30,51435.30933,False
2.8,30,51482.813139,True
0.0,30,51527.24201,False
0.0,30,51569.052796,False
2.5,30,51612.280382,True
0.0,30,51653.574807,False
2.6,30,51700.138805,True
0.0,30,51746.194911,False
0.0,30,51797.104961,False
0.9,30,51845.928173,True
0.0,30,51892.324921,False
3.0,30,52192.242469,True
0.0,30,52234.264327,False
0.0,30,52279.201515,False
2.3,30,52327.227091,True
0.0,30,52375.56664,False
0.0,30,52414.027479,False
0.0,30,52463.978019,False
0.0,30,52524.265616,False
2.6,30,52569.529946,True
2.9,30,52616.023211,True
2.9,30,52660.216526,True
0.0,30,52705.253172,False
0.0,30,52752.790707,False
0.0,30,52800.114006,False
0.0,30,52843.771388,False
0.0,30,52887.968863,False
0.0,30,52934.622093,False
0.0,30,52983.160638,False
0.0,30,53033.203683,False
0.0,30,53075.870671,False
2.7,30,53114.290153,True
3.0,30,53160.303741,True
0.4,30,53204.712107,True
2.6,30,53255.669402,True
0.0,30,53303.016033,False
0.2,30,53350.554444,True
0.0,30,53397.727673,False
1.1,30,53442.536324,True
2.0,30,53485.652977,True
0.0,30,53525.634556,False
2.1,30,53574.2301,True
0.3,30,53618.61719,True
0.0,30,53660.83987,False
0.0,30,53704.970536,False
0.0,30,54034.874323,False
0.0,30,54088.441719,False
0.0,30,54132.981157,False
0.0,30,54176.223791,False
2.9,30,54223.223422,True
1.9,30,54271.188773,True
0.0,30,54317.717389,False
2.4,30,54359.632733,True
0.0,30,54404.685091,False
0.0,30,54452.396111,False
0.0,30,54497.182486,False
0.0,30,54541.677054,False
2.8,30,54588.437089,True
2.6,30,54635.798669,True
2.6,30,54683.087003,True
0.0,30,54732.030378,False
0.0,30,54773.82822,False
0.7,30,54823.053978,False
0.0,30,54873.199078,False
0.0,30,54918.555176,False
2.5,30,54968.732294,True
0.0,30,55018.578305,False
0.0,30,55068.8403,False
0.3,30,55112.881343,False
0.0,30,55170.090206,False
2.6,30,55216.371435,True
1.8,30,55266.544143,True
0.0,30,55315.174293,False
2.8,30,55357.09497,True
2.7,30,55404.011674,True
0.0,30,55451.130802,False
2.7,30,55505.286966,True
0.0,30,55549.672849,False
2.7,30,55597.572639,True
0.0,30,55912.322645,False
0.0,30,55961.325003,False
1.6,30,56011.063455,True
2.7,30,56054.87872,True
1.8,30,56103.015466,True
0.0,30,56149.114284,False
2.7,30,56191.520115,True
1.6,30,56238.5905,True
2.8,30,56287.0011,True
0.0,30,56330.986926,False
0.1,30,56381.382054,True
2.4,30,56424.397487,True
0.0,30,56471.118405,False
0.0,30,56513.495023,False
2.9,30,56566.524523,True
1.9,30,56605.142358,True
0.0,30,56652.816945,False
3.0,30,56700.429531,True
0.0,30,56749.120992,False
1.4,30,56794.289841,False
2.6,30,56839.398551,True
1.4,30,56891.01138,True
0.0,30,56932.19672,False
0.0,30,56979.756181,False
0.0,30,57029.931753,False
2.7,30,57073.48983,True
0.0,30,57116.097014,False
0.0,30,57157.966725,False
0.0,30,57201.377481,False
0.0,30,57247.465322,False
0.0,30,57296.343832,False
0.0,30,57343.663427,False
0.0,30,57388.83478,False
2.2,30,57446.747074,True
0.0,30,57736.02152,False
0.0,30,57779.724424,False
2.1,30,57829.731381,True
0.0,30,57873.764082,False
0.0,30,57922.031281,False
0.0,30,57968.510012,False
0.0,30,58020.323386,False
0.0,30,58073.660018,False
0.0,30,58124.677287,False
0.0,30,58181.523325,False
2.6,30,58245.962619,True
0.0,30,58294.152617,False
0.0,30,58336.618279,False
0.0,30,58378.374223,False
2.8,30,58443.33342,True
0.0,30,58488.904463,False
0.0,30,58538.910141,False
0.0,30,58584.333562,False
0.0,30,58627.797033,False
0.0,30,58668.776809,False
2.6,30,58725.876961,True
2.4,30,58771.614416,True
2.9,30,58814.145728,True
0.0,30,58860.477866,False
0.0,30,58907.372488,False
0.0,30,58957.229242,False
2.8,30,59001.774715,True
0.0,30,59050.701326,False
2.6,30,59092.811698,True
2.8,30,59134.697981,True
2.8,30,59176.194494,True
0.0,30,59217.8277,False
0.0,30,59262.513224,False
0.0,30,59312.467059,False
0.0,30,59592.398155,False
2.5,30,59638.219847,True
0.9,30,59684.745193,True
0.0,30,59735.697525,False
0.0,30,59778.401557,False
0.0,30,59814.500557,False
0.0,30,59857.25388,False
0.0,30,59901.221079,False
0.0,30,59945.987401,False
0.0,30,59993.711046,False
0.0,30,60051.019707,False
2.8,30,60097.96087,True
0.0,30,60143.797602,False
2.9,30,60188.780881,True
2.6,30,60232.275484,True
1.8,30,60287.016406,True
2.7,30,60330.689985,True
2.2,30,60387.953236,True
0.0,30,60438.249671,False
2.8,30,60488.986815,True
2.5,30,60536.171596,True
0.0,30,60584.253578,False
2.5,30,60635.942341,True
1.3,30,60685.269144,True
2.0,30,60732.768883,True
0.0,30,60784.269194,False
0.0,30,60830.808669,False
0.0,30,60877.078802,False
2.9,30,60921.307426,True
2.3,30,60968.828196,True
2.1,30,61010.351555,True
2.9,30,61058.589116,True
0.0,30,61104.96888,False
2.7,30,61163.753467,True
3.0,30,61466.449223,True
0.9,30,61509.32664,True
0.0,30,61558.864189,False
0.0,30,61600.043704,False
0.0,30,61642.64525,False
0.0,30,61680.929992,False
0.0,30,61723.224809,False
0.0,30,61762.780165,False
0.0,30,61809.833405,False
1.9,30,61852.673658,True
0.0,30,61898.08121,False
1.3,30,61940.856001,True
0.0,30,61990.394452,False
2.5,30,62045.226101,True
2.3,30,62091.72214,True
0.0,30,62139.075847,False
0.9,30,62189.895428,True
2.5,30,62240.008642,True
0.0,30,62289.917676,False
2.7,30,62354.130929,True
2.5,30,62401.375813,True
0.0,30,62449.087359,False
0.0,30,62498.225718,False
0.0,30,62544.044325,False
2.8,30,62607.525459,True
2.3,30,62658.503301,True
2.4,30,62703.644879,True
0.0,30,62749.274046,False
0.0,30,62793.769031,False
2.7,30,62841.929195,True
3.0,30,62890.855314,True
0.0,30,62937.967899,False
0.0,30,62985.483024,False
0.0,30,63038.05129,False
1.9,30,63362.467463,True
0.0,30,63411.267467,False
2.7,30,63466.12128,True
0.0,30,63510.148838,False
0.0,30,63555.481085,False
0.0,30,63598.596324,False
0.0,30,63652.145367,False
0.0,30,63698.671901,False
0.0,30,63743.79863,False
0.0,30,63793.037133,False
2.1,30,63835.761844,True
0.0,30,63882.351702,False
0.0,30,63929.539375,False
0.0,30,63976.406977,False
0.0,30,64022.362905,False
2.3,30,64080.085339,True
0.0,30,64128.772057,False
1.5,30,64175.688629,True
2.7,30,64219.487125,True
1.9,30,64262.751594,True
2.3,30,64305.278786,True
2.7,30,64355.102574,True
0.0,30,64400.827735,False
2.9,30,64453.311308,True
2.8,30,64503.126423,True
0.0,30,64550.227139,False
0.0,30,64598.438315,False
2.6,30,64646.765392,True
0.0,30,64689.92772,False
0.0,30,64752.16602,False
2.3,30,64805.404522,True
2.5,30,64843.924484,True
2.2,30,64891.813241,True
0.2,30,64942.35623,False
0.0,30,64996.672949,False
0.0,30,65295.873952,False
0.0,30,65340.961827,False
0.0,30,65385.560447,False
2.7,30,65434.421937,True
2.0,30,65483.222563,True
3.0,30,65526.434994,True
0.0,30,65576.045077,False
2.8,30,65624.052553,True
0.0,30,65669.754716,False
2.6,30,65716.626851,True
0.0,30,65761.49635,False
0.0,30,65807.879963,False
0.1,30,65862.064717,False
2.1,30,65912.152233,True
1.5,30,65962.418966,True
0.0,30,66014.681979,False
2.7,30,66060.286995,True
0.0,30,66103.321113,False
0.0,30,66151.30214,False
2.8,30,66190.501842,True
2.3,30,66239.913141,True
1.7,30,66316.636698,True
2.6,30,66400.807333,True
0.0,30,66454.157226,False
2.8,30,66516.497963,True
3.0,30,66565.834377,True
0.0,30,66607.562694,False
0.0,30,66652.834219,False
0.0,30,66701.301559,False
0.5,30,66759.326071,True
0.0,30,66804.054242,False
0.0,30,66856.010278,False
0.0,30,66907.5974,False
2.6,30,66952.150244,True
1.4,30,67246.455895,True
0.0,30,67295.746578,False
2.1,30,67343.974456,True
2.2,30,67390.059247,True
3.0,30,67434.443339,True
0.0,30,67491.856263,False
0.0,30,67534.044369,False
0.0,30,67579.892767,False
0.0,30,67624.756546,False
0.0,30,67669.802508,False
2.6,30,67715.241256,True
0.0,30,67762.349841,False
0.0,30,67812.524631,False
3.0,30,67858.650844,True
0.0,30,67916.615156,False
0.0,30,67963.141029,False
2.8,30,68011.409966,True
2.1,30,68058.555876,True
0.0,30,68104.859493,False
0.0,30,68147.822068,False
1.8,30,68198.479334,False
0.0,30,68244.850709,False
0.0,30,68288.706457,False
2.3,30,68340.60381,True
2.0,30,68388.563818,True
0.0,30,68433.436108,False
0.0,30,68476.708913,False
0.0,30,68518.395803,False
2.7,30,68558.297602,True
0.0,30,68606.240808,False
2.4,30,68654.550814,True
0.0,30,68701.725988,False
1.7,30,68747.772897,True
2.9,30,68794.697476,True
3.0,30,69122.312388,True
0.0,30,69170.847247,False
0.0,30,69216.626109,False
0.0,30,69265.168268,False
2.5,30,69311.54011,True
0.0,30,69357.367631,False
2.8,30,69405.290123,True
1.6,30,69456.35851,True
3.0,30,69502.514927,True
0.0,30,69545.468921,False
0.0,30,69596.106913,False
0.0,30,69644.066706,False
2.8,30,69689.406247,True
0.0,30,69741.088065,False
2.9,30,69790.973859,True
2.7,30,69835.054323,True
0.0,30,69881.410028,False
2.9,30,69929.755351,True
0.0,30,69975.757681,False
2.7,30,70024.95604,True
2.8,30,70078.313492,True
0.0,30,70123.202543,False
2.4,30,70165.946998,True
2.4,30,70215.116943,True
0.0,30,70263.230747,False
2.6,30,70308.967087,True
0.7,30,70359.038188,False
0.4,30,70414.021818,False
0.0,30,70467.522282,False
0.0,30,70517.692631,False
0.0,30,70562.4114,False
2.7,30,70608.698623,True
2.7,30,70653.033793,True
2.2,30,70706.144224,True
0.0,30,71021.37395,False
0.0,30,71064.37273,False
0.0,30,71118.727496,False
2.4,30,71161.212253,True
0.0,30,71208.410237,False
0.0,30,71262.416804,False
2.0,30,71309.654919,True
2.8,30,71356.525047,True
2.7,30,71401.819004,True
2.5,30,71451.15953,True
2.5,30,71503.239397,True
0.0,30,71547.002827,False
2.5,30,71592.496349,True
2.8,30,71638.864736,True
0.0,30,71691.872625,False
2.5,30,71736.757658,True
1.9,30,71778.059756,True
3.0,30,71826.177242,True
2.4,30,71869.275416,True
2.8,30,71919.253694,True
3.0,30,71966.811323,True
0.0,30,72014.393614,False
0.0,30,72070.729733,False
0.0,30,72120.306185,False
2.7,30,72168.506509,True
0.0,30,72217.524693,False
2.6,30,72285.225551,True
0.0,30,72335.849506,False
0.0,30,72379.37917,False
2.8,30,72430.601693,True
2.6,30,72478.201636,True
2.9,30,72527.053562,True
2.6,30,72577.649394,True
2.6,30,72625.17458,True
2.4,30,72962.272354,True
2.5,30,73010.903928,True
2.6,30,73069.68225,True
0.7,30,73118.028165,True
2.8,30,73164.809227,True
0.0,30,73214.074704,False
0.0,30,73262.202053,False
3.0,30,73311.638596,True
0.0,30,73363.245537,False
0.5,30,73407.147031,False
2.4,30,73454.298172,True
2.5,30,73516.892664,True
0.0,30,73563.412266,False
0.0,30,73619.934042,False
0.0,30,73671.229656,False
1.7,30,73722.262468,True
0.0,30,73770.263039,False
2.9,30,73813.890895,True
0.0,30,73862.695851,False
2.9,30,73911.522504,True
0.7,30,73959.408251,True
2.7,30,74002.836768,True
2.8,30,74061.172407,True
2.2,30,74101.880477,True
2.5,30,74145.995124,True
1.7,30,74193.391367,True
0.0,30,74239.90694,False
0.2,30,74284.701813,False
1.2,30,74331.454608,True
0.0,30,74380.673165,False
2.3,30,74424.430295,True
0.0,30,74473.735549,False
0.9,30,74520.750774,True
2.7,30,74588.570888,True
2.8,30,74916.530688,True
2.6,30,74967.316752,True
1.9,30,75017.582532,True
0.0,30,75067.531962,False
2.8,30,75115.858112,True
2.6,30,75164.273896,True
0.0,30,75207.013608,False
0.0,30,75282.951712,False
1.3,30,75330.470755,True
2.8,30,75376.316515,True
3.0,30,75423.650724,True
0.0,30,75474.363925,False
3.0,30,75524.702393,True
0.0,30,75566.759184,False
0.0,30,75613.094047,False
2.7,30,75656.535085,True
3.0,30,75710.131544,True
0.0,30,75756.21782,False
0.0,30,75810.654047,False
2.6,30,75856.609263,True
2.6,30,75906.405932,True
2.5,30,75953.934393,True
0.0,30,76000.869753,False
2.6,30,76052.215093,True
0.0,30,76099.325402,False
2.7,30,76148.491447,True
2.6,30,76195.700772,True
0.0,30,76238.001645,False
0.0,30,76283.977901,False
1.9,30,76332.607157,False
0.0,30,76381.407864,False
0.0,30,76425.315967,False
2.2,30,76470.649577,True
0.0,30,76520.185208,False
0.0,30,76875.22082,False
0.0,30,76926.369255,False
2.7,30,76978.784107,True
0.0,30,77025.115482,False
2.1,30,77074.893274,True
0.0,30,77122.395532,False
0.0,30,77172.397505,False
0.1,30,77217.216811,True
2.6,30,77263.516411,True
0.0,30,77313.587201,False
2.8,30,77369.481583,True
2.4,30,77423.635821,True
2.7,30,77472.402551,True
0.0,30,77521.455387,False
2.9,30,77572.377617,True
2.7,30,77623.889523,True
2.4,30,77670.747515,True
0.1,30,77715.656727,True
0.3,30,77761.344704,True
0.0,30,77805.938479,False
0.0,30,77855.322623,False
0.0,30,77897.33448,False
0.0,30,77959.074517,False
0.0,30,78009.8592,False
1.8,30,78061.539322,True
1.4,30,78107.672034,True
0.0,30,78154.154166,False
0.0,30,78208.25545,False
1.1,30,78256.533073,False
0.0,30,78305.386618,False
0.0,30,78354.954404,False
1.2,30,78413.231065,True
0.8,30,78464.55466,True
1.9,30,78503.649039,True
0.0,30,78835.665625,False
2.1,30,78881.695431,True
2.6,30,78926.280697,True
1.6,30,78968.753518,True
2.7,30,79014.426436,True
2.3,30,79059.404031,True
2.8,30,79104.813132,True
2.9,30,79158.215651,True
0.0,30,79204.600972,False
0.0,30,79267.15492,False
0.0,30,79316.616132,False
0.0,30,79362.708565,False
0.0,30,79403.619004,False
2.7,30,79450.342472,True
2.8,30,79505.887914,True
0.0,30,79560.83026,False
1.8,30,79609.698481,True
0.0,30,79654.574387,False
0.0,30,79698.318376,False
0.0,30,79744.233722,False
2.6,30,79793.035909,True
2.3,30,79840.438728,True
2.6,30,79884.935199,True
0.0,30,79931.859575,False
2.7,30,79978.471115,True
0.0,30,80020.76395,False
0.0,30,80073.611957,False
2.6,30,80114.523724,True
2.9,30,80174.120998,True
0.0,30,80222.921088,False
2.7,30,80268.985376,True
2.8,30,80317.792701,True
2.8,30,80361.128047,True
0.0,30,80404.322147,False
0.0,30,80450.401268,False
0.0,30,80796.264693,False
2.0,30,80838.564095,True
0.0,30,80888.31039,False
0.8,30,80942.528095,True
0.0,30,80993.333426,False
0.0,30,81036.655097,False
2.7,30,81083.374657,True
2.6,30,81129.253094,True
0.0,30,81179.974514,False
0.0,30,81224.583885,False
0.0,30,81272.271586,False
0.0,30,81316.424001,False
2.9,30,81365.611272,True
0.0,30,81408.971648,False
0.5,30,81459.840513,True
0.0,30,81509.379136,False
0.0,30,81558.997145,False
3.0,30,81608.471073,True
0.0,30,81646.96734,False
0.0,30,81693.942458,False
0.0,30,81743.762834,False
2.8,30,81794.037492,True
0.0,30,81840.443593,False
0.0,30,81887.849144,False
2.6,30,81929.403889,True
0.0,30,81974.64347,False
0.0,30,82021.210449,False
0.0,30,82069.680705,False
0.0,30,82116.86744,False
1.7,30,82165.812026,True
1.3,30,82206.804739,True
0.0,30,82260.985729,False
2.8,30,82307.757763,True
0.0,30,82353.055108,False
0.0,30,82679.130252,False
0.0,30,82727.220221,False
0.0,30,82775.169382,False
0.0,30,82820.89994,False
0.0,30,82872.307022,False
2.2,30,82922.731173,True
2.2,30,82964.315504,True
2.2,30,83005.390342,True
0.0,30,83047.249113,False
2.2,30,83099.657726,True
2.4,30,83149.24937,True
1.6,30,83194.033198,True
0.0,30,83237.056929,False
0.0,30,83283.596584,False
0.9,30,83332.440416,False
0.0,30,83374.138417,False
2.8,30,83417.422212,True
2.6,30,83465.867116,True
0.0,30,83518.950498,False
0.6,30,83569.507309,True
0.0,30,83620.884141,False
0.0,30,83668.020198,False
1.4,30,83716.965549,True
0.0,30,83763.83005,False
0.0,30,83809.405598,False
2.5,30,83857.722972,True
0.0,30,83907.02364,False
2.7,30,83954.892228,True
0.0,30,84000.276852,False
2.8,30,84046.066265,True
2.8,30,84094.225374,True
2.8,30,84137.973233,True
0.0,30,84187.729434,False
0.0,30,84236.459831,False
0.0,30,84552.667808,False
2.4,30,84595.3003,True
0.0,30,84640.186519,False
0.0,30,84699.551478,False
2.2,30,84745.98374,True
0.0,30,84793.885792,False
0.0,30,84837.386252,False
2.2,30,84894.569601,True
1.2,30,84945.273008,True
0.0,30,84994.471054,False
2.5,30,85052.041424,True
2.5,30,85099.453558,True
1.4,30,85145.856699,True
2.5,30,85193.489336,True
0.0,30,85235.770343,False
2.8,30,85281.301464,True
0.0,30,85327.875456,False
0.0,30,85373.846135,False
0.0,30,85433.566619,False
0.0,30,85480.787864,False
2.7,30,85525.598747,True
2.0,30,85570.917746,True
0.0,30,85618.605034,False
2.2,30,85673.409274,True
0.0,30,85718.740811,False
0.0,30,85761.721582,False
2.5,30,85806.222563,True
0.0,30,85852.871584,False
0.0,30,85895.712608,False
0.0,30,85941.044627,False
0.0,30,85986.821686,False
0.4,30,86034.023408,False
2.8,30,86078.910642,True
0.0,30,86125.65731,False
0.0,30,86482.43191,False
0.0,30,86527.535639,False
2.4,30,86574.338544,True
0.0,30,86629.018089,False
2.8,30,86683.9954,True
2.2,30,86732.73103,True
0.0,30,86783.470201,False
0.0,30,86832.118261,False
0.0,30,86884.023933,False
0.0,30,86934.060284,False
0.0,30,86980.006632,False
2.3,30,87028.936236,True
2.7,30,87074.485139,True
0.0,30,87119.132332,False
0.0,30,87168.555123,False
0.0,30,87220.652107,False
0.0,30,87275.576701,False
0.9,30,87318.551608,True
0.0,30,87365.399338,False
2.5,30,87408.133832,True
0.9,30,87453.371321,True
0.0,30,87495.112557,False
0.0,30,87549.301736,False
2.8,30,87592.904457,True
0.0,30,87636.822871,False
1.1,30,87691.949133,True
1.2,30,87746.521374,True
0.0,30,87796.362169,False
0.0,30,87843.010472,False
0.0,30,87888.405962,False
0.0,30,87935.476738,False
0.2,30,87984.547061,True
0.0,30,88031.417567,False
1.2,30,88076.904613,True
0.0,30,88366.143863,False
2.7,30,88410.274544,True
2.0,30,88454.580138,True
0.0,30,88498.874145,False
0.0,30,88541.014945,False
2.4,30,88584.566176,True
0.0,30,88634.126213,False
0.0,30,88690.091227,False
2.8,30,88738.988146,True
0.0,30,88785.509211,False
1.9,30,88832.380475,False
2.6,30,88889.09492,True
0.0,30,88931.994621,False
0.8,30,88983.273207,False
0.0,30,89034.137149,False
0.0,30,89095.578431,False
2.7,30,89146.451967,True
2.8,30,89186.548425,True
0.0,30,89234.903878,False
2.7,30,89291.702017,True
1.2,30,89342.614628,True
0.0,30,89398.334577,False
2.9,30,89452.207378,True
2.8,30,89498.739837,True
2.6,30,89545.42581,True
1.5,30,89594.948325,True
1.0,30,89639.569084,True
0.0,30,89683.813756,False
0.0,30,89730.255938,False
0.0,30,89783.294653,False
0.0,30,89832.028203,False
0.0,30,89876.644453,False
1.3,30,89928.374191,False
0.0,30,89971.428869,False
2.2,30,90288.490176,True
2.3,30,90334.722871,True
0.0,30,90374.960313,False
0.0,30,90417.965042,False
2.5,30,90467.70083,True
3.0,30,90516.340207,True
1.3,30,90562.311515,True
2.6,30,90607.070712,True
0.0,30,90656.238392,False
2.3,30,90703.506521,True
2.8,30,90753.016684,True
0.0,30,90805.291203,False
0.0,30,90855.873551,False
0.0,30,90900.402297,False
0.0,30,90945.901513,False
0.0,30,90993.228137,False
2.6,30,91039.948703,True
0.0,30,91092.871501,False
2.9,30,91134.975409,True
0.0,30,91178.894779,False
2.5,30,91230.425718,True
0.0,30,91276.371938,False
0.0,30,91323.503748,False
1.2,30,91362.337725,False
2.4,30,91408.80157,True
0.0,30,91457.786315,False
2.6,30,91504.713889,True
0.0,30,91548.395006,False
0.0,30,91592.595777,False
2.4,30,91634.533703,True
2.7,30,91677.819117,True
0.0,30,91725.188759,False
0.0,30,91771.582644,False
0.0,30,91819.459013,False
3.0,30,92163.038856,True
2.1,30,92204.91191,True
0.0,30,92246.071843,False
0.0,30,92293.742334,False
1.5,30,92345.865309,True
0.0,30,92401.429121,False
2.8,30,92448.488989,True
2.5,30,92494.089136,True
0.0,30,92539.209629,False
2.3,30,92586.762461,True
0.0,30,92631.435108,False
2.4,30,92675.899635,True
0.0,30,92720.017261,False
2.8,30,92765.521866,True
2.5,30,92810.758724,True
3.0,30,92857.288166,True
0.0,30,92907.725849,False
0.0,30,92954.493503,False
0.0,30,93002.52127,False
3.0,30,93045.254115,True
2.0,30,93106.681751,True
2.9,30,93158.924865,True
2.2,30,93206.770393,True
0.0,30,93248.979725,False
2.6,30,93295.438906,True
0.0,30,93340.117858,False
0.0,30,93389.080781,False
2.4,30,93427.663409,True
0.0,30,93474.724288,False
0.0,30,93523.335758,False
3.0,30,93576.71431,True
0.0,30,93620.761292,False
0.0,30,93661.183185,False
2.4,30,93706.689005,True
3.0,30,93757.883846,True
2.4,30,94100.116628,True
0.0,30,94154.665998,False
0.6,30,94206.315415,True
0.0,30,94253.279709,False
2.8,30,94309.902487,True
2.8,30,94348.916013,True
2.7,30,94403.486858,True
2.0,30,94451.410099,True
0.0,30,94499.602484,False
2.6,30,94545.828155,True
0.0,30,94596.022326,False
2.4,30,94649.488748,True
0.0,30,94695.722467,False
0.0,30,94743.538282,False
2.3,30,94795.205132,True
0.0,30,94850.89419,False
0.0,30,94896.624255,False
0.0,30,94946.586886,False
2.1,30,94996.687702,True
0.0,30,95048.359308,False
0.0,30,95092.301677,False
0.0,30,95148.637832,False
2.3,30,95195.037567,True
2.2,30,95239.709362,True
0.0,30,95283.412668,False
0.0,30,95335.373513,False
0.0,30,95380.622893,False
2.3,30,95427.213572,True
1.3,30,95474.065734,True
1.3,30,95522.822279,True
0.0,30,95565.248038,False
0.0,30,95612.183651,False
2.8,30,95667.293754,True
0.0,30,95713.191264,False
0.0,30,96041.739356,False
0.8,30,96093.183578,True
0.0,30,96137.937887,False
0.0,30,96187.671091,False
2.9,30,96235.987563,True
3.0,30,96279.059958,True
0.0,30,96327.05391,False
0.0,30,96373.264507,False
2.6,30,96420.507253,True
2.7,30,96466.954549,True
3.0,30,96512.354075,True
0.0,30,96555.072155,False
1.1,30,96597.458674,True
0.0,30,96643.415655,False
3.0,30,96693.708919,True
2.9,30,96739.533925,True
0.0,30,96798.226691,False
0.0,30,96847.812549,False
0.0,30,96895.735611,False
0.0,30,96937.376295,False
0.0,30,96982.084038,False
2.7,30,97028.373012,True
2.8,30,97074.032662,True
0.0,30,97123.284231,False
2.5,30,97169.558667,True
2.6,30,97219.328655,True
0.0,30,97266.937834,False
2.8,30,97313.217834,True
2.3,30,97358.449888,True
0.0,30,97429.038126,False
0.0,30,97476.054905,False
0.0,30,97527.080602,False
2.8,30,97575.088644,True
2.9,30,97622.556378,True
0.0,30,97953.382231,False
0.0,30,97995.482908,False
0.0,30,98040.014131,False
2.8,30,98085.553897,True
2.7,30,98132.737364,True
0.0,30,98181.619633,False
2.6,30,98229.684737,True
2.6,30,98275.169697,True
0.0,30,98318.059372,False
0.0,30,98364.732782,False
0.0,30,98413.002811,False
2.5,30,98460.958247,True
2.7,30,98515.122191,True
2.6,30,98565.092181,True
3.0,30,98608.394273,True
2.6,30,98653.092955,True
0.0,30,98703.383162,False
0.5,30,98748.771953,True
0.0,30,98793.257853,False
2.4,30,98837.300028,True
2.4,30,98882.345258,True
0.0,30,98940.126519,False
0.0,30,99011.555564,False
2.0,30,99060.305668,True
2.7,30,99114.176096,True
0.0,30,99161.781667,False
2.4,30,99214.731172,True
0.0,30,99264.527398,False
0.0,30,99316.893773,False
0.0,30,99362.998635,False
2.7,30,99413.030823,True
0.0,30,99463.59463,False
2.6,30,99523.725439,True
2.8,30,99567.941571,True
0.0,30,99916.980692,False
2.7,30,99965.250577,True
0.0,30,100012.21691,False
0.0,30,100063.898758,False
0.0,30,100103.481956,False
2.7,30,100154.630742,True
0.0,30,100200.772872,False
2.6,30,100247.932502,True
2.7,30,100292.838505,True
2.9,30,100343.828706,True
2.5,30,100390.567749,True
2.4,30,100435.308925,True
2.6,30,100486.090982,True
1.9,30,100538.477912,True
0.0,30,100580.130072,False
0.0,30,100624.589549,False
2.6,30,100674.903668,True
2.3,30,100720.738694,True
2.3,30,100776.799687,True
0.0,30,100836.12895,False
0.0,30,100886.790287,False
0.0,30,100937.964966,False
0.0,30,100986.066277,False
1.8,30,101031.230641,True
2.1,30,101077.536366,True
0.0,30,101123.570907,False
0.0,30,101172.941044,False
0.0,30,101223.599367,False
0.0,30,101269.935754,False
2.4,30,101319.976416,True
0.0,30,101372.314522,False
2.7,30,101417.949869,True
0.0,30,101467.137388,False
0.0,30,101523.379318,False
0.0,30,101858.104511,False
0.9,30,101908.741499,True
0.0,30,101953.899796,False
0.0,30,102005.810611,False
0.0,30,102051.365161,False
0.0,30,102108.76394,False
2.8,30,102150.588837,True
0.0,30,102203.843242,False
0.0,30,102247.270392,False
0.0,30,102293.034021,False
2.9,30,102343.003697,True
2.6,30,102385.296299,True
0.0,30,102433.519257,False
0.0,30,102480.305951,False
2.4,30,102529.306974,True
1.0,30,102574.477978,True
2.8,30,102624.686296,True
2.8,30,102668.704829,True
0.0,30,102723.437814,False
2.7,30,102770.423253,True
0.0,30,102816.414989,False
0.0,30,102863.830293,False
0.0,30,102910.933572,False
0.0,30,102965.681344,False
0.0,30,103016.795307,False
0.0,30,103063.127967,False
0.0,30,103116.152462,False
0.0,30,103164.714141,False
0.0,30,103205.371817,False
0.0,30,103259.627257,False
2.8,30,103298.592595,True
2.7,30,103342.285374,True
0.0,30,103394.005363,False
0.0,30,103435.862869,False
2.7,30,103790.458852,True
0.0,30,103832.912131,False
2.7,30,103881.812951,True
0.0,30,103928.19074,False
0.0,30,103974.593404,False
0.0,30,104024.142494,False
0.0,30,104067.616766,False
2.8,30,104116.183312,True
2.4,30,104165.496456,True
2.4,30,104214.588849,True
0.6,30,104259.991794,False
2.1,30,104325.330308,True
0.0,30,104372.179986,False
0.0,30,104417.889604,False
1.4,30,104465.417372,True
0.0,30,104511.509593,False
2.4,30,104559.83302,True
0.0,30,104607.370296,False
3.0,30,104652.431002,True
0.0,30,104702.308251,False
2.1,30,104752.148175,True
0.0,30,104802.302785,False
2.8,30,104848.604631,True
1.0,30,104894.429924,True
1.9,30,104946.753258,True
2.4,30,104993.786682,True
0.0,30,105047.643322,False
0.0,30,105093.271492,False
0.0,30,105141.590007,False
0.0,30,105193.332244,False
0.0,30,105243.684834,False
0.0,30,105289.437965,False
2.8,30,105332.021076,True
2.9,30,105381.797414,True
2.8,30,105708.358927,True
0.0,30,105763.388447,False
0.0,30,105810.322395,False
0.0,30,105856.543205,False
0.0,30,105905.112961,False
2.7,30,105954.167251,True
2.1,30,106000.936245,True
0.0,30,106047.088088,False
3.0,30,106094.668832,True
0.0,30,106144.61709,False
0.0,30,106185.757223,False
0.0,30,106230.251186,False
2.0,30,106280.172009,True
2.7,30,106321.406702,True
3.0,30,106367.218731,True
2.9,30,106412.446927,True
0.0,30,106458.330605,False
0.0,30,106507.451873,False
3.0,30,106552.911844,True
2.3,30,106602.923285,True
0.0,30,106646.631024,False
0.0,30,106708.786633,False
0.0,30,106751.507186,False
0.0,30,106799.439989,False
2.7,30,106846.115797,True
0.0,30,106894.312652,False
0.0,30,106940.080378,False
0.0,30,106988.892358,False
0.0,30,107039.504778,False
2.5,30,107083.625091,True
2.3,30,107128.688081,True
0.0,30,107180.719155,False
0.0,30,107227.403387,False
0.0,30,107268.252372,False
1.9,30,107571.96177,True
0.0,30,107618.631407,False
2.4,30,107669.028304,True
2.5,30,107719.303141,True
2.5,30,107762.424664,True
0.0,30,107808.201351,False
2.8,30,107860.567062,True
3.0,30,107908.393517,True
2.4,30,107952.323698,True
2.8,30,107998.327649,True
0.0,30,108045.434339,False
3.0,30,108092.071752,True
2.3,30,108138.385849,True
2.9,30,108181.660374,True
1.2,30,108226.009973,True
0.0,30,108272.773993,False
2.8,30,108319.921645,True
0.0,30,108367.184002,False
0.0,30,108415.620042,False
0.0,30,108458.996572,False
2.6,30,108509.889853,True
2.3,30,108555.303358,True
2.4,30,108602.03236,True
0.0,30,108646.855608,False
0.0,30,108694.005716,False
0.0,30,108738.791239,False
2.5,30,108788.986986,True
1.6,30,108835.764456,True
2.6,30,108891.389099,True
0.0,30,108941.928925,False
0.0,30,108990.252173,False
0.0,30,109031.736769,False
0.0,30,109073.820116,False
0.0,30,109121.721423,False
0.0,30,109169.424582,False
0.0,30,109488.70004,False
0.0,30,109535.850442,False
0.0,30,109577.017173,False
2.9,30,109630.451343,True
2.7,30,109676.54839,True
0.0,30,109728.260125,False
2.5,30,109779.148522,True
2.8,30,109836.989084,True
0.0,30,109884.009124,False
0.0,30,109935.329178,False
2.6,30,109984.171506,True
0.0,30,110035.356887,False
1.1,30,110080.773273,True
2.3,30,110125.096555,True
2.8,30,110182.3525,True
2.3,30,110230.280625,True
0.0,30,110275.62704,False
0.0,30,110323.248919,False
0.0,30,110367.208742,False
0.0,30,110413.0765,False
0.0,30,110460.887521,False
3.0,30,110501.714311,True
2.7,30,110544.796663,True
0.4,30,110594.244129,False
2.7,30,110637.813051,True
2.5,30,110683.945658,True
0.0,30,110738.215949,False
2.2,30,110787.414083,True
2.1,30,110835.618439,True
0.0,30,110885.634242,False
2.7,30,110929.999444,True
0.0,30,110987.579009,False
0.0,30,111036.354985,False
2.3,30,111085.639811,True
2.5,30,111432.369803,True
2.2,30,111482.805596,True
0.0,30,111527.842323,False
2.9,30,111571.661451,True
0.0,30,111616.040611,False
2.4,30,111659.279538,True
3.0,30,111703.452398,True
0.0,30,111750.710255,False
2.5,30,111795.587026,True
2.8,30,111835.023375,True
2.5,30,111885.933585,True
3.0,30,111930.809886,True
2.9,30,111977.234635,True
0.0,30,112022.106685,False
0.0,30,112066.743218,False
2.8,30,112120.612394,True
0.0,30,112164.15528,False
0.0,30,112213.626927,False
0.0,30,112260.805751,False
2.8,30,112302.102184,True
2.2,30,112348.826895,True
0.0,30,112394.615537,False
0.0,30,112441.142183,False
3.0,30,112485.331996,True
0.0,30,112530.957841,False
2.8,30,112581.001052,True
0.0,30,112627.146538,False
0.0,30,112676.564771,False
2.9,30,112725.493451,True
2.1,30,112775.918202,True
2.2,30,112816.562122,True
2.6,30,112857.013265,True
1.2,30,112903.180762,True
0.0,30,112950.017341,False
0.0,30,113288.065229,False
2.9,30,113334.975482,True
0.0,30,113385.105095,False
2.8,30,113431.767071,True
3.0,30,113480.016707,True
0.0,30,113523.780609,False
0.0,30,113574.251478,False
2.5,30,113620.75848,True
0.0,30,113667.275338,False
0.0,30,113714.348955,False
0.0,30,113764.5031,False
1.8,30,113816.069808,True
0.0,30,113860.662185,False
2.6,30,113909.629094,True
0.0,30,113960.528864,False
3.0,30,114013.855131,True
2.2,30,114063.084782,True
0.0,30,114110.632252,False
2.8,30,114154.926049,True
2.7,30,114199.930964,True
0.0,30,114256.2998,False
0.0,30,114303.13637,False
2.2,30,114353.014412,True
2.3,30,114401.826733,True
2.7,30,114449.569154,True
1.5,30,114495.469363,True
1.7,30,114544.103151,True
0.0,30,114592.905844,False
0.0,30,114642.579768,False
2.9,30,114698.747803,True
2.1,30,114746.995915,True
0.0,30,114800.465372,False
2.7,30,114852.600276,True
2.6,30,114901.687018,True
0.0,30,115212.107205,False
2.8,30,115263.376288,True
0.0,30,115308.439957,False
2.8,30,115352.489637,True
2.7,30,115401.609458,True
0.0,30,115448.01886,False
1.9,30,115497.126357,True
0.0,30,115541.309739,False
0.0,30,115589.817741,False
0.0,30,115638.850187,False
2.8,30,115685.475207,True
2.5,30,115735.03291,True
2.9,30,115781.29354,True
3.0,30,115830.782097,True
2.0,30,115878.460483,True
0.0,30,115923.66618,False
1.0,30,115983.152091,True
2.8,30,116029.962125,True
2.7,30,116082.207584,True
2.8,30,116127.593719,True
0.0,30,116174.758497,False
2.5,30,116227.651455,True
2.6,30,116270.961202,True
1.4,30,116317.462188,True
0.0,30,116363.92612,False
0.0,30,116411.755667,False
2.8,30,116459.161155,True
0.0,30,116502.954349,False
2.8,30,116548.999123,True
0.0,30,116595.757104,False
0.0,30,116646.523194,False
0.0,30,116692.444702,False
2.6,30,116743.008822,True
2.7,30,116786.934226,True
0.0,30,117117.996376,False
2.3,30,117167.833352,True
2.9,30,117214.904045,True
0.0,30,117269.914457,False
3.0,30,117317.514868,True
0.0,30,117371.286542,False
0.0,30,117416.408529,False
2.9,30,117464.031008,True
0.0,30,117514.694637,False
0.0,30,117567.441638,False
0.0,30,117645.287579,False
0.0,30,117688.502749,False
0.0,30,117757.113957,False
1.4,30,117804.36218,True
2.7,30,117851.63854,True
0.1,30,117898.295258,True
0.0,30,117943.911295,False
0.0,30,117991.794728,False
0.0,30,118040.260328,False
3.0,30,118093.732265,True
2.6,30,118148.324603,True
0.0,30,118200.642802,False
0.0,30,118248.210785,False
2.6,30,118295.785838,True
0.0,30,118347.325889,False
0.0,30,118400.172604,False
1.2,30,118444.310891,True
2.3,30,118491.182791,True
1.7,30,118546.33668,True
2.5,30,118594.37993,True
0.0,30,118639.716304,False
0.0,30,118684.165799,False
3.0,30,118729.847044,True
2.7,30,118779.889219,True
0.0,30,119138.315489,False
0.0,30,119184.606332,False
2.8,30,119233.147644,True
0.0,30,119283.42163,False
2.5,30,119329.781291,True
2.2,30,119377.831221,True
2.5,30,119422.36288,True
2.6,30,119467.808338,True
0.0,30,119515.928063,False
2.3,30,119562.032537,True
0.0,30,119602.467638,False
2.7,30,119646.828954,True
2.7,30,119695.090203,True
2.8,30,119743.12456,True
0.1,30,119791.755204,False
2.8,30,119850.122468,True
2.8,30,119901.416801,True
2.3,30,119949.516078,True
2.8,30,119996.982528,True
0.0,30,120047.609248,False
3.0,30,120095.298683,True
0.0,30,120143.242967,False
0.0,30,120189.757921,False
1.8,30,120244.063377,True
2.9,30,120291.112496,True
0.0,30,120340.115851,False
0.0,30,120386.951916,False
2.5,30,120435.083557,True
0.0,30,120476.818739,False
0.0,30,120524.081567,False
0.0,30,120572.079852,False
0.0,30,120614.48425,False
0.0,30,120660.054414,False
0.0,30,120707.139214,False
0.0,30,121045.914498,False
0.0,30,121092.826951,False
3.0,30,121140.998381,True
0.0,30,121188.116311,False
0.0,30,121234.880539,False
2.8,30,121297.490252,True
2.5,30,121345.46879,True
2.8,30,121402.01486,True
0.0,30,121449.085384,False
0.0,30,121503.077898,False
0.0,30,121552.481905,False
0.0,30,121598.458454,False
0.0,30,121646.824686,False
2.8,30,121689.479632,True
2.6,30,121735.142219,True
0.0,30,121782.871644,False
0.0,30,121833.118253,False
2.4,30,121890.967442,True
2.6,30,121941.149091,True
1.9,30,121989.127941,True
2.6,30,122041.905009,True
2.3,30,122084.420869,True
3.0,30,122132.732834,True
0.0,30,122180.961311,False
0.0,30,122232.841503,False
0.0,30,122278.480222,False
2.7,30,122323.168961,True
2.5,30,122373.815518,True
2.3,30,122421.307072,True
1.5,30,122472.127352,True
0.0,30,122532.050785,False
0.0,30,122580.043635,False
0.0,30,122623.121902,False
3.0,30,122673.10939,True
0.0,30,122716.733911,False
0.0,30,123049.426654,False
0.0,30,123097.502127,False
0.0,30,123144.997703,False
0.0,30,123193.571744,False
2.2,30,123238.735578,True
2.2,30,123282.977323,True
1.0,30,123333.41001,True
1.0,30,123382.162704,True
0.0,30,123434.002681,False
2.7,30,123484.664193,True
0.0,30,123535.859169,False
2.8,30,123581.52644,True
2.7,30,123627.990723,True
0.0,30,123675.254365,False
2.7,30,123719.0869,True
0.0,30,123762.584673,False
0.0,30,123812.294593,False
0.0,30,123858.739535,False
2.2,30,123903.955915,True
0.0,30,123948.732787,False
0.0,30,124002.593725,False
0.0,30,124051.688304,False
0.0,30,124097.878017,False
0.0,30,124146.98478,False
0.0,30,124195.416395,False
0.0,30,124243.885831,False
2.8,30,124294.98294,True
2.9,30,124343.122615,True
2.4,30,124388.109421,True
1.8,30,124437.877038,True
2.5,30,124482.764145,True
2.9,30,124534.792488,True
2.4,30,124589.618885,True
2.7,30,124638.162737,True
0.0,30,124972.915725,False
0.0,30,125015.645572,False
0.1,30,125067.640532,False
0.0,30,125120.338954,False
0.0,30,125170.560055,False
2.2,30,125217.077188,True
0.0,30,125276.712511,False
0.0,30,125322.698793,False
0.0,30,125367.890042,False
0.0,30,125416.088382,False
2.4,30,125468.600379,True
2.3,30,125516.849538,True
2.9,30,125572.263491,True
1.8,30,125621.704576,True
3.0,30,125669.034813,True
2.2,30,125724.140117,True
2.6,30,125776.192,True
0.0,30,125825.576073,False
0.0,30,125875.288193,False
0.0,30,125925.295855,False
0.0,30,125973.747517,False
0.0,30,126016.957252,False
2.8,30,126063.660803,True
0.0,30,126110.972684,False
0.7,30,126158.250534,True
2.0,30,126207.478474,True
0.0,30,126259.630968,False
2.9,30,126307.014171,True
2.7,30,126356.633407,True
2.7,30,126412.771217,True
1.3,30,126473.280226,True
0.0,30,126537.522617,False
0.0,30,126586.538164,False
0.0,30,126629.926763,False
0.0,30,126969.260798,False
0.0,30,127016.854725,False
3.0,30,127068.127976,True
1.9,30,127113.70223,True
2.5,30,127157.809856,True
1.4,30,127203.533016,True
0.0,30,127252.654041,False
0.0,30,127300.933927,False
2.7,30,127346.617511,True
0.0,30,127398.543828,False
0.0,30,127443.553797,False
2.2,30,127489.145742,False
0.0,30,127539.794742,False
0.0,30,127590.783646,False
0.0,30,127633.654972,False
2.2,30,127677.879489,True
0.0,30,127721.95517,False
0.0,30,127762.673901,False
1.8,30,127804.44897,True
2.7,30,127868.967655,True
0.0,30,127919.285602,False
0.0,30,127964.515991,False
0.0,30,128009.018865,False
2.6,30,128059.340627,True
0.0,30,128107.071175,False
0.0,30,128149.450887,False
2.6,30,128191.360927,True
0.0,30,128239.745569,False
0.0,30,128288.442912,False
0.0,30,128336.753696,False
0.0,30,128394.092302,False
0.0,30,128444.01833,False
0.0,30,128490.739436,False
2.7,30,128546.860916,True
2.8,30,128905.322185,True
0.0,30,128950.801543,False
0.0,30,128994.467531,False
2.8,30,129036.336965,True
2.4,30,129078.641689,True
2.8,30,129122.317517,True
0.0,30,129166.563712,False
2.3,30,129217.61813,True
0.0,30,129263.028162,False
3.0,30,129309.743105,True
2.8,30,129354.416235,True
1.0,30,129406.423918,True
0.0,30,129453.391055,False
0.0,30,129501.048295,False
0.0,30,129549.648965,False
2.8,30,129597.188097,True
0.0,30,129642.54233,False
2.8,30,129694.246723,True
2.8,30,129743.500485,True
2.9,30,129793.913757,True
0.0,30,129840.303617,False
0.0,30,129890.906025,False
0.0,30,129942.088187,False
0.0,30,129987.204669,False
0.0,30,130034.724493,False
2.8,30,130084.519419,True
2.8,30,130131.713655,True
0.0,30,130172.249646,False
2.4,30,130220.084909,True
2.5,30,130271.052536,True
2.4,30,130316.350244,True
0.0,30,130365.814448,False
0.0,30,130414.44555,False
2.5,30,130464.459926,True
2.5,30,130798.428925,True
2.4,30,130846.278188,True
0.0,30,130902.183578,False
2.6,30,130955.499688,False
0.0,30,130996.281444,False
2.4,30,131042.631452,True
2.8,30,131090.818953,True
0.0,30,131140.145272,False
2.8,30,131190.399554,True
0.0,30,131242.028907,False
0.0,30,131294.395839,False
0.0,30,131338.638911,False
2.6,30,131387.809093,True
0.0,30,131434.305072,False
0.0,30,131478.94299,False
2.8,30,131527.533241,True
2.7,30,131573.613201,False
0.0,30,131619.617763,False
0.0,30,131664.95139,False
0.0,30,131711.840041,False
2.5,30,131755.550015,True
3.0,30,131813.942258,True
2.5,30,131861.225216,True
0.0,30,131904.460099,False
0.0,30,131948.764125,False
0.0,30,131998.781257,False
2.7,30,132049.011579,True
2.7,30,132102.857094,True
3.0,30,132153.169358,True
0.0,30,132197.778189,False
2.6,30,132249.625511,True
0.0,30,132292.75648,False
0.0,30,132338.857282,False
0.0,30,132387.565886,False
1.9,30,132743.983612,True
0.0,30,132788.885647,False
2.0,30,132835.550462,True
2.7,30,132886.329313,True
2.8,30,132932.372912,True
2.7,30,132987.646278,True
0.5,30,133037.38431,True
0.0,30,133084.65278,False
0.0,30,133129.32475,False
0.0,30,133171.560526,False
0.0,30,133224.346331,False
0.0,30,133271.28686,False
2.4,30,133318.601157,True
3.0,30,133360.350053,True
3.0,30,133407.212544,True
0.0,30,133451.046634,False
0.0,30,133494.854299,False
0.0,30,133552.536681,False
0.0,30,133600.312099,False
0.0,30,133650.810171,False
0.0,30,133696.040611,False
0.0,30,133744.376144,False
0.0,30,133794.286069,False
0.0,30,133840.658423,False
0.0,30,133888.276017,False
1.8,30,133939.985005,True
2.7,30,133986.669718,True
0.0,30,134033.565534,False
0.1,30,134087.422091,False
2.4,30,134137.810196,True
2.6,30,134183.517663,True
0.0,30,134230.776848,False
2.7,30,134278.389633,True
1.4,30,134337.826383,True
0.0,30,134672.416112,False
2.7,30,134719.081914,True
2.6,30,134768.589709,True
0.0,30,134813.355956,False
0.0,30,134864.207117,False
2.7,30,134915.930637,True
2.6,30,134966.213952,True
2.8,30,135012.242326,True
2.4,30,135054.866636,True
0.0,30,135102.476192,False
2.6,30,135149.697728,True
0.0,30,135199.319697,False
0.0,30,135247.626873,False
0.0,30,135296.608098,False
0.0,30,135338.675091,False
2.6,30,135388.816766,False
0.0,30,135436.652211,False
0.0,30,135481.755818,False
2.1,30,135530.224285,True
0.0,30,135578.271942,False
0.0,30,135623.042929,False
0.0,30,135673.80271,False
2.6,30,135723.088145,True
2.2,30,135773.345844,True
2.6,30,135825.132264,True
0.0,30,135882.414514,False
0.0,30,135931.466433,False
3.0,30,135977.85989,True
0.0,30,136021.895802,False
2.2,30,136066.641014,True
2.5,30,136112.672027,True
0.0,30,136158.520649,False
2.6,30,136210.001347,True
2.7,30,136259.119503,True
0.0,30,136573.15311,False
0.0,30,136622.798255,False
2.9,30,136672.272832,True
0.0,30,136717.50544,False
2.7,30,136763.320025,True
0.0,30,136811.663702,False
0.0,30,136866.381117,False
3.0,30,136909.490944,True
2.9,30,136957.723403,True
0.0,30,136999.753733,False
0.0,30,137045.940054,False
2.7,30,137099.433982,True
2.8,30,137151.029787,True
0.0,30,137198.60261,False
0.0,30,137241.003099,False
2.7,30,137291.883483,True
0.0,30,137339.624991,False
2.8,30,137387.144943,True
2.9,30,137433.225509,True
1.1,30,137480.365506,True
2.1,30,137532.257273,True
1.1,30,137583.9226,True
0.0,30,137633.11632,False
2.7,30,137685.157134,True
0.0,30,137730.758684,False
0.0,30,137777.235126,False
0.6,30,137823.369031,False
2.9,30,137871.89161,True
0.0,30,137922.63166,False
0.0,30,137978.310017,False
3.0,30,138026.331031,True
2.8,30,138069.53301,True
3.0,30,138122.233792,True
0.0,30,138174.513096,False
2.9,30,138222.747682,True
2.7,30,138573.197984,True
0.0,30,138620.864719,False
0.0,30,138670.058377,False
0.0,30,138714.507714,False
0.0,30,138767.027391,False
0.0,30,138812.47159,False
0.0,30,138860.930196,False
2.6,30,138913.520877,True
2.5,30,138960.935353,True
2.6,30,138999.506768,True
0.0,30,139045.582087,False
2.9,30,139099.342967,True
0.0,30,139149.464519,False
0.0,30,139194.438842,False
2.6,30,139243.679465,True
2.9,30,139288.653179,True
0.0,30,139334.604155,False
0.0,30,139383.257321,False
0.0,30,139427.411115,False
0.0,30,139473.887551,False
3.0,30,139522.179263,True
2.7,30,139573.343632,True
0.0,30,139633.243219,False
2.8,30,139679.370049,True
0.0,30,139724.442668,False
0.0,30,139772.208217,False
0.0,30,139819.586071,False
2.6,30,139865.616963,True
2.8,30,139913.394658,True
2.9,30,139955.663738,True
0.0,30,139998.436386,False
3.0,30,140045.164269,True
2.1,30,140089.619846,True
0.0,30,140138.939696,False
0.0,30,140477.286834,False
2.4,30,140525.284882,True
2.6,30,140576.701964,True
0.0,30,140629.202509,False
2.4,30,140680.858037,True
2.6,30,140731.317049,True
2.8,30,140786.039151,True
0.0,30,140836.648606,False
0.0,30,140885.200721,False
0.0,30,140936.785405,False
2.8,30,140981.321663,True
2.8,30,141030.323923,True
2.6,30,141075.673274,True
0.0,30,141125.306907,False
0.0,30,141176.139784,False
0.0,30,141225.259714,False
2.8,30,141272.077835,True
2.7,30,141323.605658,True
2.8,30,141371.443932,True
2.6,30,141416.711136,True
0.0,30,141462.799785,False
0.0,30,141506.143011,False
2.8,30,141550.107647,True
1.8,30,141593.541572,True
2.8,30,141637.994836,True
2.5,30,141684.334411,True
0.0,30,141732.465152,False
0.0,30,141777.204643,False
0.0,30,141825.762406,False
0.0,30,141871.526809,False
2.8,30,141918.058791,True
0.0,30,141966.349487,False
0.0,30,142010.333533,False
2.4,30,142058.81275,True
2.5,30,142457.619062,True
0.0,30,142501.469786,False
0.0,30,142546.528626,False
2.4,30,142591.770804,True
2.7,30,142639.55879,True
0.0,30,142698.840002,False
2.9,30,142743.69802,True
2.1,30,142791.33842,True
0.0,30,142845.0637,False
0.0,30,142891.503894,False
2.2,30,142941.304864,True
2.1,30,142988.946279,True
0.0,30,143029.678727,False
1.6,30,143075.498473,True
0.0,30,143122.975737,False
2.5,30,143171.635863,True
1.9,30,143220.93181,True
0.0,30,143272.582507,False
2.6,30,143318.183817,True
0.0,30,143367.130124,False
2.3,30,143418.757754,True
2.7,30,143463.411291,True
0.0,30,143523.287752,False
1.1,30,143575.129318,True
0.0,30,143621.891969,False
2.1,30,143675.995214,True
0.0,30,143727.408658,False
0.0,30,143777.434394,False
2.7,30,143828.315173,False
0.0,30,143887.685701,False
0.0,30,143932.219024,False
1.1,30,143980.654065,True
0.0,30,144025.042738,False
0.0,30,144075.939403,False
2.3,30,144417.760622,True
2.5,30,144461.661,True
2.7,30,144512.278379,True
2.5,30,144556.122454,True
2.7,30,144604.211602,True
2.8,30,144648.272304,True
0.0,30,144694.086823,False
0.0,30,144742.072971,False
3.0,30,144792.295125,True
1.5,30,144844.966229,True
1.7,30,144890.564753,True
2.9,30,144937.491982,True
2.6,30,144996.966992,True
0.9,30,145049.41099,True
3.0,30,145094.115991,True
2.3,30,145144.555361,True
0.0,30,145195.537437,False
0.0,30,145248.561999,False
0.0,30,145300.722099,False
0.0,30,145352.22451,False
2.7,30,145402.070153,True
0.0,30,145453.050253,False
2.7,30,145504.37846,True
0.0,30,145555.347508,False
0.0,30,145602.348325,False
0.0,30,145650.607914,False
2.6,30,145701.153116,True
2.9,30,145749.111814,True
2.7,30,145793.22651,True
3.0,30,145837.599807,True
2.7,30,145884.157296,True
1.9,30,145931.11573,True
0.0,30,145982.716195,False
0.0,30,146028.110324,False
0.0,30,146358.374391,False
1.7,30,146412.290633,True
0.0,30,146461.790474,False
1.6,30,146506.281063,True
2.6,30,146553.915205,True
2.8,30,146595.068305,True
0.0,30,146637.052486,False
2.7,30,146689.514928,True
2.6,30,146738.951138,True
2.6,30,146788.659755,True
0.0,30,146836.636676,False
1.1,30,146880.960258,True
0.0,30,146923.197795,False
0.0,30,146970.250182,False
0.0,30,147019.428437,False
0.0,30,147066.975201,False
0.0,30,147118.175994,False
0.0,30,147166.086216,False
1.3,30,147214.724637,True
2.4,30,147261.793485,True
0.0,30,147308.102905,False
0.0,30,147352.900062,False
2.6,30,147395.769396,True
0.0,30,147436.302337,False
2.6,30,147475.891625,True
0.0,30,147519.145059,False
0.0,30,147563.966874,False
0.0,30,147608.909409,False
0.0,30,147669.928747,False
0.0,30,147724.904278,False
0.0,30,147772.162422,False
2.3,30,147818.224135,True
0.0,30,147864.225063,False
2.8,30,147914.378566,True
0.0,30,148241.684233,False
0.0,30,148284.570988,False
0.0,30,148328.409577,False
0.0,30,148372.272105,False
2.3,30,148420.625782,True
0.0,30,148469.414348,False
0.0,30,148516.373881,False
0.0,30,148564.297608,False
2.9,30,148612.736072,True
2.9,30,148658.817641,True
2.6,30,148708.475917,True
2.5,30,148758.926689,True
2.5,30,148805.501285,True
1.2,30,148851.113749,True
0.0,30,148896.677314,False
2.7,30,148946.647877,True
0.0,30,148999.827929,False
2.8,30,149046.078969,True
0.0,30,149091.159183,False
0.0,30,149140.30179,False
1.4,30,149187.7146,False
0.0,30,149231.464582,False
2.7,30,149278.727397,True
2.4,30,149324.780592,True
0.0,30,149370.117052,False
2.4,30,149418.532008,True
2.0,30,149466.47285,True
2.4,30,149511.135562,True
0.0,30,149566.051277,False
0.0,30,149610.68492,False
0.0,30,149660.67616,False
0.0,30,149707.472524,False
0.0,30,149751.573455,False
2.5,30,149797.749909,True
0.0,30,150127.930869,False
0.0,30,150178.132562,False
2.9,30,150219.394598,True
2.5,30,150265.684868,True
0.0,30,150312.456671,False
2.7,30,150367.56762,True
0.0,30,150413.000688,False
2.6,30,150457.073115,True
2.2,30,150504.948523,True
2.8,30,150555.654402,True
0.0,30,150601.678653,False
2.8,30,150645.468558,True
0.0,30,150687.295603,False
2.5,30,150731.702521,True
0.9,30,150779.328751,True
2.8,30,150844.63195,True
0.0,30,150888.059657,False
2.8,30,150937.0344,True
1.1,30,150983.576696,True
0.0,30,151027.941412,False
2.7,30,151072.944932,True
0.0,30,151122.116687,False
0.0,30,151165.629389,False
2.1,30,151207.401546,True
3.0,30,151255.371997,True
2.5,30,151308.439565,True
2.8,30,151357.847469,True
0.5,30,151400.044402,True
2.8,30,151446.575777,True
0.0,30,151494.812617,False
2.6,30,151538.160977,True
0.0,30,151583.777062,False
2.4,30,151631.000906,True
0.0,30,151677.597972,False
2.4,30,151723.478099,True
0.0,30,152040.630254,False
2.9,30,152103.301783,True
2.5,30,152151.587482,True
2.6,30,152201.932276,True
2.2,30,152249.163936,True
0.0,30,152298.554431,False
0.0,30,152344.090988,False
0.0,30,152391.203015,False
2.8,30,152447.631285,True
2.7,30,152494.767458,True
2.6,30,152546.102531,True
0.0,30,152593.236076,False
2.7,30,152640.578758,True
2.7,30,152688.056226,True
0.0,30,152732.523105,False
0.0,30,152779.640529,False
0.0,30,152824.900886,False
0.0,30,152877.484379,False
0.0,30,152923.355477,False
0.0,30,152969.280662,False
0.0,30,153012.769193,False
0.0,30,153052.572993,False
0.0,30,153148.033803,False
0.0,30,153196.935371,False
0.0,30,153240.177343,False
0.0,30,153287.161735,False
0.0,30,153335.98164,False
0.0,30,153382.142957,False
2.7,30,153431.153243,True
2.6,30,153487.622904,True
0.0,30,153536.236215,False
0.0,30,153589.081883,False
2.7,30,153633.486572,True
1.0,30,153677.271926,True
2.9,30,154012.884657,True
1.1,30,154059.323395,True
3.0,30,154105.363861,True
2.8,30,154146.930357,True
0.0,30,154195.738486,False
0.0,30,154252.251137,False
2.7,30,154301.880696,True
0.0,30,154348.673022,False
0.0,30,154395.71369,False
0.0,30,154447.40101,False
1.8,30,154498.419952,True
2.4,30,154542.246637,True
0.0,30,154595.099796,False
1.8,30,154643.594351,True
2.7,30,154692.30409,True
2.8,30,154734.097753,True
2.9,30,154777.519583,True
2.6,30,154823.797511,True
0.0,30,154867.534288,False
2.8,30,154909.521137,True
0.0,30,154977.377004,False
0.0,30,155024.357755,False
3.0,30,155069.151473,True
0.0,30,155118.203354,False
2.8,30,155163.52264,True
0.0,30,155209.314149,False
0.0,30,155267.857288,False
2.8,30,155315.53181,True
2.5,30,155359.577841,True
0.0,30,155401.559948,False
0.0,30,155444.74225,False
0.0,30,155487.90078,False
1.6,30,155533.763348,True
0.0,30,155582.993829,False
0.0,30,155927.764672,False
0.0,30,155971.15409,False
2.7,30,156016.356009,True
0.0,30,156059.675747,False
0.0,30,156106.168279,False
0.0,30,156157.737245,False
2.4,30,156216.268842,False
2.9,30,156276.236501,True
0.0,30,156323.060266,False
2.2,30,156373.020564,True
2.6,30,156428.315811,True
2.3,30,156471.359446,True
2.7,30,156523.946567,True
1.5,30,156573.128519,True
0.0,30,156622.905681,False
2.3,30,156674.87044,True
0.0,30,156716.027111,False
0.3,30,156764.288409,False
2.7,30,156815.784395,True
0.0,30,156858.844804,False
0.0,30,156903.343885,False
0.0,30,156951.955161,False
0.0,30,157000.357514,False
0.0,30,157048.061439,False
2.5,30,157111.567666,True
0.0,30,157157.431352,False
2.4,30,157201.588014,True
0.0,30,157247.904305,False
2.6,30,157294.136158,True
0.0,30,157344.075658,False
0.0,30,157391.947338,False
0.0,30,157440.780862,False
0.0,30,157487.825922,False
0.0,30,157532.471641,False
0.0,30,157897.357454,False
2.0,30,157946.046019,True
0.0,30,157993.080906,False
0.0,30,158054.142301,False
0.0,30,158098.234422,False
1.6,30,158141.695129,True
0.0,30,158191.498335,False
0.0,30,158241.666116,False
2.4,30,158288.588462,True
2.1,30,158336.198446,True
2.9,30,158389.524738,True
0.0,30,158434.27298,False
2.0,30,158477.587008,True
2.8,30,158522.549038,True
1.9,30,158568.585485,True
0.0,30,158608.954002,False
2.9,30,158656.907609,True
1.9,30,158704.025652,True
0.0,30,158758.477763,False
0.0,30,158811.267776,False
2.2,30,158856.709427,True
0.0,30,158902.971582,False
0.0,30,158950.409893,False
2.9,30,158998.690776,True
0.0,30,159045.226432,False
0.0,30,159095.043223,False
2.9,30,159143.477083,True
2.4,30,159183.812966,True
0.0,30,159232.645478,False
2.9,30,159281.851915,True
0.0,30,159325.807744,False
0.0,30,159373.846284,False
0.0,30,159420.818013,False
2.4,30,159466.906681,True
0.0,30,159819.358812,False
2.8,30,159863.430853,True
0.0,30,159911.286234,False
2.7,30,159974.10681,True
0.0,30,160035.182809,False
2.3,30,160083.93571,True
1.9,30,160130.019055,True
1.6,30,160176.054709,True
2.9,30,160224.143741,True
2.4,30,160275.498607,True
0.6,30,160319.629,True
0.0,30,160362.532606,False
0.0,30,160413.040856,False
2.8,30,160461.034153,True
0.0,30,160509.007147,False
0.0,30,160550.494502,False
0.0,30,160599.073568,False
0.0,30,160644.801656,False
0.0,30,160692.819637,False
0.0,30,160748.406913,False
0.0,30,160797.860339,False
2.8,30,160847.073718,True
0.0,30,160895.162661,False
0.0,30,160942.156151,False
2.5,30,160986.716882,True
0.0,30,161033.472531,False
2.8,30,161093.375278,True
0.0,30,161136.598802,False
3.0,30,161185.63505,True
0.0,30,161231.630533,False
0.0,30,161289.634211,False
0.0,30,161331.449144,False
0.0,30,161372.44422,False
1.8,30,161444.881546,True
2.7,30,161748.815339,True
0.0,30,161796.541252,False
0.0,30,161846.157275,False
2.6,30,161890.386852,True
0.6,30,161938.579802,False
2.9,30,161988.211443,True
1.3,30,162032.544818,True
0.0,30,162080.977027,False
2.8,30,162129.380664,True
0.0,30,162176.623324,False
0.0,30,162234.132746,False
0.0,30,162285.159973,False
0.0,30,162327.986987,False
0.0,30,162379.200854,False
0.0,30,162426.255583,False
0.0,30,162472.349931,False
2.8,30,162518.688224,True
0.0,30,162566.141362,False
0.0,30,162615.745122,False
0.0,30,162661.206872,False
2.8,30,162712.113708,True
2.2,30,162760.532659,True
0.0,30,162808.900258,False
0.0,30,162853.72267,False
0.0,30,162904.539261,False
0.0,30,162953.588639,False
2.9,30,162997.369916,True
0.5,30,163053.561391,True
0.0,30,163098.323435,False
0.0,30,163144.79384,False
2.2,30,163193.043275,True
2.4,30,163237.468507,True
2.2,30,163282.796062,True
0.0,30,163330.904248,False
0.0,30,163647.917121,False
2.1,30,163692.228566,True
0.0,30,163734.026589,False
2.2,30,163782.635919,True
0.0,30,163828.737984,False
0.0,30,163876.556695,False
2.3,30,163925.646643,True
0.0,30,163976.057598,False
0.0,30,164018.1192,False
2.6,30,164062.128151,True
2.9,30,164112.745401,True
0.0,30,164161.116363,False
0.0,30,164213.124127,False
0.0,30,164259.971024,False
2.6,30,164304.852591,True
0.0,30,164349.087368,False
0.0,30,164400.106413,False
0.0,30,164447.615098,False
0.0,30,164493.074289,False
0.0,30,164542.819062,False
2.5,30,164593.320765,True
0.0,30,164639.980626,False
0.0,30,164692.908039,False
1.6,30,164741.422573,True
2.3,30,164787.426112,True
0.0,30,164839.722579,False
2.3,30,164889.815413,True
2.6,30,164945.980497,True
2.5,30,164991.809675,True
0.0,30,165044.632222,False
2.7,30,165087.610555,False
0.0,30,165131.849913,False
2.6,30,165178.09117,True
2.4,30,165229.692643,True
2.7,30,165535.837255,True
0.0,30,165581.059044,False
0.0,30,165625.748784,False
0.0,30,165668.837741,False
0.0,30,165715.912038,False
2.7,30,165771.062308,True
3.0,30,165817.605692,True
0.0,30,165872.275566,False
0.0,30,165918.573236,False
1.8,30,165963.791905,True
2.6,30,166010.94918,True
2.0,30,166068.376378,True
0.0,30,166113.669534,False
1.8,30,166159.568163,True
1.0,30,166212.930593,True
2.4,30,166266.171989,True
2.5,30,166315.00648,True
0.0,30,166362.326693,False
2.6,30,166414.289935,True
3.0,30,166465.655024,True
0.0,30,166513.943862,False
0.5,30,166559.543113,True
0.1,30,166606.264406,True
2.5,30,166654.137363,True
2.8,30,166701.177824,True
2.8,30,166746.118954,True
0.0,30,166790.328417,False
0.0,30,166832.614668,False
2.8,30,166876.871935,True
0.0,30,166922.930247,False
2.8,30,166973.451754,True
0.0,30,167018.32314,False
2.3,30,167062.946476,True
0.0,30,167111.116569,False
0.0,30,167154.950887,False
2.8,30,167465.201482,True
2.8,30,167508.653417,True
0.0,30,167552.786663,False
0.0,30,167601.507572,False
0.0,30,167647.414269,False
0.0,30,167695.488594,False
3.0,30,167741.831971,True
0.0,30,167787.410745,False
2.9,30,167828.652584,True
0.0,30,167878.473922,False
0.0,30,167921.59781,False
0.0,30,167961.209707,False
0.0,30,168005.599878,False
0.0,30,168054.297713,False
2.5,30,168102.240996,True
0.0,30,168150.747106,False
0.0,30,168199.342033,False
2.7,30,168245.858592,True
2.8,30,168290.870417,True
0.0,30,168339.860952,False
2.8,30,168384.456426,True
0.0,30,168431.346143,False
0.0,30,168484.095816,False
2.8,30,168527.76198,True
2.8,30,168571.367188,True
0.0,30,168621.971227,False
2.7,30,168666.26809,True
0.0,30,168707.522157,False
0.0,30,168753.507982,False
2.8,30,168803.609173,True
0.0,30,168847.865647,False
2.3,30,168903.19119,True
0.2,30,168945.900683,True
2.5,30,168990.247342,True
0.0,30,169291.66823,False
2.5,30,169339.996285,True
2.3,30,169385.715682,True
2.4,30,169434.308769,True
0.0,30,169476.221389,False
2.0,30,169525.417466,True
0.0,30,169571.864196,False
0.0,30,169620.833979,False
2.7,30,169664.366275,True
0.0,30,169714.469941,False
2.3,30,169760.795465,True
2.7,30,169810.511724,True
1.8,30,169855.578654,True
1.9,30,169900.690516,True
1.9,30,169952.894898,True
0.0,30,169999.757233,False
0.0,30,170043.247246,False
0.0,30,170091.703209,False
2.4,30,170137.191007,True
2.3,30,170182.616924,True
2.3,30,170229.090227,True
2.5,30,170285.895009,True
2.8,30,170332.691255,True
3.0,30,170374.234182,True
2.5,30,170417.425985,True
2.7,30,170467.175909,True
2.7,30,170511.402975,True
1.2,30,170553.181351,True
0.0,30,170599.5614,False
2.6,30,170642.680921,True
0.0,30,170708.816804,False
2.7,30,170759.826602,True
2.6,30,170805.661417,True
2.8,30,170868.92324,True
2.7,30,171157.033631,True
0.0,30,171203.571838,False
0.0,30,171247.436568,False
2.7,30,171291.830318,True
1.4,30,171339.819485,True
1.6,30,171388.332768,False
0.0,30,171433.037052,False
0.0,30,171474.637239,False
0.0,30,171519.584182,False
2.8,30,171561.497876,True
2.2,30,171604.405311,True
0.0,30,171653.593736,False
0.0,30,171701.177943,False
0.0,30,171748.266176,False
3.0,30,171800.113389,True
2.8,30,171845.847211,True
0.0,30,171892.206036,False
1.9,30,171938.99015,True
2.9,30,171991.979804,True
2.6,30,172033.956123,True
2.7,30,172088.821359,True
0.0,30,172137.29706,False
0.0,30,172184.825557,False
0.0,30,172232.138477,False
2.6,30,172286.769318,True
0.0,30,172328.402856,False
0.0,30,172374.841433,False
3.0,30,172421.273761,True
2.5,30,172467.6082,True
0.0,30,172517.539292,False
0.9,30,172573.821843,True
2.6,30,172622.582575,True
1.1,30,172669.159142,True
0.0,30,172713.782241,False
0.0,30,172988.169858,False
2.8,30,173033.601351,True
2.8,30,173081.845145,True
2.7,30,173124.032731,True
0.0,30,173167.420243,False
0.0,30,173218.8644,False
2.7,30,173263.397261,True
1.1,30,173311.392191,True
0.0,30,173356.545176,False
0.0,30,173407.803578,False
2.9,30,173450.02905,True
0.0,30,173502.829349,False
2.6,30,173550.570666,True
2.3,30,173596.809137,True
1.5,30,173643.051056,True
2.4,30,173683.116214,True
0.0,30,173728.70755,False
0.0,30,173772.227895,False
0.0,30,173816.522333,False
0.0,30,173863.6184,False
0.0,30,173899.034106,False
2.2,30,173944.162304,True
1.6,30,173988.526597,True
1.9,30,174042.22202,True
0.0,30,174082.732237,False
0.0,30,174128.709974,False
1.7,30,174174.61546,True
0.0,30,174225.037896,False
0.0,30,174279.500116,False
0.4,30,174322.738289,True
0.0,30,174377.114565,False
1.8,30,174431.870643,True
2.6,30,174483.244088,True
2.5,30,174529.501563,True
0.0,30,174817.067741,False
2.8,30,174861.648948,True
0.0,30,174905.826101,False
3.0,30,174949.813396,True
1.0,30,174994.64165,False
2.7,30,175037.946532,True
2.2,30,175084.373292,True
2.8,30,175129.958787,True
2.2,30,175187.174626,True
2.8,30,175228.895832,True
0.0,30,175274.879821,False
0.0,30,175316.581625,False
0.2,30,175361.085355,False
0.0,30,175406.088201,False
1.6,30,175450.358161,True
0.0,30,175496.676102,False
2.5,30,175539.22185,True
1.5,30,175585.6889,True
3.0,30,175632.812668,True
0.0,30,175676.796404,False
0.0,30,175722.451925,False
2.3,30,175769.47833,True
2.6,30,175813.183847,True
2.9,30,175860.335791,True
0.0,30,175902.519588,False
0.0,30,175946.40013,False
0.0,30,175991.929567,False
2.8,30,176036.889798,True
0.0,30,176085.874974,False
0.0,30,176133.725995,False
0.3,30,176176.753957,True
0.0,30,176214.236359,False
0.0,30,176260.137624,False
0.0,30,176306.771265,False
1.7,30,176578.921885,True
2.6,30,176626.999525,True
2.7,30,176673.078962,True
2.7,30,176720.675749,True
2.5,30,176763.423102,True
0.0,30,176806.27023,False
2.8,30,176855.86182,True
1.4,30,176904.56317,True
0.0,30,176949.37855,False
0.0,30,177006.879251,False
0.0,30,177055.31657,False
0.0,30,177099.577729,False
0.0,30,177141.988745,False
2.9,30,177187.457657,True
2.5,30,177233.759001,True
2.7,30,177282.253575,True
2.8,30,177331.514147,True
2.3,30,177384.410258,True
0.0,30,177430.410008,False
2.9,30,177474.495498,True
0.0,30,177522.882096,False
3.0,30,177573.209374,True
2.7,30,177613.586529,True
0.7,30,177657.333159,False
2.7,30,177698.899958,True
0.0,30,177744.832443,False
0.3,30,177783.949666,True
0.9,30,177826.791644,True
2.5,30,177870.643102,True
2.6,30,177918.793315,True
2.9,30,177963.906775,True
0.2,30,178005.392952,False
0.0,30,178047.431711,False
0.0,30,178089.030436,False
2.7,30,178387.709992,True
0.0,30,178439.081532,False
0.0,30,178488.269196,False
2.8,30,178532.913688,True
0.0,30,178583.207114,False
0.0,30,178623.539967,False
2.4,30,178669.594685,True
0.0,30,178719.918804,False
3.0,30,178780.110039,True
0.0,30,178825.61158,False
0.0,30,178877.313969,False
0.2,30,178921.780456,False
3.0,30,178964.712319,True
2.5,30,179015.621912,True
0.5,30,179057.369693,False
0.0,30,179107.277213,False
0.0,30,179158.237726,False
0.0,30,179200.447116,False
0.1,30,179251.719642,True
2.9,30,179294.262156,True
2.5,30,179335.798158,True
0.0,30,179381.391751,False
2.7,30,179432.295754,True
0.0,30,179480.115736,False
2.3,30,179523.718002,True
0.0,30,179574.949907,False
1.4,30,179622.760065,True
0.0,30,179669.647147,False
2.7,30,179712.171695,True
2.7,30,179760.139071,True
0.0,30,179806.720474,False
0.0,30,179854.296464,False
2.6,30,179903.096348,True
2.9,30,179950.763098,True
0.0,30,179998.056217,False
0.0,30,180355.847484,False
0.0,30,180405.059724,False
0.0,30,180454.940024,False
0.0,30,180499.51764,False
2.6,30,180543.677516,True
2.4,30,180592.109488,True
0.0,30,180638.107156,False
2.7,30,180684.676291,True
0.0,30,180740.641115,False
2.6,30,180786.138982,True
0.0,30,180833.611469,False
0.1,30,180881.714739,False
0.0,30,180927.427783,False
2.5,30,180976.099971,True
0.0,30,181023.494488,False
0.0,30,181072.533512,False
2.7,30,181118.441799,True
2.9,30,181165.766333,True
0.0,30,181205.911589,False
0.7,30,181254.360776,True
0.0,30,181308.91908,False
0.0,30,181352.997885,False
0.0,30,181401.468313,False
3.0,30,181447.937185,True
2.4,30,181495.161147,True
2.5,30,181539.606213,True
1.7,30,181589.497476,True
0.0,30,181631.198961,False
2.9,30,181681.550395,True
2.1,30,181724.871041,True
0.0,30,181768.747456,False
2.1,30,181814.204284,True
2.8,30,181859.138051,True
0.0,30,181904.503,False
2.8,30,182271.25872,True
2.8,30,182321.22083,True
0.0,30,182370.042399,False
0.0,30,182420.597294,False
0.0,30,182464.60572,False
2.6,30,182504.688832,True
2.2,30,182561.018656,True
0.0,30,182607.025235,False
0.0,30,182656.631451,False
0.0,30,182703.798671,False
0.0,30,182748.958757,False
0.0,30,182793.988981,False
0.0,30,182842.691744,False
3.0,30,182892.131546,True
0.0,30,182938.81356,False
2.8,30,182981.212875,True
0.0,30,183029.888012,False
0.0,30,183075.944537,False
2.4,30,183121.010268,True
2.7,30,183168.297427,True
2.8,30,183212.331747,True
0.0,30,183257.776655,False
2.5,30,183305.90014,True
2.9,30,183351.946893,True
0.0,30,183408.360091,False
2.9,30,183480.639764,True
0.0,30,183527.478873,False
0.0,30,183574.092393,False
0.0,30,183631.206014,False
2.8,30,183682.25115,True
2.3,30,183725.090556,True
0.0,30,183774.323467,False
2.8,30,183819.57819,True
0.0,30,183870.456968,False
2.8,30,184211.859229,True
2.5,30,184252.624816,True
0.0,30,184298.361574,False
2.5,30,184342.544473,True
0.0,30,184386.421305,False
2.7,30,184432.437707,True
2.8,30,184479.421554,True
0.0,30,184524.019938,False
0.0,30,184570.189238,False
0.0,30,184619.67907,False
0.0,30,184668.823455,False
2.4,30,184711.776166,True
2.0,30,184757.967366,True
0.0,30,184798.907064,False
3.0,30,184848.869249,True
2.9,30,184906.38266,True
2.6,30,184956.509517,True
2.7,30,185004.244077,True
2.3,30,185051.031724,True
0.0,30,185096.820215,False
2.9,30,185142.423043,True
2.7,30,185188.822204,True
2.8,30,185248.301732,True
0.0,30,185308.157069,False
0.0,30,185358.234579,False
2.5,30,185402.068928,True
0.0,30,185446.737771,False
2.3,30,185489.256831,True
0.0,30,185530.133782,False
0.0,30,185574.88269,False
1.5,30,185623.134586,True
0.0,30,185667.847249,False
0.0,30,185711.086158,False
0.0,30,185756.973039,False
2.3,30,186135.355891,True
0.0,30,186181.348337,False
0.0,30,186241.775325,False
0.0,30,186288.670775,False
3.0,30,186337.713606,True
2.1,30,186383.461912,True
0.0,30,186432.514055,False
2.6,30,186475.017346,True
2.7,30,186527.264298,True
2.8,30,186580.442406,True
0.0,30,186626.713426,False
0.0,30,186683.067563,False
1.2,30,186734.673005,True
0.8,30,186786.763725,True
0.0,30,186832.961993,False
2.8,30,186876.655551,True
2.7,30,186930.517371,True
2.8,30,186975.174839,True
2.3,30,187020.985373,True
2.5,30,187065.745278,True
2.6,30,187116.326311,True
2.8,30,187160.300462,True
2.8,30,187206.528805,True
1.5,30,187268.281121,True
2.7,30,187315.984063,True
2.9,30,187360.932436,True
2.0,30,187405.432747,True
0.0,30,187455.276156,False
1.2,30,187496.29444,True
0.0,30,187540.913499,False
0.0,30,187584.43662,False
0.0,30,187630.538589,False
0.0,30,187682.974202,False
0.1,30,187728.733571,True
0.0,30,188098.618756,False
0.0,30,188149.734555,False
2.7,30,188196.625171,True
3.0,30,188244.721575,True
1.3,30,188290.193794,True
0.0,30,188332.624935,False
0.0,30,188380.837046,False
0.0,30,188430.328199,False
0.0,30,188478.593527,False
0.0,30,188524.727937,False
0.0,30,188566.787824,False
0.0,30,188616.598684,False
2.6,30,188659.973229,True
0.0,30,188710.307806,False
2.9,30,188758.634229,True
0.0,30,188809.512568,False
0.0,30,188865.440317,False
2.3,30,188910.489632,True
0.0,30,188957.98958,False
0.0,30,189007.326864,False
0.0,30,189061.901496,False
0.0,30,189109.689551,False
2.6,30,189153.454431,True
0.0,30,189205.11888,False
0.0,30,189259.363414,False
0.0,30,189305.680926,False
0.0,30,189349.814046,False
1.5,30,189399.637079,True
2.8,30,189446.018387,True
0.0,30,189491.543131,False
0.0,30,189536.641567,False
2.8,30,189587.794938,True
0.0,30,189633.832955,False
2.1,30,189684.608129,True
2.2,30,190015.852066,False
0.0,30,190060.435734,False
0.0,30,190107.186003,False
0.1,30,190154.718259,False
0.0,30,190201.52335,False
0.0,30,190245.226184,False
2.3,30,190290.478791,True
0.0,30,190336.01736,False
0.0,30,190383.106406,False
2.8,30,190440.339967,True
2.0,30,190487.41322,True
0.0,30,190532.945809,False
2.8,30,190579.714616,True
2.6,30,190626.557161,True
0.0,30,190673.172781,False
0.0,30,190725.536458,False
2.8,30,190776.650749,True
2.8,30,190825.072627,True
0.0,30,190870.182972,False
0.0,30,190917.606172,False
1.6,30,190970.805137,True
3.0,30,191010.136489,True
2.4,30,191058.620595,True
0.0,30,191105.277545,False
2.0,30,191149.398229,True
0.0,30,191197.159177,False
2.4,30,191244.302314,True
0.0,30,191289.030448,False
2.9,30,191351.646853,True
1.9,30,191406.026309,True
0.0,30,191457.306962,False
2.7,30,191505.689493,True
2.9,30,191552.994124,True
0.0,30,191599.17406,False
0.0,30,191943.628294,False
3.0,30,191994.031711,True
0.0,30,192042.176846,False
2.5,30,192089.701843,True
1.5,30,192135.697868,True
0.0,30,192177.638618,False
0.0,30,192224.186545,False
0.0,30,192266.754175,False
0.0,30,192311.229093,False
2.7,30,192354.799303,True
2.8,30,192400.05956,True
0.0,30,192442.259797,False
1.4,30,192487.519201,True
0.0,30,192529.647428,False
2.8,30,192577.460178,True
2.3,30,192624.811372,True
2.8,30,192670.940407,True
0.0,30,192714.659144,False
1.5,30,192766.978236,False
2.6,30,192812.922194,True
0.0,30,192856.9934,False
0.0,30,192898.51768,False
2.2,30,192947.763937,True
2.4,30,192999.359052,True
0.0,30,193045.799887,False
0.0,30,193092.035644,False
2.4,30,193138.493679,True
1.6,30,193183.708905,True
3.0,30,193229.063638,True
0.0,30,193273.779827,False
2.3,30,193318.976407,True
2.8,30,193362.91028,True
2.7,30,193407.035849,True
2.5,30,193470.923259,True
0.0,30,193835.013422,False
0.0,30,193878.866358,False
0.0,30,193927.132174,False
0.0,30,193972.229579,False
2.7,30,194026.033387,True
2.9,30,194077.960723,True
2.0,30,194123.539978,True
0.0,30,194174.412201,False
0.0,30,194221.218863,False
2.7,30,194269.797403,True
2.7,30,194317.166412,True
0.0,30,194361.67056,False
2.4,30,194409.864905,True
1.6,30,194459.301806,True
0.0,30,194508.2387,False
2.9,30,194555.114946,True
3.0,30,194601.533646,True
0.0,30,194651.816522,False
3.0,30,194699.755071,True
2.8,30,194745.490906,True
3.0,30,194790.975632,True
0.0,30,194842.074824,False
0.0,30,194885.143561,False
0.0,30,194931.402773,False
0.0,30,194981.691714,False
0.0,30,195025.131796,False
2.3,30,195067.067382,True
0.0,30,195120.703114,False
0.0,30,195171.000235,False
0.0,30,195218.925276,False
0.0,30,195268.949982,False
0.0,30,195320.80507,False
2.9,30,195377.169853,True
2.6,30,195421.872928,True
2.5,30,195465.085303,True
2.4,30,195813.198775,True
0.0,30,195859.085114,False
0.0,30,195908.997354,False
0.0,30,195961.19376,False
0.0,30,196016.761688,False
0.0,30,196062.59329,False
2.5,30,196108.897995,True
2.8,30,196150.338146,True
0.0,30,196198.374296,False
2.7,30,196245.405681,True
2.6,30,196309.180187,True
0.0,30,196355.86777,False
2.6,30,196414.333464,True
2.5,30,196462.84044,True
2.8,30,196510.449446,True
0.0,30,196562.381707,False
0.0,30,196607.171166,False
1.5,30,196656.883908,True
0.2,30,196706.118412,True
0.0,30,196755.866263,False
0.0,30,196805.507224,False
0.0,30,196856.568613,False
0.0,30,196903.083176,False
2.7,30,196944.297029,True
0.0,30,196989.554599,False
0.0,30,197037.365669,False
0.0,30,197085.030586,False
2.3,30,197133.590605,True
0.0,30,197184.907207,False
0.0,30,197231.354473,False
0.0,30,197284.009667,False
2.6,30,197337.623172,True
0.0,30,197390.989264,False
0.0,30,197440.012993,False
0.3,30,197755.067421,True
0.0,30,197798.970951,False
0.0,30,197843.625816,False
1.8,30,197887.914613,True
0.8,30,197934.00519,True
2.3,30,197980.587416,True
0.8,30,198022.541732,True
0.0,30,198068.94532,False
2.1,30,198111.534083,True
0.1,30,198158.89491,True
2.0,30,198209.109649,True
3.0,30,198258.906817,True
2.2,30,198311.700444,True
1.5,30,198367.345245,True
0.0,30,198418.625967,False
2.2,30,198468.666844,True
0.0,30,198517.087246,False
0.0,30,198562.848005,False
0.0,30,198609.760227,False
3.0,30,198657.648946,True
0.0,30,198716.324099,False
0.0,30,198763.419239,False
0.0,30,198818.831352,False
3.0,30,198863.070632,True
2.6,30,198911.532511,True
1.1,30,198952.193899,True
0.0,30,199000.947131,False
2.5,30,199048.512914,True
0.0,30,199097.826787,False
2.2,30,199149.72971,True
2.3,30,199202.263766,True
0.0,30,199254.338752,False
2.8,30,199305.446301,True
0.0,30,199346.188558,False
2.0,30,199681.196372,True
0.7,30,199724.896863,True
0.0,30,199779.985024,False
0.0,30,199825.460253,False
0.0,30,199874.292104,False
0.0,30,199922.711828,False
0.0,30,199966.225342,False
0.0,30,200060.838336,False
0.0,30,200107.562584,False
0.0,30,200152.590809,False
3.0,30,200198.038903,True
2.0,30,200240.824499,True
0.0,30,200286.465685,False
0.0,30,200332.08355,False
1.4,30,200380.037053,True
0.0,30,200428.263495,False
1.7,30,200475.709795,True
2.4,30,200524.778359,True
0.0,30,200571.013892,False
0.0,30,200621.139943,False
2.4,30,200667.571525,True
2.9,30,200712.694908,True
0.0,30,200766.120701,False
2.4,30,200810.344723,True
2.8,30,200854.533197,True
0.0,30,200910.529272,False
0.0,30,200966.126752,False
0.0,30,201022.098404,False
0.0,30,201072.26114,False
2.1,30,201116.958257,True
0.0,30,201162.526067,False
0.0,30,201206.313957,False
2.5,30,201251.44393,True
2.1,30,201297.086936,True
0.0,30,201646.737699,False
2.6,30,201697.322354,True
3.0,30,201750.389792,True
0.0,30,201804.921614,False
0.0,30,201855.376314,False
2.8,30,201901.4996,True
0.2,30,201939.956367,True
2.5,30,201985.948361,True
0.0,30,202030.703891,False
0.0,30,202071.639003,False
2.8,30,202122.477249,True
0.0,30,202172.848127,False
0.0,30,202217.853487,False
0.0,30,202269.861806,False
0.0,30,202316.296447,False
0.0,30,202360.187289,False
2.6,30,202402.850532,True
2.8,30,202446.216857,True
2.7,30,202499.120543,True
0.0,30,202546.620347,False
0.0,30,202589.919178,False
0.0,30,202635.948214,False
1.9,30,202681.09459,True
2.9,30,202729.997944,True
0.0,30,202783.737121,False
2.9,30,202828.881677,True
0.0,30,202870.100265,False
2.7,30,202916.714329,True
1.5,30,202958.300223,True
2.4,30,203004.497014,True
0.0,30,203050.698083,False
2.4,30,203098.793264,True
2.8,30,203144.907149,True
2.6,30,203195.836657,True
0.0,30,203542.116091,False
0.0,30,203590.083445,False
2.8,30,203646.982967,True
0.0,30,203696.623758,False
2.8,30,203763.601687,True
2.7,30,203808.889882,True
2.2,30,203862.750452,True
2.5,30,203909.397262,True
0.0,30,203958.338858,False
0.0,30,204005.181293,False
3.0,30,204051.120019,True
2.7,30,204101.011562,True
0.0,30,204143.101965,False
0.0,30,204195.398899,False
0.0,30,204238.980349,False
2.7,30,204287.188712,True
0.0,30,204334.177438,False
0.0,30,204380.21878,False
2.7,30,204425.90852,True
0.0,30,204470.913912,False
0.0,30,204518.158116,False
0.0,30,204572.769245,False
0.0,30,204619.094008,False
0.0,30,204671.161822,False
2.5,30,204717.117293,True
2.6,30,204758.898715,True
0.0,30,204803.82916,False
2.7,30,204856.581677,True
0.0,30,204903.075988,False
0.9,30,204942.440122,True
0.0,30,204984.636072,False
2.9,30,205031.739246,True
1.0,30,205078.345561,False
0.0,30,205126.297528,False
2.5,30,205459.691485,True
2.6,30,205503.875152,True
0.0,30,205553.659966,False
2.6,30,205599.230971,True
0.0,30,205646.747667,False
0.0,30,205697.23765,False
2.6,30,205745.326652,True
0.0,30,205794.656876,False
0.0,30,205842.507053,False
2.9,30,205884.382003,True
0.0,30,205930.18866,False
1.4,30,205981.046019,True
2.5,30,206030.665884,True
2.9,30,206074.993307,True
0.0,30,206122.563323,False
2.6,30,206174.871396,True
2.5,30,206219.152632,True
0.0,30,206266.445524,False
0.0,30,206313.724184,False
2.3,30,206363.380918,False
0.0,30,206412.297449,False
0.0,30,206461.42536,False
2.6,30,206504.066903,True
0.0,30,206552.306692,False
0.0,30,206607.566199,False
3.0,30,206655.325662,True
1.3,30,206698.610559,True
0.0,30,206751.35152,False
2.8,30,206795.87124,True
0.0,30,206850.040375,False
2.5,30,206896.297393,True
2.8,30,206948.141498,True
2.2,30,206994.579175,True
0.0,30,207042.664107,False
0.7,30,207375.853683,True
2.8,30,207422.468486,True
2.6,30,207468.259379,True
2.9,30,207521.506344,True
3.0,30,207566.107347,True
0.0,30,207617.585544,False
2.8,30,207663.626245,True
2.8,30,207706.898574,True
0.0,30,207752.561686,False
2.6,30,207798.428274,True
2.7,30,207845.758723,True
1.8,30,207888.425387,True
0.0,30,207943.951515,False
2.4,30,207991.713562,True
2.3,30,208034.527251,True
1.7,30,208081.454547,True
0.0,30,208126.206508,False
0.0,30,208168.432861,False
0.0,30,208208.639556,False
2.4,30,208260.411985,True
2.4,30,208307.764769,True
0.0,30,208358.664462,False
0.0,30,208403.712783,False
2.5,30,208455.061159,True
2.4,30,208501.827966,True
0.0,30,208543.363498,False
2.3,30,208587.605752,True
2.6,30,208632.130996,True
0.0,30,208683.894243,False
2.0,30,208730.140422,False
2.8,30,208773.388711,True
3.0,30,208819.217992,True
0.0,30,208861.727851,False
0.0,30,208926.745941,False
0.0,30,208974.90439,False
2.9,30,209335.721416,True
2.5,30,209383.715018,True
0.0,30,209422.996616,False
3.0,30,209469.706432,True
1.4,30,209517.868039,True
1.2,30,209561.275565,True
2.4,30,209608.349865,True
2.0,30,209655.215819,True
0.0,30,209703.563602,False
0.0,30,209750.206423,False
0.0,30,209793.89851,False
0.0,30,209841.49987,False
0.0,30,209889.958318,False
2.8,30,209938.505299,True
0.0,30,209986.401615,False
2.7,30,210037.186708,True
0.0,30,210081.592903,False
2.1,30,210127.109076,True
0.0,30,210167.911317,False
2.5,30,210223.536556,True
0.0,30,210270.080034,False
2.6,30,210318.136194,True
0.0,30,210359.989679,False
0.0,30,210409.256794,False
2.8,30,210463.837677,True
0.0,30,210517.112003,False
2.6,30,210564.325329,True
0.0,30,210615.663802,False
2.4,30,210664.706621,True
2.5,30,210711.672774,True
0.0,30,210756.637841,False
2.8,30,210802.316867,True
0.0,30,210851.357329,False
2.4,30,210897.411768,True
2.7,30,211215.156408,True
0.0,30,211258.935256,False
0.0,30,211311.082111,False
1.8,30,211354.965745,True
2.5,30,211400.866458,True
0.0,30,211445.000257,False
0.0,30,211489.393024,False
2.7,30,211532.727096,True
3.0,30,211579.134957,True
2.4,30,211628.715007,True
2.8,30,211675.950868,True
2.8,30,211719.445505,True
0.0,30,211764.824585,False
2.8,30,211811.446843,True
1.8,30,211871.977502,True
0.0,30,211917.927578,False
0.0,30,211963.149425,False
0.0,30,212009.569952,False
0.9,30,212052.210226,True
0.0,30,212114.408174,False
0.0,30,212158.239518,False
2.8,30,212206.270499,True
2.1,30,212254.96401,True
2.5,30,212299.565749,True
0.0,30,212341.847238,False
3.0,30,212390.669704,True
0.0,30,212434.07527,False
0.0,30,212482.381092,False
0.0,30,212531.220517,False
2.8,30,212584.295678,True
2.9,30,212633.338518,True
1.6,30,212675.504054,True
2.0,30,212724.017189,True
2.5,30,212767.084594,True
0.0,30,213097.157189,False
0.0,30,213145.055102,False
0.0,30,213198.79542,False
2.8,30,213248.317044,True
0.0,30,213300.406308,False
0.0,30,213345.556748,False
2.6,30,213393.088347,True
0.0,30,213441.226927,False
0.0,30,213486.258871,False
1.5,30,213528.916181,True
0.0,30,213570.015543,False
2.5,30,213651.136109,True
0.0,30,213696.946197,False
0.0,30,213741.72225,False
3.0,30,213815.215117,True
2.4,30,213859.979755,True
2.7,30,213899.606933,True
0.0,30,213957.146157,False
0.0,30,214004.90117,False
0.0,30,214053.088137,False
2.6,30,214100.349941,True
2.9,30,214146.692209,True
0.0,30,214187.847501,False
0.0,30,214228.463537,False
0.0,30,214271.893725,False
0.0,30,214326.388638,False
2.6,30,214374.140211,True
0.0,30,214415.314018,False
0.0,30,214458.119971,False
2.2,30,214512.005114,True
0.0,30,214552.609035,False
0.0,30,214600.929272,False
2.8,30,214647.158293,True
2.4,30,214688.502174,True
0.0,30,215020.79031,False
0.0,30,215067.315052,False
0.0,30,215111.904825,False
0.0,30,215157.016879,False
0.0,30,215200.549278,False
0.0,30,215241.064886,False
2.5,30,215285.796637,True
2.2,30,215372.172216,True
2.8,30,215431.072446,True
2.2,30,215477.681307,True
2.6,30,215523.827822,True
2.2,30,215571.918683,True
2.3,30,215618.105223,True
1.6,30,215664.62868,True
0.6,30,215718.665544,True
0.0,30,215770.106221,False
0.0,30,215818.003992,False
0.0,30,215862.560406,False
2.5,30,215910.359883,True
0.0,30,215957.078213,False
0.0,30,216006.471752,False
0.0,30,216049.929265,False
3.0,30,216102.063519,True
0.0,30,216150.973065,False
2.5,30,216197.868677,True
2.8,30,216243.160131,True
0.0,30,216285.363231,False
2.8,30,216334.402734,True
2.9,30,216379.225142,True
2.5,30,216420.007716,True
3.0,30,216464.283136,True
0.0,30,216515.933825,False
2.6,30,216560.999339,True
0.0,30,216612.453633,False
2.7,30,216932.233156,True
2.8,30,216974.206026,True
0.0,30,217020.750589,False
0.0,30,217067.992374,False
2.6,30,217117.034029,True
2.4,30,217164.087587,True
0.0,30,217215.063937,False
1.9,30,217264.620086,True
0.0,30,217319.63426,False
0.0,30,217366.979613,False
2.1,30,217421.336956,True
0.0,30,217466.287258,False
0.0,30,217511.268934,False
0.0,30,217559.384681,False
2.8,30,217603.325132,True
0.0,30,217647.189348,False
0.0,30,217693.488092,False
0.0,30,217737.7511,False
0.0,30,217783.220473,False
1.3,30,217835.317447,False
2.7,30,217878.853649,True
2.3,30,217920.894451,True
0.0,30,217965.881646,False
2.0,30,218017.287736,True
1.9,30,218060.405493,True
0.0,30,218109.087516,False
2.8,30,218157.374973,True
2.7,30,218207.250342,True
0.0,30,218252.008069,False
0.0,30,218297.243972,False
0.0,30,218344.910964,False
0.0,30,218388.520619,False
3.0,30,218432.952841,True
2.8,30,218476.371188,True
0.0,30,218775.724701,False
0.0,30,218824.205838,False
1.4,30,218891.192856,True
2.7,30,218928.575116,True
2.3,30,218972.932226,True
2.8,30,219019.082164,True
2.7,30,219062.833715,True
2.7,30,219116.92763,True
0.0,30,219160.730316,False
3.0,30,219210.318034,True
3.0,30,219254.156606,True
0.0,30,219301.196241,False
2.9,30,219347.990958,True
0.0,30,219398.704122,False
0.0,30,219444.36898,False
2.8,30,219494.345098,True
3.0,30,219540.92341,True
0.0,30,219588.477756,False
0.0,30,219644.039255,False
0.0,30,219692.647902,False
2.4,30,219738.918927,True
1.0,30,219783.52529,True
0.0,30,219826.452868,False
0.0,30,219873.656142,False
2.7,30,219917.405351,True
1.9,30,219970.083722,True
2.5,30,220016.668506,True
0.0,30,220064.447331,False
0.0,30,220111.03623,False
0.0,30,220152.436661,False
2.2,30,220204.906773,True
0.0,30,220249.441502,False
0.0,30,220298.207967,False
0.0,30,220353.207411,False
2.4,30,220666.672918,True
2.8,30,220721.018779,True
0.0,30,220772.00295,False
0.7,30,220826.318899,True
2.6,30,220869.599137,True
2.2,30,220913.710194,True
0.0,30,220959.417492,False
2.6,30,221002.14467,True
2.7,30,221043.369628,True
0.0,30,221085.607328,False
2.5,30,221127.784419,True
1.7,30,221165.194144,True
2.2,30,221210.534917,True
2.7,30,221255.446271,True
2.9,30,221302.416361,True
0.0,30,221350.186395,False
3.0,30,221393.531035,True
0.0,30,221440.972997,False
0.0,30,221481.322704,False
0.0,30,221525.18717,False
0.0,30,221571.850835,False
0.0,30,221619.381601,False
0.0,30,221665.741492,False
2.1,30,221709.02698,True
0.0,30,221754.832575,False
0.0,30,221808.121424,False
2.0,30,221851.62825,True
0.2,30,221895.139896,True
2.4,30,221944.808323,True
2.8,30,221993.871524,True
0.0,30,222041.635611,False
2.4,30,222084.48109,True
2.2,30,222125.047648,True
0.0,30,222170.666397,False
0.0,30,222487.205283,False
2.4,30,222534.815332,True
2.9,30,222582.779667,True
0.0,30,222624.528477,False
0.0,30,222668.530178,False
0.0,30,222712.099753,False
3.0,30,222754.59464,True
1.9,30,222797.935481,True
0.0,30,222840.852179,False
0.0,30,222886.320635,False
0.0,30,222927.376875,False
0.0,30,222975.456326,False
2.5,30,223025.218712,True
0.0,30,223070.555267,False
2.5,30,223117.315592,True
2.7,30,223164.207594,True
0.0,30,223215.438813,False
0.0,30,223265.288872,False
2.7,30,223309.9453,True
2.7,30,223360.979753,True
0.0,30,223411.561434,False
3.0,30,223461.069132,True
3.0,30,223501.177267,True
0.0,30,223541.991244,False
0.0,30,223588.864441,False
0.0,30,223637.209212,False
0.0,30,223681.52379,False
0.0,30,223725.840895,False
2.4,30,223771.56914,True
2.1,30,223818.8912,True
2.9,30,223868.458782,True
0.0,30,223917.433557,False
0.0,30,223964.942151,False
0.0,30,224015.30753,False
2.2,30,224061.295664,True
2.6,30,224397.276726,True
2.6,30,224437.133741,True
0.0,30,224482.041722,False
2.1,30,224523.959401,True
2.6,30,224571.218208,True
0.6,30,224623.783694,True
0.0,30,224670.071745,False
1.8,30,224720.374623,True
0.0,30,224762.752123,False
0.0,30,224805.958222,False
1.6,30,224850.613941,True
0.0,30,224897.196702,False
2.6,30,224945.982852,True
2.6,30,224993.376371,True
0.0,30,225040.140121,False
2.6,30,225088.118827,True
0.0,30,225136.875389,False
0.0,30,225179.363009,False
0.0,30,225227.832057,False
2.3,30,225271.993556,True
0.0,30,225315.201514,False
2.3,30,225359.203253,True
2.5,30,225406.304638,True
2.4,30,225450.361962,True
0.0,30,225497.273384,False
2.8,30,225546.461406,True
1.6,30,225592.80096,True
3.0,30,225644.162981,True
2.5,30,225693.280856,True
0.0,30,225745.257658,False
0.0,30,225795.163899,False
2.3,30,225839.115964,True
2.6,30,225883.038738,True
0.7,30,225928.780262,True
2.5,30,226215.674517,True
0.2,30,226261.05246,True
0.0,30,226302.627752,False
0.0,30,226341.308227,False
2.3,30,226388.299077,True
2.6,30,226433.531198,True
0.0,30,226484.802864,False
2.7,30,226530.020898,True
2.2,30,226577.477194,True
0.0,30,226624.221124,False
0.0,30,226671.805943,False
0.9,30,226715.335335,False
2.7,30,226759.239347,True
2.6,30,226808.657456,True
0.0,30,226854.844557,False
2.5,30,226899.731675,True
2.8,30,226942.937438,True
2.0,30,226987.761422,True
2.6,30,227046.073787,True
0.0,30,227093.031078,False
2.2,30,227143.801557,True
0.0,30,227197.370228,False
2.6,30,227248.253304,True
0.0,30,227298.315531,False
1.8,30,227341.596156,True
0.0,30,227384.176703,False
2.3,30,227433.373511,True
2.8,30,227479.943258,True
0.0,30,227524.406613,False
0.0,30,227567.325466,False
0.2,30,227608.336105,True
0.0,30,227655.270737,False
2.3,30,227699.897412,True
3.0,30,227744.228696,True
0.0,30,228041.314985,False
2.5,30,228084.556578,True
0.0,30,228134.284052,False
0.0,30,228185.329503,False
0.0,30,228230.042164,False
2.9,30,228274.278374,True
2.6,30,228322.201894,True
0.0,30,228371.705521,False
2.6,30,228412.704138,True
2.7,30,228458.237032,True
2.8,30,228505.674573,True
0.0,30,228554.627986,False
2.7,30,228602.683887,True
0.0,30,228649.493649,False
2.4,30,228695.011775,True
2.5,30,228742.337831,True
0.0,30,228799.893286,False
2.5,30,228842.10612,True
2.6,30,228887.964603,True
0.0,30,228938.810229,False
2.3,30,228989.200608,True
0.0,30,229035.773867,False
0.3,30,229079.713165,True
0.0,30,229125.277028,False
0.6,30,229170.772269,True
0.0,30,229219.057729,False
0.0,30,229257.309787,False
0.0,30,229332.129594,False
0.0,30,229384.153943,False
2.5,30,229427.920505,True
2.8,30,229468.678902,True
0.0,30,229516.409312,False
2.5,30,229565.240759,True
2.2,30,229614.85508,True
2.8,30,229920.08719,True
2.4,30,229969.073706,True
0.0,30,230013.885577,False
2.5,30,230064.450387,True
0.0,30,230111.144824,False
0.0,30,230154.27919,False
0.0,30,230199.355945,False
2.9,30,230241.708334,True
2.7,30,230291.528352,True
2.6,30,230335.446503,True
0.0,30,230388.596394,False
2.7,30,230432.987296,True
0.0,30,230475.156096,False
1.8,30,230519.42359,True
2.3,30,230567.667927,True
1.9,30,230616.108267,True
0.0,30,230662.280249,False
2.5,30,230705.177874,True
0.0,30,230749.068135,False
0.0,30,230787.989408,False
0.0,30,230837.319717,False
0.0,30,230884.713291,False
0.0,30,230932.66476,False
0.0,30,230983.366932,False
0.0,30,231044.110693,False
0.0,30,231096.097252,False
2.4,30,231151.80265,True
0.0,30,231199.298431,False
2.6,30,231238.697659,True
2.2,30,231279.170063,True
2.6,30,231333.420087,True
2.3,30,231385.681282,True
0.0,30,231433.048226,False
2.4,30,231477.101459,True
0.0,30,231753.116708,False
2.5,30,231798.533784,True
2.5,30,231842.932151,True
0.0,30,231882.2695,False
0.0,30,231924.521163,False
2.5,30,231973.951809,True
2.1,30,232016.720349,True
0.6,30,232060.97059,True
0.0,30,232105.994301,False
2.8,30,232149.138111,True
0.0,30,232201.8435,False
0.0,30,232246.126719,False
1.1,30,232291.202399,True
0.0,30,232335.774394,False
2.9,30,232386.903428,True
0.0,30,232434.014297,False
0.0,30,232482.565223,False
2.7,30,232530.016686,True
2.8,30,232578.729589,True
2.7,30,232630.733847,True
2.7,30,232669.389684,True
1.4,30,232718.19971,True
2.3,30,232763.789137,True
0.0,30,232809.799191,False
0.0,30,232850.811603,False
0.0,30,232899.886613,False
2.7,30,232942.846974,True
0.0,30,232991.35847,False
2.2,30,233039.282214,True
2.4,30,233091.625559,True
0.0,30,233134.781346,False
0.7,30,233184.441598,True
0.0,30,233237.367809,False
2.5,30,233287.644735,False
2.1,30,233592.938153,True
2.6,30,233637.994525,True
0.0,30,233680.763774,False
0.0,30,233724.166878,False
2.6,30,233765.782851,True
0.0,30,233814.309401,False
0.0,30,233864.666911,False
0.0,30,233908.318265,False
0.0,30,233952.422142,False
0.0,30,233994.445128,False
0.0,30,234044.184487,False
0.0,30,234102.966249,False
2.6,30,234157.087878,True
0.0,30,234198.158603,False
0.0,30,234241.69971,False
0.0,30,234282.299545,False
2.2,30,234330.267957,True
3.0,30,234381.098154,True
0.0,30,234430.63206,False
0.0,30,234478.371124,False
2.6,30,234521.664015,True
0.0,30,234564.178653,False
1.8,30,234612.260735,True
1.3,30,234653.327373,True
1.8,30,234703.884045,True
0.0,30,234751.290065,False
0.0,30,234793.02175,False
0.0,30,234842.542409,False
0.0,30,234886.457676,False
0.0,30,234931.373813,False
2.8,30,234983.438378,True
0.0,30,235032.873498,False
0.0,30,235079.450197,False
0.0,30,235133.357686,False
0.0,30,235420.542789,False
2.9,30,235469.837718,True
0.0,30,235515.876919,False
2.8,30,235564.065407,True
0.0,30,235607.971826,False
2.3,30,235648.654219,True
0.0,30,235697.130526,False
0.0,30,235742.003648,False
0.0,30,235789.320072,False
0.0,30,235833.501898,False
1.7,30,235878.217011,True
0.0,30,235921.722728,False
0.0,30,235963.281743,False
1.9,30,236004.438981,True
2.5,30,236048.58364,False
0.0,30,236091.574988,False
0.0,30,236137.98077,False
2.7,30,236183.885283,True
0.0,30,236226.943892,False
1.6,30,236268.462146,True
1.6,30,236317.294316,True
0.0,30,236361.676436,False
0.0,30,236405.666689,False
0.0,30,236447.849193,False
0.0,30,236492.712881,False
0.0,30,236538.032664,False
2.5,30,236592.841106,True
2.9,30,236636.586354,True
0.0,30,236678.067235,False
0.0,30,236721.506207,False
0.0,30,236770.377473,False
0.0,30,236817.63268,False
0.0,30,236861.566242,False
2.5,30,236906.353098,True
0.0,30,236950.698398,False
2.5,30,237266.072801,True
1.4,30,237309.955703,True
2.3,30,237366.199932,True
0.0,30,237414.190079,False
0.0,30,237464.357445,False
2.4,30,237512.042467,True
0.0,30,237557.76686,False
0.2,30,237605.476398,True
1.6,30,237648.203066,False
0.0,30,237694.110249,False
2.5,30,237739.900527,True
0.0,30,237792.656032,False
0.0,30,237836.479879,False
2.4,30,237884.876575,True
0.0,30,237932.506071,False
2.8,30,237977.430174,True
2.7,30,238022.061535,True
2.7,30,238065.76711,True
0.7,30,238110.348202,True
2.6,30,238154.061456,True
0.0,30,238201.82886,False
0.0,30,238247.061498,False
0.0,30,238300.347376,False
0.0,30,238344.757047,False
0.0,30,238385.542786,False
0.0,30,238428.643418,False
0.0,30,238474.353045,False
0.0,30,238524.095936,False
3.0,30,238568.639395,True
2.7,30,238620.381243,True
0.0,30,238664.991923,False
2.5,30,238712.685014,True
2.5,30,238754.449143,True
0.0,30,238799.258838,False
2.4,30,239130.174541,True
0.0,30,239169.473476,False
2.3,30,239215.687039,True
0.0,30,239263.054442,False
0.0,30,239312.296481,False
0.0,30,239360.373753,False
2.3,30,239406.182273,True
0.0,30,239453.327576,False
3.0,30,239495.346512,True
2.4,30,239543.880068,True
2.6,30,239599.096294,True
1.6,30,239641.995718,True
0.0,30,239691.533799,False
2.6,30,239738.971473,True
0.0,30,239786.567916,False
0.0,30,239838.773537,False
1.6,30,239890.286778,True
0.0,30,239999.515845,False
0.0,30,240051.851499,False
0.0,30,240107.447844,False
1.9,30,240150.843561,True
2.6,30,240195.23319,True
2.5,30,240237.456353,True
0.0,30,240285.842062,False
2.7,30,240327.136076,True
0.0,30,240372.168168,False
2.5,30,240428.829784,True
0.0,30,240479.968436,False
0.0,30,240525.388578,False
0.0,30,240574.404149,False
0.0,30,240624.777805,False
0.0,30,240668.721673,False
0.0,30,240712.179939,False
2.5,30,240761.615554,True
0.0,30,241072.608078,False
0.0,30,241116.812061,False
0.0,30,241164.34972,False
0.0,30,241212.130388,False
0.0,30,241263.737248,False
2.5,30,241315.721862,True
2.9,30,241358.689209,True
2.6,30,241402.509019,True
2.6,30,241444.068395,True
0.3,30,241488.529124,True
2.8,30,241540.462717,True
0.0,30,241582.359135,False
0.0,30,241623.21796,False
2.7,30,241665.170127,True
0.0,30,241715.542809,False
0.0,30,241766.417425,False
0.0,30,241808.480465,False
2.8,30,241853.021014,True
1.8,30,241896.494861,True
2.9,30,241945.05738,True
0.2,30,241995.135058,True
0.0,30,242038.654881,False
2.2,30,242085.018166,True
0.0,30,242133.350003,False
0.0,30,242176.009521,False
2.8,30,242221.902817,True
2.6,30,242265.364593,True
0.0,30,242322.819077,False
0.0,30,242367.074984,False
0.0,30,242440.169927,False
1.9,30,242486.01677,True
0.0,30,242532.730424,False
1.7,30,242582.84724,True
0.0,30,242626.046109,False
2.6,30,242939.063653,True
3.0,30,242984.014422,True
2.1,30,243031.648845,True
0.0,30,243078.208287,False
2.5,30,243125.482041,True
0.0,30,243164.33288,False
0.0,30,243212.032491,False
2.6,30,243254.6443,True
2.9,30,243298.912382,True
1.9,30,243346.900889,True
2.8,30,243396.624973,True
0.0,30,243441.129376,False
2.5,30,243485.92015,True
2.0,30,243526.49632,True
0.0,30,243577.157062,False
2.5,30,243644.041845,True
3.0,30,243689.829995,True
2.8,30,243737.273267,True
0.0,30,243795.124431,False
0.0,30,243839.663135,False
0.0,30,243883.763271,False
1.1,30,243926.532678,True
2.8,30,243971.868246,True
2.7,30,244025.057012,True
2.8,30,244072.335531,True
2.8,30,244114.713788,True
0.0,30,244161.242919,False
2.8,30,244209.184602,True
0.0,30,244252.209039,False
0.0,30,244299.169666,False
2.4,30,244346.952155,True
2.6,30,244386.69594,True
2.8,30,244438.858584,True
2.5,30,244483.420849,True
2.8,30,244795.968198,True
2.6,30,244840.753976,True
2.3,30,244890.154421,True
2.9,30,244942.93964,True
2.9,30,244990.239964,True
2.4,30,245035.186376,True
2.6,30,245084.059881,True
2.1,30,245128.514324,True
2.3,30,245173.585424,True
0.0,30,245216.3383,False
0.0,30,245264.007701,False
2.6,30,245307.845471,True
2.6,30,245353.961879,True
2.7,30,245395.897605,True
0.0,30,245450.974599,False
2.2,30,245501.055299,True
2.2,30,245548.067497,True
2.8,30,245591.708495,True
2.6,30,245638.251324,True
0.0,30,245685.666458,False
0.0,30,245735.988544,False
2.7,30,245786.266963,True
0.0,30,245836.350293,False
2.4,30,245884.125389,True
0.0,30,245928.775498,False
0.7,30,245987.993848,True
0.0,30,246034.45006,False
0.0,30,246078.501606,False
0.0,30,246127.376375,False
0.0,30,246176.248327,False
2.8,30,246218.627624,True
3.0,30,246261.034962,True
1.3,30,246306.441808,True
0.0,30,246357.705473,False
2.2,30,246699.848115,True
0.0,30,246747.956496,False
0.0,30,246792.83134,False
0.0,30,246835.862484,False
2.8,30,246885.916098,True
2.5,30,246935.028352,True
3.0,30,246979.754226,True
0.0,30,247028.465015,False
2.1,30,247078.578609,True
0.0,30,247123.423893,False
3.0,30,247173.04923,True
1.9,30,247218.086159,True
0.0,30,247262.664557,False
0.0,30,247304.739324,False
0.0,30,247344.337265,False
0.0,30,247390.705879,False
0.0,30,247433.238209,False
0.0,30,247479.82581,False
0.0,30,247528.619678,False
2.7,30,247579.6959,True
0.0,30,247623.688125,False
0.0,30,247671.214865,False
2.6,30,247721.761795,True
0.0,30,247767.48323,False
0.0,30,247810.969233,False
0.0,30,247856.781323,False
0.0,30,247925.328086,False
2.0,30,247966.430528,True
2.2,30,248010.805094,True
0.0,30,248057.027691,False
3.0,30,248108.283838,True
0.0,30,248159.554913,False
0.0,30,248213.453714,False
0.0,30,248265.957917,False
0.0,30,248603.133934,False
0.0,30,248647.218507,False
2.2,30,248692.571847,True
0.0,30,248739.205206,False
2.3,30,248788.418065,True
0.0,30,248831.91149,False
0.0,30,248878.490047,False
0.0,30,248925.861193,False
2.7,30,248979.976166,True
0.0,30,249031.511279,False
1.4,30,249083.590861,True
0.0,30,249126.584328,False
2.7,30,249168.961617,True
0.0,30,249221.580645,False
0.0,30,249265.725641,False
1.7,30,249313.601634,True
0.0,30,249353.741994,False
2.0,30,249408.512324,True
0.0,30,249460.732992,False
2.2,30,249506.445959,True
0.0,30,249552.011296,False
0.0,30,249624.697975,False
0.0,30,249671.243128,False
1.9,30,249715.562654,True
0.0,30,249761.207196,False
0.0,30,249806.418744,False
2.4,30,249861.737494,True
0.0,30,249907.702265,False
0.0,30,249952.489223,False
0.0,30,250000.86663,False
2.6,30,250044.761815,True
2.5,30,250088.033164,True
2.6,30,250136.808869,True
2.8,30,250183.181851,True
0.0,30,250506.311627,False
0.0,30,250548.954763,False
0.0,30,250596.636637,False
0.0,30,250647.67118,False
0.0,30,250695.819939,False
1.8,30,250741.218795,True
2.1,30,250784.219681,True
0.0,30,250834.636322,False
0.0,30,250878.927656,False
2.7,30,250922.48401,True
0.8,30,250964.855795,False
2.6,30,251009.294246,True
2.9,30,251051.679162,True
3.0,30,251096.073018,True
0.0,30,251145.41877,False
3.0,30,251196.016098,True
2.8,30,251246.150221,True
0.0,30,251298.465175,False
0.0,30,251346.430547,False
0.0,30,251397.988051,False
1.4,30,251445.309201,True
0.0,30,251487.882535,False
3.0,30,251531.139458,True
2.7,30,251576.939479,True
0.0,30,251620.214363,False
1.6,30,251668.487005,True
0.0,30,251717.858668,False
0.0,30,251764.808585,False
0.0,30,251810.184038,False
2.6,30,251851.8358,True
2.6,30,251892.745261,True
1.6,30,251935.338685,True
2.4,30,251978.153694,True
0.0,30,252027.872994,False
0.0,30,252079.533248,False
0.0,30,252403.037065,False
0.0,30,252448.060362,False
0.0,30,252494.6218,False
2.5,30,252543.006884,True
2.9,30,252591.587068,True
2.6,30,252643.347951,True
0.0,30,252689.209553,False
2.9,30,252749.77609,True
0.0,30,252792.906807,False
2.6,30,252837.680189,True
0.0,30,252885.940366,False
2.3,30,252933.145978,True
0.0,30,252981.947048,False
3.0,30,253025.354193,True
0.0,30,253069.142041,False
0.0,30,253112.112658,False
0.0,30,253157.781893,False
0.0,30,253216.344464,False
0.1,30,253263.364514,True
3.0,30,253308.35979,True
1.9,30,253352.696539,True
0.0,30,253398.391868,False
0.0,30,253452.91535,False
2.2,30,253500.718425,True
0.0,30,253546.273026,False
0.0,30,253585.820332,False
2.4,30,253632.393361,True
2.3,30,253680.009396,True
0.0,30,253722.316428,False
2.8,30,253770.143004,True
0.5,30,253817.574095,False
1.4,30,253863.331197,True
2.6,30,253918.169475,True
2.0,30,253966.186918,True
0.0,30,254293.520953,False
0.0,30,254340.892352,False
2.7,30,254385.729291,True
2.2,30,254427.890765,True
2.4,30,254473.692066,True
1.6,30,254524.081856,True
0.0,30,254572.678784,False
0.0,30,254622.160609,False
0.0,30,254667.538528,False
0.0,30,254718.28624,False
0.0,30,254762.540007,False
0.0,30,254812.611689,False
2.9,30,254854.768107,True
1.9,30,254894.637898,True
0.0,30,254943.193376,False
0.0,30,254994.250345,False
0.0,30,255039.46726,False
0.0,30,255085.741024,False
0.0,30,255130.702953,False
0.0,30,255186.571486,False
0.0,30,255232.865963,False
0.0,30,255278.930983,False
0.0,30,255324.57494,False
1.7,30,255366.738181,True
2.3,30,255409.228642,True
0.0,30,255461.370009,False
2.6,30,255509.145988,True
0.0,30,255555.189402,False
2.2,30,255600.5195,True
0.5,30,255650.281419,True
2.8,30,255704.229107,True
2.4,30,255748.061567,True
0.0,30,255793.99385,False
0.0,30,255838.335348,False
0.0,30,256178.603617,False
2.6,30,256225.333232,True
0.1,30,256277.582648,False
0.0,30,256324.08637,False
1.8,30,256370.860734,True
0.0,30,256423.212229,False
0.0,30,256470.756007,False
2.1,30,256524.08288,True
0.0,30,256574.698152,False
2.6,30,256625.833145,True
0.0,30,256676.052056,False
0.0,30,256723.272446,False
1.8,30,256770.871382,True
0.0,30,256813.692592,False
2.2,30,256856.011022,True
0.0,30,256901.998031,False
0.0,30,256945.755758,False
2.7,30,256995.062995,True
2.7,30,257043.460255,True
0.0,30,257093.154783,False
2.3,30,257159.962808,True
0.0,30,257209.967913,False
0.0,30,257256.923493,False
0.0,30,257307.053252,False
0.0,30,257354.834357,False
2.5,30,257402.572088,True
2.8,30,257450.644686,True
0.0,30,257503.384915,False
0.0,30,257551.045703,False
1.6,30,257593.561154,True
0.0,30,257633.050425,False
2.0,30,257677.324242,True
0.9,30,257721.745538,False
2.9,30,257776.50722,True
2.8,30,258110.522969,True
2.8,30,258157.079609,True
2.7,30,258213.764656,True
0.0,30,258261.586447,False
2.8,30,258308.568713,True
0.0,30,258357.131086,False
0.0,30,258404.851726,False
0.0,30,258454.466332,False
0.0,30,258502.480638,False
0.0,30,258545.680115,False
0.0,30,258592.332643,False
2.5,30,258638.31806,True
2.8,30,258680.441365,True
0.0,30,258727.660532,False
0.0,30,258786.687094,False
0.0,30,258831.011613,False
2.3,30,258881.125034,True
0.0,30,258924.285796,False
2.5,30,258975.160281,True
0.0,30,259018.754528,False
2.7,30,259070.397537,True
2.7,30,259112.251145,True
1.7,30,259156.560909,True
0.0,30,259202.839628,False
2.0,30,259252.294879,True
0.0,30,259301.225158,False
2.4,30,259351.37516,True
0.0,30,259401.420893,False
2.7,30,259452.788269,True
0.0,30,259498.233477,False
0.0,30,259542.405996,False
2.6,30,259594.617008,True
2.5,30,259640.312117,True
0.0,30,259687.050071,False
2.5,30,260046.519622,True
0.0,30,260096.839045,False
0.0,30,260146.063012,False
0.0,30,260198.267611,False
0.0,30,260243.261025,False
2.6,30,260297.880067,True
1.8,30,260347.138909,True
2.7,30,260405.67843,True
0.0,30,260456.344103,False
2.7,30,260503.577451,True
2.7,30,260562.56186,True
2.8,30,260604.768508,True
0.0,30,260650.930982,False
2.7,30,260696.272574,True
0.0,30,260741.658144,False
0.0,30,260789.166486,False
0.0,30,260838.090978,False
0.0,30,260882.997372,False
2.7,30,260933.764689,True
0.0,30,260982.518939,False
2.6,30,261032.407236,True
2.1,30,261079.368557,True
0.0,30,261132.038748,False
0.0,30,261181.089728,False
2.1,30,261228.501268,True
0.0,30,261279.708059,False
0.0,30,261320.636533,False
0.0,30,261363.628262,False
0.0,30,261407.054095,False
2.7,30,261462.38798,True
2.5,30,261510.67064,True
0.0,30,261558.613804,False
0.0,30,261605.257148,False
1.4,30,261650.138486,True
0.0,30,261982.417106,False
2.4,30,262026.42152,True
0.0,30,262076.911579,False
0.0,30,262122.133301,False
2.3,30,262170.896851,True
2.9,30,262216.183839,True
2.8,30,262262.370442,True
0.0,30,262307.327389,False
2.6,30,262353.689633,True
0.0,30,262403.700554,False
0.0,30,262451.902452,False
0.0,30,262493.257455,False
0.0,30,262547.190743,False
0.0,30,262591.742571,False
2.8,30,262638.587807,True
0.0,30,262684.563074,False
0.0,30,262731.401824,False
2.7,30,262775.982995,True
2.1,30,262826.763674,True
0.0,30,262868.443089,False
2.8,30,262911.47125,True
2.7,30,262957.545871,True
0.0,30,263006.522208,False
1.6,30,263052.872711,True
0.0,30,263092.690586,False
2.7,30,263136.56964,True
0.0,30,263191.187744,False
0.0,30,263234.365044,False
2.8,30,263275.880841,True
1.6,30,263323.492548,True
0.0,30,263373.454028,False
2.3,30,263417.497672,True
2.9,30,263471.117969,True
0.0,30,263513.940729,False
0.0,30,263865.470661,False
0.0,30,263918.133847,False
1.6,30,263971.208818,True
1.7,30,264015.678605,True
1.7,30,264062.421991,True
2.6,30,264118.030966,True
0.0,30,264167.894841,False
2.5,30,264214.641371,True
0.0,30,264265.832694,False
0.0,30,264310.41718,False
0.0,30,264355.813488,False
0.0,30,264400.5905,False
2.8,30,264441.538933,True
2.7,30,264489.51761,True
0.0,30,264541.803821,False
2.8,30,264598.09015,True
2.7,30,264644.132825,True
2.6,30,264691.298838,True
0.0,30,264736.711075,False
2.8,30,264785.346173,True
0.0,30,264831.65553,False
2.6,30,264880.860778,True
3.0,30,264934.596618,True
0.0,30,264981.551832,False
0.0,30,265027.657513,False
0.0,30,265073.29297,False
0.0,30,265116.250492,False
0.0,30,265160.861498,False
0.0,30,265215.527497,False
0.0,30,265270.512625,False
0.0,30,265313.654125,False
2.4,30,265358.862568,True
0.0,30,265407.821909,False
0.0,30,265456.021834,False
0.0,30,265502.533208,False
2.2,30,265842.904703,True
0.0,30,265892.46568,False
2.0,30,265937.115796,True
0.0,30,265981.985715,False
0.0,30,266027.888122,False
1.9,30,266079.007651,True
3.0,30,266125.665236,True
2.8,30,266170.199858,True
1.9,30,266212.678866,True
0.0,30,266260.300649,False
3.0,30,266301.917652,True
0.0,30,266355.376901,False
0.0,30,266397.066561,False
0.0,30,266445.252633,False
0.0,30,266490.484092,False
0.0,30,266537.355158,False
0.0,30,266577.869896,False
0.0,30,266625.745306,False
0.0,30,266676.223299,False
2.1,30,266724.805863,True
2.2,30,266770.364452,True
0.0,30,266819.193202,False
2.3,30,266864.063896,True
0.0,30,266913.145492,False
2.6,30,266956.172229,True
0.0,30,267000.875249,False
0.0,30,267041.167416,False
2.5,30,267085.368162,True
0.0,30,267130.928492,False
0.0,30,267174.583098,False
0.0,30,267222.207543,False
0.0,30,267271.29398,False
0.0,30,267318.630001,False
0.0,30,267366.782646,False
0.0,30,267728.896677,False
0.0,30,267780.328704,False
2.9,30,267823.211014,True
2.6,30,267871.086461,True
2.5,30,267916.658463,True
0.0,30,267965.880737,False
2.5,30,268015.516522,True
0.0,30,268058.107339,False
0.0,30,268105.385809,False
2.6,30,268153.736769,True
0.0,30,268199.353057,False
0.0,30,268243.138214,False
0.0,30,268289.120922,False
0.0,30,268332.558601,False
3.0,30,268386.400983,True
2.9,30,268433.160249,True
2.6,30,268475.549897,True
1.7,30,268521.561736,True
0.0,30,268570.052904,False
2.7,30,268619.736515,True
0.0,30,268662.122715,False
2.7,30,268704.715333,True
2.5,30,268751.138069,True
2.9,30,268797.018038,True
2.2,30,268845.470399,True
2.4,30,268890.248353,True
2.1,30,268934.54577,True
2.6,30,268975.470496,True
0.0,30,269028.220258,False
0.0,30,269073.286186,False
2.5,30,269123.764105,True
2.6,30,269172.310011,True
2.0,30,269218.512276,True
2.7,30,269266.740549,True
2.2,30,269608.124545,True
0.0,30,269658.199671,False
0.0,30,269704.187973,False
3.0,30,269750.526454,True
0.0,30,269799.253938,False
2.1,30,269845.691698,True
0.0,30,269900.338516,False
0.0,30,269945.923326,False
0.0,30,269989.835979,False
2.0,30,270033.305345,True
2.0,30,270084.396169,True
2.3,30,270129.186517,True
0.0,30,270174.738924,False
2.8,30,270229.430768,True
0.0,30,270273.837429,False
0.0,30,270320.576216,False
0.0,30,270364.295049,False
1.4,30,270414.401303,True
2.6,30,270460.564757,True
2.9,30,270509.729203,True
0.0,30,270565.671518,False
0.0,30,270609.74281,False
2.2,30,270663.89994,True
1.5,30,270711.935103,True
2.9,30,270762.84728,True
1.5,30,270821.274481,True
1.8,30,270869.46015,True
0.0,30,270915.610496,False
0.0,30,270966.213622,False
0.0,30,271012.111234,False
0.0,30,271059.589827,False
2.6,30,271107.412036,True
3.0,30,271161.26059,True
2.7,30,271215.207042,True
2.6,30,271545.36564,True
0.0,30,271598.021739,False
0.0,30,271652.59731,False
1.9,30,271692.28469,True
0.0,30,271740.073014,False
0.0,30,271791.166635,False
0.0,30,271834.814076,False
2.6,30,271877.854479,True
0.0,30,271924.700456,False
1.4,30,271973.869574,True
2.3,30,272020.69585,True
1.4,30,272064.538169,True
0.0,30,272109.855262,False
0.0,30,272160.354564,False
2.3,30,272215.721065,True
2.5,30,272260.060018,True
0.0,30,272302.914425,False
0.4,30,272350.578672,False
0.0,30,272393.606966,False
0.0,30,272442.538896,False
2.5,30,272487.195901,True
0.0,30,272530.870736,False
0.0,30,272581.349261,False
2.8,30,272623.71344,True
0.0,30,272669.601606,False
0.0,30,272715.678797,False
0.0,30,272769.648242,False
0.0,30,272814.45639,False
0.0,30,272865.474202,False
0.1,30,272909.581396,True
2.4,30,272951.164328,True
0.0,30,272994.25473,False
2.8,30,273040.484077,True
2.7,30,273086.255229,True
0.0,30,273382.118665,False
0.0,30,273435.113496,False
0.0,30,273486.75835,False
2.3,30,273536.905531,True
2.9,30,273582.956745,True
1.3,30,273628.500893,True
2.1,30,273671.789859,True
2.8,30,273723.523523,True
0.0,30,273771.003268,False
2.8,30,273815.526357,True
2.0,30,273860.056651,True
0.0,30,273904.336957,False
0.0,30,273947.814553,False
2.7,30,273999.893912,True
0.0,30,274046.939728,False
0.0,30,274090.454417,False
0.2,30,274137.863641,True
2.7,30,274198.694737,True
2.9,30,274243.088361,True
0.0,30,274288.430186,False
2.3,30,274332.146255,True
0.0,30,274379.761953,False
0.0,30,274427.469289,False
2.6,30,274473.438682,True
0.0,30,274522.525779,False
0.0,30,274567.045992,False
0.0,30,274608.435171,False
2.1,30,274651.004832,True
2.1,30,274701.198596,True
2.6,30,274745.244704,True
2.3,30,274794.414623,True
2.3,30,274838.328511,True
2.1,30,274881.768661,True
2.7,30,274925.220966,True
0.0,30,275237.262509,False
0.9,30,275284.708144,True
0.0,30,275326.01059,False
2.1,30,275370.338597,True
2.6,30,275418.434587,True
2.2,30,275468.915207,True
2.8,30,275511.015643,True
2.6,30,275556.22625,True
1.8,30,275597.58744,True
0.0,30,275643.065046,False
0.0,30,275687.360172,False
2.3,30,275736.282707,True
2.5,30,275785.952779,True
0.0,30,275830.051222,False
0.0,30,275869.521824,False
2.5,30,275909.608529,True
2.8,30,275954.539726,True
0.0,30,275998.384696,False
0.0,30,276048.525342,False
0.0,30,276094.47062,False
2.7,30,276143.785121,True
2.4,30,276193.062352,True
0.0,30,276244.824211,False
0.3,30,276293.439123,True
0.0,30,276346.107934,False
2.5,30,276392.396076,True
2.8,30,276436.72864,True
0.0,30,276481.464334,False
0.0,30,276530.570531,False
2.5,30,276576.167592,True
0.0,30,276627.819906,False
2.8,30,276671.00367,True
0.0,30,276721.052476,False
0.0,30,276768.599189,False
0.0,30,277058.863714,False
0.0,30,277107.537432,False
0.9,30,277150.254948,False
2.6,30,277192.368174,True
0.8,30,277243.846128,True
0.0,30,277289.672616,False
0.0,30,277333.05023,False
0.0,30,277380.553559,False
2.4,30,277423.312889,True
0.0,30,277473.30407,False
0.0,30,277523.14144,False
0.0,30,277567.979724,False
2.7,30,277623.495656,True
0.0,30,277671.619201,False
0.0,30,277712.899354,False
2.5,30,277761.62898,True
0.0,30,277808.779141,False
2.6,30,277860.999588,True
0.0,30,277905.497102,False
0.0,30,277949.20959,False
2.6,30,278003.158363,True
2.7,30,278062.703178,True
0.0,30,278106.990821,False
2.9,30,278155.276682,True
0.0,30,278196.390231,False
0.0,30,278248.236338,False
1.3,30,278299.620852,True
2.2,30,278346.355422,True
0.1,30,278389.26931,True
2.2,30,278438.893149,True
2.1,30,278486.668462,True
2.9,30,278534.015125,True
0.0,30,278576.423596,False
0.0,30,278620.205292,False
0.0,30,278939.277283,False
2.9,30,278987.579136,True
0.0,30,279041.579407,False
2.6,30,279086.320285,True
2.6,30,279129.903012,True
2.5,30,279180.55724,True
0.0,30,279227.267853,False
0.0,30,279273.742121,False
2.2,30,279326.49236,True
0.0,30,279367.739765,False
2.7,30,279409.103891,True
0.0,30,279460.225862,False
0.0,30,279501.308825,False
2.8,30,279545.315027,True
0.0,30,279591.663241,False
2.4,30,279642.979642,True
0.0,30,279688.279781,False
2.4,30,279737.860441,True
2.6,30,279789.762035,True
0.0,30,279838.655749,False
0.0,30,279885.711389,False
0.0,30,279929.951679,False
0.0,30,279973.035212,False
0.0,30,280021.216726,False
0.0,30,280068.508154,False
2.5,30,280118.283973,True
1.5,30,280162.31336,True
1.5,30,280212.919468,True
2.1,30,280256.530956,True
0.0,30,280310.684507,False
0.0,30,280355.431179,False
0.0,30,280398.719837,False
0.0,30,280453.053536,False
0.0,30,280498.073518,False
3.0,30,280544.822753,True
0.0,30,280838.603119,False
0.0,30,280883.715446,False
0.0,30,280928.627267,False
3.0,30,280978.215538,True
2.6,30,281025.990909,True
0.0,30,281071.798247,False
2.8,30,281116.923755,True
0.0,30,281161.370612,False
0.0,30,281211.649784,False
2.5,30,281256.05288,True
2.6,30,281304.322282,True
2.4,30,281349.469985,True
0.0,30,281394.332977,False
2.7,30,281435.721346,True
3.0,30,281480.215742,True
0.0,30,281535.050596,False
1.8,30,281580.934777,True
2.5,30,281627.949365,True
0.0,30,281674.802099,False
0.0,30,281724.339176,False
2.4,30,281769.758895,True
0.0,30,281815.754646,False
0.0,30,281861.907875,False
0.0,30,281911.487445,False
0.0,30,281959.479354,False
2.6,30,282009.15673,True
0.0,30,282054.832922,False
0.0,30,282099.77605,False
2.9,30,282146.616374,True
0.0,30,282194.457199,False
0.0,30,282242.677327,False
0.0,30,282294.402403,False
2.4,30,282341.764081,True
2.8,30,282396.541821,True
0.0,30,282734.930271,False
0.0,30,282780.524145,False
2.8,30,282832.211347,True
2.9,30,282891.361743,True
0.0,30,282936.281598,False
0.0,30,282984.411697,False
2.3,30,283031.918308,True
2.2,30,283080.350633,True
0.0,30,283129.359912,False
0.0,30,283183.164484,False
0.0,30,283237.603727,False
0.0,30,283284.453722,False
3.0,30,283337.09854,True
2.6,30,283379.135831,True
2.1,30,283434.322621,True
0.0,30,283484.531826,False
2.3,30,283532.237765,True
0.0,30,283582.194061,False
0.0,30,283624.711838,False
3.0,30,283676.388546,True
0.0,30,283720.654047,False
0.0,30,283771.320485,False
2.4,30,283820.938247,True
0.0,30,283865.234279,False
0.0,30,283912.899682,False
0.0,30,283960.470206,False
0.0,30,284008.275647,False
2.8,30,284054.491329,True
2.5,30,284103.822267,True
2.1,30,284150.04821,True
2.8,30,284198.729804,True
0.0,30,284250.085529,False
2.5,30,284299.458042,True
2.8,30,284346.028493,True
2.7,30,284684.28451,True
2.9,30,284735.172526,True
0.0,30,284788.330606,False
0.0,30,284840.417093,False
0.0,30,284889.074171,False
0.0,30,284937.602415,False
2.6,30,284984.880232,True
2.7,30,285029.23485,True
2.7,30,285077.833826,True
2.9,30,285127.946534,True
2.2,30,285175.293523,True
1.3,30,285217.135808,True
2.9,30,285265.376183,True
3.0,30,285312.811604,True
0.0,30,285357.339758,False
2.6,30,285409.169394,True
0.0,30,285460.184924,False
2.4,30,285507.889669,True
2.9,30,285552.956237,True
2.7,30,285597.314751,True
0.0,30,285646.82848,False
1.9,30,285698.760382,True
1.9,30,285745.884784,True
0.0,30,285791.979211,False
2.5,30,285842.437415,True
2.2,30,285892.566478,True
2.3,30,285936.109427,True
2.4,30,285984.876714,True
0.0,30,286028.770643,False
2.6,30,286080.089328,True
0.0,30,286125.509627,False
0.0,30,286177.390945,False
0.0,30,286221.22839,False
2.7,30,286274.691051,True
0.0,30,286636.800819,False
0.0,30,286690.751236,False
0.0,30,286734.897659,False
2.3,30,286784.048911,True
2.6,30,286834.188367,True
1.7,30,286879.389791,True
2.7,30,286928.995422,True
0.0,30,286975.787326,False
2.6,30,287020.228595,True
0.0,30,287063.808231,False
1.4,30,287110.379884,True
2.8,30,287156.473622,True
0.0,30,287204.443423,False
0.0,30,287258.929668,False
2.4,30,287307.258839,True
2.7,30,287357.476727,True
2.7,30,287400.065576,True
0.0,30,287449.731791,False
0.0,30,287499.178113,False
2.9,30,287549.59091,True
2.6,30,287599.181973,True
2.7,30,287646.258513,True
2.7,30,287696.128739,True
0.0,30,287739.954969,False
0.0,30,287787.143024,False
0.0,30,287837.125157,False
2.6,30,287878.457387,True
2.5,30,287921.307753,True
2.5,30,287961.282983,True
1.4,30,288010.182852,True
0.0,30,288055.469185,False
2.9,30,288105.498724,True
0.0,30,288150.741617,False
0.0,30,288194.598476,False
2.9,30,288503.902916,True
2.3,30,288551.332886,True
0.0,30,288593.666645,False
0.0,30,288632.693134,False
0.0,30,288682.129074,False
2.7,30,288729.03219,True
2.8,30,288804.308464,True
0.5,30,288853.906555,False
1.8,30,288900.750552,True
0.0,30,288944.595818,False
0.0,30,288990.228472,False
2.8,30,289038.238027,True
2.8,30,289089.91,True
2.6,30,289132.696491,True
0.0,30,289186.241976,False
2.7,30,289238.072577,True
0.0,30,289285.849541,False
0.0,30,289333.155852,False
0.0,30,289381.248273,False
0.0,30,289420.524554,False
1.9,30,289465.200285,False
0.0,30,289514.73883,False
0.0,30,289569.80115,False
0.0,30,289608.924712,False
2.1,30,289655.992304,True
0.0,30,289700.617838,False
2.3,30,289745.027832,True
0.0,30,289793.882152,False
3.0,30,289842.823225,True
2.8,30,289902.142449,True
1.9,30,289948.893437,True
0.0,30,289996.013778,False
2.9,30,290042.241822,True
2.8,30,290099.571652,True
0.0,30,290449.772169,False
0.0,30,290494.852236,False
0.0,30,290543.932031,False
0.0,30,290593.139625,False
0.0,30,290642.49428,False
0.0,30,290685.93393,False
2.8,30,290734.280896,True
0.0,30,290777.551074,False
0.0,30,290823.383279,False
0.0,30,290870.748085,False
2.5,30,290923.475298,True
0.0,30,290986.366813,False
2.5,30,291034.794641,True
0.0,30,291081.047271,False
0.0,30,291124.244771,False
0.0,30,291167.765496,False
0.0,30,291217.04349,False
0.0,30,291260.11381,False
0.0,30,291302.377245,False
0.0,30,291353.069657,False
2.4,30,291399.09654,True
2.8,30,291440.686598,True
0.0,30,291483.940343,False
2.1,30,291532.320232,True
0.0,30,291580.629075,False
0.0,30,291623.497821,False
2.2,30,291671.805349,True
0.7,30,291723.186407,False
2.4,30,291770.736674,True
2.6,30,291823.160086,True
2.7,30,291869.943568,True
2.7,30,291914.043841,True
2.5,30,291956.038123,True
0.0,30,292002.533566,False
0.0,30,292376.063193,False
2.8,30,292433.500917,True
0.0,30,292482.701351,False
0.0,30,292528.120325,False
0.0,30,292571.568228,False
1.6,30,292629.243739,True
0.0,30,292680.341176,False
2.4,30,292730.726093,True
2.5,30,292778.42803,True
2.4,30,292818.86287,True
0.0,30,292864.177361,False
0.0,30,292905.301151,False
0.0,30,292950.462341,False
2.7,30,292991.836726,True
0.0,30,293039.189954,False
3.0,30,293089.01823,True
2.7,30,293137.759321,True
0.1,30,293190.418827,True
2.4,30,293232.708908,True
2.8,30,293278.5919,True
2.5,30,293324.984826,True
0.0,30,293372.515559,False
2.6,30,293418.720566,True
1.5,30,293463.776462,True
2.8,30,293504.43037,True
0.0,30,293547.784335,False
2.0,30,293593.037576,True
0.0,30,293640.843147,False
2.7,30,293682.182459,True
0.0,30,293732.885885,False
0.0,30,293781.269381,False
1.5,30,293831.030753,True
0.0,30,293872.59553,False
0.0,30,293921.1628,False
2.8,30,293970.054964,True
2.6,30,294283.190419,True
2.9,30,294321.785944,True
2.4,30,294365.36909,True
0.0,30,294413.52703,False
0.0,30,294456.648066,False
2.8,30,294502.466363,True
0.0,30,294552.789282,False
2.9,30,294600.086027,True
2.2,30,294645.25392,True
2.2,30,294696.441274,True
2.4,30,294738.709228,True
0.0,30,294782.610626,False
0.0,30,294832.006521,False
3.0,30,294873.503334,True
0.0,30,294922.474999,False
2.1,30,294970.542424,True
1.0,30,295018.90415,False
0.0,30,295062.638882,False
0.0,30,295107.74731,False
0.0,30,295155.414119,False
0.0,30,295201.755286,False
2.5,30,295249.436797,True
2.6,30,295292.183159,True
0.0,30,295338.024103,False
0.0,30,295385.970315,False
0.0,30,295431.721112,False
0.0,30,295476.953824,False
0.0,30,295535.071696,False
0.0,30,295579.357961,False
2.6,30,295619.914933,True
0.0,30,295661.639705,False
2.9,30,295708.096148,True
1.3,30,295751.632357,True
1.0,30,295803.529304,True
2.7,30,296111.330847,True
2.8,30,296155.690945,True
0.0,30,296200.913184,False
0.0,30,296245.416149,False
0.0,30,296289.562437,False
2.5,30,296330.506577,True
0.0,30,296375.623151,False
0.0,30,296422.775397,False
0.0,30,296465.882244,False
2.4,30,296512.817561,True
0.0,30,296555.207561,False
1.8,30,296602.60772,True
0.0,30,296650.098241,False
2.3,30,296695.943178,True
2.6,30,296738.88299,True
3.0,30,296781.910969,True
0.0,30,296833.348778,False
2.9,30,296877.05061,True
2.7,30,296919.902169,True
2.4,30,296969.664551,True
0.0,30,297017.136657,False
2.7,30,297061.279952,True
0.0,30,297106.465338,False
2.2,30,297153.856513,True
3.0,30,297197.738675,True
0.0,30,297244.251991,False
0.0,30,297299.389208,False
0.0,30,297347.761415,False
2.3,30,297391.46493,True
0.0,30,297434.63097,False
0.0,30,297472.577418,False
1.3,30,297517.540464,True
2.7,30,297568.327261,True
0.0,30,297617.024327,False
0.0,30,297894.860259,False
0.0,30,297939.313836,False
2.0,30,297986.378123,True
0.0,30,298035.326634,False
0.0,30,298077.756599,False
3.0,30,298124.974209,True
0.0,30,298168.126448,False
0.0,30,298212.484171,False
0.0,30,298257.4504,False
0.0,30,298303.030733,False
2.7,30,298346.090192,True
2.3,30,298402.079468,True
0.0,30,298447.696765,False
2.9,30,298501.859246,True
0.0,30,298541.913939,False
2.9,30,298587.212963,True
0.0,30,298642.952382,False
0.0,30,298688.626616,False
2.5,30,298733.583164,True
0.0,30,298772.065323,False
2.9,30,298816.973431,True
0.0,30,298865.571997,False
1.9,30,298907.675894,True
0.0,30,298954.754598,False
0.0,30,298999.92398,False
1.6,30,299041.559741,True
2.4,30,299090.177187,True
1.9,30,299133.938191,True
2.8,30,299179.929034,True
2.5,30,299225.822552,True
2.5,30,299270.595074,True
0.0,30,299321.422525,False
2.1,30,299367.550056,True
2.3,30,299408.637085,True
0.0,30,299694.378074,False
2.2,30,299745.098402,True
0.0,30,299789.97708,False
2.8,30,299838.126767,True
0.0,30,299887.438708,False
0.0,30,299934.012266,False
2.6,30,299974.76141,True
2.9,30,300021.671844,True
0.0,30,300068.759657,False
3.0,30,300116.875407,True
2.6,30,300166.584065,True
2.3,30,300210.941817,True
0.0,30,300255.099947,False
0.0,30,300302.919782,False
2.2,30,300345.769021,True
0.0,30,300397.211733,False
0.0,30,300445.898036,False
2.5,30,300484.800596,True
0.0,30,300528.585073,False
0.0,30,300576.564086,False
0.0,30,300621.132276,False
2.8,30,300660.110867,True
2.7,30,300712.684234,True
0.0,30,300753.371479,False
2.5,30,300798.951577,True
2.7,30,300842.789148,True
2.7,30,300893.650581,True
2.5,30,300939.39933,True
0.0,30,300981.94019,False
0.0,30,301030.998448,False
0.0,30,301074.975742,False
0.0,30,301120.472363,False
2.7,30,301167.062089,True
0.0,30,301214.387366,False
2.8,30,301508.866294,True
0.0,30,301556.258631,False
2.5,30,301605.579156,True
3.0,30,301656.82134,True
2.0,30,301702.802057,True
2.5,30,301752.032718,True
2.7,30,301799.481725,True
1.7,30,301845.984551,True
0.0,30,301919.375372,False
0.0,30,301979.259777,False
0.0,30,302022.618978,False
0.0,30,302067.201491,False
0.0,30,302114.653449,False
0.0,30,302165.733061,False
2.3,30,302209.736521,True
3.0,30,302255.961774,True
0.0,30,302307.927092,False
0.8,30,302354.795825,False
0.0,30,302401.475815,False
0.8,30,302442.551965,True
0.0,30,302488.239236,False
2.6,30,302535.071486,True
2.6,30,302575.200849,True
0.0,30,302622.260131,False
1.9,30,302672.444296,True
2.5,30,302714.845823,True
2.6,30,302758.927025,True
2.3,30,302807.715811,True
0.0,30,302854.494463,False
1.1,30,302896.930748,False
2.9,30,302936.71335,True
2.7,30,302982.814034,True
3.0,30,303031.031525,True
2.8,30,303073.722674,True
2.1,30,303369.723145,True
2.6,30,303414.716448,True
1.8,30,303457.440073,True
2.7,30,303503.807452,True
0.0,30,303546.717126,False
0.0,30,303583.537578,False
1.7,30,303626.848912,True
0.0,30,303674.650404,False
2.5,30,303714.871379,True
1.9,30,303759.246247,True
0.0,30,303804.131346,False
2.2,30,303848.040741,True
0.0,30,303892.839931,False
2.6,30,303939.381922,True
1.0,30,303976.632319,True
2.3,30,304031.171244,True
0.0,30,304078.090552,False
0.0,30,304122.334128,False
2.6,30,304168.141312,True
0.0,30,304213.159264,False
2.8,30,304257.795331,True
2.4,30,304297.409653,True
2.5,30,304341.844114,True
1.4,30,304384.617134,True
0.0,30,304426.358855,False
0.0,30,304473.912974,False
2.5,30,304516.15135,True
2.8,30,304563.70618,True
2.6,30,304601.311561,True
2.6,30,304653.298948,True
0.0,30,304694.757496,False
0.0,30,304734.475114,False
0.0,30,304776.561614,False
1.8,30,304824.065964,True
1.5,30,305113.142066,True
0.0,30,305157.026824,False
0.0,30,305206.446564,False
0.0,30,305250.889358,False
0.0,30,305290.044012,False
0.0,30,305332.725009,False
2.7,30,305376.34245,True
0.0,30,305428.233758,False
0.0,30,305475.530105,False
0.0,30,305521.592523,False
2.7,30,305570.010354,True
0.0,30,305615.357035,False
0.0,30,305659.591635,False
2.8,30,305707.229115,True
0.0,30,305756.509326,False
2.4,30,305806.179866,True
0.0,30,305850.783748,False
2.6,30,305894.958616,True
0.0,30,305935.936698,False
2.1,30,305979.516923,True
0.0,30,306020.988955,False
2.4,30,306072.935539,True
0.0,30,306118.164333,False
0.0,30,306165.658581,False
3.0,30,306210.878552,True
2.8,30,306255.416998,True
0.0,30,306299.166089,False
0.0,30,306346.744624,False
0.0,30,306392.132317,False
1.7,30,306447.327047,True
0.0,30,306499.32491,False
0.0,30,306547.996272,False
0.0,30,306593.28077,False
0.6,30,306636.85754,True
0.0,30,306945.613319,False
0.0,30,306989.613107,False
2.7,30,307033.121905,True
1.5,30,307079.648902,True
0.0,30,307127.241205,False
1.9,30,307170.681552,True
3.0,30,307220.484959,True
2.8,30,307269.215302,True
0.0,30,307315.662037,False
0.0,30,307360.90426,False
0.0,30,307412.289818,False
0.0,30,307453.625609,False
0.0,30,307497.273255,False
0.0,30,307543.037659,False
0.0,30,307585.89105,False
0.0,30,307635.877573,False
1.4,30,307678.884328,True
2.3,30,307727.851496,True
0.0,30,307770.711625,False
2.4,30,307813.77345,True
0.0,30,307861.032391,False
0.0,30,307909.533257,False
2.3,30,307960.501099,True
0.0,30,308008.54996,False
2.8,30,308053.098551,True
0.0,30,308098.202498,False
0.0,30,308141.343023,False
2.9,30,308188.968927,True
2.6,30,308230.591672,True
0.0,30,308277.662361,False
0.0,30,308321.881567,False
0.0,30,308367.105901,False
2.4,30,308408.535069,True
0.0,30,308454.450516,False
0.0,30,308494.707673,False
2.2,30,308820.488812,True
0.0,30,308863.762849,False
0.0,30,308912.647776,False
1.9,30,308960.967383,True
2.8,30,309002.896474,True
0.0,30,309048.235409,False
0.0,30,309099.108444,False
0.0,30,309144.068594,False
0.7,30,309184.87078,True
2.5,30,309236.556767,True
1.0,30,309289.750025,True
0.0,30,309333.961527,False
2.7,30,309380.273878,True
2.5,30,309422.881393,True
0.0,30,309470.207862,False
2.6,30,309517.384316,True
0.0,30,309561.98781,False
2.6,30,309608.889653,True
2.5,30,309665.100988,True
0.0,30,309707.955649,False
2.3,30,309754.930089,True
2.5,30,309800.363443,True
3.0,30,309844.450186,True
0.0,30,309890.304497,False
1.2,30,309937.094008,True
2.2,30,309982.196114,True
0.0,30,310027.796985,False
1.2,30,310072.16114,True
2.0,30,310122.433611,True
0.0,30,310168.016342,False
0.0,30,310215.091377,False
2.7,30,310263.446892,True
2.3,30,310310.569208,True
2.5,30,310354.833488,True
0.0,30,310686.855459,False
0.0,30,310732.677874,False
0.0,30,310783.219187,False
0.0,30,310825.747033,False
2.8,30,310876.777082,True
3.0,30,310923.552202,True
2.7,30,310972.225934,True
2.2,30,311023.06226,True
2.6,30,311069.497571,True
2.4,30,311118.96385,True
0.0,30,311164.830344,False
0.0,30,311208.035702,False
1.8,30,311253.414922,True
0.0,30,311298.806646,False
0.0,30,311343.020665,False
0.4,30,311388.066072,True
2.9,30,311434.818656,False
0.0,30,311479.368001,False
0.0,30,311524.711637,False
0.0,30,311573.845446,False
1.8,30,311616.451895,False
0.0,30,311669.100919,False
3.0,30,311716.684911,True
2.4,30,311796.494293,True
2.8,30,311845.38902,True
2.6,30,311889.260532,True
0.0,30,311937.045071,False
0.0,30,311979.018151,False
0.0,30,312026.487888,False
0.3,30,312073.188129,True
0.0,30,312136.322543,False
0.0,30,312188.140169,False
0.0,30,312244.842182,False
2.3,30,312306.657968,True
0.0,30,312602.324306,False
0.0,30,312649.618464,False
2.1,30,312694.185262,True
0.0,30,312739.652575,False
2.4,30,312786.625289,True
0.0,30,312827.912804,False
0.0,30,312873.452147,False
1.9,30,312918.126819,True
2.8,30,312968.318977,True
0.0,30,313014.691718,False
0.0,30,313059.838543,False
2.7,30,313106.286677,True
0.0,30,313152.398746,False
0.0,30,313195.236507,False
0.0,30,313243.293098,False
0.0,30,313289.453771,False
1.5,30,313334.594079,True
0.0,30,313379.538843,False
0.0,30,313422.658609,False
0.0,30,313473.741518,False
3.0,30,313522.143684,True
2.5,30,313564.109753,True
0.0,30,313611.016148,False
1.5,30,313662.02413,True
0.9,30,313707.123731,True
0.0,30,313754.406678,False
0.0,30,313800.628687,False
0.0,30,313845.311438,False
2.8,30,313894.388125,True
0.0,30,313942.198667,False
0.0,30,313992.809338,False
1.9,30,314034.387652,True
3.0,30,314083.850253,True
0.0,30,314130.820696,False
0.0,30,314437.258974,False
2.8,30,314482.575767,True
0.0,30,314530.208651,False
0.0,30,314571.661686,False
2.4,30,314619.996248,True
3.0,30,314666.523723,True
2.2,30,314713.011431,True
2.5,30,314770.497467,True
2.1,30,314815.365463,True
2.8,30,314862.282422,True
2.6,30,314907.254835,True
0.0,30,314953.451581,False
2.8,30,315000.91199,True
2.5,30,315044.266586,True
1.4,30,315080.787088,True
1.6,30,315127.503126,True
2.8,30,315174.493479,True
0.0,30,315221.973407,False
2.4,30,315270.617582,False
0.0,30,315314.057863,False
0.0,30,315357.45164,False
0.0,30,315399.88453,False
0.0,30,315445.190746,False
0.0,30,315485.363995,False
0.0,30,315531.879669,False
0.0,30,315580.110352,False
2.5,30,315620.917912,True
2.3,30,315671.026524,True
0.0,30,315713.478173,False
0.0,30,315769.521685,False
2.2,30,315811.327238,True
2.7,30,315855.96884,True
2.9,30,315900.877637,True
0.0,30,315945.526117,False
0.0,30,316263.153669,False
0.0,30,316310.775183,False
0.0,30,316352.634772,False
0.6,30,316399.8497,True
2.8,30,316441.440013,True
0.0,30,316488.946465,False
2.6,30,316532.621446,True
0.0,30,316579.699956,False
0.0,30,316621.940984,False
0.0,30,316666.432183,False
0.0,30,316714.933069,False
3.0,30,316762.256785,True
2.9,30,316807.47518,True
0.0,30,316852.55802,False
0.0,30,316896.69384,False
2.8,30,316939.890262,True
0.0,30,316987.415458,False
0.0,30,317033.458039,False
2.9,30,317084.583543,True
0.0,30,317131.174462,False
0.0,30,317176.67207,False
2.8,30,317222.231026,True
0.0,30,317269.91581,False
2.7,30,317317.43389,True
0.0,30,317361.370396,False
2.5,30,317405.03203,True
0.2,30,317446.174312,True
2.1,30,317488.048261,True
0.0,30,317535.885668,False
0.0,30,317582.439148,False
0.0,30,317635.231028,False
0.0,30,317678.051053,False
0.0,30,317716.978252,False
1.8,30,317768.071885,True
0.0,30,318083.242183,False
1.9,30,318131.499807,True
0.0,30,318172.848972,False
2.6,30,318218.022811,True
2.5,30,318257.603315,True
2.8,30,318301.233979,True
2.7,30,318341.20253,True
0.0,30,318385.697581,False
0.0,30,318429.962951,False
2.5,30,318475.552002,True
0.0,30,318519.596413,False
2.8,30,318562.499182,True
0.0,30,318604.733633,False
0.0,30,318647.12501,False
0.0,30,318692.983831,False
0.0,30,318741.213826,False
0.0,30,318786.508243,False
2.8,30,318835.285027,True
0.0,30,318884.477586,False
0.0,30,318935.754579,False
1.6,30,318981.394396,True
0.0,30,319020.312379,False
2.3,30,319067.202521,True
0.0,30,319113.926185,False
1.2,30,319157.816322,True
0.0,30,319201.970218,False
2.7,30,319242.577295,True
0.0,30,319282.227269,False
0.0,30,319326.761236,False
1.7,30,319370.748943,True
0.0,30,319416.23045,False
0.0,30,319462.425216,False
2.8,30,319512.736742,True
2.8,30,319556.234433,True
0.0,30,319859.519538,False
2.5,30,319902.024603,True
0.7,30,319947.936679,True
3.0,30,319996.814169,True
2.0,30,320047.025403,True
0.0,30,320093.548914,False
0.0,30,320140.827326,False
2.5,30,320186.114198,True
2.8,30,320234.039463,True
0.0,30,320282.09825,False
1.3,30,320324.938615,True
0.0,30,320368.136992,False
2.1,30,320411.032423,True
2.7,30,320457.793584,True
1.7,30,320503.047774,True
0.0,30,320546.135354,False
0.0,30,320591.903494,False
2.6,30,320637.287559,True
0.0,30,320687.29022,False
2.4,30,320731.660793,True
0.0,30,320774.995326,False
2.9,30,320821.783184,True
0.0,30,320867.736307,False
0.0,30,320908.252507,False
0.0,30,320956.105583,False
0.0,30,321001.095432,False
2.7,30,321046.443255,True
0.0,30,321092.1828,False
0.0,30,321140.840193,False
0.0,30,321182.973295,False
2.6,30,321239.915176,True
1.7,30,321287.651953,True
0.7,30,321331.681671,True
0.0,30,321399.607949,False
0.0,30,321445.937234,False
2.5,30,321741.148263,True
2.7,30,321787.25353,True
3.0,30,321833.081093,True
0.0,30,321878.084475,False
0.0,30,321933.15293,False
2.3,30,321978.971058,True
2.6,30,322022.111743,True
0.0,30,322068.803633,False
2.5,30,322119.624221,True
1.3,30,322166.890337,True
0.0,30,322207.647489,False
1.9,30,322253.953609,True
0.0,30,322296.391775,False
0.0,30,322339.926419,False
2.5,30,322391.547917,True
0.8,30,322440.647857,True
0.0,30,322483.605423,False
0.0,30,322530.14567,False
0.0,30,322577.339127,False
2.2,30,322624.869499,True
0.0,30,322683.595361,False
0.0,30,322727.757432,False
2.8,30,322772.545671,True
0.0,30,322817.018663,False
2.1,30,322858.840202,True
0.0,30,322911.789861,False
0.0,30,322959.799155,False
2.5,30,323018.826967,True
0.0,30,323068.16155,False
0.0,30,323116.138852,False
0.0,30,323165.197512,False
2.2,30,323221.607112,True
2.6,30,323261.787388,True
0.0,30,323312.517809,False
2.8,30,323644.211812,True
2.9,30,323694.691537,True
2.8,30,323738.523861,True
0.0,30,323782.170776,False
0.0,30,323826.170243,False
1.0,30,323870.600698,True
1.6,30,323916.983331,False
0.0,30,323961.033852,False
2.8,30,324003.694349,True
0.0,30,324046.934252,False
0.0,30,324090.728803,False
0.0,30,324150.285941,False
3.0,30,324197.777094,True
0.0,30,324250.648917,False
0.0,30,324300.493714,False
0.0,30,324339.85686,False
2.8,30,324384.899303,True
0.0,30,324428.699253,False
2.8,30,324473.730876,True
0.0,30,324517.741361,False
2.1,30,324563.022403,True
2.8,30,324611.679708,True
0.0,30,324661.319932,False
0.0,30,324707.057086,False
0.0,30,324751.554844,False
2.7,30,324803.045127,True
0.0,30,324845.358022,False
0.0,30,324888.094292,False
2.6,30,324947.120557,True
0.0,30,324988.242398,False
0.0,30,325030.624155,False
2.5,30,325082.427877,True
2.4,30,325126.020825,True
2.4,30,325173.30505,True
0.0,30,325506.813487,False
2.3,30,325549.180115,True
2.4,30,325594.107707,True
2.0,30,325660.041221,True
0.0,30,325710.64174,False
2.7,30,325756.44786,True
0.0,30,325803.996624,False
1.8,30,325850.985578,True
2.7,30,325894.32221,True
0.0,30,325941.663275,False
0.0,30,325987.889695,False
0.0,30,326039.843223,False
2.6,30,326091.192267,True
0.0,30,326142.175473,False
0.0,30,326186.496903,False
0.6,30,326226.616982,True
2.7,30,326271.655066,True
2.8,30,326320.108323,True
0.0,30,326363.645902,False
0.0,30,326413.61544,False
1.1,30,326463.83318,True
2.6,30,326509.16249,True
0.0,30,326553.946342,False
2.8,30,326601.457477,True
0.0,30,326649.252314,False
0.0,30,326695.267421,False
0.0,30,326735.50384,False
2.7,30,326794.474458,True
2.6,30,326834.331418,True
2.6,30,326881.917955,True
0.0,30,326927.109937,False
2.1,30,326985.039232,True
2.1,30,327032.187568,True
2.5,30,327076.366677,True
0.0,30,327389.770282,False
0.0,30,327434.220549,False
2.7,30,327480.242062,True
2.3,30,327527.001825,True
0.0,30,327568.819673,False
1.3,30,327621.6504,False
2.6,30,327666.27113,True
2.5,30,327712.474081,True
0.0,30,327761.241335,False
0.0,30,327802.811481,False
1.3,30,327848.649607,True
0.0,30,327893.771777,False
0.0,30,327941.136338,False
0.0,30,327987.726535,False
2.6,30,328037.431945,True
0.0,30,328084.552558,False
2.9,30,328132.504308,True
0.0,30,328177.543864,False
0.0,30,328225.75181,False
0.0,30,328275.787029,False
0.0,30,328318.127676,False
0.0,30,328364.668167,False
0.0,30,328408.190905,False
2.4,30,328448.265023,True
2.9,30,328493.50097,True
2.0,30,328532.73257,True
0.0,30,328575.463382,False
1.6,30,328623.544476,True
2.8,30,328668.851122,True
0.0,30,328714.517215,False
2.5,30,328762.201649,True
0.0,30,328806.02856,False
2.6,30,328846.415865,True
2.9,30,328896.224239,True
0.6,30,329183.821269,True
0.0,30,329230.1244,False
1.7,30,329270.285502,True
0.0,30,329313.381111,False
2.6,30,329357.232144,True
0.0,30,329403.809078,False
2.6,30,329448.836013,True
2.5,30,329493.991729,True
0.0,30,329543.067058,False
0.0,30,329588.328946,False
0.0,30,329629.872085,False
2.5,30,329677.953362,True
0.0,30,329728.459814,False
0.0,30,329769.012219,False
0.0,30,329813.542768,False
0.0,30,329865.722042,False
0.0,30,329910.048778,False
0.0,30,329956.254622,False
0.0,30,330009.511084,False
0.0,30,330056.522731,False
0.0,30,330095.708901,False
2.6,30,330140.842922,True
0.0,30,330182.192823,False
0.0,30,330228.553775,False
0.0,30,330273.830997,False
2.7,30,330319.947483,True
0.0,30,330361.649879,False
0.0,30,330409.590286,False
1.7,30,330460.386216,True
0.0,30,330498.64669,False
0.0,30,330543.09798,False
0.0,30,330591.525766,False
2.3,30,330639.928668,True
0.0,30,330685.336636,False
0.0,30,330986.425636,False
2.6,30,331028.428216,True
0.0,30,331076.114885,False
2.8,30,331117.761974,True
2.7,30,331172.157425,True
0.0,30,331223.551142,False
0.0,30,331268.33511,False
0.0,30,331313.534182,False
0.0,30,331361.138926,False
1.3,30,331404.422943,False
2.0,30,331448.858661,True
1.8,30,331499.079742,True
0.0,30,331542.195998,False
0.0,30,331598.738151,False
1.5,30,331648.727219,True
2.2,30,331690.087199,False
2.6,30,331728.846586,True
0.0,30,331773.1401,False
2.9,30,331821.286193,True
0.0,30,331866.25093,False
2.9,30,331916.625812,True
2.6,30,331960.288135,True
0.0,30,332006.024065,False
2.5,30,332055.985623,True
0.0,30,332102.150558,False
2.5,30,332151.403952,True
2.5,30,332195.222816,True
0.0,30,332237.072494,False
0.0,30,332281.167616,False
2.8,30,332320.754793,True
0.0,30,332362.447836,False
0.0,30,332402.369406,False
0.0,30,332447.877501,False
0.0,30,332494.352308,False
0.0,30,332807.193137,False
2.1,30,332850.209319,True
0.0,30,332896.797546,False
2.9,30,332939.886995,True
2.8,30,332986.014031,True
0.5,30,333032.60796,True
0.0,30,333074.396047,False
0.0,30,333122.700686,False
2.6,30,333171.379443,True
0.0,30,333215.248012,False
0.0,30,333259.711113,False
3.0,30,333305.960162,True
2.3,30,333357.414107,True
0.0,30,333401.185631,False
0.0,30,333457.523322,False
0.0,30,333502.46541,False
0.0,30,333549.696421,False
2.7,30,333598.857726,True
0.0,30,333645.0973,False
0.0,30,333687.572968,False
2.8,30,333737.780357,True
0.5,30,333791.417403,False
0.0,30,333848.671559,False
0.0,30,333893.740331,False
0.0,30,333934.650747,False
2.5,30,333987.102545,True
0.0,30,334028.375767,False
0.0,30,334071.478146,False
2.0,30,334113.382181,True
2.4,30,334160.36767,True
0.0,30,334204.679709,False
0.0,30,334249.427352,False
2.5,30,334294.604915,True
0.0,30,334339.28251,False
0.0,30,334637.9163,False
0.0,30,334683.224539,False
2.8,30,334730.166295,True
2.8,30,334785.632756,True
0.1,30,334829.945858,True
0.0,30,334875.103207,False
1.1,30,334919.507854,True
0.0,30,334964.545527,False
2.5,30,335014.15502,True
3.0,30,335059.578157,True
2.7,30,335103.686973,True
0.0,30,335146.703574,False
1.7,30,335192.97296,True
2.5,30,335243.619347,True
2.7,30,335295.103672,True
0.0,30,335342.294734,False
2.4,30,335384.037056,True
0.0,30,335424.782813,False
0.0,30,335470.009936,False
0.0,30,335516.297913,False
0.0,30,335561.457576,False
2.7,30,335621.805757,True
2.3,30,335666.161759,True
0.0,30,335713.03706,False
2.1,30,335770.918887,True
2.9,30,335816.362161,True
0.0,30,335862.920933,False
0.5,30,335905.420557,True
2.3,30,335953.009699,True
0.0,30,336000.296696,False
0.0,30,336047.633313,False
2.3,30,336096.980085,True
0.0,30,336142.172063,False
2.6,30,336188.482449,True
0.0,30,336231.37056,False
0.0,30,336493.758584,False
0.0,30,336541.177796,False
2.6,30,336585.585479,True
0.0,30,336651.794987,False
2.4,30,336694.950226,True
2.5,30,336740.508939,True
2.8,30,336787.307405,True
2.4,30,336831.577181,True
2.8,30,336873.953844,True
0.3,30,336919.845452,True
2.8,30,336959.081062,True
2.6,30,337006.897522,True
2.2,30,337052.096131,True
2.2,30,337094.398857,True
0.0,30,337140.592947,False
0.0,30,337181.360632,False
0.0,30,337229.125189,False
2.7,30,337270.21923,True
0.0,30,337316.573124,False
2.3,30,337356.801761,True
2.8,30,337400.045246,True
0.0,30,337443.330619,False
2.9,30,337487.123391,True
0.0,30,337536.915153,False
2.5,30,337576.841448,True
0.0,30,337622.114019,False
0.1,30,337659.641708,True
0.0,30,337702.081969,False
0.0,30,337746.352626,False
0.0,30,337796.770697,False
0.0,30,337840.058911,False
0.0,30,337885.047892,False
0.0,30,337925.076793,False
2.8,30,337967.671695,True
0.0,30,338262.608944,False
0.0,30,338312.435621,False
0.0,30,338360.523111,False
1.2,30,338411.172562,True
0.0,30,338474.866695,False
0.0,30,338518.740581,False
0.0,30,338566.222701,False
0.8,30,338605.518042,True
0.0,30,338647.485977,False
2.5,30,338691.636342,True
0.0,30,338733.64155,False
2.8,30,338779.962732,True
1.3,30,338827.276222,True
2.5,30,338872.855619,True
2.3,30,338915.312715,True
0.0,30,338957.206477,False
0.0,30,339001.565416,False
0.0,30,339046.694542,False
2.8,30,339090.570801,True
2.6,30,339139.204919,True
2.7,30,339184.586869,True
2.8,30,339230.614113,True
2.4,30,339272.22552,True
2.7,30,339312.935528,True
0.0,30,339354.339418,False
0.0,30,339398.639373,False
2.4,30,339447.566153,True
2.7,30,339491.646928,True
0.0,30,339535.05287,False
2.4,30,339581.367447,True
0.0,30,339625.444085,False
2.4,30,339671.10966,True
0.0,30,339716.335091,False
0.0,30,339757.598638,False
0.0,30,340048.910134,False
2.7,30,340096.72673,True
0.0,30,340139.625866,False
2.5,30,340184.749147,True
2.5,30,340228.805177,True
2.5,30,340276.009045,True
1.7,30,340322.620036,True
0.0,30,340370.78299,False
2.7,30,340417.842515,True
2.9,30,340464.161789,True
0.0,30,340514.663019,False
2.7,30,340561.81276,True
3.0,30,340608.415377,True
2.9,30,340650.800223,True
0.0,30,340692.670999,False
2.6,30,340737.91738,True
0.0,30,340784.065297,False
0.0,30,340828.636266,False
2.6,30,340873.522992,True
2.6,30,340925.507311,True
2.9,30,340970.922715,True
2.7,30,341016.141282,True
3.0,30,341062.47369,True
2.6,30,341100.651233,True
0.0,30,341142.462569,False
0.0,30,341190.31176,False
0.0,30,341234.628315,False
2.9,30,341279.50767,True
0.0,30,341325.401352,False
0.0,30,341376.731785,False
0.0,30,341421.914101,False
0.0,30,341466.30797,False
0.0,30,341512.483452,False
0.0,30,341553.499707,False
2.3,30,341858.607945,True
0.0,30,341906.722418,False
3.0,30,341954.799129,True
0.0,30,342005.30907,False
2.9,30,342055.691521,True
2.2,30,342102.166663,True
2.9,30,342148.867736,True
0.0,30,342190.774772,False
2.8,30,342236.846453,True
0.0,30,342276.079114,False
0.0,30,342319.819207,False
2.7,30,342362.202783,True
0.0,30,342406.044943,False
2.6,30,342450.91971,True
0.0,30,342493.315228,False
2.7,30,342541.985049,True
0.0,30,342585.782086,False
2.0,30,342632.084874,True
2.5,30,342679.293199,True
0.0,30,342725.49705,False
0.0,30,342769.859905,False
2.9,30,342809.353744,True
3.0,30,342855.530643,True
0.0,30,342904.890671,False
2.8,30,342950.268145,True
1.6,30,342994.764979,True
2.6,30,343040.12555,True
2.9,30,343088.874202,True
2.6,30,343133.322057,True
0.0,30,343178.789734,False
2.1,30,343222.99234,True
2.8,30,343267.986415,True
0.0,30,343313.227894,False
2.6,30,343361.601459,True
0.0,30,343665.6396,False
0.0,30,343716.096248,False
0.0,30,343762.4217,False
2.3,30,343815.82113,True
2.3,30,343860.911153,True
2.4,30,343907.90966,True
0.0,30,343951.821763,False
0.0,30,343998.234785,False
3.0,30,344043.074319,True
2.5,30,344092.592962,True
0.0,30,344137.817184,False
2.7,30,344182.003081,True
2.8,30,344232.039989,True
0.0,30,344282.092079,False
2.9,30,344330.324332,True
0.0,30,344374.407622,False
1.8,30,344420.323456,True
0.0,30,344465.193139,False
2.8,30,344509.093632,True
1.1,30,344555.523595,True
0.0,30,344602.385352,False
0.0,30,344650.40247,False
0.0,30,344693.342538,False
0.0,30,344745.59705,False
0.0,30,344787.305434,False
0.0,30,344833.867031,False
2.8,30,344873.254643,True
0.0,30,344917.067282,False
2.5,30,344968.899434,True
2.7,30,345010.577412,True
2.6,30,345058.26167,True
0.0,30,345101.081412,False
0.0,30,345140.005515,False
0.0,30,345183.786829,False
2.5,30,345460.15237,True
2.5,30,345504.891644,True
0.0,30,345550.057567,False
2.7,30,345601.876891,True
2.7,30,345646.675255,True
2.8,30,345690.847216,True
2.4,30,345736.209738,True
0.0,30,345788.677459,False
0.0,30,345829.364043,False
0.0,30,345873.593343,False
0.0,30,345913.411275,False
1.7,30,345959.882948,True
2.2,30,346001.299655,True
0.0,30,346040.848672,False
0.0,30,346088.587632,False
0.0,30,346133.737596,False
0.0,30,346194.749183,False
0.0,30,346240.48175,False
1.9,30,346283.414974,True
0.0,30,346325.790385,False
2.8,30,346370.741996,True
0.0,30,346419.232659,False
1.0,30,346461.49026,True
0.0,30,346510.0047,False
2.0,30,346556.114402,True
0.0,30,346608.370456,False
2.2,30,346658.337473,True
2.7,30,346704.990866,True
0.0,30,346754.171332,False
0.0,30,346798.415348,False
0.0,30,346846.429432,False
2.3,30,346886.913031,True
2.8,30,346927.25145,True
0.9,30,346971.133108,True
0.0,30,347288.10957,False
3.0,30,347333.117887,True
0.0,30,347378.994821,False
0.0,30,347423.096699,False
0.0,30,347478.448888,False
0.0,30,347524.544089,False
2.8,30,347569.168261,True
2.1,30,347611.178437,True
0.0,30,347652.773415,False
1.0,30,347701.698926,True
0.0,30,347747.770435,False
2.2,30,347794.237242,True
2.9,30,347833.841327,True
0.0,30,347882.04787,False
2.9,30,347929.596576,True
0.0,30,347974.387869,False
2.4,30,348022.464036,True
3.0,30,348066.605268,True
0.0,30,348114.061699,False
2.7,30,348159.17372,True
0.0,30,348204.54189,False
0.0,30,348252.324587,False
0.0,30,348295.945371,False
0.0,30,348342.153361,False
2.6,30,348388.426101,True
2.5,30,348437.039905,True
2.0,30,348486.033306,True
0.0,30,348532.556289,False
0.0,30,348570.915097,False
1.9,30,348620.838249,True
0.0,30,348661.373801,False
2.2,30,348704.855646,True
0.0,30,348750.001412,False
0.0,30,348794.43435,False
2.9,30,348837.610101,True
1.5,30,349166.891367,True
2.9,30,349211.755394,True
0.0,30,349260.305005,False
2.0,30,349330.446872,True
0.0,30,349379.289485,False
2.9,30,349426.280589,True
2.4,30,349471.433695,True
2.7,30,349517.422252,True
0.0,30,349567.457582,False
2.5,30,349607.465424,True
2.1,30,349657.481218,True
1.2,30,349706.245332,True
0.0,30,349750.989549,False
0.0,30,349816.633739,False
1.6,30,349858.83237,True
0.0,30,349907.436211,False
1.2,30,349953.216858,True
1.7,30,350002.582554,True
2.4,30,350049.431947,True
2.5,30,350090.850816,True
0.0,30,350133.392303,False
0.0,30,350181.667447,False
0.0,30,350223.041261,False
0.0,30,350269.221272,False
2.4,30,350324.907467,True
0.0,30,350376.079351,False
2.8,30,350425.648967,True
0.0,30,350467.024344,False
0.5,30,350511.706886,False
2.6,30,350553.697997,True
1.7,30,350597.155144,True
0.0,30,350642.902356,False
2.5,30,350690.995031,True
0.0,30,350733.044295,False
0.0,30,351033.103282,False
2.1,30,351075.652675,True
2.2,30,351124.169712,True
0.0,30,351170.285758,False
2.3,30,351220.58881,True
0.0,30,351268.54832,False
2.8,30,351314.622362,True
2.4,30,351362.552339,True
2.6,30,351412.280784,True
0.0,30,351454.636642,False
0.0,30,351504.760993,False
0.0,30,351552.841189,False
2.2,30,351602.052472,True
0.0,30,351650.715382,False
2.5,30,351696.066449,True
0.0,30,351747.038261,False
0.0,30,351790.968617,False
2.5,30,351833.59696,True
0.0,30,351875.735555,False
0.0,30,351925.366749,False
2.4,30,351981.702665,True
0.3,30,352024.827109,False
2.8,30,352069.865117,True
2.6,30,352115.314583,True
0.0,30,352161.597658,False
2.7,30,352207.930228,True
0.0,30,352255.502022,False
0.0,30,352298.302163,False
0.0,30,352346.354933,False
0.0,30,352388.089414,False
0.0,30,352437.162422,False
0.0,30,352482.841265,False
0.0,30,352528.599439,False
2.1,30,352576.471639,True
2.6,30,352877.274187,True
0.0,30,352920.061128,False
0.0,30,352969.116724,False
2.1,30,353017.605244,True
0.0,30,353063.499143,False
0.0,30,353100.382631,False
2.2,30,353145.031119,True
2.9,30,353192.043923,True
0.0,30,353234.637353,False
2.5,30,353290.486741,True
0.0,30,353336.143765,False
0.0,30,353384.585975,False
2.4,30,353428.324068,True
2.4,30,353479.298876,True
2.5,30,353522.605704,True
0.0,30,353566.124659,False
0.0,30,353611.402892,False
2.5,30,353659.993495,True
0.0,30,353704.491621,False
0.0,30,353746.480742,False
0.0,30,353793.828654,False
3.0,30,353841.238891,True
0.0,30,353885.686626,False
2.5,30,353926.8632,True
0.0,30,353974.845148,False
0.0,30,354015.782209,False
2.0,30,354063.819305,True
2.7,30,354111.723336,True
0.0,30,354156.717721,False
2.7,30,354203.643278,True
2.2,30,354252.252851,True
2.2,30,354291.762473,True
0.0,30,354339.034,False
0.0,30,354383.851497,False
0.0,30,354715.431327,False
1.9,30,354765.051043,True
0.0,30,354807.896907,False
3.0,30,354853.515385,True
0.0,30,354902.312042,False
2.8,30,354944.689999,True
1.9,30,354991.383465,True
2.2,30,355037.115899,True
0.0,30,355088.657302,False
2.6,30,355131.294287,True
0.0,30,355177.620654,False
3.0,30,355220.645493,True
3.0,30,355273.012669,True
0.0,30,355313.681738,False
1.3,30,355357.140989,True
2.6,30,355401.68457,True
2.4,30,355447.270703,True
3.0,30,355493.315598,True
2.5,30,355545.95282,True
0.0,30,355590.841407,False
2.6,30,355632.371174,True
1.7,30,355675.918825,True
0.0,30,355722.197704,False
0.0,30,355784.564234,False
0.3,30,355829.741143,True
0.0,30,355874.037133,False
0.0,30,355918.605253,False
0.0,30,355962.865386,False
2.7,30,356015.777624,True
2.5,30,356064.437128,True
0.0,30,356109.718345,False
0.0,30,356155.845304,False
2.7,30,356201.182726,True
1.3,30,356247.274099,True
2.4,30,356559.788819,True
2.8,30,356602.207905,True
0.0,30,356646.359632,False
1.7,30,356688.140579,True
0.0,30,356735.748168,False
1.8,30,356782.36369,True
0.0,30,356826.111951,False
2.6,30,356878.002916,True
2.7,30,356923.106148,True
2.0,30,356967.587986,True
0.0,30,357024.169294,False
0.0,30,357071.761155,False
0.0,30,357123.462157,False
2.7,30,357168.449663,True
2.8,30,357217.89256,True
0.0,30,357268.541299,False
0.0,30,357317.783953,False
2.1,30,357372.983188,True
0.0,30,357423.267829,False
2.8,30,357467.149983,True
1.6,30,357516.559801,True
2.6,30,357562.997658,True
2.4,30,357610.131123,True
0.0,30,357656.975237,False
2.4,30,357705.540772,True
0.0,30,357750.226909,False
1.8,30,357792.163974,True
0.0,30,357834.81109,False
2.4,30,357877.889836,True
1.7,30,357922.368176,True
0.0,30,357975.738132,False
0.0,30,358021.338266,False
0.1,30,358067.472924,True
0.0,30,358117.671983,False
2.3,30,358443.432555,True
2.7,30,358491.365204,True
2.8,30,358537.155617,True
0.0,30,358581.269102,False
0.0,30,358632.886051,False
0.0,30,358679.781153,False
2.7,30,358720.043807,True
0.0,30,358766.168218,False
1.3,30,358807.517678,True
0.0,30,358852.424097,False
1.1,30,358901.971819,True
0.0,30,358950.453212,False
0.5,30,358994.138734,True
0.0,30,359036.821002,False
2.7,30,359082.115783,True
0.0,30,359124.867772,False
2.9,30,359173.033739,True
2.7,30,359218.975211,True
2.2,30,359272.905852,True
2.5,30,359321.616283,True
2.8,30,359365.704468,True
0.0,30,359415.803432,False
0.0,30,359455.789088,False
2.7,30,359501.307957,True
2.9,30,359544.821921,True
0.0,30,359588.776632,False
2.4,30,359636.994842,True
2.4,30,359677.644189,True
2.4,30,359724.207205,True
2.6,30,359766.710689,True
2.7,30,359818.810215,True
0.0,30,359865.462237,False
0.0,30,359909.942115,False
2.5,30,359966.250911,True
0.0,30,360286.593253,False
0.0,30,360326.436293,False
3.0,30,360377.605802,True
0.0,30,360422.133469,False
0.0,30,360471.319278,False
0.0,30,360520.46829,False
2.9,30,360565.015047,True
0.0,30,360609.941298,False
1.0,30,360659.657911,True
2.4,30,360702.537522,True
0.0,30,360742.319282,False
0.0,30,360786.038453,False
2.5,30,360832.566121,True
2.3,30,360884.129332,True
0.0,30,360929.693501,False
0.0,30,360973.600605,False
0.0,30,361018.048599,False
2.2,30,361066.771207,True
2.9,30,361113.536069,True
0.7,30,361161.437315,True
0.0,30,361207.108488,False
1.9,30,361248.512807,True
0.0,30,361295.217759,False
2.1,30,361339.427973,True
0.0,30,361383.658703,False
2.6,30,361426.083892,True
0.9,30,361471.524037,True
1.6,30,361518.028422,True
1.7,30,361565.3045,True
0.0,30,361614.516876,False
2.5,30,361657.858135,True
0.0,30,361705.392888,False
0.0,30,361750.148037,False
2.7,30,361797.483219,True
2.1,30,362115.012354,True
0.0,30,362159.010811,False
0.0,30,362202.886653,False
2.7,30,362264.962412,True
0.0,30,362309.724458,False
0.0,30,362353.528978,False
2.4,30,362401.896949,True
2.2,30,362446.93841,True
0.0,30,362497.135055,False
2.8,30,362545.783309,True
0.0,30,362593.165196,False
0.0,30,362643.542392,False
0.0,30,362685.095274,False
2.4,30,362734.115966,True
2.2,30,362774.749822,True
1.8,30,362813.768811,True
0.0,30,362860.200804,False
2.4,30,362909.294427,True
2.4,30,362956.8272,True
2.5,30,363001.142701,True
2.7,30,363050.290249,True
2.6,30,363101.667438,True
1.7,30,363145.383213,True
2.6,30,363189.632781,True
0.0,30,363238.501962,False
0.0,30,363287.20915,False
2.4,30,363337.484579,True
0.0,30,363385.080386,False
0.0,30,363433.332979,False
0.0,30,363484.944098,False
0.0,30,363528.920816,False
0.0,30,363577.557928,False
0.0,30,363627.040269,False
2.3,30,363672.631638,True
0.0,30,363718.380931,False
0.0,30,364022.276106,False
2.5,30,364068.910176,True
0.9,30,364113.648938,True
0.0,30,364162.182312,False
0.0,30,364206.795809,False
0.0,30,364247.116041,False
0.0,30,364295.648422,False
2.6,30,364347.019165,True
2.6,30,364395.023123,True
2.3,30,364439.478195,True
0.3,30,364481.704879,True
0.0,30,364530.282627,False
0.0,30,364576.758521,False
0.0,30,364627.440066,False
1.5,30,364671.693715,True
3.0,30,364714.447632,True
2.5,30,364756.979149,True
0.0,30,364802.277529,False
0.0,30,364841.831355,False
2.9,30,364890.410885,True
2.6,30,364936.729748,True
2.8,30,364980.597459,True
2.3,30,365029.985083,True
0.0,30,365074.807209,False
0.0,30,365114.744526,False
1.9,30,365162.977902,True
0.0,30,365209.392617,False
0.0,30,365253.578472,False
0.0,30,365290.800934,False
0.0,30,365336.363841,False
0.0,30,365378.701582,False
1.7,30,365420.224181,False
0.0,30,365466.43402,False
0.0,30,365512.293985,False
2.3,30,365825.261146,True
2.7,30,365873.949337,True
2.9,30,365918.795086,True
1.6,30,365962.114251,False
0.0,30,366007.706124,False
0.0,30,366050.500371,False
0.0,30,366099.998715,False
0.0,30,366145.453358,False
2.8,30,366195.99998,True
0.0,30,366235.386552,False
2.3,30,366276.661754,True
0.0,30,366319.972358,False
0.0,30,366367.647995,False
0.0,30,366411.267654,False
1.5,30,366455.911968,True
0.0,30,366502.98811,False
3.0,30,366549.765892,True
0.0,30,366599.613096,False
0.0,30,366643.659228,False
0.0,30,366694.549042,False
0.0,30,366738.973754,False
0.0,30,366781.188327,False
0.0,30,366820.827952,False
2.7,30,366871.070935,True
0.0,30,366917.16774,False
0.0,30,366971.721192,False
2.5,30,367014.150576,True
0.0,30,367072.203271,False
3.0,30,367118.922863,True
0.0,30,367188.345406,False
2.9,30,367238.774972,True
0.0,30,367285.840984,False
0.0,30,367328.78356,False
2.9,30,367379.094151,True
0.0,30,367675.603341,False
1.5,30,367722.928795,False
3.0,30,367766.368344,True
0.0,30,367809.537555,False
0.0,30,367855.692436,False
0.0,30,367899.25016,False
0.0,30,367943.665763,False
2.2,30,367987.743443,True
2.9,30,368033.514037,True
2.5,30,368079.575397,True
2.7,30,368121.480689,True
0.9,30,368163.710251,False
0.0,30,368208.882638,False
0.0,30,368254.474929,False
2.8,30,368303.503789,True
0.0,30,368348.230148,False
0.0,30,368387.947129,False
0.0,30,368434.928093,False
0.0,30,368489.375926,False
3.0,30,368533.598576,True
0.0,30,368580.065318,False
2.0,30,368624.768429,True
0.0,30,368671.799296,False
2.7,30,368716.446071,True
2.1,30,368762.001953,True
2.2,30,368811.495298,True
0.0,30,368859.102661,False
2.6,30,368905.55932,True
0.0,30,368950.639041,False
0.0,30,368994.214854,False
2.7,30,369042.931141,True
0.0,30,369083.976936,False
2.4,30,369128.087422,True
0.0,30,369179.170005,False
2.9,30,369497.973477,True
2.3,30,369543.3183,True
0.0,30,369589.680741,False
0.0,30,369636.424522,False
2.6,30,369681.562926,True
0.0,30,369725.399456,False
0.0,30,369772.390864,False
0.0,30,369820.397452,False
1.6,30,369872.56186,True
2.8,30,369920.991808,True
2.4,30,369965.691626,True
2.5,30,370008.52354,True
2.4,30,370055.355461,True
2.1,30,370105.570182,True
0.0,30,370151.494919,False
2.6,30,370200.420409,True
0.0,30,370246.705407,False
0.0,30,370297.753443,False
0.0,30,370348.460382,False
2.7,30,370392.526867,True
0.0,30,370434.900127,False
0.0,30,370481.565861,False
2.8,30,370527.369183,True
2.5,30,370576.533809,True
2.5,30,370623.186696,True
1.1,30,370672.71556,True
2.4,30,370717.120816,True
0.0,30,370763.998259,False
2.5,30,370814.417523,True
0.0,30,370857.501409,False
2.7,30,370903.899641,True
2.7,30,370948.048023,True
2.5,30,370990.066385,True
1.7,30,371040.437714,True
2.1,30,371351.656922,True
0.3,30,371399.326289,False
2.5,30,371442.472983,True
0.3,30,371485.513333,False
2.1,30,371532.455525,True
0.0,30,371574.069727,False
2.7,30,371620.657654,True
3.0,30,371669.526805,True
1.8,30,371715.998895,True
2.4,30,371765.364673,True
0.0,30,371809.256054,False
0.0,30,371863.475183,False
2.3,30,371911.472778,True
2.8,30,371961.691881,True
2.5,30,372014.701487,True
0.0,30,372058.409355,False
0.0,30,372107.406797,False
2.6,30,372148.994975,True
2.2,30,372195.569386,True
0.0,30,372240.495355,False
0.0,30,372278.744364,False
0.0,30,372330.194569,False
2.8,30,372382.546984,True
0.0,30,372427.316094,False
2.6,30,372476.935939,True
2.2,30,372520.410349,True
0.0,30,372564.790765,False
2.6,30,372615.161534,True
0.7,30,372663.732278,True
2.6,30,372711.066758,True
2.3,30,372758.169139,True
2.8,30,372808.744651,True
0.0,30,372858.476327,False
2.2,30,372906.692738,True
0.0,30,373210.243282,False
0.0,30,373253.07111,False
2.5,30,373298.427712,True
0.0,30,373342.960722,False
0.0,30,373388.380314,False
2.0,30,373434.086519,True
0.0,30,373479.959802,False
0.0,30,373530.439023,False
0.0,30,373575.102226,False
0.0,30,373622.336746,False
0.0,30,373668.908733,False
2.8,30,373717.225682,True
0.0,30,373764.188591,False
0.0,30,373809.528699,False
2.5,30,373853.812866,True
2.8,30,373895.175447,True
0.0,30,373938.314445,False
2.7,30,373985.646002,True
2.7,30,374031.729745,True
0.0,30,374078.828211,False
2.5,30,374123.691593,True
0.0,30,374168.030716,False
2.8,30,374217.219063,True
2.0,30,374265.910765,False
2.7,30,374306.318259,True
0.0,30,374354.878376,False
0.0,30,374442.326775,False
0.0,30,374483.008168,False
2.8,30,374535.067104,True
2.4,30,374583.012766,True
0.0,30,374628.689295,False
0.0,30,374670.925496,False
2.3,30,374724.005476,True
0.0,30,374768.54851,False
0.0,30,375088.85081,False
0.0,30,375135.079078,False
2.4,30,375184.531173,True
0.0,30,375235.220451,False
2.9,30,375279.373856,True
0.0,30,375323.92669,False
0.0,30,375372.258903,False
0.0,30,375416.804214,False
0.0,30,375463.697381,False
2.9,30,375513.161866,True
0.0,30,375559.99854,False
2.1,30,375607.446626,True
0.0,30,375658.31765,False
0.0,30,375704.91278,False
0.0,30,375749.084507,False
0.0,30,375792.280129,False
0.0,30,375837.967406,False
0.0,30,375883.011424,False
1.8,30,375929.32327,True
2.9,30,375975.963185,True
0.7,30,376025.374497,False
0.0,30,376074.201982,False
0.7,30,376126.903382,True
0.0,30,376178.839462,False
1.7,30,376224.844972,True
2.7,30,376269.052082,True
0.0,30,376314.538393,False
0.0,30,376355.379006,False
0.0,30,376407.144778,False
2.5,30,376453.387943,True
2.4,30,376506.374103,True
0.0,30,376556.764485,False
0.0,30,376599.119125,False
1.8,30,376648.119898,True
0.0,30,376692.605313,False
0.0,30,376994.987153,False
2.1,30,377035.300455,True
0.0,30,377079.123752,False
2.7,30,377125.894024,True
0.0,30,377171.639858,False
0.7,30,377219.870672,True
2.0,30,377268.102709,True
0.0,30,377314.536733,False
3.0,30,377357.189613,True
0.0,30,377403.349257,False
0.0,30,377447.05924,False
2.9,30,377489.611156,True
0.0,30,377534.756806,False
0.0,30,377585.799551,False
0.0,30,377636.186125,False
0.0,30,377686.657345,False
2.7,30,377734.832106,True
0.0,30,377798.738575,False
3.0,30,377845.218998,True
2.5,30,377892.137641,True
0.0,30,377939.388909,False
0.0,30,377983.228334,False
0.0,30,378026.20296,False
0.0,30,378072.061283,False
0.0,30,378127.09857,False
0.0,30,378179.175241,False
3.0,30,378222.43853,True
0.0,30,378271.10839,False
0.0,30,378315.05175,False
2.8,30,378364.968872,True
2.6,30,378412.177444,True
2.7,30,378458.8394,True
1.7,30,378505.65287,False
3.0,30,378553.192893,True
0.6,30,378888.634023,True
2.6,30,378934.874924,True
0.0,30,378981.206095,False
1.2,30,379028.045891,True
2.8,30,379070.711013,True
0.0,30,379118.602165,False
1.7,30,379164.363473,True
0.0,30,379208.362352,False
2.9,30,379256.210121,True
2.7,30,379304.486897,True
0.0,30,379353.278332,False
2.6,30,379399.871409,True
0.0,30,379446.438058,False
2.7,30,379491.995191,True
2.1,30,379541.139345,True
0.0,30,379589.217951,False
2.6,30,379636.538815,True
2.6,30,379682.967998,True
2.5,30,379732.37752,True
2.7,30,379783.446913,True
0.0,30,379828.278768,False
2.1,30,379870.330128,False
2.1,30,379919.408855,True
2.3,30,379965.525731,True
2.9,30,380014.173746,True
2.7,30,380061.087775,True
2.6,30,380105.639273,True
2.6,30,380153.969225,True
2.5,30,380198.756724,True
2.6,30,380250.235223,True
0.0,30,380295.002775,False
0.0,30,380340.920439,False
0.0,30,380390.11357,False
2.6,30,380430.49044,True
2.2,30,380749.778233,True
2.7,30,380796.905818,True
2.6,30,380846.956851,True
2.2,30,380896.845218,True
2.7,30,380938.409462,True
0.0,30,380983.110436,False
2.3,30,381029.127982,True
2.2,30,381074.819302,True
2.7,30,381121.222557,True
2.1,30,381163.421632,True
3.0,30,381209.321589,True
2.4,30,381262.236737,True
1.2,30,381303.39056,True
0.0,30,381351.841566,False
0.0,30,381393.543672,False
0.2,30,381438.296922,True
2.5,30,381484.536164,True
1.9,30,381527.461406,True
0.0,30,381572.172314,False
0.0,30,381619.189242,False
2.8,30,381668.367045,True
0.0,30,381714.004307,False
3.0,30,381759.813174,True
0.0,30,381805.101891,False
0.0,30,381854.846305,False
0.0,30,381897.801859,False
1.8,30,381949.210819,True
0.0,30,381995.767292,False
2.7,30,382041.482806,True
2.1,30,382086.272339,True
2.4,30,382127.766764,True
2.6,30,382172.794304,True
0.0,30,382216.701787,False
2.8,30,382257.178385,True
2.6,30,382614.516279,True
0.0,30,382654.953824,False
2.4,30,382702.739922,True
0.0,30,382753.175176,False
0.0,30,382790.706371,False
1.9,30,382839.739867,True
0.0,30,382888.267966,False
2.7,30,382934.821947,True
2.8,30,382982.290249,True
2.3,30,383028.876513,True
0.0,30,383072.75549,False
0.0,30,383120.633719,False
0.0,30,383163.073357,False
3.0,30,383205.493131,True
0.0,30,383249.835176,False
0.0,30,383298.615289,False
2.7,30,383345.060386,True
0.0,30,383394.999847,False
0.0,30,383441.474756,False
1.6,30,383485.780732,True
2.6,30,383532.609402,True
2.7,30,383584.598204,True
3.0,30,383629.647431,True
0.0,30,383671.212668,False
2.9,30,383719.524248,True
0.0,30,383773.0926,False
2.4,30,383814.997391,True
0.0,30,383867.221982,False
2.5,30,383919.608895,True
0.0,30,383968.238246,False
2.3,30,384015.953913,True
2.6,30,384057.768701,True
0.0,30,384109.875572,False
0.0,30,384154.396193,False
0.0,30,384466.415745,False
0.0,30,384518.329638,False
1.8,30,384564.023969,True
0.0,30,384606.593141,False
2.9,30,384654.848064,True
0.0,30,384730.153967,False
2.2,30,384775.139174,True
2.4,30,384829.879251,True
2.2,30,384878.601331,True
2.6,30,384922.122366,True
2.3,30,384965.480108,True
0.0,30,385017.037153,False
1.2,30,385069.34833,True
0.0,30,385115.908915,False
0.0,30,385157.066529,False
2.6,30,385203.896443,True
0.0,30,385248.696758,False
2.0,30,385305.66411,True
2.9,30,385351.542083,True
0.0,30,385399.527342,False
0.0,30,385449.029001,False
2.7,30,385494.416947,True
2.8,30,385540.545187,True
2.5,30,385585.731369,True
2.1,30,385628.935155,True
0.0,30,385676.421655,False
0.0,30,385718.670175,False
0.0,30,385762.697927,False
0.0,30,385805.214019,False
2.5,30,385849.250531,True
2.9,30,385893.267526,True
2.5,30,385947.64621,True
1.6,30,385990.885776,True
2.4,30,386035.864386,True
2.6,30,386366.084761,True
0.0,30,386411.438375,False
0.0,30,386455.178733,False
0.0,30,386495.844628,False
0.0,30,386543.200344,False
0.0,30,386586.571293,False
0.0,30,386632.745261,False
2.2,30,386677.943871,True
0.0,30,386718.305853,False
2.4,30,386763.400662,True
0.0,30,386810.044073,False
2.2,30,386860.405215,True
0.0,30,386906.866368,False
2.8,30,386952.578815,True
0.0,30,387010.686278,False
0.0,30,387057.968701,False
2.4,30,387104.461493,True
0.0,30,387175.403039,False
2.6,30,387228.953415,True
1.6,30,387273.516322,True
0.0,30,387320.067671,False
0.0,30,387362.427326,False
2.8,30,387410.739417,True
0.0,30,387453.90326,False
2.2,30,387498.103232,True
2.2,30,387544.133827,True
0.0,30,387591.085551,False
0.0,30,387635.868323,False
2.8,30,387678.030342,True
0.0,30,387720.174591,False
0.0,30,387764.931927,False
0.0,30,387808.112695,False
0.0,30,387860.225617,False
2.1,30,387901.712016,True
2.5,30,388209.092927,True
0.0,30,388258.479787,False
0.0,30,388302.323927,False
2.7,30,388347.309539,True
0.0,30,388395.077682,False
2.9,30,388444.444113,True
2.1,30,388489.445231,True
0.0,30,388535.6779,False
2.6,30,388582.361505,True
0.0,30,388626.015261,False
2.7,30,388672.771038,True
0.1,30,388720.75041,True
1.9,30,388765.150006,True
0.0,30,388807.757346,False
0.0,30,388852.590426,False
2.2,30,388899.725423,True
0.0,30,388945.599335,False
0.0,30,388990.365724,False
2.8,30,389035.063348,True
1.8,30,389079.239215,True
2.6,30,389125.461951,True
0.0,30,389174.031805,False
0.0,30,389221.388866,False
3.0,30,389265.449148,True
2.6,30,389319.770731,True
0.0,30,389364.269116,False
0.0,30,389411.277966,False
2.3,30,389469.476374,True
2.8,30,389518.361349,True
2.2,30,389562.78021,True
0.0,30,389612.632037,False
0.4,30,389657.892283,True
2.4,30,389700.481414,True
2.1,30,389741.385388,True
2.8,30,390033.703308,True
2.0,30,390083.508229,True
0.0,30,390130.610541,False
2.8,30,390173.494259,True
0.0,30,390221.000715,False
0.0,30,390265.00493,False
0.0,30,390314.10245,False
2.6,30,390359.296843,True
2.7,30,390404.525472,True
0.0,30,390450.643304,False
2.8,30,390498.05126,True
0.0,30,390542.739946,False
2.8,30,390589.923995,True
2.4,30,390632.841966,True
2.1,30,390677.780015,True
2.7,30,390716.812026,True
0.0,30,390762.60137,False
2.5,30,390809.379061,True
0.0,30,390854.467968,False
2.9,30,390897.801531,True
2.9,30,390942.394968,True
0.0,30,390994.504004,False
2.2,30,391038.307102,True
0.0,30,391083.138797,False
0.0,30,391128.30617,False
2.4,30,391178.246854,True
0.0,30,391223.056938,False
0.0,30,391276.792347,False
3.0,30,391326.274,True
0.0,30,391374.44953,False
0.0,30,391425.144966,False
0.0,30,391468.840493,False
0.0,30,391510.792434,False
2.6,30,391558.185259,True
0.0,30,391598.748279,False
0.0,30,391901.826482,False
2.4,30,391946.432769,True
0.0,30,391987.635732,False
0.0,30,392029.862108,False
0.0,30,392069.403975,False
2.8,30,392116.951807,True
0.0,30,392163.890654,False
2.0,30,392208.739798,True
0.0,30,392252.318983,False
3.0,30,392300.231834,True
2.4,30,392345.119276,True
2.8,30,392389.855315,True
0.0,30,392435.047148,False
0.0,30,392486.428409,False
1.9,30,392531.898836,True
0.0,30,392573.891214,False
2.3,30,392622.947343,True
2.7,30,392667.887386,True
0.3,30,392716.423271,False
0.0,30,392758.29656,False
0.0,30,392804.260597,False
0.0,30,392848.696707,False
0.1,30,392888.437939,True
2.3,30,392931.947935,True
2.6,30,392976.736541,True
2.5,30,393027.572692,True
0.0,30,393075.408461,False
2.8,30,393122.898557,True
1.1,30,393171.797639,True
0.0,30,393221.110639,False
2.8,30,393266.504702,True
0.0,30,393312.38841,False
2.0,30,393358.692729,True
2.3,30,393407.571532,True
0.0,30,393709.094235,False
2.5,30,393762.587677,True
2.5,30,393805.268613,True
0.0,30,393861.290644,False
1.9,30,393910.856793,True
0.0,30,393954.740173,False
0.9,30,394000.648766,True
2.8,30,394045.587602,True
0.0,30,394087.622037,False
2.8,30,394133.329697,True
2.2,30,394177.498435,True
0.0,30,394225.268882,False
0.0,30,394269.879386,False
1.6,30,394316.52061,True
2.0,30,394358.204396,True
2.5,30,394401.106942,True
0.0,30,394439.852694,False
2.5,30,394481.903697,True
1.2,30,394530.432235,True
0.0,30,394575.150893,False
2.6,30,394618.86954,True
0.0,30,394664.724197,False
2.4,30,394704.272998,True
2.2,30,394749.684612,True
0.0,30,394798.083003,False
0.0,30,394838.722291,False
0.0,30,394882.621764,False
2.4,30,394926.450708,True
0.0,30,394977.516564,False
2.8,30,395022.428708,True
0.0,30,395068.823354,False
0.0,30,395113.605466,False
2.4,30,395155.43349,True
0.0,30,395199.057239,False
1.8,30,395486.10988,True
0.0,30,395528.501295,False
2.4,30,395571.371047,True
2.3,30,395616.076071,True
2.4,30,395661.570135,True
0.0,30,395711.54967,False
2.1,30,395754.647834,True
0.0,30,395803.695752,False
0.0,30,395846.68266,False
0.0,30,395892.044549,False
3.0,30,395933.532518,True
0.0,30,395980.408978,False
0.0,30,396031.712666,False
2.6,30,396077.475194,True
0.0,30,396136.082465,False
0.0,30,396180.987854,False
2.6,30,396225.068285,True
2.0,30,396271.891063,True
1.8,30,396315.322416,True
0.0,30,396360.644282,False
0.0,30,396409.34995,False
0.0,30,396454.685793,False
0.0,30,396499.733811,False
2.6,30,396543.287001,True
1.0,30,396582.624216,True
0.0,30,396625.693793,False
0.0,30,396675.577354,False
0.0,30,396715.788075,False
2.1,30,396766.336938,True
0.0,30,396820.405454,False
2.5,30,396860.4502,True
2.3,30,396909.218007,True
2.0,30,396951.932684,True
2.2,30,396999.672717,True
2.3,30,397313.220461,True
2.6,30,397354.019857,True
0.0,30,397402.557398,False
0.0,30,397443.404639,False
1.7,30,397488.174025,True
0.0,30,397533.758836,False
0.0,30,397580.240421,False
2.5,30,397623.600986,True
0.0,30,397677.347195,False
2.5,30,397722.986131,True
2.7,30,397765.287671,True
0.3,30,397812.001052,True
0.0,30,397854.45095,False
2.1,30,397903.289439,True
2.8,30,397951.027806,True
0.0,30,398003.498383,False
2.3,30,398048.960511,True
0.0,30,398090.068614,False
2.6,30,398130.395914,True
2.8,30,398175.115292,True
0.0,30,398220.404157,False
0.0,30,398265.057034,False
1.9,30,398313.015977,True
0.0,30,398355.170021,False
2.8,30,398406.86879,True
1.8,30,398450.390085,True
2.4,30,398497.447743,True
2.7,30,398541.818301,True
0.0,30,398587.42923,False
1.9,30,398645.117743,True
0.0,30,398693.365973,False
0.0,30,398732.884484,False
0.0,30,398777.724563,False
0.0,30,398828.84156,False
0.0,30,399120.008841,False
0.0,30,399166.846618,False
0.0,30,399214.587553,False
0.0,30,399263.861779,False
0.0,30,399307.504113,False
2.6,30,399358.431488,True
0.0,30,399402.974157,False
0.0,30,399444.123641,False
1.7,30,399491.256992,True
2.9,30,399540.430167,True
1.9,30,399583.142509,True
0.0,30,399631.131866,False
0.0,30,399688.457538,False
2.5,30,399731.55405,True
1.9,30,399779.732018,True
0.0,30,399823.487641,False
1.9,30,399871.802567,True
1.1,30,399920.089482,True
3.0,30,399962.967439,True
0.0,30,400010.15707,False
0.4,30,400054.835562,False
2.3,30,400100.287717,True
0.0,30,400149.902221,False
2.1,30,400195.121621,True
2.6,30,400238.707562,True
1.8,30,400281.177698,True
2.5,30,400328.865059,True
0.0,30,400373.316838,False
1.6,30,400421.061126,True
1.8,30,400495.156703,True
2.2,30,400543.446056,True
2.6,30,400587.898493,True
0.0,30,400637.46465,False
2.1,30,400687.159112,True
1.7,30,400960.239423,True
0.0,30,401002.515153,False
2.8,30,401045.337025,True
2.1,30,401089.339532,True
2.8,30,401132.866605,True
2.8,30,401182.292248,True
0.0,30,401229.047123,False
0.0,30,401276.867516,False
3.0,30,401321.361171,True
2.8,30,401367.959956,True
0.0,30,401405.871073,False
0.0,30,401450.456892,False
2.6,30,401496.415727,True
0.0,30,401539.690876,False
0.0,30,401584.427409,False
0.0,30,401630.44923,False
0.0,30,401675.782415,False
2.5,30,401723.962768,True
2.8,30,401768.002519,True
1.7,30,401808.983818,True
0.4,30,401852.810022,True
1.6,30,401896.791145,True
0.0,30,401936.922368,False
0.0,30,401980.735164,False
0.0,30,402022.986794,False
2.7,30,402070.109648,True
0.0,30,402114.806897,False
0.0,30,402165.273623,False
0.0,30,402213.322876,False
2.6,30,402254.714058,True
2.3,30,402302.110664,True
2.3,30,402343.566515,True
0.0,30,402384.315363,False
0.0,30,402429.819983,False
2.6,30,402724.6961,True
0.0,30,402771.961218,False
2.3,30,402818.32297,True
2.9,30,402866.672034,True
2.2,30,402912.789002,True
3.0,30,402962.550517,True
0.0,30,403006.784251,False
1.8,30,403051.308289,True
0.0,30,403096.219974,False
2.5,30,403141.230529,True
0.0,30,403190.594505,False
0.0,30,403229.843945,False
0.0,30,403272.74667,False
0.0,30,403321.343042,False
2.4,30,403364.774444,True
2.4,30,403407.010551,True
0.0,30,403456.152731,False
0.0,30,403498.672829,False
1.9,30,403541.954797,True
2.7,30,403585.867085,True
0.0,30,403627.71622,False
0.0,30,403689.801546,False
2.1,30,403739.353349,True
2.8,30,403781.657343,True
0.0,30,403825.938666,False
2.8,30,403868.693236,True
0.0,30,403923.793219,False
3.0,30,403968.971145,True
0.0,30,404014.520093,False
0.0,30,404054.30057,False
2.8,30,404098.432059,True
0.0,30,404148.500768,False
2.5,30,404193.022811,True
2.8,30,404249.718015,True
2.5,30,404293.474353,True
0.0,30,404543.956671,False
3.0,30,404603.490215,True
0.0,30,404654.746984,False
3.0,30,404700.633916,True
0.0,30,404739.726111,False
2.6,30,404782.041342,True
2.3,30,404825.626755,True
0.0,30,404871.087368,False
0.0,30,404910.047775,False
0.0,30,404953.535158,False
0.0,30,405001.734344,False
2.7,30,405041.363343,True
0.0,30,405084.631989,False
0.0,30,405128.865725,False
0.0,30,405174.280449,False
2.9,30,405218.693464,True
2.6,30,405261.316223,True
0.0,30,405306.519052,False
0.0,30,405354.058668,False
2.3,30,405411.839276,True
2.3,30,405454.465469,True
0.0,30,405498.620576,False
0.0,30,405538.138904,False
2.8,30,405584.442699,True
0.0,30,405630.326032,False
2.5,30,405680.143589,True
0.0,30,405726.884349,False
0.0,30,405772.698276,False
0.0,30,405821.797173,False
0.0,30,405867.383219,False
0.0,30,405914.562441,False
2.0,30,405959.142836,True
2.8,30,406002.187637,True
2.9,30,406044.031403,True
0.0,30,406327.736803,False
2.5,30,406371.639473,True
0.0,30,406419.854103,False
0.0,30,406467.935348,False
2.6,30,406511.025112,True
0.0,30,406553.483181,False
0.0,30,406594.665098,False
1.5,30,406641.934084,True
2.1,30,406686.448034,True
1.7,30,406736.594731,True
2.4,30,406781.780718,True
0.0,30,406830.946982,False
2.8,30,406878.741671,True
0.0,30,406925.241501,False
0.0,30,406965.254581,False
0.0,30,407012.585665,False
0.0,30,407054.962291,False
2.6,30,407097.576844,True
2.8,30,407145.583797,True
0.0,30,407195.345904,False
1.8,30,407241.068677,True
2.4,30,407287.607002,True
2.1,30,407334.207875,True
0.0,30,407389.807279,False
2.4,30,407435.714432,True
0.0,30,407484.923816,False
0.0,30,407540.359858,False
2.7,30,407587.151415,True
1.8,30,407631.750571,True
2.6,30,407672.477463,True
2.4,30,407717.881421,True
0.0,30,407760.786707,False
1.4,30,407803.163135,False
2.2,30,407859.439197,True
0.0,30,408142.814416,False
0.0,30,408187.129114,False
0.0,30,408232.283438,False
0.0,30,408282.088429,False
2.5,30,408327.503752,True
0.0,30,408375.636944,False
3.0,30,408427.62677,True
0.0,30,408472.789047,False
1.9,30,408515.012134,True
0.0,30,408561.888795,False
2.5,30,408609.403917,True
2.6,30,408654.624396,True
0.0,30,408699.74959,False
0.0,30,408744.748701,False
1.9,30,408785.641706,True
0.0,30,408829.014237,False
0.0,30,408873.095453,False
0.0,30,408916.122952,False
3.0,30,408975.262537,True
2.4,30,409025.109062,True
1.3,30,409075.085929,True
1.9,30,409115.850489,True
0.0,30,409159.568116,False
0.0,30,409205.909397,False
2.7,30,409253.940795,True
0.0,30,409302.737545,False
2.8,30,409349.561185,True
2.5,30,409390.562471,True
1.7,30,409440.805204,True
0.0,30,409483.887036,False
0.0,30,409529.509638,False
0.0,30,409572.128194,False
0.0,30,409614.075444,False
0.8,30,409659.646305,True
0.0,30,409942.113587,False
0.0,30,409985.2852,False
2.8,30,410030.538252,True
0.0,30,410073.870306,False
0.0,30,410126.064672,False
0.0,30,410172.052668,False
0.0,30,410213.876114,False
3.0,30,410259.581835,True
0.0,30,410310.533212,False
0.0,30,410356.11745,False
2.1,30,410407.101726,True
0.0,30,410453.876542,False
0.0,30,410504.59358,False
2.6,30,410543.27428,True
2.6,30,410590.02534,True
0.0,30,410637.238232,False
2.8,30,410681.195904,True
0.0,30,410723.837825,False
3.0,30,410767.93824,True
2.5,30,410814.376895,True
0.0,30,410857.686424,False
2.7,30,410903.213488,True
2.7,30,410955.944372,True
0.0,30,410998.390397,False
0.0,30,411046.917987,False
2.7,30,411091.891016,True
2.8,30,411130.703188,True
2.4,30,411175.68408,True
2.6,30,411225.682631,True
0.0,30,411272.304571,False
0.0,30,411318.778815,False
2.0,30,411363.869373,True
0.0,30,411412.622393,False
2.5,30,411457.492423,True
2.7,30,411774.08697,True
1.3,30,411817.573917,True
2.9,30,411867.184332,True
0.0,30,411912.502107,False
0.0,30,411960.44554,False
0.0,30,412005.604852,False
2.5,30,412052.915122,True
0.0,30,412095.108073,False
0.0,30,412140.87963,False
0.0,30,412189.660369,False
0.0,30,412234.319432,False
2.3,30,412283.082359,True
0.0,30,412330.10201,False
0.0,30,412375.128956,False
0.0,30,412415.564084,False
2.8,30,412461.566278,True
0.0,30,412514.79806,False
0.0,30,412561.329136,False
2.7,30,412605.176855,True
0.0,30,412660.244621,False
2.7,30,412708.75264,True
0.0,30,412757.63621,False
0.0,30,412802.309188,False
0.0,30,412845.514508,False
0.0,30,412891.981837,False
2.8,30,412934.920876,True
2.8,30,412977.693966,True
1.3,30,413018.131114,True
0.0,30,413062.579181,False
2.6,30,413112.89633,True
0.0,30,413161.299876,False
0.0,30,413219.770238,False
2.0,30,413265.82992,True
2.9,30,413315.697691,True
2.6,30,413590.826962,True
0.0,30,413635.956509,False
0.4,30,413686.706903,True
0.0,30,413737.191721,False
0.0,30,413779.431136,False
0.0,30,413824.910257,False
0.0,30,413865.224372,False
2.5,30,413916.316998,True
2.5,30,413959.468306,True
0.0,30,414008.413744,False
0.0,30,414058.373513,False
1.3,30,414103.036981,True
0.0,30,414142.728013,False
0.0,30,414185.780734,False
2.6,30,414233.561281,True
2.8,30,414275.132464,True
3.0,30,414319.36021,True
0.0,30,414361.703455,False
0.0,30,414411.718653,False
2.7,30,414455.287585,True
0.0,30,414497.564249,False
0.0,30,414541.552946,False
0.0,30,414589.006062,False
0.0,30,414636.612149,False
2.6,30,414683.304504,True
2.6,30,414730.306627,True
2.8,30,414769.276695,True
0.0,30,414817.37207,False
0.0,30,414860.197005,False
1.4,30,414905.117682,True
2.4,30,414953.094317,True
0.0,30,414995.657829,False
2.5,30,415043.243269,True
0.0,30,415087.240692,False
1.8,30,415376.362563,True
0.0,30,415420.095132,False
0.0,30,415467.856117,False
0.0,30,415515.796817,False
0.0,30,415558.565227,False
2.8,30,415604.546209,True
0.0,30,415648.179764,False
0.0,30,415693.521587,False
0.0,30,415738.579534,False
2.8,30,415782.675072,True
0.0,30,415825.415879,False
0.0,30,415868.928187,False
2.4,30,415921.427951,True
0.0,30,415963.474363,False
2.4,30,416010.307322,True
0.0,30,416051.493586,False
2.6,30,416095.361026,True
0.0,30,416152.332703,False
0.0,30,416200.240218,False
0.0,30,416248.061338,False
0.0,30,416294.741816,False
0.0,30,416339.969183,False
2.3,30,416380.29375,True
0.0,30,416422.574847,False
2.5,30,416474.68334,True
0.0,30,416519.430434,False
0.0,30,416565.09498,False
0.0,30,416610.834767,False
2.7,30,416653.202876,True
2.5,30,416698.143997,True
0.0,30,416742.238276,False
2.0,30,416796.76014,True
0.0,30,416845.331557,False
1.7,30,416889.012919,True
0.0,30,417190.73659,False
2.3,30,417235.212126,True
2.6,30,417283.060293,True
2.5,30,417330.247748,True
2.3,30,417376.419743,True
2.7,30,417424.202166,True
2.4,30,417463.629276,True
2.4,30,417512.357162,True
2.0,30,417562.571826,True
2.5,30,417605.384342,True
0.0,30,417646.597616,False
0.0,30,417692.239328,False
2.4,30,417736.447173,True
2.4,30,417780.024415,True
0.0,30,417824.989905,False
3.0,30,417882.063778,True
2.7,30,417930.671729,True
0.0,30,417973.427963,False
2.6,30,418019.440206,True
2.7,30,418060.067441,True
2.8,30,418101.98036,True
0.8,30,418152.893373,True
2.8,30,418191.263378,True
0.0,30,418229.734669,False
2.4,30,418277.503191,True
2.6,30,418319.353286,True
1.5,30,418367.741262,True
2.8,30,418408.951314,True
0.0,30,418453.154735,False
0.0,30,418495.936938,False
0.0,30,418540.425434,False
0.0,30,418580.778242,False
0.0,30,418625.176309,False
0.0,30,418671.320521,False
0.0,30,418716.433961,False
3.0,30,418998.219326,True
0.0,30,419043.853775,False
2.5,30,419091.753949,True
1.8,30,419142.307482,True
0.0,30,419186.083766,False
0.0,30,419231.134463,False
2.5,30,419281.332008,True
2.7,30,419329.880509,True
0.0,30,419377.622662,False
0.0,30,419435.332436,False
0.2,30,419481.375724,True
2.4,30,419527.444355,True
0.8,30,419569.33629,True
0.0,30,419615.098959,False
2.8,30,419658.51505,True
0.0,30,419703.840816,False
2.5,30,419745.403971,True
0.0,30,419789.138683,False
0.0,30,419831.938159,False
0.0,30,419874.197585,False
2.9,30,419924.120749,True
0.0,30,419969.03734,False
0.0,30,420011.858588,False
0.0,30,420054.579215,False
2.3,30,420098.008945,True
0.0,30,420145.428975,False
0.0,30,420192.392431,False
0.0,30,420232.276876,False
0.0,30,420276.889478,False
1.9,30,420323.006083,True
0.0,30,420362.68546,False
2.8,30,420407.710541,True
2.6,30,420465.16742,True
2.8,30,420506.460705,True
0.0,30,420817.113034,False
0.2,30,420862.281554,False
0.0,30,420906.047385,False
2.7,30,420955.408857,True
0.0,30,420995.796875,False
0.0,30,421051.156305,False
2.8,30,421094.802789,True
2.1,30,421144.642947,True
2.6,30,421191.543278,True
0.0,30,421235.006638,False
0.0,30,421282.292556,False
2.7,30,421325.398265,True
0.0,30,421373.15493,False
2.3,30,421421.845225,True
2.4,30,421472.483249,True
3.0,30,421517.530953,True
0.0,30,421562.003956,False
0.0,30,421611.427382,False
2.8,30,421647.992131,True
2.7,30,421690.310602,True
0.0,30,421735.079464,False
0.0,30,421781.494895,False
2.9,30,421829.052304,True
2.7,30,421880.265805,True
2.7,30,421922.97242,True
0.0,30,421970.037809,False
2.1,30,422015.378016,True
1.3,30,422063.380743,True
2.7,30,422111.073778,True
0.0,30,422158.180841,False
2.3,30,422200.039375,True
1.6,30,422250.332004,True
2.7,30,422291.048359,True
0.0,30,422336.95086,False
2.8,30,422669.608476,True
0.0,30,422713.716181,False
0.0,30,422761.969429,False
2.3,30,422825.056175,True
2.7,30,422869.057882,True
0.9,30,422915.200341,True
2.4,30,422958.328948,True
2.1,30,423001.099794,True
0.0,30,423048.487913,False
1.1,30,423097.037102,True
0.1,30,423140.790586,False
1.5,30,423183.992772,True
2.6,30,423229.401193,True
2.4,30,423269.070207,True
2.5,30,423312.741486,True
2.4,30,423362.064895,True
0.0,30,423409.800635,False
2.7,30,423450.886857,True
2.4,30,423492.82812,True
1.2,30,423538.704535,True
0.0,30,423586.331688,False
1.2,30,423632.297564,False
2.7,30,423674.161723,True
2.6,30,423715.937467,True
0.0,30,423756.148967,False
0.0,30,423795.85549,False
2.5,30,423839.784345,True
2.5,30,423885.014408,True
2.8,30,423935.635621,True
1.3,30,423974.694232,True
2.5,30,424018.855611,True
0.0,30,424073.835666,False
0.0,30,424115.155775,False
0.0,30,424159.857192,False
0.0,30,424487.437312,False
2.6,30,424534.308631,True
0.0,30,424579.483205,False
2.5,30,424627.114837,True
0.0,30,424677.096142,False
0.0,30,424727.761597,False
2.9,30,424769.706954,True
0.0,30,424814.256663,False
2.0,30,424857.111981,True
2.8,30,424902.264522,True
0.0,30,424953.564676,False
0.0,30,424996.111955,False
0.0,30,425042.018475,False
0.0,30,425088.638731,False
0.0,30,425128.112988,False
0.0,30,425171.361682,False
0.0,30,425216.486846,False
0.0,30,425259.574952,False
0.0,30,425305.826195,False
0.0,30,425350.9755,False
2.3,30,425393.325555,True
2.4,30,425434.908243,True
0.4,30,425476.814132,False
2.5,30,425526.190012,True
0.0,30,425573.507771,False
0.0,30,425615.891399,False
0.0,30,425670.577479,False
0.0,30,425715.138201,False
0.0,30,425761.271251,False
2.6,30,425799.993629,True
0.0,30,425846.821521,False
0.0,30,425889.726988,False
2.4,30,425933.953541,True
2.7,30,425982.178137,True
2.7,30,426296.738528,True
0.0,30,426340.388871,False
0.0,30,426387.413263,False
0.0,30,426457.930075,False
0.0,30,426510.292611,False
0.0,30,426554.270611,False
0.0,30,426599.370759,False
2.1,30,426653.818084,False
0.0,30,426702.52362,False
2.4,30,426749.965587,True
2.5,30,426798.612269,True
0.0,30,426844.119708,False
0.0,30,426892.226766,False
2.4,30,426939.56554,True
2.5,30,426987.1697,True
3.0,30,427030.611572,True
0.0,30,427074.567469,False
0.0,30,427117.630524,False
0.0,30,427164.289582,False
2.8,30,427209.590785,True
2.2,30,427258.815405,True
0.0,30,427306.997355,False
0.0,30,427357.286221,False
2.6,30,427399.880579,True
0.0,30,427445.228347,False
0.0,30,427494.098169,False
0.0,30,427536.536164,False
2.9,30,427583.631981,True
0.0,30,427628.438265,False
2.6,30,427676.846475,True
3.0,30,427723.065585,True
1.2,30,427770.203071,True
0.0,30,427819.249985,False
0.0,30,427861.332141,False
2.3,30,428216.478762,True
2.1,30,428260.935887,True
0.0,30,428306.297145,False
2.5,30,428349.017843,True
0.0,30,428398.840164,False
2.1,30,428446.281097,True
1.6,30,428491.158219,True
0.0,30,428537.294975,False
0.0,30,428581.84977,False
0.0,30,428625.608608,False
0.0,30,428677.018188,False
2.8,30,428726.313093,True
2.4,30,428772.706558,True
0.0,30,428815.71149,False
0.0,30,428862.141447,False
0.0,30,428903.627309,False
2.6,30,428948.615139,True
2.8,30,428993.804516,True
0.0,30,429041.051135,False
0.0,30,429084.054306,False
0.0,30,429126.328285,False
0.0,30,429180.162157,False
0.0,30,429228.56897,False
1.2,30,429273.247992,True
0.0,30,429318.523828,False
2.1,30,429359.990712,True
2.8,30,429409.772113,True
2.6,30,429454.360724,True
0.0,30,429499.086658,False
1.7,30,429549.258882,True
2.7,30,429593.805703,True
1.1,30,429636.222973,False
2.7,30,429690.933574,True
0.0,30,429737.173293,False
2.7,30,430089.226659,True
0.0,30,430130.775717,False
2.7,30,430175.356105,True
0.0,30,430225.105704,False
2.6,30,430273.869898,True
1.4,30,430318.074752,True
2.4,30,430366.10845,True
0.0,30,430414.541841,False
0.0,30,430458.9523,False
0.0,30,430510.506704,False
2.9,30,430556.994725,True
1.9,30,430608.296031,True
0.0,30,430662.1144,False
0.0,30,430710.269894,False
0.0,30,430758.988033,False
0.0,30,430807.692311,False
2.6,30,430859.980201,True
0.0,30,430900.673818,False
3.0,30,430948.049551,True
1.9,30,430992.375585,True
2.2,30,431035.500759,True
0.0,30,431082.98454,False
0.0,30,431134.674563,False
0.0,30,431187.027024,False
2.5,30,431232.46759,True
2.4,30,431275.969436,True
2.7,30,431325.613317,True
2.1,30,431369.639597,True
0.0,30,431417.10243,False
2.6,30,431466.043004,True
2.8,30,431516.810224,True
2.9,30,431566.491555,True
0.0,30,431614.392402,False
2.5,30,431661.062261,True
0.4,30,431703.744837,True
0.0,30,432040.525056,False
2.5,30,432083.194416,True
0.0,30,432130.796916,False
0.0,30,432184.865786,False
0.0,30,432228.877882,False
0.0,30,432277.139721,False
0.0,30,432326.499944,False
2.1,30,432374.108151,True
0.0,30,432422.400527,False
0.0,30,432465.112912,False
2.7,30,432513.108122,True
0.0,30,432562.732486,False
2.6,30,432604.52059,True
2.5,30,432660.844634,True
2.9,30,432706.822218,True
0.0,30,432754.0946,False
2.6,30,432801.605894,True
2.5,30,432848.354988,True
0.0,30,432890.57531,False
2.6,30,432934.649904,True
0.0,30,432978.496704,False
0.0,30,433025.234911,False
2.5,30,433074.484719,True
0.0,30,433122.15279,False
2.3,30,433167.120286,True
2.0,30,433212.269626,True
0.0,30,433250.5946,False
1.2,30,433298.463212,True
1.7,30,433344.116583,True
0.0,30,433388.777115,False
1.2,30,433437.356621,False
1.4,30,433485.242328,True
0.0,30,433532.830473,False
0.0,30,433576.269319,False
0.0,30,433931.914069,False
2.5,30,433979.947454,True
3.0,30,434027.372436,True
2.6,30,434072.407003,True
2.6,30,434113.310448,True
2.7,30,434162.419022,True
0.0,30,434208.815327,False
2.8,30,434252.504753,True
2.8,30,434296.730363,True
3.0,30,434345.19204,True
2.5,30,434394.807639,True
2.9,30,434442.703255,True
2.4,30,434493.630562,True
0.2,30,434542.087883,True
1.6,30,434587.394663,True
0.0,30,434629.781942,False
2.1,30,434679.741937,True
0.0,30,434731.615668,False
2.6,30,434776.459618,True
2.7,30,434822.656088,True
2.4,30,434866.088935,True
2.7,30,434910.517898,True
1.7,30,434961.485017,True
2.8,30,435008.441066,True
0.0,30,435055.708856,False
0.0,30,435102.853888,False
0.0,30,435147.652538,False
2.8,30,435192.411294,True
0.0,30,435236.043536,False
0.0,30,435284.659238,False
0.0,30,435334.138844,False
1.7,30,435382.014261,True
2.2,30,435428.769542,True
2.4,30,435474.993341,True
2.3,30,435825.6451,True
0.0,30,435870.445168,False
0.0,30,435918.278708,False
0.0,30,435962.020387,False
0.0,30,436013.631815,False
2.4,30,436059.845161,True
0.0,30,436107.969727,False
2.8,30,436150.213687,True
2.5,30,436196.882591,True
2.5,30,436243.719557,True
0.0,30,436285.298646,False
2.2,30,436331.581648,True
2.9,30,436383.150313,True
1.9,30,436433.043953,True
3.0,30,436480.860435,True
0.0,30,436529.593325,False
0.0,30,436582.508044,False
1.0,30,436628.224348,True
2.7,30,436673.726826,True
0.0,30,436723.916919,False
0.0,30,436767.830068,False
0.0,30,436817.695184,False
0.0,30,436861.743865,False
1.0,30,436915.09001,True
0.0,30,436959.958286,False
0.0,30,437010.287045,False
0.0,30,437058.35204,False
0.0,30,437104.82295,False
2.2,30,437146.936815,True
2.9,30,437199.104718,True
2.3,30,437245.798975,True
2.5,30,437295.24964,True
2.8,30,437338.02211,True
2.8,30,437386.097301,True
1.6,30,437723.812946,True
0.0,30,437777.469412,False
0.0,30,437828.450423,False
0.0,30,437887.02403,False
2.3,30,437935.466748,True
0.0,30,437979.491419,False
0.0,30,438029.013476,False
2.9,30,438076.956237,True
2.6,30,438123.491617,True
3.0,30,438168.633512,True
2.4,30,438215.8549,True
1.9,30,438263.902497,True
0.0,30,438306.876474,False
0.0,30,438353.717941,False
0.0,30,438405.349493,False
2.7,30,438450.277273,True
2.9,30,438496.844631,True
2.1,30,438545.380044,True
0.9,30,438588.151192,True
2.9,30,438638.254648,True
0.0,30,438683.398204,False
2.7,30,438729.173759,True
2.2,30,438780.099193,True
1.8,30,438825.492767,True
0.0,30,438870.68741,False
2.7,30,438918.78661,True
3.0,30,438967.665223,True
0.0,30,439020.152362,False
2.2,30,439066.263539,True
0.0,30,439117.435399,False
0.0,30,439166.851579,False
2.6,30,439217.109346,True
0.0,30,439269.851978,False
0.0,30,439317.279429,False
0.0,30,439641.960508,False
0.0,30,439685.896133,False
0.0,30,439738.968409,False
2.5,30,439790.612179,True
2.7,30,439842.977952,True
1.8,30,439889.098315,True
2.0,30,439935.266493,True
2.5,30,439982.0546,True
2.7,30,440039.591278,True
0.0,30,440086.8625,False
2.5,30,440135.403713,True
0.0,30,440188.395778,False
2.4,30,440235.585614,True
2.0,30,440280.022842,True
1.6,30,440328.40955,True
2.7,30,440372.859872,True
0.0,30,440416.84506,False
2.9,30,440461.791932,True
0.8,30,440508.141756,True
0.0,30,440553.879076,False
0.0,30,440597.114775,False
2.6,30,440648.799527,True
1.5,30,440695.186249,True
2.9,30,440745.745701,True
2.7,30,440795.283995,True
2.7,30,440836.409958,True
3.0,30,440885.702367,True
2.5,30,440936.596915,True
2.8,30,440979.649921,True
2.8,30,441028.993033,True
2.1,30,441087.883036,True
0.0,30,441132.295019,False
2.4,30,441183.803103,True
0.0,30,441232.22056,False
0.0,30,441571.429177,False
2.8,30,441620.40029,True
2.0,30,441669.704102,True
2.5,30,441719.534066,True
0.0,30,441765.665267,False
2.7,30,441810.117253,True
2.3,30,441859.695721,False
1.2,30,441906.42398,True
0.0,30,441954.414017,False
0.0,30,441999.833106,False
0.0,30,442051.931162,False
0.0,30,442092.993855,False
2.8,30,442141.863074,True
2.5,30,442188.495838,False
1.9,30,442231.278711,True
2.0,30,442275.259348,True
2.8,30,442329.262892,True
0.0,30,442375.820648,False
0.0,30,442422.502128,False
0.0,30,442475.798694,False
2.2,30,442519.931846,True
0.0,30,442563.967265,False
0.0,30,442612.248359,False
0.0,30,442655.093083,False
0.0,30,442695.522742,False
2.6,30,442742.144747,True
2.9,30,442786.38272,True
2.7,30,442827.166685,True
0.0,30,442869.886186,False
0.0,30,442907.728673,False
0.4,30,442952.336881,False
0.0,30,442998.803821,False
0.0,30,443042.722179,False
0.0,30,443089.853425,False
0.0,30,443438.045718,False
2.4,30,443488.010259,True
0.0,30,443531.721615,False
0.0,30,443581.497262,False
1.0,30,443628.126248,True
2.8,30,443674.551769,True
0.0,30,443724.026128,False
2.5,30,443767.278462,True
2.5,30,443813.799106,True
2.6,30,443860.101542,True
0.0,30,443905.284995,False
1.8,30,443953.894907,True
0.0,30,443995.425512,False
0.0,30,444044.515168,False
0.0,30,444093.863307,False
0.0,30,444148.889178,False
2.9,30,444197.489493,True
0.0,30,444241.179029,False
0.0,30,444286.695423,False
2.7,30,444333.221801,True
2.3,30,444378.506129,True
0.0,30,444420.580088,False
1.9,30,444464.569866,True
0.0,30,444513.108227,False
0.0,30,444563.530821,False
0.0,30,444607.637784,False
0.0,30,444652.856374,False
2.7,30,444699.106509,True
0.0,30,444748.259002,False
0.0,30,444796.742836,False
0.5,30,444848.512214,False
0.3,30,444894.730311,False
0.0,30,444945.220408,False
2.7,30,444990.342738,True
0.0,30,445333.968346,False
2.7,30,445380.729189,True
2.3,30,445427.331872,True
2.4,30,445477.303115,True
1.3,30,445525.273373,False
2.8,30,445571.070061,True
0.0,30,445610.522698,False
2.4,30,445652.968608,True
0.0,30,445697.81804,False
1.9,30,445744.877907,True
0.0,30,445790.41642,False
0.0,30,445843.399455,False
0.0,30,445890.094668,False
2.7,30,445938.135114,True
0.0,30,445986.90456,False
2.6,30,446030.205503,True
0.0,30,446074.226921,False
0.0,30,446131.066575,False
2.8,30,446175.765097,True
2.7,30,446221.769677,True
0.0,30,446264.969936,False
2.6,30,446307.949577,True
2.0,30,446357.12126,True
0.0,30,446401.074335,False
2.0,30,446445.410458,True
0.0,30,446488.508284,False
2.7,30,446528.670087,True
2.5,30,446575.75508,True
0.9,30,446619.141966,True
2.7,30,446663.663529,True
0.0,30,446707.35516,False
0.0,30,446751.378047,False
0.0,30,446798.024879,False
0.0,30,446845.794403,False
0.0,30,446892.600523,False
0.0,30,447241.212283,False
1.5,30,447283.976354,True
0.0,30,447330.570307,False
2.5,30,447380.938971,True
0.2,30,447424.080091,True
0.0,30,447470.807637,False
2.9,30,447515.015036,True
0.0,30,447559.097805,False
0.0,30,447615.018893,False
0.0,30,447658.430905,False
2.4,30,447702.244425,True
0.0,30,447750.730923,False
0.0,30,447799.836901,False
0.0,30,447845.669109,False
2.7,30,447892.220448,True
3.0,30,447936.623609,True
2.1,30,447984.731246,True
0.0,30,448028.935607,False
0.0,30,448072.617159,False
0.0,30,448117.594384,False
0.0,30,448170.40146,False
0.0,30,448221.430921,False
0.0,30,448262.76726,False
2.3,30,448307.070637,True
2.9,30,448357.163615,True
2.2,30,448404.588249,True
0.0,30,448458.318419,False
2.6,30,448508.06593,True
2.8,30,448552.919946,True
3.0,30,448603.974595,True
2.1,30,448652.131975,True
2.1,30,448701.724962,True
3.0,30,448748.525545,True
2.9,30,448792.07514,True
0.0,30,449146.009636,False
2.8,30,449194.820789,True
2.5,30,449240.489606,True
0.0,30,449285.103348,False
2.3,30,449335.376227,True
0.0,30,449374.728613,False
0.0,30,449421.620561,False
0.0,30,449461.844351,False
0.0,30,449508.727351,False
0.0,30,449555.379692,False
2.7,30,449598.335526,True
0.0,30,449639.538848,False
1.2,30,449693.312859,True
2.6,30,449740.699562,True
2.4,30,449783.755613,True
2.8,30,449824.193812,True
0.0,30,449871.956519,False
0.0,30,449914.925135,False
2.4,30,449961.644215,True
2.8,30,450005.078179,True
0.0,30,450053.578148,False
2.0,30,450098.139037,True
0.0,30,450140.645571,False
0.0,30,450185.635927,False
0.8,30,450234.867429,True
0.0,30,450278.034759,False
0.0,30,450324.339396,False
1.7,30,450368.859918,True
0.0,30,450419.345716,False
0.0,30,450463.149306,False
0.0,30,450505.113843,False
0.0,30,450548.238366,False
0.0,30,450591.153041,False
2.4,30,450642.607752,True
0.0,30,450982.781375,False
0.0,30,451029.657683,False
0.0,30,451072.966433,False
2.6,30,451118.594648,True
0.0,30,451166.968231,False
1.1,30,451214.092355,True
0.5,30,451260.14342,True
2.5,30,451306.281556,True
0.0,30,451349.542344,False
0.0,30,451389.905866,False
0.0,30,451435.482212,False
0.0,30,451475.825765,False
0.0,30,451522.615567,False
0.0,30,451570.858905,False
1.8,30,451625.003943,True
0.5,30,451666.372663,False
0.0,30,451707.615597,False
1.9,30,451752.436766,True
1.8,30,451792.863755,True
0.0,30,451839.001097,False
0.0,30,451887.063381,False
0.0,30,451936.39362,False
2.8,30,451982.320791,True
1.7,30,452021.633057,True
0.0,30,452064.647178,False
0.0,30,452116.831793,False
0.0,30,452163.804165,False
2.3,30,452212.317142,True
2.6,30,452254.04766,True
0.0,30,452298.781141,False
0.0,30,452344.732119,False
2.6,30,452392.474996,True
3.0,30,452442.058414,True
0.0,30,452487.865614,False
2.5,30,452821.056752,True
0.0,30,452873.916836,False
0.0,30,452918.268033,False
0.0,30,452962.463919,False
0.0,30,453009.504615,False
0.0,30,453051.073267,False
2.6,30,453093.151206,True
2.7,30,453144.63997,True
0.0,30,453190.469231,False
0.0,30,453235.276474,False
0.0,30,453282.532714,False
0.0,30,453328.111248,False
1.9,30,453377.75899,True
2.8,30,453425.951517,True
0.0,30,453473.463976,False
2.7,30,453520.441544,True
0.0,30,453571.027118,False
0.0,30,453620.621428,False
0.0,30,453664.658317,False
0.0,30,453709.015236,False
2.5,30,453752.868503,True
2.8,30,453794.63089,True
2.7,30,453838.225609,True
0.0,30,453880.795305,False
2.6,30,453929.250665,True
0.0,30,453977.623875,False
2.6,30,454033.520403,True
2.9,30,454079.742054,True
2.4,30,454128.214334,True
2.9,30,454172.430888,True
2.1,30,454217.88734,True
0.0,30,454266.542803,False
2.9,30,454316.708842,True
2.5,30,454360.710791,True
0.0,30,454702.404336,False
2.7,30,454751.871758,True
0.0,30,454798.447277,False
0.0,30,454840.079815,False
2.6,30,454881.03329,True
0.0,30,454927.538942,False
0.0,30,454977.752136,False
0.0,30,455022.236622,False
2.8,30,455067.004209,True
2.5,30,455112.220238,True
2.6,30,455161.54564,True
1.7,30,455207.074487,True
2.6,30,455249.127203,True
2.7,30,455299.275823,True
2.7,30,455341.887876,True
2.6,30,455389.981204,True
2.9,30,455433.058851,True
2.5,30,455477.747789,True
2.3,30,455520.759127,True
0.0,30,455566.231221,False
0.0,30,455612.118417,False
2.8,30,455661.877017,True
2.8,30,455710.686378,True
0.0,30,455754.591886,False
2.3,30,455803.219052,True
2.6,30,455853.838673,True
0.0,30,455898.625843,False
2.3,30,455944.930631,True
2.7,30,455990.727575,True
0.0,30,456038.153183,False
0.0,30,456083.502844,False
0.0,30,456126.910352,False
2.7,30,456172.524751,True
2.1,30,456222.153922,True
2.7,30,456558.878574,True
0.0,30,456603.637786,False
2.4,30,456646.164882,True
2.8,30,456692.153892,True
0.0,30,456736.315739,False
2.6,30,456778.053651,True
2.5,30,456825.50134,True
0.0,30,456867.948203,False
0.0,30,456913.491934,False
2.6,30,456958.448101,True
2.8,30,457007.362745,True
0.0,30,457056.071195,False
2.3,30,457103.35774,True
2.6,30,457150.609735,True
2.7,30,457193.627903,True
2.5,30,457238.144505,True
2.6,30,457289.572442,True
0.0,30,457334.366513,False
0.0,30,457384.295541,False
2.5,30,457433.058101,True
0.0,30,457479.214315,False
3.0,30,457524.074398,True
0.0,30,457569.440046,False
0.0,30,457614.718755,False
0.0,30,457657.748455,False
2.7,30,457705.742734,True
1.3,30,457755.149662,True
2.3,30,457798.196813,True
0.0,30,457846.321497,False
0.0,30,457896.697205,False
0.0,30,457939.017669,False
0.0,30,457980.707277,False
2.9,30,458023.853528,True
1.0,30,458072.553551,True
3.0,30,458393.381897,True
0.0,30,458435.852836,False
2.4,30,458484.49386,True
0.0,30,458529.629947,False
2.5,30,458575.573103,True
2.7,30,458622.972756,True
1.1,30,458670.887333,True
1.7,30,458723.130597,True
0.9,30,458773.555224,True
0.0,30,458816.555105,False
0.0,30,458861.583821,False
0.0,30,458906.324128,False
2.8,30,458950.556223,True
0.1,30,458990.804527,False
1.9,30,459033.454237,True
2.8,30,459082.426312,True
0.0,30,459134.082653,False
0.0,30,459182.173278,False
2.2,30,459228.376239,True
2.9,30,459276.683985,True
2.7,30,459324.081043,True
0.0,30,459366.188909,False
0.0,30,459416.461545,False
2.4,30,459466.803307,True
0.8,30,459514.265713,False
2.9,30,459552.552163,True
0.0,30,459597.09561,False
1.9,30,459642.595466,True
2.5,30,459686.184884,True
2.8,30,459734.547355,True
2.6,30,459779.822481,True
0.0,30,459825.367644,False
2.5,30,459868.638909,True
0.0,30,459920.829197,False
0.0,30,459963.013764,False
2.8,30,460305.187386,True
3.0,30,460349.061195,True
0.0,30,460394.588855,False
0.0,30,460446.664849,False
2.4,30,460489.216756,True
2.0,30,460531.039794,True
0.0,30,460574.059311,False
0.0,30,460622.646213,False
2.5,30,460666.857954,True
0.0,30,460720.833738,False
0.1,30,460767.812167,True
2.6,30,460817.484,True
1.7,30,460863.750247,False
0.0,30,460907.821062,False
2.7,30,460953.797686,True
0.0,30,461003.416968,False
0.5,30,461049.09807,True
2.8,30,461093.341849,True
2.3,30,461141.192773,True
0.0,30,461195.975015,False
2.1,30,461242.50815,True
0.0,30,461292.18113,False
0.0,30,461337.901897,False
1.7,30,461379.761121,True
0.0,30,461421.259636,False
2.5,30,461466.183544,True
0.0,30,461509.34315,False
0.0,30,461551.40674,False
0.0,30,461599.399454,False
2.1,30,461647.503455,True
0.0,30,461693.286688,False
0.0,30,461741.952891,False
0.0,30,461791.580959,False
0.0,30,461836.395077,False
0.0,30,462168.226224,False
2.4,30,462216.5922,True
0.0,30,462261.226513,False
3.0,30,462306.045152,True
2.4,30,462358.298876,True
2.5,30,462406.993694,True
2.3,30,462464.371295,True
3.0,30,462513.336104,True
1.7,30,462557.990173,True
0.0,30,462602.483474,False
2.3,30,462648.926962,True
2.4,30,462691.705178,True
2.5,30,462738.34679,True
2.6,30,462781.733127,True
2.0,30,462830.952146,True
2.6,30,462882.566966,True
0.0,30,462928.746446,False
2.7,30,462967.843519,True
0.0,30,463007.738623,False
3.0,30,463052.245962,True
2.5,30,463100.30998,True
0.0,30,463145.253582,False
2.7,30,463190.34262,True
0.0,30,463236.27387,False
0.0,30,463285.241776,False
2.7,30,463327.770989,True
2.6,30,463372.364671,True
0.0,30,463416.178808,False
0.0,30,463459.816144,False
0.0,30,463504.335295,False
0.0,30,463553.307424,False
0.0,30,463612.500562,False
2.3,30,463656.348677,True
2.9,30,463706.593375,True
0.0,30,464052.348781,False
0.0,30,464099.934917,False
2.9,30,464143.879256,True
0.0,30,464190.177543,False
0.0,30,464232.29766,False
3.0,30,464278.991331,True
0.0,30,464318.216578,False
3.0,30,464366.06811,True
3.0,30,464413.022107,True
3.0,30,464459.017408,True
0.0,30,464501.662707,False
1.7,30,464545.799444,True
2.5,30,464591.238813,True
1.8,30,464637.649549,True
2.3,30,464683.443206,True
0.0,30,464728.819684,False
2.5,30,464776.849338,False
2.2,30,464825.220044,True
0.0,30,464869.229638,False
0.0,30,464920.362241,False
0.0,30,464967.604373,False
2.7,30,465015.936697,True
0.0,30,465063.178934,False
0.0,30,465117.464889,False
0.0,30,465164.866684,False
0.0,30,465205.683965,False
2.5,30,465246.076308,True
2.5,30,465292.987724,True
2.8,30,465336.588666,True
2.6,30,465380.740281,True
2.5,30,465424.338494,True
1.6,30,465468.474948,True
2.6,30,465513.405347,True
0.0,30,465562.256635,False
2.5,30,465916.535731,True
2.6,30,465961.867196,True
2.5,30,466006.381051,True
1.0,30,466053.009091,True
2.8,30,466102.97911,True
0.0,30,466150.400584,False
3.0,30,466201.052141,True
0.0,30,466247.37623,False
1.1,30,466294.786677,True
0.0,30,466339.164089,False
0.0,30,466385.19115,False
2.9,30,466428.724275,True
0.0,30,466478.767716,False
2.4,30,466527.587208,True
0.0,30,466571.996763,False
1.8,30,466623.629692,True
0.0,30,466663.44674,False
0.0,30,466715.319436,False
2.5,30,466762.686941,True
2.6,30,466807.436291,True
1.1,30,466854.883292,True
0.0,30,466902.353264,False
2.5,30,466949.750919,True
1.9,30,466995.991758,True
0.0,30,467038.54343,False
0.0,30,467082.845477,False
2.8,30,467134.369921,True
2.7,30,467178.522844,True
0.0,30,467226.167049,False
0.0,30,467271.927116,False
0.0,30,467318.534991,False
1.0,30,467363.484289,True
0.0,30,467405.042969,False
2.5,30,467449.425596,True
0.0,30,467812.544876,False
2.7,30,467857.83274,True
2.7,30,467905.633888,True
2.6,30,467951.425834,True
2.8,30,468000.107876,True
0.0,30,468049.955047,False
2.0,30,468100.182251,True
3.0,30,468142.300813,True
0.0,30,468188.91093,False
0.0,30,468234.859819,False
0.0,30,468279.389944,False
0.0,30,468322.082448,False
0.0,30,468372.403984,False
2.6,30,468417.425218,True
0.0,30,468466.989779,False
2.6,30,468511.591776,True
0.0,30,468559.41067,False
2.9,30,468603.635584,True
2.7,30,468653.163986,True
2.8,30,468700.319075,True
2.4,30,468745.390599,True
2.7,30,468787.581787,True
2.7,30,468832.662361,True
0.0,30,468877.926455,False
2.3,30,468932.624185,True
2.8,30,468981.868324,True
0.0,30,469027.331723,False
0.0,30,469074.109358,False
0.0,30,469117.117903,False
0.0,30,469164.407059,False
0.0,30,469221.733407,False
0.0,30,469271.018008,False
2.3,30,469315.732681,True
0.0,30,469359.00562,False
0.0,30,469700.904474,False
0.0,30,469749.723407,False
2.4,30,469801.648262,True
2.2,30,469846.933836,True
1.7,30,469887.309551,True
2.3,30,469934.584266,True
0.0,30,469984.968441,False
0.0,30,470034.828901,False
2.2,30,470092.825377,True
0.0,30,470138.708351,False
0.0,30,470201.861188,False
2.5,30,470249.17421,True
0.0,30,470294.657474,False
0.0,30,470337.383643,False
2.3,30,470385.861947,True
0.0,30,470436.196803,False
2.7,30,470487.966758,True
0.0,30,470533.593937,False
0.0,30,470582.279836,False
2.5,30,470631.231853,True
2.5,30,470680.469992,True
1.3,30,470732.097656,True
0.0,30,470783.016488,False
0.0,30,470829.209505,False
0.0,30,470872.662993,False
0.0,30,470929.562179,False
0.0,30,470972.306655,False
0.0,30,471017.676851,False
0.0,30,471063.131531,False
2.8,30,471129.911416,True
0.6,30,471180.154067,True
2.8,30,471227.933981,True
0.0,30,471273.313837,False
0.0,30,471318.293651,False
2.6,30,471645.282037,True
2.8,30,471691.531242,True
0.0,30,471742.732322,False
2.7,30,471790.661248,True
0.0,30,471838.308797,False
0.0,30,471887.410115,False
0.0,30,471932.367284,False
2.5,30,471977.181986,True
0.0,30,472022.237696,False
2.5,30,472068.793792,True
2.5,30,472113.304049,True
0.0,30,472165.223237,False
2.1,30,472209.105001,True
2.8,30,472278.001156,True
0.0,30,472328.394198,False
0.3,30,472382.66897,True
2.3,30,472427.527835,True
0.0,30,472472.9992,False
0.0,30,472516.951499,False
0.0,30,472564.669891,False
0.0,30,472608.088382,False
0.0,30,472654.010187,False
2.4,30,472700.538333,True
0.0,30,472751.383748,False
2.6,30,472804.294405,True
2.7,30,472858.483669,True
0.0,30,472905.33187,False
0.0,30,472953.597258,False
0.0,30,473004.272081,False
2.8,30,473052.277497,True
0.0,30,473103.073251,False
0.0,30,473150.512227,False
2.8,30,473198.782312,True
0.0,30,473243.970898,False
2.3,30,473571.273891,True
0.0,30,473619.252848,False
2.2,30,473667.085615,True
0.0,30,473714.096322,False
2.8,30,473762.051639,True
2.0,30,473802.703525,True
0.0,30,473848.344144,False
3.0,30,473890.686156,True
2.5,30,473935.194624,True
0.0,30,473984.605452,False
2.7,30,474031.94884,True
0.0,30,474080.075076,False
0.1,30,474129.657893,True
2.5,30,474175.26402,True
2.8,30,474220.070592,True
2.0,30,474264.232571,True
2.3,30,474310.516816,True
0.0,30,474354.235982,False
0.0,30,474398.41682,False
2.7,30,474447.140902,True
2.7,30,474494.580879,True
0.3,30,474542.985218,False
2.3,30,474589.39563,True
0.1,30,474632.473021,True
0.0,30,474689.995362,False
0.0,30,474736.558136,False
0.0,30,474783.959473,False
2.9,30,474830.603962,True
0.0,30,474881.803522,False
0.0,30,474930.451252,False
2.6,30,474980.764232,True
0.0,30,475031.542567,False
0.0,30,475075.203568,False
2.8,30,475133.309804,True
1.7,30,475182.674885,True
0.0,30,475522.890171,False
0.0,30,475568.566523,False
0.0,30,475614.230309,False
2.7,30,475664.394347,True
0.0,30,475714.797663,False
0.0,30,475761.031993,False
2.8,30,475806.969946,True
0.9,30,475852.312068,False
0.0,30,475902.849671,False
0.0,30,475947.211558,False
0.0,30,475991.945275,False
0.0,30,476031.584194,False
2.8,30,476080.371784,True
2.8,30,476131.806579,True
2.7,30,476176.678763,True
0.0,30,476221.482352,False
2.6,30,476268.695013,True
1.5,30,476314.810057,True
2.0,30,476361.397552,True
0.0,30,476411.081144,False
2.3,30,476462.586151,True
0.0,30,476507.69187,False
2.6,30,476554.05959,True
0.0,30,476600.803541,False
0.0,30,476645.583615,False
0.0,30,476691.553905,False
2.8,30,476736.972359,True
0.0,30,476780.685116,False
1.8,30,476827.342103,False
3.0,30,476873.445416,True
0.0,30,476916.977509,False
1.1,30,476965.361588,True
2.8,30,477011.474036,True
0.0,30,477064.928816,False
2.8,30,477376.048961,True
1.6,30,477423.986064,True
0.0,30,477473.60191,False
0.0,30,477518.047058,False
2.6,30,477559.579185,True
0.0,30,477601.81838,False
2.4,30,477647.715334,True
2.8,30,477693.763446,True
0.0,30,477739.897388,False
2.4,30,477793.400485,True
2.5,30,477841.754198,True
0.0,30,477881.740554,False
2.9,30,477921.472275,True
0.0,30,477966.101183,False
0.0,30,478010.614464,False
2.6,30,478069.904834,True
2.8,30,478112.419821,True
0.0,30,478171.00557,False
0.0,30,478224.170857,False
0.0,30,478269.765069,False
2.8,30,478313.600926,True
0.0,30,478359.554296,False
2.8,30,478409.802163,True
0.0,30,478465.687232,False
0.0,30,478513.859497,False
2.7,30,478555.182937,True
0.0,30,478599.342088,False
0.1,30,478640.69499,True
0.7,30,478684.736048,True
0.0,30,478728.93259,False
0.0,30,478774.532751,False
2.7,30,478821.195436,True
1.9,30,478864.679636,True
1.8,30,478916.744628,True
0.0,30,479237.13922,False
2.3,30,479280.067534,True
0.0,30,479322.478439,False
2.5,30,479366.99055,True
0.0,30,479410.119591,False
0.0,30,479456.804952,False
0.0,30,479499.894832,False
0.0,30,479544.170083,False
0.0,30,479590.693452,False
2.7,30,479639.260997,True
0.0,30,479691.508329,False
0.0,30,479740.030904,False
0.0,30,479787.1091,False
0.0,30,479832.374924,False
0.0,30,479876.886584,False
0.0,30,479923.907737,False
0.2,30,479969.589245,True
0.0,30,480013.697598,False
2.7,30,480063.017642,True
2.4,30,480111.179897,True
2.1,30,480155.936678,False
2.0,30,480203.807695,True
2.5,30,480251.554049,True
2.5,30,480296.713447,True
0.0,30,480340.685104,False
2.6,30,480384.497674,True
1.0,30,480427.951294,True
0.0,30,480469.3673,False
2.5,30,480515.353084,True
0.0,30,480581.804055,False
3.0,30,480624.958245,True
0.0,30,480668.740093,False
0.0,30,480722.508585,False
0.0,30,480768.43368,False
0.0,30,481109.840007,False
2.7,30,481153.443694,True
2.2,30,481200.723948,True
2.3,30,481247.62639,True
0.0,30,481297.001791,False
0.0,30,481342.857943,False
2.5,30,481391.38841,True
0.0,30,481439.431874,False
2.8,30,481478.938048,True
2.5,30,481525.684119,True
0.0,30,481577.505985,False
0.0,30,481621.954036,False
0.0,30,481670.425309,False
0.0,30,481714.71956,False
0.0,30,481763.518267,False
0.0,30,481817.363729,False
0.0,30,481864.128435,False
0.9,30,481909.708354,True
0.0,30,481956.920439,False
2.1,30,482003.454206,True
0.0,30,482046.294327,False
0.0,30,482099.752396,False
0.0,30,482150.367874,False
2.8,30,482195.167543,True
2.9,30,482239.400499,True
2.3,30,482279.502931,True
2.6,30,482323.698232,True
0.0,30,482367.41213,False
0.0,30,482412.431499,False
2.8,30,482457.378385,True
2.6,30,482505.166541,True
0.0,30,482552.882567,False
2.7,30,482601.140531,True
2.4,30,482649.214703,True
0.0,30,482979.499531,False
2.7,30,483026.157139,True
2.6,30,483072.050887,True
2.0,30,483122.298974,True
2.7,30,483165.103143,True
0.0,30,483213.462208,False
0.0,30,483255.352854,False
1.2,30,483295.706505,True
2.6,30,483353.394887,True
2.5,30,483395.867405,True
0.0,30,483439.95274,False
0.0,30,483485.027817,False
2.8,30,483531.309568,True
2.5,30,483576.513331,True
0.0,30,483620.112415,False
2.4,30,483666.907382,True
2.5,30,483712.754138,True
2.6,30,483762.32904,True
0.0,30,483806.486609,False
0.0,30,483854.232082,False
2.4,30,483901.440089,True
0.0,30,483952.444352,False
2.4,30,483996.077649,True
0.0,30,484044.95653,False
2.6,30,484096.295954,True
0.0,30,484144.828199,False
0.0,30,484194.376172,False
0.0,30,484241.905703,False
2.7,30,484291.428947,True
2.7,30,484333.350473,True
2.6,30,484377.438777,True
1.5,30,484427.397099,True
2.2,30,484471.673946,True
2.5,30,484516.456553,True
2.8,30,484860.528969,True
2.3,30,484909.504227,True
0.0,30,484954.095563,False
0.0,30,485003.309423,False
2.1,30,485046.466055,True
0.0,30,485092.830761,False
0.0,30,485138.625984,False
0.0,30,485185.956116,False
0.0,30,485235.079264,False
0.0,30,485282.491238,False
2.1,30,485326.499998,True
0.0,30,485370.220231,False
0.0,30,485411.697167,False
0.0,30,485461.853132,False
0.0,30,485507.283069,False
0.0,30,485557.365158,False
0.0,30,485601.284193,False
2.7,30,485646.212594,True
2.6,30,485694.996032,True
2.7,30,485738.55555,True
2.6,30,485789.494941,True
0.0,30,485836.525576,False
0.0,30,485880.198385,False
2.9,30,485923.245621,True
2.3,30,485966.79387,True
0.0,30,486015.793252,False
2.2,30,486065.586462,True
0.0,30,486117.718701,False
2.7,30,486163.479144,True
2.5,30,486212.189634,True
0.0,30,486263.000598,False
3.0,30,486305.988712,True
2.8,30,486352.57278,True
2.4,30,486394.77626,True
0.0,30,486728.767425,False
0.0,30,486771.399091,False
3.0,30,486816.416151,True
1.5,30,486860.075374,False
0.0,30,486906.443362,False
0.0,30,486952.327369,False
1.9,30,487000.179091,False
0.0,30,487039.321438,False
0.0,30,487083.179872,False
2.6,30,487135.000095,True
2.7,30,487183.129343,True
0.0,30,487228.186719,False
2.2,30,487274.286638,True
0.0,30,487322.617917,False
0.0,30,487371.489443,False
2.7,30,487417.259273,True
0.0,30,487462.872923,False
0.0,30,487505.749362,False
2.9,30,487552.294827,True
2.7,30,487598.213381,True
0.0,30,487658.815322,False
0.3,30,487706.233109,False
0.0,30,487746.567013,False
0.0,30,487792.703001,False
0.0,30,487839.675629,False
0.0,30,487883.82462,False
0.0,30,487935.482405,False
2.5,30,487990.28106,True
0.0,30,488037.949383,False
0.0,30,488082.321874,False
1.6,30,488131.347377,True
2.2,30,488180.062089,True
0.0,30,488227.862299,False
1.5,30,488279.02469,True
2.8,30,488320.274907,True
2.9,30,488622.680778,True
0.0,30,488668.713731,False
2.1,30,488713.909468,True
0.0,30,488757.710503,False
1.9,30,488800.106333,True
0.0,30,488846.847193,False
0.0,30,488898.77278,False
0.0,30,488942.495916,False
0.0,30,488992.820389,False
0.0,30,489034.56707,False
0.0,30,489079.967923,False
2.0,30,489129.696112,True
2.3,30,489177.303598,True
2.9,30,489225.381453,True
0.0,30,489277.315837,False
0.0,30,489323.667769,False
0.0,30,489365.547534,False
0.0,30,489409.144154,False
0.0,30,489453.049255,False
2.8,30,489504.494714,True
2.5,30,489547.252416,True
2.3,30,489600.936583,True
1.9,30,489644.021188,True
2.1,30,489685.123808,True
2.7,30,489737.408414,True
0.0,30,489781.118565,False
2.7,30,489827.709045,True
2.6,30,489869.263852,True
0.0,30,489915.03082,False
0.0,30,489963.188572,False
2.4,30,490009.065464,True
0.8,30,490057.218323,True
3.0,30,490100.935992,True
2.5,30,490141.630962,True
0.0,30,490451.206726,False
0.0,30,490497.043298,False
2.8,30,490550.198767,True
0.0,30,490596.143023,False
2.5,30,490643.052208,True
2.3,30,490699.660859,True
0.0,30,490748.356122,False
2.5,30,490797.533317,True
2.8,30,490839.530074,True
2.8,30,490887.36462,True
2.0,30,490936.318092,True
2.7,30,490982.348188,True
2.7,30,491025.980199,True
0.9,30,491071.373209,True
2.8,30,491125.229899,True
0.0,30,491175.021008,False
0.0,30,491223.864838,False
2.5,30,491270.813285,True
2.7,30,491323.333126,True
0.0,30,491365.172022,False
0.0,30,491415.929602,False
1.9,30,491462.70614,False
2.7,30,491509.397587,True
2.9,30,491556.958595,True
0.0,30,491607.073202,False
0.0,30,491653.656256,False
0.0,30,491705.086862,False
0.0,30,491745.44252,False
1.9,30,491790.846261,True
2.8,30,491835.083862,True
0.0,30,491884.047617,False
0.0,30,491930.122559,False
0.0,30,491971.857802,False
0.0,30,492016.149749,False
0.6,30,492343.163262,True
1.9,30,492393.572339,False
1.6,30,492445.40253,True
0.0,30,492508.200305,False
0.0,30,492548.507577,False
2.6,30,492593.209277,True
2.8,30,492638.918803,True
0.0,30,492684.343974,False
0.0,30,492739.26979,False
0.0,30,492783.240732,False
1.6,30,492831.176354,True
2.4,30,492872.643109,True
0.0,30,492917.648689,False
0.0,30,492973.98693,False
2.5,30,493016.445313,True
2.5,30,493061.307436,True
0.0,30,493105.338778,False
0.0,30,493150.984211,False
0.0,30,493195.467021,False
2.5,30,493244.445929,True
0.0,30,493288.712229,False
0.0,30,493335.524982,False
2.7,30,493383.519271,True
2.0,30,493428.77047,True
0.0,30,493473.813383,False
2.3,30,493528.130337,True
2.8,30,493576.647091,True
2.7,30,493619.934548,True
2.9,30,493665.012925,True
0.0,30,493712.397121,False
0.0,30,493754.894331,False
2.4,30,493799.945313,True
0.0,30,493843.319083,False
0.0,30,493885.652021,False
0.0,30,494230.289607,False
2.5,30,494283.920072,True
0.0,30,494327.310658,False
0.0,30,494369.753236,False
2.8,30,494425.88246,True
2.7,30,494474.992286,True
2.0,30,494520.203429,True
0.0,30,494564.694723,False
2.6,30,494611.897102,True
2.5,30,494657.259757,True
0.0,30,494699.567666,False
2.6,30,494744.025808,True
0.0,30,494809.64066,False
0.0,30,494864.928917,False
0.0,30,494911.333914,False
2.3,30,494959.556021,True
2.6,30,495004.074844,True
0.0,30,495047.854571,False
0.0,30,495096.013582,False
2.7,30,495148.406445,True
2.3,30,495194.95625,True
2.0,30,495241.434285,True
0.0,30,495285.027125,False
0.0,30,495337.269887,False
0.0,30,495380.143104,False
2.4,30,495431.358342,True
0.5,30,495473.428404,False
0.0,30,495517.053328,False
0.0,30,495562.553708,False
3.0,30,495607.018135,True
2.4,30,495658.324215,True
0.0,30,495702.851058,False
2.5,30,495754.868406,True
0.0,30,495799.496159,False
2.6,30,496130.828333,True
2.7,30,496174.122195,True
0.0,30,496220.625337,False
0.0,30,496265.730286,False
2.1,30,496308.214058,True
1.4,30,496351.970397,True
1.3,30,496398.196004,True
1.9,30,496439.978148,True
2.8,30,496488.807338,True
2.4,30,496535.132663,True
2.3,30,496582.393059,True
0.0,30,496626.120721,False
0.0,30,496678.093926,False
0.0,30,496730.044279,False
3.0,30,496778.802524,True
0.0,30,496819.322184,False
0.0,30,496864.562494,False
2.3,30,496909.324464,True
2.3,30,496964.013949,True
0.0,30,497008.130917,False
0.0,30,497054.931448,False
0.0,30,497100.68781,False
2.0,30,497144.378085,True
0.0,30,497197.318052,False
2.6,30,497241.700325,True
0.0,30,497291.753561,False
0.0,30,497338.927205,False
0.0,30,497387.405383,False
0.0,30,497434.915764,False
0.0,30,497483.175426,False
3.0,30,497529.242992,True
0.0,30,497570.772247,False
0.0,30,497621.966187,False
2.6,30,497664.500829,True
0.0,30,497982.98854,False
0.0,30,498028.575259,False
2.7,30,498074.010123,True
0.0,30,498118.862951,False
2.5,30,498161.236933,True
0.0,30,498203.315298,False
0.0,30,498261.600874,False
0.0,30,498306.33478,False
0.0,30,498354.399651,False
0.0,30,498399.62462,False
0.0,30,498440.799754,False
2.7,30,498486.738246,True
0.0,30,498529.306908,False
0.0,30,498580.432674,False
0.0,30,498629.700322,False
2.7,30,498673.044524,True
2.5,30,498717.284315,True
2.1,30,498756.730742,True
0.0,30,498796.392363,False
2.4,30,498840.471577,True
0.3,30,498887.283779,True
1.6,30,498929.587274,True
2.2,30,498975.203319,True
0.0,30,499018.60658,False
2.5,30,499063.635931,True
0.0,30,499106.413168,False
1.9,30,499154.787343,True
0.0,30,499201.56344,False
2.6,30,499240.785474,True
0.0,30,499285.82518,False
2.5,30,499325.066088,True
0.0,30,499371.633255,False
0.0,30,499420.992061,False
0.0,30,499470.80979,False
2.5,30,499808.481486,True
1.4,30,499853.058456,True
0.0,30,499896.916796,False
1.8,30,499944.609638,True
2.5,30,499999.811369,True
0.0,30,500039.986711,False
0.0,30,500081.296915,False
2.7,30,500127.954951,True
0.0,30,500174.201143,False
2.5,30,500219.996985,True
2.3,30,500267.749439,True
0.0,30,500311.682416,False
0.0,30,500354.899866,False
0.0,30,500401.764617,False
2.7,30,500452.163813,True
2.7,30,500498.915797,True
1.9,30,500546.9069,True
2.8,30,500592.070094,True
0.0,30,500639.760186,False
0.0,30,500688.90175,False
0.0,30,500735.686069,False
2.6,30,500782.729203,True
0.0,30,500822.578164,False
2.8,30,500876.883675,True
0.0,30,500921.124022,False
0.0,30,500975.368322,False
2.5,30,501020.357062,True
2.3,30,501064.246087,True
0.9,30,501103.937794,True
1.3,30,501153.725191,True
0.0,30,501199.818452,False
2.5,30,501244.770206,True
0.0,30,501284.920101,False
0.0,30,501327.023649,False
0.0,30,501696.794177,False
2.4,30,501745.358945,True
2.8,30,501793.873066,True
0.0,30,501848.43939,False
3.0,30,501893.7513,True
2.2,30,501943.958004,True
0.0,30,501994.680337,False
0.0,30,502046.391442,False
0.0,30,502091.772889,False
2.4,30,502141.907535,True
0.0,30,502188.78264,False
0.0,30,502233.794408,False
2.7,30,502280.696069,True
2.5,30,502329.874589,True
2.6,30,502374.001806,True
2.5,30,502426.784046,True
1.8,30,502471.578742,True
0.0,30,502521.275434,False
0.0,30,502564.827831,False
2.7,30,502608.826791,True
2.6,30,502651.702863,True
0.0,30,502697.786397,False
0.0,30,502748.18456,False
0.0,30,502795.417894,False
0.0,30,502844.020079,False
2.8,30,502887.678348,True
2.5,30,502932.405859,True
2.4,30,502975.856442,True
2.3,30,503021.245554,True
2.2,30,503067.78898,True
1.7,30,503122.08483,True
2.4,30,503164.955655,True
2.3,30,503212.377754,True
1.7,30,503258.984494,True
2.4,30,503296.972568,True
0.0,30,503649.078121,False
2.7,30,503697.87178,True
0.0,30,503751.179741,False
2.7,30,503803.312355,True
0.0,30,503854.892526,False
0.0,30,503901.004495,False
2.9,30,503952.855738,True
2.6,30,503996.216778,True
0.0,30,504041.264948,False
0.0,30,504087.213018,False
2.8,30,504135.411112,True
0.0,30,504183.334862,False
0.7,30,504231.477727,True
0.0,30,504274.208727,False
0.0,30,504321.502688,False
0.0,30,504368.568022,False
0.0,30,504419.514829,False
2.1,30,504465.075206,True
0.0,30,504516.235618,False
2.3,30,504564.490076,True
0.0,30,504616.036154,False
2.6,30,504659.344487,True
0.0,30,504703.156911,False
0.0,30,504749.523244,False
1.7,30,504796.949177,True
0.5,30,504853.869439,True
0.0,30,504901.909828,False
0.0,30,504947.691057,False
0.0,30,504989.461594,False
0.0,30,505034.52767,False
2.8,30,505085.185485,True
0.0,30,505129.799919,False
2.8,30,505178.074208,True
0.0,30,505221.621644,False
2.8,30,505566.413842,True
3.0,30,505613.589156,True
0.0,30,505660.356431,False
0.0,30,505708.365204,False
2.4,30,505753.062475,True
2.3,30,505800.278201,True
0.0,30,505843.112172,False
2.7,30,505893.712,True
1.0,30,505944.597852,False
2.9,30,505988.585653,True
0.0,30,506034.775713,False
2.5,30,506081.611921,True
2.2,30,506126.180042,True
2.9,30,506165.187568,True
0.0,30,506212.862068,False
2.5,30,506265.420195,True
0.0,30,506311.39707,False
0.0,30,506368.220005,False
0.0,30,506415.836917,False
2.6,30,506458.737491,True
0.0,30,506501.565475,False
3.0,30,506557.137375,True
0.0,30,506603.96081,False
0.6,30,506653.344821,True
0.0,30,506699.713881,False
0.0,30,506744.303474,False
0.0,30,506789.401293,False
2.4,30,506855.736849,True
0.2,30,506907.093379,True
0.0,30,506956.075175,False
2.8,30,507001.527119,True
0.0,30,507049.127665,False
0.0,30,507097.002163,False
0.0,30,507143.662166,False
0.0,30,507504.977652,False
2.6,30,507551.0077,True
0.0,30,507600.550061,False
2.0,30,507649.730411,True
0.0,30,507708.176568,False
0.0,30,507757.566024,False
2.8,30,507802.225615,True
2.7,30,507848.014043,True
0.0,30,507899.535074,False
2.4,30,507941.910298,True
0.0,30,507985.237919,False
2.6,30,508029.291199,True
0.1,30,508072.187279,True
0.0,30,508117.859793,False
0.0,30,508163.846662,False
0.0,30,508215.179134,False
2.4,30,508258.466892,True
2.4,30,508299.329113,True
2.9,30,508347.23313,True
0.0,30,508397.84629,False
0.0,30,508442.159083,False
0.0,30,508490.318654,False
2.4,30,508535.397445,True
2.7,30,508585.392778,True
0.0,30,508634.330953,False
2.4,30,508684.534776,True
2.5,30,508728.286485,True
0.0,30,508766.850746,False
0.1,30,508818.541186,True
0.0,30,508870.091461,False
0.0,30,508915.172431,False
3.0,30,508955.068373,True
0.0,30,509000.216672,False
0.0,30,509041.387617,False
0.0,30,509431.609834,False
2.8,30,509479.114902,True
2.2,30,509534.902305,True
2.8,30,509595.180145,True
2.2,30,509643.853563,True
0.0,30,509691.873528,False
2.5,30,509744.446445,True
0.9,30,509796.243356,True
0.0,30,509863.065047,False
0.0,30,509908.439622,False
2.6,30,509955.033379,True
0.0,30,510007.377176,False
2.0,30,510050.506511,True
2.3,30,510094.052092,True
2.4,30,510139.00303,True
2.5,30,510183.912723,True
0.0,30,510227.479529,False
2.0,30,510272.612848,True
0.0,30,510314.221218,False
0.0,30,510359.876981,False
2.6,30,510409.438397,True
0.0,30,510464.833126,False
2.6,30,510511.067523,True
2.1,30,510559.649869,True
0.5,30,510603.251388,True
2.4,30,510651.349317,True
1.8,30,510699.701929,True
0.0,30,510739.26324,False
0.0,30,510784.352946,False
0.0,30,510827.354328,False
0.0,30,510872.548517,False
0.0,30,510915.063295,False
0.0,30,510964.572922,False
0.0,30,511013.09915,False
0.0,30,511388.144227,False
2.8,30,511435.703291,True
2.1,30,511481.253587,True
1.8,30,511529.968907,True
2.2,30,511573.703788,True
0.0,30,511623.922722,False
0.0,30,511671.338442,False
2.3,30,511717.397357,True
0.0,30,511774.853338,False
2.0,30,511816.180607,True
2.5,30,511860.946723,True
2.4,30,511907.145709,True
0.0,30,511952.084405,False
0.0,30,512001.383972,False
0.0,30,512044.997046,False
2.9,30,512091.366865,True
0.2,30,512136.41607,True
2.3,30,512186.338209,True
2.6,30,512241.273274,True
2.4,30,512296.029839,True
0.0,30,512338.103476,False
1.6,30,512389.00993,True
0.0,30,512436.009092,False
0.0,30,512488.907828,False
2.2,30,512535.861772,True
2.4,30,512586.221309,True
0.0,30,512634.279725,False
2.8,30,512680.106747,True
0.0,30,512725.048209,False
2.7,30,512768.850057,True
0.0,30,512821.009645,False
2.6,30,512871.389236,True
2.5,30,512920.827838,True
0.0,30,512966.955238,False
0.0,30,513321.609368,False
0.0,30,513361.327041,False
2.4,30,513408.817929,True
0.0,30,513457.431289,False
2.3,30,513511.347965,True
2.6,30,513558.948455,True
2.6,30,513605.69125,True
2.6,30,513650.644605,True
0.0,30,513699.994901,False
2.2,30,513750.058202,True
0.0,30,513797.335306,False
2.5,30,513840.866019,True
2.8,30,513885.255175,True
0.0,30,513929.002933,False
0.0,30,513973.874113,False
2.2,30,514025.427633,True
0.0,30,514073.778706,False
2.4,30,514126.924984,True
2.3,30,514175.735712,True
2.1,30,514224.841851,True
2.6,30,514274.108402,True
2.4,30,514317.911252,True
2.4,30,514365.537617,True
0.0,30,514414.497792,False
2.5,30,514463.613952,True
0.0,30,514507.81785,False
2.3,30,514552.458237,True
0.0,30,514595.698977,False
1.6,30,514642.401774,True
2.6,30,514694.323461,True
0.0,30,514744.826679,False
0.0,30,514792.240822,False
0.0,30,514854.524721,False
3.0,30,514902.093975,True
1.5,30,515267.599078,True
2.0,30,515314.645511,True
2.8,30,515360.114069,True
0.0,30,515406.04775,False
2.0,30,515454.369517,True
0.0,30,515500.334578,False
0.0,30,515547.017893,False
0.0,30,515595.858497,False
2.8,30,515647.203793,True
0.0,30,515690.829117,False
0.0,30,515742.457338,False
2.7,30,515788.88425,True
2.6,30,515835.833361,True
2.5,30,515886.305158,True
0.0,30,515934.449267,False
2.7,30,515978.839679,True
0.0,30,516027.12664,False
0.0,30,516078.250665,False
0.0,30,516123.963019,False
1.5,30,516166.218374,True
2.8,30,516208.402761,True
0.0,30,516255.425025,False
2.2,30,516326.90391,True
1.8,30,516378.952441,True
3.0,30,516422.032345,True
0.0,30,516466.080797,False
0.0,30,516518.726636,False
2.8,30,516570.01718,True
3.0,30,516631.589546,True
0.0,30,516673.789096,False
2.4,30,516719.165205,True
2.6,30,516770.774292,True
2.8,30,516818.758121,True
0.0,30,516874.202984,False
2.9,30,516922.540272,True
2.8,30,517281.839562,True
2.5,30,517328.553418,True
2.6,30,517374.430497,True
2.8,30,517417.627075,True
2.8,30,517461.949551,True
2.7,30,517510.5127,True
0.0,30,517549.0816,False
0.0,30,517594.756662,False
0.0,30,517642.589617,False
0.0,30,517701.977169,False
2.0,30,517748.417216,True
2.4,30,517796.379921,True
2.0,30,517841.833202,True
2.8,30,517890.076448,True
2.3,30,517936.9324,True
0.0,30,517985.942359,False
0.0,30,518035.172701,False
2.7,30,518080.995961,True
2.6,30,518132.960006,True
0.0,30,518185.190889,False
0.0,30,518232.997212,False
0.0,30,518277.241257,False
0.0,30,518323.100797,False
0.1,30,518368.960809,True
2.4,30,518418.996507,True
0.0,30,518465.945004,False
1.2,30,518517.03743,True
2.4,30,518565.857213,True
2.6,30,518610.866939,True
1.5,30,518659.856141,True
2.5,30,518704.908905,True
2.8,30,518754.384047,True
0.0,30,518803.668753,False
0.0,30,518851.673821,False
1.4,30,519209.502154,True
2.6,30,519261.541386,True
0.0,30,519303.090192,False
2.6,30,519346.941961,True
2.7,30,519396.327233,True
2.7,30,519437.99843,True
0.0,30,519481.524898,False
2.5,30,519528.436527,True
0.0,30,519575.468891,False
0.0,30,519624.290446,False
0.0,30,519670.850801,False
2.6,30,519720.239601,True
0.0,30,519763.322779,False
0.0,30,519813.858562,False
0.0,30,519864.292786,False
0.0,30,519917.236492,False
0.0,30,519965.446347,False
2.6,30,520014.678207,True
0.0,30,520054.971843,False
0.0,30,520102.093651,False
1.8,30,520151.27997,True
2.7,30,520195.04272,True
0.0,30,520242.454285,False
2.8,30,520298.538271,True
2.8,30,520346.066624,True
0.0,30,520394.962768,False
0.0,30,520457.212631,False
0.0,30,520505.946476,False
0.0,30,520549.739389,False
2.6,30,520602.994793,True
0.0,30,520649.950202,False
0.0,30,520697.821374,False
0.0,30,520739.498563,False
0.0,30,520785.730585,False
2.4,30,521146.7138,True
0.0,30,521190.302238,False
2.6,30,521234.367348,True
0.3,30,521278.006636,True
0.8,30,521321.246818,True
2.6,30,521378.041372,True
0.0,30,521428.08189,False
0.0,30,521471.821668,False
0.0,30,521515.8842,False
2.5,30,521570.124491,True
1.7,30,521615.720032,True
2.5,30,521655.199588,True
0.0,30,521704.272083,False
2.7,30,521747.983139,True
2.6,30,521803.146937,True
0.0,30,521844.234746,False
2.8,30,521889.502169,True
2.3,30,521939.855014,True
2.8,30,521985.653579,True
1.4,30,522031.660471,True
2.7,30,522081.12866,True
0.0,30,522125.564526,False
2.9,30,522173.298936,True
2.8,30,522220.413025,True
0.0,30,522268.806725,False
1.4,30,522312.091277,True
0.0,30,522361.99127,False
2.3,30,522411.080696,True
0.0,30,522455.953117,False
0.0,30,522499.722233,False
2.8,30,522546.857483,True
2.2,30,522591.534693,True
0.0,30,522636.909385,False
0.0,30,522686.883369,False
0.0,30,523036.210576,False
0.0,30,523082.091118,False
1.9,30,523128.056921,True
2.8,30,523175.036313,True
0.0,30,523224.885797,False
2.4,30,523271.029773,True
2.8,30,523320.435083,True
2.9,30,523387.833246,True
0.0,30,523436.890719,False
0.0,30,523487.073458,False
2.3,30,523530.332772,True
0.9,30,523578.503934,True
2.6,30,523622.865318,True
2.5,30,523669.33085,True
0.0,30,523719.609196,False
0.0,30,523764.252445,False
0.0,30,523808.663886,False
2.6,30,523856.489489,True
0.0,30,523907.276758,False
0.0,30,523954.982438,False
1.0,30,524003.465481,True
0.0,30,524047.902954,False
2.6,30,524089.475305,True
0.0,30,524137.365164,False
0.0,30,524180.944181,False
1.7,30,524223.993608,True
1.6,30,524271.695481,True
1.6,30,524316.237841,True
2.2,30,524361.196779,True
0.0,30,524403.860339,False
1.9,30,524454.486965,True
2.5,30,524497.528971,True
2.0,30,524550.157122,True
0.0,30,524597.320617,False
2.0,30,524948.531662,True
0.0,30,524990.116083,False
0.0,30,525038.179827,False
0.0,30,525085.742293,False
0.0,30,525131.65088,False
0.0,30,525179.913742,False
0.0,30,525232.625336,False
0.0,30,525278.950419,False
2.4,30,525325.504535,True
0.0,30,525371.515968,False
0.0,30,525417.2639,False
0.0,30,525460.414659,False
0.0,30,525502.21591,False
0.0,30,525548.360274,False
0.0,30,525599.294176,False
2.0,30,525641.431808,True
0.0,30,525681.947688,False
1.9,30,525730.74993,True
2.8,30,525775.500278,True
2.5,30,525826.005715,True
1.7,30,525869.615853,True
2.4,30,525913.73629,True
1.3,30,525959.592072,True
2.7,30,526005.742438,True
2.2,30,526054.871722,True
0.0,30,526098.036809,False
2.7,30,526143.545861,True
2.6,30,526200.502094,True
2.6,30,526242.311547,True
3.0,30,526285.775344,True
2.7,30,526332.098479,True
0.0,30,526378.201742,False
2.8,30,526422.591799,True
0.0,30,526471.077836,False
0.0,30,526823.174454,False
0.0,30,526870.32934,False
0.0,30,526923.535695,False
0.0,30,526970.709987,False
2.6,30,527014.662144,True
2.8,30,527061.054766,True
0.0,30,527111.496481,False
2.4,30,527155.582758,True
2.7,30,527198.50221,True
2.6,30,527253.82724,True
2.7,30,527298.848507,True
1.5,30,527345.263987,True
0.0,30,527389.48547,False
2.7,30,527438.269783,True
2.0,30,527485.726416,True
2.7,30,527526.860526,True
0.0,30,527569.413411,False
0.0,30,527613.726193,False
0.0,30,527656.325257,False
1.8,30,527701.938209,True
2.7,30,527750.395216,True
0.3,30,527797.711822,True
2.8,30,527844.080117,True
1.3,30,527889.777498,True
0.0,30,527936.930161,False
2.6,30,527987.536269,True
2.4,30,528034.302888,True
0.0,30,528085.454838,False
2.5,30,528133.129396,True
2.4,30,528180.419576,True
2.5,30,528225.843791,True
2.8,30,528270.796962,True
2.4,30,528318.245797,True
0.0,30,528365.276772,False
0.0,30,528725.481746,False
2.3,30,528776.434277,True
0.0,30,528821.404884,False
0.0,30,528865.739826,False
2.1,30,528914.236101,True
2.9,30,528975.476527,True
0.0,30,529020.511534,False
2.5,30,529070.539945,True
0.0,30,529114.669217,False
0.0,30,529162.891443,False
2.7,30,529208.087643,True
2.5,30,529254.868495,True
0.0,30,529312.335605,False
1.8,30,529356.387129,True
2.7,30,529404.560404,True
0.0,30,529447.091229,False
0.0,30,529493.676452,False
0.0,30,529539.959279,False
2.6,30,529589.454632,True
0.0,30,529633.527974,False
2.9,30,529679.630339,True
2.5,30,529728.45871,True
2.1,30,529773.518231,True
0.0,30,529818.92387,False
0.0,30,529869.76009,False
2.8,30,529917.173668,True
2.7,30,529963.845428,True
2.2,30,530014.438499,True
2.8,30,530060.853427,True
0.4,30,530112.212461,False
0.0,30,530157.401613,False
2.9,30,530208.559384,True
2.4,30,530259.909878,True
2.1,30,530301.702954,True
1.9,30,530674.136027,True
1.5,30,530722.392938,True
0.0,30,530770.938303,False
2.6,30,530820.047341,True
0.8,30,530867.19213,True
2.0,30,530910.833936,True
0.5,30,530955.139969,True
2.3,30,530997.29057,True
2.8,30,531039.30197,True
0.0,30,531089.217783,False
2.5,30,531134.626522,True
0.0,30,531182.822657,False
2.3,30,531227.924896,True
2.5,30,531272.252702,True
0.9,30,531316.812718,True
3.0,30,531364.94802,True
0.0,30,531413.116083,False
2.5,30,531462.150736,True
0.0,30,531503.494254,False
0.0,30,531555.839257,False
0.0,30,531605.482067,False
2.7,30,531653.534895,True
2.7,30,531699.068536,True
0.0,30,531743.637464,False
3.0,30,531793.847626,True
1.7,30,531839.092707,True
2.3,30,531888.369018,True
1.0,30,531932.038804,True
0.0,30,531975.547342,False
0.0,30,532025.061802,False
2.3,30,532076.07725,True
1.0,30,532130.94156,False
2.2,30,532175.212685,True
0.0,30,532224.439264,False
0.0,30,532272.291616,False
2.4,30,532621.717712,True
0.0,30,532670.847955,False
0.0,30,532717.175977,False
2.0,30,532763.191404,True
2.1,30,532810.481222,True
2.4,30,532851.52915,True
1.7,30,532894.851424,True
0.0,30,532942.345763,False
0.0,30,532987.502774,False
2.7,30,533034.664196,True
0.0,30,533079.630744,False
0.0,30,533121.158543,False
2.4,30,533164.942427,True
2.9,30,533219.606272,True
2.2,30,533271.30634,True
0.0,30,533326.893595,False
0.0,30,533376.850076,False
2.8,30,533417.620739,True
0.0,30,533471.544691,False
1.9,30,533517.899349,True
2.5,30,533562.691953,True
0.0,30,533614.273102,False
0.0,30,533659.655481,False
2.2,30,533707.471212,True
2.1,30,533756.410592,True
2.7,30,533803.256575,True
3.0,30,533844.51656,True
0.0,30,533890.168111,False
2.6,30,533934.043377,True
1.9,30,533978.764794,True
1.7,30,534027.609492,True
2.7,30,534070.603941,True
2.2,30,534123.654647,True
2.1,30,534179.012396,True
0.0,30,534496.065457,False
2.2,30,534540.979038,True
0.0,30,534587.26793,False
0.0,30,534636.155668,False
0.8,30,534676.543774,True
0.0,30,534731.070824,False
0.0,30,534775.829234,False
0.0,30,534826.845811,False
2.7,30,534876.111041,True
0.0,30,534920.368883,False
2.1,30,534961.840677,True
0.0,30,535011.863209,False
2.7,30,535055.555551,True
0.0,30,535101.600194,False
0.0,30,535152.612252,False
2.7,30,535197.201418,True
0.0,30,535242.836059,False
0.0,30,535288.749252,False
0.0,30,535333.240202,False
0.9,30,535376.942344,True
0.0,30,535424.20348,False
0.0,30,535474.1421,False
0.0,30,535521.48052,False
2.8,30,535566.217302,True
2.8,30,535605.392722,True
2.6,30,535662.264385,True
0.0,30,535707.415662,False
0.0,30,535749.65883,False
0.0,30,535792.682464,False
0.0,30,535835.987682,False
2.4,30,535878.220622,True
0.0,30,535951.770348,False
2.4,30,536004.410274,True
0.0,30,536051.441669,False
1.4,30,536368.616479,True
2.9,30,536419.261451,True
0.0,30,536464.712573,False
0.0,30,536510.540924,False
0.0,30,536556.374031,False
0.0,30,536600.314198,False
2.6,30,536643.474105,True
0.0,30,536688.894081,False
2.8,30,536735.467127,True
2.6,30,536774.630921,True
0.0,30,536820.801911,False
1.0,30,536873.137395,True
2.4,30,536914.296309,True
2.6,30,536959.301993,True
0.0,30,537010.872652,False
0.0,30,537052.6892,False
0.0,30,537097.291389,False
2.6,30,537140.140265,True
2.8,30,537189.042139,True
0.0,30,537233.162032,False
1.8,30,537284.129015,True
0.6,30,537329.58576,False
0.0,30,537373.142522,False
0.0,30,537415.841265,False
1.0,30,537461.885292,True
0.0,30,537511.1256,False
0.0,30,537555.983747,False
2.6,30,537602.241397,True
2.8,30,537649.113032,True
2.3,30,537700.614247,True
0.0,30,537757.248492,False
0.0,30,537801.180435,False
0.0,30,537849.022017,False
0.0,30,537895.568174,False
0.0,30,538191.624974,False
0.0,30,538239.700986,False
2.6,30,538281.992809,True
0.0,30,538329.406757,False
0.0,30,538371.406769,False
1.9,30,538416.586898,True
0.0,30,538460.369071,False
2.7,30,538508.175155,True
2.4,30,538557.827356,True
0.0,30,538615.452963,False
1.1,30,538660.999085,True
0.0,30,538702.041232,False
2.6,30,538750.655252,True
3.0,30,538791.207399,True
0.0,30,538835.254422,False
0.0,30,538877.649766,False
0.0,30,538926.974724,False
0.0,30,538969.59392,False
0.0,30,539018.572538,False
1.7,30,539066.069337,True
2.5,30,539115.24612,True
0.0,30,539157.44766,False
1.3,30,539202.11678,True
0.0,30,539245.886929,False
0.0,30,539295.797154,False
2.5,30,539346.508415,True
0.0,30,539391.341089,False
2.7,30,539437.353045,True
0.9,30,539478.634233,False
0.0,30,539526.791463,False
0.0,30,539574.403751,False
0.0,30,539616.124183,False
2.7,30,539666.662009,True
2.6,30,539707.2312,True
2.8,30,540078.7483,True
0.0,30,540124.365943,False
0.0,30,540169.326406,False
0.0,30,540217.104656,False
0.0,30,540265.014034,False
2.8,30,540308.13203,True
0.0,30,540355.613511,False
0.0,30,540396.007539,False
2.1,30,540447.306364,True
2.5,30,540490.961219,True
0.6,30,540535.653808,False
0.0,30,540581.693829,False
0.0,30,540628.367356,False
2.6,30,540675.649201,True
0.0,30,540723.973266,False
2.9,30,540778.033178,True
0.0,30,540833.310103,False
2.4,30,540878.377915,True
0.0,30,540924.767182,False
2.4,30,540976.426504,True
3.0,30,541022.369306,True
2.6,30,541070.601145,True
0.0,30,541115.15856,False
2.4,30,541159.317673,True
2.5,30,541209.954569,True
0.0,30,541253.227583,False
2.7,30,541297.373726,True
0.0,30,541339.030442,False
0.0,30,541384.477653,False
0.0,30,541428.924584,False
1.4,30,541474.627452,True
2.8,30,541523.867112,True
3.0,30,541572.517523,True
2.1,30,541618.32261,True
0.0,30,541980.904609,False
0.0,30,542027.534873,False
2.1,30,542072.525543,True
0.0,30,542115.264759,False
0.0,30,542158.84911,False
0.0,30,542200.610192,False
0.0,30,542245.614509,False
2.0,30,542292.375443,True
0.0,30,542338.094613,False
0.0,30,542380.461189,False
0.0,30,542426.190211,False
0.0,30,542473.031942,False
2.9,30,542524.468009,True
2.8,30,542572.396893,True
0.0,30,542629.540565,False
3.0,30,542674.279041,True
1.8,30,542721.005365,True
0.1,30,542768.518531,True
0.0,30,542824.749915,False
0.0,30,542867.255442,False
2.8,30,542913.078049,True
0.0,30,542963.756935,False
0.0,30,543006.189142,False
2.4,30,543058.677871,True
0.0,30,543109.104411,False
2.5,30,543158.324428,True
2.3,30,543201.497596,True
0.0,30,543248.524854,False
0.0,30,543291.76135,False
2.7,30,543340.243285,True
0.0,30,543392.726689,False
0.0,30,543439.374604,False
2.7,30,543486.047086,True
2.8,30,543536.166588,True
2.3,30,543873.326801,True
1.6,30,543919.175888,True
0.5,30,543967.105323,False
0.5,30,544007.757466,True
2.0,30,544056.429557,True
0.0,30,544097.757555,False
2.8,30,544142.708524,True
1.8,30,544192.154328,True
0.0,30,544239.113897,False
2.6,30,544288.55638,True
0.5,30,544331.251211,True
2.0,30,544378.029345,True
0.0,30,544423.234626,False
0.0,30,544477.844005,False
2.8,30,544544.516373,True
0.0,30,544589.271249,False
3.0,30,544633.785342,True
0.0,30,544678.50801,False
3.0,30,544724.577678,True
0.0,30,544770.281115,False
0.0,30,544814.492141,False
1.4,30,544864.101247,True
0.0,30,544907.96242,False
1.8,30,544949.469965,True
0.0,30,544994.709045,False
3.0,30,545042.337358,True
0.0,30,545086.417128,False
2.5,30,545137.153225,True
0.0,30,545180.979409,False
1.9,30,545232.29477,True
0.0,30,545277.799438,False
0.0,30,545324.69672,False
2.1,30,545368.870242,True
2.6,30,545413.221354,True
0.0,30,545461.313285,False
0.0,30,545808.183469,False
0.0,30,545856.19703,False
0.0,30,545903.58537,False
0.0,30,545954.720828,False
0.0,30,546001.400478,False
2.5,30,546043.438758,True
0.0,30,546094.681238,False
0.0,30,546136.876427,False
2.8,30,546184.311064,True
0.0,30,546233.260652,False
0.0,30,546276.082898,False
2.2,30,546316.754963,True
2.5,30,546365.083283,True
0.0,30,546405.924585,False
0.0,30,546451.373074,False
0.0,30,546497.324794,False
2.3,30,546543.215559,True
0.0,30,546589.982742,False
2.0,30,546634.524116,True
0.0,30,546689.035961,False
3.0,30,546734.74183,True
0.0,30,546779.424662,False
0.0,30,546824.486943,False
2.7,30,546870.643599,True
0.0,30,546917.119683,False
0.0,30,546964.939547,False
0.0,30,547014.774624,False
1.6,30,547062.432151,True
0.0,30,547112.792851,False
0.0,30,547160.637334,False
0.0,30,547203.661194,False
0.0,30,547247.523645,False
3.0,30,547293.346258,True
0.0,30,547337.457913,False
2.2,30,547717.432862,True
1.8,30,547764.843416,True
2.6,30,547806.603554,True
2.8,30,547855.897039,True
2.4,30,547898.672097,True
0.0,30,547949.356161,False
0.0,30,547993.06639,False
0.0,30,548079.378484,False
2.6,30,548129.639322,True
2.2,30,548179.214485,True
2.5,30,548230.457187,True
1.8,30,548269.758146,True
0.0,30,548319.733652,False
2.6,30,548367.054404,True
0.0,30,548410.480529,False
0.0,30,548452.360092,False
2.5,30,548504.556339,True
0.0,30,548550.897801,False
0.2,30,548596.109018,True
2.7,30,548642.643456,True
2.4,30,548686.01907,True
2.4,30,548729.939268,True
0.0,30,548785.393151,False
1.6,30,548828.500825,False
0.0,30,548878.903002,False
0.0,30,548930.385497,False
0.0,30,548976.124359,False
1.6,30,549025.754644,True
0.0,30,549074.015249,False
0.0,30,549118.709887,False
1.8,30,549174.281933,True
0.0,30,549220.164398,False
0.9,30,549263.863121,True
0.0,30,549302.423033,False
2.5,30,549648.433505,True
0.0,30,549688.963148,False
2.8,30,549732.4076,True
2.7,30,549778.44765,True
2.8,30,549821.906787,True
1.9,30,549864.001112,True
0.0,30,549910.316841,False
0.0,30,549954.587233,False
0.0,30,549997.190413,False
2.4,30,550042.310641,True
2.2,30,550088.443563,True
2.7,30,550132.599713,True
0.0,30,550175.580324,False
2.8,30,550223.76634,True
2.7,30,550270.141199,True
2.8,30,550311.840118,True
0.0,30,550352.727388,False
0.0,30,550397.204021,False
3.0,30,550446.481754,True
0.0,30,550491.525932,False
2.6,30,550541.716743,True
0.0,30,550589.42412,False
2.3,30,550634.307302,True
0.0,30,550680.280987,False
0.0,30,550726.873582,False
2.6,30,550777.581868,True
0.0,30,550825.019814,False
2.4,30,550870.976823,True
0.0,30,550921.552147,False
0.0,30,550967.859123,False
0.0,30,551017.080258,False
2.6,30,551058.740386,True
0.0,30,551103.628057,False
0.0,30,551147.82439,False
1.8,30,551523.314809,True
0.0,30,551569.427725,False
0.0,30,551620.025893,False
2.9,30,551670.512132,True
2.2,30,551719.766676,True
2.7,30,551763.76663,True
2.8,30,551808.522109,True
0.0,30,551861.027104,False
2.6,30,551904.565836,True
0.0,30,551950.435326,False
2.3,30,551997.900854,True
2.6,30,552046.000907,True
0.0,30,552093.147448,False
0.5,30,552135.797392,True
2.4,30,552180.606707,True
2.7,30,552225.472634,True
0.0,30,552267.188521,False
0.0,30,552310.547219,False
0.0,30,552362.334707,False
2.7,30,552411.298067,True
1.5,30,552456.394664,True
0.0,30,552503.751848,False
2.6,30,552546.594425,True
2.5,30,552591.612612,True
0.8,30,552636.477732,True
2.7,30,552680.054129,True
2.5,30,552726.136026,True
2.0,30,552775.047782,True
2.4,30,552821.54565,True
3.0,30,552869.292848,True
2.7,30,552919.750313,True
2.9,30,552969.70286,True
0.0,30,553013.977511,False
1.9,30,553058.744936,True
2.5,30,553389.892534,True
2.8,30,553447.572808,True
2.7,30,553490.679074,True
2.8,30,553533.482768,True
0.0,30,553580.016611,False
2.4,30,553626.173319,True
0.0,30,553670.258684,False
0.0,30,553716.799222,False
0.0,30,553763.169063,False
0.0,30,553805.637149,False
0.0,30,553852.621217,False
0.0,30,553896.46292,False
2.7,30,553946.376406,True
0.0,30,553988.905741,False
2.8,30,554036.067411,True
2.4,30,554079.12972,True
0.0,30,554127.321131,False
0.0,30,554170.941701,False
0.0,30,554216.282629,False
2.5,30,554283.630897,True
0.0,30,554326.061753,False
2.5,30,554370.328537,True
2.8,30,554416.178492,True
0.0,30,554460.459805,False
2.9,30,554506.667838,True
0.0,30,554552.692884,False
0.5,30,554602.592759,True
2.7,30,554653.190863,True
1.6,30,554699.77613,True
0.0,30,554747.441637,False
1.1,30,554792.216943,True
2.8,30,554835.287222,True
2.1,30,554878.435397,True
2.4,30,554926.875416,True
2.8,30,555298.699439,True
2.7,30,555341.506799,True
0.0,30,555393.570005,False
2.8,30,555440.135225,True
0.0,30,555496.340307,False
3.0,30,555540.40321,True
2.2,30,555585.298587,True
0.0,30,555635.194695,False
2.7,30,555679.233054,True
0.5,30,555726.948911,False
2.5,30,555775.393427,True
2.8,30,555825.578166,True
2.9,30,555871.094213,True
0.0,30,555916.073723,False
2.6,30,555964.182019,True
0.0,30,556012.552625,False
0.0,30,556057.989265,False
0.0,30,556106.353573,False
1.3,30,556147.635824,True
1.5,30,556192.374902,True
0.0,30,556243.680019,False
0.0,30,556292.247985,False
2.3,30,556334.88345,False
2.7,30,556382.305947,True
0.0,30,556437.39789,False
0.0,30,556480.875787,False
2.0,30,556526.050136,True
0.0,30,556574.841335,False
0.0,30,556618.898345,False
2.7,30,556669.308655,True
2.8,30,556712.59476,True
2.5,30,556755.649681,True
0.0,30,556805.960666,False
2.8,30,556855.899051,True
2.7,30,557204.676301,True
0.0,30,557253.001297,False
2.8,30,557304.48254,True
2.5,30,557358.28952,True
0.0,30,557404.493167,False
1.1,30,557453.310727,True
0.0,30,557503.769028,False
0.0,30,557546.822734,False
2.8,30,557596.98511,True
1.8,30,557644.3176,True
0.0,30,557687.49196,False
0.0,30,557735.880192,False
0.0,30,557781.706101,False
0.0,30,557825.741076,False
0.0,30,557872.141202,False
2.4,30,557919.445763,True
0.0,30,557968.974828,False
0.0,30,558013.49901,False
2.7,30,558063.73433,True
2.6,30,558110.634932,True
0.0,30,558160.780478,False
2.8,30,558211.989646,True
2.6,30,558259.395818,True
0.0,30,558306.931594,False
2.9,30,558351.795177,True
2.2,30,558398.948789,True
2.1,30,558441.822732,True
0.0,30,558490.592847,False
0.0,30,558535.983785,False
0.0,30,558585.605289,False
2.6,30,558627.660738,True
0.0,30,558673.660769,False
2.8,30,558717.375203,True
0.0,30,558764.494162,False
2.4,30,559099.477214,True
0.0,30,559148.854349,False
0.0,30,559194.429155,False
1.6,30,559238.684163,True
0.0,30,559293.540604,False
1.3,30,559337.198403,True
2.9,30,559380.433972,True
0.0,30,559425.258679,False
2.1,30,559469.447262,True
2.2,30,559518.906662,True
2.7,30,559564.741892,True
2.5,30,559611.685855,True
0.0,30,559655.253014,False
0.1,30,559705.604768,False
0.0,30,559752.005807,False
0.0,30,559797.054269,False
0.0,30,559842.901608,False
0.0,30,559892.167522,False
1.9,30,559936.311711,False
0.0,30,559980.66255,False
2.0,30,560026.7252,True
2.7,30,560094.45128,True
2.9,30,560139.491737,True
1.7,30,560184.865397,True
0.0,30,560228.20634,False
2.6,30,560274.872331,True
2.4,30,560323.876646,False
2.8,30,560372.09261,True
2.7,30,560420.884663,True
2.7,30,560469.412516,True
2.3,30,560531.047516,True
2.6,30,560576.49086,True
0.0,30,560629.695767,False
2.4,30,560671.697619,True
2.6,30,560720.366409,True
1.8,30,561071.399757,True
0.0,30,561115.134336,False
0.0,30,561161.695205,False
0.0,30,561207.98887,False
0.0,30,561254.537443,False
2.0,30,561302.822821,True
2.3,30,561351.090657,True
0.0,30,561396.956484,False
0.0,30,561442.014219,False
2.2,30,561487.949461,True
2.9,30,561530.78514,True
1.6,30,561584.136007,True
0.0,30,561630.552518,False
2.4,30,561672.587014,True
3.0,30,561721.300891,True
0.0,30,561767.606896,False
0.0,30,561821.258416,False
0.0,30,561867.452598,False
2.8,30,561913.974161,True
0.0,30,561956.929395,False
0.0,30,562004.244565,False
2.8,30,562050.594357,True
0.0,30,562100.120621,False
0.0,30,562147.104664,False
2.4,30,562190.769895,True
0.0,30,562234.90153,False
0.0,30,562279.97444,False
2.1,30,562345.316295,True
2.7,30,562392.021133,True
2.7,30,562434.769724,False
2.1,30,562483.730652,True
2.6,30,562530.078199,True
0.0,30,562576.861599,False
2.4,30,562623.640836,True
0.8,30,562961.416431,False
0.0,30,563009.733859,False
2.7,30,563056.049282,True
0.0,30,563103.959454,False
0.0,30,563156.041049,False
0.0,30,563203.238317,False
0.0,30,563244.851209,False
0.0,30,563295.214522,False
0.0,30,563341.988821,False
0.0,30,563388.501477,False
0.0,30,563432.16963,False
0.6,30,563477.941952,True
0.0,30,563521.558958,False
0.0,30,563568.055954,False
0.0,30,563617.428444,False
0.0,30,563659.967726,False
2.6,30,563704.642802,True
0.0,30,563748.992695,False
0.0,30,563793.363827,False
0.0,30,563835.623367,False
2.9,30,563881.658255,True
2.7,30,563926.50316,True
0.0,30,563974.824176,False
2.3,30,564023.204459,True
1.5,30,564069.447985,True
2.8,30,564118.170631,True
0.0,30,564162.018178,False
0.0,30,564216.899946,False
2.6,30,564260.328327,True
0.0,30,564308.269523,False
0.0,30,564355.09848,False
2.3,30,564403.348349,True
2.7,30,564453.57284,True
2.7,30,564505.336263,True
1.7,30,564846.800677,True
0.0,30,564887.648439,False
0.0,30,564929.490533,False
2.0,30,564973.219615,True
2.8,30,565020.356776,True
0.0,30,565073.997935,False
0.0,30,565121.374235,False
3.0,30,565166.377486,True
2.3,30,565213.348414,True
2.7,30,565258.229631,True
0.0,30,565305.459545,False
0.0,30,565348.665472,False
0.0,30,565391.310115,False
2.7,30,565436.1203,True
0.0,30,565484.165524,False
2.5,30,565532.76396,True
2.3,30,565578.974548,True
0.0,30,565625.81589,False
0.0,30,565679.094134,False
2.3,30,565726.606005,True
0.0,30,565772.041765,False
0.0,30,565820.002435,False
0.0,30,565862.350175,False
0.0,30,565912.550179,False
0.0,30,565963.84589,False
2.7,30,566006.58793,True
0.0,30,566068.39999,False
0.5,30,566116.282145,False
2.8,30,566161.28696,True
0.0,30,566213.655982,False
0.0,30,566260.690749,False
0.0,30,566302.039479,False
2.4,30,566348.401302,True
0.0,30,566397.291803,False
0.0,30,566767.05507,False
0.0,30,566810.9249,False
2.5,30,566856.641438,True
1.3,30,566900.071071,True
2.8,30,566941.557844,True
2.1,30,566988.076982,True
1.5,30,567034.678539,True
0.0,30,567082.272135,False
2.0,30,567129.489152,True
0.0,30,567176.373327,False
2.7,30,567226.129079,True
0.0,30,567267.825693,False
2.4,30,567317.915632,True
0.0,30,567364.426686,False
2.4,30,567412.27476,True
2.6,30,567462.82281,True
0.0,30,567500.341231,False
2.8,30,567548.935407,True
2.6,30,567600.726643,True
2.3,30,567641.009178,True
2.7,30,567689.848989,True
0.0,30,567741.294868,False
0.0,30,567787.348222,False
1.6,30,567832.157412,True
0.0,30,567874.109913,False
1.6,30,567914.752734,True
0.0,30,567972.060226,False
2.4,30,568017.042632,True
2.9,30,568062.165395,True
0.0,30,568101.672318,False
2.7,30,568151.088662,True
0.0,30,568196.87553,False
2.6,30,568241.342072,True
0.0,30,568285.373393,False
0.0,30,568638.92339,False
0.0,30,568688.540012,False
0.0,30,568735.112572,False
2.6,30,568781.596516,True
0.0,30,568831.240021,False
2.6,30,568879.994764,True
2.4,30,568924.541827,True
0.0,30,568975.170201,False
0.0,30,569019.739607,False
2.8,30,569063.632581,True
0.0,30,569109.635863,False
0.0,30,569154.402399,False
0.0,30,569204.699166,False
0.0,30,569254.260541,False
0.7,30,569302.579253,False
1.5,30,569346.010701,True
2.8,30,569390.068779,True
0.0,30,569435.598063,False
0.0,30,569488.307212,False
2.0,30,569536.624777,True
1.7,30,569583.861362,True
0.0,30,569629.068347,False
0.0,30,569677.64388,False
2.6,30,569724.482439,True
0.0,30,569792.982273,False
1.7,30,569837.935735,False
0.0,30,569880.112412,False
0.0,30,569925.171354,False
0.0,30,569969.228846,False
0.0,30,570021.223013,False
0.0,30,570097.847638,False
0.0,30,570141.994206,False
2.6,30,570198.426224,True
2.1,30,570244.623076,True
2.6,30,570592.03916,True
0.0,30,570633.984514,False
2.5,30,570685.033096,True
0.0,30,570737.452004,False
2.0,30,570783.126148,True
0.0,30,570831.404481,False
0.0,30,570879.180743,False
0.0,30,570920.553752,False
0.0,30,570969.563725,False
0.0,30,571012.300504,False
0.0,30,571057.483828,False
2.3,30,571103.849779,True
2.8,30,571154.550296,True
0.0,30,571197.356152,False
0.0,30,571242.96999,False
0.0,30,571287.097783,False
2.6,30,571338.136382,True
2.2,30,571393.751931,True
2.6,30,571436.635587,True
2.8,30,571488.551442,True
0.0,30,571540.859875,False
2.8,30,571587.251598,True
1.8,30,571634.482219,True
2.7,30,571688.215237,True
2.2,30,571735.209526,True
0.0,30,571779.975775,False
1.8,30,571826.562662,True
2.4,30,571869.310873,True
2.5,30,571916.506077,True
0.0,30,571967.653631,False
0.0,30,572010.394293,False
1.7,30,572054.481734,True
0.0,30,572101.826947,False
0.0,30,572153.591083,False
0.0,30,572523.777357,False
3.0,30,572570.927883,True
2.0,30,572620.077815,True
2.8,30,572665.536542,True
2.7,30,572717.401139,True
2.2,30,572767.222495,True
0.0,30,572808.838044,False
0.0,30,572852.753035,False
2.7,30,572900.206454,True
2.9,30,572950.821169,True
0.0,30,572998.299005,False
1.7,30,573047.174315,True
0.0,30,573093.755213,False
0.0,30,573146.227212,False
2.5,30,573191.907762,True
3.0,30,573240.877234,True
2.7,30,573294.669164,True
0.0,30,573337.724022,False
2.2,30,573388.364035,True
2.7,30,573440.330081,True
0.0,30,573485.315489,False
0.0,30,573536.194405,False
2.3,30,573585.522628,True
2.1,30,573634.323676,True
0.0,30,573681.721209,False
0.0,30,573726.83349,False
2.6,30,573774.819563,True
2.7,30,573821.662501,True
0.0,30,573874.359405,False
0.0,30,573922.166116,False
2.5,30,573966.244119,True
2.5,30,574012.686649,True
2.8,30,574056.188431,True
2.5,30,574108.534254,True
2.7,30,574151.146065,True
2.2,30,574511.748821,True
0.0,30,574555.33604,False
2.9,30,574599.543749,True
0.0,30,574647.84502,False
2.6,30,574696.886432,True
2.5,30,574743.17319,True
2.4,30,574791.673601,True
2.7,30,574838.809352,True
3.0,30,574884.540148,True
2.4,30,574930.108697,False
0.0,30,574980.639263,False
0.0,30,575029.625728,False
0.0,30,575078.307118,False
1.5,30,575124.946606,True
0.0,30,575172.724205,False
2.8,30,575222.443594,True
0.0,30,575266.154843,False
0.0,30,575313.84574,False
2.2,30,575358.628869,True
0.0,30,575404.287706,False
2.4,30,575457.090959,True
2.3,30,575502.436734,True
0.0,30,575571.946649,False
0.0,30,575617.634507,False
1.6,30,575667.833287,True
0.0,30,575710.473517,False
0.0,30,575755.138975,False
0.0,30,575801.310502,False
0.0,30,575846.361321,False
0.0,30,575892.769071,False
2.2,30,575940.745075,True
0.0,30,575983.952925,False
3.0,30,576029.380509,True
2.5,30,576075.181468,True
0.0,30,576409.035932,False
2.9,30,576452.731721,True
0.0,30,576500.546852,False
2.5,30,576559.068446,True
2.2,30,576602.407289,True
0.0,30,576654.057899,False
0.0,30,576699.10601,False
0.0,30,576751.912471,False
1.1,30,576796.327967,True
0.0,30,576847.660246,False
2.7,30,576897.872792,True
0.0,30,576946.280996,False
2.6,30,577002.671262,True
0.0,30,577050.966246,False
0.0,30,577096.370685,False
0.0,30,577145.063192,False
0.0,30,577192.048438,False
2.2,30,577241.667379,True
0.0,30,577287.178493,False
0.0,30,577332.986308,False
2.4,30,577374.5134,True
2.8,30,577418.288643,True
0.0,30,577467.867367,False
0.0,30,577518.872861,False
2.1,30,577567.718608,True
2.7,30,577615.619051,True
2.3,30,577661.022663,True
0.0,30,577705.157807,False
0.0,30,577753.540724,False
2.0,30,577804.269166,True
0.0,30,577851.354607,False
0.0,30,577897.400106,False
0.0,30,577944.552576,False
2.9,30,577991.477261,True
0.0,30,578369.935714,False
0.0,30,578417.637071,False
0.0,30,578464.87725,False
2.7,30,578518.78688,True
2.2,30,578566.104809,True
0.0,30,578613.512691,False
0.0,30,578661.074163,False
2.3,30,578710.880576,True
2.4,30,578760.004916,True
0.0,30,578802.852081,False
2.4,30,578847.970688,True
2.1,30,578897.62238,True
2.4,30,578940.712736,True
2.7,30,578992.141787,True
0.0,30,579045.843612,False
0.0,30,579091.253841,False
2.7,30,579140.075523,True
0.0,30,579187.928267,False
1.9,30,579234.853835,True
2.3,30,579287.002712,True
0.0,30,579331.144551,False
0.0,30,579386.91378,False
0.0,30,579428.337171,False
0.0,30,579471.210997,False
2.4,30,579517.757556,True
0.0,30,579566.516095,False
1.6,30,579611.467818,True
0.0,30,579659.460664,False
0.0,30,579707.205449,False
2.9,30,579762.315994,True
2.7,30,579810.983994,True
2.1,30,579855.908956,True
0.0,30,579903.882865,False
0.0,30,579952.800352,False
2.7,30,580290.377789,True
0.0,30,580346.052535,False
2.7,30,580390.413966,True
0.0,30,580436.483691,False
0.0,30,580481.169451,False
0.0,30,580539.656826,False
2.8,30,580590.768505,True
2.3,30,580662.379258,True
2.4,30,580713.266767,True
0.0,30,580758.845476,False
2.8,30,580804.647061,True
0.0,30,580855.502875,False
1.5,30,580918.366782,True
2.6,30,580966.841227,True
2.8,30,581017.399827,True
0.0,30,581068.502965,False
2.5,30,581121.178196,True
0.0,30,581171.710231,False
3.0,30,581219.957875,True
2.4,30,581270.194926,True
2.6,30,581318.945287,True
3.0,30,581363.816047,True
0.0,30,581414.795588,False
2.6,30,581463.905995,True
2.4,30,581516.080662,True
0.0,30,581561.332321,False
0.0,30,581608.837811,False
0.0,30,581652.255572,False
0.0,30,581704.048906,False
2.8,30,581749.318269,True
0.0,30,581799.257594,False
0.2,30,581853.860816,False
2.4,30,581899.890208,True
2.7,30,581976.903981,True
0.0,30,582338.282281,False
0.0,30,582383.589697,False
2.7,30,582427.058921,True
2.7,30,582479.749856,True
0.0,30,582523.243721,False
0.0,30,582572.084263,False
0.0,30,582620.919047,False
0.0,30,582676.16688,False
0.0,30,582726.025121,False
2.9,30,582779.608105,True
2.8,30,582820.64938,True
2.7,30,582867.649872,True
2.8,30,582921.64767,True
2.6,30,582967.727964,True
0.0,30,583014.17862,False
2.5,30,583063.77643,True
2.9,30,583114.499939,True
2.8,30,583159.759373,True
2.3,30,583207.124759,True
0.0,30,583248.115572,False
2.4,30,583293.89521,True
1.7,30,583344.516649,True
2.0,30,583394.576592,True
0.0,30,583439.035533,False
0.0,30,583480.674022,False
0.0,30,583526.315773,False
2.7,30,583580.291523,True
2.5,30,583630.9105,True
0.6,30,583675.739468,False
3.0,30,583729.589955,True
0.0,30,583778.093621,False
2.4,30,583822.42243,True
1.8,30,583879.669809,True
0.0,30,583925.523933,False
